municipio,data,casosAcumulado,casosNovos,obitosAcumulado,obitosNovos,mediamovelcaso,mediamovelobito,crescimentoobito,crescimentocasos
Aurora do Tocantins,2020-03-27,0,0,0,0,,,,0.0
Aurora do Tocantins,2020-03-28,0,0,0,0,,,,0.0
Aurora do Tocantins,2020-03-29,0,0,0,0,,,,0.0
Aurora do Tocantins,2020-03-30,0,0,0,0,,,,0.0
Aurora do Tocantins,2020-03-31,0,0,0,0,,,,0.0
Aurora do Tocantins,2020-04-01,0,0,0,0,,,,0.0
Aurora do Tocantins,2020-04-02,0,0,0,0,,,,0.0
Aurora do Tocantins,2020-04-03,0,0,0,0,,,,0.0
Aurora do Tocantins,2020-04-04,0,0,0,0,,,,0.0
Aurora do Tocantins,2020-04-05,0,0,0,0,,,,0.0
Aurora do Tocantins,2020-04-06,0,0,0,0,,,,0.0
Aurora do Tocantins,2020-04-07,0,0,0,0,,,,0.0
Aurora do Tocantins,2020-04-08,0,0,0,0,,,,0.0
Aurora do Tocantins,2020-04-09,0,0,0,0,0.0,0.0,,0.0
Aurora do Tocantins,2020-04-10,0,0,0,0,0.0,0.0,,0.0
Aurora do Tocantins,2020-04-11,0,0,0,0,0.0,0.0,,0.0
Aurora do Tocantins,2020-04-12,0,0,0,0,0.0,0.0,,0.0
Aurora do Tocantins,2020-04-13,0,0,0,0,0.0,0.0,,0.0
Aurora do Tocantins,2020-04-14,0,0,0,0,0.0,0.0,,0.0
Aurora do Tocantins,2020-04-15,0,0,0,0,0.0,0.0,,0.0
Aurora do Tocantins,2020-04-16,0,0,0,0,0.0,0.0,,0.0
Aurora do Tocantins,2020-04-17,0,0,0,0,0.0,0.0,,0.0
Aurora do Tocantins,2020-04-18,0,0,0,0,0.0,0.0,,0.0
Aurora do Tocantins,2020-04-19,0,0,0,0,0.0,0.0,,0.0
Aurora do Tocantins,2020-04-20,0,0,0,0,0.0,0.0,,0.0
Aurora do Tocantins,2020-04-21,0,0,0,0,0.0,0.0,,0.0
Aurora do Tocantins,2020-04-22,0,0,0,0,0.0,0.0,,0.0
Aurora do Tocantins,2020-04-23,0,0,0,0,0.0,0.0,,0.0
Aurora do Tocantins,2020-04-24,0,0,0,0,0.0,0.0,,0.0
Aurora do Tocantins,2020-04-25,0,0,0,0,0.0,0.0,,0.0
Aurora do Tocantins,2020-04-26,0,0,0,0,0.0,0.0,,0.0
Aurora do Tocantins,2020-04-27,0,0,0,0,0.0,0.0,,0.0
Aurora do Tocantins,2020-04-28,0,0,0,0,0.0,0.0,,0.0
Aurora do Tocantins,2020-04-29,0,0,0,0,0.0,0.0,,0.0
Aurora do Tocantins,2020-04-30,0,0,0,0,0.0,0.0,,0.0
Aurora do Tocantins,2020-05-01,0,0,0,0,0.0,0.0,,0.0
Aurora do Tocantins,2020-05-02,0,0,0,0,0.0,0.0,,0.0
Aurora do Tocantins,2020-05-03,0,0,0,0,0.0,0.0,,0.0
Aurora do Tocantins,2020-05-04,0,0,0,0,0.0,0.0,,0.0
Aurora do Tocantins,2020-05-05,0,0,0,0,0.0,0.0,,0.0
Aurora do Tocantins,2020-05-06,0,0,0,0,0.0,0.0,,0.0
Aurora do Tocantins,2020-05-07,0,0,0,0,0.0,0.0,,0.0
Aurora do Tocantins,2020-05-08,0,0,0,0,0.0,0.0,,0.0
Aurora do Tocantins,2020-05-09,1,1,0,0,0.07142857142857142,0.0,,0.0
Aurora do Tocantins,2020-05-10,1,0,0,0,0.07142857142857142,0.0,,0.0
Aurora do Tocantins,2020-05-11,1,0,0,0,0.07142857142857142,0.0,,0.0
Aurora do Tocantins,2020-05-12,1,0,0,0,0.07142857142857142,0.0,,0.0
Aurora do Tocantins,2020-05-13,1,0,0,0,0.07142857142857142,0.0,,0.0
Aurora do Tocantins,2020-05-14,2,1,0,0,0.14285714285714285,0.0,,0.3010299956639812
Aurora do Tocantins,2020-05-15,2,0,0,0,0.14285714285714285,0.0,,0.3010299956639812
Aurora do Tocantins,2020-05-16,2,0,0,0,0.14285714285714285,0.0,,0.3010299956639812
Aurora do Tocantins,2020-05-17,2,0,0,0,0.14285714285714285,0.0,,0.3010299956639812
Aurora do Tocantins,2020-05-18,2,0,0,0,0.14285714285714285,0.0,,0.3010299956639812
Aurora do Tocantins,2020-05-19,2,0,0,0,0.14285714285714285,0.0,,0.3010299956639812
Aurora do Tocantins,2020-05-20,2,0,0,0,0.14285714285714285,0.0,,0.3010299956639812
Aurora do Tocantins,2020-05-21,2,0,0,0,0.14285714285714285,0.0,,0.3010299956639812
Aurora do Tocantins,2020-05-22,2,0,0,0,0.14285714285714285,0.0,,0.3010299956639812
Aurora do Tocantins,2020-05-23,2,0,0,0,0.07142857142857142,0.0,,0.3010299956639812
Aurora do Tocantins,2020-05-24,2,0,0,0,0.07142857142857142,0.0,,0.3010299956639812
Aurora do Tocantins,2020-05-25,2,0,0,0,0.07142857142857142,0.0,,0.3010299956639812
Aurora do Tocantins,2020-05-26,2,0,0,0,0.07142857142857142,0.0,,0.3010299956639812
Aurora do Tocantins,2020-05-27,2,0,0,0,0.07142857142857142,0.0,,0.3010299956639812
Aurora do Tocantins,2020-05-28,2,0,0,0,0.0,0.0,,0.3010299956639812
Aurora do Tocantins,2020-05-29,2,0,0,0,0.0,0.0,,0.3010299956639812
Aurora do Tocantins,2020-05-30,2,0,0,0,0.0,0.0,,0.3010299956639812
Aurora do Tocantins,2020-05-31,2,0,0,0,0.0,0.0,,0.3010299956639812
Aurora do Tocantins,2020-06-01,2,0,0,0,0.0,0.0,,0.3010299956639812
Aurora do Tocantins,2020-06-02,2,0,0,0,0.0,0.0,,0.3010299956639812
Aurora do Tocantins,2020-06-03,2,0,0,0,0.0,0.0,,0.3010299956639812
Aurora do Tocantins,2020-06-04,2,0,0,0,0.0,0.0,,0.3010299956639812
Aurora do Tocantins,2020-06-05,2,0,0,0,0.0,0.0,,0.3010299956639812
Aurora do Tocantins,2020-06-06,2,0,0,0,0.0,0.0,,0.3010299956639812
Aurora do Tocantins,2020-06-07,2,0,0,0,0.0,0.0,,0.3010299956639812
Aurora do Tocantins,2020-06-08,2,0,0,0,0.0,0.0,,0.3010299956639812
Aurora do Tocantins,2020-06-09,2,0,0,0,0.0,0.0,,0.3010299956639812
Aurora do Tocantins,2020-06-10,2,0,0,0,0.0,0.0,,0.3010299956639812
Aurora do Tocantins,2020-06-11,6,4,0,0,0.2857142857142857,0.0,,0.7781512503836436
Aurora do Tocantins,2020-06-12,6,0,0,0,0.2857142857142857,0.0,,0.7781512503836436
Aurora do Tocantins,2020-06-13,6,0,0,0,0.2857142857142857,0.0,,0.7781512503836436
Aurora do Tocantins,2020-06-14,6,0,0,0,0.2857142857142857,0.0,,0.7781512503836436
Aurora do Tocantins,2020-06-15,6,0,0,0,0.2857142857142857,0.0,,0.7781512503836436
Aurora do Tocantins,2020-06-16,6,0,0,0,0.2857142857142857,0.0,,0.7781512503836436
Aurora do Tocantins,2020-06-17,6,0,0,0,0.2857142857142857,0.0,,0.7781512503836436
Aurora do Tocantins,2020-06-18,8,2,0,0,0.42857142857142855,0.0,,0.9030899869919435
Aurora do Tocantins,2020-06-19,8,0,0,0,0.42857142857142855,0.0,,0.9030899869919435
Aurora do Tocantins,2020-06-20,9,1,0,0,0.5,0.0,,0.9542425094393249
Aurora do Tocantins,2020-06-21,9,0,0,0,0.5,0.0,,0.9542425094393249
Aurora do Tocantins,2020-06-22,9,0,0,0,0.5,0.0,,0.9542425094393249
Aurora do Tocantins,2020-06-23,9,0,0,0,0.5,0.0,,0.9542425094393249
Aurora do Tocantins,2020-06-24,9,0,0,0,0.5,0.0,,0.9542425094393249
Aurora do Tocantins,2020-06-25,9,0,0,0,0.21428571428571427,0.0,,0.9542425094393249
Aurora do Tocantins,2020-06-26,9,0,0,0,0.21428571428571427,0.0,,0.9542425094393249
Aurora do Tocantins,2020-06-27,9,0,0,0,0.21428571428571427,0.0,,0.9542425094393249
Aurora do Tocantins,2020-06-28,9,0,0,0,0.21428571428571427,0.0,,0.9542425094393249
Aurora do Tocantins,2020-06-29,9,0,0,0,0.21428571428571427,0.0,,0.9542425094393249
Aurora do Tocantins,2020-06-30,9,0,0,0,0.21428571428571427,0.0,,0.9542425094393249
Aurora do Tocantins,2020-07-01,9,0,0,0,0.21428571428571427,0.0,,0.9542425094393249
Aurora do Tocantins,2020-07-02,9,0,0,0,0.07142857142857142,0.0,,0.9542425094393249
Aurora do Tocantins,2020-07-03,9,0,0,0,0.07142857142857142,0.0,,0.9542425094393249
Aurora do Tocantins,2020-07-04,9,0,0,0,0.0,0.0,,0.9542425094393249
Aurora do Tocantins,2020-07-05,9,0,0,0,0.0,0.0,,0.9542425094393249
Aurora do Tocantins,2020-07-06,9,0,0,0,0.0,0.0,,0.9542425094393249
Aurora do Tocantins,2020-07-07,9,0,0,0,0.0,0.0,,0.9542425094393249
Aurora do Tocantins,2020-07-08,9,0,0,0,0.0,0.0,,0.9542425094393249
Aurora do Tocantins,2020-07-09,9,0,0,0,0.0,0.0,,0.9542425094393249
Aurora do Tocantins,2020-07-10,9,0,0,0,0.0,0.0,,0.9542425094393249
Aurora do Tocantins,2020-07-11,10,1,0,0,0.07142857142857142,0.0,,1.0
Aurora do Tocantins,2020-07-12,10,0,0,0,0.07142857142857142,0.0,,1.0
Aurora do Tocantins,2020-07-13,10,0,0,0,0.07142857142857142,0.0,,1.0
Aurora do Tocantins,2020-07-14,10,0,0,0,0.07142857142857142,0.0,,1.0
Aurora do Tocantins,2020-07-15,13,3,0,0,0.2857142857142857,0.0,,1.1139433523068367
Aurora do Tocantins,2020-07-16,14,1,0,0,0.35714285714285715,0.0,,1.146128035678238
Aurora do Tocantins,2020-07-17,14,0,0,0,0.35714285714285715,0.0,,1.146128035678238
Aurora do Tocantins,2020-07-18,14,0,0,0,0.35714285714285715,0.0,,1.146128035678238
Aurora do Tocantins,2020-07-19,14,0,0,0,0.35714285714285715,0.0,,1.146128035678238
Aurora do Tocantins,2020-07-20,14,0,0,0,0.35714285714285715,0.0,,1.146128035678238
Aurora do Tocantins,2020-07-21,14,0,0,0,0.35714285714285715,0.0,,1.146128035678238
Aurora do Tocantins,2020-07-22,14,0,0,0,0.35714285714285715,0.0,,1.146128035678238
Aurora do Tocantins,2020-07-23,14,0,0,0,0.35714285714285715,0.0,,1.146128035678238
Aurora do Tocantins,2020-07-24,14,0,0,0,0.35714285714285715,0.0,,1.146128035678238
Aurora do Tocantins,2020-07-25,14,0,0,0,0.2857142857142857,0.0,,1.146128035678238
Aurora do Tocantins,2020-07-26,14,0,0,0,0.2857142857142857,0.0,,1.146128035678238
Aurora do Tocantins,2020-07-27,14,0,0,0,0.2857142857142857,0.0,,1.146128035678238
Aurora do Tocantins,2020-07-28,14,0,0,0,0.2857142857142857,0.0,,1.146128035678238
Aurora do Tocantins,2020-07-29,14,0,0,0,0.07142857142857142,0.0,,1.146128035678238
Aurora do Tocantins,2020-07-30,14,0,0,0,0.0,0.0,,1.146128035678238
Aurora do Tocantins,2020-07-31,14,0,0,0,0.0,0.0,,1.146128035678238
Aurora do Tocantins,2020-08-01,15,1,0,0,0.07142857142857142,0.0,,1.1760912590556813
Aurora do Tocantins,2020-08-02,15,0,0,0,0.07142857142857142,0.0,,1.1760912590556813
Aurora do Tocantins,2020-08-03,15,0,0,0,0.07142857142857142,0.0,,1.1760912590556813
Aurora do Tocantins,2020-08-04,15,0,0,0,0.07142857142857142,0.0,,1.1760912590556813
Aurora do Tocantins,2020-08-05,15,0,0,0,0.07142857142857142,0.0,,1.1760912590556813
Aurora do Tocantins,2020-08-06,15,0,0,0,0.07142857142857142,0.0,,1.1760912590556813
Aurora do Tocantins,2020-08-07,15,0,0,0,0.07142857142857142,0.0,,1.1760912590556813
Aurora do Tocantins,2020-08-08,15,0,0,0,0.07142857142857142,0.0,,1.1760912590556813
Aurora do Tocantins,2020-08-09,15,0,0,0,0.07142857142857142,0.0,,1.1760912590556813
Aurora do Tocantins,2020-08-10,15,0,0,0,0.07142857142857142,0.0,,1.1760912590556813
Aurora do Tocantins,2020-08-11,15,0,0,0,0.07142857142857142,0.0,,1.1760912590556813
Aurora do Tocantins,2020-08-12,15,0,0,0,0.07142857142857142,0.0,,1.1760912590556813
Aurora do Tocantins,2020-08-13,15,0,0,0,0.07142857142857142,0.0,,1.1760912590556813
Aurora do Tocantins,2020-08-14,15,0,0,0,0.07142857142857142,0.0,,1.1760912590556813
Aurora do Tocantins,2020-08-15,15,0,0,0,0.0,0.0,,1.1760912590556813
Aurora do Tocantins,2020-08-16,15,0,0,0,0.0,0.0,,1.1760912590556813
Aurora do Tocantins,2020-08-17,15,0,0,0,0.0,0.0,,1.1760912590556813
Aurora do Tocantins,2020-08-18,15,0,0,0,0.0,0.0,,1.1760912590556813
Aurora do Tocantins,2020-08-19,16,1,0,0,0.07142857142857142,0.0,,1.2041199826559248
Aurora do Tocantins,2020-08-20,16,0,0,0,0.07142857142857142,0.0,,1.2041199826559248
Aurora do Tocantins,2020-08-21,16,0,0,0,0.07142857142857142,0.0,,1.2041199826559248
Aurora do Tocantins,2020-08-22,16,0,0,0,0.07142857142857142,0.0,,1.2041199826559248
Aurora do Tocantins,2020-08-23,16,0,0,0,0.07142857142857142,0.0,,1.2041199826559248
Aurora do Tocantins,2020-08-24,16,0,0,0,0.07142857142857142,0.0,,1.2041199826559248
Aurora do Tocantins,2020-08-25,19,3,0,0,0.2857142857142857,0.0,,1.2787536009528289
Aurora do Tocantins,2020-08-26,22,3,0,0,0.5,0.0,,1.3424226808222062
Aurora do Tocantins,2020-08-27,24,2,0,0,0.6428571428571429,0.0,,1.380211241711606
Aurora do Tocantins,2020-08-28,26,2,0,0,0.7857142857142857,0.0,,1.414973347970818
Aurora do Tocantins,2020-08-29,26,0,0,0,0.7857142857142857,0.0,,1.414973347970818
Aurora do Tocantins,2020-08-30,26,0,0,0,0.7857142857142857,0.0,,1.414973347970818
Aurora do Tocantins,2020-08-31,26,0,0,0,0.7857142857142857,0.0,,1.414973347970818
Aurora do Tocantins,2020-09-01,26,0,0,0,0.7857142857142857,0.0,,1.414973347970818
Aurora do Tocantins,2020-09-02,28,2,0,0,0.8571428571428571,0.0,,1.4471580313422192
Aurora do Tocantins,2020-09-03,30,2,0,0,1.0,0.0,,1.4771212547196624
Aurora do Tocantins,2020-09-04,30,0,0,0,1.0,0.0,,1.4771212547196624
Aurora do Tocantins,2020-09-05,30,0,0,0,1.0,0.0,,1.4771212547196624
Aurora do Tocantins,2020-09-06,30,0,0,0,1.0,0.0,,1.4771212547196624
Aurora do Tocantins,2020-09-07,30,0,0,0,1.0,0.0,,1.4771212547196624
Aurora do Tocantins,2020-09-08,30,0,0,0,0.7857142857142857,0.0,,1.4771212547196624
Aurora do Tocantins,2020-09-09,30,0,0,0,0.5714285714285714,0.0,,1.4771212547196624
Aurora do Tocantins,2020-09-10,30,0,0,0,0.42857142857142855,0.0,,1.4771212547196624
Aurora do Tocantins,2020-09-11,30,0,0,0,0.2857142857142857,0.0,,1.4771212547196624
Aurora do Tocantins,2020-09-12,30,0,0,0,0.2857142857142857,0.0,,1.4771212547196624
Aurora do Tocantins,2020-09-13,30,0,0,0,0.2857142857142857,0.0,,1.4771212547196624
Aurora do Tocantins,2020-09-14,30,0,0,0,0.2857142857142857,0.0,,1.4771212547196624
Aurora do Tocantins,2020-09-15,30,0,0,0,0.2857142857142857,0.0,,1.4771212547196624
Aurora do Tocantins,2020-09-16,31,1,0,0,0.21428571428571427,0.0,,1.4913616938342726
Aurora do Tocantins,2020-09-17,31,0,0,0,0.07142857142857142,0.0,,1.4913616938342726
Aurora do Tocantins,2020-09-18,31,0,0,0,0.07142857142857142,0.0,,1.4913616938342726
Aurora do Tocantins,2020-09-19,31,0,0,0,0.07142857142857142,0.0,,1.4913616938342726
Aurora do Tocantins,2020-09-20,31,0,0,0,0.07142857142857142,0.0,,1.4913616938342726
Aurora do Tocantins,2020-09-21,31,0,0,0,0.07142857142857142,0.0,,1.4913616938342726
Aurora do Tocantins,2020-09-22,32,1,0,0,0.14285714285714285,0.0,,1.505149978319906
Aurora do Tocantins,2020-09-23,33,1,0,0,0.21428571428571427,0.0,,1.5185139398778875
Aurora do Tocantins,2020-09-24,33,0,0,0,0.21428571428571427,0.0,,1.5185139398778875
Aurora do Tocantins,2020-09-25,34,1,0,0,0.2857142857142857,0.0,,1.5314789170422551
Aurora do Tocantins,2020-09-26,34,0,0,0,0.2857142857142857,0.0,,1.5314789170422551
Aurora do Tocantins,2020-09-27,34,0,0,0,0.2857142857142857,0.0,,1.5314789170422551
Aurora do Tocantins,2020-09-28,34,0,0,0,0.2857142857142857,0.0,,1.5314789170422551
Aurora do Tocantins,2020-09-29,35,1,0,0,0.35714285714285715,0.0,,1.5440680443502757
Aurora do Tocantins,2020-09-30,35,0,0,0,0.2857142857142857,0.0,,1.5440680443502757
Aurora do Tocantins,2020-10-01,41,6,0,0,0.7142857142857143,0.0,,1.6127838567197355
Aurora do Tocantins,2020-10-02,41,0,0,0,0.7142857142857143,0.0,,1.6127838567197355
Aurora do Tocantins,2020-10-03,43,2,0,0,0.8571428571428571,0.0,,1.6334684555795866
Aurora do Tocantins,2020-10-04,43,0,0,0,0.8571428571428571,0.0,,1.6334684555795866
Aurora do Tocantins,2020-10-05,44,1,0,0,0.9285714285714286,0.0,,1.6434526764861874
Aurora do Tocantins,2020-10-06,44,0,0,0,0.8571428571428571,0.0,,1.6434526764861874
Aurora do Tocantins,2020-10-07,45,1,0,0,0.8571428571428571,0.0,,1.6532125137753437
Aurora do Tocantins,2020-10-08,45,0,0,0,0.8571428571428571,0.0,,1.6532125137753437
Aurora do Tocantins,2020-10-09,45,0,0,0,0.7857142857142857,0.0,,1.6532125137753437
Aurora do Tocantins,2020-10-10,45,0,0,0,0.7857142857142857,0.0,,1.6532125137753437
Aurora do Tocantins,2020-10-11,45,0,0,0,0.7857142857142857,0.0,,1.6532125137753437
Aurora do Tocantins,2020-10-12,45,0,0,0,0.7857142857142857,0.0,,1.6532125137753437
Aurora do Tocantins,2020-10-13,45,0,0,0,0.7142857142857143,0.0,,1.6532125137753437
Aurora do Tocantins,2020-10-14,45,0,0,0,0.7142857142857143,0.0,,1.6532125137753437
Aurora do Tocantins,2020-10-15,47,2,0,0,0.42857142857142855,0.0,,1.6720978579357175
Aurora do Tocantins,2020-10-16,47,0,0,0,0.42857142857142855,0.0,,1.6720978579357175
Aurora do Tocantins,2020-10-17,47,0,0,0,0.2857142857142857,0.0,,1.6720978579357175
Aurora do Tocantins,2020-10-18,47,0,0,0,0.2857142857142857,0.0,,1.6720978579357175
Aurora do Tocantins,2020-10-19,47,0,0,0,0.21428571428571427,0.0,,1.6720978579357175
Aurora do Tocantins,2020-10-20,47,0,0,0,0.21428571428571427,0.0,,1.6720978579357175
Aurora do Tocantins,2020-10-21,47,0,0,0,0.14285714285714285,0.0,,1.6720978579357175
Aurora do Tocantins,2020-10-22,47,0,0,0,0.14285714285714285,0.0,,1.6720978579357175
Aurora do Tocantins,2020-10-23,47,0,0,0,0.14285714285714285,0.0,,1.6720978579357175
Aurora do Tocantins,2020-10-24,47,0,0,0,0.14285714285714285,0.0,,1.6720978579357175
Aurora do Tocantins,2020-10-25,47,0,0,0,0.14285714285714285,0.0,,1.6720978579357175
Aurora do Tocantins,2020-10-26,47,0,0,0,0.14285714285714285,0.0,,1.6720978579357175
Aurora do Tocantins,2020-10-27,47,0,0,0,0.14285714285714285,0.0,,1.6720978579357175
Aurora do Tocantins,2020-10-28,47,0,0,0,0.14285714285714285,0.0,,1.6720978579357175
Aurora do Tocantins,2020-10-29,47,0,0,0,0.0,0.0,,1.6720978579357175
Aurora do Tocantins,2020-10-30,47,0,0,0,0.0,0.0,,1.6720978579357175
Aurora do Tocantins,2020-10-31,47,0,0,0,0.0,0.0,,1.6720978579357175
Aurora do Tocantins,2020-11-01,47,0,0,0,0.0,0.0,,1.6720978579357175
Aurora do Tocantins,2020-11-02,47,0,0,0,0.0,0.0,,1.6720978579357175
Aurora do Tocantins,2020-11-03,47,0,0,0,0.0,0.0,,1.6720978579357175
Aurora do Tocantins,2020-11-04,52,5,0,0,0.35714285714285715,0.0,,1.7160033436347992
Aurora do Tocantins,2020-11-05,52,0,0,0,0.35714285714285715,0.0,,1.7160033436347992
Aurora do Tocantins,2020-11-06,52,0,0,0,0.35714285714285715,0.0,,1.7160033436347992
Aurora do Tocantins,2020-11-07,52,0,0,0,0.35714285714285715,0.0,,1.7160033436347992
Aurora do Tocantins,2020-11-08,52,0,0,0,0.35714285714285715,0.0,,1.7160033436347992
Aurora do Tocantins,2020-11-09,52,0,0,0,0.35714285714285715,0.0,,1.7160033436347992
Aurora do Tocantins,2020-11-10,54,2,0,0,0.5,0.0,,1.7323937598229686
Aurora do Tocantins,2020-11-11,56,2,0,0,0.6428571428571429,0.0,,1.7481880270062005
Aurora do Tocantins,2020-11-12,56,0,0,0,0.6428571428571429,0.0,,1.7481880270062005
Aurora do Tocantins,2020-11-13,56,0,0,0,0.6428571428571429,0.0,,1.7481880270062005
Aurora do Tocantins,2020-11-14,56,0,0,0,0.6428571428571429,0.0,,1.7481880270062005
Aurora do Tocantins,2020-11-15,56,0,0,0,0.6428571428571429,0.0,,1.7481880270062005
Aurora do Tocantins,2020-11-16,56,0,0,0,0.6428571428571429,0.0,,1.7481880270062005
Aurora do Tocantins,2020-11-17,56,0,0,0,0.6428571428571429,0.0,,1.7481880270062005
Aurora do Tocantins,2020-11-18,56,0,0,0,0.2857142857142857,0.0,,1.7481880270062005
Aurora do Tocantins,2020-11-19,56,0,0,0,0.2857142857142857,0.0,,1.7481880270062005
Aurora do Tocantins,2020-11-20,57,1,0,0,0.35714285714285715,0.0,,1.7558748556724915
Aurora do Tocantins,2020-11-21,57,0,0,0,0.35714285714285715,0.0,,1.7558748556724915
Aurora do Tocantins,2020-11-22,57,0,0,0,0.35714285714285715,0.0,,1.7558748556724915
Aurora do Tocantins,2020-11-23,57,0,0,0,0.35714285714285715,0.0,,1.7558748556724915
Aurora do Tocantins,2020-11-24,57,0,0,0,0.21428571428571427,0.0,,1.7558748556724915
Aurora do Tocantins,2020-11-25,57,0,0,0,0.07142857142857142,0.0,,1.7558748556724915
Aurora do Tocantins,2020-11-26,57,0,0,0,0.07142857142857142,0.0,,1.7558748556724915
Aurora do Tocantins,2020-11-27,57,0,0,0,0.07142857142857142,0.0,,1.7558748556724915
Aurora do Tocantins,2020-11-28,58,1,0,0,0.14285714285714285,0.0,,1.7634279935629373
Aurora do Tocantins,2020-11-29,58,0,0,0,0.14285714285714285,0.0,,1.7634279935629373
Aurora do Tocantins,2020-11-30,58,0,0,0,0.14285714285714285,0.0,,1.7634279935629373
Aurora do Tocantins,2020-12-01,58,0,0,0,0.14285714285714285,0.0,,1.7634279935629373
Aurora do Tocantins,2020-12-02,58,0,0,0,0.14285714285714285,0.0,,1.7634279935629373
Aurora do Tocantins,2020-12-03,58,0,0,0,0.14285714285714285,0.0,,1.7634279935629373
Aurora do Tocantins,2020-12-04,58,0,0,0,0.07142857142857142,0.0,,1.7634279935629373
Aurora do Tocantins,2020-12-05,58,0,0,0,0.07142857142857142,0.0,,1.7634279935629373
Aurora do Tocantins,2020-12-06,58,0,0,0,0.07142857142857142,0.0,,1.7634279935629373
Aurora do Tocantins,2020-12-07,58,0,0,0,0.07142857142857142,0.0,,1.7634279935629373
Aurora do Tocantins,2020-12-08,58,0,0,0,0.07142857142857142,0.0,,1.7634279935629373
Aurora do Tocantins,2020-12-09,58,0,0,0,0.07142857142857142,0.0,,1.7634279935629373
Aurora do Tocantins,2020-12-10,58,0,0,0,0.07142857142857142,0.0,,1.7634279935629373
Aurora do Tocantins,2020-12-11,58,0,0,0,0.07142857142857142,0.0,,1.7634279935629373
Aurora do Tocantins,2020-12-12,58,0,0,0,0.0,0.0,,1.7634279935629373
Aurora do Tocantins,2020-12-13,58,0,0,0,0.0,0.0,,1.7634279935629373
Aurora do Tocantins,2020-12-14,58,0,0,0,0.0,0.0,,1.7634279935629373
Aurora do Tocantins,2020-12-15,58,0,0,0,0.0,0.0,,1.7634279935629373
Aurora do Tocantins,2020-12-16,58,0,0,0,0.0,0.0,,1.7634279935629373
Aurora do Tocantins,2020-12-17,58,0,0,0,0.0,0.0,,1.7634279935629373
Aurora do Tocantins,2020-12-18,58,0,0,0,0.0,0.0,,1.7634279935629373
Aurora do Tocantins,2020-12-19,58,0,0,0,0.0,0.0,,1.7634279935629373
Aurora do Tocantins,2020-12-20,58,0,0,0,0.0,0.0,,1.7634279935629373
Aurora do Tocantins,2020-12-21,58,0,0,0,0.0,0.0,,1.7634279935629373
Aurora do Tocantins,2020-12-22,58,0,0,0,0.0,0.0,,1.7634279935629373
Aurora do Tocantins,2020-12-23,58,0,0,0,0.0,0.0,,1.7634279935629373
Aurora do Tocantins,2020-12-24,58,0,0,0,0.0,0.0,,1.7634279935629373
Aurora do Tocantins,2020-12-25,58,0,0,0,0.0,0.0,,1.7634279935629373
Aurora do Tocantins,2020-12-26,58,0,0,0,0.0,0.0,,1.7634279935629373
Aurora do Tocantins,2020-12-27,58,0,0,0,0.0,0.0,,1.7634279935629373
Aurora do Tocantins,2020-12-28,58,0,0,0,0.0,0.0,,1.7634279935629373
Aurora do Tocantins,2020-12-29,58,0,0,0,0.0,0.0,,1.7634279935629373
Aurora do Tocantins,2020-12-30,58,0,0,0,0.0,0.0,,1.7634279935629373
Aurora do Tocantins,2020-12-31,58,0,0,0,0.0,0.0,,1.7634279935629373
Aurora do Tocantins,2021-01-01,58,0,0,0,0.0,0.0,,1.7634279935629373
Aurora do Tocantins,2021-01-02,58,0,0,0,0.0,0.0,,1.7634279935629373
Aurora do Tocantins,2021-01-03,58,0,0,0,0.0,0.0,,1.7634279935629373
Aurora do Tocantins,2021-01-04,58,0,0,0,0.0,0.0,,1.7634279935629373
Aurora do Tocantins,2021-01-05,58,0,0,0,0.0,0.0,,1.7634279935629373
Aurora do Tocantins,2021-01-06,58,0,0,0,0.0,0.0,,1.7634279935629373
Aurora do Tocantins,2021-01-07,62,4,0,0,0.2857142857142857,0.0,,1.792391689498254
Aurora do Tocantins,2021-01-08,63,1,0,0,0.35714285714285715,0.0,,1.7993405494535817
Aurora do Tocantins,2021-01-09,63,0,0,0,0.35714285714285715,0.0,,1.7993405494535817
Aurora do Tocantins,2021-01-10,63,0,0,0,0.35714285714285715,0.0,,1.7993405494535817
Aurora do Tocantins,2021-01-11,63,0,0,0,0.35714285714285715,0.0,,1.7993405494535817
Aurora do Tocantins,2021-01-12,63,0,0,0,0.35714285714285715,0.0,,1.7993405494535817
Aurora do Tocantins,2021-01-13,65,2,0,0,0.5,0.0,,1.8129133566428555
Aurora do Tocantins,2021-01-14,78,13,0,0,1.4285714285714286,0.0,,1.8920946026904804
Aurora do Tocantins,2021-01-15,78,0,0,0,1.4285714285714286,0.0,,1.8920946026904804
Aurora do Tocantins,2021-01-16,79,1,0,0,1.5,0.0,,1.8976270912904414
Aurora do Tocantins,2021-01-17,100,21,0,0,3.0,0.0,,2.0
Aurora do Tocantins,2021-01-18,101,1,1,1,3.0714285714285716,0.07142857142857142,inf,2.0043213737826426
Aurora do Tocantins,2021-01-19,114,13,1,0,4.0,0.07142857142857142,inf,2.0569048513364727
Aurora do Tocantins,2021-01-20,121,7,1,0,4.5,0.07142857142857142,inf,2.08278537031645
Axixá do Tocantins,2020-03-27,0,0,0,0,,,,0.0
Axixá do Tocantins,2020-03-28,0,0,0,0,,,,0.0
Axixá do Tocantins,2020-03-29,0,0,0,0,,,,0.0
Axixá do Tocantins,2020-03-30,0,0,0,0,,,,0.0
Axixá do Tocantins,2020-03-31,0,0,0,0,,,,0.0
Axixá do Tocantins,2020-04-01,0,0,0,0,,,,0.0
Axixá do Tocantins,2020-04-02,0,0,0,0,,,,0.0
Axixá do Tocantins,2020-04-03,0,0,0,0,,,,0.0
Axixá do Tocantins,2020-04-04,0,0,0,0,,,,0.0
Axixá do Tocantins,2020-04-05,0,0,0,0,,,,0.0
Axixá do Tocantins,2020-04-06,0,0,0,0,,,,0.0
Axixá do Tocantins,2020-04-07,0,0,0,0,,,,0.0
Axixá do Tocantins,2020-04-08,0,0,0,0,,,,0.0
Axixá do Tocantins,2020-04-09,0,0,0,0,0.0,0.0,,0.0
Axixá do Tocantins,2020-04-10,0,0,0,0,0.0,0.0,,0.0
Axixá do Tocantins,2020-04-11,0,0,0,0,0.0,0.0,,0.0
Axixá do Tocantins,2020-04-12,0,0,0,0,0.0,0.0,,0.0
Axixá do Tocantins,2020-04-13,0,0,0,0,0.0,0.0,,0.0
Axixá do Tocantins,2020-04-14,0,0,0,0,0.0,0.0,,0.0
Axixá do Tocantins,2020-04-15,0,0,0,0,0.0,0.0,,0.0
Axixá do Tocantins,2020-04-16,0,0,0,0,0.0,0.0,,0.0
Axixá do Tocantins,2020-04-17,0,0,0,0,0.0,0.0,,0.0
Axixá do Tocantins,2020-04-18,0,0,0,0,0.0,0.0,,0.0
Axixá do Tocantins,2020-04-19,0,0,0,0,0.0,0.0,,0.0
Axixá do Tocantins,2020-04-20,0,0,0,0,0.0,0.0,,0.0
Axixá do Tocantins,2020-04-21,0,0,0,0,0.0,0.0,,0.0
Axixá do Tocantins,2020-04-22,0,0,0,0,0.0,0.0,,0.0
Axixá do Tocantins,2020-04-23,0,0,0,0,0.0,0.0,,0.0
Axixá do Tocantins,2020-04-24,0,0,0,0,0.0,0.0,,0.0
Axixá do Tocantins,2020-04-25,0,0,0,0,0.0,0.0,,0.0
Axixá do Tocantins,2020-04-26,0,0,0,0,0.0,0.0,,0.0
Axixá do Tocantins,2020-04-27,0,0,0,0,0.0,0.0,,0.0
Axixá do Tocantins,2020-04-28,0,0,0,0,0.0,0.0,,0.0
Axixá do Tocantins,2020-04-29,0,0,0,0,0.0,0.0,,0.0
Axixá do Tocantins,2020-04-30,1,1,0,0,0.07142857142857142,0.0,,0.0
Axixá do Tocantins,2020-05-01,1,0,0,0,0.07142857142857142,0.0,,0.0
Axixá do Tocantins,2020-05-02,1,0,0,0,0.07142857142857142,0.0,,0.0
Axixá do Tocantins,2020-05-03,1,0,0,0,0.07142857142857142,0.0,,0.0
Axixá do Tocantins,2020-05-04,1,0,0,0,0.07142857142857142,0.0,,0.0
Axixá do Tocantins,2020-05-05,1,0,0,0,0.07142857142857142,0.0,,0.0
Axixá do Tocantins,2020-05-06,1,0,0,0,0.07142857142857142,0.0,,0.0
Axixá do Tocantins,2020-05-07,1,0,0,0,0.07142857142857142,0.0,,0.0
Axixá do Tocantins,2020-05-08,3,2,0,0,0.21428571428571427,0.0,,0.47712125471966244
Axixá do Tocantins,2020-05-09,4,1,0,0,0.2857142857142857,0.0,,0.6020599913279624
Axixá do Tocantins,2020-05-10,12,8,0,0,0.8571428571428571,0.0,,1.0791812460476249
Axixá do Tocantins,2020-05-11,13,1,0,0,0.9285714285714286,0.0,,1.1139433523068367
Axixá do Tocantins,2020-05-12,20,7,0,0,1.4285714285714286,0.0,,1.3010299956639813
Axixá do Tocantins,2020-05-13,23,3,1,1,1.6428571428571428,0.07142857142857142,inf,1.3617278360175928
Axixá do Tocantins,2020-05-14,23,0,1,0,1.5714285714285714,0.07142857142857142,inf,1.3617278360175928
Axixá do Tocantins,2020-05-15,25,2,1,0,1.7142857142857142,0.07142857142857142,inf,1.3979400086720377
Axixá do Tocantins,2020-05-16,25,0,1,0,1.7142857142857142,0.07142857142857142,inf,1.3979400086720377
Axixá do Tocantins,2020-05-17,25,0,2,1,1.7142857142857142,0.14285714285714285,inf,1.3979400086720377
Axixá do Tocantins,2020-05-18,25,0,2,0,1.7142857142857142,0.14285714285714285,inf,1.3979400086720377
Axixá do Tocantins,2020-05-19,25,0,2,0,1.7142857142857142,0.14285714285714285,inf,1.3979400086720377
Axixá do Tocantins,2020-05-20,25,0,2,0,1.7142857142857142,0.14285714285714285,inf,1.3979400086720377
Axixá do Tocantins,2020-05-21,26,1,2,0,1.7857142857142858,0.14285714285714285,inf,1.414973347970818
Axixá do Tocantins,2020-05-22,26,0,2,0,1.6428571428571428,0.14285714285714285,inf,1.414973347970818
Axixá do Tocantins,2020-05-23,27,1,2,0,1.6428571428571428,0.14285714285714285,inf,1.4313637641589874
Axixá do Tocantins,2020-05-24,27,0,2,0,1.0714285714285714,0.14285714285714285,inf,1.4313637641589874
Axixá do Tocantins,2020-05-25,27,0,2,0,1.0,0.14285714285714285,inf,1.4313637641589874
Axixá do Tocantins,2020-05-26,31,4,2,0,0.7857142857142857,0.14285714285714285,inf,1.4913616938342726
Axixá do Tocantins,2020-05-27,31,0,2,0,0.5714285714285714,0.07142857142857142,0.0,1.4913616938342726
Axixá do Tocantins,2020-05-28,33,2,2,0,0.7142857142857143,0.07142857142857142,0.0,1.5185139398778875
Axixá do Tocantins,2020-05-29,35,2,2,0,0.7142857142857143,0.07142857142857142,0.0,1.5440680443502757
Axixá do Tocantins,2020-05-30,35,0,2,0,0.7142857142857143,0.07142857142857142,0.0,1.5440680443502757
Axixá do Tocantins,2020-05-31,35,0,2,0,0.7142857142857143,0.0,-1.0,1.5440680443502757
Axixá do Tocantins,2020-06-01,35,0,2,0,0.7142857142857143,0.0,-1.0,1.5440680443502757
Axixá do Tocantins,2020-06-02,35,0,2,0,0.7142857142857143,0.0,-1.0,1.5440680443502757
Axixá do Tocantins,2020-06-03,41,6,2,0,1.1428571428571428,0.0,-1.0,1.6127838567197355
Axixá do Tocantins,2020-06-04,42,1,2,0,1.1428571428571428,0.0,-1.0,1.6232492903979006
Axixá do Tocantins,2020-06-05,42,0,2,0,1.1428571428571428,0.0,-1.0,1.6232492903979006
Axixá do Tocantins,2020-06-06,42,0,2,0,1.0714285714285714,0.0,-1.0,1.6232492903979006
Axixá do Tocantins,2020-06-07,42,0,2,0,1.0714285714285714,0.0,-1.0,1.6232492903979006
Axixá do Tocantins,2020-06-08,42,0,2,0,1.0714285714285714,0.0,-1.0,1.6232492903979006
Axixá do Tocantins,2020-06-09,42,0,2,0,0.7857142857142857,0.0,-1.0,1.6232492903979006
Axixá do Tocantins,2020-06-10,46,4,2,0,1.0714285714285714,0.0,-1.0,1.662757831681574
Axixá do Tocantins,2020-06-11,46,0,2,0,0.9285714285714286,0.0,-1.0,1.662757831681574
Axixá do Tocantins,2020-06-12,46,0,2,0,0.7857142857142857,0.0,-1.0,1.662757831681574
Axixá do Tocantins,2020-06-13,46,0,2,0,0.7857142857142857,0.0,-1.0,1.662757831681574
Axixá do Tocantins,2020-06-14,46,0,2,0,0.7857142857142857,0.0,,1.662757831681574
Axixá do Tocantins,2020-06-15,46,0,2,0,0.7857142857142857,0.0,,1.662757831681574
Axixá do Tocantins,2020-06-16,46,0,2,0,0.7857142857142857,0.0,,1.662757831681574
Axixá do Tocantins,2020-06-17,46,0,2,0,0.35714285714285715,0.0,,1.662757831681574
Axixá do Tocantins,2020-06-18,46,0,2,0,0.2857142857142857,0.0,,1.662757831681574
Axixá do Tocantins,2020-06-19,46,0,2,0,0.2857142857142857,0.0,,1.662757831681574
Axixá do Tocantins,2020-06-20,46,0,2,0,0.2857142857142857,0.0,,1.662757831681574
Axixá do Tocantins,2020-06-21,46,0,2,0,0.2857142857142857,0.0,,1.662757831681574
Axixá do Tocantins,2020-06-22,46,0,2,0,0.2857142857142857,0.0,,1.662757831681574
Axixá do Tocantins,2020-06-23,46,0,2,0,0.2857142857142857,0.0,,1.662757831681574
Axixá do Tocantins,2020-06-24,46,0,2,0,0.0,0.0,,1.662757831681574
Axixá do Tocantins,2020-06-25,47,1,2,0,0.07142857142857142,0.0,,1.6720978579357175
Axixá do Tocantins,2020-06-26,47,0,2,0,0.07142857142857142,0.0,,1.6720978579357175
Axixá do Tocantins,2020-06-27,86,39,2,0,2.857142857142857,0.0,,1.9344984512435677
Axixá do Tocantins,2020-06-28,86,0,2,0,2.857142857142857,0.0,,1.9344984512435677
Axixá do Tocantins,2020-06-29,86,0,2,0,2.857142857142857,0.0,,1.9344984512435677
Axixá do Tocantins,2020-06-30,86,0,2,0,2.857142857142857,0.0,,1.9344984512435677
Axixá do Tocantins,2020-07-01,91,5,3,1,3.2142857142857144,0.07142857142857142,inf,1.9590413923210936
Axixá do Tocantins,2020-07-02,96,5,3,0,3.5714285714285716,0.07142857142857142,inf,1.9822712330395684
Axixá do Tocantins,2020-07-03,98,2,3,0,3.7142857142857144,0.07142857142857142,inf,1.9912260756924949
Axixá do Tocantins,2020-07-04,101,3,3,0,3.9285714285714284,0.07142857142857142,inf,2.0043213737826426
Axixá do Tocantins,2020-07-05,101,0,3,0,3.9285714285714284,0.07142857142857142,inf,2.0043213737826426
Axixá do Tocantins,2020-07-06,101,0,3,0,3.9285714285714284,0.07142857142857142,inf,2.0043213737826426
Axixá do Tocantins,2020-07-07,101,0,3,0,3.9285714285714284,0.07142857142857142,inf,2.0043213737826426
Axixá do Tocantins,2020-07-08,101,0,3,0,3.9285714285714284,0.07142857142857142,inf,2.0043213737826426
Axixá do Tocantins,2020-07-09,103,2,3,0,4.0,0.07142857142857142,inf,2.012837224705172
Axixá do Tocantins,2020-07-10,107,4,3,0,4.285714285714286,0.07142857142857142,inf,2.0293837776852097
Axixá do Tocantins,2020-07-11,107,0,3,0,1.5,0.07142857142857142,inf,2.0293837776852097
Axixá do Tocantins,2020-07-12,108,1,3,0,1.5714285714285714,0.07142857142857142,inf,2.03342375548695
Axixá do Tocantins,2020-07-13,108,0,3,0,1.5714285714285714,0.07142857142857142,inf,2.03342375548695
Axixá do Tocantins,2020-07-14,108,0,3,0,1.5714285714285714,0.07142857142857142,inf,2.03342375548695
Axixá do Tocantins,2020-07-15,108,0,3,0,1.2142857142857142,0.0,-1.0,2.03342375548695
Axixá do Tocantins,2020-07-16,108,0,3,0,0.8571428571428571,0.0,-1.0,2.03342375548695
Axixá do Tocantins,2020-07-17,110,2,3,0,0.8571428571428571,0.0,-1.0,2.041392685158225
Axixá do Tocantins,2020-07-18,111,1,3,0,0.7142857142857143,0.0,-1.0,2.0453229787866576
Axixá do Tocantins,2020-07-19,111,0,3,0,0.7142857142857143,0.0,-1.0,2.0453229787866576
Axixá do Tocantins,2020-07-20,111,0,3,0,0.7142857142857143,0.0,-1.0,2.0453229787866576
Axixá do Tocantins,2020-07-21,112,1,3,0,0.7857142857142857,0.0,-1.0,2.0492180226701815
Axixá do Tocantins,2020-07-22,112,0,3,0,0.7857142857142857,0.0,-1.0,2.0492180226701815
Axixá do Tocantins,2020-07-23,112,0,3,0,0.6428571428571429,0.0,-1.0,2.0492180226701815
Axixá do Tocantins,2020-07-24,113,1,3,0,0.42857142857142855,0.0,-1.0,2.05307844348342
Axixá do Tocantins,2020-07-25,113,0,3,0,0.42857142857142855,0.0,-1.0,2.05307844348342
Axixá do Tocantins,2020-07-26,113,0,3,0,0.35714285714285715,0.0,-1.0,2.05307844348342
Axixá do Tocantins,2020-07-27,113,0,3,0,0.35714285714285715,0.0,-1.0,2.05307844348342
Axixá do Tocantins,2020-07-28,113,0,3,0,0.35714285714285715,0.0,-1.0,2.05307844348342
Axixá do Tocantins,2020-07-29,114,1,3,0,0.42857142857142855,0.0,,2.0569048513364727
Axixá do Tocantins,2020-07-30,114,0,3,0,0.42857142857142855,0.0,,2.0569048513364727
Axixá do Tocantins,2020-07-31,114,0,3,0,0.2857142857142857,0.0,,2.0569048513364727
Axixá do Tocantins,2020-08-01,114,0,3,0,0.21428571428571427,0.0,,2.0569048513364727
Axixá do Tocantins,2020-08-02,121,7,3,0,0.7142857142857143,0.0,,2.08278537031645
Axixá do Tocantins,2020-08-03,121,0,3,0,0.7142857142857143,0.0,,2.08278537031645
Axixá do Tocantins,2020-08-04,121,0,3,0,0.6428571428571429,0.0,,2.08278537031645
Axixá do Tocantins,2020-08-05,121,0,3,0,0.6428571428571429,0.0,,2.08278537031645
Axixá do Tocantins,2020-08-06,121,0,3,0,0.6428571428571429,0.0,,2.08278537031645
Axixá do Tocantins,2020-08-07,121,0,3,0,0.5714285714285714,0.0,,2.08278537031645
Axixá do Tocantins,2020-08-08,121,0,3,0,0.5714285714285714,0.0,,2.08278537031645
Axixá do Tocantins,2020-08-09,121,0,3,0,0.5714285714285714,0.0,,2.08278537031645
Axixá do Tocantins,2020-08-10,121,0,3,0,0.5714285714285714,0.0,,2.08278537031645
Axixá do Tocantins,2020-08-11,133,12,3,0,1.4285714285714286,0.0,,2.123851640967086
Axixá do Tocantins,2020-08-12,133,0,3,0,1.3571428571428572,0.0,,2.123851640967086
Axixá do Tocantins,2020-08-13,133,0,3,0,1.3571428571428572,0.0,,2.123851640967086
Axixá do Tocantins,2020-08-14,147,14,3,0,2.357142857142857,0.0,,2.167317334748176
Axixá do Tocantins,2020-08-15,147,0,3,0,2.357142857142857,0.0,,2.167317334748176
Axixá do Tocantins,2020-08-16,147,0,3,0,1.8571428571428572,0.0,,2.167317334748176
Axixá do Tocantins,2020-08-17,147,0,3,0,1.8571428571428572,0.0,,2.167317334748176
Axixá do Tocantins,2020-08-18,148,1,3,0,1.9285714285714286,0.0,,2.1702617153949575
Axixá do Tocantins,2020-08-19,152,4,3,0,2.2142857142857144,0.0,,2.1818435879447726
Axixá do Tocantins,2020-08-20,164,12,3,0,3.0714285714285716,0.0,,2.214843848047698
Axixá do Tocantins,2020-08-21,164,0,3,0,3.0714285714285716,0.0,,2.214843848047698
Axixá do Tocantins,2020-08-22,164,0,3,0,3.0714285714285716,0.0,,2.214843848047698
Axixá do Tocantins,2020-08-23,165,1,3,0,3.142857142857143,0.0,,2.2174839442139063
Axixá do Tocantins,2020-08-24,165,0,3,0,3.142857142857143,0.0,,2.2174839442139063
Axixá do Tocantins,2020-08-25,175,10,3,0,3.0,0.0,,2.2430380486862944
Axixá do Tocantins,2020-08-26,175,0,3,0,3.0,0.0,,2.2430380486862944
Axixá do Tocantins,2020-08-27,199,24,3,0,4.714285714285714,0.0,,2.298853076409707
Axixá do Tocantins,2020-08-28,211,12,3,0,4.571428571428571,0.0,,2.3242824552976926
Axixá do Tocantins,2020-08-29,212,1,3,0,4.642857142857143,0.0,,2.3263358609287517
Axixá do Tocantins,2020-08-30,212,0,3,0,4.642857142857143,0.0,,2.3263358609287517
Axixá do Tocantins,2020-08-31,212,0,3,0,4.642857142857143,0.0,,2.3263358609287517
Axixá do Tocantins,2020-09-01,234,22,3,0,6.142857142857143,0.0,,2.369215857410143
Axixá do Tocantins,2020-09-02,257,23,3,0,7.5,0.0,,2.4099331233312946
Axixá do Tocantins,2020-09-03,264,7,3,0,7.142857142857143,0.0,,2.4216039268698313
Axixá do Tocantins,2020-09-04,275,11,3,0,7.928571428571429,0.0,,2.439332693830263
Axixá do Tocantins,2020-09-05,291,16,3,0,9.071428571428571,0.0,,2.4638929889859074
Axixá do Tocantins,2020-09-06,291,0,3,0,9.0,0.0,,2.4638929889859074
Axixá do Tocantins,2020-09-07,291,0,3,0,9.0,0.0,,2.4638929889859074
Axixá do Tocantins,2020-09-08,291,0,3,0,8.285714285714286,0.0,,2.4638929889859074
Axixá do Tocantins,2020-09-09,291,0,3,0,8.285714285714286,0.0,,2.4638929889859074
Axixá do Tocantins,2020-09-10,297,6,3,0,7.0,0.0,,2.4727564493172123
Axixá do Tocantins,2020-09-11,297,0,3,0,6.142857142857143,0.0,,2.4727564493172123
Axixá do Tocantins,2020-09-12,306,9,3,0,6.714285714285714,0.0,,2.48572142648158
Axixá do Tocantins,2020-09-13,306,0,3,0,6.714285714285714,0.0,,2.48572142648158
Axixá do Tocantins,2020-09-14,306,0,3,0,6.714285714285714,0.0,,2.48572142648158
Axixá do Tocantins,2020-09-15,306,0,3,0,5.142857142857143,0.0,,2.48572142648158
Axixá do Tocantins,2020-09-16,324,18,3,0,4.785714285714286,0.0,,2.510545010206612
Axixá do Tocantins,2020-09-17,330,6,3,0,4.714285714285714,0.0,,2.5185139398778875
Axixá do Tocantins,2020-09-18,335,5,3,0,4.285714285714286,0.0,,2.525044807036845
Axixá do Tocantins,2020-09-19,339,4,3,0,3.4285714285714284,0.0,,2.530199698203082
Axixá do Tocantins,2020-09-20,339,0,3,0,3.4285714285714284,0.0,,2.530199698203082
Axixá do Tocantins,2020-09-21,339,0,3,0,3.4285714285714284,0.0,,2.530199698203082
Axixá do Tocantins,2020-09-22,340,1,3,0,3.5,0.0,,2.531478917042255
Axixá do Tocantins,2020-09-23,341,1,3,0,3.5714285714285716,0.0,,2.5327543789924976
Axixá do Tocantins,2020-09-24,348,7,3,0,3.642857142857143,0.0,,2.5415792439465807
Axixá do Tocantins,2020-09-25,353,5,3,0,4.0,0.0,,2.5477747053878224
Axixá do Tocantins,2020-09-26,355,2,3,0,3.5,0.0,,2.550228353055094
Axixá do Tocantins,2020-09-27,355,0,3,0,3.5,0.0,,2.550228353055094
Axixá do Tocantins,2020-09-28,356,1,3,0,3.5714285714285716,0.0,,2.5514499979728753
Axixá do Tocantins,2020-09-29,373,17,3,0,4.785714285714286,0.0,,2.571708831808688
Axixá do Tocantins,2020-09-30,377,4,3,0,3.7857142857142856,0.0,,2.576341350205793
Axixá do Tocantins,2020-10-01,381,4,3,0,3.642857142857143,0.0,,2.5809249756756194
Axixá do Tocantins,2020-10-02,384,3,3,0,3.5,0.0,,2.584331224367531
Axixá do Tocantins,2020-10-03,388,4,3,0,3.5,0.0,,2.5888317255942073
Axixá do Tocantins,2020-10-04,388,0,3,0,3.5,0.0,,2.5888317255942073
Axixá do Tocantins,2020-10-05,388,0,3,0,3.5,0.0,,2.5888317255942073
Axixá do Tocantins,2020-10-06,388,0,3,0,3.4285714285714284,0.0,,2.5888317255942073
Axixá do Tocantins,2020-10-07,392,4,3,0,3.642857142857143,0.0,,2.593286067020457
Axixá do Tocantins,2020-10-08,398,6,3,0,3.5714285714285716,0.0,,2.5998830720736876
Axixá do Tocantins,2020-10-09,400,2,3,0,3.357142857142857,0.0,,2.6020599913279625
Axixá do Tocantins,2020-10-10,404,4,4,1,3.5,0.07142857142857142,inf,2.606381365110605
Axixá do Tocantins,2020-10-11,404,0,4,0,3.5,0.07142857142857142,inf,2.606381365110605
Axixá do Tocantins,2020-10-12,404,0,4,0,3.4285714285714284,0.07142857142857142,inf,2.606381365110605
Axixá do Tocantins,2020-10-13,404,0,4,0,2.2142857142857144,0.07142857142857142,inf,2.606381365110605
Axixá do Tocantins,2020-10-14,404,0,4,0,1.9285714285714286,0.07142857142857142,inf,2.606381365110605
Axixá do Tocantins,2020-10-15,404,0,4,0,1.6428571428571428,0.07142857142857142,inf,2.606381365110605
Axixá do Tocantins,2020-10-16,405,1,4,0,1.5,0.07142857142857142,inf,2.6074550232146687
Axixá do Tocantins,2020-10-17,410,5,4,0,1.5714285714285714,0.07142857142857142,inf,2.6127838567197355
Axixá do Tocantins,2020-10-18,410,0,4,0,1.5714285714285714,0.07142857142857142,inf,2.6127838567197355
Axixá do Tocantins,2020-10-19,410,0,4,0,1.5714285714285714,0.07142857142857142,inf,2.6127838567197355
Axixá do Tocantins,2020-10-20,410,0,4,0,1.5714285714285714,0.07142857142857142,inf,2.6127838567197355
Axixá do Tocantins,2020-10-21,410,0,4,0,1.2857142857142858,0.07142857142857142,inf,2.6127838567197355
Axixá do Tocantins,2020-10-22,422,12,4,0,1.7142857142857142,0.07142857142857142,inf,2.625312450961674
Axixá do Tocantins,2020-10-23,427,5,4,0,1.9285714285714286,0.07142857142857142,inf,2.630427875025024
Axixá do Tocantins,2020-10-24,427,0,4,0,1.6428571428571428,0.0,-1.0,2.630427875025024
Axixá do Tocantins,2020-10-25,427,0,4,0,1.6428571428571428,0.0,-1.0,2.630427875025024
Axixá do Tocantins,2020-10-26,427,0,4,0,1.6428571428571428,0.0,-1.0,2.630427875025024
Axixá do Tocantins,2020-10-27,436,9,4,0,2.2857142857142856,0.0,-1.0,2.639486489268586
Axixá do Tocantins,2020-10-28,436,0,4,0,2.2857142857142856,0.0,-1.0,2.639486489268586
Axixá do Tocantins,2020-10-29,436,0,4,0,2.2857142857142856,0.0,-1.0,2.639486489268586
Axixá do Tocantins,2020-10-30,442,6,4,0,2.642857142857143,0.0,-1.0,2.645422269349092
Axixá do Tocantins,2020-10-31,442,0,4,0,2.2857142857142856,0.0,-1.0,2.645422269349092
Axixá do Tocantins,2020-11-01,442,0,4,0,2.2857142857142856,0.0,-1.0,2.645422269349092
Axixá do Tocantins,2020-11-02,442,0,4,0,2.2857142857142856,0.0,-1.0,2.645422269349092
Axixá do Tocantins,2020-11-03,442,0,4,0,2.2857142857142856,0.0,-1.0,2.645422269349092
Axixá do Tocantins,2020-11-04,457,15,4,0,3.357142857142857,0.0,-1.0,2.6599162000698504
Axixá do Tocantins,2020-11-05,459,2,4,0,2.642857142857143,0.0,-1.0,2.661812685537261
Axixá do Tocantins,2020-11-06,468,9,4,0,2.9285714285714284,0.0,-1.0,2.670245853074124
Axixá do Tocantins,2020-11-07,472,4,4,0,3.2142857142857144,0.0,,2.673941998634088
Axixá do Tocantins,2020-11-08,472,0,4,0,3.2142857142857144,0.0,,2.673941998634088
Axixá do Tocantins,2020-11-09,472,0,4,0,3.2142857142857144,0.0,,2.673941998634088
Axixá do Tocantins,2020-11-10,472,0,4,0,2.5714285714285716,0.0,,2.673941998634088
Axixá do Tocantins,2020-11-11,477,5,4,0,2.9285714285714284,0.0,,2.678518379040114
Axixá do Tocantins,2020-11-12,477,0,4,0,2.9285714285714284,0.0,,2.678518379040114
Axixá do Tocantins,2020-11-13,477,0,4,0,2.5,0.0,,2.678518379040114
Axixá do Tocantins,2020-11-14,488,11,4,0,3.2857142857142856,0.0,,2.6884198220027105
Axixá do Tocantins,2020-11-15,488,0,4,0,3.2857142857142856,0.0,,2.6884198220027105
Axixá do Tocantins,2020-11-16,488,0,4,0,3.2857142857142856,0.0,,2.6884198220027105
Axixá do Tocantins,2020-11-17,490,2,4,0,3.4285714285714284,0.0,,2.690196080028514
Axixá do Tocantins,2020-11-18,490,0,4,0,2.357142857142857,0.0,,2.690196080028514
Axixá do Tocantins,2020-11-19,502,12,4,0,3.0714285714285716,0.0,,2.7007037171450192
Axixá do Tocantins,2020-11-20,520,18,4,0,3.7142857142857144,0.0,,2.716003343634799
Axixá do Tocantins,2020-11-21,523,3,4,0,3.642857142857143,0.0,,2.718501688867274
Axixá do Tocantins,2020-11-22,523,0,4,0,3.642857142857143,0.0,,2.718501688867274
Axixá do Tocantins,2020-11-23,523,0,4,0,3.642857142857143,0.0,,2.718501688867274
Axixá do Tocantins,2020-11-24,523,0,4,0,3.642857142857143,0.0,,2.718501688867274
Axixá do Tocantins,2020-11-25,523,0,4,0,3.2857142857142856,0.0,,2.718501688867274
Axixá do Tocantins,2020-11-26,524,1,4,0,3.357142857142857,0.0,,2.7193312869837265
Axixá do Tocantins,2020-11-27,524,0,4,0,3.357142857142857,0.0,,2.7193312869837265
Axixá do Tocantins,2020-11-28,527,3,4,0,2.7857142857142856,0.0,,2.7218106152125467
Axixá do Tocantins,2020-11-29,527,0,4,0,2.7857142857142856,0.0,,2.7218106152125467
Axixá do Tocantins,2020-11-30,527,0,4,0,2.7857142857142856,0.0,,2.7218106152125467
Axixá do Tocantins,2020-12-01,528,1,4,0,2.7142857142857144,0.0,,2.722633922533812
Axixá do Tocantins,2020-12-02,532,4,5,1,3.0,0.07142857142857142,inf,2.7259116322950483
Axixá do Tocantins,2020-12-03,533,1,5,0,2.2142857142857144,0.07142857142857142,inf,2.7267272090265724
Axixá do Tocantins,2020-12-04,533,0,5,0,0.9285714285714286,0.07142857142857142,inf,2.7267272090265724
Axixá do Tocantins,2020-12-05,533,0,5,0,0.7142857142857143,0.07142857142857142,inf,2.7267272090265724
Axixá do Tocantins,2020-12-06,533,0,5,0,0.7142857142857143,0.07142857142857142,inf,2.7267272090265724
Axixá do Tocantins,2020-12-07,533,0,5,0,0.7142857142857143,0.07142857142857142,inf,2.7267272090265724
Axixá do Tocantins,2020-12-08,539,6,5,0,1.1428571428571428,0.07142857142857142,inf,2.7315887651867388
Axixá do Tocantins,2020-12-09,554,15,5,0,2.2142857142857144,0.07142857142857142,inf,2.74350976472843
Axixá do Tocantins,2020-12-10,554,0,5,0,2.142857142857143,0.07142857142857142,inf,2.74350976472843
Axixá do Tocantins,2020-12-11,565,11,5,0,2.9285714285714284,0.07142857142857142,inf,2.7520484478194387
Axixá do Tocantins,2020-12-12,570,5,5,0,3.0714285714285716,0.07142857142857142,inf,2.7558748556724915
Axixá do Tocantins,2020-12-13,570,0,5,0,3.0714285714285716,0.07142857142857142,inf,2.7558748556724915
Axixá do Tocantins,2020-12-14,570,0,5,0,3.0714285714285716,0.07142857142857142,inf,2.7558748556724915
Axixá do Tocantins,2020-12-15,570,0,5,0,3.0,0.07142857142857142,inf,2.7558748556724915
Axixá do Tocantins,2020-12-16,570,0,5,0,2.7142857142857144,0.0,-1.0,2.7558748556724915
Axixá do Tocantins,2020-12-17,570,0,5,0,2.642857142857143,0.0,-1.0,2.7558748556724915
Axixá do Tocantins,2020-12-18,570,0,5,0,2.642857142857143,0.0,-1.0,2.7558748556724915
Axixá do Tocantins,2020-12-19,581,11,5,0,3.4285714285714284,0.0,-1.0,2.7641761323903307
Axixá do Tocantins,2020-12-20,581,0,5,0,3.4285714285714284,0.0,-1.0,2.7641761323903307
Axixá do Tocantins,2020-12-21,581,0,5,0,3.4285714285714284,0.0,-1.0,2.7641761323903307
Axixá do Tocantins,2020-12-22,581,0,5,0,3.0,0.0,-1.0,2.7641761323903307
Axixá do Tocantins,2020-12-23,581,0,5,0,1.9285714285714286,0.0,-1.0,2.7641761323903307
Axixá do Tocantins,2020-12-24,581,0,5,0,1.9285714285714286,0.0,-1.0,2.7641761323903307
Axixá do Tocantins,2020-12-25,581,0,5,0,1.1428571428571428,0.0,-1.0,2.7641761323903307
Axixá do Tocantins,2020-12-26,581,0,5,0,0.7857142857142857,0.0,-1.0,2.7641761323903307
Axixá do Tocantins,2020-12-27,581,0,5,0,0.7857142857142857,0.0,-1.0,2.7641761323903307
Axixá do Tocantins,2020-12-28,581,0,5,0,0.7857142857142857,0.0,-1.0,2.7641761323903307
Axixá do Tocantins,2020-12-29,582,1,5,0,0.8571428571428571,0.0,-1.0,2.7649229846498886
Axixá do Tocantins,2020-12-30,582,0,5,0,0.8571428571428571,0.0,,2.7649229846498886
Axixá do Tocantins,2020-12-31,582,0,5,0,0.8571428571428571,0.0,,2.7649229846498886
Axixá do Tocantins,2021-01-01,582,0,5,0,0.8571428571428571,0.0,,2.7649229846498886
Axixá do Tocantins,2021-01-02,582,0,5,0,0.07142857142857142,0.0,,2.7649229846498886
Axixá do Tocantins,2021-01-03,582,0,5,0,0.07142857142857142,0.0,,2.7649229846498886
Axixá do Tocantins,2021-01-04,582,0,5,0,0.07142857142857142,0.0,,2.7649229846498886
Axixá do Tocantins,2021-01-05,582,0,5,0,0.07142857142857142,0.0,,2.7649229846498886
Axixá do Tocantins,2021-01-06,582,0,5,0,0.07142857142857142,0.0,,2.7649229846498886
Axixá do Tocantins,2021-01-07,582,0,5,0,0.07142857142857142,0.0,,2.7649229846498886
Axixá do Tocantins,2021-01-08,582,0,5,0,0.07142857142857142,0.0,,2.7649229846498886
Axixá do Tocantins,2021-01-09,582,0,5,0,0.07142857142857142,0.0,,2.7649229846498886
Axixá do Tocantins,2021-01-10,582,0,5,0,0.07142857142857142,0.0,,2.7649229846498886
Axixá do Tocantins,2021-01-11,582,0,5,0,0.07142857142857142,0.0,,2.7649229846498886
Axixá do Tocantins,2021-01-12,582,0,5,0,0.0,0.0,,2.7649229846498886
Axixá do Tocantins,2021-01-13,584,2,5,0,0.14285714285714285,0.0,,2.7664128471123997
Axixá do Tocantins,2021-01-14,584,0,5,0,0.14285714285714285,0.0,,2.7664128471123997
Axixá do Tocantins,2021-01-15,584,0,5,0,0.14285714285714285,0.0,,2.7664128471123997
Axixá do Tocantins,2021-01-16,584,0,5,0,0.14285714285714285,0.0,,2.7664128471123997
Axixá do Tocantins,2021-01-17,584,0,5,0,0.14285714285714285,0.0,,2.7664128471123997
Axixá do Tocantins,2021-01-18,584,0,5,0,0.14285714285714285,0.0,,2.7664128471123997
Axixá do Tocantins,2021-01-19,584,0,5,0,0.14285714285714285,0.0,,2.7664128471123997
Axixá do Tocantins,2021-01-20,584,0,5,0,0.14285714285714285,0.0,,2.7664128471123997
Babaçulândia,2020-03-27,0,0,0,0,,,,0.0
Babaçulândia,2020-03-28,0,0,0,0,,,,0.0
Babaçulândia,2020-03-29,0,0,0,0,,,,0.0
Babaçulândia,2020-03-30,0,0,0,0,,,,0.0
Babaçulândia,2020-03-31,0,0,0,0,,,,0.0
Babaçulândia,2020-04-01,0,0,0,0,,,,0.0
Babaçulândia,2020-04-02,0,0,0,0,,,,0.0
Babaçulândia,2020-04-03,0,0,0,0,,,,0.0
Babaçulândia,2020-04-04,0,0,0,0,,,,0.0
Babaçulândia,2020-04-05,0,0,0,0,,,,0.0
Babaçulândia,2020-04-06,0,0,0,0,,,,0.0
Babaçulândia,2020-04-07,0,0,0,0,,,,0.0
Babaçulândia,2020-04-08,0,0,0,0,,,,0.0
Babaçulândia,2020-04-09,0,0,0,0,0.0,0.0,,0.0
Babaçulândia,2020-04-10,0,0,0,0,0.0,0.0,,0.0
Babaçulândia,2020-04-11,0,0,0,0,0.0,0.0,,0.0
Babaçulândia,2020-04-12,0,0,0,0,0.0,0.0,,0.0
Babaçulândia,2020-04-13,0,0,0,0,0.0,0.0,,0.0
Babaçulândia,2020-04-14,0,0,0,0,0.0,0.0,,0.0
Babaçulândia,2020-04-15,0,0,0,0,0.0,0.0,,0.0
Babaçulândia,2020-04-16,0,0,0,0,0.0,0.0,,0.0
Babaçulândia,2020-04-17,0,0,0,0,0.0,0.0,,0.0
Babaçulândia,2020-04-18,0,0,0,0,0.0,0.0,,0.0
Babaçulândia,2020-04-19,0,0,0,0,0.0,0.0,,0.0
Babaçulândia,2020-04-20,0,0,0,0,0.0,0.0,,0.0
Babaçulândia,2020-04-21,0,0,0,0,0.0,0.0,,0.0
Babaçulândia,2020-04-22,0,0,0,0,0.0,0.0,,0.0
Babaçulândia,2020-04-23,0,0,0,0,0.0,0.0,,0.0
Babaçulândia,2020-04-24,0,0,0,0,0.0,0.0,,0.0
Babaçulândia,2020-04-25,0,0,0,0,0.0,0.0,,0.0
Babaçulândia,2020-04-26,0,0,0,0,0.0,0.0,,0.0
Babaçulândia,2020-04-27,0,0,0,0,0.0,0.0,,0.0
Babaçulândia,2020-04-28,0,0,0,0,0.0,0.0,,0.0
Babaçulândia,2020-04-29,0,0,0,0,0.0,0.0,,0.0
Babaçulândia,2020-04-30,0,0,0,0,0.0,0.0,,0.0
Babaçulândia,2020-05-01,0,0,0,0,0.0,0.0,,0.0
Babaçulândia,2020-05-02,0,0,0,0,0.0,0.0,,0.0
Babaçulândia,2020-05-03,0,0,0,0,0.0,0.0,,0.0
Babaçulândia,2020-05-04,0,0,0,0,0.0,0.0,,0.0
Babaçulândia,2020-05-05,0,0,0,0,0.0,0.0,,0.0
Babaçulândia,2020-05-06,0,0,0,0,0.0,0.0,,0.0
Babaçulândia,2020-05-07,0,0,0,0,0.0,0.0,,0.0
Babaçulândia,2020-05-08,0,0,0,0,0.0,0.0,,0.0
Babaçulândia,2020-05-09,0,0,0,0,0.0,0.0,,0.0
Babaçulândia,2020-05-10,0,0,0,0,0.0,0.0,,0.0
Babaçulândia,2020-05-11,0,0,0,0,0.0,0.0,,0.0
Babaçulândia,2020-05-12,0,0,0,0,0.0,0.0,,0.0
Babaçulândia,2020-05-13,0,0,0,0,0.0,0.0,,0.0
Babaçulândia,2020-05-14,0,0,0,0,0.0,0.0,,0.0
Babaçulândia,2020-05-15,0,0,0,0,0.0,0.0,,0.0
Babaçulândia,2020-05-16,0,0,0,0,0.0,0.0,,0.0
Babaçulândia,2020-05-17,1,1,0,0,0.07142857142857142,0.0,,0.0
Babaçulândia,2020-05-18,0,-1,0,0,0.0,0.0,,0.0
Babaçulândia,2020-05-19,1,1,0,0,0.07142857142857142,0.0,,0.0
Babaçulândia,2020-05-20,1,0,0,0,0.07142857142857142,0.0,,0.0
Babaçulândia,2020-05-21,2,1,0,0,0.14285714285714285,0.0,,0.3010299956639812
Babaçulândia,2020-05-22,1,-1,0,0,0.07142857142857142,0.0,,0.0
Babaçulândia,2020-05-23,1,0,0,0,0.07142857142857142,0.0,,0.0
Babaçulândia,2020-05-24,1,0,0,0,0.07142857142857142,0.0,,0.0
Babaçulândia,2020-05-25,1,0,0,0,0.07142857142857142,0.0,,0.0
Babaçulândia,2020-05-26,1,0,0,0,0.07142857142857142,0.0,,0.0
Babaçulândia,2020-05-27,1,0,0,0,0.07142857142857142,0.0,,0.0
Babaçulândia,2020-05-28,2,1,0,0,0.14285714285714285,0.0,,0.3010299956639812
Babaçulândia,2020-05-29,2,0,0,0,0.14285714285714285,0.0,,0.3010299956639812
Babaçulândia,2020-05-30,2,0,0,0,0.14285714285714285,0.0,,0.3010299956639812
Babaçulândia,2020-05-31,4,2,0,0,0.21428571428571427,0.0,,0.6020599913279624
Babaçulândia,2020-06-01,3,-1,0,0,0.21428571428571427,0.0,,0.47712125471966244
Babaçulândia,2020-06-02,2,-1,0,0,0.07142857142857142,0.0,,0.3010299956639812
Babaçulândia,2020-06-03,3,1,0,0,0.14285714285714285,0.0,,0.47712125471966244
Babaçulândia,2020-06-04,4,1,0,0,0.14285714285714285,0.0,,0.6020599913279624
Babaçulândia,2020-06-05,3,-1,0,0,0.14285714285714285,0.0,,0.47712125471966244
Babaçulândia,2020-06-06,4,1,0,0,0.21428571428571427,0.0,,0.6020599913279624
Babaçulândia,2020-06-07,4,0,0,0,0.21428571428571427,0.0,,0.6020599913279624
Babaçulândia,2020-06-08,4,0,0,0,0.21428571428571427,0.0,,0.6020599913279624
Babaçulândia,2020-06-09,4,0,0,0,0.21428571428571427,0.0,,0.6020599913279624
Babaçulândia,2020-06-10,7,3,0,0,0.42857142857142855,0.0,,0.8450980400142568
Babaçulândia,2020-06-11,6,-1,0,0,0.2857142857142857,0.0,,0.7781512503836436
Babaçulândia,2020-06-12,6,0,0,0,0.2857142857142857,0.0,,0.7781512503836436
Babaçulândia,2020-06-13,6,0,0,0,0.2857142857142857,0.0,,0.7781512503836436
Babaçulândia,2020-06-14,6,0,0,0,0.14285714285714285,0.0,,0.7781512503836436
Babaçulândia,2020-06-15,8,2,0,0,0.35714285714285715,0.0,,0.9030899869919435
Babaçulândia,2020-06-16,8,0,0,0,0.42857142857142855,0.0,,0.9030899869919435
Babaçulândia,2020-06-17,10,2,0,0,0.5,0.0,,1.0
Babaçulândia,2020-06-18,10,0,0,0,0.42857142857142855,0.0,,1.0
Babaçulândia,2020-06-19,10,0,0,0,0.5,0.0,,1.0
Babaçulândia,2020-06-20,10,0,0,0,0.42857142857142855,0.0,,1.0
Babaçulândia,2020-06-21,10,0,0,0,0.42857142857142855,0.0,,1.0
Babaçulândia,2020-06-22,10,0,0,0,0.42857142857142855,0.0,,1.0
Babaçulândia,2020-06-23,11,1,0,0,0.5,0.0,,1.041392685158225
Babaçulândia,2020-06-24,11,0,0,0,0.2857142857142857,0.0,,1.041392685158225
Babaçulândia,2020-06-25,14,3,0,0,0.5714285714285714,0.0,,1.146128035678238
Babaçulândia,2020-06-26,14,0,0,0,0.5714285714285714,0.0,,1.146128035678238
Babaçulândia,2020-06-27,18,4,0,0,0.8571428571428571,0.0,,1.255272505103306
Babaçulândia,2020-06-28,19,1,0,0,0.9285714285714286,0.0,,1.2787536009528289
Babaçulândia,2020-06-29,19,0,0,0,0.7857142857142857,0.0,,1.2787536009528289
Babaçulândia,2020-06-30,24,5,0,0,1.1428571428571428,0.0,,1.380211241711606
Babaçulândia,2020-07-01,27,3,0,0,1.2142857142857142,0.0,,1.4313637641589874
Babaçulândia,2020-07-02,27,0,0,0,1.2142857142857142,0.0,,1.4313637641589874
Babaçulândia,2020-07-03,27,0,0,0,1.2142857142857142,0.0,,1.4313637641589874
Babaçulândia,2020-07-04,27,0,0,0,1.2142857142857142,0.0,,1.4313637641589874
Babaçulândia,2020-07-05,28,1,0,0,1.2857142857142858,0.0,,1.4471580313422192
Babaçulândia,2020-07-06,33,5,0,0,1.6428571428571428,0.0,,1.5185139398778875
Babaçulândia,2020-07-07,35,2,0,0,1.7142857142857142,0.0,,1.5440680443502757
Babaçulândia,2020-07-08,35,0,0,0,1.7142857142857142,0.0,,1.5440680443502757
Babaçulândia,2020-07-09,35,0,0,0,1.5,0.0,,1.5440680443502757
Babaçulândia,2020-07-10,35,0,0,0,1.5,0.0,,1.5440680443502757
Babaçulândia,2020-07-11,36,1,0,0,1.2857142857142858,0.0,,1.5563025007672873
Babaçulândia,2020-07-12,37,1,0,0,1.2857142857142858,0.0,,1.568201724066995
Babaçulândia,2020-07-13,37,0,0,0,1.2857142857142858,0.0,,1.568201724066995
Babaçulândia,2020-07-14,37,0,0,0,0.9285714285714286,0.0,,1.568201724066995
Babaçulândia,2020-07-15,37,0,0,0,0.7142857142857143,0.0,,1.568201724066995
Babaçulândia,2020-07-16,37,0,0,0,0.7142857142857143,0.0,,1.568201724066995
Babaçulândia,2020-07-17,39,2,0,0,0.8571428571428571,0.0,,1.591064607026499
Babaçulândia,2020-07-18,39,0,0,0,0.8571428571428571,0.0,,1.591064607026499
Babaçulândia,2020-07-19,38,-1,0,0,0.7142857142857143,0.0,,1.5797835966168101
Babaçulândia,2020-07-20,39,1,0,0,0.42857142857142855,0.0,,1.591064607026499
Babaçulândia,2020-07-21,39,0,0,0,0.2857142857142857,0.0,,1.591064607026499
Babaçulândia,2020-07-22,44,5,0,0,0.6428571428571429,0.0,,1.6434526764861874
Babaçulândia,2020-07-23,46,2,0,0,0.7857142857142857,0.0,,1.662757831681574
Babaçulândia,2020-07-24,47,1,0,0,0.8571428571428571,0.0,,1.6720978579357175
Babaçulândia,2020-07-25,47,0,0,0,0.7857142857142857,0.0,,1.6720978579357175
Babaçulândia,2020-07-26,47,0,0,0,0.7142857142857143,0.0,,1.6720978579357175
Babaçulândia,2020-07-27,47,0,0,0,0.7142857142857143,0.0,,1.6720978579357175
Babaçulândia,2020-07-28,49,2,0,0,0.8571428571428571,0.0,,1.6901960800285136
Babaçulândia,2020-07-29,52,3,0,0,1.0714285714285714,0.0,,1.7160033436347992
Babaçulândia,2020-07-30,54,2,0,0,1.2142857142857142,0.0,,1.7323937598229686
Babaçulândia,2020-07-31,54,0,0,0,1.0714285714285714,0.0,,1.7323937598229686
Babaçulândia,2020-08-01,55,1,0,0,1.1428571428571428,0.0,,1.7403626894942439
Babaçulândia,2020-08-02,59,4,0,0,1.5,0.0,,1.7708520116421442
Babaçulândia,2020-08-03,59,0,0,0,1.4285714285714286,0.0,,1.7708520116421442
Babaçulândia,2020-08-04,61,2,0,0,1.5714285714285714,0.0,,1.7853298350107671
Babaçulândia,2020-08-05,66,5,0,0,1.5714285714285714,0.0,,1.8195439355418688
Babaçulândia,2020-08-06,67,1,0,0,1.5,0.0,,1.8260748027008264
Babaçulândia,2020-08-07,72,5,0,0,1.7857142857142858,0.0,,1.8573324964312685
Babaçulândia,2020-08-08,73,1,0,0,1.8571428571428572,0.0,,1.863322860120456
Babaçulândia,2020-08-09,76,3,0,0,2.0714285714285716,0.0,,1.8808135922807914
Babaçulândia,2020-08-10,76,0,0,0,2.0714285714285716,0.0,,1.8808135922807914
Babaçulândia,2020-08-11,82,6,0,0,2.357142857142857,0.0,,1.9138138523837167
Babaçulândia,2020-08-12,87,5,0,0,2.5,0.0,,1.9395192526186185
Babaçulândia,2020-08-13,93,6,0,0,2.7857142857142856,0.0,,1.968482948553935
Babaçulândia,2020-08-14,95,2,0,0,2.9285714285714284,0.0,,1.9777236052888478
Babaçulândia,2020-08-15,99,4,0,0,3.142857142857143,0.0,,1.99563519459755
Babaçulândia,2020-08-16,99,0,0,0,2.857142857142857,0.0,,1.99563519459755
Babaçulândia,2020-08-17,99,0,1,1,2.857142857142857,0.07142857142857142,inf,1.99563519459755
Babaçulândia,2020-08-18,108,9,1,0,3.357142857142857,0.07142857142857142,inf,2.03342375548695
Babaçulândia,2020-08-19,114,6,1,0,3.4285714285714284,0.07142857142857142,inf,2.0569048513364727
Babaçulândia,2020-08-20,114,0,1,0,3.357142857142857,0.07142857142857142,inf,2.0569048513364727
Babaçulândia,2020-08-21,118,4,2,1,3.2857142857142856,0.14285714285714285,inf,2.0718820073061255
Babaçulândia,2020-08-22,118,0,2,0,3.2142857142857144,0.14285714285714285,inf,2.0718820073061255
Babaçulândia,2020-08-23,118,0,2,0,3.0,0.14285714285714285,inf,2.0718820073061255
Babaçulândia,2020-08-24,118,0,2,0,3.0,0.14285714285714285,inf,2.0718820073061255
Babaçulândia,2020-08-25,124,6,2,0,3.0,0.14285714285714285,inf,2.093421685162235
Babaçulândia,2020-08-26,128,4,2,0,2.9285714285714284,0.14285714285714285,inf,2.1072099696478683
Babaçulândia,2020-08-27,136,8,2,0,3.0714285714285716,0.14285714285714285,inf,2.1335389083702174
Babaçulândia,2020-08-28,142,6,2,0,3.357142857142857,0.14285714285714285,inf,2.1522883443830563
Babaçulândia,2020-08-29,147,5,2,0,3.4285714285714284,0.14285714285714285,inf,2.167317334748176
Babaçulândia,2020-08-30,147,0,2,0,3.4285714285714284,0.14285714285714285,inf,2.167317334748176
Babaçulândia,2020-08-31,149,2,2,0,3.5714285714285716,0.07142857142857142,0.0,2.173186268412274
Babaçulândia,2020-09-01,157,8,2,0,3.5,0.07142857142857142,0.0,2.1958996524092336
Babaçulândia,2020-09-02,159,2,2,0,3.2142857142857144,0.07142857142857142,0.0,2.2013971243204513
Babaçulândia,2020-09-03,165,6,2,0,3.642857142857143,0.07142857142857142,0.0,2.2174839442139063
Babaçulândia,2020-09-04,173,8,2,0,3.9285714285714284,0.0,-1.0,2.2380461031287955
Babaçulândia,2020-09-05,182,9,2,0,4.571428571428571,0.0,-1.0,2.2600713879850747
Babaçulândia,2020-09-06,182,0,2,0,4.571428571428571,0.0,-1.0,2.2600713879850747
Babaçulândia,2020-09-07,182,0,2,0,4.571428571428571,0.0,-1.0,2.2600713879850747
Babaçulândia,2020-09-08,182,0,2,0,4.142857142857143,0.0,-1.0,2.2600713879850747
Babaçulândia,2020-09-09,192,10,2,0,4.571428571428571,0.0,-1.0,2.2833012287035497
Babaçulândia,2020-09-10,193,1,2,0,4.071428571428571,0.0,-1.0,2.285557309007774
Babaçulândia,2020-09-11,200,7,2,0,4.142857142857143,0.0,-1.0,2.3010299956639813
Babaçulândia,2020-09-12,202,2,2,0,3.9285714285714284,0.0,-1.0,2.305351369446624
Babaçulândia,2020-09-13,202,0,2,0,3.9285714285714284,0.0,-1.0,2.305351369446624
Babaçulândia,2020-09-14,202,0,2,0,3.7857142857142856,0.0,-1.0,2.305351369446624
Babaçulândia,2020-09-15,203,1,2,0,3.2857142857142856,0.0,-1.0,2.307496037913213
Babaçulândia,2020-09-16,203,0,2,0,3.142857142857143,0.0,-1.0,2.307496037913213
Babaçulândia,2020-09-17,208,5,2,0,3.0714285714285716,0.0,-1.0,2.3180633349627615
Babaçulândia,2020-09-18,217,9,2,0,3.142857142857143,0.0,,2.3364597338485296
Babaçulândia,2020-09-19,224,7,2,0,3.0,0.0,,2.3502480183341627
Babaçulândia,2020-09-20,224,0,2,0,3.0,0.0,,2.3502480183341627
Babaçulândia,2020-09-21,224,0,2,0,3.0,0.0,,2.3502480183341627
Babaçulândia,2020-09-22,226,2,2,0,3.142857142857143,0.0,,2.3541084391474008
Babaçulândia,2020-09-23,227,1,2,0,2.5,0.0,,2.3560258571931225
Babaçulândia,2020-09-24,242,15,2,0,3.5,0.0,,2.383815365980431
Babaçulândia,2020-09-25,243,1,2,0,3.0714285714285716,0.0,,2.385606273598312
Babaçulândia,2020-09-26,244,1,2,0,3.0,0.0,,2.3873898263387296
Babaçulândia,2020-09-27,245,1,2,0,3.0714285714285716,0.0,,2.3891660843645326
Babaçulândia,2020-09-28,245,0,2,0,3.0714285714285716,0.0,,2.3891660843645326
Babaçulândia,2020-09-29,252,7,2,0,3.5,0.0,,2.401400540781544
Babaçulândia,2020-09-30,259,7,2,0,4.0,0.0,,2.413299764081252
Babaçulândia,2020-10-01,275,16,2,0,4.785714285714286,0.0,,2.439332693830263
Babaçulândia,2020-10-02,304,29,2,0,6.214285714285714,0.0,,2.482873583608754
Babaçulândia,2020-10-03,314,10,2,0,6.428571428571429,0.0,,2.496929648073215
Babaçulândia,2020-10-04,314,0,2,0,6.428571428571429,0.0,,2.496929648073215
Babaçulândia,2020-10-05,314,0,2,0,6.428571428571429,0.0,,2.496929648073215
Babaçulândia,2020-10-06,325,11,2,0,7.071428571428571,0.0,,2.5118833609788744
Babaçulândia,2020-10-07,328,3,3,1,7.214285714285714,0.07142857142857142,inf,2.515873843711679
Babaçulândia,2020-10-08,338,10,3,0,6.857142857142857,0.07142857142857142,inf,2.5289167002776547
Babaçulândia,2020-10-09,342,4,3,0,7.071428571428571,0.07142857142857142,inf,2.534026106056135
Babaçulândia,2020-10-10,349,7,3,0,7.5,0.07142857142857142,inf,2.5428254269591797
Babaçulândia,2020-10-11,350,1,3,0,7.5,0.07142857142857142,inf,2.5440680443502757
Babaçulândia,2020-10-12,350,0,3,0,7.5,0.07142857142857142,inf,2.5440680443502757
Babaçulândia,2020-10-13,350,0,3,0,7.0,0.07142857142857142,inf,2.5440680443502757
Babaçulândia,2020-10-14,351,1,3,0,6.571428571428571,0.07142857142857142,inf,2.545307116465824
Babaçulândia,2020-10-15,354,3,3,0,5.642857142857143,0.07142857142857142,inf,2.5490032620257876
Babaçulândia,2020-10-16,356,2,3,0,3.7142857142857144,0.07142857142857142,inf,2.5514499979728753
Babaçulândia,2020-10-17,363,7,3,0,3.5,0.07142857142857142,inf,2.5599066250361124
Babaçulândia,2020-10-18,363,0,3,0,3.5,0.07142857142857142,inf,2.5599066250361124
Babaçulândia,2020-10-19,363,0,3,0,3.5,0.07142857142857142,inf,2.5599066250361124
Babaçulândia,2020-10-20,363,0,3,0,2.7142857142857144,0.07142857142857142,inf,2.5599066250361124
Babaçulândia,2020-10-21,363,0,3,0,2.5,0.0,-1.0,2.5599066250361124
Babaçulândia,2020-10-22,370,7,3,0,2.2857142857142856,0.0,-1.0,2.568201724066995
Babaçulândia,2020-10-23,371,1,3,0,2.0714285714285716,0.0,-1.0,2.569373909615046
Babaçulândia,2020-10-24,378,7,3,0,2.0714285714285716,0.0,-1.0,2.577491799837225
Babaçulândia,2020-10-25,378,0,3,0,2.0,0.0,-1.0,2.577491799837225
Babaçulândia,2020-10-26,378,0,3,0,2.0,0.0,-1.0,2.577491799837225
Babaçulândia,2020-10-27,381,3,3,0,2.2142857142857144,0.0,-1.0,2.5809249756756194
Babaçulândia,2020-10-28,381,0,3,0,2.142857142857143,0.0,-1.0,2.5809249756756194
Babaçulândia,2020-10-29,375,-6,3,0,1.5,0.0,-1.0,2.574031267727719
Babaçulândia,2020-10-30,376,1,3,0,1.4285714285714286,0.0,-1.0,2.575187844927661
Babaçulândia,2020-10-31,376,0,3,0,0.9285714285714286,0.0,-1.0,2.575187844927661
Babaçulândia,2020-11-01,377,1,3,0,1.0,0.0,-1.0,2.576341350205793
Babaçulândia,2020-11-02,377,0,3,0,1.0,0.0,-1.0,2.576341350205793
Babaçulândia,2020-11-03,377,0,3,0,1.0,0.0,-1.0,2.576341350205793
Babaçulândia,2020-11-04,377,0,3,0,1.0,0.0,,2.576341350205793
Babaçulândia,2020-11-05,378,1,3,0,0.5714285714285714,0.0,,2.577491799837225
Babaçulândia,2020-11-06,392,14,3,0,1.5,0.0,,2.593286067020457
Babaçulândia,2020-11-07,392,0,3,0,1.0,0.0,,2.593286067020457
Babaçulândia,2020-11-08,393,1,3,0,1.0714285714285714,0.0,,2.5943925503754266
Babaçulândia,2020-11-09,395,2,3,0,1.2142857142857142,0.0,,2.59659709562646
Babaçulândia,2020-11-10,396,1,3,0,1.0714285714285714,0.0,,2.597695185925512
Babaçulândia,2020-11-11,397,1,4,1,1.1428571428571428,0.07142857142857142,inf,2.598790506763115
Babaçulândia,2020-11-12,408,11,4,0,2.357142857142857,0.07142857142857142,inf,2.61066016308988
Babaçulândia,2020-11-13,408,0,4,0,2.2857142857142856,0.07142857142857142,inf,2.61066016308988
Babaçulândia,2020-11-14,408,0,4,0,2.2857142857142856,0.07142857142857142,inf,2.61066016308988
Babaçulândia,2020-11-15,408,0,4,0,2.2142857142857144,0.07142857142857142,inf,2.61066016308988
Babaçulândia,2020-11-16,408,0,4,0,2.2142857142857144,0.07142857142857142,inf,2.61066016308988
Babaçulândia,2020-11-17,408,0,4,0,2.2142857142857144,0.07142857142857142,inf,2.61066016308988
Babaçulândia,2020-11-18,408,0,4,0,2.2142857142857144,0.07142857142857142,inf,2.61066016308988
Babaçulândia,2020-11-19,411,3,4,0,2.357142857142857,0.07142857142857142,inf,2.6138418218760693
Babaçulândia,2020-11-20,411,0,4,0,1.3571428571428572,0.07142857142857142,inf,2.6138418218760693
Babaçulândia,2020-11-21,418,7,4,0,1.8571428571428572,0.07142857142857142,inf,2.621176281775035
Babaçulândia,2020-11-22,418,0,4,0,1.7857142857142858,0.07142857142857142,inf,2.621176281775035
Babaçulândia,2020-11-23,418,0,4,0,1.6428571428571428,0.07142857142857142,inf,2.621176281775035
Babaçulândia,2020-11-24,418,0,4,0,1.5714285714285714,0.07142857142857142,inf,2.621176281775035
Babaçulândia,2020-11-25,418,0,4,0,1.5,0.0,-1.0,2.621176281775035
Babaçulândia,2020-11-26,419,1,4,0,0.7857142857142857,0.0,-1.0,2.622214022966295
Babaçulândia,2020-11-27,422,3,4,0,1.0,0.0,-1.0,2.625312450961674
Babaçulândia,2020-11-28,422,0,4,0,1.0,0.0,-1.0,2.625312450961674
Babaçulândia,2020-11-29,422,0,4,0,1.0,0.0,-1.0,2.625312450961674
Babaçulândia,2020-11-30,422,0,4,0,1.0,0.0,-1.0,2.625312450961674
Babaçulândia,2020-12-01,422,0,4,0,1.0,0.0,-1.0,2.625312450961674
Babaçulândia,2020-12-02,422,0,4,0,1.0,0.0,-1.0,2.625312450961674
Babaçulândia,2020-12-03,422,0,4,0,0.7857142857142857,0.0,-1.0,2.625312450961674
Babaçulândia,2020-12-04,422,0,4,0,0.7857142857142857,0.0,-1.0,2.625312450961674
Babaçulândia,2020-12-05,422,0,4,0,0.2857142857142857,0.0,-1.0,2.625312450961674
Babaçulândia,2020-12-06,422,0,4,0,0.2857142857142857,0.0,-1.0,2.625312450961674
Babaçulândia,2020-12-07,422,0,4,0,0.2857142857142857,0.0,-1.0,2.625312450961674
Babaçulândia,2020-12-08,422,0,4,0,0.2857142857142857,0.0,-1.0,2.625312450961674
Babaçulândia,2020-12-09,422,0,4,0,0.2857142857142857,0.0,,2.625312450961674
Babaçulândia,2020-12-10,422,0,4,0,0.21428571428571427,0.0,,2.625312450961674
Babaçulândia,2020-12-11,427,5,4,0,0.35714285714285715,0.0,,2.630427875025024
Babaçulândia,2020-12-12,427,0,4,0,0.35714285714285715,0.0,,2.630427875025024
Babaçulândia,2020-12-13,427,0,4,0,0.35714285714285715,0.0,,2.630427875025024
Babaçulândia,2020-12-14,427,0,4,0,0.35714285714285715,0.0,,2.630427875025024
Babaçulândia,2020-12-15,427,0,4,0,0.35714285714285715,0.0,,2.630427875025024
Babaçulândia,2020-12-16,429,2,4,0,0.5,0.0,,2.632457292184724
Babaçulândia,2020-12-17,429,0,4,0,0.5,0.0,,2.632457292184724
Babaçulândia,2020-12-18,429,0,4,0,0.5,0.0,,2.632457292184724
Babaçulândia,2020-12-19,429,0,4,0,0.5,0.0,,2.632457292184724
Babaçulândia,2020-12-20,429,0,4,0,0.5,0.0,,2.632457292184724
Babaçulândia,2020-12-21,429,0,4,0,0.5,0.0,,2.632457292184724
Babaçulândia,2020-12-22,429,0,4,0,0.5,0.0,,2.632457292184724
Babaçulândia,2020-12-23,429,0,4,0,0.5,0.0,,2.632457292184724
Babaçulândia,2020-12-24,429,0,4,0,0.5,0.0,,2.632457292184724
Babaçulândia,2020-12-25,429,0,4,0,0.14285714285714285,0.0,,2.632457292184724
Babaçulândia,2020-12-26,429,0,4,0,0.14285714285714285,0.0,,2.632457292184724
Babaçulândia,2020-12-27,429,0,4,0,0.14285714285714285,0.0,,2.632457292184724
Babaçulândia,2020-12-28,429,0,4,0,0.14285714285714285,0.0,,2.632457292184724
Babaçulândia,2020-12-29,429,0,4,0,0.14285714285714285,0.0,,2.632457292184724
Babaçulândia,2020-12-30,429,0,4,0,0.0,0.0,,2.632457292184724
Babaçulândia,2020-12-31,429,0,4,0,0.0,0.0,,2.632457292184724
Babaçulândia,2021-01-01,429,0,4,0,0.0,0.0,,2.632457292184724
Babaçulândia,2021-01-02,429,0,4,0,0.0,0.0,,2.632457292184724
Babaçulândia,2021-01-03,429,0,4,0,0.0,0.0,,2.632457292184724
Babaçulândia,2021-01-04,429,0,4,0,0.0,0.0,,2.632457292184724
Babaçulândia,2021-01-05,429,0,4,0,0.0,0.0,,2.632457292184724
Babaçulândia,2021-01-06,429,0,4,0,0.0,0.0,,2.632457292184724
Babaçulândia,2021-01-07,429,0,4,0,0.0,0.0,,2.632457292184724
Babaçulândia,2021-01-08,430,1,4,0,0.07142857142857142,0.0,,2.6334684555795866
Babaçulândia,2021-01-09,430,0,4,0,0.07142857142857142,0.0,,2.6334684555795866
Babaçulândia,2021-01-10,430,0,4,0,0.07142857142857142,0.0,,2.6334684555795866
Babaçulândia,2021-01-11,430,0,4,0,0.07142857142857142,0.0,,2.6334684555795866
Babaçulândia,2021-01-12,431,1,4,0,0.14285714285714285,0.0,,2.6344772701607315
Babaçulândia,2021-01-13,431,0,4,0,0.14285714285714285,0.0,,2.6344772701607315
Babaçulândia,2021-01-14,432,1,4,0,0.21428571428571427,0.0,,2.635483746814912
Babaçulândia,2021-01-15,432,0,4,0,0.21428571428571427,0.0,,2.635483746814912
Babaçulândia,2021-01-16,433,1,4,0,0.2857142857142857,0.0,,2.6364878963533656
Babaçulândia,2021-01-17,433,0,4,0,0.2857142857142857,0.0,,2.6364878963533656
Babaçulândia,2021-01-18,433,0,4,0,0.2857142857142857,0.0,,2.6364878963533656
Babaçulândia,2021-01-19,433,0,4,0,0.2857142857142857,0.0,,2.6364878963533656
Babaçulândia,2021-01-20,433,0,4,0,0.2857142857142857,0.0,,2.6364878963533656
Bandeirantes do Tocantins,2020-03-27,0,0,0,0,,,,0.0
Bandeirantes do Tocantins,2020-03-28,0,0,0,0,,,,0.0
Bandeirantes do Tocantins,2020-03-29,0,0,0,0,,,,0.0
Bandeirantes do Tocantins,2020-03-30,0,0,0,0,,,,0.0
Bandeirantes do Tocantins,2020-03-31,0,0,0,0,,,,0.0
Bandeirantes do Tocantins,2020-04-01,0,0,0,0,,,,0.0
Bandeirantes do Tocantins,2020-04-02,0,0,0,0,,,,0.0
Bandeirantes do Tocantins,2020-04-03,0,0,0,0,,,,0.0
Bandeirantes do Tocantins,2020-04-04,0,0,0,0,,,,0.0
Bandeirantes do Tocantins,2020-04-05,0,0,0,0,,,,0.0
Bandeirantes do Tocantins,2020-04-06,0,0,0,0,,,,0.0
Bandeirantes do Tocantins,2020-04-07,0,0,0,0,,,,0.0
Bandeirantes do Tocantins,2020-04-08,0,0,0,0,,,,0.0
Bandeirantes do Tocantins,2020-04-09,0,0,0,0,0.0,0.0,,0.0
Bandeirantes do Tocantins,2020-04-10,0,0,0,0,0.0,0.0,,0.0
Bandeirantes do Tocantins,2020-04-11,0,0,0,0,0.0,0.0,,0.0
Bandeirantes do Tocantins,2020-04-12,0,0,0,0,0.0,0.0,,0.0
Bandeirantes do Tocantins,2020-04-13,0,0,0,0,0.0,0.0,,0.0
Bandeirantes do Tocantins,2020-04-14,0,0,0,0,0.0,0.0,,0.0
Bandeirantes do Tocantins,2020-04-15,0,0,0,0,0.0,0.0,,0.0
Bandeirantes do Tocantins,2020-04-16,0,0,0,0,0.0,0.0,,0.0
Bandeirantes do Tocantins,2020-04-17,0,0,0,0,0.0,0.0,,0.0
Bandeirantes do Tocantins,2020-04-18,0,0,0,0,0.0,0.0,,0.0
Bandeirantes do Tocantins,2020-04-19,0,0,0,0,0.0,0.0,,0.0
Bandeirantes do Tocantins,2020-04-20,0,0,0,0,0.0,0.0,,0.0
Bandeirantes do Tocantins,2020-04-21,0,0,0,0,0.0,0.0,,0.0
Bandeirantes do Tocantins,2020-04-22,0,0,0,0,0.0,0.0,,0.0
Bandeirantes do Tocantins,2020-04-23,0,0,0,0,0.0,0.0,,0.0
Bandeirantes do Tocantins,2020-04-24,0,0,0,0,0.0,0.0,,0.0
Bandeirantes do Tocantins,2020-04-25,0,0,0,0,0.0,0.0,,0.0
Bandeirantes do Tocantins,2020-04-26,0,0,0,0,0.0,0.0,,0.0
Bandeirantes do Tocantins,2020-04-27,0,0,0,0,0.0,0.0,,0.0
Bandeirantes do Tocantins,2020-04-28,0,0,0,0,0.0,0.0,,0.0
Bandeirantes do Tocantins,2020-04-29,0,0,0,0,0.0,0.0,,0.0
Bandeirantes do Tocantins,2020-04-30,1,1,0,0,0.07142857142857142,0.0,,0.0
Bandeirantes do Tocantins,2020-05-01,1,0,0,0,0.07142857142857142,0.0,,0.0
Bandeirantes do Tocantins,2020-05-02,1,0,0,0,0.07142857142857142,0.0,,0.0
Bandeirantes do Tocantins,2020-05-03,1,0,0,0,0.07142857142857142,0.0,,0.0
Bandeirantes do Tocantins,2020-05-04,1,0,0,0,0.07142857142857142,0.0,,0.0
Bandeirantes do Tocantins,2020-05-05,1,0,0,0,0.07142857142857142,0.0,,0.0
Bandeirantes do Tocantins,2020-05-06,1,0,0,0,0.07142857142857142,0.0,,0.0
Bandeirantes do Tocantins,2020-05-07,1,0,0,0,0.07142857142857142,0.0,,0.0
Bandeirantes do Tocantins,2020-05-08,1,0,0,0,0.07142857142857142,0.0,,0.0
Bandeirantes do Tocantins,2020-05-09,1,0,0,0,0.07142857142857142,0.0,,0.0
Bandeirantes do Tocantins,2020-05-10,1,0,0,0,0.07142857142857142,0.0,,0.0
Bandeirantes do Tocantins,2020-05-11,1,0,0,0,0.07142857142857142,0.0,,0.0
Bandeirantes do Tocantins,2020-05-12,1,0,0,0,0.07142857142857142,0.0,,0.0
Bandeirantes do Tocantins,2020-05-13,1,0,0,0,0.07142857142857142,0.0,,0.0
Bandeirantes do Tocantins,2020-05-14,1,0,0,0,0.0,0.0,,0.0
Bandeirantes do Tocantins,2020-05-15,1,0,0,0,0.0,0.0,,0.0
Bandeirantes do Tocantins,2020-05-16,2,1,0,0,0.07142857142857142,0.0,,0.3010299956639812
Bandeirantes do Tocantins,2020-05-17,2,0,0,0,0.07142857142857142,0.0,,0.3010299956639812
Bandeirantes do Tocantins,2020-05-18,2,0,0,0,0.07142857142857142,0.0,,0.3010299956639812
Bandeirantes do Tocantins,2020-05-19,2,0,0,0,0.07142857142857142,0.0,,0.3010299956639812
Bandeirantes do Tocantins,2020-05-20,3,1,0,0,0.14285714285714285,0.0,,0.47712125471966244
Bandeirantes do Tocantins,2020-05-21,3,0,0,0,0.14285714285714285,0.0,,0.47712125471966244
Bandeirantes do Tocantins,2020-05-22,5,2,0,0,0.2857142857142857,0.0,,0.6989700043360189
Bandeirantes do Tocantins,2020-05-23,5,0,0,0,0.2857142857142857,0.0,,0.6989700043360189
Bandeirantes do Tocantins,2020-05-24,5,0,0,0,0.2857142857142857,0.0,,0.6989700043360189
Bandeirantes do Tocantins,2020-05-25,5,0,0,0,0.2857142857142857,0.0,,0.6989700043360189
Bandeirantes do Tocantins,2020-05-26,5,0,0,0,0.2857142857142857,0.0,,0.6989700043360189
Bandeirantes do Tocantins,2020-05-27,5,0,0,0,0.2857142857142857,0.0,,0.6989700043360189
Bandeirantes do Tocantins,2020-05-28,6,1,0,0,0.35714285714285715,0.0,,0.7781512503836436
Bandeirantes do Tocantins,2020-05-29,6,0,0,0,0.35714285714285715,0.0,,0.7781512503836436
Bandeirantes do Tocantins,2020-05-30,7,1,0,0,0.35714285714285715,0.0,,0.8450980400142568
Bandeirantes do Tocantins,2020-05-31,7,0,0,0,0.35714285714285715,0.0,,0.8450980400142568
Bandeirantes do Tocantins,2020-06-01,7,0,0,0,0.35714285714285715,0.0,,0.8450980400142568
Bandeirantes do Tocantins,2020-06-02,7,0,0,0,0.35714285714285715,0.0,,0.8450980400142568
Bandeirantes do Tocantins,2020-06-03,7,0,0,0,0.2857142857142857,0.0,,0.8450980400142568
Bandeirantes do Tocantins,2020-06-04,7,0,0,0,0.2857142857142857,0.0,,0.8450980400142568
Bandeirantes do Tocantins,2020-06-05,7,0,0,0,0.14285714285714285,0.0,,0.8450980400142568
Bandeirantes do Tocantins,2020-06-06,8,1,0,0,0.21428571428571427,0.0,,0.9030899869919435
Bandeirantes do Tocantins,2020-06-07,7,-1,0,0,0.14285714285714285,0.0,,0.8450980400142568
Bandeirantes do Tocantins,2020-06-08,7,0,0,0,0.14285714285714285,0.0,,0.8450980400142568
Bandeirantes do Tocantins,2020-06-09,7,0,0,0,0.14285714285714285,0.0,,0.8450980400142568
Bandeirantes do Tocantins,2020-06-10,7,0,0,0,0.14285714285714285,0.0,,0.8450980400142568
Bandeirantes do Tocantins,2020-06-11,7,0,0,0,0.07142857142857142,0.0,,0.8450980400142568
Bandeirantes do Tocantins,2020-06-12,7,0,0,0,0.07142857142857142,0.0,,0.8450980400142568
Bandeirantes do Tocantins,2020-06-13,7,0,0,0,0.0,0.0,,0.8450980400142568
Bandeirantes do Tocantins,2020-06-14,7,0,0,0,0.0,0.0,,0.8450980400142568
Bandeirantes do Tocantins,2020-06-15,7,0,0,0,0.0,0.0,,0.8450980400142568
Bandeirantes do Tocantins,2020-06-16,7,0,0,0,0.0,0.0,,0.8450980400142568
Bandeirantes do Tocantins,2020-06-17,7,0,0,0,0.0,0.0,,0.8450980400142568
Bandeirantes do Tocantins,2020-06-18,7,0,0,0,0.0,0.0,,0.8450980400142568
Bandeirantes do Tocantins,2020-06-19,9,2,0,0,0.14285714285714285,0.0,,0.9542425094393249
Bandeirantes do Tocantins,2020-06-20,9,0,0,0,0.07142857142857142,0.0,,0.9542425094393249
Bandeirantes do Tocantins,2020-06-21,10,1,0,0,0.21428571428571427,0.0,,1.0
Bandeirantes do Tocantins,2020-06-22,10,0,0,0,0.21428571428571427,0.0,,1.0
Bandeirantes do Tocantins,2020-06-23,10,0,0,0,0.21428571428571427,0.0,,1.0
Bandeirantes do Tocantins,2020-06-24,12,2,0,0,0.35714285714285715,0.0,,1.0791812460476249
Bandeirantes do Tocantins,2020-06-25,12,0,0,0,0.35714285714285715,0.0,,1.0791812460476249
Bandeirantes do Tocantins,2020-06-26,12,0,0,0,0.35714285714285715,0.0,,1.0791812460476249
Bandeirantes do Tocantins,2020-06-27,12,0,0,0,0.35714285714285715,0.0,,1.0791812460476249
Bandeirantes do Tocantins,2020-06-28,12,0,0,0,0.35714285714285715,0.0,,1.0791812460476249
Bandeirantes do Tocantins,2020-06-29,12,0,0,0,0.35714285714285715,0.0,,1.0791812460476249
Bandeirantes do Tocantins,2020-06-30,12,0,0,0,0.35714285714285715,0.0,,1.0791812460476249
Bandeirantes do Tocantins,2020-07-01,12,0,0,0,0.35714285714285715,0.0,,1.0791812460476249
Bandeirantes do Tocantins,2020-07-02,12,0,0,0,0.35714285714285715,0.0,,1.0791812460476249
Bandeirantes do Tocantins,2020-07-03,12,0,0,0,0.21428571428571427,0.0,,1.0791812460476249
Bandeirantes do Tocantins,2020-07-04,13,1,0,0,0.2857142857142857,0.0,,1.1139433523068367
Bandeirantes do Tocantins,2020-07-05,13,0,0,0,0.21428571428571427,0.0,,1.1139433523068367
Bandeirantes do Tocantins,2020-07-06,13,0,0,0,0.21428571428571427,0.0,,1.1139433523068367
Bandeirantes do Tocantins,2020-07-07,15,2,0,0,0.35714285714285715,0.0,,1.1760912590556813
Bandeirantes do Tocantins,2020-07-08,15,0,0,0,0.21428571428571427,0.0,,1.1760912590556813
Bandeirantes do Tocantins,2020-07-09,15,0,0,0,0.21428571428571427,0.0,,1.1760912590556813
Bandeirantes do Tocantins,2020-07-10,15,0,0,0,0.21428571428571427,0.0,,1.1760912590556813
Bandeirantes do Tocantins,2020-07-11,15,0,0,0,0.21428571428571427,0.0,,1.1760912590556813
Bandeirantes do Tocantins,2020-07-12,15,0,0,0,0.21428571428571427,0.0,,1.1760912590556813
Bandeirantes do Tocantins,2020-07-13,15,0,0,0,0.21428571428571427,0.0,,1.1760912590556813
Bandeirantes do Tocantins,2020-07-14,15,0,0,0,0.21428571428571427,0.0,,1.1760912590556813
Bandeirantes do Tocantins,2020-07-15,15,0,0,0,0.21428571428571427,0.0,,1.1760912590556813
Bandeirantes do Tocantins,2020-07-16,16,1,0,0,0.2857142857142857,0.0,,1.2041199826559248
Bandeirantes do Tocantins,2020-07-17,16,0,0,0,0.2857142857142857,0.0,,1.2041199826559248
Bandeirantes do Tocantins,2020-07-18,16,0,0,0,0.21428571428571427,0.0,,1.2041199826559248
Bandeirantes do Tocantins,2020-07-19,16,0,0,0,0.21428571428571427,0.0,,1.2041199826559248
Bandeirantes do Tocantins,2020-07-20,16,0,0,0,0.21428571428571427,0.0,,1.2041199826559248
Bandeirantes do Tocantins,2020-07-21,16,0,0,0,0.07142857142857142,0.0,,1.2041199826559248
Bandeirantes do Tocantins,2020-07-22,16,0,0,0,0.07142857142857142,0.0,,1.2041199826559248
Bandeirantes do Tocantins,2020-07-23,18,2,0,0,0.21428571428571427,0.0,,1.255272505103306
Bandeirantes do Tocantins,2020-07-24,18,0,0,0,0.21428571428571427,0.0,,1.255272505103306
Bandeirantes do Tocantins,2020-07-25,20,2,0,0,0.35714285714285715,0.0,,1.3010299956639813
Bandeirantes do Tocantins,2020-07-26,20,0,0,0,0.35714285714285715,0.0,,1.3010299956639813
Bandeirantes do Tocantins,2020-07-27,20,0,0,0,0.35714285714285715,0.0,,1.3010299956639813
Bandeirantes do Tocantins,2020-07-28,20,0,0,0,0.35714285714285715,0.0,,1.3010299956639813
Bandeirantes do Tocantins,2020-07-29,21,1,1,1,0.42857142857142855,0.07142857142857142,inf,1.3222192947339193
Bandeirantes do Tocantins,2020-07-30,21,0,1,0,0.35714285714285715,0.07142857142857142,inf,1.3222192947339193
Bandeirantes do Tocantins,2020-07-31,21,0,1,0,0.35714285714285715,0.07142857142857142,inf,1.3222192947339193
Bandeirantes do Tocantins,2020-08-01,21,0,1,0,0.35714285714285715,0.07142857142857142,inf,1.3222192947339193
Bandeirantes do Tocantins,2020-08-02,21,0,1,0,0.35714285714285715,0.07142857142857142,inf,1.3222192947339193
Bandeirantes do Tocantins,2020-08-03,21,0,1,0,0.35714285714285715,0.07142857142857142,inf,1.3222192947339193
Bandeirantes do Tocantins,2020-08-04,21,0,1,0,0.35714285714285715,0.07142857142857142,inf,1.3222192947339193
Bandeirantes do Tocantins,2020-08-05,23,2,1,0,0.5,0.07142857142857142,inf,1.3617278360175928
Bandeirantes do Tocantins,2020-08-06,23,0,1,0,0.35714285714285715,0.07142857142857142,inf,1.3617278360175928
Bandeirantes do Tocantins,2020-08-07,23,0,1,0,0.35714285714285715,0.07142857142857142,inf,1.3617278360175928
Bandeirantes do Tocantins,2020-08-08,23,0,1,0,0.21428571428571427,0.07142857142857142,inf,1.3617278360175928
Bandeirantes do Tocantins,2020-08-09,23,0,1,0,0.21428571428571427,0.07142857142857142,inf,1.3617278360175928
Bandeirantes do Tocantins,2020-08-10,23,0,1,0,0.21428571428571427,0.07142857142857142,inf,1.3617278360175928
Bandeirantes do Tocantins,2020-08-11,23,0,1,0,0.21428571428571427,0.07142857142857142,inf,1.3617278360175928
Bandeirantes do Tocantins,2020-08-12,23,0,1,0,0.14285714285714285,0.0,-1.0,1.3617278360175928
Bandeirantes do Tocantins,2020-08-13,23,0,1,0,0.14285714285714285,0.0,-1.0,1.3617278360175928
Bandeirantes do Tocantins,2020-08-14,24,1,1,0,0.21428571428571427,0.0,-1.0,1.380211241711606
Bandeirantes do Tocantins,2020-08-15,25,1,1,0,0.2857142857142857,0.0,-1.0,1.3979400086720377
Bandeirantes do Tocantins,2020-08-16,25,0,1,0,0.2857142857142857,0.0,-1.0,1.3979400086720377
Bandeirantes do Tocantins,2020-08-17,25,0,1,0,0.2857142857142857,0.0,-1.0,1.3979400086720377
Bandeirantes do Tocantins,2020-08-18,25,0,1,0,0.2857142857142857,0.0,-1.0,1.3979400086720377
Bandeirantes do Tocantins,2020-08-19,25,0,1,0,0.14285714285714285,0.0,-1.0,1.3979400086720377
Bandeirantes do Tocantins,2020-08-20,24,-1,1,0,0.07142857142857142,0.0,-1.0,1.380211241711606
Bandeirantes do Tocantins,2020-08-21,24,0,1,0,0.07142857142857142,0.0,-1.0,1.380211241711606
Bandeirantes do Tocantins,2020-08-22,24,0,1,0,0.07142857142857142,0.0,-1.0,1.380211241711606
Bandeirantes do Tocantins,2020-08-23,24,0,1,0,0.07142857142857142,0.0,-1.0,1.380211241711606
Bandeirantes do Tocantins,2020-08-24,24,0,1,0,0.07142857142857142,0.0,-1.0,1.380211241711606
Bandeirantes do Tocantins,2020-08-25,24,0,1,0,0.07142857142857142,0.0,-1.0,1.380211241711606
Bandeirantes do Tocantins,2020-08-26,24,0,1,0,0.07142857142857142,0.0,,1.380211241711606
Bandeirantes do Tocantins,2020-08-27,26,2,1,0,0.21428571428571427,0.0,,1.414973347970818
Bandeirantes do Tocantins,2020-08-28,32,6,1,0,0.5714285714285714,0.0,,1.505149978319906
Bandeirantes do Tocantins,2020-08-29,32,0,1,0,0.5,0.0,,1.505149978319906
Bandeirantes do Tocantins,2020-08-30,32,0,1,0,0.5,0.0,,1.505149978319906
Bandeirantes do Tocantins,2020-08-31,32,0,1,0,0.5,0.0,,1.505149978319906
Bandeirantes do Tocantins,2020-09-01,32,0,1,0,0.5,0.0,,1.505149978319906
Bandeirantes do Tocantins,2020-09-02,32,0,1,0,0.5,0.0,,1.505149978319906
Bandeirantes do Tocantins,2020-09-03,34,2,1,0,0.7142857142857143,0.0,,1.5314789170422551
Bandeirantes do Tocantins,2020-09-04,34,0,1,0,0.7142857142857143,0.0,,1.5314789170422551
Bandeirantes do Tocantins,2020-09-05,34,0,1,0,0.7142857142857143,0.0,,1.5314789170422551
Bandeirantes do Tocantins,2020-09-06,34,0,1,0,0.7142857142857143,0.0,,1.5314789170422551
Bandeirantes do Tocantins,2020-09-07,34,0,1,0,0.7142857142857143,0.0,,1.5314789170422551
Bandeirantes do Tocantins,2020-09-08,34,0,1,0,0.7142857142857143,0.0,,1.5314789170422551
Bandeirantes do Tocantins,2020-09-09,34,0,1,0,0.7142857142857143,0.0,,1.5314789170422551
Bandeirantes do Tocantins,2020-09-10,35,1,1,0,0.6428571428571429,0.0,,1.5440680443502757
Bandeirantes do Tocantins,2020-09-11,35,0,1,0,0.21428571428571427,0.0,,1.5440680443502757
Bandeirantes do Tocantins,2020-09-12,36,1,1,0,0.2857142857142857,0.0,,1.5563025007672873
Bandeirantes do Tocantins,2020-09-13,36,0,1,0,0.2857142857142857,0.0,,1.5563025007672873
Bandeirantes do Tocantins,2020-09-14,36,0,1,0,0.2857142857142857,0.0,,1.5563025007672873
Bandeirantes do Tocantins,2020-09-15,36,0,1,0,0.2857142857142857,0.0,,1.5563025007672873
Bandeirantes do Tocantins,2020-09-16,36,0,1,0,0.2857142857142857,0.0,,1.5563025007672873
Bandeirantes do Tocantins,2020-09-17,37,1,1,0,0.21428571428571427,0.0,,1.568201724066995
Bandeirantes do Tocantins,2020-09-18,43,6,1,0,0.6428571428571429,0.0,,1.6334684555795866
Bandeirantes do Tocantins,2020-09-19,43,0,1,0,0.6428571428571429,0.0,,1.6334684555795866
Bandeirantes do Tocantins,2020-09-20,43,0,1,0,0.6428571428571429,0.0,,1.6334684555795866
Bandeirantes do Tocantins,2020-09-21,43,0,1,0,0.6428571428571429,0.0,,1.6334684555795866
Bandeirantes do Tocantins,2020-09-22,46,3,1,0,0.8571428571428571,0.0,,1.662757831681574
Bandeirantes do Tocantins,2020-09-23,46,0,1,0,0.8571428571428571,0.0,,1.662757831681574
Bandeirantes do Tocantins,2020-09-24,46,0,1,0,0.7857142857142857,0.0,,1.662757831681574
Bandeirantes do Tocantins,2020-09-25,48,2,1,0,0.9285714285714286,0.0,,1.6812412373755872
Bandeirantes do Tocantins,2020-09-26,48,0,1,0,0.8571428571428571,0.0,,1.6812412373755872
Bandeirantes do Tocantins,2020-09-27,48,0,1,0,0.8571428571428571,0.0,,1.6812412373755872
Bandeirantes do Tocantins,2020-09-28,48,0,1,0,0.8571428571428571,0.0,,1.6812412373755872
Bandeirantes do Tocantins,2020-09-29,48,0,1,0,0.8571428571428571,0.0,,1.6812412373755872
Bandeirantes do Tocantins,2020-09-30,49,1,1,0,0.9285714285714286,0.0,,1.6901960800285136
Bandeirantes do Tocantins,2020-10-01,49,0,1,0,0.8571428571428571,0.0,,1.6901960800285136
Bandeirantes do Tocantins,2020-10-02,52,3,1,0,0.6428571428571429,0.0,,1.7160033436347992
Bandeirantes do Tocantins,2020-10-03,56,4,1,0,0.9285714285714286,0.0,,1.7481880270062005
Bandeirantes do Tocantins,2020-10-04,56,0,1,0,0.9285714285714286,0.0,,1.7481880270062005
Bandeirantes do Tocantins,2020-10-05,56,0,1,0,0.9285714285714286,0.0,,1.7481880270062005
Bandeirantes do Tocantins,2020-10-06,56,0,1,0,0.7142857142857143,0.0,,1.7481880270062005
Bandeirantes do Tocantins,2020-10-07,56,0,1,0,0.7142857142857143,0.0,,1.7481880270062005
Bandeirantes do Tocantins,2020-10-08,57,1,1,0,0.7857142857142857,0.0,,1.7558748556724915
Bandeirantes do Tocantins,2020-10-09,57,0,1,0,0.6428571428571429,0.0,,1.7558748556724915
Bandeirantes do Tocantins,2020-10-10,57,0,1,0,0.6428571428571429,0.0,,1.7558748556724915
Bandeirantes do Tocantins,2020-10-11,57,0,1,0,0.6428571428571429,0.0,,1.7558748556724915
Bandeirantes do Tocantins,2020-10-12,57,0,1,0,0.6428571428571429,0.0,,1.7558748556724915
Bandeirantes do Tocantins,2020-10-13,57,0,1,0,0.6428571428571429,0.0,,1.7558748556724915
Bandeirantes do Tocantins,2020-10-14,58,1,1,0,0.6428571428571429,0.0,,1.7634279935629373
Bandeirantes do Tocantins,2020-10-15,57,-1,1,0,0.5714285714285714,0.0,,1.7558748556724915
Bandeirantes do Tocantins,2020-10-16,57,0,1,0,0.35714285714285715,0.0,,1.7558748556724915
Bandeirantes do Tocantins,2020-10-17,57,0,1,0,0.07142857142857142,0.0,,1.7558748556724915
Bandeirantes do Tocantins,2020-10-18,57,0,1,0,0.07142857142857142,0.0,,1.7558748556724915
Bandeirantes do Tocantins,2020-10-19,57,0,1,0,0.07142857142857142,0.0,,1.7558748556724915
Bandeirantes do Tocantins,2020-10-20,57,0,1,0,0.07142857142857142,0.0,,1.7558748556724915
Bandeirantes do Tocantins,2020-10-21,57,0,1,0,0.07142857142857142,0.0,,1.7558748556724915
Bandeirantes do Tocantins,2020-10-22,57,0,1,0,0.0,0.0,,1.7558748556724915
Bandeirantes do Tocantins,2020-10-23,57,0,1,0,0.0,0.0,,1.7558748556724915
Bandeirantes do Tocantins,2020-10-24,58,1,1,0,0.07142857142857142,0.0,,1.7634279935629373
Bandeirantes do Tocantins,2020-10-25,58,0,1,0,0.07142857142857142,0.0,,1.7634279935629373
Bandeirantes do Tocantins,2020-10-26,58,0,1,0,0.07142857142857142,0.0,,1.7634279935629373
Bandeirantes do Tocantins,2020-10-27,58,0,1,0,0.07142857142857142,0.0,,1.7634279935629373
Bandeirantes do Tocantins,2020-10-28,58,0,1,0,0.0,0.0,,1.7634279935629373
Bandeirantes do Tocantins,2020-10-29,58,0,1,0,0.07142857142857142,0.0,,1.7634279935629373
Bandeirantes do Tocantins,2020-10-30,59,1,1,0,0.14285714285714285,0.0,,1.7708520116421442
Bandeirantes do Tocantins,2020-10-31,59,0,1,0,0.14285714285714285,0.0,,1.7708520116421442
Bandeirantes do Tocantins,2020-11-01,59,0,1,0,0.14285714285714285,0.0,,1.7708520116421442
Bandeirantes do Tocantins,2020-11-02,59,0,1,0,0.14285714285714285,0.0,,1.7708520116421442
Bandeirantes do Tocantins,2020-11-03,59,0,1,0,0.14285714285714285,0.0,,1.7708520116421442
Bandeirantes do Tocantins,2020-11-04,60,1,1,0,0.21428571428571427,0.0,,1.7781512503836436
Bandeirantes do Tocantins,2020-11-05,60,0,1,0,0.21428571428571427,0.0,,1.7781512503836436
Bandeirantes do Tocantins,2020-11-06,60,0,1,0,0.21428571428571427,0.0,,1.7781512503836436
Bandeirantes do Tocantins,2020-11-07,60,0,1,0,0.14285714285714285,0.0,,1.7781512503836436
Bandeirantes do Tocantins,2020-11-08,60,0,1,0,0.14285714285714285,0.0,,1.7781512503836436
Bandeirantes do Tocantins,2020-11-09,60,0,1,0,0.14285714285714285,0.0,,1.7781512503836436
Bandeirantes do Tocantins,2020-11-10,75,15,1,0,1.2142857142857142,0.0,,1.8750612633917
Bandeirantes do Tocantins,2020-11-11,75,0,1,0,1.2142857142857142,0.0,,1.8750612633917
Bandeirantes do Tocantins,2020-11-12,75,0,1,0,1.2142857142857142,0.0,,1.8750612633917
Bandeirantes do Tocantins,2020-11-13,77,2,1,0,1.2857142857142858,0.0,,1.8864907251724818
Bandeirantes do Tocantins,2020-11-14,78,1,1,0,1.3571428571428572,0.0,,1.8920946026904804
Bandeirantes do Tocantins,2020-11-15,78,0,1,0,1.3571428571428572,0.0,,1.8920946026904804
Bandeirantes do Tocantins,2020-11-16,78,0,1,0,1.3571428571428572,0.0,,1.8920946026904804
Bandeirantes do Tocantins,2020-11-17,78,0,1,0,1.3571428571428572,0.0,,1.8920946026904804
Bandeirantes do Tocantins,2020-11-18,82,4,1,0,1.5714285714285714,0.0,,1.9138138523837167
Bandeirantes do Tocantins,2020-11-19,82,0,1,0,1.5714285714285714,0.0,,1.9138138523837167
Bandeirantes do Tocantins,2020-11-20,85,3,1,0,1.7857142857142858,0.0,,1.9294189257142929
Bandeirantes do Tocantins,2020-11-21,85,0,1,0,1.7857142857142858,0.0,,1.9294189257142929
Bandeirantes do Tocantins,2020-11-22,85,0,1,0,1.7857142857142858,0.0,,1.9294189257142929
Bandeirantes do Tocantins,2020-11-23,85,0,1,0,1.7857142857142858,0.0,,1.9294189257142929
Bandeirantes do Tocantins,2020-11-24,87,2,1,0,0.8571428571428571,0.0,,1.9395192526186185
Bandeirantes do Tocantins,2020-11-25,87,0,1,0,0.8571428571428571,0.0,,1.9395192526186185
Bandeirantes do Tocantins,2020-11-26,89,2,1,0,1.0,0.0,,1.9493900066449128
Bandeirantes do Tocantins,2020-11-27,91,2,1,0,1.0,0.0,,1.9590413923210936
Bandeirantes do Tocantins,2020-11-28,91,0,1,0,0.9285714285714286,0.0,,1.9590413923210936
Bandeirantes do Tocantins,2020-11-29,91,0,1,0,0.9285714285714286,0.0,,1.9590413923210936
Bandeirantes do Tocantins,2020-11-30,91,0,1,0,0.9285714285714286,0.0,,1.9590413923210936
Bandeirantes do Tocantins,2020-12-01,91,0,1,0,0.9285714285714286,0.0,,1.9590413923210936
Bandeirantes do Tocantins,2020-12-02,91,0,1,0,0.6428571428571429,0.0,,1.9590413923210936
Bandeirantes do Tocantins,2020-12-03,91,0,1,0,0.6428571428571429,0.0,,1.9590413923210936
Bandeirantes do Tocantins,2020-12-04,91,0,1,0,0.42857142857142855,0.0,,1.9590413923210936
Bandeirantes do Tocantins,2020-12-05,91,0,1,0,0.42857142857142855,0.0,,1.9590413923210936
Bandeirantes do Tocantins,2020-12-06,91,0,1,0,0.42857142857142855,0.0,,1.9590413923210936
Bandeirantes do Tocantins,2020-12-07,91,0,1,0,0.42857142857142855,0.0,,1.9590413923210936
Bandeirantes do Tocantins,2020-12-08,91,0,1,0,0.2857142857142857,0.0,,1.9590413923210936
Bandeirantes do Tocantins,2020-12-09,93,2,1,0,0.42857142857142855,0.0,,1.968482948553935
Bandeirantes do Tocantins,2020-12-10,93,0,1,0,0.2857142857142857,0.0,,1.968482948553935
Bandeirantes do Tocantins,2020-12-11,93,0,1,0,0.14285714285714285,0.0,,1.968482948553935
Bandeirantes do Tocantins,2020-12-12,93,0,1,0,0.14285714285714285,0.0,,1.968482948553935
Bandeirantes do Tocantins,2020-12-13,93,0,1,0,0.14285714285714285,0.0,,1.968482948553935
Bandeirantes do Tocantins,2020-12-14,93,0,2,1,0.14285714285714285,0.07142857142857142,inf,1.968482948553935
Bandeirantes do Tocantins,2020-12-15,93,0,2,0,0.14285714285714285,0.07142857142857142,inf,1.968482948553935
Bandeirantes do Tocantins,2020-12-16,97,4,2,0,0.42857142857142855,0.07142857142857142,inf,1.9867717342662448
Bandeirantes do Tocantins,2020-12-17,97,0,2,0,0.42857142857142855,0.07142857142857142,inf,1.9867717342662448
Bandeirantes do Tocantins,2020-12-18,100,3,2,0,0.6428571428571429,0.07142857142857142,inf,2.0
Bandeirantes do Tocantins,2020-12-19,100,0,2,0,0.6428571428571429,0.07142857142857142,inf,2.0
Bandeirantes do Tocantins,2020-12-20,100,0,2,0,0.6428571428571429,0.07142857142857142,inf,2.0
Bandeirantes do Tocantins,2020-12-21,100,0,2,0,0.6428571428571429,0.07142857142857142,inf,2.0
Bandeirantes do Tocantins,2020-12-22,100,0,2,0,0.6428571428571429,0.07142857142857142,inf,2.0
Bandeirantes do Tocantins,2020-12-23,100,0,2,0,0.5,0.07142857142857142,inf,2.0
Bandeirantes do Tocantins,2020-12-24,101,1,2,0,0.5714285714285714,0.07142857142857142,inf,2.0043213737826426
Bandeirantes do Tocantins,2020-12-25,101,0,2,0,0.5714285714285714,0.07142857142857142,inf,2.0043213737826426
Bandeirantes do Tocantins,2020-12-26,101,0,2,0,0.5714285714285714,0.07142857142857142,inf,2.0043213737826426
Bandeirantes do Tocantins,2020-12-27,101,0,2,0,0.5714285714285714,0.07142857142857142,inf,2.0043213737826426
Bandeirantes do Tocantins,2020-12-28,101,0,2,0,0.5714285714285714,0.0,-1.0,2.0043213737826426
Bandeirantes do Tocantins,2020-12-29,101,0,2,0,0.5714285714285714,0.0,-1.0,2.0043213737826426
Bandeirantes do Tocantins,2020-12-30,104,3,2,0,0.5,0.0,-1.0,2.0170333392987803
Bandeirantes do Tocantins,2020-12-31,104,0,2,0,0.5,0.0,-1.0,2.0170333392987803
Bandeirantes do Tocantins,2021-01-01,104,0,2,0,0.2857142857142857,0.0,-1.0,2.0170333392987803
Bandeirantes do Tocantins,2021-01-02,104,0,2,0,0.2857142857142857,0.0,-1.0,2.0170333392987803
Bandeirantes do Tocantins,2021-01-03,104,0,2,0,0.2857142857142857,0.0,-1.0,2.0170333392987803
Bandeirantes do Tocantins,2021-01-04,104,0,2,0,0.2857142857142857,0.0,-1.0,2.0170333392987803
Bandeirantes do Tocantins,2021-01-05,104,0,2,0,0.2857142857142857,0.0,-1.0,2.0170333392987803
Bandeirantes do Tocantins,2021-01-06,104,0,2,0,0.2857142857142857,0.0,-1.0,2.0170333392987803
Bandeirantes do Tocantins,2021-01-07,104,0,2,0,0.21428571428571427,0.0,-1.0,2.0170333392987803
Bandeirantes do Tocantins,2021-01-08,104,0,2,0,0.21428571428571427,0.0,-1.0,2.0170333392987803
Bandeirantes do Tocantins,2021-01-09,104,0,2,0,0.21428571428571427,0.0,-1.0,2.0170333392987803
Bandeirantes do Tocantins,2021-01-10,104,0,2,0,0.21428571428571427,0.0,-1.0,2.0170333392987803
Bandeirantes do Tocantins,2021-01-11,104,0,2,0,0.21428571428571427,0.0,,2.0170333392987803
Bandeirantes do Tocantins,2021-01-12,109,5,2,0,0.5714285714285714,0.0,,2.037426497940624
Bandeirantes do Tocantins,2021-01-13,111,2,2,0,0.5,0.0,,2.0453229787866576
Bandeirantes do Tocantins,2021-01-14,126,15,2,0,1.5714285714285714,0.0,,2.100370545117563
Bandeirantes do Tocantins,2021-01-15,149,23,2,0,3.2142857142857144,0.0,,2.173186268412274
Bandeirantes do Tocantins,2021-01-16,156,7,2,0,3.7142857142857144,0.0,,2.1931245983544616
Bandeirantes do Tocantins,2021-01-17,163,7,2,0,4.214285714285714,0.0,,2.2121876044039577
Bandeirantes do Tocantins,2021-01-18,164,1,2,0,4.285714285714286,0.0,,2.214843848047698
Bandeirantes do Tocantins,2021-01-19,166,2,2,0,4.428571428571429,0.0,,2.220108088040055
Bandeirantes do Tocantins,2021-01-20,167,1,2,0,4.5,0.0,,2.2227164711475833
Barra do Ouro,2020-03-27,0,0,0,0,,,,0.0
Barra do Ouro,2020-03-28,0,0,0,0,,,,0.0
Barra do Ouro,2020-03-29,0,0,0,0,,,,0.0
Barra do Ouro,2020-03-30,0,0,0,0,,,,0.0
Barra do Ouro,2020-03-31,0,0,0,0,,,,0.0
Barra do Ouro,2020-04-01,0,0,0,0,,,,0.0
Barra do Ouro,2020-04-02,0,0,0,0,,,,0.0
Barra do Ouro,2020-04-03,0,0,0,0,,,,0.0
Barra do Ouro,2020-04-04,0,0,0,0,,,,0.0
Barra do Ouro,2020-04-05,0,0,0,0,,,,0.0
Barra do Ouro,2020-04-06,0,0,0,0,,,,0.0
Barra do Ouro,2020-04-07,0,0,0,0,,,,0.0
Barra do Ouro,2020-04-08,0,0,0,0,,,,0.0
Barra do Ouro,2020-04-09,0,0,0,0,0.0,0.0,,0.0
Barra do Ouro,2020-04-10,0,0,0,0,0.0,0.0,,0.0
Barra do Ouro,2020-04-11,0,0,0,0,0.0,0.0,,0.0
Barra do Ouro,2020-04-12,0,0,0,0,0.0,0.0,,0.0
Barra do Ouro,2020-04-13,0,0,0,0,0.0,0.0,,0.0
Barra do Ouro,2020-04-14,0,0,0,0,0.0,0.0,,0.0
Barra do Ouro,2020-04-15,0,0,0,0,0.0,0.0,,0.0
Barra do Ouro,2020-04-16,0,0,0,0,0.0,0.0,,0.0
Barra do Ouro,2020-04-17,0,0,0,0,0.0,0.0,,0.0
Barra do Ouro,2020-04-18,0,0,0,0,0.0,0.0,,0.0
Barra do Ouro,2020-04-19,0,0,0,0,0.0,0.0,,0.0
Barra do Ouro,2020-04-20,0,0,0,0,0.0,0.0,,0.0
Barra do Ouro,2020-04-21,0,0,0,0,0.0,0.0,,0.0
Barra do Ouro,2020-04-22,0,0,0,0,0.0,0.0,,0.0
Barra do Ouro,2020-04-23,0,0,0,0,0.0,0.0,,0.0
Barra do Ouro,2020-04-24,0,0,0,0,0.0,0.0,,0.0
Barra do Ouro,2020-04-25,0,0,0,0,0.0,0.0,,0.0
Barra do Ouro,2020-04-26,0,0,0,0,0.0,0.0,,0.0
Barra do Ouro,2020-04-27,0,0,0,0,0.0,0.0,,0.0
Barra do Ouro,2020-04-28,0,0,0,0,0.0,0.0,,0.0
Barra do Ouro,2020-04-29,0,0,0,0,0.0,0.0,,0.0
Barra do Ouro,2020-04-30,0,0,0,0,0.0,0.0,,0.0
Barra do Ouro,2020-05-01,0,0,0,0,0.0,0.0,,0.0
Barra do Ouro,2020-05-02,0,0,0,0,0.0,0.0,,0.0
Barra do Ouro,2020-05-03,0,0,0,0,0.0,0.0,,0.0
Barra do Ouro,2020-05-04,0,0,0,0,0.0,0.0,,0.0
Barra do Ouro,2020-05-05,0,0,0,0,0.0,0.0,,0.0
Barra do Ouro,2020-05-06,0,0,0,0,0.0,0.0,,0.0
Barra do Ouro,2020-05-07,0,0,0,0,0.0,0.0,,0.0
Barra do Ouro,2020-05-08,0,0,0,0,0.0,0.0,,0.0
Barra do Ouro,2020-05-09,0,0,0,0,0.0,0.0,,0.0
Barra do Ouro,2020-05-10,0,0,0,0,0.0,0.0,,0.0
Barra do Ouro,2020-05-11,0,0,0,0,0.0,0.0,,0.0
Barra do Ouro,2020-05-12,0,0,0,0,0.0,0.0,,0.0
Barra do Ouro,2020-05-13,0,0,0,0,0.0,0.0,,0.0
Barra do Ouro,2020-05-14,0,0,0,0,0.0,0.0,,0.0
Barra do Ouro,2020-05-15,0,0,0,0,0.0,0.0,,0.0
Barra do Ouro,2020-05-16,0,0,0,0,0.0,0.0,,0.0
Barra do Ouro,2020-05-17,0,0,0,0,0.0,0.0,,0.0
Barra do Ouro,2020-05-18,0,0,0,0,0.0,0.0,,0.0
Barra do Ouro,2020-05-19,0,0,0,0,0.0,0.0,,0.0
Barra do Ouro,2020-05-20,0,0,0,0,0.0,0.0,,0.0
Barra do Ouro,2020-05-21,0,0,0,0,0.0,0.0,,0.0
Barra do Ouro,2020-05-22,0,0,0,0,0.0,0.0,,0.0
Barra do Ouro,2020-05-23,1,1,0,0,0.07142857142857142,0.0,,0.0
Barra do Ouro,2020-05-24,1,0,0,0,0.07142857142857142,0.0,,0.0
Barra do Ouro,2020-05-25,1,0,0,0,0.07142857142857142,0.0,,0.0
Barra do Ouro,2020-05-26,1,0,0,0,0.07142857142857142,0.0,,0.0
Barra do Ouro,2020-05-27,1,0,0,0,0.07142857142857142,0.0,,0.0
Barra do Ouro,2020-05-28,1,0,0,0,0.07142857142857142,0.0,,0.0
Barra do Ouro,2020-05-29,2,1,0,0,0.14285714285714285,0.0,,0.3010299956639812
Barra do Ouro,2020-05-30,2,0,0,0,0.14285714285714285,0.0,,0.3010299956639812
Barra do Ouro,2020-05-31,2,0,0,0,0.14285714285714285,0.0,,0.3010299956639812
Barra do Ouro,2020-06-01,2,0,0,0,0.14285714285714285,0.0,,0.3010299956639812
Barra do Ouro,2020-06-02,2,0,0,0,0.14285714285714285,0.0,,0.3010299956639812
Barra do Ouro,2020-06-03,2,0,0,0,0.14285714285714285,0.0,,0.3010299956639812
Barra do Ouro,2020-06-04,3,1,0,0,0.21428571428571427,0.0,,0.47712125471966244
Barra do Ouro,2020-06-05,3,0,0,0,0.21428571428571427,0.0,,0.47712125471966244
Barra do Ouro,2020-06-06,4,1,1,1,0.21428571428571427,0.07142857142857142,inf,0.6020599913279624
Barra do Ouro,2020-06-07,4,0,1,0,0.21428571428571427,0.07142857142857142,inf,0.6020599913279624
Barra do Ouro,2020-06-08,5,1,2,1,0.2857142857142857,0.14285714285714285,inf,0.6989700043360189
Barra do Ouro,2020-06-09,5,0,2,0,0.2857142857142857,0.14285714285714285,inf,0.6989700043360189
Barra do Ouro,2020-06-10,5,0,2,0,0.2857142857142857,0.14285714285714285,inf,0.6989700043360189
Barra do Ouro,2020-06-11,5,0,2,0,0.2857142857142857,0.14285714285714285,inf,0.6989700043360189
Barra do Ouro,2020-06-12,5,0,2,0,0.21428571428571427,0.14285714285714285,inf,0.6989700043360189
Barra do Ouro,2020-06-13,5,0,2,0,0.21428571428571427,0.14285714285714285,inf,0.6989700043360189
Barra do Ouro,2020-06-14,7,2,2,0,0.35714285714285715,0.14285714285714285,inf,0.8450980400142568
Barra do Ouro,2020-06-15,7,0,2,0,0.35714285714285715,0.14285714285714285,inf,0.8450980400142568
Barra do Ouro,2020-06-16,7,0,2,0,0.35714285714285715,0.14285714285714285,inf,0.8450980400142568
Barra do Ouro,2020-06-17,7,0,2,0,0.35714285714285715,0.14285714285714285,inf,0.8450980400142568
Barra do Ouro,2020-06-18,7,0,2,0,0.2857142857142857,0.14285714285714285,inf,0.8450980400142568
Barra do Ouro,2020-06-19,8,1,2,0,0.35714285714285715,0.14285714285714285,inf,0.9030899869919435
Barra do Ouro,2020-06-20,8,0,2,0,0.2857142857142857,0.07142857142857142,0.0,0.9030899869919435
Barra do Ouro,2020-06-21,8,0,2,0,0.2857142857142857,0.07142857142857142,0.0,0.9030899869919435
Barra do Ouro,2020-06-22,8,0,2,0,0.21428571428571427,0.0,-1.0,0.9030899869919435
Barra do Ouro,2020-06-23,8,0,2,0,0.21428571428571427,0.0,-1.0,0.9030899869919435
Barra do Ouro,2020-06-24,8,0,2,0,0.21428571428571427,0.0,-1.0,0.9030899869919435
Barra do Ouro,2020-06-25,8,0,2,0,0.21428571428571427,0.0,-1.0,0.9030899869919435
Barra do Ouro,2020-06-26,8,0,2,0,0.21428571428571427,0.0,-1.0,0.9030899869919435
Barra do Ouro,2020-06-27,9,1,2,0,0.2857142857142857,0.0,-1.0,0.9542425094393249
Barra do Ouro,2020-06-28,9,0,2,0,0.14285714285714285,0.0,-1.0,0.9542425094393249
Barra do Ouro,2020-06-29,9,0,2,0,0.14285714285714285,0.0,-1.0,0.9542425094393249
Barra do Ouro,2020-06-30,9,0,2,0,0.14285714285714285,0.0,-1.0,0.9542425094393249
Barra do Ouro,2020-07-01,9,0,2,0,0.14285714285714285,0.0,-1.0,0.9542425094393249
Barra do Ouro,2020-07-02,9,0,2,0,0.14285714285714285,0.0,-1.0,0.9542425094393249
Barra do Ouro,2020-07-03,10,1,2,0,0.14285714285714285,0.0,-1.0,1.0
Barra do Ouro,2020-07-04,11,1,2,0,0.21428571428571427,0.0,-1.0,1.041392685158225
Barra do Ouro,2020-07-05,11,0,2,0,0.21428571428571427,0.0,-1.0,1.041392685158225
Barra do Ouro,2020-07-06,11,0,2,0,0.21428571428571427,0.0,,1.041392685158225
Barra do Ouro,2020-07-07,11,0,2,0,0.21428571428571427,0.0,,1.041392685158225
Barra do Ouro,2020-07-08,11,0,2,0,0.21428571428571427,0.0,,1.041392685158225
Barra do Ouro,2020-07-09,11,0,2,0,0.21428571428571427,0.0,,1.041392685158225
Barra do Ouro,2020-07-10,11,0,2,0,0.21428571428571427,0.0,,1.041392685158225
Barra do Ouro,2020-07-11,11,0,2,0,0.14285714285714285,0.0,,1.041392685158225
Barra do Ouro,2020-07-12,11,0,2,0,0.14285714285714285,0.0,,1.041392685158225
Barra do Ouro,2020-07-13,11,0,2,0,0.14285714285714285,0.0,,1.041392685158225
Barra do Ouro,2020-07-14,11,0,3,1,0.14285714285714285,0.07142857142857142,inf,1.041392685158225
Barra do Ouro,2020-07-15,11,0,3,0,0.14285714285714285,0.07142857142857142,inf,1.041392685158225
Barra do Ouro,2020-07-16,11,0,3,0,0.14285714285714285,0.07142857142857142,inf,1.041392685158225
Barra do Ouro,2020-07-17,11,0,3,0,0.07142857142857142,0.07142857142857142,inf,1.041392685158225
Barra do Ouro,2020-07-18,11,0,3,0,0.0,0.07142857142857142,inf,1.041392685158225
Barra do Ouro,2020-07-19,11,0,3,0,0.0,0.07142857142857142,inf,1.041392685158225
Barra do Ouro,2020-07-20,11,0,3,0,0.0,0.07142857142857142,inf,1.041392685158225
Barra do Ouro,2020-07-21,11,0,3,0,0.0,0.07142857142857142,inf,1.041392685158225
Barra do Ouro,2020-07-22,13,2,3,0,0.14285714285714285,0.07142857142857142,inf,1.1139433523068367
Barra do Ouro,2020-07-23,13,0,3,0,0.14285714285714285,0.07142857142857142,inf,1.1139433523068367
Barra do Ouro,2020-07-24,13,0,3,0,0.14285714285714285,0.07142857142857142,inf,1.1139433523068367
Barra do Ouro,2020-07-25,13,0,3,0,0.14285714285714285,0.07142857142857142,inf,1.1139433523068367
Barra do Ouro,2020-07-26,13,0,3,0,0.14285714285714285,0.07142857142857142,inf,1.1139433523068367
Barra do Ouro,2020-07-27,13,0,3,0,0.14285714285714285,0.07142857142857142,inf,1.1139433523068367
Barra do Ouro,2020-07-28,13,0,3,0,0.14285714285714285,0.0,-1.0,1.1139433523068367
Barra do Ouro,2020-07-29,15,2,3,0,0.2857142857142857,0.0,-1.0,1.1760912590556813
Barra do Ouro,2020-07-30,16,1,3,0,0.35714285714285715,0.0,-1.0,1.2041199826559248
Barra do Ouro,2020-07-31,16,0,3,0,0.35714285714285715,0.0,-1.0,1.2041199826559248
Barra do Ouro,2020-08-01,18,2,3,0,0.5,0.0,-1.0,1.255272505103306
Barra do Ouro,2020-08-02,18,0,3,0,0.5,0.0,-1.0,1.255272505103306
Barra do Ouro,2020-08-03,19,1,3,0,0.5714285714285714,0.0,-1.0,1.2787536009528289
Barra do Ouro,2020-08-04,20,1,3,0,0.6428571428571429,0.0,-1.0,1.3010299956639813
Barra do Ouro,2020-08-05,21,1,4,1,0.5714285714285714,0.07142857142857142,0.0,1.3222192947339193
Barra do Ouro,2020-08-06,21,0,4,0,0.5714285714285714,0.07142857142857142,0.0,1.3222192947339193
Barra do Ouro,2020-08-07,23,2,4,0,0.7142857142857143,0.07142857142857142,0.0,1.3617278360175928
Barra do Ouro,2020-08-08,23,0,4,0,0.7142857142857143,0.07142857142857142,0.0,1.3617278360175928
Barra do Ouro,2020-08-09,23,0,4,0,0.7142857142857143,0.07142857142857142,0.0,1.3617278360175928
Barra do Ouro,2020-08-10,26,3,4,0,0.9285714285714286,0.07142857142857142,0.0,1.414973347970818
Barra do Ouro,2020-08-11,28,2,4,0,1.0714285714285714,0.07142857142857142,inf,1.4471580313422192
Barra do Ouro,2020-08-12,30,2,4,0,1.0714285714285714,0.07142857142857142,inf,1.4771212547196624
Barra do Ouro,2020-08-13,31,1,4,0,1.0714285714285714,0.07142857142857142,inf,1.4913616938342726
Barra do Ouro,2020-08-14,27,-4,4,0,0.7857142857142857,0.07142857142857142,inf,1.4313637641589874
Barra do Ouro,2020-08-15,30,3,4,0,0.8571428571428571,0.07142857142857142,inf,1.4771212547196624
Barra do Ouro,2020-08-16,30,0,4,0,0.8571428571428571,0.07142857142857142,inf,1.4771212547196624
Barra do Ouro,2020-08-17,30,0,4,0,0.7857142857142857,0.07142857142857142,inf,1.4771212547196624
Barra do Ouro,2020-08-18,30,0,4,0,0.7142857142857143,0.07142857142857142,inf,1.4771212547196624
Barra do Ouro,2020-08-19,30,0,4,0,0.6428571428571429,0.0,-1.0,1.4771212547196624
Barra do Ouro,2020-08-20,30,0,4,0,0.6428571428571429,0.0,-1.0,1.4771212547196624
Barra do Ouro,2020-08-21,31,1,4,0,0.5714285714285714,0.0,-1.0,1.4913616938342726
Barra do Ouro,2020-08-22,31,0,4,0,0.5714285714285714,0.0,-1.0,1.4913616938342726
Barra do Ouro,2020-08-23,31,0,4,0,0.5714285714285714,0.0,-1.0,1.4913616938342726
Barra do Ouro,2020-08-24,32,1,4,0,0.42857142857142855,0.0,-1.0,1.505149978319906
Barra do Ouro,2020-08-25,32,0,4,0,0.2857142857142857,0.0,-1.0,1.505149978319906
Barra do Ouro,2020-08-26,33,1,4,0,0.21428571428571427,0.0,-1.0,1.5185139398778875
Barra do Ouro,2020-08-27,33,0,4,0,0.14285714285714285,0.0,-1.0,1.5185139398778875
Barra do Ouro,2020-08-28,33,0,4,0,0.42857142857142855,0.0,-1.0,1.5185139398778875
Barra do Ouro,2020-08-29,33,0,4,0,0.21428571428571427,0.0,-1.0,1.5185139398778875
Barra do Ouro,2020-08-30,33,0,4,0,0.21428571428571427,0.0,-1.0,1.5185139398778875
Barra do Ouro,2020-08-31,33,0,4,0,0.21428571428571427,0.0,-1.0,1.5185139398778875
Barra do Ouro,2020-09-01,34,1,4,0,0.2857142857142857,0.0,-1.0,1.5314789170422551
Barra do Ouro,2020-09-02,37,3,4,0,0.5,0.0,,1.568201724066995
Barra do Ouro,2020-09-03,37,0,4,0,0.5,0.0,,1.568201724066995
Barra do Ouro,2020-09-04,37,0,4,0,0.42857142857142855,0.0,,1.568201724066995
Barra do Ouro,2020-09-05,37,0,4,0,0.42857142857142855,0.0,,1.568201724066995
Barra do Ouro,2020-09-06,37,0,4,0,0.42857142857142855,0.0,,1.568201724066995
Barra do Ouro,2020-09-07,37,0,4,0,0.35714285714285715,0.0,,1.568201724066995
Barra do Ouro,2020-09-08,37,0,4,0,0.35714285714285715,0.0,,1.568201724066995
Barra do Ouro,2020-09-09,37,0,4,0,0.2857142857142857,0.0,,1.568201724066995
Barra do Ouro,2020-09-10,39,2,4,0,0.42857142857142855,0.0,,1.591064607026499
Barra do Ouro,2020-09-11,39,0,4,0,0.42857142857142855,0.0,,1.591064607026499
Barra do Ouro,2020-09-12,39,0,4,0,0.42857142857142855,0.0,,1.591064607026499
Barra do Ouro,2020-09-13,39,0,4,0,0.42857142857142855,0.0,,1.591064607026499
Barra do Ouro,2020-09-14,39,0,4,0,0.42857142857142855,0.0,,1.591064607026499
Barra do Ouro,2020-09-15,39,0,4,0,0.35714285714285715,0.0,,1.591064607026499
Barra do Ouro,2020-09-16,41,2,4,0,0.2857142857142857,0.0,,1.6127838567197355
Barra do Ouro,2020-09-17,47,6,4,0,0.7142857142857143,0.0,,1.6720978579357175
Barra do Ouro,2020-09-18,47,0,4,0,0.7142857142857143,0.0,,1.6720978579357175
Barra do Ouro,2020-09-19,48,1,4,0,0.7857142857142857,0.0,,1.6812412373755872
Barra do Ouro,2020-09-20,49,1,4,0,0.8571428571428571,0.0,,1.6901960800285136
Barra do Ouro,2020-09-21,49,0,4,0,0.8571428571428571,0.0,,1.6901960800285136
Barra do Ouro,2020-09-22,50,1,4,0,0.9285714285714286,0.0,,1.6989700043360187
Barra do Ouro,2020-09-23,50,0,4,0,0.9285714285714286,0.0,,1.6989700043360187
Barra do Ouro,2020-09-24,50,0,4,0,0.7857142857142857,0.0,,1.6989700043360187
Barra do Ouro,2020-09-25,50,0,4,0,0.7857142857142857,0.0,,1.6989700043360187
Barra do Ouro,2020-09-26,50,0,4,0,0.7857142857142857,0.0,,1.6989700043360187
Barra do Ouro,2020-09-27,50,0,4,0,0.7857142857142857,0.0,,1.6989700043360187
Barra do Ouro,2020-09-28,50,0,4,0,0.7857142857142857,0.0,,1.6989700043360187
Barra do Ouro,2020-09-29,51,1,4,0,0.8571428571428571,0.0,,1.7075701760979363
Barra do Ouro,2020-09-30,53,2,4,0,0.8571428571428571,0.0,,1.7242758696007892
Barra do Ouro,2020-10-01,57,4,4,0,0.7142857142857143,0.0,,1.7558748556724915
Barra do Ouro,2020-10-02,63,6,5,1,1.1428571428571428,0.07142857142857142,inf,1.7993405494535817
Barra do Ouro,2020-10-03,63,0,5,0,1.0714285714285714,0.07142857142857142,inf,1.7993405494535817
Barra do Ouro,2020-10-04,63,0,5,0,1.0,0.07142857142857142,inf,1.7993405494535817
Barra do Ouro,2020-10-05,63,0,5,0,1.0,0.07142857142857142,inf,1.7993405494535817
Barra do Ouro,2020-10-06,63,0,5,0,0.9285714285714286,0.07142857142857142,inf,1.7993405494535817
Barra do Ouro,2020-10-07,63,0,5,0,0.9285714285714286,0.07142857142857142,inf,1.7993405494535817
Barra do Ouro,2020-10-08,63,0,5,0,0.9285714285714286,0.07142857142857142,inf,1.7993405494535817
Barra do Ouro,2020-10-09,63,0,5,0,0.9285714285714286,0.07142857142857142,inf,1.7993405494535817
Barra do Ouro,2020-10-10,63,0,5,0,0.9285714285714286,0.07142857142857142,inf,1.7993405494535817
Barra do Ouro,2020-10-11,63,0,5,0,0.9285714285714286,0.07142857142857142,inf,1.7993405494535817
Barra do Ouro,2020-10-12,63,0,5,0,0.9285714285714286,0.07142857142857142,inf,1.7993405494535817
Barra do Ouro,2020-10-13,63,0,5,0,0.8571428571428571,0.07142857142857142,inf,1.7993405494535817
Barra do Ouro,2020-10-14,63,0,5,0,0.7142857142857143,0.07142857142857142,inf,1.7993405494535817
Barra do Ouro,2020-10-15,68,5,5,0,0.7857142857142857,0.07142857142857142,inf,1.8325089127062364
Barra do Ouro,2020-10-16,70,2,5,0,0.5,0.0,-1.0,1.845098040014257
Barra do Ouro,2020-10-17,71,1,5,0,0.5714285714285714,0.0,-1.0,1.8512583487190752
Barra do Ouro,2020-10-18,71,0,5,0,0.5714285714285714,0.0,-1.0,1.8512583487190752
Barra do Ouro,2020-10-19,71,0,5,0,0.5714285714285714,0.0,-1.0,1.8512583487190752
Barra do Ouro,2020-10-20,71,0,5,0,0.5714285714285714,0.0,-1.0,1.8512583487190752
Barra do Ouro,2020-10-21,71,0,5,0,0.5714285714285714,0.0,-1.0,1.8512583487190752
Barra do Ouro,2020-10-22,71,0,5,0,0.5714285714285714,0.0,-1.0,1.8512583487190752
Barra do Ouro,2020-10-23,72,1,5,0,0.6428571428571429,0.0,-1.0,1.8573324964312685
Barra do Ouro,2020-10-24,72,0,5,0,0.6428571428571429,0.0,-1.0,1.8573324964312685
Barra do Ouro,2020-10-25,72,0,5,0,0.6428571428571429,0.0,-1.0,1.8573324964312685
Barra do Ouro,2020-10-26,72,0,5,0,0.6428571428571429,0.0,-1.0,1.8573324964312685
Barra do Ouro,2020-10-27,77,5,5,0,1.0,0.0,-1.0,1.8864907251724818
Barra do Ouro,2020-10-28,77,0,5,0,1.0,0.0,-1.0,1.8864907251724818
Barra do Ouro,2020-10-29,77,0,5,0,0.6428571428571429,0.0,-1.0,1.8864907251724818
Barra do Ouro,2020-10-30,78,1,5,0,0.5714285714285714,0.0,,1.8920946026904804
Barra do Ouro,2020-10-31,78,0,5,0,0.5,0.0,,1.8920946026904804
Barra do Ouro,2020-11-01,78,0,5,0,0.5,0.0,,1.8920946026904804
Barra do Ouro,2020-11-02,78,0,5,0,0.5,0.0,,1.8920946026904804
Barra do Ouro,2020-11-03,78,0,5,0,0.5,0.0,,1.8920946026904804
Barra do Ouro,2020-11-04,78,0,5,0,0.5,0.0,,1.8920946026904804
Barra do Ouro,2020-11-05,80,2,5,0,0.6428571428571429,0.0,,1.9030899869919435
Barra do Ouro,2020-11-06,80,0,5,0,0.5714285714285714,0.0,,1.9030899869919435
Barra do Ouro,2020-11-07,80,0,5,0,0.5714285714285714,0.0,,1.9030899869919435
Barra do Ouro,2020-11-08,80,0,5,0,0.5714285714285714,0.0,,1.9030899869919435
Barra do Ouro,2020-11-09,80,0,5,0,0.5714285714285714,0.0,,1.9030899869919435
Barra do Ouro,2020-11-10,79,-1,5,0,0.14285714285714285,0.0,,1.8976270912904414
Barra do Ouro,2020-11-11,79,0,5,0,0.14285714285714285,0.0,,1.8976270912904414
Barra do Ouro,2020-11-12,79,0,5,0,0.14285714285714285,0.0,,1.8976270912904414
Barra do Ouro,2020-11-13,79,0,5,0,0.07142857142857142,0.0,,1.8976270912904414
Barra do Ouro,2020-11-14,79,0,5,0,0.07142857142857142,0.0,,1.8976270912904414
Barra do Ouro,2020-11-15,79,0,5,0,0.07142857142857142,0.0,,1.8976270912904414
Barra do Ouro,2020-11-16,79,0,5,0,0.07142857142857142,0.0,,1.8976270912904414
Barra do Ouro,2020-11-17,79,0,5,0,0.07142857142857142,0.0,,1.8976270912904414
Barra do Ouro,2020-11-18,80,1,5,0,0.14285714285714285,0.0,,1.9030899869919435
Barra do Ouro,2020-11-19,79,-1,5,0,-0.07142857142857142,0.0,,1.8976270912904414
Barra do Ouro,2020-11-20,79,0,5,0,-0.07142857142857142,0.0,,1.8976270912904414
Barra do Ouro,2020-11-21,79,0,5,0,-0.07142857142857142,0.0,,1.8976270912904414
Barra do Ouro,2020-11-22,79,0,5,0,-0.07142857142857142,0.0,,1.8976270912904414
Barra do Ouro,2020-11-23,79,0,5,0,-0.07142857142857142,0.0,,1.8976270912904414
Barra do Ouro,2020-11-24,79,0,5,0,0.0,0.0,,1.8976270912904414
Barra do Ouro,2020-11-25,79,0,5,0,0.0,0.0,,1.8976270912904414
Barra do Ouro,2020-11-26,79,0,5,0,0.0,0.0,,1.8976270912904414
Barra do Ouro,2020-11-27,79,0,5,0,0.0,0.0,,1.8976270912904414
Barra do Ouro,2020-11-28,79,0,5,0,0.0,0.0,,1.8976270912904414
Barra do Ouro,2020-11-29,79,0,5,0,0.0,0.0,,1.8976270912904414
Barra do Ouro,2020-11-30,79,0,5,0,0.0,0.0,,1.8976270912904414
Barra do Ouro,2020-12-01,79,0,5,0,0.0,0.0,,1.8976270912904414
Barra do Ouro,2020-12-02,79,0,5,0,-0.07142857142857142,0.0,,1.8976270912904414
Barra do Ouro,2020-12-03,79,0,5,0,0.0,0.0,,1.8976270912904414
Barra do Ouro,2020-12-04,79,0,5,0,0.0,0.0,,1.8976270912904414
Barra do Ouro,2020-12-05,79,0,5,0,0.0,0.0,,1.8976270912904414
Barra do Ouro,2020-12-06,79,0,5,0,0.0,0.0,,1.8976270912904414
Barra do Ouro,2020-12-07,79,0,5,0,0.0,0.0,,1.8976270912904414
Barra do Ouro,2020-12-08,79,0,5,0,0.0,0.0,,1.8976270912904414
Barra do Ouro,2020-12-09,79,0,5,0,0.0,0.0,,1.8976270912904414
Barra do Ouro,2020-12-10,79,0,5,0,0.0,0.0,,1.8976270912904414
Barra do Ouro,2020-12-11,79,0,5,0,0.0,0.0,,1.8976270912904414
Barra do Ouro,2020-12-12,79,0,5,0,0.0,0.0,,1.8976270912904414
Barra do Ouro,2020-12-13,79,0,5,0,0.0,0.0,,1.8976270912904414
Barra do Ouro,2020-12-14,79,0,5,0,0.0,0.0,,1.8976270912904414
Barra do Ouro,2020-12-15,79,0,5,0,0.0,0.0,,1.8976270912904414
Barra do Ouro,2020-12-16,79,0,5,0,0.0,0.0,,1.8976270912904414
Barra do Ouro,2020-12-17,79,0,5,0,0.0,0.0,,1.8976270912904414
Barra do Ouro,2020-12-18,79,0,5,0,0.0,0.0,,1.8976270912904414
Barra do Ouro,2020-12-19,79,0,5,0,0.0,0.0,,1.8976270912904414
Barra do Ouro,2020-12-20,79,0,5,0,0.0,0.0,,1.8976270912904414
Barra do Ouro,2020-12-21,79,0,5,0,0.0,0.0,,1.8976270912904414
Barra do Ouro,2020-12-22,79,0,5,0,0.0,0.0,,1.8976270912904414
Barra do Ouro,2020-12-23,79,0,5,0,0.0,0.0,,1.8976270912904414
Barra do Ouro,2020-12-24,79,0,5,0,0.0,0.0,,1.8976270912904414
Barra do Ouro,2020-12-25,79,0,5,0,0.0,0.0,,1.8976270912904414
Barra do Ouro,2020-12-26,79,0,5,0,0.0,0.0,,1.8976270912904414
Barra do Ouro,2020-12-27,79,0,5,0,0.0,0.0,,1.8976270912904414
Barra do Ouro,2020-12-28,79,0,5,0,0.0,0.0,,1.8976270912904414
Barra do Ouro,2020-12-29,79,0,5,0,0.0,0.0,,1.8976270912904414
Barra do Ouro,2020-12-30,79,0,5,0,0.0,0.0,,1.8976270912904414
Barra do Ouro,2020-12-31,79,0,5,0,0.0,0.0,,1.8976270912904414
Barra do Ouro,2021-01-01,79,0,5,0,0.0,0.0,,1.8976270912904414
Barra do Ouro,2021-01-02,79,0,5,0,0.0,0.0,,1.8976270912904414
Barra do Ouro,2021-01-03,79,0,5,0,0.0,0.0,,1.8976270912904414
Barra do Ouro,2021-01-04,79,0,5,0,0.0,0.0,,1.8976270912904414
Barra do Ouro,2021-01-05,79,0,5,0,0.0,0.0,,1.8976270912904414
Barra do Ouro,2021-01-06,79,0,5,0,0.0,0.0,,1.8976270912904414
Barra do Ouro,2021-01-07,79,0,5,0,0.0,0.0,,1.8976270912904414
Barra do Ouro,2021-01-08,79,0,5,0,0.0,0.0,,1.8976270912904414
Barra do Ouro,2021-01-09,79,0,5,0,0.0,0.0,,1.8976270912904414
Barra do Ouro,2021-01-10,79,0,5,0,0.0,0.0,,1.8976270912904414
Barra do Ouro,2021-01-11,79,0,5,0,0.0,0.0,,1.8976270912904414
Barra do Ouro,2021-01-12,80,1,5,0,0.07142857142857142,0.0,,1.9030899869919435
Barra do Ouro,2021-01-13,80,0,5,0,0.07142857142857142,0.0,,1.9030899869919435
Barra do Ouro,2021-01-14,80,0,5,0,0.07142857142857142,0.0,,1.9030899869919435
Barra do Ouro,2021-01-15,84,4,5,0,0.35714285714285715,0.0,,1.9242792860618816
Barra do Ouro,2021-01-16,85,1,5,0,0.42857142857142855,0.0,,1.9294189257142929
Barra do Ouro,2021-01-17,85,0,5,0,0.42857142857142855,0.0,,1.9294189257142929
Barra do Ouro,2021-01-18,85,0,5,0,0.42857142857142855,0.0,,1.9294189257142929
Barra do Ouro,2021-01-19,85,0,5,0,0.42857142857142855,0.0,,1.9294189257142929
Barra do Ouro,2021-01-20,85,0,5,0,0.42857142857142855,0.0,,1.9294189257142929
Barrolândia,2020-03-27,0,0,0,0,,,,0.0
Barrolândia,2020-03-28,0,0,0,0,,,,0.0
Barrolândia,2020-03-29,0,0,0,0,,,,0.0
Barrolândia,2020-03-30,0,0,0,0,,,,0.0
Barrolândia,2020-03-31,0,0,0,0,,,,0.0
Barrolândia,2020-04-01,0,0,0,0,,,,0.0
Barrolândia,2020-04-02,0,0,0,0,,,,0.0
Barrolândia,2020-04-03,0,0,0,0,,,,0.0
Barrolândia,2020-04-04,0,0,0,0,,,,0.0
Barrolândia,2020-04-05,0,0,0,0,,,,0.0
Barrolândia,2020-04-06,0,0,0,0,,,,0.0
Barrolândia,2020-04-07,0,0,0,0,,,,0.0
Barrolândia,2020-04-08,0,0,0,0,,,,0.0
Barrolândia,2020-04-09,0,0,0,0,0.0,0.0,,0.0
Barrolândia,2020-04-10,0,0,0,0,0.0,0.0,,0.0
Barrolândia,2020-04-11,0,0,0,0,0.0,0.0,,0.0
Barrolândia,2020-04-12,0,0,0,0,0.0,0.0,,0.0
Barrolândia,2020-04-13,0,0,0,0,0.0,0.0,,0.0
Barrolândia,2020-04-14,0,0,0,0,0.0,0.0,,0.0
Barrolândia,2020-04-15,0,0,0,0,0.0,0.0,,0.0
Barrolândia,2020-04-16,0,0,0,0,0.0,0.0,,0.0
Barrolândia,2020-04-17,0,0,0,0,0.0,0.0,,0.0
Barrolândia,2020-04-18,0,0,0,0,0.0,0.0,,0.0
Barrolândia,2020-04-19,0,0,0,0,0.0,0.0,,0.0
Barrolândia,2020-04-20,0,0,0,0,0.0,0.0,,0.0
Barrolândia,2020-04-21,0,0,0,0,0.0,0.0,,0.0
Barrolândia,2020-04-22,0,0,0,0,0.0,0.0,,0.0
Barrolândia,2020-04-23,0,0,0,0,0.0,0.0,,0.0
Barrolândia,2020-04-24,0,0,0,0,0.0,0.0,,0.0
Barrolândia,2020-04-25,0,0,0,0,0.0,0.0,,0.0
Barrolândia,2020-04-26,0,0,0,0,0.0,0.0,,0.0
Barrolândia,2020-04-27,0,0,0,0,0.0,0.0,,0.0
Barrolândia,2020-04-28,0,0,0,0,0.0,0.0,,0.0
Barrolândia,2020-04-29,0,0,0,0,0.0,0.0,,0.0
Barrolândia,2020-04-30,0,0,0,0,0.0,0.0,,0.0
Barrolândia,2020-05-01,0,0,0,0,0.0,0.0,,0.0
Barrolândia,2020-05-02,0,0,0,0,0.0,0.0,,0.0
Barrolândia,2020-05-03,0,0,0,0,0.0,0.0,,0.0
Barrolândia,2020-05-04,0,0,0,0,0.0,0.0,,0.0
Barrolândia,2020-05-05,0,0,0,0,0.0,0.0,,0.0
Barrolândia,2020-05-06,1,1,0,0,0.07142857142857142,0.0,,0.0
Barrolândia,2020-05-07,1,0,0,0,0.07142857142857142,0.0,,0.0
Barrolândia,2020-05-08,1,0,0,0,0.07142857142857142,0.0,,0.0
Barrolândia,2020-05-09,2,1,0,0,0.14285714285714285,0.0,,0.3010299956639812
Barrolândia,2020-05-10,3,1,0,0,0.21428571428571427,0.0,,0.47712125471966244
Barrolândia,2020-05-11,3,0,0,0,0.21428571428571427,0.0,,0.47712125471966244
Barrolândia,2020-05-12,3,0,0,0,0.21428571428571427,0.0,,0.47712125471966244
Barrolândia,2020-05-13,3,0,0,0,0.21428571428571427,0.0,,0.47712125471966244
Barrolândia,2020-05-14,4,1,0,0,0.2857142857142857,0.0,,0.6020599913279624
Barrolândia,2020-05-15,4,0,0,0,0.2857142857142857,0.0,,0.6020599913279624
Barrolândia,2020-05-16,4,0,0,0,0.2857142857142857,0.0,,0.6020599913279624
Barrolândia,2020-05-17,4,0,0,0,0.2857142857142857,0.0,,0.6020599913279624
Barrolândia,2020-05-18,4,0,0,0,0.2857142857142857,0.0,,0.6020599913279624
Barrolândia,2020-05-19,4,0,0,0,0.2857142857142857,0.0,,0.6020599913279624
Barrolândia,2020-05-20,6,2,1,1,0.35714285714285715,0.07142857142857142,inf,0.7781512503836436
Barrolândia,2020-05-21,6,0,1,0,0.35714285714285715,0.07142857142857142,inf,0.7781512503836436
Barrolândia,2020-05-22,6,0,1,0,0.35714285714285715,0.07142857142857142,inf,0.7781512503836436
Barrolândia,2020-05-23,6,0,1,0,0.2857142857142857,0.07142857142857142,inf,0.7781512503836436
Barrolândia,2020-05-24,6,0,1,0,0.21428571428571427,0.07142857142857142,inf,0.7781512503836436
Barrolândia,2020-05-25,6,0,1,0,0.21428571428571427,0.07142857142857142,inf,0.7781512503836436
Barrolândia,2020-05-26,6,0,1,0,0.21428571428571427,0.07142857142857142,inf,0.7781512503836436
Barrolândia,2020-05-27,6,0,1,0,0.21428571428571427,0.07142857142857142,inf,0.7781512503836436
Barrolândia,2020-05-28,6,0,1,0,0.14285714285714285,0.07142857142857142,inf,0.7781512503836436
Barrolândia,2020-05-29,6,0,1,0,0.14285714285714285,0.07142857142857142,inf,0.7781512503836436
Barrolândia,2020-05-30,8,2,1,0,0.2857142857142857,0.07142857142857142,inf,0.9030899869919435
Barrolândia,2020-05-31,8,0,1,0,0.2857142857142857,0.07142857142857142,inf,0.9030899869919435
Barrolândia,2020-06-01,8,0,1,0,0.2857142857142857,0.07142857142857142,inf,0.9030899869919435
Barrolândia,2020-06-02,8,0,1,0,0.2857142857142857,0.07142857142857142,inf,0.9030899869919435
Barrolândia,2020-06-03,9,1,1,0,0.21428571428571427,0.0,-1.0,0.9542425094393249
Barrolândia,2020-06-04,9,0,1,0,0.21428571428571427,0.0,-1.0,0.9542425094393249
Barrolândia,2020-06-05,12,3,1,0,0.42857142857142855,0.0,-1.0,1.0791812460476249
Barrolândia,2020-06-06,12,0,1,0,0.42857142857142855,0.0,-1.0,1.0791812460476249
Barrolândia,2020-06-07,15,3,1,0,0.6428571428571429,0.0,-1.0,1.1760912590556813
Barrolândia,2020-06-08,15,0,1,0,0.6428571428571429,0.0,-1.0,1.1760912590556813
Barrolândia,2020-06-09,15,0,1,0,0.6428571428571429,0.0,-1.0,1.1760912590556813
Barrolândia,2020-06-10,15,0,1,0,0.6428571428571429,0.0,-1.0,1.1760912590556813
Barrolândia,2020-06-11,15,0,1,0,0.6428571428571429,0.0,-1.0,1.1760912590556813
Barrolândia,2020-06-12,18,3,1,0,0.8571428571428571,0.0,-1.0,1.255272505103306
Barrolândia,2020-06-13,22,4,1,0,1.0,0.0,-1.0,1.3424226808222062
Barrolândia,2020-06-14,23,1,1,0,1.0714285714285714,0.0,-1.0,1.3617278360175928
Barrolândia,2020-06-15,23,0,1,0,1.0714285714285714,0.0,-1.0,1.3617278360175928
Barrolândia,2020-06-16,23,0,1,0,1.0714285714285714,0.0,-1.0,1.3617278360175928
Barrolândia,2020-06-17,23,0,1,0,1.0,0.0,,1.3617278360175928
Barrolândia,2020-06-18,25,2,1,0,1.1428571428571428,0.0,,1.3979400086720377
Barrolândia,2020-06-19,25,0,1,0,0.9285714285714286,0.0,,1.3979400086720377
Barrolândia,2020-06-20,25,0,1,0,0.9285714285714286,0.0,,1.3979400086720377
Barrolândia,2020-06-21,25,0,1,0,0.7142857142857143,0.0,,1.3979400086720377
Barrolândia,2020-06-22,25,0,1,0,0.7142857142857143,0.0,,1.3979400086720377
Barrolândia,2020-06-23,25,0,1,0,0.7142857142857143,0.0,,1.3979400086720377
Barrolândia,2020-06-24,26,1,1,0,0.7857142857142857,0.0,,1.414973347970818
Barrolândia,2020-06-25,26,0,1,0,0.7857142857142857,0.0,,1.414973347970818
Barrolândia,2020-06-26,28,2,1,0,0.7142857142857143,0.0,,1.4471580313422192
Barrolândia,2020-06-27,27,-1,1,0,0.35714285714285715,0.0,,1.4313637641589874
Barrolândia,2020-06-28,27,0,1,0,0.2857142857142857,0.0,,1.4313637641589874
Barrolândia,2020-06-29,27,0,1,0,0.2857142857142857,0.0,,1.4313637641589874
Barrolândia,2020-06-30,27,0,1,0,0.2857142857142857,0.0,,1.4313637641589874
Barrolândia,2020-07-01,28,1,1,0,0.35714285714285715,0.0,,1.4471580313422192
Barrolândia,2020-07-02,31,3,1,0,0.42857142857142855,0.0,,1.4913616938342726
Barrolândia,2020-07-03,31,0,1,0,0.42857142857142855,0.0,,1.4913616938342726
Barrolândia,2020-07-04,34,3,1,0,0.6428571428571429,0.0,,1.5314789170422551
Barrolândia,2020-07-05,35,1,1,0,0.7142857142857143,0.0,,1.5440680443502757
Barrolândia,2020-07-06,35,0,1,0,0.7142857142857143,0.0,,1.5440680443502757
Barrolândia,2020-07-07,36,1,1,0,0.7857142857142857,0.0,,1.5563025007672873
Barrolândia,2020-07-08,36,0,1,0,0.7142857142857143,0.0,,1.5563025007672873
Barrolândia,2020-07-09,36,0,1,0,0.7142857142857143,0.0,,1.5563025007672873
Barrolândia,2020-07-10,38,2,1,0,0.7142857142857143,0.0,,1.5797835966168101
Barrolândia,2020-07-11,38,0,1,0,0.7857142857142857,0.0,,1.5797835966168101
Barrolândia,2020-07-12,38,0,1,0,0.7857142857142857,0.0,,1.5797835966168101
Barrolândia,2020-07-13,38,0,1,0,0.7857142857142857,0.0,,1.5797835966168101
Barrolândia,2020-07-14,40,2,1,0,0.9285714285714286,0.0,,1.6020599913279625
Barrolândia,2020-07-15,39,-1,1,0,0.7857142857142857,0.0,,1.591064607026499
Barrolândia,2020-07-16,39,0,1,0,0.5714285714285714,0.0,,1.591064607026499
Barrolândia,2020-07-17,40,1,1,0,0.6428571428571429,0.0,,1.6020599913279625
Barrolândia,2020-07-18,40,0,1,0,0.42857142857142855,0.0,,1.6020599913279625
Barrolândia,2020-07-19,40,0,1,0,0.35714285714285715,0.0,,1.6020599913279625
Barrolândia,2020-07-20,40,0,1,0,0.35714285714285715,0.0,,1.6020599913279625
Barrolândia,2020-07-21,41,1,1,0,0.35714285714285715,0.0,,1.6127838567197355
Barrolândia,2020-07-22,43,2,1,0,0.5,0.0,,1.6334684555795866
Barrolândia,2020-07-23,44,1,1,0,0.5714285714285714,0.0,,1.6434526764861874
Barrolândia,2020-07-24,45,1,1,0,0.5,0.0,,1.6532125137753437
Barrolândia,2020-07-25,48,3,1,0,0.7142857142857143,0.0,,1.6812412373755872
Barrolândia,2020-07-26,48,0,1,0,0.7142857142857143,0.0,,1.6812412373755872
Barrolândia,2020-07-27,48,0,1,0,0.7142857142857143,0.0,,1.6812412373755872
Barrolândia,2020-07-28,48,0,1,0,0.5714285714285714,0.0,,1.6812412373755872
Barrolândia,2020-07-29,48,0,1,0,0.6428571428571429,0.0,,1.6812412373755872
Barrolândia,2020-07-30,48,0,1,0,0.6428571428571429,0.0,,1.6812412373755872
Barrolândia,2020-07-31,49,1,1,0,0.6428571428571429,0.0,,1.6901960800285136
Barrolândia,2020-08-01,50,1,1,0,0.7142857142857143,0.0,,1.6989700043360187
Barrolândia,2020-08-02,50,0,1,0,0.7142857142857143,0.0,,1.6989700043360187
Barrolândia,2020-08-03,50,0,1,0,0.7142857142857143,0.0,,1.6989700043360187
Barrolândia,2020-08-04,50,0,1,0,0.6428571428571429,0.0,,1.6989700043360187
Barrolândia,2020-08-05,50,0,1,0,0.5,0.0,,1.6989700043360187
Barrolândia,2020-08-06,51,1,1,0,0.5,0.0,,1.7075701760979363
Barrolândia,2020-08-07,52,1,1,0,0.5,0.0,,1.7160033436347992
Barrolândia,2020-08-08,52,0,1,0,0.2857142857142857,0.0,,1.7160033436347992
Barrolândia,2020-08-09,54,2,1,0,0.42857142857142855,0.0,,1.7323937598229686
Barrolândia,2020-08-10,54,0,1,0,0.42857142857142855,0.0,,1.7323937598229686
Barrolândia,2020-08-11,54,0,1,0,0.42857142857142855,0.0,,1.7323937598229686
Barrolândia,2020-08-12,54,0,1,0,0.42857142857142855,0.0,,1.7323937598229686
Barrolândia,2020-08-13,55,1,1,0,0.5,0.0,,1.7403626894942439
Barrolândia,2020-08-14,54,-1,1,0,0.35714285714285715,0.0,,1.7323937598229686
Barrolândia,2020-08-15,57,3,1,0,0.5,0.0,,1.7558748556724915
Barrolândia,2020-08-16,57,0,1,0,0.5,0.0,,1.7558748556724915
Barrolândia,2020-08-17,57,0,1,0,0.5,0.0,,1.7558748556724915
Barrolândia,2020-08-18,58,1,1,0,0.5714285714285714,0.0,,1.7634279935629373
Barrolândia,2020-08-19,58,0,1,0,0.5714285714285714,0.0,,1.7634279935629373
Barrolândia,2020-08-20,58,0,1,0,0.5,0.0,,1.7634279935629373
Barrolândia,2020-08-21,58,0,1,0,0.42857142857142855,0.0,,1.7634279935629373
Barrolândia,2020-08-22,58,0,1,0,0.42857142857142855,0.0,,1.7634279935629373
Barrolândia,2020-08-23,58,0,1,0,0.2857142857142857,0.0,,1.7634279935629373
Barrolândia,2020-08-24,58,0,1,0,0.2857142857142857,0.0,,1.7634279935629373
Barrolândia,2020-08-25,65,7,1,0,0.7857142857142857,0.0,,1.8129133566428555
Barrolândia,2020-08-26,65,0,1,0,0.7857142857142857,0.0,,1.8129133566428555
Barrolândia,2020-08-27,66,1,1,0,0.7857142857142857,0.0,,1.8195439355418688
Barrolândia,2020-08-28,70,4,1,0,1.1428571428571428,0.0,,1.845098040014257
Barrolândia,2020-08-29,70,0,1,0,0.9285714285714286,0.0,,1.845098040014257
Barrolândia,2020-08-30,71,1,1,0,1.0,0.0,,1.8512583487190752
Barrolândia,2020-08-31,71,0,1,0,1.0,0.0,,1.8512583487190752
Barrolândia,2020-09-01,78,7,1,0,1.4285714285714286,0.0,,1.8920946026904804
Barrolândia,2020-09-02,78,0,1,0,1.4285714285714286,0.0,,1.8920946026904804
Barrolândia,2020-09-03,77,-1,1,0,1.3571428571428572,0.0,,1.8864907251724818
Barrolândia,2020-09-04,78,1,1,0,1.4285714285714286,0.0,,1.8920946026904804
Barrolândia,2020-09-05,78,0,1,0,1.4285714285714286,0.0,,1.8920946026904804
Barrolândia,2020-09-06,78,0,1,0,1.4285714285714286,0.0,,1.8920946026904804
Barrolândia,2020-09-07,78,0,1,0,1.4285714285714286,0.0,,1.8920946026904804
Barrolândia,2020-09-08,78,0,1,0,0.9285714285714286,0.0,,1.8920946026904804
Barrolândia,2020-09-09,77,-1,1,0,0.8571428571428571,0.0,,1.8864907251724818
Barrolândia,2020-09-10,77,0,1,0,0.7857142857142857,0.0,,1.8864907251724818
Barrolândia,2020-09-11,92,15,1,0,1.5714285714285714,0.0,,1.9637878273455553
Barrolândia,2020-09-12,92,0,1,0,1.5714285714285714,0.0,,1.9637878273455553
Barrolândia,2020-09-13,92,0,1,0,1.5,0.0,,1.9637878273455553
Barrolândia,2020-09-14,92,0,1,0,1.5,0.0,,1.9637878273455553
Barrolândia,2020-09-15,102,10,1,0,1.7142857142857142,0.0,,2.0086001717619175
Barrolândia,2020-09-16,102,0,1,0,1.7142857142857142,0.0,,2.0086001717619175
Barrolândia,2020-09-17,104,2,1,0,1.9285714285714286,0.0,,2.0170333392987803
Barrolândia,2020-09-18,106,2,1,0,2.0,0.0,,2.0253058652647704
Barrolândia,2020-09-19,107,1,1,0,2.0714285714285716,0.0,,2.0293837776852097
Barrolândia,2020-09-20,107,0,1,0,2.0714285714285716,0.0,,2.0293837776852097
Barrolândia,2020-09-21,107,0,1,0,2.0714285714285716,0.0,,2.0293837776852097
Barrolândia,2020-09-22,111,4,1,0,2.357142857142857,0.0,,2.0453229787866576
Barrolândia,2020-09-23,115,4,1,0,2.7142857142857144,0.0,,2.060697840353612
Barrolândia,2020-09-24,118,3,1,0,2.9285714285714284,0.0,,2.0718820073061255
Barrolândia,2020-09-25,119,1,3,2,1.9285714285714286,0.14285714285714285,inf,2.075546961392531
Barrolândia,2020-09-26,119,0,3,0,1.9285714285714286,0.14285714285714285,inf,2.075546961392531
Barrolândia,2020-09-27,119,0,3,0,1.9285714285714286,0.14285714285714285,inf,2.075546961392531
Barrolândia,2020-09-28,120,1,3,0,2.0,0.14285714285714285,inf,2.0791812460476247
Barrolândia,2020-09-29,130,10,3,0,2.0,0.14285714285714285,inf,2.113943352306837
Barrolândia,2020-09-30,152,22,4,1,3.5714285714285716,0.21428571428571427,inf,2.1818435879447726
Barrolândia,2020-10-01,181,29,4,0,5.5,0.21428571428571427,inf,2.2576785748691846
Barrolândia,2020-10-02,193,12,4,0,6.214285714285714,0.21428571428571427,inf,2.285557309007774
Barrolândia,2020-10-03,195,2,4,0,6.285714285714286,0.21428571428571427,inf,2.290034611362518
Barrolândia,2020-10-04,195,0,4,0,6.285714285714286,0.21428571428571427,inf,2.290034611362518
Barrolândia,2020-10-05,195,0,4,0,6.285714285714286,0.21428571428571427,inf,2.290034611362518
Barrolândia,2020-10-06,196,1,4,0,6.071428571428571,0.21428571428571427,inf,2.292256071356476
Barrolândia,2020-10-07,198,2,4,0,5.928571428571429,0.21428571428571427,inf,2.296665190261531
Barrolândia,2020-10-08,203,5,4,0,6.071428571428571,0.21428571428571427,inf,2.307496037913213
Barrolândia,2020-10-09,205,2,4,0,6.142857142857143,0.07142857142857142,-0.5,2.311753861055754
Barrolândia,2020-10-10,212,7,4,0,6.642857142857143,0.07142857142857142,-0.5,2.3263358609287517
Barrolândia,2020-10-11,212,0,4,0,6.642857142857143,0.07142857142857142,-0.5,2.3263358609287517
Barrolândia,2020-10-12,212,0,4,0,6.571428571428571,0.07142857142857142,-0.5,2.3263358609287517
Barrolândia,2020-10-13,212,0,4,0,5.857142857142857,0.07142857142857142,-0.5,2.3263358609287517
Barrolândia,2020-10-14,212,0,4,0,4.285714285714286,0.0,-1.0,2.3263358609287517
Barrolândia,2020-10-15,212,0,4,0,2.2142857142857144,0.0,-1.0,2.3263358609287517
Barrolândia,2020-10-16,213,1,4,0,1.4285714285714286,0.0,-1.0,2.3283796034387376
Barrolândia,2020-10-17,213,0,4,0,1.2857142857142858,0.0,-1.0,2.3283796034387376
Barrolândia,2020-10-18,213,0,4,0,1.2857142857142858,0.0,-1.0,2.3283796034387376
Barrolândia,2020-10-19,213,0,4,0,1.2857142857142858,0.0,-1.0,2.3283796034387376
Barrolândia,2020-10-20,213,0,4,0,1.2142857142857142,0.0,-1.0,2.3283796034387376
Barrolândia,2020-10-21,215,2,4,0,1.2142857142857142,0.0,-1.0,2.3324384599156054
Barrolândia,2020-10-22,214,-1,4,0,0.7857142857142857,0.0,-1.0,2.330413773349191
Barrolândia,2020-10-23,214,0,4,0,0.6428571428571429,0.0,-1.0,2.330413773349191
Barrolândia,2020-10-24,214,0,4,0,0.14285714285714285,0.0,-1.0,2.330413773349191
Barrolândia,2020-10-25,214,0,4,0,0.14285714285714285,0.0,-1.0,2.330413773349191
Barrolândia,2020-10-26,214,0,4,0,0.14285714285714285,0.0,-1.0,2.330413773349191
Barrolândia,2020-10-27,214,0,4,0,0.14285714285714285,0.0,-1.0,2.330413773349191
Barrolândia,2020-10-28,215,1,4,0,0.21428571428571427,0.0,,2.3324384599156054
Barrolândia,2020-10-29,216,1,4,0,0.2857142857142857,0.0,,2.3344537511509307
Barrolândia,2020-10-30,216,0,4,0,0.21428571428571427,0.0,,2.3344537511509307
Barrolândia,2020-10-31,218,2,4,0,0.35714285714285715,0.0,,2.3384564936046046
Barrolândia,2020-11-01,218,0,4,0,0.35714285714285715,0.0,,2.3384564936046046
Barrolândia,2020-11-02,218,0,4,0,0.35714285714285715,0.0,,2.3384564936046046
Barrolândia,2020-11-03,218,0,4,0,0.35714285714285715,0.0,,2.3384564936046046
Barrolândia,2020-11-04,218,0,4,0,0.21428571428571427,0.0,,2.3384564936046046
Barrolândia,2020-11-05,219,1,4,0,0.35714285714285715,0.0,,2.3404441148401185
Barrolândia,2020-11-06,219,0,4,0,0.35714285714285715,0.0,,2.3404441148401185
Barrolândia,2020-11-07,223,4,4,0,0.6428571428571429,0.0,,2.3483048630481607
Barrolândia,2020-11-08,223,0,4,0,0.6428571428571429,0.0,,2.3483048630481607
Barrolândia,2020-11-09,223,0,4,0,0.6428571428571429,0.0,,2.3483048630481607
Barrolândia,2020-11-10,224,1,4,0,0.7142857142857143,0.0,,2.3502480183341627
Barrolândia,2020-11-11,225,1,4,0,0.7142857142857143,0.0,,2.3521825181113627
Barrolândia,2020-11-12,227,2,4,0,0.7857142857142857,0.0,,2.3560258571931225
Barrolândia,2020-11-13,227,0,4,0,0.7857142857142857,0.0,,2.3560258571931225
Barrolândia,2020-11-14,228,1,4,0,0.7142857142857143,0.0,,2.357934847000454
Barrolândia,2020-11-15,228,0,4,0,0.7142857142857143,0.0,,2.357934847000454
Barrolândia,2020-11-16,228,0,4,0,0.7142857142857143,0.0,,2.357934847000454
Barrolândia,2020-11-17,230,2,4,0,0.8571428571428571,0.0,,2.361727836017593
Barrolândia,2020-11-18,231,1,4,0,0.9285714285714286,0.0,,2.3636119798921444
Barrolândia,2020-11-19,231,0,4,0,0.8571428571428571,0.0,,2.3636119798921444
Barrolândia,2020-11-20,231,0,4,0,0.8571428571428571,0.0,,2.3636119798921444
Barrolândia,2020-11-21,231,0,4,0,0.5714285714285714,0.0,,2.3636119798921444
Barrolândia,2020-11-22,231,0,4,0,0.5714285714285714,0.0,,2.3636119798921444
Barrolândia,2020-11-23,231,0,4,0,0.5714285714285714,0.0,,2.3636119798921444
Barrolândia,2020-11-24,231,0,4,0,0.5,0.0,,2.3636119798921444
Barrolândia,2020-11-25,231,0,4,0,0.42857142857142855,0.0,,2.3636119798921444
Barrolândia,2020-11-26,231,0,4,0,0.2857142857142857,0.0,,2.3636119798921444
Barrolândia,2020-11-27,231,0,4,0,0.2857142857142857,0.0,,2.3636119798921444
Barrolândia,2020-11-28,232,1,4,0,0.2857142857142857,0.0,,2.3654879848909
Barrolândia,2020-11-29,232,0,4,0,0.2857142857142857,0.0,,2.3654879848909
Barrolândia,2020-11-30,232,0,4,0,0.2857142857142857,0.0,,2.3654879848909
Barrolândia,2020-12-01,232,0,4,0,0.14285714285714285,0.0,,2.3654879848909
Barrolândia,2020-12-02,233,1,4,0,0.14285714285714285,0.0,,2.367355921026019
Barrolândia,2020-12-03,233,0,4,0,0.14285714285714285,0.0,,2.367355921026019
Barrolândia,2020-12-04,233,0,4,0,0.14285714285714285,0.0,,2.367355921026019
Barrolândia,2020-12-05,233,0,4,0,0.14285714285714285,0.0,,2.367355921026019
Barrolândia,2020-12-06,233,0,4,0,0.14285714285714285,0.0,,2.367355921026019
Barrolândia,2020-12-07,233,0,4,0,0.14285714285714285,0.0,,2.367355921026019
Barrolândia,2020-12-08,233,0,4,0,0.14285714285714285,0.0,,2.367355921026019
Barrolândia,2020-12-09,233,0,4,0,0.14285714285714285,0.0,,2.367355921026019
Barrolândia,2020-12-10,234,1,4,0,0.21428571428571427,0.0,,2.369215857410143
Barrolândia,2020-12-11,236,2,4,0,0.35714285714285715,0.0,,2.3729120029701067
Barrolândia,2020-12-12,236,0,4,0,0.2857142857142857,0.0,,2.3729120029701067
Barrolândia,2020-12-13,236,0,4,0,0.2857142857142857,0.0,,2.3729120029701067
Barrolândia,2020-12-14,236,0,4,0,0.2857142857142857,0.0,,2.3729120029701067
Barrolândia,2020-12-15,237,1,4,0,0.35714285714285715,0.0,,2.374748346010104
Barrolândia,2020-12-16,237,0,4,0,0.2857142857142857,0.0,,2.374748346010104
Barrolândia,2020-12-17,238,1,4,0,0.35714285714285715,0.0,,2.376576957056512
Barrolândia,2020-12-18,239,1,4,0,0.42857142857142855,0.0,,2.3783979009481375
Barrolândia,2020-12-19,239,0,4,0,0.42857142857142855,0.0,,2.3783979009481375
Barrolândia,2020-12-20,239,0,4,0,0.42857142857142855,0.0,,2.3783979009481375
Barrolândia,2020-12-21,239,0,4,0,0.42857142857142855,0.0,,2.3783979009481375
Barrolândia,2020-12-22,239,0,4,0,0.42857142857142855,0.0,,2.3783979009481375
Barrolândia,2020-12-23,239,0,4,0,0.42857142857142855,0.0,,2.3783979009481375
Barrolândia,2020-12-24,239,0,4,0,0.35714285714285715,0.0,,2.3783979009481375
Barrolândia,2020-12-25,239,0,4,0,0.21428571428571427,0.0,,2.3783979009481375
Barrolândia,2020-12-26,239,0,4,0,0.21428571428571427,0.0,,2.3783979009481375
Barrolândia,2020-12-27,239,0,4,0,0.21428571428571427,0.0,,2.3783979009481375
Barrolândia,2020-12-28,239,0,4,0,0.21428571428571427,0.0,,2.3783979009481375
Barrolândia,2020-12-29,240,1,4,0,0.21428571428571427,0.0,,2.380211241711606
Barrolândia,2020-12-30,240,0,4,0,0.21428571428571427,0.0,,2.380211241711606
Barrolândia,2020-12-31,242,2,4,0,0.2857142857142857,0.0,,2.383815365980431
Barrolândia,2021-01-01,242,0,4,0,0.21428571428571427,0.0,,2.383815365980431
Barrolândia,2021-01-02,242,0,4,0,0.21428571428571427,0.0,,2.383815365980431
Barrolândia,2021-01-03,242,0,4,0,0.21428571428571427,0.0,,2.383815365980431
Barrolândia,2021-01-04,242,0,4,0,0.21428571428571427,0.0,,2.383815365980431
Barrolândia,2021-01-05,243,1,4,0,0.2857142857142857,0.0,,2.385606273598312
Barrolândia,2021-01-06,246,3,4,0,0.5,0.0,,2.3909351071033793
Barrolândia,2021-01-07,246,0,4,0,0.5,0.0,,2.3909351071033793
Barrolândia,2021-01-08,246,0,4,0,0.5,0.0,,2.3909351071033793
Barrolândia,2021-01-09,247,1,4,0,0.5714285714285714,0.0,,2.392696953259666
Barrolândia,2021-01-10,247,0,4,0,0.5714285714285714,0.0,,2.392696953259666
Barrolândia,2021-01-11,247,0,4,0,0.5714285714285714,0.0,,2.392696953259666
Barrolândia,2021-01-12,248,1,4,0,0.5714285714285714,0.0,,2.3944516808262164
Barrolândia,2021-01-13,249,1,4,0,0.6428571428571429,0.0,,2.3961993470957363
Barrolândia,2021-01-14,249,0,4,0,0.5,0.0,,2.3961993470957363
Barrolândia,2021-01-15,249,0,4,0,0.5,0.0,,2.3961993470957363
Barrolândia,2021-01-16,253,4,4,0,0.7857142857142857,0.0,,2.403120521175818
Barrolândia,2021-01-17,254,1,4,0,0.8571428571428571,0.0,,2.404833716619938
Barrolândia,2021-01-18,256,2,4,0,1.0,0.0,,2.4082399653118496
Barrolândia,2021-01-19,261,5,4,0,1.2857142857142858,0.0,,2.416640507338281
Barrolândia,2021-01-20,262,1,4,0,1.1428571428571428,0.0,,2.4183012913197452
Bernardo Sayão,2020-03-27,0,0,0,0,,,,0.0
Bernardo Sayão,2020-03-28,0,0,0,0,,,,0.0
Bernardo Sayão,2020-03-29,0,0,0,0,,,,0.0
Bernardo Sayão,2020-03-30,0,0,0,0,,,,0.0
Bernardo Sayão,2020-03-31,0,0,0,0,,,,0.0
Bernardo Sayão,2020-04-01,0,0,0,0,,,,0.0
Bernardo Sayão,2020-04-02,0,0,0,0,,,,0.0
Bernardo Sayão,2020-04-03,0,0,0,0,,,,0.0
Bernardo Sayão,2020-04-04,0,0,0,0,,,,0.0
Bernardo Sayão,2020-04-05,0,0,0,0,,,,0.0
Bernardo Sayão,2020-04-06,0,0,0,0,,,,0.0
Bernardo Sayão,2020-04-07,0,0,0,0,,,,0.0
Bernardo Sayão,2020-04-08,0,0,0,0,,,,0.0
Bernardo Sayão,2020-04-09,0,0,0,0,0.0,0.0,,0.0
Bernardo Sayão,2020-04-10,0,0,0,0,0.0,0.0,,0.0
Bernardo Sayão,2020-04-11,0,0,0,0,0.0,0.0,,0.0
Bernardo Sayão,2020-04-12,0,0,0,0,0.0,0.0,,0.0
Bernardo Sayão,2020-04-13,0,0,0,0,0.0,0.0,,0.0
Bernardo Sayão,2020-04-14,0,0,0,0,0.0,0.0,,0.0
Bernardo Sayão,2020-04-15,0,0,0,0,0.0,0.0,,0.0
Bernardo Sayão,2020-04-16,0,0,0,0,0.0,0.0,,0.0
Bernardo Sayão,2020-04-17,0,0,0,0,0.0,0.0,,0.0
Bernardo Sayão,2020-04-18,0,0,0,0,0.0,0.0,,0.0
Bernardo Sayão,2020-04-19,0,0,0,0,0.0,0.0,,0.0
Bernardo Sayão,2020-04-20,0,0,0,0,0.0,0.0,,0.0
Bernardo Sayão,2020-04-21,0,0,0,0,0.0,0.0,,0.0
Bernardo Sayão,2020-04-22,0,0,0,0,0.0,0.0,,0.0
Bernardo Sayão,2020-04-23,0,0,0,0,0.0,0.0,,0.0
Bernardo Sayão,2020-04-24,0,0,0,0,0.0,0.0,,0.0
Bernardo Sayão,2020-04-25,0,0,0,0,0.0,0.0,,0.0
Bernardo Sayão,2020-04-26,0,0,0,0,0.0,0.0,,0.0
Bernardo Sayão,2020-04-27,0,0,0,0,0.0,0.0,,0.0
Bernardo Sayão,2020-04-28,0,0,0,0,0.0,0.0,,0.0
Bernardo Sayão,2020-04-29,0,0,0,0,0.0,0.0,,0.0
Bernardo Sayão,2020-04-30,0,0,0,0,0.0,0.0,,0.0
Bernardo Sayão,2020-05-01,0,0,0,0,0.0,0.0,,0.0
Bernardo Sayão,2020-05-02,0,0,0,0,0.0,0.0,,0.0
Bernardo Sayão,2020-05-03,0,0,0,0,0.0,0.0,,0.0
Bernardo Sayão,2020-05-04,0,0,0,0,0.0,0.0,,0.0
Bernardo Sayão,2020-05-05,0,0,0,0,0.0,0.0,,0.0
Bernardo Sayão,2020-05-06,0,0,0,0,0.0,0.0,,0.0
Bernardo Sayão,2020-05-07,0,0,0,0,0.0,0.0,,0.0
Bernardo Sayão,2020-05-08,0,0,0,0,0.0,0.0,,0.0
Bernardo Sayão,2020-05-09,0,0,0,0,0.0,0.0,,0.0
Bernardo Sayão,2020-05-10,0,0,0,0,0.0,0.0,,0.0
Bernardo Sayão,2020-05-11,0,0,0,0,0.0,0.0,,0.0
Bernardo Sayão,2020-05-12,0,0,0,0,0.0,0.0,,0.0
Bernardo Sayão,2020-05-13,0,0,0,0,0.0,0.0,,0.0
Bernardo Sayão,2020-05-14,0,0,0,0,0.0,0.0,,0.0
Bernardo Sayão,2020-05-15,0,0,0,0,0.0,0.0,,0.0
Bernardo Sayão,2020-05-16,0,0,0,0,0.0,0.0,,0.0
Bernardo Sayão,2020-05-17,0,0,0,0,0.0,0.0,,0.0
Bernardo Sayão,2020-05-18,0,0,0,0,0.0,0.0,,0.0
Bernardo Sayão,2020-05-19,0,0,0,0,0.0,0.0,,0.0
Bernardo Sayão,2020-05-20,0,0,0,0,0.0,0.0,,0.0
Bernardo Sayão,2020-05-21,0,0,0,0,0.0,0.0,,0.0
Bernardo Sayão,2020-05-22,0,0,0,0,0.0,0.0,,0.0
Bernardo Sayão,2020-05-23,0,0,0,0,0.0,0.0,,0.0
Bernardo Sayão,2020-05-24,0,0,0,0,0.0,0.0,,0.0
Bernardo Sayão,2020-05-25,0,0,0,0,0.0,0.0,,0.0
Bernardo Sayão,2020-05-26,0,0,0,0,0.0,0.0,,0.0
Bernardo Sayão,2020-05-27,0,0,0,0,0.0,0.0,,0.0
Bernardo Sayão,2020-05-28,0,0,0,0,0.0,0.0,,0.0
Bernardo Sayão,2020-05-29,0,0,0,0,0.0,0.0,,0.0
Bernardo Sayão,2020-05-30,0,0,0,0,0.0,0.0,,0.0
Bernardo Sayão,2020-05-31,0,0,0,0,0.0,0.0,,0.0
Bernardo Sayão,2020-06-01,0,0,0,0,0.0,0.0,,0.0
Bernardo Sayão,2020-06-02,0,0,0,0,0.0,0.0,,0.0
Bernardo Sayão,2020-06-03,0,0,0,0,0.0,0.0,,0.0
Bernardo Sayão,2020-06-04,0,0,0,0,0.0,0.0,,0.0
Bernardo Sayão,2020-06-05,0,0,0,0,0.0,0.0,,0.0
Bernardo Sayão,2020-06-06,0,0,0,0,0.0,0.0,,0.0
Bernardo Sayão,2020-06-07,0,0,0,0,0.0,0.0,,0.0
Bernardo Sayão,2020-06-08,0,0,0,0,0.0,0.0,,0.0
Bernardo Sayão,2020-06-09,0,0,0,0,0.0,0.0,,0.0
Bernardo Sayão,2020-06-10,0,0,0,0,0.0,0.0,,0.0
Bernardo Sayão,2020-06-11,0,0,0,0,0.0,0.0,,0.0
Bernardo Sayão,2020-06-12,0,0,0,0,0.0,0.0,,0.0
Bernardo Sayão,2020-06-13,0,0,0,0,0.0,0.0,,0.0
Bernardo Sayão,2020-06-14,0,0,0,0,0.0,0.0,,0.0
Bernardo Sayão,2020-06-15,0,0,0,0,0.0,0.0,,0.0
Bernardo Sayão,2020-06-16,0,0,0,0,0.0,0.0,,0.0
Bernardo Sayão,2020-06-17,1,1,0,0,0.07142857142857142,0.0,,0.0
Bernardo Sayão,2020-06-18,0,-1,0,0,0.0,0.0,,0.0
Bernardo Sayão,2020-06-19,0,0,0,0,0.0,0.0,,0.0
Bernardo Sayão,2020-06-20,0,0,0,0,0.0,0.0,,0.0
Bernardo Sayão,2020-06-21,0,0,0,0,0.0,0.0,,0.0
Bernardo Sayão,2020-06-22,0,0,0,0,0.0,0.0,,0.0
Bernardo Sayão,2020-06-23,0,0,0,0,0.0,0.0,,0.0
Bernardo Sayão,2020-06-24,0,0,0,0,0.0,0.0,,0.0
Bernardo Sayão,2020-06-25,0,0,0,0,0.0,0.0,,0.0
Bernardo Sayão,2020-06-26,0,0,0,0,0.0,0.0,,0.0
Bernardo Sayão,2020-06-27,0,0,0,0,0.0,0.0,,0.0
Bernardo Sayão,2020-06-28,0,0,0,0,0.0,0.0,,0.0
Bernardo Sayão,2020-06-29,0,0,0,0,0.0,0.0,,0.0
Bernardo Sayão,2020-06-30,0,0,0,0,0.0,0.0,,0.0
Bernardo Sayão,2020-07-01,0,0,0,0,-0.07142857142857142,0.0,,0.0
Bernardo Sayão,2020-07-02,0,0,0,0,0.0,0.0,,0.0
Bernardo Sayão,2020-07-03,0,0,0,0,0.0,0.0,,0.0
Bernardo Sayão,2020-07-04,0,0,0,0,0.0,0.0,,0.0
Bernardo Sayão,2020-07-05,0,0,0,0,0.0,0.0,,0.0
Bernardo Sayão,2020-07-06,2,2,0,0,0.14285714285714285,0.0,,0.3010299956639812
Bernardo Sayão,2020-07-07,2,0,0,0,0.14285714285714285,0.0,,0.3010299956639812
Bernardo Sayão,2020-07-08,4,2,0,0,0.2857142857142857,0.0,,0.6020599913279624
Bernardo Sayão,2020-07-09,4,0,0,0,0.2857142857142857,0.0,,0.6020599913279624
Bernardo Sayão,2020-07-10,4,0,0,0,0.2857142857142857,0.0,,0.6020599913279624
Bernardo Sayão,2020-07-11,8,4,0,0,0.5714285714285714,0.0,,0.9030899869919435
Bernardo Sayão,2020-07-12,8,0,0,0,0.5714285714285714,0.0,,0.9030899869919435
Bernardo Sayão,2020-07-13,8,0,0,0,0.5714285714285714,0.0,,0.9030899869919435
Bernardo Sayão,2020-07-14,8,0,0,0,0.5714285714285714,0.0,,0.9030899869919435
Bernardo Sayão,2020-07-15,11,3,0,0,0.7857142857142857,0.0,,1.041392685158225
Bernardo Sayão,2020-07-16,15,4,0,0,1.0714285714285714,0.0,,1.1760912590556813
Bernardo Sayão,2020-07-17,15,0,0,0,1.0714285714285714,0.0,,1.1760912590556813
Bernardo Sayão,2020-07-18,15,0,0,0,1.0714285714285714,0.0,,1.1760912590556813
Bernardo Sayão,2020-07-19,15,0,0,0,1.0714285714285714,0.0,,1.1760912590556813
Bernardo Sayão,2020-07-20,15,0,0,0,0.9285714285714286,0.0,,1.1760912590556813
Bernardo Sayão,2020-07-21,15,0,0,0,0.9285714285714286,0.0,,1.1760912590556813
Bernardo Sayão,2020-07-22,15,0,0,0,0.7857142857142857,0.0,,1.1760912590556813
Bernardo Sayão,2020-07-23,16,1,0,0,0.8571428571428571,0.0,,1.2041199826559248
Bernardo Sayão,2020-07-24,16,0,0,0,0.8571428571428571,0.0,,1.2041199826559248
Bernardo Sayão,2020-07-25,16,0,0,0,0.5714285714285714,0.0,,1.2041199826559248
Bernardo Sayão,2020-07-26,17,1,0,0,0.6428571428571429,0.0,,1.2304489213782739
Bernardo Sayão,2020-07-27,17,0,0,0,0.6428571428571429,0.0,,1.2304489213782739
Bernardo Sayão,2020-07-28,17,0,0,0,0.6428571428571429,0.0,,1.2304489213782739
Bernardo Sayão,2020-07-29,17,0,0,0,0.42857142857142855,0.0,,1.2304489213782739
Bernardo Sayão,2020-07-30,17,0,0,0,0.14285714285714285,0.0,,1.2304489213782739
Bernardo Sayão,2020-07-31,17,0,0,0,0.14285714285714285,0.0,,1.2304489213782739
Bernardo Sayão,2020-08-01,17,0,0,0,0.14285714285714285,0.0,,1.2304489213782739
Bernardo Sayão,2020-08-02,18,1,0,0,0.21428571428571427,0.0,,1.255272505103306
Bernardo Sayão,2020-08-03,18,0,0,0,0.21428571428571427,0.0,,1.255272505103306
Bernardo Sayão,2020-08-04,19,1,1,1,0.2857142857142857,0.07142857142857142,inf,1.2787536009528289
Bernardo Sayão,2020-08-05,20,1,1,0,0.35714285714285715,0.07142857142857142,inf,1.3010299956639813
Bernardo Sayão,2020-08-06,21,1,1,0,0.35714285714285715,0.07142857142857142,inf,1.3222192947339193
Bernardo Sayão,2020-08-07,21,0,1,0,0.35714285714285715,0.07142857142857142,inf,1.3222192947339193
Bernardo Sayão,2020-08-08,21,0,1,0,0.35714285714285715,0.07142857142857142,inf,1.3222192947339193
Bernardo Sayão,2020-08-09,21,0,1,0,0.2857142857142857,0.07142857142857142,inf,1.3222192947339193
Bernardo Sayão,2020-08-10,21,0,1,0,0.2857142857142857,0.07142857142857142,inf,1.3222192947339193
Bernardo Sayão,2020-08-11,21,0,1,0,0.2857142857142857,0.07142857142857142,inf,1.3222192947339193
Bernardo Sayão,2020-08-12,22,1,1,0,0.35714285714285715,0.07142857142857142,inf,1.3424226808222062
Bernardo Sayão,2020-08-13,23,1,1,0,0.42857142857142855,0.07142857142857142,inf,1.3617278360175928
Bernardo Sayão,2020-08-14,24,1,1,0,0.5,0.07142857142857142,inf,1.380211241711606
Bernardo Sayão,2020-08-15,24,0,1,0,0.5,0.07142857142857142,inf,1.380211241711606
Bernardo Sayão,2020-08-16,24,0,1,0,0.42857142857142855,0.07142857142857142,inf,1.380211241711606
Bernardo Sayão,2020-08-17,24,0,1,0,0.42857142857142855,0.07142857142857142,inf,1.380211241711606
Bernardo Sayão,2020-08-18,27,3,1,0,0.5714285714285714,0.0,-1.0,1.4313637641589874
Bernardo Sayão,2020-08-19,28,1,1,0,0.5714285714285714,0.0,-1.0,1.4471580313422192
Bernardo Sayão,2020-08-20,28,0,1,0,0.5,0.0,-1.0,1.4471580313422192
Bernardo Sayão,2020-08-21,28,0,1,0,0.5,0.0,-1.0,1.4471580313422192
Bernardo Sayão,2020-08-22,28,0,1,0,0.5,0.0,-1.0,1.4471580313422192
Bernardo Sayão,2020-08-23,29,1,1,0,0.5714285714285714,0.0,-1.0,1.462397997898956
Bernardo Sayão,2020-08-24,29,0,1,0,0.5714285714285714,0.0,-1.0,1.462397997898956
Bernardo Sayão,2020-08-25,29,0,1,0,0.5714285714285714,0.0,-1.0,1.462397997898956
Bernardo Sayão,2020-08-26,30,1,1,0,0.5714285714285714,0.0,-1.0,1.4771212547196624
Bernardo Sayão,2020-08-27,30,0,1,0,0.5,0.0,-1.0,1.4771212547196624
Bernardo Sayão,2020-08-28,30,0,1,0,0.42857142857142855,0.0,-1.0,1.4771212547196624
Bernardo Sayão,2020-08-29,33,3,1,0,0.6428571428571429,0.0,-1.0,1.5185139398778875
Bernardo Sayão,2020-08-30,33,0,1,0,0.6428571428571429,0.0,-1.0,1.5185139398778875
Bernardo Sayão,2020-08-31,33,0,1,0,0.6428571428571429,0.0,-1.0,1.5185139398778875
Bernardo Sayão,2020-09-01,33,0,2,1,0.42857142857142855,0.07142857142857142,inf,1.5185139398778875
Bernardo Sayão,2020-09-02,33,0,2,0,0.35714285714285715,0.07142857142857142,inf,1.5185139398778875
Bernardo Sayão,2020-09-03,33,0,2,0,0.35714285714285715,0.07142857142857142,inf,1.5185139398778875
Bernardo Sayão,2020-09-04,35,2,2,0,0.5,0.07142857142857142,inf,1.5440680443502757
Bernardo Sayão,2020-09-05,35,0,2,0,0.5,0.07142857142857142,inf,1.5440680443502757
Bernardo Sayão,2020-09-06,35,0,2,0,0.42857142857142855,0.07142857142857142,inf,1.5440680443502757
Bernardo Sayão,2020-09-07,35,0,2,0,0.42857142857142855,0.07142857142857142,inf,1.5440680443502757
Bernardo Sayão,2020-09-08,35,0,2,0,0.42857142857142855,0.07142857142857142,inf,1.5440680443502757
Bernardo Sayão,2020-09-09,35,0,2,0,0.35714285714285715,0.07142857142857142,inf,1.5440680443502757
Bernardo Sayão,2020-09-10,35,0,2,0,0.35714285714285715,0.07142857142857142,inf,1.5440680443502757
Bernardo Sayão,2020-09-11,35,0,2,0,0.35714285714285715,0.07142857142857142,inf,1.5440680443502757
Bernardo Sayão,2020-09-12,35,0,2,0,0.14285714285714285,0.07142857142857142,inf,1.5440680443502757
Bernardo Sayão,2020-09-13,35,0,2,0,0.14285714285714285,0.07142857142857142,inf,1.5440680443502757
Bernardo Sayão,2020-09-14,35,0,2,0,0.14285714285714285,0.07142857142857142,inf,1.5440680443502757
Bernardo Sayão,2020-09-15,36,1,3,1,0.21428571428571427,0.07142857142857142,0.0,1.5563025007672873
Bernardo Sayão,2020-09-16,38,2,3,0,0.35714285714285715,0.07142857142857142,0.0,1.5797835966168101
Bernardo Sayão,2020-09-17,38,0,3,0,0.35714285714285715,0.07142857142857142,0.0,1.5797835966168101
Bernardo Sayão,2020-09-18,38,0,3,0,0.21428571428571427,0.07142857142857142,0.0,1.5797835966168101
Bernardo Sayão,2020-09-19,39,1,3,0,0.2857142857142857,0.07142857142857142,0.0,1.591064607026499
Bernardo Sayão,2020-09-20,39,0,3,0,0.2857142857142857,0.07142857142857142,0.0,1.591064607026499
Bernardo Sayão,2020-09-21,39,0,3,0,0.2857142857142857,0.07142857142857142,0.0,1.591064607026499
Bernardo Sayão,2020-09-22,39,0,3,0,0.2857142857142857,0.07142857142857142,0.0,1.591064607026499
Bernardo Sayão,2020-09-23,43,4,3,0,0.5714285714285714,0.07142857142857142,0.0,1.6334684555795866
Bernardo Sayão,2020-09-24,43,0,3,0,0.5714285714285714,0.07142857142857142,0.0,1.6334684555795866
Bernardo Sayão,2020-09-25,43,0,3,0,0.5714285714285714,0.07142857142857142,0.0,1.6334684555795866
Bernardo Sayão,2020-09-26,50,7,3,0,1.0714285714285714,0.07142857142857142,0.0,1.6989700043360187
Bernardo Sayão,2020-09-27,50,0,3,0,1.0714285714285714,0.07142857142857142,0.0,1.6989700043360187
Bernardo Sayão,2020-09-28,50,0,3,0,1.0714285714285714,0.07142857142857142,0.0,1.6989700043360187
Bernardo Sayão,2020-09-29,51,1,3,0,1.0714285714285714,0.0,-1.0,1.7075701760979363
Bernardo Sayão,2020-09-30,51,0,3,0,0.9285714285714286,0.0,-1.0,1.7075701760979363
Bernardo Sayão,2020-10-01,52,1,3,0,1.0,0.0,-1.0,1.7160033436347992
Bernardo Sayão,2020-10-02,52,0,3,0,1.0,0.0,-1.0,1.7160033436347992
Bernardo Sayão,2020-10-03,53,1,3,0,1.0,0.0,-1.0,1.7242758696007892
Bernardo Sayão,2020-10-04,53,0,3,0,1.0,0.0,-1.0,1.7242758696007892
Bernardo Sayão,2020-10-05,53,0,3,0,1.0,0.0,-1.0,1.7242758696007892
Bernardo Sayão,2020-10-06,53,0,3,0,1.0,0.0,-1.0,1.7242758696007892
Bernardo Sayão,2020-10-07,53,0,3,0,0.7142857142857143,0.0,-1.0,1.7242758696007892
Bernardo Sayão,2020-10-08,53,0,3,0,0.7142857142857143,0.0,-1.0,1.7242758696007892
Bernardo Sayão,2020-10-09,53,0,3,0,0.7142857142857143,0.0,-1.0,1.7242758696007892
Bernardo Sayão,2020-10-10,55,2,3,0,0.35714285714285715,0.0,-1.0,1.7403626894942439
Bernardo Sayão,2020-10-11,55,0,3,0,0.35714285714285715,0.0,-1.0,1.7403626894942439
Bernardo Sayão,2020-10-12,55,0,3,0,0.35714285714285715,0.0,-1.0,1.7403626894942439
Bernardo Sayão,2020-10-13,55,0,3,0,0.2857142857142857,0.0,,1.7403626894942439
Bernardo Sayão,2020-10-14,59,4,3,0,0.5714285714285714,0.0,,1.7708520116421442
Bernardo Sayão,2020-10-15,59,0,3,0,0.5,0.0,,1.7708520116421442
Bernardo Sayão,2020-10-16,59,0,3,0,0.5,0.0,,1.7708520116421442
Bernardo Sayão,2020-10-17,60,1,3,0,0.5,0.0,,1.7781512503836436
Bernardo Sayão,2020-10-18,60,0,3,0,0.5,0.0,,1.7781512503836436
Bernardo Sayão,2020-10-19,60,0,3,0,0.5,0.0,,1.7781512503836436
Bernardo Sayão,2020-10-20,60,0,3,0,0.5,0.0,,1.7781512503836436
Bernardo Sayão,2020-10-21,61,1,3,0,0.5714285714285714,0.0,,1.7853298350107671
Bernardo Sayão,2020-10-22,61,0,3,0,0.5714285714285714,0.0,,1.7853298350107671
Bernardo Sayão,2020-10-23,61,0,3,0,0.5714285714285714,0.0,,1.7853298350107671
Bernardo Sayão,2020-10-24,61,0,3,0,0.42857142857142855,0.0,,1.7853298350107671
Bernardo Sayão,2020-10-25,61,0,3,0,0.42857142857142855,0.0,,1.7853298350107671
Bernardo Sayão,2020-10-26,61,0,3,0,0.42857142857142855,0.0,,1.7853298350107671
Bernardo Sayão,2020-10-27,61,0,3,0,0.42857142857142855,0.0,,1.7853298350107671
Bernardo Sayão,2020-10-28,61,0,3,0,0.14285714285714285,0.0,,1.7853298350107671
Bernardo Sayão,2020-10-29,61,0,3,0,0.14285714285714285,0.0,,1.7853298350107671
Bernardo Sayão,2020-10-30,62,1,3,0,0.21428571428571427,0.0,,1.792391689498254
Bernardo Sayão,2020-10-31,62,0,3,0,0.14285714285714285,0.0,,1.792391689498254
Bernardo Sayão,2020-11-01,62,0,3,0,0.14285714285714285,0.0,,1.792391689498254
Bernardo Sayão,2020-11-02,62,0,3,0,0.14285714285714285,0.0,,1.792391689498254
Bernardo Sayão,2020-11-03,62,0,3,0,0.14285714285714285,0.0,,1.792391689498254
Bernardo Sayão,2020-11-04,62,0,3,0,0.07142857142857142,0.0,,1.792391689498254
Bernardo Sayão,2020-11-05,62,0,3,0,0.07142857142857142,0.0,,1.792391689498254
Bernardo Sayão,2020-11-06,62,0,3,0,0.07142857142857142,0.0,,1.792391689498254
Bernardo Sayão,2020-11-07,62,0,3,0,0.07142857142857142,0.0,,1.792391689498254
Bernardo Sayão,2020-11-08,62,0,3,0,0.07142857142857142,0.0,,1.792391689498254
Bernardo Sayão,2020-11-09,62,0,3,0,0.07142857142857142,0.0,,1.792391689498254
Bernardo Sayão,2020-11-10,62,0,3,0,0.07142857142857142,0.0,,1.792391689498254
Bernardo Sayão,2020-11-11,62,0,3,0,0.07142857142857142,0.0,,1.792391689498254
Bernardo Sayão,2020-11-12,62,0,3,0,0.07142857142857142,0.0,,1.792391689498254
Bernardo Sayão,2020-11-13,63,1,3,0,0.07142857142857142,0.0,,1.7993405494535817
Bernardo Sayão,2020-11-14,64,1,3,0,0.14285714285714285,0.0,,1.806179973983887
Bernardo Sayão,2020-11-15,64,0,3,0,0.14285714285714285,0.0,,1.806179973983887
Bernardo Sayão,2020-11-16,64,0,3,0,0.14285714285714285,0.0,,1.806179973983887
Bernardo Sayão,2020-11-17,64,0,3,0,0.14285714285714285,0.0,,1.806179973983887
Bernardo Sayão,2020-11-18,65,1,3,0,0.21428571428571427,0.0,,1.8129133566428555
Bernardo Sayão,2020-11-19,65,0,3,0,0.21428571428571427,0.0,,1.8129133566428555
Bernardo Sayão,2020-11-20,67,2,3,0,0.35714285714285715,0.0,,1.8260748027008264
Bernardo Sayão,2020-11-21,67,0,3,0,0.35714285714285715,0.0,,1.8260748027008264
Bernardo Sayão,2020-11-22,67,0,3,0,0.35714285714285715,0.0,,1.8260748027008264
Bernardo Sayão,2020-11-23,67,0,3,0,0.35714285714285715,0.0,,1.8260748027008264
Bernardo Sayão,2020-11-24,74,7,3,0,0.8571428571428571,0.0,,1.8692317197309762
Bernardo Sayão,2020-11-25,74,0,3,0,0.8571428571428571,0.0,,1.8692317197309762
Bernardo Sayão,2020-11-26,74,0,3,0,0.8571428571428571,0.0,,1.8692317197309762
Bernardo Sayão,2020-11-27,76,2,3,0,0.9285714285714286,0.0,,1.8808135922807914
Bernardo Sayão,2020-11-28,76,0,3,0,0.8571428571428571,0.0,,1.8808135922807914
Bernardo Sayão,2020-11-29,76,0,3,0,0.8571428571428571,0.0,,1.8808135922807914
Bernardo Sayão,2020-11-30,76,0,3,0,0.8571428571428571,0.0,,1.8808135922807914
Bernardo Sayão,2020-12-01,79,3,3,0,1.0714285714285714,0.0,,1.8976270912904414
Bernardo Sayão,2020-12-02,79,0,3,0,1.0,0.0,,1.8976270912904414
Bernardo Sayão,2020-12-03,79,0,3,0,1.0,0.0,,1.8976270912904414
Bernardo Sayão,2020-12-04,82,3,3,0,1.0714285714285714,0.0,,1.9138138523837167
Bernardo Sayão,2020-12-05,90,8,3,0,1.6428571428571428,0.0,,1.9542425094393248
Bernardo Sayão,2020-12-06,90,0,3,0,1.6428571428571428,0.0,,1.9542425094393248
Bernardo Sayão,2020-12-07,90,0,3,0,1.6428571428571428,0.0,,1.9542425094393248
Bernardo Sayão,2020-12-08,90,0,3,0,1.1428571428571428,0.0,,1.9542425094393248
Bernardo Sayão,2020-12-09,96,6,3,0,1.5714285714285714,0.0,,1.9822712330395684
Bernardo Sayão,2020-12-10,99,3,3,0,1.7857142857142858,0.0,,1.99563519459755
Bernardo Sayão,2020-12-11,100,1,3,0,1.7142857142857142,0.0,,2.0
Bernardo Sayão,2020-12-12,100,0,3,0,1.7142857142857142,0.0,,2.0
Bernardo Sayão,2020-12-13,100,0,3,0,1.7142857142857142,0.0,,2.0
Bernardo Sayão,2020-12-14,100,0,3,0,1.7142857142857142,0.0,,2.0
Bernardo Sayão,2020-12-15,100,0,3,0,1.5,0.0,,2.0
Bernardo Sayão,2020-12-16,100,0,3,0,1.5,0.0,,2.0
Bernardo Sayão,2020-12-17,101,1,3,0,1.5714285714285714,0.0,,2.0043213737826426
Bernardo Sayão,2020-12-18,101,0,3,0,1.3571428571428572,0.0,,2.0043213737826426
Bernardo Sayão,2020-12-19,101,0,4,1,0.7857142857142857,0.07142857142857142,inf,2.0043213737826426
Bernardo Sayão,2020-12-20,101,0,4,0,0.7857142857142857,0.07142857142857142,inf,2.0043213737826426
Bernardo Sayão,2020-12-21,101,0,4,0,0.7857142857142857,0.07142857142857142,inf,2.0043213737826426
Bernardo Sayão,2020-12-22,115,14,4,0,1.7857142857142858,0.07142857142857142,inf,2.060697840353612
Bernardo Sayão,2020-12-23,115,0,4,0,1.3571428571428572,0.07142857142857142,inf,2.060697840353612
Bernardo Sayão,2020-12-24,115,0,4,0,1.1428571428571428,0.07142857142857142,inf,2.060697840353612
Bernardo Sayão,2020-12-25,115,0,4,0,1.0714285714285714,0.07142857142857142,inf,2.060697840353612
Bernardo Sayão,2020-12-26,115,0,4,0,1.0714285714285714,0.07142857142857142,inf,2.060697840353612
Bernardo Sayão,2020-12-27,115,0,4,0,1.0714285714285714,0.07142857142857142,inf,2.060697840353612
Bernardo Sayão,2020-12-28,115,0,4,0,1.0714285714285714,0.07142857142857142,inf,2.060697840353612
Bernardo Sayão,2020-12-29,116,1,4,0,1.1428571428571428,0.07142857142857142,inf,2.0644579892269186
Bernardo Sayão,2020-12-30,116,0,4,0,1.1428571428571428,0.07142857142857142,inf,2.0644579892269186
Bernardo Sayão,2020-12-31,117,1,4,0,1.1428571428571428,0.07142857142857142,inf,2.0681858617461617
Bernardo Sayão,2021-01-01,117,0,4,0,1.1428571428571428,0.07142857142857142,inf,2.0681858617461617
Bernardo Sayão,2021-01-02,117,0,4,0,1.1428571428571428,0.0,-1.0,2.0681858617461617
Bernardo Sayão,2021-01-03,117,0,4,0,1.1428571428571428,0.0,-1.0,2.0681858617461617
Bernardo Sayão,2021-01-04,117,0,4,0,1.1428571428571428,0.0,-1.0,2.0681858617461617
Bernardo Sayão,2021-01-05,117,0,4,0,0.14285714285714285,0.0,-1.0,2.0681858617461617
Bernardo Sayão,2021-01-06,118,1,4,0,0.21428571428571427,0.0,-1.0,2.0718820073061255
Bernardo Sayão,2021-01-07,118,0,4,0,0.21428571428571427,0.0,-1.0,2.0718820073061255
Bernardo Sayão,2021-01-08,118,0,4,0,0.21428571428571427,0.0,-1.0,2.0718820073061255
Bernardo Sayão,2021-01-09,118,0,4,0,0.21428571428571427,0.0,-1.0,2.0718820073061255
Bernardo Sayão,2021-01-10,118,0,4,0,0.21428571428571427,0.0,-1.0,2.0718820073061255
Bernardo Sayão,2021-01-11,118,0,4,0,0.21428571428571427,0.0,-1.0,2.0718820073061255
Bernardo Sayão,2021-01-12,119,1,4,0,0.21428571428571427,0.0,-1.0,2.075546961392531
Bernardo Sayão,2021-01-13,120,1,4,0,0.2857142857142857,0.0,-1.0,2.0791812460476247
Bernardo Sayão,2021-01-14,122,2,4,0,0.35714285714285715,0.0,-1.0,2.0863598306747484
Bernardo Sayão,2021-01-15,122,0,4,0,0.35714285714285715,0.0,-1.0,2.0863598306747484
Bernardo Sayão,2021-01-16,125,3,4,0,0.5714285714285714,0.0,,2.0969100130080562
Bernardo Sayão,2021-01-17,125,0,4,0,0.5714285714285714,0.0,,2.0969100130080562
Bernardo Sayão,2021-01-18,125,0,4,0,0.5714285714285714,0.0,,2.0969100130080562
Bernardo Sayão,2021-01-19,125,0,4,0,0.5714285714285714,0.0,,2.0969100130080562
Bernardo Sayão,2021-01-20,125,0,4,0,0.5,0.0,,2.0969100130080562
Bom Jesus do Tocantins,2020-03-27,0,0,0,0,,,,0.0
Bom Jesus do Tocantins,2020-03-28,0,0,0,0,,,,0.0
Bom Jesus do Tocantins,2020-03-29,0,0,0,0,,,,0.0
Bom Jesus do Tocantins,2020-03-30,0,0,0,0,,,,0.0
Bom Jesus do Tocantins,2020-03-31,0,0,0,0,,,,0.0
Bom Jesus do Tocantins,2020-04-01,0,0,0,0,,,,0.0
Bom Jesus do Tocantins,2020-04-02,0,0,0,0,,,,0.0
Bom Jesus do Tocantins,2020-04-03,0,0,0,0,,,,0.0
Bom Jesus do Tocantins,2020-04-04,0,0,0,0,,,,0.0
Bom Jesus do Tocantins,2020-04-05,0,0,0,0,,,,0.0
Bom Jesus do Tocantins,2020-04-06,0,0,0,0,,,,0.0
Bom Jesus do Tocantins,2020-04-07,0,0,0,0,,,,0.0
Bom Jesus do Tocantins,2020-04-08,0,0,0,0,,,,0.0
Bom Jesus do Tocantins,2020-04-09,0,0,0,0,0.0,0.0,,0.0
Bom Jesus do Tocantins,2020-04-10,0,0,0,0,0.0,0.0,,0.0
Bom Jesus do Tocantins,2020-04-11,0,0,0,0,0.0,0.0,,0.0
Bom Jesus do Tocantins,2020-04-12,0,0,0,0,0.0,0.0,,0.0
Bom Jesus do Tocantins,2020-04-13,0,0,0,0,0.0,0.0,,0.0
Bom Jesus do Tocantins,2020-04-14,0,0,0,0,0.0,0.0,,0.0
Bom Jesus do Tocantins,2020-04-15,0,0,0,0,0.0,0.0,,0.0
Bom Jesus do Tocantins,2020-04-16,0,0,0,0,0.0,0.0,,0.0
Bom Jesus do Tocantins,2020-04-17,0,0,0,0,0.0,0.0,,0.0
Bom Jesus do Tocantins,2020-04-18,0,0,0,0,0.0,0.0,,0.0
Bom Jesus do Tocantins,2020-04-19,0,0,0,0,0.0,0.0,,0.0
Bom Jesus do Tocantins,2020-04-20,0,0,0,0,0.0,0.0,,0.0
Bom Jesus do Tocantins,2020-04-21,0,0,0,0,0.0,0.0,,0.0
Bom Jesus do Tocantins,2020-04-22,0,0,0,0,0.0,0.0,,0.0
Bom Jesus do Tocantins,2020-04-23,0,0,0,0,0.0,0.0,,0.0
Bom Jesus do Tocantins,2020-04-24,0,0,0,0,0.0,0.0,,0.0
Bom Jesus do Tocantins,2020-04-25,0,0,0,0,0.0,0.0,,0.0
Bom Jesus do Tocantins,2020-04-26,0,0,0,0,0.0,0.0,,0.0
Bom Jesus do Tocantins,2020-04-27,0,0,0,0,0.0,0.0,,0.0
Bom Jesus do Tocantins,2020-04-28,0,0,0,0,0.0,0.0,,0.0
Bom Jesus do Tocantins,2020-04-29,0,0,0,0,0.0,0.0,,0.0
Bom Jesus do Tocantins,2020-04-30,0,0,0,0,0.0,0.0,,0.0
Bom Jesus do Tocantins,2020-05-01,0,0,0,0,0.0,0.0,,0.0
Bom Jesus do Tocantins,2020-05-02,0,0,0,0,0.0,0.0,,0.0
Bom Jesus do Tocantins,2020-05-03,0,0,0,0,0.0,0.0,,0.0
Bom Jesus do Tocantins,2020-05-04,0,0,0,0,0.0,0.0,,0.0
Bom Jesus do Tocantins,2020-05-05,0,0,0,0,0.0,0.0,,0.0
Bom Jesus do Tocantins,2020-05-06,0,0,0,0,0.0,0.0,,0.0
Bom Jesus do Tocantins,2020-05-07,0,0,0,0,0.0,0.0,,0.0
Bom Jesus do Tocantins,2020-05-08,0,0,0,0,0.0,0.0,,0.0
Bom Jesus do Tocantins,2020-05-09,0,0,0,0,0.0,0.0,,0.0
Bom Jesus do Tocantins,2020-05-10,0,0,0,0,0.0,0.0,,0.0
Bom Jesus do Tocantins,2020-05-11,0,0,0,0,0.0,0.0,,0.0
Bom Jesus do Tocantins,2020-05-12,0,0,0,0,0.0,0.0,,0.0
Bom Jesus do Tocantins,2020-05-13,0,0,0,0,0.0,0.0,,0.0
Bom Jesus do Tocantins,2020-05-14,0,0,0,0,0.0,0.0,,0.0
Bom Jesus do Tocantins,2020-05-15,0,0,0,0,0.0,0.0,,0.0
Bom Jesus do Tocantins,2020-05-16,0,0,0,0,0.0,0.0,,0.0
Bom Jesus do Tocantins,2020-05-17,0,0,0,0,0.0,0.0,,0.0
Bom Jesus do Tocantins,2020-05-18,0,0,0,0,0.0,0.0,,0.0
Bom Jesus do Tocantins,2020-05-19,0,0,0,0,0.0,0.0,,0.0
Bom Jesus do Tocantins,2020-05-20,0,0,0,0,0.0,0.0,,0.0
Bom Jesus do Tocantins,2020-05-21,0,0,0,0,0.0,0.0,,0.0
Bom Jesus do Tocantins,2020-05-22,0,0,0,0,0.0,0.0,,0.0
Bom Jesus do Tocantins,2020-05-23,0,0,0,0,0.0,0.0,,0.0
Bom Jesus do Tocantins,2020-05-24,0,0,0,0,0.0,0.0,,0.0
Bom Jesus do Tocantins,2020-05-25,0,0,0,0,0.0,0.0,,0.0
Bom Jesus do Tocantins,2020-05-26,0,0,0,0,0.0,0.0,,0.0
Bom Jesus do Tocantins,2020-05-27,0,0,0,0,0.0,0.0,,0.0
Bom Jesus do Tocantins,2020-05-28,0,0,0,0,0.0,0.0,,0.0
Bom Jesus do Tocantins,2020-05-29,0,0,0,0,0.0,0.0,,0.0
Bom Jesus do Tocantins,2020-05-30,0,0,0,0,0.0,0.0,,0.0
Bom Jesus do Tocantins,2020-05-31,0,0,0,0,0.0,0.0,,0.0
Bom Jesus do Tocantins,2020-06-01,0,0,0,0,0.0,0.0,,0.0
Bom Jesus do Tocantins,2020-06-02,0,0,0,0,0.0,0.0,,0.0
Bom Jesus do Tocantins,2020-06-03,0,0,0,0,0.0,0.0,,0.0
Bom Jesus do Tocantins,2020-06-04,0,0,0,0,0.0,0.0,,0.0
Bom Jesus do Tocantins,2020-06-05,0,0,0,0,0.0,0.0,,0.0
Bom Jesus do Tocantins,2020-06-06,0,0,0,0,0.0,0.0,,0.0
Bom Jesus do Tocantins,2020-06-07,0,0,0,0,0.0,0.0,,0.0
Bom Jesus do Tocantins,2020-06-08,0,0,0,0,0.0,0.0,,0.0
Bom Jesus do Tocantins,2020-06-09,0,0,0,0,0.0,0.0,,0.0
Bom Jesus do Tocantins,2020-06-10,0,0,0,0,0.0,0.0,,0.0
Bom Jesus do Tocantins,2020-06-11,0,0,0,0,0.0,0.0,,0.0
Bom Jesus do Tocantins,2020-06-12,0,0,0,0,0.0,0.0,,0.0
Bom Jesus do Tocantins,2020-06-13,0,0,0,0,0.0,0.0,,0.0
Bom Jesus do Tocantins,2020-06-14,0,0,0,0,0.0,0.0,,0.0
Bom Jesus do Tocantins,2020-06-15,0,0,0,0,0.0,0.0,,0.0
Bom Jesus do Tocantins,2020-06-16,0,0,0,0,0.0,0.0,,0.0
Bom Jesus do Tocantins,2020-06-17,0,0,0,0,0.0,0.0,,0.0
Bom Jesus do Tocantins,2020-06-18,2,2,0,0,0.14285714285714285,0.0,,0.3010299956639812
Bom Jesus do Tocantins,2020-06-19,3,1,0,0,0.21428571428571427,0.0,,0.47712125471966244
Bom Jesus do Tocantins,2020-06-20,3,0,0,0,0.21428571428571427,0.0,,0.47712125471966244
Bom Jesus do Tocantins,2020-06-21,3,0,0,0,0.21428571428571427,0.0,,0.47712125471966244
Bom Jesus do Tocantins,2020-06-22,3,0,0,0,0.21428571428571427,0.0,,0.47712125471966244
Bom Jesus do Tocantins,2020-06-23,3,0,0,0,0.21428571428571427,0.0,,0.47712125471966244
Bom Jesus do Tocantins,2020-06-24,3,0,0,0,0.21428571428571427,0.0,,0.47712125471966244
Bom Jesus do Tocantins,2020-06-25,3,0,0,0,0.21428571428571427,0.0,,0.47712125471966244
Bom Jesus do Tocantins,2020-06-26,3,0,0,0,0.21428571428571427,0.0,,0.47712125471966244
Bom Jesus do Tocantins,2020-06-27,3,0,0,0,0.21428571428571427,0.0,,0.47712125471966244
Bom Jesus do Tocantins,2020-06-28,3,0,0,0,0.21428571428571427,0.0,,0.47712125471966244
Bom Jesus do Tocantins,2020-06-29,3,0,0,0,0.21428571428571427,0.0,,0.47712125471966244
Bom Jesus do Tocantins,2020-06-30,3,0,0,0,0.21428571428571427,0.0,,0.47712125471966244
Bom Jesus do Tocantins,2020-07-01,5,2,0,0,0.35714285714285715,0.0,,0.6989700043360189
Bom Jesus do Tocantins,2020-07-02,5,0,0,0,0.21428571428571427,0.0,,0.6989700043360189
Bom Jesus do Tocantins,2020-07-03,4,-1,0,0,0.07142857142857142,0.0,,0.6020599913279624
Bom Jesus do Tocantins,2020-07-04,7,3,0,0,0.2857142857142857,0.0,,0.8450980400142568
Bom Jesus do Tocantins,2020-07-05,7,0,0,0,0.2857142857142857,0.0,,0.8450980400142568
Bom Jesus do Tocantins,2020-07-06,7,0,0,0,0.2857142857142857,0.0,,0.8450980400142568
Bom Jesus do Tocantins,2020-07-07,7,0,0,0,0.2857142857142857,0.0,,0.8450980400142568
Bom Jesus do Tocantins,2020-07-08,11,4,0,0,0.5714285714285714,0.0,,1.041392685158225
Bom Jesus do Tocantins,2020-07-09,11,0,0,0,0.5714285714285714,0.0,,1.041392685158225
Bom Jesus do Tocantins,2020-07-10,11,0,0,0,0.5714285714285714,0.0,,1.041392685158225
Bom Jesus do Tocantins,2020-07-11,11,0,0,0,0.5714285714285714,0.0,,1.041392685158225
Bom Jesus do Tocantins,2020-07-12,11,0,0,0,0.5714285714285714,0.0,,1.041392685158225
Bom Jesus do Tocantins,2020-07-13,11,0,0,0,0.5714285714285714,0.0,,1.041392685158225
Bom Jesus do Tocantins,2020-07-14,11,0,0,0,0.5714285714285714,0.0,,1.041392685158225
Bom Jesus do Tocantins,2020-07-15,15,4,0,0,0.7142857142857143,0.0,,1.1760912590556813
Bom Jesus do Tocantins,2020-07-16,15,0,0,0,0.7142857142857143,0.0,,1.1760912590556813
Bom Jesus do Tocantins,2020-07-17,15,0,0,0,0.7857142857142857,0.0,,1.1760912590556813
Bom Jesus do Tocantins,2020-07-18,15,0,0,0,0.5714285714285714,0.0,,1.1760912590556813
Bom Jesus do Tocantins,2020-07-19,15,0,0,0,0.5714285714285714,0.0,,1.1760912590556813
Bom Jesus do Tocantins,2020-07-20,15,0,0,0,0.5714285714285714,0.0,,1.1760912590556813
Bom Jesus do Tocantins,2020-07-21,16,1,0,0,0.6428571428571429,0.0,,1.2041199826559248
Bom Jesus do Tocantins,2020-07-22,22,6,0,0,0.7857142857142857,0.0,,1.3424226808222062
Bom Jesus do Tocantins,2020-07-23,22,0,0,0,0.7857142857142857,0.0,,1.3424226808222062
Bom Jesus do Tocantins,2020-07-24,22,0,0,0,0.7857142857142857,0.0,,1.3424226808222062
Bom Jesus do Tocantins,2020-07-25,23,1,0,0,0.8571428571428571,0.0,,1.3617278360175928
Bom Jesus do Tocantins,2020-07-26,23,0,0,0,0.8571428571428571,0.0,,1.3617278360175928
Bom Jesus do Tocantins,2020-07-27,23,0,0,0,0.8571428571428571,0.0,,1.3617278360175928
Bom Jesus do Tocantins,2020-07-28,26,3,0,0,1.0714285714285714,0.0,,1.414973347970818
Bom Jesus do Tocantins,2020-07-29,29,3,0,0,1.0,0.0,,1.462397997898956
Bom Jesus do Tocantins,2020-07-30,34,5,0,0,1.3571428571428572,0.0,,1.5314789170422551
Bom Jesus do Tocantins,2020-07-31,34,0,0,0,1.3571428571428572,0.0,,1.5314789170422551
Bom Jesus do Tocantins,2020-08-01,34,0,0,0,1.3571428571428572,0.0,,1.5314789170422551
Bom Jesus do Tocantins,2020-08-02,34,0,0,0,1.3571428571428572,0.0,,1.5314789170422551
Bom Jesus do Tocantins,2020-08-03,34,0,0,0,1.3571428571428572,0.0,,1.5314789170422551
Bom Jesus do Tocantins,2020-08-04,35,1,0,0,1.3571428571428572,0.0,,1.5440680443502757
Bom Jesus do Tocantins,2020-08-05,35,0,0,0,0.9285714285714286,0.0,,1.5440680443502757
Bom Jesus do Tocantins,2020-08-06,36,1,0,0,1.0,0.0,,1.5563025007672873
Bom Jesus do Tocantins,2020-08-07,37,1,0,0,1.0714285714285714,0.0,,1.568201724066995
Bom Jesus do Tocantins,2020-08-08,37,0,0,0,1.0,0.0,,1.568201724066995
Bom Jesus do Tocantins,2020-08-09,37,0,0,0,1.0,0.0,,1.568201724066995
Bom Jesus do Tocantins,2020-08-10,41,4,0,0,1.2857142857142858,0.0,,1.6127838567197355
Bom Jesus do Tocantins,2020-08-11,43,2,0,0,1.2142857142857142,0.0,,1.6334684555795866
Bom Jesus do Tocantins,2020-08-12,43,0,0,0,1.0,0.0,,1.6334684555795866
Bom Jesus do Tocantins,2020-08-13,43,0,0,0,0.6428571428571429,0.0,,1.6334684555795866
Bom Jesus do Tocantins,2020-08-14,31,-12,0,0,-0.21428571428571427,0.0,,1.4913616938342726
Bom Jesus do Tocantins,2020-08-15,31,0,0,0,-0.21428571428571427,0.0,,1.4913616938342726
Bom Jesus do Tocantins,2020-08-16,31,0,0,0,-0.21428571428571427,0.0,,1.4913616938342726
Bom Jesus do Tocantins,2020-08-17,31,0,0,0,-0.21428571428571427,0.0,,1.4913616938342726
Bom Jesus do Tocantins,2020-08-18,50,19,0,0,1.0714285714285714,0.0,,1.6989700043360187
Bom Jesus do Tocantins,2020-08-19,50,0,0,0,1.0714285714285714,0.0,,1.6989700043360187
Bom Jesus do Tocantins,2020-08-20,50,0,0,0,1.0,0.0,,1.6989700043360187
Bom Jesus do Tocantins,2020-08-21,51,1,0,0,1.0,0.0,,1.7075701760979363
Bom Jesus do Tocantins,2020-08-22,51,0,0,0,1.0,0.0,,1.7075701760979363
Bom Jesus do Tocantins,2020-08-23,51,0,0,0,1.0,0.0,,1.7075701760979363
Bom Jesus do Tocantins,2020-08-24,51,0,0,0,0.7142857142857143,0.0,,1.7075701760979363
Bom Jesus do Tocantins,2020-08-25,51,0,0,0,0.5714285714285714,0.0,,1.7075701760979363
Bom Jesus do Tocantins,2020-08-26,51,0,0,0,0.5714285714285714,0.0,,1.7075701760979363
Bom Jesus do Tocantins,2020-08-27,63,12,0,0,1.4285714285714286,0.0,,1.7993405494535817
Bom Jesus do Tocantins,2020-08-28,64,1,0,0,2.357142857142857,0.0,,1.806179973983887
Bom Jesus do Tocantins,2020-08-29,64,0,0,0,2.357142857142857,0.0,,1.806179973983887
Bom Jesus do Tocantins,2020-08-30,64,0,0,0,2.357142857142857,0.0,,1.806179973983887
Bom Jesus do Tocantins,2020-08-31,64,0,0,0,2.357142857142857,0.0,,1.806179973983887
Bom Jesus do Tocantins,2020-09-01,64,0,0,0,1.0,0.0,,1.806179973983887
Bom Jesus do Tocantins,2020-09-02,64,0,0,0,1.0,0.0,,1.806179973983887
Bom Jesus do Tocantins,2020-09-03,64,0,0,0,1.0,0.0,,1.806179973983887
Bom Jesus do Tocantins,2020-09-04,64,0,0,0,0.9285714285714286,0.0,,1.806179973983887
Bom Jesus do Tocantins,2020-09-05,72,8,0,0,1.5,0.0,,1.8573324964312685
Bom Jesus do Tocantins,2020-09-06,72,0,0,0,1.5,0.0,,1.8573324964312685
Bom Jesus do Tocantins,2020-09-07,72,0,0,0,1.5,0.0,,1.8573324964312685
Bom Jesus do Tocantins,2020-09-08,72,0,0,0,1.5,0.0,,1.8573324964312685
Bom Jesus do Tocantins,2020-09-09,72,0,0,0,1.5,0.0,,1.8573324964312685
Bom Jesus do Tocantins,2020-09-10,78,6,0,0,1.0714285714285714,0.0,,1.8920946026904804
Bom Jesus do Tocantins,2020-09-11,78,0,0,0,1.0,0.0,,1.8920946026904804
Bom Jesus do Tocantins,2020-09-12,78,0,0,0,1.0,0.0,,1.8920946026904804
Bom Jesus do Tocantins,2020-09-13,78,0,0,0,1.0,0.0,,1.8920946026904804
Bom Jesus do Tocantins,2020-09-14,78,0,0,0,1.0,0.0,,1.8920946026904804
Bom Jesus do Tocantins,2020-09-15,78,0,0,0,1.0,0.0,,1.8920946026904804
Bom Jesus do Tocantins,2020-09-16,77,-1,0,0,0.9285714285714286,0.0,,1.8864907251724818
Bom Jesus do Tocantins,2020-09-17,77,0,0,0,0.9285714285714286,0.0,,1.8864907251724818
Bom Jesus do Tocantins,2020-09-18,77,0,0,0,0.9285714285714286,0.0,,1.8864907251724818
Bom Jesus do Tocantins,2020-09-19,77,0,0,0,0.35714285714285715,0.0,,1.8864907251724818
Bom Jesus do Tocantins,2020-09-20,77,0,0,0,0.35714285714285715,0.0,,1.8864907251724818
Bom Jesus do Tocantins,2020-09-21,77,0,0,0,0.35714285714285715,0.0,,1.8864907251724818
Bom Jesus do Tocantins,2020-09-22,77,0,0,0,0.35714285714285715,0.0,,1.8864907251724818
Bom Jesus do Tocantins,2020-09-23,77,0,0,0,0.35714285714285715,0.0,,1.8864907251724818
Bom Jesus do Tocantins,2020-09-24,77,0,0,0,-0.07142857142857142,0.0,,1.8864907251724818
Bom Jesus do Tocantins,2020-09-25,77,0,0,0,-0.07142857142857142,0.0,,1.8864907251724818
Bom Jesus do Tocantins,2020-09-26,77,0,0,0,-0.07142857142857142,0.0,,1.8864907251724818
Bom Jesus do Tocantins,2020-09-27,77,0,0,0,-0.07142857142857142,0.0,,1.8864907251724818
Bom Jesus do Tocantins,2020-09-28,77,0,0,0,-0.07142857142857142,0.0,,1.8864907251724818
Bom Jesus do Tocantins,2020-09-29,77,0,0,0,-0.07142857142857142,0.0,,1.8864907251724818
Bom Jesus do Tocantins,2020-09-30,77,0,0,0,0.0,0.0,,1.8864907251724818
Bom Jesus do Tocantins,2020-10-01,77,0,0,0,0.0,0.0,,1.8864907251724818
Bom Jesus do Tocantins,2020-10-02,77,0,0,0,0.0,0.0,,1.8864907251724818
Bom Jesus do Tocantins,2020-10-03,77,0,0,0,0.0,0.0,,1.8864907251724818
Bom Jesus do Tocantins,2020-10-04,77,0,0,0,0.0,0.0,,1.8864907251724818
Bom Jesus do Tocantins,2020-10-05,77,0,0,0,0.0,0.0,,1.8864907251724818
Bom Jesus do Tocantins,2020-10-06,77,0,0,0,0.0,0.0,,1.8864907251724818
Bom Jesus do Tocantins,2020-10-07,77,0,0,0,0.0,0.0,,1.8864907251724818
Bom Jesus do Tocantins,2020-10-08,90,13,0,0,0.9285714285714286,0.0,,1.9542425094393248
Bom Jesus do Tocantins,2020-10-09,90,0,0,0,0.9285714285714286,0.0,,1.9542425094393248
Bom Jesus do Tocantins,2020-10-10,91,1,0,0,1.0,0.0,,1.9590413923210936
Bom Jesus do Tocantins,2020-10-11,91,0,0,0,1.0,0.0,,1.9590413923210936
Bom Jesus do Tocantins,2020-10-12,91,0,0,0,1.0,0.0,,1.9590413923210936
Bom Jesus do Tocantins,2020-10-13,91,0,0,0,1.0,0.0,,1.9590413923210936
Bom Jesus do Tocantins,2020-10-14,91,0,0,0,1.0,0.0,,1.9590413923210936
Bom Jesus do Tocantins,2020-10-15,91,0,0,0,1.0,0.0,,1.9590413923210936
Bom Jesus do Tocantins,2020-10-16,91,0,0,0,1.0,0.0,,1.9590413923210936
Bom Jesus do Tocantins,2020-10-17,91,0,0,0,1.0,0.0,,1.9590413923210936
Bom Jesus do Tocantins,2020-10-18,91,0,0,0,1.0,0.0,,1.9590413923210936
Bom Jesus do Tocantins,2020-10-19,91,0,0,0,1.0,0.0,,1.9590413923210936
Bom Jesus do Tocantins,2020-10-20,91,0,0,0,1.0,0.0,,1.9590413923210936
Bom Jesus do Tocantins,2020-10-21,91,0,0,0,1.0,0.0,,1.9590413923210936
Bom Jesus do Tocantins,2020-10-22,91,0,0,0,0.07142857142857142,0.0,,1.9590413923210936
Bom Jesus do Tocantins,2020-10-23,91,0,0,0,0.07142857142857142,0.0,,1.9590413923210936
Bom Jesus do Tocantins,2020-10-24,91,0,0,0,0.0,0.0,,1.9590413923210936
Bom Jesus do Tocantins,2020-10-25,91,0,0,0,0.0,0.0,,1.9590413923210936
Bom Jesus do Tocantins,2020-10-26,91,0,0,0,0.0,0.0,,1.9590413923210936
Bom Jesus do Tocantins,2020-10-27,98,7,0,0,0.5,0.0,,1.9912260756924949
Bom Jesus do Tocantins,2020-10-28,98,0,0,0,0.5,0.0,,1.9912260756924949
Bom Jesus do Tocantins,2020-10-29,98,0,0,0,0.5,0.0,,1.9912260756924949
Bom Jesus do Tocantins,2020-10-30,98,0,0,0,0.5,0.0,,1.9912260756924949
Bom Jesus do Tocantins,2020-10-31,98,0,0,0,0.5,0.0,,1.9912260756924949
Bom Jesus do Tocantins,2020-11-01,98,0,0,0,0.5,0.0,,1.9912260756924949
Bom Jesus do Tocantins,2020-11-02,98,0,0,0,0.5,0.0,,1.9912260756924949
Bom Jesus do Tocantins,2020-11-03,98,0,0,0,0.5,0.0,,1.9912260756924949
Bom Jesus do Tocantins,2020-11-04,98,0,0,0,0.5,0.0,,1.9912260756924949
Bom Jesus do Tocantins,2020-11-05,103,5,0,0,0.8571428571428571,0.0,,2.012837224705172
Bom Jesus do Tocantins,2020-11-06,103,0,0,0,0.8571428571428571,0.0,,2.012837224705172
Bom Jesus do Tocantins,2020-11-07,103,0,0,0,0.8571428571428571,0.0,,2.012837224705172
Bom Jesus do Tocantins,2020-11-08,103,0,0,0,0.8571428571428571,0.0,,2.012837224705172
Bom Jesus do Tocantins,2020-11-09,103,0,0,0,0.8571428571428571,0.0,,2.012837224705172
Bom Jesus do Tocantins,2020-11-10,101,-2,0,0,0.21428571428571427,0.0,,2.0043213737826426
Bom Jesus do Tocantins,2020-11-11,101,0,0,0,0.21428571428571427,0.0,,2.0043213737826426
Bom Jesus do Tocantins,2020-11-12,101,0,0,0,0.21428571428571427,0.0,,2.0043213737826426
Bom Jesus do Tocantins,2020-11-13,101,0,0,0,0.21428571428571427,0.0,,2.0043213737826426
Bom Jesus do Tocantins,2020-11-14,101,0,0,0,0.21428571428571427,0.0,,2.0043213737826426
Bom Jesus do Tocantins,2020-11-15,101,0,0,0,0.21428571428571427,0.0,,2.0043213737826426
Bom Jesus do Tocantins,2020-11-16,101,0,0,0,0.21428571428571427,0.0,,2.0043213737826426
Bom Jesus do Tocantins,2020-11-17,101,0,0,0,0.21428571428571427,0.0,,2.0043213737826426
Bom Jesus do Tocantins,2020-11-18,101,0,0,0,0.21428571428571427,0.0,,2.0043213737826426
Bom Jesus do Tocantins,2020-11-19,101,0,0,0,-0.14285714285714285,0.0,,2.0043213737826426
Bom Jesus do Tocantins,2020-11-20,101,0,0,0,-0.14285714285714285,0.0,,2.0043213737826426
Bom Jesus do Tocantins,2020-11-21,101,0,0,0,-0.14285714285714285,0.0,,2.0043213737826426
Bom Jesus do Tocantins,2020-11-22,101,0,0,0,-0.14285714285714285,0.0,,2.0043213737826426
Bom Jesus do Tocantins,2020-11-23,101,0,0,0,-0.14285714285714285,0.0,,2.0043213737826426
Bom Jesus do Tocantins,2020-11-24,101,0,0,0,0.0,0.0,,2.0043213737826426
Bom Jesus do Tocantins,2020-11-25,101,0,0,0,0.0,0.0,,2.0043213737826426
Bom Jesus do Tocantins,2020-11-26,101,0,0,0,0.0,0.0,,2.0043213737826426
Bom Jesus do Tocantins,2020-11-27,101,0,0,0,0.0,0.0,,2.0043213737826426
Bom Jesus do Tocantins,2020-11-28,101,0,0,0,0.0,0.0,,2.0043213737826426
Bom Jesus do Tocantins,2020-11-29,101,0,0,0,0.0,0.0,,2.0043213737826426
Bom Jesus do Tocantins,2020-11-30,101,0,0,0,0.0,0.0,,2.0043213737826426
Bom Jesus do Tocantins,2020-12-01,101,0,0,0,0.0,0.0,,2.0043213737826426
Bom Jesus do Tocantins,2020-12-02,101,0,0,0,0.0,0.0,,2.0043213737826426
Bom Jesus do Tocantins,2020-12-03,101,0,0,0,0.0,0.0,,2.0043213737826426
Bom Jesus do Tocantins,2020-12-04,101,0,0,0,0.0,0.0,,2.0043213737826426
Bom Jesus do Tocantins,2020-12-05,101,0,0,0,0.0,0.0,,2.0043213737826426
Bom Jesus do Tocantins,2020-12-06,101,0,0,0,0.0,0.0,,2.0043213737826426
Bom Jesus do Tocantins,2020-12-07,101,0,0,0,0.0,0.0,,2.0043213737826426
Bom Jesus do Tocantins,2020-12-08,101,0,0,0,0.0,0.0,,2.0043213737826426
Bom Jesus do Tocantins,2020-12-09,101,0,0,0,0.0,0.0,,2.0043213737826426
Bom Jesus do Tocantins,2020-12-10,101,0,0,0,0.0,0.0,,2.0043213737826426
Bom Jesus do Tocantins,2020-12-11,101,0,0,0,0.0,0.0,,2.0043213737826426
Bom Jesus do Tocantins,2020-12-12,101,0,0,0,0.0,0.0,,2.0043213737826426
Bom Jesus do Tocantins,2020-12-13,101,0,0,0,0.0,0.0,,2.0043213737826426
Bom Jesus do Tocantins,2020-12-14,101,0,0,0,0.0,0.0,,2.0043213737826426
Bom Jesus do Tocantins,2020-12-15,101,0,0,0,0.0,0.0,,2.0043213737826426
Bom Jesus do Tocantins,2020-12-16,101,0,0,0,0.0,0.0,,2.0043213737826426
Bom Jesus do Tocantins,2020-12-17,101,0,0,0,0.0,0.0,,2.0043213737826426
Bom Jesus do Tocantins,2020-12-18,101,0,0,0,0.0,0.0,,2.0043213737826426
Bom Jesus do Tocantins,2020-12-19,101,0,0,0,0.0,0.0,,2.0043213737826426
Bom Jesus do Tocantins,2020-12-20,101,0,0,0,0.0,0.0,,2.0043213737826426
Bom Jesus do Tocantins,2020-12-21,101,0,0,0,0.0,0.0,,2.0043213737826426
Bom Jesus do Tocantins,2020-12-22,101,0,0,0,0.0,0.0,,2.0043213737826426
Bom Jesus do Tocantins,2020-12-23,101,0,0,0,0.0,0.0,,2.0043213737826426
Bom Jesus do Tocantins,2020-12-24,101,0,0,0,0.0,0.0,,2.0043213737826426
Bom Jesus do Tocantins,2020-12-25,101,0,0,0,0.0,0.0,,2.0043213737826426
Bom Jesus do Tocantins,2020-12-26,101,0,0,0,0.0,0.0,,2.0043213737826426
Bom Jesus do Tocantins,2020-12-27,101,0,0,0,0.0,0.0,,2.0043213737826426
Bom Jesus do Tocantins,2020-12-28,101,0,0,0,0.0,0.0,,2.0043213737826426
Bom Jesus do Tocantins,2020-12-29,101,0,0,0,0.0,0.0,,2.0043213737826426
Bom Jesus do Tocantins,2020-12-30,101,0,0,0,0.0,0.0,,2.0043213737826426
Bom Jesus do Tocantins,2020-12-31,101,0,0,0,0.0,0.0,,2.0043213737826426
Bom Jesus do Tocantins,2021-01-01,101,0,0,0,0.0,0.0,,2.0043213737826426
Bom Jesus do Tocantins,2021-01-02,101,0,0,0,0.0,0.0,,2.0043213737826426
Bom Jesus do Tocantins,2021-01-03,101,0,0,0,0.0,0.0,,2.0043213737826426
Bom Jesus do Tocantins,2021-01-04,101,0,0,0,0.0,0.0,,2.0043213737826426
Bom Jesus do Tocantins,2021-01-05,101,0,0,0,0.0,0.0,,2.0043213737826426
Bom Jesus do Tocantins,2021-01-06,102,1,0,0,0.07142857142857142,0.0,,2.0086001717619175
Bom Jesus do Tocantins,2021-01-07,102,0,0,0,0.07142857142857142,0.0,,2.0086001717619175
Bom Jesus do Tocantins,2021-01-08,102,0,0,0,0.07142857142857142,0.0,,2.0086001717619175
Bom Jesus do Tocantins,2021-01-09,102,0,0,0,0.07142857142857142,0.0,,2.0086001717619175
Bom Jesus do Tocantins,2021-01-10,102,0,0,0,0.07142857142857142,0.0,,2.0086001717619175
Bom Jesus do Tocantins,2021-01-11,102,0,0,0,0.07142857142857142,0.0,,2.0086001717619175
Bom Jesus do Tocantins,2021-01-12,102,0,0,0,0.07142857142857142,0.0,,2.0086001717619175
Bom Jesus do Tocantins,2021-01-13,102,0,0,0,0.07142857142857142,0.0,,2.0086001717619175
Bom Jesus do Tocantins,2021-01-14,102,0,0,0,0.07142857142857142,0.0,,2.0086001717619175
Bom Jesus do Tocantins,2021-01-15,102,0,0,0,0.07142857142857142,0.0,,2.0086001717619175
Bom Jesus do Tocantins,2021-01-16,102,0,0,0,0.07142857142857142,0.0,,2.0086001717619175
Bom Jesus do Tocantins,2021-01-17,102,0,0,0,0.07142857142857142,0.0,,2.0086001717619175
Bom Jesus do Tocantins,2021-01-18,102,0,0,0,0.07142857142857142,0.0,,2.0086001717619175
Bom Jesus do Tocantins,2021-01-19,102,0,0,0,0.07142857142857142,0.0,,2.0086001717619175
Bom Jesus do Tocantins,2021-01-20,102,0,0,0,0.0,0.0,,2.0086001717619175
Brasilândia do Tocantins,2020-03-27,0,0,0,0,,,,0.0
Brasilândia do Tocantins,2020-03-28,0,0,0,0,,,,0.0
Brasilândia do Tocantins,2020-03-29,0,0,0,0,,,,0.0
Brasilândia do Tocantins,2020-03-30,0,0,0,0,,,,0.0
Brasilândia do Tocantins,2020-03-31,0,0,0,0,,,,0.0
Brasilândia do Tocantins,2020-04-01,0,0,0,0,,,,0.0
Brasilândia do Tocantins,2020-04-02,0,0,0,0,,,,0.0
Brasilândia do Tocantins,2020-04-03,0,0,0,0,,,,0.0
Brasilândia do Tocantins,2020-04-04,0,0,0,0,,,,0.0
Brasilândia do Tocantins,2020-04-05,0,0,0,0,,,,0.0
Brasilândia do Tocantins,2020-04-06,0,0,0,0,,,,0.0
Brasilândia do Tocantins,2020-04-07,0,0,0,0,,,,0.0
Brasilândia do Tocantins,2020-04-08,0,0,0,0,,,,0.0
Brasilândia do Tocantins,2020-04-09,0,0,0,0,0.0,0.0,,0.0
Brasilândia do Tocantins,2020-04-10,0,0,0,0,0.0,0.0,,0.0
Brasilândia do Tocantins,2020-04-11,0,0,0,0,0.0,0.0,,0.0
Brasilândia do Tocantins,2020-04-12,0,0,0,0,0.0,0.0,,0.0
Brasilândia do Tocantins,2020-04-13,0,0,0,0,0.0,0.0,,0.0
Brasilândia do Tocantins,2020-04-14,0,0,0,0,0.0,0.0,,0.0
Brasilândia do Tocantins,2020-04-15,0,0,0,0,0.0,0.0,,0.0
Brasilândia do Tocantins,2020-04-16,0,0,0,0,0.0,0.0,,0.0
Brasilândia do Tocantins,2020-04-17,0,0,0,0,0.0,0.0,,0.0
Brasilândia do Tocantins,2020-04-18,0,0,0,0,0.0,0.0,,0.0
Brasilândia do Tocantins,2020-04-19,0,0,0,0,0.0,0.0,,0.0
Brasilândia do Tocantins,2020-04-20,0,0,0,0,0.0,0.0,,0.0
Brasilândia do Tocantins,2020-04-21,0,0,0,0,0.0,0.0,,0.0
Brasilândia do Tocantins,2020-04-22,0,0,0,0,0.0,0.0,,0.0
Brasilândia do Tocantins,2020-04-23,0,0,0,0,0.0,0.0,,0.0
Brasilândia do Tocantins,2020-04-24,0,0,0,0,0.0,0.0,,0.0
Brasilândia do Tocantins,2020-04-25,0,0,0,0,0.0,0.0,,0.0
Brasilândia do Tocantins,2020-04-26,0,0,0,0,0.0,0.0,,0.0
Brasilândia do Tocantins,2020-04-27,0,0,0,0,0.0,0.0,,0.0
Brasilândia do Tocantins,2020-04-28,0,0,0,0,0.0,0.0,,0.0
Brasilândia do Tocantins,2020-04-29,0,0,0,0,0.0,0.0,,0.0
Brasilândia do Tocantins,2020-04-30,0,0,0,0,0.0,0.0,,0.0
Brasilândia do Tocantins,2020-05-01,0,0,0,0,0.0,0.0,,0.0
Brasilândia do Tocantins,2020-05-02,0,0,0,0,0.0,0.0,,0.0
Brasilândia do Tocantins,2020-05-03,0,0,0,0,0.0,0.0,,0.0
Brasilândia do Tocantins,2020-05-04,0,0,0,0,0.0,0.0,,0.0
Brasilândia do Tocantins,2020-05-05,0,0,0,0,0.0,0.0,,0.0
Brasilândia do Tocantins,2020-05-06,0,0,0,0,0.0,0.0,,0.0
Brasilândia do Tocantins,2020-05-07,0,0,0,0,0.0,0.0,,0.0
Brasilândia do Tocantins,2020-05-08,0,0,0,0,0.0,0.0,,0.0
Brasilândia do Tocantins,2020-05-09,0,0,0,0,0.0,0.0,,0.0
Brasilândia do Tocantins,2020-05-10,0,0,0,0,0.0,0.0,,0.0
Brasilândia do Tocantins,2020-05-11,0,0,0,0,0.0,0.0,,0.0
Brasilândia do Tocantins,2020-05-12,0,0,0,0,0.0,0.0,,0.0
Brasilândia do Tocantins,2020-05-13,0,0,0,0,0.0,0.0,,0.0
Brasilândia do Tocantins,2020-05-14,0,0,0,0,0.0,0.0,,0.0
Brasilândia do Tocantins,2020-05-15,0,0,0,0,0.0,0.0,,0.0
Brasilândia do Tocantins,2020-05-16,0,0,0,0,0.0,0.0,,0.0
Brasilândia do Tocantins,2020-05-17,0,0,0,0,0.0,0.0,,0.0
Brasilândia do Tocantins,2020-05-18,0,0,0,0,0.0,0.0,,0.0
Brasilândia do Tocantins,2020-05-19,0,0,0,0,0.0,0.0,,0.0
Brasilândia do Tocantins,2020-05-20,0,0,0,0,0.0,0.0,,0.0
Brasilândia do Tocantins,2020-05-21,0,0,0,0,0.0,0.0,,0.0
Brasilândia do Tocantins,2020-05-22,0,0,0,0,0.0,0.0,,0.0
Brasilândia do Tocantins,2020-05-23,0,0,0,0,0.0,0.0,,0.0
Brasilândia do Tocantins,2020-05-24,0,0,0,0,0.0,0.0,,0.0
Brasilândia do Tocantins,2020-05-25,0,0,0,0,0.0,0.0,,0.0
Brasilândia do Tocantins,2020-05-26,0,0,0,0,0.0,0.0,,0.0
Brasilândia do Tocantins,2020-05-27,0,0,0,0,0.0,0.0,,0.0
Brasilândia do Tocantins,2020-05-28,0,0,0,0,0.0,0.0,,0.0
Brasilândia do Tocantins,2020-05-29,0,0,0,0,0.0,0.0,,0.0
Brasilândia do Tocantins,2020-05-30,1,1,0,0,0.07142857142857142,0.0,,0.0
Brasilândia do Tocantins,2020-05-31,1,0,0,0,0.07142857142857142,0.0,,0.0
Brasilândia do Tocantins,2020-06-01,1,0,0,0,0.07142857142857142,0.0,,0.0
Brasilândia do Tocantins,2020-06-02,1,0,0,0,0.07142857142857142,0.0,,0.0
Brasilândia do Tocantins,2020-06-03,1,0,0,0,0.07142857142857142,0.0,,0.0
Brasilândia do Tocantins,2020-06-04,1,0,0,0,0.07142857142857142,0.0,,0.0
Brasilândia do Tocantins,2020-06-05,1,0,0,0,0.07142857142857142,0.0,,0.0
Brasilândia do Tocantins,2020-06-06,1,0,0,0,0.07142857142857142,0.0,,0.0
Brasilândia do Tocantins,2020-06-07,1,0,0,0,0.07142857142857142,0.0,,0.0
Brasilândia do Tocantins,2020-06-08,1,0,0,0,0.07142857142857142,0.0,,0.0
Brasilândia do Tocantins,2020-06-09,1,0,0,0,0.07142857142857142,0.0,,0.0
Brasilândia do Tocantins,2020-06-10,2,1,0,0,0.14285714285714285,0.0,,0.3010299956639812
Brasilândia do Tocantins,2020-06-11,2,0,0,0,0.14285714285714285,0.0,,0.3010299956639812
Brasilândia do Tocantins,2020-06-12,2,0,0,0,0.14285714285714285,0.0,,0.3010299956639812
Brasilândia do Tocantins,2020-06-13,2,0,0,0,0.07142857142857142,0.0,,0.3010299956639812
Brasilândia do Tocantins,2020-06-14,2,0,0,0,0.07142857142857142,0.0,,0.3010299956639812
Brasilândia do Tocantins,2020-06-15,2,0,0,0,0.07142857142857142,0.0,,0.3010299956639812
Brasilândia do Tocantins,2020-06-16,2,0,0,0,0.07142857142857142,0.0,,0.3010299956639812
Brasilândia do Tocantins,2020-06-17,2,0,0,0,0.07142857142857142,0.0,,0.3010299956639812
Brasilândia do Tocantins,2020-06-18,2,0,0,0,0.07142857142857142,0.0,,0.3010299956639812
Brasilândia do Tocantins,2020-06-19,2,0,0,0,0.07142857142857142,0.0,,0.3010299956639812
Brasilândia do Tocantins,2020-06-20,2,0,0,0,0.07142857142857142,0.0,,0.3010299956639812
Brasilândia do Tocantins,2020-06-21,2,0,0,0,0.07142857142857142,0.0,,0.3010299956639812
Brasilândia do Tocantins,2020-06-22,2,0,0,0,0.07142857142857142,0.0,,0.3010299956639812
Brasilândia do Tocantins,2020-06-23,2,0,0,0,0.07142857142857142,0.0,,0.3010299956639812
Brasilândia do Tocantins,2020-06-24,2,0,0,0,0.0,0.0,,0.3010299956639812
Brasilândia do Tocantins,2020-06-25,2,0,0,0,0.0,0.0,,0.3010299956639812
Brasilândia do Tocantins,2020-06-26,2,0,0,0,0.0,0.0,,0.3010299956639812
Brasilândia do Tocantins,2020-06-27,2,0,0,0,0.0,0.0,,0.3010299956639812
Brasilândia do Tocantins,2020-06-28,2,0,0,0,0.0,0.0,,0.3010299956639812
Brasilândia do Tocantins,2020-06-29,2,0,0,0,0.0,0.0,,0.3010299956639812
Brasilândia do Tocantins,2020-06-30,2,0,0,0,0.0,0.0,,0.3010299956639812
Brasilândia do Tocantins,2020-07-01,2,0,0,0,0.0,0.0,,0.3010299956639812
Brasilândia do Tocantins,2020-07-02,2,0,0,0,0.0,0.0,,0.3010299956639812
Brasilândia do Tocantins,2020-07-03,2,0,0,0,0.0,0.0,,0.3010299956639812
Brasilândia do Tocantins,2020-07-04,2,0,0,0,0.0,0.0,,0.3010299956639812
Brasilândia do Tocantins,2020-07-05,2,0,0,0,0.0,0.0,,0.3010299956639812
Brasilândia do Tocantins,2020-07-06,2,0,0,0,0.0,0.0,,0.3010299956639812
Brasilândia do Tocantins,2020-07-07,2,0,0,0,0.0,0.0,,0.3010299956639812
Brasilândia do Tocantins,2020-07-08,2,0,0,0,0.0,0.0,,0.3010299956639812
Brasilândia do Tocantins,2020-07-09,2,0,0,0,0.0,0.0,,0.3010299956639812
Brasilândia do Tocantins,2020-07-10,2,0,0,0,0.0,0.0,,0.3010299956639812
Brasilândia do Tocantins,2020-07-11,2,0,0,0,0.0,0.0,,0.3010299956639812
Brasilândia do Tocantins,2020-07-12,2,0,0,0,0.0,0.0,,0.3010299956639812
Brasilândia do Tocantins,2020-07-13,2,0,0,0,0.0,0.0,,0.3010299956639812
Brasilândia do Tocantins,2020-07-14,2,0,0,0,0.0,0.0,,0.3010299956639812
Brasilândia do Tocantins,2020-07-15,2,0,0,0,0.0,0.0,,0.3010299956639812
Brasilândia do Tocantins,2020-07-16,2,0,0,0,0.0,0.0,,0.3010299956639812
Brasilândia do Tocantins,2020-07-17,2,0,0,0,0.0,0.0,,0.3010299956639812
Brasilândia do Tocantins,2020-07-18,2,0,0,0,0.0,0.0,,0.3010299956639812
Brasilândia do Tocantins,2020-07-19,2,0,0,0,0.0,0.0,,0.3010299956639812
Brasilândia do Tocantins,2020-07-20,2,0,0,0,0.0,0.0,,0.3010299956639812
Brasilândia do Tocantins,2020-07-21,2,0,0,0,0.0,0.0,,0.3010299956639812
Brasilândia do Tocantins,2020-07-22,2,0,0,0,0.0,0.0,,0.3010299956639812
Brasilândia do Tocantins,2020-07-23,2,0,0,0,0.0,0.0,,0.3010299956639812
Brasilândia do Tocantins,2020-07-24,2,0,0,0,0.0,0.0,,0.3010299956639812
Brasilândia do Tocantins,2020-07-25,2,0,0,0,0.0,0.0,,0.3010299956639812
Brasilândia do Tocantins,2020-07-26,3,1,0,0,0.07142857142857142,0.0,,0.47712125471966244
Brasilândia do Tocantins,2020-07-27,3,0,0,0,0.07142857142857142,0.0,,0.47712125471966244
Brasilândia do Tocantins,2020-07-28,3,0,0,0,0.07142857142857142,0.0,,0.47712125471966244
Brasilândia do Tocantins,2020-07-29,3,0,0,0,0.07142857142857142,0.0,,0.47712125471966244
Brasilândia do Tocantins,2020-07-30,3,0,0,0,0.07142857142857142,0.0,,0.47712125471966244
Brasilândia do Tocantins,2020-07-31,3,0,0,0,0.07142857142857142,0.0,,0.47712125471966244
Brasilândia do Tocantins,2020-08-01,3,0,0,0,0.07142857142857142,0.0,,0.47712125471966244
Brasilândia do Tocantins,2020-08-02,3,0,0,0,0.07142857142857142,0.0,,0.47712125471966244
Brasilândia do Tocantins,2020-08-03,3,0,0,0,0.07142857142857142,0.0,,0.47712125471966244
Brasilândia do Tocantins,2020-08-04,3,0,0,0,0.07142857142857142,0.0,,0.47712125471966244
Brasilândia do Tocantins,2020-08-05,3,0,0,0,0.07142857142857142,0.0,,0.47712125471966244
Brasilândia do Tocantins,2020-08-06,3,0,0,0,0.07142857142857142,0.0,,0.47712125471966244
Brasilândia do Tocantins,2020-08-07,3,0,0,0,0.07142857142857142,0.0,,0.47712125471966244
Brasilândia do Tocantins,2020-08-08,3,0,0,0,0.07142857142857142,0.0,,0.47712125471966244
Brasilândia do Tocantins,2020-08-09,3,0,0,0,0.0,0.0,,0.47712125471966244
Brasilândia do Tocantins,2020-08-10,4,1,0,0,0.07142857142857142,0.0,,0.6020599913279624
Brasilândia do Tocantins,2020-08-11,4,0,0,0,0.07142857142857142,0.0,,0.6020599913279624
Brasilândia do Tocantins,2020-08-12,4,0,0,0,0.07142857142857142,0.0,,0.6020599913279624
Brasilândia do Tocantins,2020-08-13,4,0,0,0,0.07142857142857142,0.0,,0.6020599913279624
Brasilândia do Tocantins,2020-08-14,4,0,0,0,0.07142857142857142,0.0,,0.6020599913279624
Brasilândia do Tocantins,2020-08-15,4,0,0,0,0.07142857142857142,0.0,,0.6020599913279624
Brasilândia do Tocantins,2020-08-16,4,0,0,0,0.07142857142857142,0.0,,0.6020599913279624
Brasilândia do Tocantins,2020-08-17,4,0,0,0,0.07142857142857142,0.0,,0.6020599913279624
Brasilândia do Tocantins,2020-08-18,9,5,0,0,0.42857142857142855,0.0,,0.9542425094393249
Brasilândia do Tocantins,2020-08-19,11,2,0,0,0.5714285714285714,0.0,,1.041392685158225
Brasilândia do Tocantins,2020-08-20,11,0,0,0,0.5714285714285714,0.0,,1.041392685158225
Brasilândia do Tocantins,2020-08-21,14,3,0,0,0.7857142857142857,0.0,,1.146128035678238
Brasilândia do Tocantins,2020-08-22,19,5,0,0,1.1428571428571428,0.0,,1.2787536009528289
Brasilândia do Tocantins,2020-08-23,19,0,0,0,1.1428571428571428,0.0,,1.2787536009528289
Brasilândia do Tocantins,2020-08-24,20,1,0,0,1.1428571428571428,0.0,,1.3010299956639813
Brasilândia do Tocantins,2020-08-25,29,9,0,0,1.7857142857142858,0.0,,1.462397997898956
Brasilândia do Tocantins,2020-08-26,29,0,0,0,1.7857142857142858,0.0,,1.462397997898956
Brasilândia do Tocantins,2020-08-27,30,1,0,0,1.8571428571428572,0.0,,1.4771212547196624
Brasilândia do Tocantins,2020-08-28,39,9,0,0,2.5,0.0,,1.591064607026499
Brasilândia do Tocantins,2020-08-29,39,0,0,0,2.5,0.0,,1.591064607026499
Brasilândia do Tocantins,2020-08-30,39,0,0,0,2.5,0.0,,1.591064607026499
Brasilândia do Tocantins,2020-08-31,39,0,0,0,2.5,0.0,,1.591064607026499
Brasilândia do Tocantins,2020-09-01,44,5,0,0,2.5,0.0,,1.6434526764861874
Brasilândia do Tocantins,2020-09-02,44,0,0,0,2.357142857142857,0.0,,1.6434526764861874
Brasilândia do Tocantins,2020-09-03,44,0,0,0,2.357142857142857,0.0,,1.6434526764861874
Brasilândia do Tocantins,2020-09-04,46,2,1,1,2.2857142857142856,0.07142857142857142,inf,1.662757831681574
Brasilândia do Tocantins,2020-09-05,47,1,1,0,2.0,0.07142857142857142,inf,1.6720978579357175
Brasilândia do Tocantins,2020-09-06,47,0,1,0,2.0,0.07142857142857142,inf,1.6720978579357175
Brasilândia do Tocantins,2020-09-07,47,0,1,0,1.9285714285714286,0.07142857142857142,inf,1.6720978579357175
Brasilândia do Tocantins,2020-09-08,47,0,1,0,1.2857142857142858,0.07142857142857142,inf,1.6720978579357175
Brasilândia do Tocantins,2020-09-09,47,0,1,0,1.2857142857142858,0.07142857142857142,inf,1.6720978579357175
Brasilândia do Tocantins,2020-09-10,47,0,1,0,1.2142857142857142,0.07142857142857142,inf,1.6720978579357175
Brasilândia do Tocantins,2020-09-11,49,2,1,0,0.7142857142857143,0.07142857142857142,inf,1.6901960800285136
Brasilândia do Tocantins,2020-09-12,49,0,1,0,0.7142857142857143,0.07142857142857142,inf,1.6901960800285136
Brasilândia do Tocantins,2020-09-13,49,0,1,0,0.7142857142857143,0.07142857142857142,inf,1.6901960800285136
Brasilândia do Tocantins,2020-09-14,49,0,1,0,0.7142857142857143,0.07142857142857142,inf,1.6901960800285136
Brasilândia do Tocantins,2020-09-15,49,0,1,0,0.35714285714285715,0.07142857142857142,inf,1.6901960800285136
Brasilândia do Tocantins,2020-09-16,49,0,1,0,0.35714285714285715,0.07142857142857142,inf,1.6901960800285136
Brasilândia do Tocantins,2020-09-17,49,0,1,0,0.35714285714285715,0.07142857142857142,inf,1.6901960800285136
Brasilândia do Tocantins,2020-09-18,50,1,1,0,0.2857142857142857,0.0,-1.0,1.6989700043360187
Brasilândia do Tocantins,2020-09-19,51,1,1,0,0.2857142857142857,0.0,-1.0,1.7075701760979363
Brasilândia do Tocantins,2020-09-20,51,0,1,0,0.2857142857142857,0.0,-1.0,1.7075701760979363
Brasilândia do Tocantins,2020-09-21,51,0,1,0,0.2857142857142857,0.0,-1.0,1.7075701760979363
Brasilândia do Tocantins,2020-09-22,51,0,1,0,0.2857142857142857,0.0,-1.0,1.7075701760979363
Brasilândia do Tocantins,2020-09-23,51,0,1,0,0.2857142857142857,0.0,-1.0,1.7075701760979363
Brasilândia do Tocantins,2020-09-24,51,0,1,0,0.2857142857142857,0.0,-1.0,1.7075701760979363
Brasilândia do Tocantins,2020-09-25,51,0,1,0,0.14285714285714285,0.0,-1.0,1.7075701760979363
Brasilândia do Tocantins,2020-09-26,51,0,1,0,0.14285714285714285,0.0,-1.0,1.7075701760979363
Brasilândia do Tocantins,2020-09-27,51,0,1,0,0.14285714285714285,0.0,-1.0,1.7075701760979363
Brasilândia do Tocantins,2020-09-28,51,0,1,0,0.14285714285714285,0.0,-1.0,1.7075701760979363
Brasilândia do Tocantins,2020-09-29,52,1,1,0,0.21428571428571427,0.0,-1.0,1.7160033436347992
Brasilândia do Tocantins,2020-09-30,52,0,1,0,0.21428571428571427,0.0,-1.0,1.7160033436347992
Brasilândia do Tocantins,2020-10-01,52,0,1,0,0.21428571428571427,0.0,-1.0,1.7160033436347992
Brasilândia do Tocantins,2020-10-02,52,0,1,0,0.14285714285714285,0.0,,1.7160033436347992
Brasilândia do Tocantins,2020-10-03,52,0,1,0,0.07142857142857142,0.0,,1.7160033436347992
Brasilândia do Tocantins,2020-10-04,52,0,1,0,0.07142857142857142,0.0,,1.7160033436347992
Brasilândia do Tocantins,2020-10-05,52,0,1,0,0.07142857142857142,0.0,,1.7160033436347992
Brasilândia do Tocantins,2020-10-06,52,0,1,0,0.07142857142857142,0.0,,1.7160033436347992
Brasilândia do Tocantins,2020-10-07,52,0,1,0,0.07142857142857142,0.0,,1.7160033436347992
Brasilândia do Tocantins,2020-10-08,52,0,1,0,0.07142857142857142,0.0,,1.7160033436347992
Brasilândia do Tocantins,2020-10-09,52,0,1,0,0.07142857142857142,0.0,,1.7160033436347992
Brasilândia do Tocantins,2020-10-10,52,0,1,0,0.07142857142857142,0.0,,1.7160033436347992
Brasilândia do Tocantins,2020-10-11,52,0,1,0,0.07142857142857142,0.0,,1.7160033436347992
Brasilândia do Tocantins,2020-10-12,52,0,1,0,0.07142857142857142,0.0,,1.7160033436347992
Brasilândia do Tocantins,2020-10-13,52,0,1,0,0.0,0.0,,1.7160033436347992
Brasilândia do Tocantins,2020-10-14,52,0,1,0,0.0,0.0,,1.7160033436347992
Brasilândia do Tocantins,2020-10-15,52,0,1,0,0.0,0.0,,1.7160033436347992
Brasilândia do Tocantins,2020-10-16,52,0,1,0,0.0,0.0,,1.7160033436347992
Brasilândia do Tocantins,2020-10-17,52,0,1,0,0.0,0.0,,1.7160033436347992
Brasilândia do Tocantins,2020-10-18,52,0,1,0,0.0,0.0,,1.7160033436347992
Brasilândia do Tocantins,2020-10-19,52,0,1,0,0.0,0.0,,1.7160033436347992
Brasilândia do Tocantins,2020-10-20,52,0,1,0,0.0,0.0,,1.7160033436347992
Brasilândia do Tocantins,2020-10-21,52,0,1,0,0.0,0.0,,1.7160033436347992
Brasilândia do Tocantins,2020-10-22,52,0,1,0,0.0,0.0,,1.7160033436347992
Brasilândia do Tocantins,2020-10-23,52,0,1,0,0.0,0.0,,1.7160033436347992
Brasilândia do Tocantins,2020-10-24,52,0,1,0,0.0,0.0,,1.7160033436347992
Brasilândia do Tocantins,2020-10-25,52,0,1,0,0.0,0.0,,1.7160033436347992
Brasilândia do Tocantins,2020-10-26,52,0,1,0,0.0,0.0,,1.7160033436347992
Brasilândia do Tocantins,2020-10-27,52,0,1,0,0.0,0.0,,1.7160033436347992
Brasilândia do Tocantins,2020-10-28,52,0,1,0,0.0,0.0,,1.7160033436347992
Brasilândia do Tocantins,2020-10-29,52,0,1,0,0.0,0.0,,1.7160033436347992
Brasilândia do Tocantins,2020-10-30,52,0,1,0,0.0,0.0,,1.7160033436347992
Brasilândia do Tocantins,2020-10-31,52,0,1,0,0.0,0.0,,1.7160033436347992
Brasilândia do Tocantins,2020-11-01,52,0,1,0,0.0,0.0,,1.7160033436347992
Brasilândia do Tocantins,2020-11-02,52,0,1,0,0.0,0.0,,1.7160033436347992
Brasilândia do Tocantins,2020-11-03,52,0,1,0,0.0,0.0,,1.7160033436347992
Brasilândia do Tocantins,2020-11-04,52,0,1,0,0.0,0.0,,1.7160033436347992
Brasilândia do Tocantins,2020-11-05,52,0,1,0,0.0,0.0,,1.7160033436347992
Brasilândia do Tocantins,2020-11-06,53,1,1,0,0.07142857142857142,0.0,,1.7242758696007892
Brasilândia do Tocantins,2020-11-07,53,0,1,0,0.07142857142857142,0.0,,1.7242758696007892
Brasilândia do Tocantins,2020-11-08,53,0,1,0,0.07142857142857142,0.0,,1.7242758696007892
Brasilândia do Tocantins,2020-11-09,53,0,1,0,0.07142857142857142,0.0,,1.7242758696007892
Brasilândia do Tocantins,2020-11-10,53,0,1,0,0.07142857142857142,0.0,,1.7242758696007892
Brasilândia do Tocantins,2020-11-11,53,0,1,0,0.07142857142857142,0.0,,1.7242758696007892
Brasilândia do Tocantins,2020-11-12,53,0,1,0,0.07142857142857142,0.0,,1.7242758696007892
Brasilândia do Tocantins,2020-11-13,53,0,1,0,0.07142857142857142,0.0,,1.7242758696007892
Brasilândia do Tocantins,2020-11-14,53,0,1,0,0.07142857142857142,0.0,,1.7242758696007892
Brasilândia do Tocantins,2020-11-15,53,0,1,0,0.07142857142857142,0.0,,1.7242758696007892
Brasilândia do Tocantins,2020-11-16,53,0,1,0,0.07142857142857142,0.0,,1.7242758696007892
Brasilândia do Tocantins,2020-11-17,53,0,1,0,0.07142857142857142,0.0,,1.7242758696007892
Brasilândia do Tocantins,2020-11-18,53,0,1,0,0.07142857142857142,0.0,,1.7242758696007892
Brasilândia do Tocantins,2020-11-19,53,0,1,0,0.07142857142857142,0.0,,1.7242758696007892
Brasilândia do Tocantins,2020-11-20,53,0,1,0,0.0,0.0,,1.7242758696007892
Brasilândia do Tocantins,2020-11-21,53,0,1,0,0.0,0.0,,1.7242758696007892
Brasilândia do Tocantins,2020-11-22,53,0,1,0,0.0,0.0,,1.7242758696007892
Brasilândia do Tocantins,2020-11-23,53,0,1,0,0.0,0.0,,1.7242758696007892
Brasilândia do Tocantins,2020-11-24,53,0,1,0,0.0,0.0,,1.7242758696007892
Brasilândia do Tocantins,2020-11-25,53,0,1,0,0.0,0.0,,1.7242758696007892
Brasilândia do Tocantins,2020-11-26,53,0,1,0,0.0,0.0,,1.7242758696007892
Brasilândia do Tocantins,2020-11-27,54,1,1,0,0.07142857142857142,0.0,,1.7323937598229686
Brasilândia do Tocantins,2020-11-28,54,0,1,0,0.07142857142857142,0.0,,1.7323937598229686
Brasilândia do Tocantins,2020-11-29,54,0,1,0,0.07142857142857142,0.0,,1.7323937598229686
Brasilândia do Tocantins,2020-11-30,54,0,1,0,0.07142857142857142,0.0,,1.7323937598229686
Brasilândia do Tocantins,2020-12-01,54,0,1,0,0.07142857142857142,0.0,,1.7323937598229686
Brasilândia do Tocantins,2020-12-02,55,1,1,0,0.14285714285714285,0.0,,1.7403626894942439
Brasilândia do Tocantins,2020-12-03,55,0,1,0,0.14285714285714285,0.0,,1.7403626894942439
Brasilândia do Tocantins,2020-12-04,56,1,1,0,0.21428571428571427,0.0,,1.7481880270062005
Brasilândia do Tocantins,2020-12-05,55,-1,1,0,0.14285714285714285,0.0,,1.7403626894942439
Brasilândia do Tocantins,2020-12-06,55,0,1,0,0.14285714285714285,0.0,,1.7403626894942439
Brasilândia do Tocantins,2020-12-07,56,1,1,0,0.21428571428571427,0.0,,1.7481880270062005
Brasilândia do Tocantins,2020-12-08,58,2,1,0,0.35714285714285715,0.0,,1.7634279935629373
Brasilândia do Tocantins,2020-12-09,58,0,1,0,0.35714285714285715,0.0,,1.7634279935629373
Brasilândia do Tocantins,2020-12-10,58,0,1,0,0.35714285714285715,0.0,,1.7634279935629373
Brasilândia do Tocantins,2020-12-11,58,0,1,0,0.2857142857142857,0.0,,1.7634279935629373
Brasilândia do Tocantins,2020-12-12,61,3,1,0,0.5,0.0,,1.7853298350107671
Brasilândia do Tocantins,2020-12-13,61,0,1,0,0.5,0.0,,1.7853298350107671
Brasilândia do Tocantins,2020-12-14,61,0,1,0,0.5,0.0,,1.7853298350107671
Brasilândia do Tocantins,2020-12-15,61,0,1,0,0.5,0.0,,1.7853298350107671
Brasilândia do Tocantins,2020-12-16,61,0,1,0,0.42857142857142855,0.0,,1.7853298350107671
Brasilândia do Tocantins,2020-12-17,61,0,1,0,0.42857142857142855,0.0,,1.7853298350107671
Brasilândia do Tocantins,2020-12-18,63,2,1,0,0.5,0.0,,1.7993405494535817
Brasilândia do Tocantins,2020-12-19,63,0,1,0,0.5714285714285714,0.0,,1.7993405494535817
Brasilândia do Tocantins,2020-12-20,67,4,1,0,0.8571428571428571,0.0,,1.8260748027008264
Brasilândia do Tocantins,2020-12-21,67,0,1,0,0.7857142857142857,0.0,,1.8260748027008264
Brasilândia do Tocantins,2020-12-22,67,0,1,0,0.6428571428571429,0.0,,1.8260748027008264
Brasilândia do Tocantins,2020-12-23,67,0,1,0,0.6428571428571429,0.0,,1.8260748027008264
Brasilândia do Tocantins,2020-12-24,67,0,1,0,0.6428571428571429,0.0,,1.8260748027008264
Brasilândia do Tocantins,2020-12-25,68,1,1,0,0.7142857142857143,0.0,,1.8325089127062364
Brasilândia do Tocantins,2020-12-26,68,0,1,0,0.5,0.0,,1.8325089127062364
Brasilândia do Tocantins,2020-12-27,68,0,1,0,0.5,0.0,,1.8325089127062364
Brasilândia do Tocantins,2020-12-28,68,0,1,0,0.5,0.0,,1.8325089127062364
Brasilândia do Tocantins,2020-12-29,68,0,1,0,0.5,0.0,,1.8325089127062364
Brasilândia do Tocantins,2020-12-30,68,0,1,0,0.5,0.0,,1.8325089127062364
Brasilândia do Tocantins,2020-12-31,68,0,1,0,0.5,0.0,,1.8325089127062364
Brasilândia do Tocantins,2021-01-01,68,0,1,0,0.35714285714285715,0.0,,1.8325089127062364
Brasilândia do Tocantins,2021-01-02,68,0,1,0,0.35714285714285715,0.0,,1.8325089127062364
Brasilândia do Tocantins,2021-01-03,68,0,1,0,0.07142857142857142,0.0,,1.8325089127062364
Brasilândia do Tocantins,2021-01-04,68,0,1,0,0.07142857142857142,0.0,,1.8325089127062364
Brasilândia do Tocantins,2021-01-05,68,0,1,0,0.07142857142857142,0.0,,1.8325089127062364
Brasilândia do Tocantins,2021-01-06,68,0,1,0,0.07142857142857142,0.0,,1.8325089127062364
Brasilândia do Tocantins,2021-01-07,68,0,1,0,0.07142857142857142,0.0,,1.8325089127062364
Brasilândia do Tocantins,2021-01-08,68,0,1,0,0.0,0.0,,1.8325089127062364
Brasilândia do Tocantins,2021-01-09,69,1,1,0,0.07142857142857142,0.0,,1.8388490907372552
Brasilândia do Tocantins,2021-01-10,69,0,1,0,0.07142857142857142,0.0,,1.8388490907372552
Brasilândia do Tocantins,2021-01-11,69,0,1,0,0.07142857142857142,0.0,,1.8388490907372552
Brasilândia do Tocantins,2021-01-12,69,0,1,0,0.07142857142857142,0.0,,1.8388490907372552
Brasilândia do Tocantins,2021-01-13,69,0,1,0,0.07142857142857142,0.0,,1.8388490907372552
Brasilândia do Tocantins,2021-01-14,69,0,1,0,0.07142857142857142,0.0,,1.8388490907372552
Brasilândia do Tocantins,2021-01-15,69,0,1,0,0.07142857142857142,0.0,,1.8388490907372552
Brasilândia do Tocantins,2021-01-16,69,0,1,0,0.07142857142857142,0.0,,1.8388490907372552
Brasilândia do Tocantins,2021-01-17,69,0,1,0,0.07142857142857142,0.0,,1.8388490907372552
Brasilândia do Tocantins,2021-01-18,70,1,1,0,0.14285714285714285,0.0,,1.845098040014257
Brasilândia do Tocantins,2021-01-19,70,0,1,0,0.14285714285714285,0.0,,1.845098040014257
Brasilândia do Tocantins,2021-01-20,70,0,1,0,0.14285714285714285,0.0,,1.845098040014257
Augustinópolis,2020-03-27,0,0,0,0,,,,0.0
Augustinópolis,2020-03-28,0,0,0,0,,,,0.0
Augustinópolis,2020-03-29,0,0,0,0,,,,0.0
Augustinópolis,2020-03-30,0,0,0,0,,,,0.0
Augustinópolis,2020-03-31,0,0,0,0,,,,0.0
Augustinópolis,2020-04-01,0,0,0,0,,,,0.0
Augustinópolis,2020-04-02,0,0,0,0,,,,0.0
Augustinópolis,2020-04-03,0,0,0,0,,,,0.0
Augustinópolis,2020-04-04,0,0,0,0,,,,0.0
Augustinópolis,2020-04-05,0,0,0,0,,,,0.0
Augustinópolis,2020-04-06,0,0,0,0,,,,0.0
Augustinópolis,2020-04-07,0,0,0,0,,,,0.0
Augustinópolis,2020-04-08,0,0,0,0,,,,0.0
Augustinópolis,2020-04-09,0,0,0,0,0.0,0.0,,0.0
Augustinópolis,2020-04-10,0,0,0,0,0.0,0.0,,0.0
Augustinópolis,2020-04-11,0,0,0,0,0.0,0.0,,0.0
Augustinópolis,2020-04-12,0,0,0,0,0.0,0.0,,0.0
Augustinópolis,2020-04-13,0,0,0,0,0.0,0.0,,0.0
Augustinópolis,2020-04-14,0,0,0,0,0.0,0.0,,0.0
Augustinópolis,2020-04-15,0,0,0,0,0.0,0.0,,0.0
Augustinópolis,2020-04-16,0,0,0,0,0.0,0.0,,0.0
Augustinópolis,2020-04-17,0,0,0,0,0.0,0.0,,0.0
Augustinópolis,2020-04-18,0,0,0,0,0.0,0.0,,0.0
Augustinópolis,2020-04-19,0,0,0,0,0.0,0.0,,0.0
Augustinópolis,2020-04-20,0,0,0,0,0.0,0.0,,0.0
Augustinópolis,2020-04-21,0,0,0,0,0.0,0.0,,0.0
Augustinópolis,2020-04-22,0,0,0,0,0.0,0.0,,0.0
Augustinópolis,2020-04-23,0,0,0,0,0.0,0.0,,0.0
Augustinópolis,2020-04-24,0,0,0,0,0.0,0.0,,0.0
Augustinópolis,2020-04-25,0,0,0,0,0.0,0.0,,0.0
Augustinópolis,2020-04-26,0,0,0,0,0.0,0.0,,0.0
Augustinópolis,2020-04-27,0,0,0,0,0.0,0.0,,0.0
Augustinópolis,2020-04-28,1,1,0,0,0.07142857142857142,0.0,,0.0
Augustinópolis,2020-04-29,1,0,0,0,0.07142857142857142,0.0,,0.0
Augustinópolis,2020-04-30,1,0,0,0,0.07142857142857142,0.0,,0.0
Augustinópolis,2020-05-01,2,1,0,0,0.14285714285714285,0.0,,0.3010299956639812
Augustinópolis,2020-05-02,2,0,0,0,0.14285714285714285,0.0,,0.3010299956639812
Augustinópolis,2020-05-03,2,0,0,0,0.14285714285714285,0.0,,0.3010299956639812
Augustinópolis,2020-05-04,3,1,1,1,0.21428571428571427,0.07142857142857142,inf,0.47712125471966244
Augustinópolis,2020-05-05,3,0,1,0,0.21428571428571427,0.07142857142857142,inf,0.47712125471966244
Augustinópolis,2020-05-06,4,1,2,1,0.2857142857142857,0.14285714285714285,inf,0.6020599913279624
Augustinópolis,2020-05-07,4,0,2,0,0.2857142857142857,0.14285714285714285,inf,0.6020599913279624
Augustinópolis,2020-05-08,4,0,2,0,0.2857142857142857,0.14285714285714285,inf,0.6020599913279624
Augustinópolis,2020-05-09,5,1,2,0,0.35714285714285715,0.14285714285714285,inf,0.6989700043360189
Augustinópolis,2020-05-10,6,1,2,0,0.42857142857142855,0.14285714285714285,inf,0.7781512503836436
Augustinópolis,2020-05-11,6,0,2,0,0.42857142857142855,0.14285714285714285,inf,0.7781512503836436
Augustinópolis,2020-05-12,6,0,2,0,0.35714285714285715,0.14285714285714285,inf,0.7781512503836436
Augustinópolis,2020-05-13,7,1,2,0,0.42857142857142855,0.14285714285714285,inf,0.8450980400142568
Augustinópolis,2020-05-14,8,1,2,0,0.5,0.14285714285714285,inf,0.9030899869919435
Augustinópolis,2020-05-15,10,2,2,0,0.5714285714285714,0.14285714285714285,inf,1.0
Augustinópolis,2020-05-16,10,0,2,0,0.5714285714285714,0.14285714285714285,inf,1.0
Augustinópolis,2020-05-17,10,0,2,0,0.5714285714285714,0.14285714285714285,inf,1.0
Augustinópolis,2020-05-18,10,0,2,0,0.5,0.07142857142857142,0.0,1.0
Augustinópolis,2020-05-19,12,2,2,0,0.6428571428571429,0.07142857142857142,0.0,1.0791812460476249
Augustinópolis,2020-05-20,12,0,2,0,0.5714285714285714,0.0,-1.0,1.0791812460476249
Augustinópolis,2020-05-21,16,4,2,0,0.8571428571428571,0.0,-1.0,1.2041199826559248
Augustinópolis,2020-05-22,22,6,2,0,1.2857142857142858,0.0,-1.0,1.3424226808222062
Augustinópolis,2020-05-23,22,0,2,0,1.2142857142857142,0.0,-1.0,1.3424226808222062
Augustinópolis,2020-05-24,23,1,2,0,1.2142857142857142,0.0,-1.0,1.3617278360175928
Augustinópolis,2020-05-25,23,0,2,0,1.2142857142857142,0.0,-1.0,1.3617278360175928
Augustinópolis,2020-05-26,23,0,2,0,1.2142857142857142,0.0,-1.0,1.3617278360175928
Augustinópolis,2020-05-27,23,0,2,0,1.1428571428571428,0.0,-1.0,1.3617278360175928
Augustinópolis,2020-05-28,34,11,2,0,1.8571428571428572,0.0,-1.0,1.5314789170422551
Augustinópolis,2020-05-29,36,2,2,0,1.8571428571428572,0.0,-1.0,1.5563025007672873
Augustinópolis,2020-05-30,38,2,2,0,2.0,0.0,-1.0,1.5797835966168101
Augustinópolis,2020-05-31,42,4,2,0,2.2857142857142856,0.0,-1.0,1.6232492903979006
Augustinópolis,2020-06-01,42,0,2,0,2.2857142857142856,0.0,-1.0,1.6232492903979006
Augustinópolis,2020-06-02,48,6,2,0,2.5714285714285716,0.0,-1.0,1.6812412373755872
Augustinópolis,2020-06-03,48,0,2,0,2.5714285714285716,0.0,,1.6812412373755872
Augustinópolis,2020-06-04,52,4,2,0,2.5714285714285716,0.0,,1.7160033436347992
Augustinópolis,2020-06-05,56,4,2,0,2.4285714285714284,0.0,,1.7481880270062005
Augustinópolis,2020-06-06,64,8,2,0,3.0,0.0,,1.806179973983887
Augustinópolis,2020-06-07,67,3,3,1,3.142857142857143,0.07142857142857142,inf,1.8260748027008264
Augustinópolis,2020-06-08,67,0,4,1,3.142857142857143,0.14285714285714285,inf,1.8260748027008264
Augustinópolis,2020-06-09,69,2,4,0,3.2857142857142856,0.14285714285714285,inf,1.8388490907372552
Augustinópolis,2020-06-10,76,7,4,0,3.7857142857142856,0.14285714285714285,inf,1.8808135922807914
Augustinópolis,2020-06-11,77,1,4,0,3.0714285714285716,0.14285714285714285,inf,1.8864907251724818
Augustinópolis,2020-06-12,78,1,4,0,3.0,0.14285714285714285,inf,1.8920946026904804
Augustinópolis,2020-06-13,78,0,4,0,2.857142857142857,0.14285714285714285,inf,1.8920946026904804
Augustinópolis,2020-06-14,78,0,4,0,2.5714285714285716,0.14285714285714285,inf,1.8920946026904804
Augustinópolis,2020-06-15,94,16,4,0,3.7142857142857144,0.14285714285714285,inf,1.9731278535996986
Augustinópolis,2020-06-16,95,1,4,0,3.357142857142857,0.14285714285714285,inf,1.9777236052888478
Augustinópolis,2020-06-17,114,19,4,0,4.714285714285714,0.14285714285714285,inf,2.0569048513364727
Augustinópolis,2020-06-18,118,4,4,0,4.714285714285714,0.14285714285714285,inf,2.0718820073061255
Augustinópolis,2020-06-19,121,3,4,0,4.642857142857143,0.14285714285714285,inf,2.08278537031645
Augustinópolis,2020-06-20,136,15,4,0,5.142857142857143,0.14285714285714285,inf,2.1335389083702174
Augustinópolis,2020-06-21,136,0,4,0,4.928571428571429,0.07142857142857142,0.0,2.1335389083702174
Augustinópolis,2020-06-22,136,0,4,0,4.928571428571429,0.0,-1.0,2.1335389083702174
Augustinópolis,2020-06-23,145,9,4,0,5.428571428571429,0.0,-1.0,2.161368002234975
Augustinópolis,2020-06-24,151,6,4,0,5.357142857142857,0.0,-1.0,2.1789769472931693
Augustinópolis,2020-06-25,160,9,4,0,5.928571428571429,0.0,-1.0,2.204119982655925
Augustinópolis,2020-06-26,173,13,4,0,6.785714285714286,0.0,-1.0,2.2380461031287955
Augustinópolis,2020-06-27,186,13,4,0,7.714285714285714,0.0,-1.0,2.2695129442179165
Augustinópolis,2020-06-28,186,0,4,0,7.714285714285714,0.0,-1.0,2.2695129442179165
Augustinópolis,2020-06-29,190,4,4,0,6.857142857142857,0.0,-1.0,2.278753600952829
Augustinópolis,2020-06-30,247,57,4,0,10.857142857142858,0.0,-1.0,2.392696953259666
Augustinópolis,2020-07-01,262,15,4,0,10.571428571428571,0.0,-1.0,2.4183012913197452
Augustinópolis,2020-07-02,265,3,4,0,10.5,0.0,-1.0,2.423245873936808
Augustinópolis,2020-07-03,269,4,4,0,10.571428571428571,0.0,-1.0,2.429752280002408
Augustinópolis,2020-07-04,278,9,4,0,10.142857142857142,0.0,-1.0,2.444044795918076
Augustinópolis,2020-07-05,278,0,4,0,10.142857142857142,0.0,-1.0,2.444044795918076
Augustinópolis,2020-07-06,278,0,4,0,10.142857142857142,0.0,,2.444044795918076
Augustinópolis,2020-07-07,279,1,4,0,9.571428571428571,0.0,,2.4456042032735974
Augustinópolis,2020-07-08,298,19,4,0,10.5,0.0,,2.4742162640762553
Augustinópolis,2020-07-09,300,2,4,0,10.0,0.0,,2.4771212547196626
Augustinópolis,2020-07-10,300,0,4,0,9.071428571428571,0.0,,2.4771212547196626
Augustinópolis,2020-07-11,317,17,4,0,9.357142857142858,0.0,,2.5010592622177517
Augustinópolis,2020-07-12,317,0,4,0,9.357142857142858,0.0,,2.5010592622177517
Augustinópolis,2020-07-13,321,4,4,0,9.357142857142858,0.0,,2.506505032404872
Augustinópolis,2020-07-14,329,8,4,0,5.857142857142857,0.0,,2.5171958979499744
Augustinópolis,2020-07-15,329,0,4,0,4.785714285714286,0.0,,2.5171958979499744
Augustinópolis,2020-07-16,332,3,4,0,4.785714285714286,0.0,,2.5211380837040362
Augustinópolis,2020-07-17,338,6,4,0,4.928571428571429,0.0,,2.5289167002776547
Augustinópolis,2020-07-18,339,1,4,0,4.357142857142857,0.0,,2.530199698203082
Augustinópolis,2020-07-19,340,1,5,1,4.428571428571429,0.07142857142857142,inf,2.531478917042255
Augustinópolis,2020-07-20,340,0,5,0,4.428571428571429,0.07142857142857142,inf,2.531478917042255
Augustinópolis,2020-07-21,341,1,5,0,4.428571428571429,0.07142857142857142,inf,2.5327543789924976
Augustinópolis,2020-07-22,342,1,5,0,3.142857142857143,0.07142857142857142,inf,2.534026106056135
Augustinópolis,2020-07-23,370,28,5,0,5.0,0.07142857142857142,inf,2.568201724066995
Augustinópolis,2020-07-24,398,28,5,0,7.0,0.07142857142857142,inf,2.5998830720736876
Augustinópolis,2020-07-25,404,6,5,0,6.214285714285714,0.07142857142857142,inf,2.606381365110605
Augustinópolis,2020-07-26,411,7,5,0,6.714285714285714,0.07142857142857142,inf,2.6138418218760693
Augustinópolis,2020-07-27,411,0,5,0,6.428571428571429,0.07142857142857142,inf,2.6138418218760693
Augustinópolis,2020-07-28,413,2,5,0,6.0,0.07142857142857142,inf,2.615950051656401
Augustinópolis,2020-07-29,425,12,5,0,6.857142857142857,0.07142857142857142,inf,2.6283889300503116
Augustinópolis,2020-07-30,425,0,5,0,6.642857142857143,0.07142857142857142,inf,2.6283889300503116
Augustinópolis,2020-07-31,427,2,5,0,6.357142857142857,0.07142857142857142,inf,2.630427875025024
Augustinópolis,2020-08-01,427,0,5,0,6.285714285714286,0.07142857142857142,inf,2.630427875025024
Augustinópolis,2020-08-02,442,15,5,0,7.285714285714286,0.0,-1.0,2.645422269349092
Augustinópolis,2020-08-03,448,6,5,0,7.714285714285714,0.0,-1.0,2.651278013998144
Augustinópolis,2020-08-04,448,0,5,0,7.642857142857143,0.0,-1.0,2.651278013998144
Augustinópolis,2020-08-05,455,7,5,0,8.071428571428571,0.0,-1.0,2.6580113966571126
Augustinópolis,2020-08-06,454,-1,5,0,6.0,0.0,-1.0,2.6570558528571038
Augustinópolis,2020-08-07,469,15,5,0,5.071428571428571,0.0,-1.0,2.6711728427150834
Augustinópolis,2020-08-08,471,2,5,0,4.785714285714286,0.0,-1.0,2.673020907128896
Augustinópolis,2020-08-09,471,0,5,0,4.285714285714286,0.0,-1.0,2.673020907128896
Augustinópolis,2020-08-10,475,4,5,0,4.571428571428571,0.0,-1.0,2.6766936096248664
Augustinópolis,2020-08-11,479,4,5,0,4.714285714285714,0.0,-1.0,2.680335513414563
Augustinópolis,2020-08-12,481,2,5,0,4.0,0.0,-1.0,2.682145076373832
Augustinópolis,2020-08-13,494,13,5,0,4.928571428571429,0.0,-1.0,2.693726948923647
Augustinópolis,2020-08-14,495,1,5,0,4.857142857142857,0.0,-1.0,2.694605198933569
Augustinópolis,2020-08-15,495,0,5,0,4.857142857142857,0.0,-1.0,2.694605198933569
Augustinópolis,2020-08-16,495,0,5,0,3.7857142857142856,0.0,,2.694605198933569
Augustinópolis,2020-08-17,495,0,5,0,3.357142857142857,0.0,,2.694605198933569
Augustinópolis,2020-08-18,500,5,5,0,3.7142857142857144,0.0,,2.6989700043360187
Augustinópolis,2020-08-19,518,18,6,1,4.5,0.07142857142857142,inf,2.714329759745233
Augustinópolis,2020-08-20,530,12,5,-1,5.428571428571429,0.0,,2.724275869600789
Augustinópolis,2020-08-21,530,0,5,0,4.357142857142857,0.0,,2.724275869600789
Augustinópolis,2020-08-22,532,2,5,0,4.357142857142857,0.0,,2.7259116322950483
Augustinópolis,2020-08-23,532,0,5,0,4.357142857142857,0.0,,2.7259116322950483
Augustinópolis,2020-08-24,532,0,5,0,4.071428571428571,0.0,,2.7259116322950483
Augustinópolis,2020-08-25,542,10,5,0,4.5,0.0,,2.733999286538387
Augustinópolis,2020-08-26,547,5,5,0,4.714285714285714,0.0,,2.737987326333431
Augustinópolis,2020-08-27,547,0,5,0,3.7857142857142856,0.0,,2.737987326333431
Augustinópolis,2020-08-28,550,3,6,1,3.9285714285714284,0.07142857142857142,inf,2.7403626894942437
Augustinópolis,2020-08-29,551,1,6,0,4.0,0.07142857142857142,inf,2.741151598851785
Augustinópolis,2020-08-30,551,0,6,0,4.0,0.07142857142857142,inf,2.741151598851785
Augustinópolis,2020-08-31,551,0,6,0,4.0,0.07142857142857142,inf,2.741151598851785
Augustinópolis,2020-09-01,552,1,6,0,3.7142857142857144,0.07142857142857142,inf,2.741939077729199
Augustinópolis,2020-09-02,563,11,6,0,3.2142857142857144,0.0,-1.0,2.7505083948513462
Augustinópolis,2020-09-03,565,2,7,1,2.5,0.14285714285714285,inf,2.7520484478194387
Augustinópolis,2020-09-04,565,0,7,0,2.5,0.14285714285714285,inf,2.7520484478194387
Augustinópolis,2020-09-05,582,17,7,0,3.5714285714285716,0.14285714285714285,inf,2.7649229846498886
Augustinópolis,2020-09-06,582,0,7,0,3.5714285714285716,0.14285714285714285,inf,2.7649229846498886
Augustinópolis,2020-09-07,583,1,8,1,3.642857142857143,0.21428571428571427,inf,2.765668554759014
Augustinópolis,2020-09-08,584,1,8,0,3.0,0.21428571428571427,inf,2.7664128471123997
Augustinópolis,2020-09-09,585,1,8,0,2.7142857142857144,0.21428571428571427,inf,2.7671558660821804
Augustinópolis,2020-09-10,587,2,8,0,2.857142857142857,0.21428571428571427,inf,2.7686381012476144
Augustinópolis,2020-09-11,606,19,8,0,4.0,0.14285714285714285,1.0,2.782472624166286
Augustinópolis,2020-09-12,606,0,8,0,3.9285714285714284,0.14285714285714285,1.0,2.782472624166286
Augustinópolis,2020-09-13,606,0,8,0,3.9285714285714284,0.14285714285714285,1.0,2.782472624166286
Augustinópolis,2020-09-14,606,0,8,0,3.9285714285714284,0.14285714285714285,1.0,2.782472624166286
Augustinópolis,2020-09-15,607,1,8,0,3.9285714285714284,0.14285714285714285,1.0,2.7831886910752575
Augustinópolis,2020-09-16,607,0,8,0,3.142857142857143,0.14285714285714285,inf,2.7831886910752575
Augustinópolis,2020-09-17,621,14,8,0,4.0,0.07142857142857142,-0.5,2.79309160017658
Augustinópolis,2020-09-18,637,16,8,0,5.142857142857143,0.07142857142857142,-0.5,2.8041394323353503
Augustinópolis,2020-09-19,637,0,8,0,3.9285714285714284,0.07142857142857142,-0.5,2.8041394323353503
Augustinópolis,2020-09-20,637,0,8,0,3.9285714285714284,0.07142857142857142,-0.5,2.8041394323353503
Augustinópolis,2020-09-21,637,0,8,0,3.857142857142857,0.0,-1.0,2.8041394323353503
Augustinópolis,2020-09-22,637,0,8,0,3.7857142857142856,0.0,-1.0,2.8041394323353503
Augustinópolis,2020-09-23,637,0,8,0,3.7142857142857144,0.0,-1.0,2.8041394323353503
Augustinópolis,2020-09-24,646,9,8,0,4.214285714285714,0.0,-1.0,2.8102325179950842
Augustinópolis,2020-09-25,655,9,8,0,3.5,0.0,-1.0,2.816241299991783
Augustinópolis,2020-09-26,657,2,8,0,3.642857142857143,0.0,-1.0,2.8175653695597807
Augustinópolis,2020-09-27,657,0,8,0,3.642857142857143,0.0,-1.0,2.8175653695597807
Augustinópolis,2020-09-28,657,0,8,0,3.642857142857143,0.0,-1.0,2.8175653695597807
Augustinópolis,2020-09-29,661,4,8,0,3.857142857142857,0.0,-1.0,2.82020145948564
Augustinópolis,2020-09-30,662,1,8,0,3.9285714285714284,0.0,-1.0,2.8208579894397
Augustinópolis,2020-10-01,663,1,8,0,3.0,0.0,-1.0,2.821513528404773
Augustinópolis,2020-10-02,666,3,8,0,2.0714285714285716,0.0,-1.0,2.823474229170301
Augustinópolis,2020-10-03,666,0,8,0,2.0714285714285716,0.0,-1.0,2.823474229170301
Augustinópolis,2020-10-04,666,0,8,0,2.0714285714285716,0.0,-1.0,2.823474229170301
Augustinópolis,2020-10-05,666,0,8,0,2.0714285714285716,0.0,,2.823474229170301
Augustinópolis,2020-10-06,667,1,8,0,2.142857142857143,0.0,,2.824125833916549
Augustinópolis,2020-10-07,667,0,8,0,2.142857142857143,0.0,,2.824125833916549
Augustinópolis,2020-10-08,668,1,8,0,1.5714285714285714,0.0,,2.824776462475546
Augustinópolis,2020-10-09,676,8,8,0,1.5,0.0,,2.829946695941636
Augustinópolis,2020-10-10,677,1,8,0,1.4285714285714286,0.0,,2.8305886686851442
Augustinópolis,2020-10-11,677,0,8,0,1.4285714285714286,0.0,,2.8305886686851442
Augustinópolis,2020-10-12,677,0,8,0,1.4285714285714286,0.0,,2.8305886686851442
Augustinópolis,2020-10-13,677,0,8,0,1.1428571428571428,0.0,,2.8305886686851442
Augustinópolis,2020-10-14,677,0,8,0,1.0714285714285714,0.0,,2.8305886686851442
Augustinópolis,2020-10-15,678,1,8,0,1.0714285714285714,0.0,,2.8312296938670634
Augustinópolis,2020-10-16,678,0,8,0,0.8571428571428571,0.0,,2.8312296938670634
Augustinópolis,2020-10-17,678,0,8,0,0.8571428571428571,0.0,,2.8312296938670634
Augustinópolis,2020-10-18,678,0,8,0,0.8571428571428571,0.0,,2.8312296938670634
Augustinópolis,2020-10-19,678,0,8,0,0.8571428571428571,0.0,,2.8312296938670634
Augustinópolis,2020-10-20,678,0,8,0,0.7857142857142857,0.0,,2.8312296938670634
Augustinópolis,2020-10-21,678,0,8,0,0.7857142857142857,0.0,,2.8312296938670634
Augustinópolis,2020-10-22,678,0,8,0,0.7142857142857143,0.0,,2.8312296938670634
Augustinópolis,2020-10-23,679,1,8,0,0.21428571428571427,0.0,,2.8318697742805017
Augustinópolis,2020-10-24,679,0,8,0,0.14285714285714285,0.0,,2.8318697742805017
Augustinópolis,2020-10-25,680,1,9,1,0.21428571428571427,0.07142857142857142,inf,2.832508912706236
Augustinópolis,2020-10-26,680,0,9,0,0.21428571428571427,0.07142857142857142,inf,2.832508912706236
Augustinópolis,2020-10-27,680,0,9,0,0.21428571428571427,0.07142857142857142,inf,2.832508912706236
Augustinópolis,2020-10-28,680,0,9,0,0.21428571428571427,0.07142857142857142,inf,2.832508912706236
Augustinópolis,2020-10-29,697,17,9,0,1.3571428571428572,0.07142857142857142,inf,2.8432327780980096
Augustinópolis,2020-10-30,697,0,9,0,1.3571428571428572,0.07142857142857142,inf,2.8432327780980096
Augustinópolis,2020-10-31,700,3,9,0,1.5714285714285714,0.07142857142857142,inf,2.845098040014257
Augustinópolis,2020-11-01,700,0,9,0,1.5714285714285714,0.07142857142857142,inf,2.845098040014257
Augustinópolis,2020-11-02,700,0,9,0,1.5714285714285714,0.07142857142857142,inf,2.845098040014257
Augustinópolis,2020-11-03,700,0,9,0,1.5714285714285714,0.07142857142857142,inf,2.845098040014257
Augustinópolis,2020-11-04,700,0,9,0,1.5714285714285714,0.07142857142857142,inf,2.845098040014257
Augustinópolis,2020-11-05,702,2,9,0,1.7142857142857142,0.07142857142857142,inf,2.846337112129805
Augustinópolis,2020-11-06,709,7,9,0,2.142857142857143,0.07142857142857142,inf,2.8506462351830666
Augustinópolis,2020-11-07,709,0,9,0,2.142857142857143,0.07142857142857142,inf,2.8506462351830666
Augustinópolis,2020-11-08,709,0,9,0,2.0714285714285716,0.0,-1.0,2.8506462351830666
Augustinópolis,2020-11-09,709,0,9,0,2.0714285714285716,0.0,-1.0,2.8506462351830666
Augustinópolis,2020-11-10,714,5,9,0,2.4285714285714284,0.0,-1.0,2.8536982117761744
Augustinópolis,2020-11-11,714,0,9,0,2.4285714285714284,0.0,-1.0,2.8536982117761744
Augustinópolis,2020-11-12,714,0,10,1,1.2142857142857142,0.07142857142857142,0.0,2.8536982117761744
Augustinópolis,2020-11-13,714,0,10,0,1.2142857142857142,0.07142857142857142,0.0,2.8536982117761744
Augustinópolis,2020-11-14,715,1,10,0,1.0714285714285714,0.07142857142857142,0.0,2.8543060418010806
Augustinópolis,2020-11-15,715,0,10,0,1.0714285714285714,0.07142857142857142,0.0,2.8543060418010806
Augustinópolis,2020-11-16,715,0,10,0,1.0714285714285714,0.07142857142857142,0.0,2.8543060418010806
Augustinópolis,2020-11-17,715,0,10,0,1.0714285714285714,0.07142857142857142,0.0,2.8543060418010806
Augustinópolis,2020-11-18,716,1,10,0,1.1428571428571428,0.07142857142857142,0.0,2.8549130223078554
Augustinópolis,2020-11-19,720,4,10,0,1.2857142857142858,0.07142857142857142,0.0,2.8573324964312685
Augustinópolis,2020-11-20,727,7,10,0,1.2857142857142858,0.07142857142857142,0.0,2.8615344108590377
Augustinópolis,2020-11-21,727,0,10,0,1.2857142857142858,0.07142857142857142,0.0,2.8615344108590377
Augustinópolis,2020-11-22,727,0,10,0,1.2857142857142858,0.07142857142857142,inf,2.8615344108590377
Augustinópolis,2020-11-23,727,0,10,0,1.2857142857142858,0.07142857142857142,inf,2.8615344108590377
Augustinópolis,2020-11-24,728,1,10,0,1.0,0.07142857142857142,inf,2.862131379313037
Augustinópolis,2020-11-25,728,0,10,0,1.0,0.07142857142857142,inf,2.862131379313037
Augustinópolis,2020-11-26,728,0,10,0,1.0,0.0,-1.0,2.862131379313037
Augustinópolis,2020-11-27,728,0,10,0,1.0,0.0,-1.0,2.862131379313037
Augustinópolis,2020-11-28,728,0,10,0,0.9285714285714286,0.0,-1.0,2.862131379313037
Augustinópolis,2020-11-29,728,0,10,0,0.9285714285714286,0.0,-1.0,2.862131379313037
Augustinópolis,2020-11-30,728,0,10,0,0.9285714285714286,0.0,-1.0,2.862131379313037
Augustinópolis,2020-12-01,728,0,10,0,0.9285714285714286,0.0,-1.0,2.862131379313037
Augustinópolis,2020-12-02,730,2,10,0,1.0,0.0,-1.0,2.863322860120456
Augustinópolis,2020-12-03,734,4,10,0,1.0,0.0,-1.0,2.8656960599160706
Augustinópolis,2020-12-04,738,4,10,0,0.7857142857142857,0.0,-1.0,2.8680563618230415
Augustinópolis,2020-12-05,739,1,10,0,0.8571428571428571,0.0,-1.0,2.8686444383948255
Augustinópolis,2020-12-06,739,0,10,0,0.8571428571428571,0.0,-1.0,2.8686444383948255
Augustinópolis,2020-12-07,739,0,10,0,0.8571428571428571,0.0,-1.0,2.8686444383948255
Augustinópolis,2020-12-08,749,10,10,0,1.5,0.0,-1.0,2.8744818176994666
Augustinópolis,2020-12-09,749,0,10,0,1.5,0.0,-1.0,2.8744818176994666
Augustinópolis,2020-12-10,750,1,10,0,1.5714285714285714,0.0,,2.8750612633917
Augustinópolis,2020-12-11,750,0,10,0,1.5714285714285714,0.0,,2.8750612633917
Augustinópolis,2020-12-12,751,1,10,0,1.6428571428571428,0.0,,2.8756399370041685
Augustinópolis,2020-12-13,751,0,10,0,1.6428571428571428,0.0,,2.8756399370041685
Augustinópolis,2020-12-14,751,0,10,0,1.6428571428571428,0.0,,2.8756399370041685
Augustinópolis,2020-12-15,751,0,10,0,1.6428571428571428,0.0,,2.8756399370041685
Augustinópolis,2020-12-16,751,0,10,0,1.5,0.0,,2.8756399370041685
Augustinópolis,2020-12-17,753,2,10,0,1.3571428571428572,0.0,,2.8767949762007006
Augustinópolis,2020-12-18,759,6,10,0,1.5,0.0,,2.88024177589548
Augustinópolis,2020-12-19,762,3,10,0,1.6428571428571428,0.0,,2.8819549713396007
Augustinópolis,2020-12-20,762,0,10,0,1.6428571428571428,0.0,,2.8819549713396007
Augustinópolis,2020-12-21,762,0,10,0,1.6428571428571428,0.0,,2.8819549713396007
Augustinópolis,2020-12-22,763,1,10,0,1.0,0.0,,2.8825245379548803
Augustinópolis,2020-12-23,767,4,10,0,1.2857142857142858,0.0,,2.8847953639489807
Augustinópolis,2020-12-24,767,0,10,0,1.2142857142857142,0.0,,2.8847953639489807
Augustinópolis,2020-12-25,767,0,10,0,1.2142857142857142,0.0,,2.8847953639489807
Augustinópolis,2020-12-26,767,0,10,0,1.1428571428571428,0.0,,2.8847953639489807
Augustinópolis,2020-12-27,767,0,10,0,1.1428571428571428,0.0,,2.8847953639489807
Augustinópolis,2020-12-28,767,0,10,0,1.1428571428571428,0.0,,2.8847953639489807
Augustinópolis,2020-12-29,768,1,10,0,1.2142857142857142,0.0,,2.885361220031512
Augustinópolis,2020-12-30,768,0,10,0,1.2142857142857142,0.0,,2.885361220031512
Augustinópolis,2020-12-31,768,0,10,0,1.0714285714285714,0.0,,2.885361220031512
Augustinópolis,2021-01-01,768,0,10,0,0.6428571428571429,0.0,,2.885361220031512
Augustinópolis,2021-01-02,768,0,10,0,0.42857142857142855,0.0,,2.885361220031512
Augustinópolis,2021-01-03,768,0,10,0,0.42857142857142855,0.0,,2.885361220031512
Augustinópolis,2021-01-04,768,0,10,0,0.42857142857142855,0.0,,2.885361220031512
Augustinópolis,2021-01-05,769,1,11,1,0.42857142857142855,0.07142857142857142,inf,2.885926339801431
Augustinópolis,2021-01-06,787,18,11,0,1.4285714285714286,0.07142857142857142,inf,2.8959747323590648
Augustinópolis,2021-01-07,787,0,11,0,1.4285714285714286,0.07142857142857142,inf,2.8959747323590648
Augustinópolis,2021-01-08,787,0,11,0,1.4285714285714286,0.07142857142857142,inf,2.8959747323590648
Augustinópolis,2021-01-09,787,0,11,0,1.4285714285714286,0.07142857142857142,inf,2.8959747323590648
Augustinópolis,2021-01-10,787,0,11,0,1.4285714285714286,0.07142857142857142,inf,2.8959747323590648
Augustinópolis,2021-01-11,787,0,11,0,1.4285714285714286,0.07142857142857142,inf,2.8959747323590648
Augustinópolis,2021-01-12,787,0,11,0,1.3571428571428572,0.07142857142857142,inf,2.8959747323590648
Augustinópolis,2021-01-13,808,21,11,0,2.857142857142857,0.07142857142857142,inf,2.907411360774586
Augustinópolis,2021-01-14,808,0,11,0,2.857142857142857,0.07142857142857142,inf,2.907411360774586
Augustinópolis,2021-01-15,809,1,11,0,2.9285714285714284,0.07142857142857142,inf,2.9079485216122722
Augustinópolis,2021-01-16,812,3,11,0,3.142857142857143,0.07142857142857142,inf,2.909556029241175
Augustinópolis,2021-01-17,812,0,11,0,3.142857142857143,0.07142857142857142,inf,2.909556029241175
Augustinópolis,2021-01-18,812,0,11,0,3.142857142857143,0.07142857142857142,inf,2.909556029241175
Augustinópolis,2021-01-19,813,1,11,0,3.142857142857143,0.0,-1.0,2.910090545594068
Augustinópolis,2021-01-20,834,21,11,0,3.357142857142857,0.0,-1.0,2.921166050637739
Arraias,2020-03-27,0,0,0,0,,,,0.0
Arraias,2020-03-28,0,0,0,0,,,,0.0
Arraias,2020-03-29,0,0,0,0,,,,0.0
Arraias,2020-03-30,0,0,0,0,,,,0.0
Arraias,2020-03-31,0,0,0,0,,,,0.0
Arraias,2020-04-01,0,0,0,0,,,,0.0
Arraias,2020-04-02,0,0,0,0,,,,0.0
Arraias,2020-04-03,0,0,0,0,,,,0.0
Arraias,2020-04-04,0,0,0,0,,,,0.0
Arraias,2020-04-05,0,0,0,0,,,,0.0
Arraias,2020-04-06,0,0,0,0,,,,0.0
Arraias,2020-04-07,0,0,0,0,,,,0.0
Arraias,2020-04-08,0,0,0,0,,,,0.0
Arraias,2020-04-09,0,0,0,0,0.0,0.0,,0.0
Arraias,2020-04-10,0,0,0,0,0.0,0.0,,0.0
Arraias,2020-04-11,0,0,0,0,0.0,0.0,,0.0
Arraias,2020-04-12,0,0,0,0,0.0,0.0,,0.0
Arraias,2020-04-13,0,0,0,0,0.0,0.0,,0.0
Arraias,2020-04-14,0,0,0,0,0.0,0.0,,0.0
Arraias,2020-04-15,0,0,0,0,0.0,0.0,,0.0
Arraias,2020-04-16,0,0,0,0,0.0,0.0,,0.0
Arraias,2020-04-17,0,0,0,0,0.0,0.0,,0.0
Arraias,2020-04-18,0,0,0,0,0.0,0.0,,0.0
Arraias,2020-04-19,0,0,0,0,0.0,0.0,,0.0
Arraias,2020-04-20,0,0,0,0,0.0,0.0,,0.0
Arraias,2020-04-21,0,0,0,0,0.0,0.0,,0.0
Arraias,2020-04-22,0,0,0,0,0.0,0.0,,0.0
Arraias,2020-04-23,0,0,0,0,0.0,0.0,,0.0
Arraias,2020-04-24,0,0,0,0,0.0,0.0,,0.0
Arraias,2020-04-25,0,0,0,0,0.0,0.0,,0.0
Arraias,2020-04-26,0,0,0,0,0.0,0.0,,0.0
Arraias,2020-04-27,0,0,0,0,0.0,0.0,,0.0
Arraias,2020-04-28,0,0,0,0,0.0,0.0,,0.0
Arraias,2020-04-29,0,0,0,0,0.0,0.0,,0.0
Arraias,2020-04-30,0,0,0,0,0.0,0.0,,0.0
Arraias,2020-05-01,0,0,0,0,0.0,0.0,,0.0
Arraias,2020-05-02,0,0,0,0,0.0,0.0,,0.0
Arraias,2020-05-03,0,0,0,0,0.0,0.0,,0.0
Arraias,2020-05-04,0,0,0,0,0.0,0.0,,0.0
Arraias,2020-05-05,0,0,0,0,0.0,0.0,,0.0
Arraias,2020-05-06,0,0,0,0,0.0,0.0,,0.0
Arraias,2020-05-07,0,0,0,0,0.0,0.0,,0.0
Arraias,2020-05-08,0,0,0,0,0.0,0.0,,0.0
Arraias,2020-05-09,0,0,0,0,0.0,0.0,,0.0
Arraias,2020-05-10,0,0,0,0,0.0,0.0,,0.0
Arraias,2020-05-11,0,0,0,0,0.0,0.0,,0.0
Arraias,2020-05-12,0,0,0,0,0.0,0.0,,0.0
Arraias,2020-05-13,0,0,0,0,0.0,0.0,,0.0
Arraias,2020-05-14,0,0,0,0,0.0,0.0,,0.0
Arraias,2020-05-15,0,0,0,0,0.0,0.0,,0.0
Arraias,2020-05-16,0,0,0,0,0.0,0.0,,0.0
Arraias,2020-05-17,0,0,0,0,0.0,0.0,,0.0
Arraias,2020-05-18,0,0,0,0,0.0,0.0,,0.0
Arraias,2020-05-19,0,0,0,0,0.0,0.0,,0.0
Arraias,2020-05-20,0,0,0,0,0.0,0.0,,0.0
Arraias,2020-05-21,0,0,0,0,0.0,0.0,,0.0
Arraias,2020-05-22,0,0,0,0,0.0,0.0,,0.0
Arraias,2020-05-23,0,0,0,0,0.0,0.0,,0.0
Arraias,2020-05-24,0,0,0,0,0.0,0.0,,0.0
Arraias,2020-05-25,0,0,0,0,0.0,0.0,,0.0
Arraias,2020-05-26,0,0,0,0,0.0,0.0,,0.0
Arraias,2020-05-27,0,0,0,0,0.0,0.0,,0.0
Arraias,2020-05-28,0,0,0,0,0.0,0.0,,0.0
Arraias,2020-05-29,0,0,0,0,0.0,0.0,,0.0
Arraias,2020-05-30,1,1,0,0,0.07142857142857142,0.0,,0.0
Arraias,2020-05-31,0,-1,0,0,0.0,0.0,,0.0
Arraias,2020-06-01,0,0,0,0,0.0,0.0,,0.0
Arraias,2020-06-02,0,0,0,0,0.0,0.0,,0.0
Arraias,2020-06-03,0,0,0,0,0.0,0.0,,0.0
Arraias,2020-06-04,0,0,0,0,0.0,0.0,,0.0
Arraias,2020-06-05,0,0,0,0,0.0,0.0,,0.0
Arraias,2020-06-06,0,0,0,0,0.0,0.0,,0.0
Arraias,2020-06-07,0,0,0,0,0.0,0.0,,0.0
Arraias,2020-06-08,0,0,0,0,0.0,0.0,,0.0
Arraias,2020-06-09,0,0,0,0,0.0,0.0,,0.0
Arraias,2020-06-10,0,0,0,0,0.0,0.0,,0.0
Arraias,2020-06-11,1,1,0,0,0.07142857142857142,0.0,,0.0
Arraias,2020-06-12,1,0,0,0,0.07142857142857142,0.0,,0.0
Arraias,2020-06-13,1,0,0,0,0.0,0.0,,0.0
Arraias,2020-06-14,1,0,0,0,0.07142857142857142,0.0,,0.0
Arraias,2020-06-15,1,0,0,0,0.07142857142857142,0.0,,0.0
Arraias,2020-06-16,1,0,0,0,0.07142857142857142,0.0,,0.0
Arraias,2020-06-17,1,0,0,0,0.07142857142857142,0.0,,0.0
Arraias,2020-06-18,3,2,0,0,0.21428571428571427,0.0,,0.47712125471966244
Arraias,2020-06-19,3,0,0,0,0.21428571428571427,0.0,,0.47712125471966244
Arraias,2020-06-20,4,1,0,0,0.2857142857142857,0.0,,0.6020599913279624
Arraias,2020-06-21,4,0,0,0,0.2857142857142857,0.0,,0.6020599913279624
Arraias,2020-06-22,5,1,0,0,0.35714285714285715,0.0,,0.6989700043360189
Arraias,2020-06-23,4,-1,0,0,0.2857142857142857,0.0,,0.6020599913279624
Arraias,2020-06-24,4,0,0,0,0.2857142857142857,0.0,,0.6020599913279624
Arraias,2020-06-25,4,0,0,0,0.21428571428571427,0.0,,0.6020599913279624
Arraias,2020-06-26,4,0,0,0,0.21428571428571427,0.0,,0.6020599913279624
Arraias,2020-06-27,4,0,0,0,0.21428571428571427,0.0,,0.6020599913279624
Arraias,2020-06-28,4,0,0,0,0.21428571428571427,0.0,,0.6020599913279624
Arraias,2020-06-29,4,0,0,0,0.21428571428571427,0.0,,0.6020599913279624
Arraias,2020-06-30,4,0,0,0,0.21428571428571427,0.0,,0.6020599913279624
Arraias,2020-07-01,4,0,0,0,0.21428571428571427,0.0,,0.6020599913279624
Arraias,2020-07-02,5,1,0,0,0.14285714285714285,0.0,,0.6989700043360189
Arraias,2020-07-03,5,0,0,0,0.14285714285714285,0.0,,0.6989700043360189
Arraias,2020-07-04,6,1,0,0,0.14285714285714285,0.0,,0.7781512503836436
Arraias,2020-07-05,6,0,0,0,0.14285714285714285,0.0,,0.7781512503836436
Arraias,2020-07-06,6,0,0,0,0.07142857142857142,0.0,,0.7781512503836436
Arraias,2020-07-07,6,0,0,0,0.14285714285714285,0.0,,0.7781512503836436
Arraias,2020-07-08,6,0,0,0,0.14285714285714285,0.0,,0.7781512503836436
Arraias,2020-07-09,6,0,0,0,0.14285714285714285,0.0,,0.7781512503836436
Arraias,2020-07-10,8,2,0,0,0.2857142857142857,0.0,,0.9030899869919435
Arraias,2020-07-11,8,0,0,0,0.2857142857142857,0.0,,0.9030899869919435
Arraias,2020-07-12,8,0,0,0,0.2857142857142857,0.0,,0.9030899869919435
Arraias,2020-07-13,8,0,0,0,0.2857142857142857,0.0,,0.9030899869919435
Arraias,2020-07-14,9,1,0,0,0.35714285714285715,0.0,,0.9542425094393249
Arraias,2020-07-15,11,2,0,0,0.5,0.0,,1.041392685158225
Arraias,2020-07-16,11,0,0,0,0.42857142857142855,0.0,,1.041392685158225
Arraias,2020-07-17,11,0,0,0,0.42857142857142855,0.0,,1.041392685158225
Arraias,2020-07-18,11,0,0,0,0.35714285714285715,0.0,,1.041392685158225
Arraias,2020-07-19,11,0,0,0,0.35714285714285715,0.0,,1.041392685158225
Arraias,2020-07-20,11,0,0,0,0.35714285714285715,0.0,,1.041392685158225
Arraias,2020-07-21,13,2,0,0,0.5,0.0,,1.1139433523068367
Arraias,2020-07-22,13,0,0,0,0.5,0.0,,1.1139433523068367
Arraias,2020-07-23,13,0,0,0,0.5,0.0,,1.1139433523068367
Arraias,2020-07-24,14,1,0,0,0.42857142857142855,0.0,,1.146128035678238
Arraias,2020-07-25,14,0,0,0,0.42857142857142855,0.0,,1.146128035678238
Arraias,2020-07-26,14,0,0,0,0.42857142857142855,0.0,,1.146128035678238
Arraias,2020-07-27,14,0,0,0,0.42857142857142855,0.0,,1.146128035678238
Arraias,2020-07-28,14,0,0,0,0.35714285714285715,0.0,,1.146128035678238
Arraias,2020-07-29,14,0,0,0,0.21428571428571427,0.0,,1.146128035678238
Arraias,2020-07-30,14,0,0,0,0.21428571428571427,0.0,,1.146128035678238
Arraias,2020-07-31,14,0,0,0,0.21428571428571427,0.0,,1.146128035678238
Arraias,2020-08-01,14,0,0,0,0.21428571428571427,0.0,,1.146128035678238
Arraias,2020-08-02,14,0,0,0,0.21428571428571427,0.0,,1.146128035678238
Arraias,2020-08-03,14,0,0,0,0.21428571428571427,0.0,,1.146128035678238
Arraias,2020-08-04,15,1,0,0,0.14285714285714285,0.0,,1.1760912590556813
Arraias,2020-08-05,16,1,0,0,0.21428571428571427,0.0,,1.2041199826559248
Arraias,2020-08-06,16,0,0,0,0.21428571428571427,0.0,,1.2041199826559248
Arraias,2020-08-07,16,0,0,0,0.14285714285714285,0.0,,1.2041199826559248
Arraias,2020-08-08,16,0,0,0,0.14285714285714285,0.0,,1.2041199826559248
Arraias,2020-08-09,16,0,0,0,0.14285714285714285,0.0,,1.2041199826559248
Arraias,2020-08-10,16,0,0,0,0.14285714285714285,0.0,,1.2041199826559248
Arraias,2020-08-11,19,3,0,0,0.35714285714285715,0.0,,1.2787536009528289
Arraias,2020-08-12,24,5,0,0,0.7142857142857143,0.0,,1.380211241711606
Arraias,2020-08-13,27,3,0,0,0.9285714285714286,0.0,,1.4313637641589874
Arraias,2020-08-14,30,3,0,0,1.1428571428571428,0.0,,1.4771212547196624
Arraias,2020-08-15,35,5,0,0,1.5,0.0,,1.5440680443502757
Arraias,2020-08-16,35,0,0,0,1.5,0.0,,1.5440680443502757
Arraias,2020-08-17,35,0,0,0,1.5,0.0,,1.5440680443502757
Arraias,2020-08-18,38,3,0,0,1.6428571428571428,0.0,,1.5797835966168101
Arraias,2020-08-19,38,0,0,0,1.5714285714285714,0.0,,1.5797835966168101
Arraias,2020-08-20,39,1,0,0,1.6428571428571428,0.0,,1.591064607026499
Arraias,2020-08-21,39,0,0,0,1.6428571428571428,0.0,,1.591064607026499
Arraias,2020-08-22,39,0,0,0,1.6428571428571428,0.0,,1.591064607026499
Arraias,2020-08-23,38,-1,0,0,1.5714285714285714,0.0,,1.5797835966168101
Arraias,2020-08-24,38,0,0,0,1.5714285714285714,0.0,,1.5797835966168101
Arraias,2020-08-25,38,0,0,0,1.3571428571428572,0.0,,1.5797835966168101
Arraias,2020-08-26,38,0,0,0,1.0,0.0,,1.5797835966168101
Arraias,2020-08-27,40,2,0,0,0.9285714285714286,0.0,,1.6020599913279625
Arraias,2020-08-28,40,0,0,0,0.7142857142857143,0.0,,1.6020599913279625
Arraias,2020-08-29,40,0,0,0,0.35714285714285715,0.0,,1.6020599913279625
Arraias,2020-08-30,40,0,0,0,0.35714285714285715,0.0,,1.6020599913279625
Arraias,2020-08-31,40,0,0,0,0.35714285714285715,0.0,,1.6020599913279625
Arraias,2020-09-01,45,5,0,0,0.5,0.0,,1.6532125137753437
Arraias,2020-09-02,54,9,0,0,1.1428571428571428,0.0,,1.7323937598229686
Arraias,2020-09-03,84,30,0,0,3.2142857142857144,0.0,,1.9242792860618816
Arraias,2020-09-04,87,3,0,0,3.4285714285714284,0.0,,1.9395192526186185
Arraias,2020-09-05,95,8,0,0,4.0,0.0,,1.9777236052888478
Arraias,2020-09-06,95,0,0,0,4.071428571428571,0.0,,1.9777236052888478
Arraias,2020-09-07,95,0,0,0,4.071428571428571,0.0,,1.9777236052888478
Arraias,2020-09-08,95,0,0,0,4.071428571428571,0.0,,1.9777236052888478
Arraias,2020-09-09,95,0,0,0,4.071428571428571,0.0,,1.9777236052888478
Arraias,2020-09-10,95,0,0,0,3.9285714285714284,0.0,,1.9777236052888478
Arraias,2020-09-11,95,0,0,0,3.9285714285714284,0.0,,1.9777236052888478
Arraias,2020-09-12,95,0,0,0,3.9285714285714284,0.0,,1.9777236052888478
Arraias,2020-09-13,95,0,0,0,3.9285714285714284,0.0,,1.9777236052888478
Arraias,2020-09-14,95,0,0,0,3.9285714285714284,0.0,,1.9777236052888478
Arraias,2020-09-15,95,0,0,0,3.5714285714285716,0.0,,1.9777236052888478
Arraias,2020-09-16,101,6,0,0,3.357142857142857,0.0,,2.0043213737826426
Arraias,2020-09-17,105,4,0,0,1.5,0.0,,2.0211892990699383
Arraias,2020-09-18,106,1,0,0,1.3571428571428572,0.0,,2.0253058652647704
Arraias,2020-09-19,109,3,0,0,1.0,0.0,,2.037426497940624
Arraias,2020-09-20,109,0,0,0,1.0,0.0,,2.037426497940624
Arraias,2020-09-21,109,0,0,0,1.0,0.0,,2.037426497940624
Arraias,2020-09-22,112,3,0,0,1.2142857142857142,0.0,,2.0492180226701815
Arraias,2020-09-23,113,1,0,0,1.2857142857142858,0.0,,2.05307844348342
Arraias,2020-09-24,113,0,0,0,1.2857142857142858,0.0,,2.05307844348342
Arraias,2020-09-25,113,0,0,0,1.2857142857142858,0.0,,2.05307844348342
Arraias,2020-09-26,117,4,0,0,1.5714285714285714,0.0,,2.0681858617461617
Arraias,2020-09-27,117,0,0,0,1.5714285714285714,0.0,,2.0681858617461617
Arraias,2020-09-28,117,0,0,0,1.5714285714285714,0.0,,2.0681858617461617
Arraias,2020-09-29,118,1,0,0,1.6428571428571428,0.0,,2.0718820073061255
Arraias,2020-09-30,118,0,0,0,1.2142857142857142,0.0,,2.0718820073061255
Arraias,2020-10-01,121,3,0,0,1.1428571428571428,0.0,,2.08278537031645
Arraias,2020-10-02,122,1,0,0,1.1428571428571428,0.0,,2.0863598306747484
Arraias,2020-10-03,122,0,0,0,0.9285714285714286,0.0,,2.0863598306747484
Arraias,2020-10-04,122,0,0,0,0.9285714285714286,0.0,,2.0863598306747484
Arraias,2020-10-05,122,0,0,0,0.9285714285714286,0.0,,2.0863598306747484
Arraias,2020-10-06,122,0,0,0,0.7142857142857143,0.0,,2.0863598306747484
Arraias,2020-10-07,122,0,0,0,0.6428571428571429,0.0,,2.0863598306747484
Arraias,2020-10-08,122,0,0,0,0.6428571428571429,0.0,,2.0863598306747484
Arraias,2020-10-09,128,6,0,0,1.0714285714285714,0.0,,2.1072099696478683
Arraias,2020-10-10,128,0,0,0,0.7857142857142857,0.0,,2.1072099696478683
Arraias,2020-10-11,128,0,0,0,0.7857142857142857,0.0,,2.1072099696478683
Arraias,2020-10-12,128,0,0,0,0.7857142857142857,0.0,,2.1072099696478683
Arraias,2020-10-13,128,0,0,0,0.7142857142857143,0.0,,2.1072099696478683
Arraias,2020-10-14,128,0,0,0,0.7142857142857143,0.0,,2.1072099696478683
Arraias,2020-10-15,128,0,0,0,0.5,0.0,,2.1072099696478683
Arraias,2020-10-16,128,0,0,0,0.42857142857142855,0.0,,2.1072099696478683
Arraias,2020-10-17,128,0,0,0,0.42857142857142855,0.0,,2.1072099696478683
Arraias,2020-10-18,128,0,0,0,0.42857142857142855,0.0,,2.1072099696478683
Arraias,2020-10-19,128,0,0,0,0.42857142857142855,0.0,,2.1072099696478683
Arraias,2020-10-20,128,0,0,0,0.42857142857142855,0.0,,2.1072099696478683
Arraias,2020-10-21,128,0,0,0,0.42857142857142855,0.0,,2.1072099696478683
Arraias,2020-10-22,135,7,0,0,0.9285714285714286,0.0,,2.130333768495006
Arraias,2020-10-23,135,0,0,0,0.5,0.0,,2.130333768495006
Arraias,2020-10-24,135,0,0,0,0.5,0.0,,2.130333768495006
Arraias,2020-10-25,135,0,0,0,0.5,0.0,,2.130333768495006
Arraias,2020-10-26,135,0,0,0,0.5,0.0,,2.130333768495006
Arraias,2020-10-27,136,1,0,0,0.5714285714285714,0.0,,2.1335389083702174
Arraias,2020-10-28,137,1,0,0,0.6428571428571429,0.0,,2.1367205671564067
Arraias,2020-10-29,139,2,0,0,0.7857142857142857,0.0,,2.143014800254095
Arraias,2020-10-30,142,3,0,0,1.0,0.0,,2.1522883443830563
Arraias,2020-10-31,142,0,0,0,1.0,0.0,,2.1522883443830563
Arraias,2020-11-01,142,0,0,0,1.0,0.0,,2.1522883443830563
Arraias,2020-11-02,142,0,0,0,1.0,0.0,,2.1522883443830563
Arraias,2020-11-03,142,0,0,0,1.0,0.0,,2.1522883443830563
Arraias,2020-11-04,142,0,0,0,1.0,0.0,,2.1522883443830563
Arraias,2020-11-05,143,1,0,0,0.5714285714285714,0.0,,2.155336037465062
Arraias,2020-11-06,148,5,0,0,0.9285714285714286,0.0,,2.1702617153949575
Arraias,2020-11-07,148,0,0,0,0.9285714285714286,0.0,,2.1702617153949575
Arraias,2020-11-08,148,0,0,0,0.9285714285714286,0.0,,2.1702617153949575
Arraias,2020-11-09,148,0,0,0,0.9285714285714286,0.0,,2.1702617153949575
Arraias,2020-11-10,147,-1,0,0,0.7857142857142857,0.0,,2.167317334748176
Arraias,2020-11-11,147,0,0,0,0.7142857142857143,0.0,,2.167317334748176
Arraias,2020-11-12,147,0,0,0,0.5714285714285714,0.0,,2.167317334748176
Arraias,2020-11-13,147,0,0,0,0.35714285714285715,0.0,,2.167317334748176
Arraias,2020-11-14,147,0,0,0,0.35714285714285715,0.0,,2.167317334748176
Arraias,2020-11-15,147,0,0,0,0.35714285714285715,0.0,,2.167317334748176
Arraias,2020-11-16,147,0,0,0,0.35714285714285715,0.0,,2.167317334748176
Arraias,2020-11-17,147,0,0,0,0.35714285714285715,0.0,,2.167317334748176
Arraias,2020-11-18,147,0,0,0,0.35714285714285715,0.0,,2.167317334748176
Arraias,2020-11-19,151,4,0,0,0.5714285714285714,0.0,,2.1789769472931693
Arraias,2020-11-20,151,0,0,0,0.21428571428571427,0.0,,2.1789769472931693
Arraias,2020-11-21,151,0,0,0,0.21428571428571427,0.0,,2.1789769472931693
Arraias,2020-11-22,151,0,0,0,0.21428571428571427,0.0,,2.1789769472931693
Arraias,2020-11-23,151,0,0,0,0.21428571428571427,0.0,,2.1789769472931693
Arraias,2020-11-24,151,0,0,0,0.2857142857142857,0.0,,2.1789769472931693
Arraias,2020-11-25,151,0,0,0,0.2857142857142857,0.0,,2.1789769472931693
Arraias,2020-11-26,151,0,0,0,0.2857142857142857,0.0,,2.1789769472931693
Arraias,2020-11-27,151,0,0,0,0.2857142857142857,0.0,,2.1789769472931693
Arraias,2020-11-28,156,5,0,0,0.6428571428571429,0.0,,2.1931245983544616
Arraias,2020-11-29,156,0,0,0,0.6428571428571429,0.0,,2.1931245983544616
Arraias,2020-11-30,156,0,0,0,0.6428571428571429,0.0,,2.1931245983544616
Arraias,2020-12-01,156,0,0,0,0.6428571428571429,0.0,,2.1931245983544616
Arraias,2020-12-02,156,0,0,0,0.6428571428571429,0.0,,2.1931245983544616
Arraias,2020-12-03,156,0,0,0,0.35714285714285715,0.0,,2.1931245983544616
Arraias,2020-12-04,159,3,0,0,0.5714285714285714,0.0,,2.2013971243204513
Arraias,2020-12-05,159,0,0,0,0.5714285714285714,0.0,,2.2013971243204513
Arraias,2020-12-06,159,0,0,0,0.5714285714285714,0.0,,2.2013971243204513
Arraias,2020-12-07,159,0,0,0,0.5714285714285714,0.0,,2.2013971243204513
Arraias,2020-12-08,159,0,0,0,0.5714285714285714,0.0,,2.2013971243204513
Arraias,2020-12-09,159,0,0,0,0.5714285714285714,0.0,,2.2013971243204513
Arraias,2020-12-10,159,0,0,0,0.5714285714285714,0.0,,2.2013971243204513
Arraias,2020-12-11,159,0,0,0,0.5714285714285714,0.0,,2.2013971243204513
Arraias,2020-12-12,160,1,0,0,0.2857142857142857,0.0,,2.204119982655925
Arraias,2020-12-13,160,0,0,0,0.2857142857142857,0.0,,2.204119982655925
Arraias,2020-12-14,160,0,0,0,0.2857142857142857,0.0,,2.204119982655925
Arraias,2020-12-15,160,0,0,0,0.2857142857142857,0.0,,2.204119982655925
Arraias,2020-12-16,161,1,0,0,0.35714285714285715,0.0,,2.2068258760318495
Arraias,2020-12-17,161,0,0,0,0.35714285714285715,0.0,,2.2068258760318495
Arraias,2020-12-18,161,0,0,0,0.14285714285714285,0.0,,2.2068258760318495
Arraias,2020-12-19,161,0,0,0,0.14285714285714285,0.0,,2.2068258760318495
Arraias,2020-12-20,161,0,0,0,0.14285714285714285,0.0,,2.2068258760318495
Arraias,2020-12-21,161,0,0,0,0.14285714285714285,0.0,,2.2068258760318495
Arraias,2020-12-22,162,1,0,0,0.21428571428571427,0.0,,2.2095150145426308
Arraias,2020-12-23,162,0,0,0,0.21428571428571427,0.0,,2.2095150145426308
Arraias,2020-12-24,162,0,0,0,0.21428571428571427,0.0,,2.2095150145426308
Arraias,2020-12-25,162,0,0,0,0.21428571428571427,0.0,,2.2095150145426308
Arraias,2020-12-26,162,0,0,0,0.14285714285714285,0.0,,2.2095150145426308
Arraias,2020-12-27,162,0,0,0,0.14285714285714285,0.0,,2.2095150145426308
Arraias,2020-12-28,162,0,0,0,0.14285714285714285,0.0,,2.2095150145426308
Arraias,2020-12-29,162,0,0,0,0.14285714285714285,0.0,,2.2095150145426308
Arraias,2020-12-30,162,0,0,0,0.07142857142857142,0.0,,2.2095150145426308
Arraias,2020-12-31,162,0,0,0,0.07142857142857142,0.0,,2.2095150145426308
Arraias,2021-01-01,162,0,0,0,0.07142857142857142,0.0,,2.2095150145426308
Arraias,2021-01-02,162,0,0,0,0.07142857142857142,0.0,,2.2095150145426308
Arraias,2021-01-03,162,0,0,0,0.07142857142857142,0.0,,2.2095150145426308
Arraias,2021-01-04,162,0,0,0,0.07142857142857142,0.0,,2.2095150145426308
Arraias,2021-01-05,162,0,0,0,0.0,0.0,,2.2095150145426308
Arraias,2021-01-06,162,0,0,0,0.0,0.0,,2.2095150145426308
Arraias,2021-01-07,162,0,0,0,0.0,0.0,,2.2095150145426308
Arraias,2021-01-08,162,0,0,0,0.0,0.0,,2.2095150145426308
Arraias,2021-01-09,162,0,0,0,0.0,0.0,,2.2095150145426308
Arraias,2021-01-10,162,0,0,0,0.0,0.0,,2.2095150145426308
Arraias,2021-01-11,162,0,0,0,0.0,0.0,,2.2095150145426308
Arraias,2021-01-12,162,0,0,0,0.0,0.0,,2.2095150145426308
Arraias,2021-01-13,170,8,0,0,0.5714285714285714,0.0,,2.230448921378274
Arraias,2021-01-14,173,3,0,0,0.7857142857142857,0.0,,2.2380461031287955
Arraias,2021-01-15,174,1,0,0,0.8571428571428571,0.0,,2.2405492482825995
Arraias,2021-01-16,174,0,0,0,0.8571428571428571,0.0,,2.2405492482825995
Arraias,2021-01-17,174,0,0,0,0.8571428571428571,0.0,,2.2405492482825995
Arraias,2021-01-18,176,2,0,0,1.0,0.0,,2.24551266781415
Arraias,2021-01-19,177,1,0,0,1.0714285714285714,0.0,,2.2479732663618064
Arraias,2021-01-20,176,-1,0,0,1.0,0.0,,2.24551266781415
Aparecida do Rio Negro,2020-03-27,0,0,0,0,,,,0.0
Aparecida do Rio Negro,2020-03-28,0,0,0,0,,,,0.0
Aparecida do Rio Negro,2020-03-29,0,0,0,0,,,,0.0
Aparecida do Rio Negro,2020-03-30,0,0,0,0,,,,0.0
Aparecida do Rio Negro,2020-03-31,0,0,0,0,,,,0.0
Aparecida do Rio Negro,2020-04-01,0,0,0,0,,,,0.0
Aparecida do Rio Negro,2020-04-02,0,0,0,0,,,,0.0
Aparecida do Rio Negro,2020-04-03,0,0,0,0,,,,0.0
Aparecida do Rio Negro,2020-04-04,0,0,0,0,,,,0.0
Aparecida do Rio Negro,2020-04-05,0,0,0,0,,,,0.0
Aparecida do Rio Negro,2020-04-06,0,0,0,0,,,,0.0
Aparecida do Rio Negro,2020-04-07,0,0,0,0,,,,0.0
Aparecida do Rio Negro,2020-04-08,0,0,0,0,,,,0.0
Aparecida do Rio Negro,2020-04-09,0,0,0,0,0.0,0.0,,0.0
Aparecida do Rio Negro,2020-04-10,0,0,0,0,0.0,0.0,,0.0
Aparecida do Rio Negro,2020-04-11,0,0,0,0,0.0,0.0,,0.0
Aparecida do Rio Negro,2020-04-12,0,0,0,0,0.0,0.0,,0.0
Aparecida do Rio Negro,2020-04-13,0,0,0,0,0.0,0.0,,0.0
Aparecida do Rio Negro,2020-04-14,0,0,0,0,0.0,0.0,,0.0
Aparecida do Rio Negro,2020-04-15,0,0,0,0,0.0,0.0,,0.0
Aparecida do Rio Negro,2020-04-16,0,0,0,0,0.0,0.0,,0.0
Aparecida do Rio Negro,2020-04-17,0,0,0,0,0.0,0.0,,0.0
Aparecida do Rio Negro,2020-04-18,0,0,0,0,0.0,0.0,,0.0
Aparecida do Rio Negro,2020-04-19,0,0,0,0,0.0,0.0,,0.0
Aparecida do Rio Negro,2020-04-20,0,0,0,0,0.0,0.0,,0.0
Aparecida do Rio Negro,2020-04-21,0,0,0,0,0.0,0.0,,0.0
Aparecida do Rio Negro,2020-04-22,0,0,0,0,0.0,0.0,,0.0
Aparecida do Rio Negro,2020-04-23,0,0,0,0,0.0,0.0,,0.0
Aparecida do Rio Negro,2020-04-24,0,0,0,0,0.0,0.0,,0.0
Aparecida do Rio Negro,2020-04-25,0,0,0,0,0.0,0.0,,0.0
Aparecida do Rio Negro,2020-04-26,0,0,0,0,0.0,0.0,,0.0
Aparecida do Rio Negro,2020-04-27,0,0,0,0,0.0,0.0,,0.0
Aparecida do Rio Negro,2020-04-28,0,0,0,0,0.0,0.0,,0.0
Aparecida do Rio Negro,2020-04-29,0,0,0,0,0.0,0.0,,0.0
Aparecida do Rio Negro,2020-04-30,0,0,0,0,0.0,0.0,,0.0
Aparecida do Rio Negro,2020-05-01,0,0,0,0,0.0,0.0,,0.0
Aparecida do Rio Negro,2020-05-02,0,0,0,0,0.0,0.0,,0.0
Aparecida do Rio Negro,2020-05-03,0,0,0,0,0.0,0.0,,0.0
Aparecida do Rio Negro,2020-05-04,0,0,0,0,0.0,0.0,,0.0
Aparecida do Rio Negro,2020-05-05,0,0,0,0,0.0,0.0,,0.0
Aparecida do Rio Negro,2020-05-06,0,0,0,0,0.0,0.0,,0.0
Aparecida do Rio Negro,2020-05-07,0,0,0,0,0.0,0.0,,0.0
Aparecida do Rio Negro,2020-05-08,0,0,0,0,0.0,0.0,,0.0
Aparecida do Rio Negro,2020-05-09,0,0,0,0,0.0,0.0,,0.0
Aparecida do Rio Negro,2020-05-10,0,0,0,0,0.0,0.0,,0.0
Aparecida do Rio Negro,2020-05-11,0,0,0,0,0.0,0.0,,0.0
Aparecida do Rio Negro,2020-05-12,0,0,0,0,0.0,0.0,,0.0
Aparecida do Rio Negro,2020-05-13,0,0,0,0,0.0,0.0,,0.0
Aparecida do Rio Negro,2020-05-14,0,0,0,0,0.0,0.0,,0.0
Aparecida do Rio Negro,2020-05-15,0,0,0,0,0.0,0.0,,0.0
Aparecida do Rio Negro,2020-05-16,0,0,0,0,0.0,0.0,,0.0
Aparecida do Rio Negro,2020-05-17,0,0,0,0,0.0,0.0,,0.0
Aparecida do Rio Negro,2020-05-18,0,0,0,0,0.0,0.0,,0.0
Aparecida do Rio Negro,2020-05-19,0,0,0,0,0.0,0.0,,0.0
Aparecida do Rio Negro,2020-05-20,0,0,0,0,0.0,0.0,,0.0
Aparecida do Rio Negro,2020-05-21,0,0,0,0,0.0,0.0,,0.0
Aparecida do Rio Negro,2020-05-22,0,0,0,0,0.0,0.0,,0.0
Aparecida do Rio Negro,2020-05-23,0,0,0,0,0.0,0.0,,0.0
Aparecida do Rio Negro,2020-05-24,0,0,0,0,0.0,0.0,,0.0
Aparecida do Rio Negro,2020-05-25,0,0,0,0,0.0,0.0,,0.0
Aparecida do Rio Negro,2020-05-26,0,0,0,0,0.0,0.0,,0.0
Aparecida do Rio Negro,2020-05-27,0,0,0,0,0.0,0.0,,0.0
Aparecida do Rio Negro,2020-05-28,0,0,0,0,0.0,0.0,,0.0
Aparecida do Rio Negro,2020-05-29,0,0,0,0,0.0,0.0,,0.0
Aparecida do Rio Negro,2020-05-30,0,0,0,0,0.0,0.0,,0.0
Aparecida do Rio Negro,2020-05-31,0,0,0,0,0.0,0.0,,0.0
Aparecida do Rio Negro,2020-06-01,0,0,0,0,0.0,0.0,,0.0
Aparecida do Rio Negro,2020-06-02,0,0,0,0,0.0,0.0,,0.0
Aparecida do Rio Negro,2020-06-03,0,0,0,0,0.0,0.0,,0.0
Aparecida do Rio Negro,2020-06-04,0,0,0,0,0.0,0.0,,0.0
Aparecida do Rio Negro,2020-06-05,0,0,0,0,0.0,0.0,,0.0
Aparecida do Rio Negro,2020-06-06,0,0,0,0,0.0,0.0,,0.0
Aparecida do Rio Negro,2020-06-07,0,0,0,0,0.0,0.0,,0.0
Aparecida do Rio Negro,2020-06-08,0,0,0,0,0.0,0.0,,0.0
Aparecida do Rio Negro,2020-06-09,0,0,0,0,0.0,0.0,,0.0
Aparecida do Rio Negro,2020-06-10,0,0,0,0,0.0,0.0,,0.0
Aparecida do Rio Negro,2020-06-11,0,0,0,0,0.0,0.0,,0.0
Aparecida do Rio Negro,2020-06-12,0,0,0,0,0.0,0.0,,0.0
Aparecida do Rio Negro,2020-06-13,0,0,0,0,0.0,0.0,,0.0
Aparecida do Rio Negro,2020-06-14,0,0,0,0,0.0,0.0,,0.0
Aparecida do Rio Negro,2020-06-15,0,0,0,0,0.0,0.0,,0.0
Aparecida do Rio Negro,2020-06-16,0,0,0,0,0.0,0.0,,0.0
Aparecida do Rio Negro,2020-06-17,0,0,0,0,0.0,0.0,,0.0
Aparecida do Rio Negro,2020-06-18,0,0,0,0,0.0,0.0,,0.0
Aparecida do Rio Negro,2020-06-19,0,0,0,0,0.0,0.0,,0.0
Aparecida do Rio Negro,2020-06-20,0,0,0,0,0.0,0.0,,0.0
Aparecida do Rio Negro,2020-06-21,0,0,0,0,0.0,0.0,,0.0
Aparecida do Rio Negro,2020-06-22,0,0,0,0,0.0,0.0,,0.0
Aparecida do Rio Negro,2020-06-23,0,0,0,0,0.0,0.0,,0.0
Aparecida do Rio Negro,2020-06-24,0,0,0,0,0.0,0.0,,0.0
Aparecida do Rio Negro,2020-06-25,0,0,0,0,0.0,0.0,,0.0
Aparecida do Rio Negro,2020-06-26,0,0,0,0,0.0,0.0,,0.0
Aparecida do Rio Negro,2020-06-27,0,0,0,0,0.0,0.0,,0.0
Aparecida do Rio Negro,2020-06-28,0,0,0,0,0.0,0.0,,0.0
Aparecida do Rio Negro,2020-06-29,0,0,0,0,0.0,0.0,,0.0
Aparecida do Rio Negro,2020-06-30,0,0,0,0,0.0,0.0,,0.0
Aparecida do Rio Negro,2020-07-01,1,1,0,0,0.07142857142857142,0.0,,0.0
Aparecida do Rio Negro,2020-07-02,1,0,0,0,0.07142857142857142,0.0,,0.0
Aparecida do Rio Negro,2020-07-03,1,0,0,0,0.07142857142857142,0.0,,0.0
Aparecida do Rio Negro,2020-07-04,1,0,0,0,0.07142857142857142,0.0,,0.0
Aparecida do Rio Negro,2020-07-05,1,0,0,0,0.07142857142857142,0.0,,0.0
Aparecida do Rio Negro,2020-07-06,2,1,0,0,0.14285714285714285,0.0,,0.3010299956639812
Aparecida do Rio Negro,2020-07-07,4,2,0,0,0.2857142857142857,0.0,,0.6020599913279624
Aparecida do Rio Negro,2020-07-08,4,0,0,0,0.2857142857142857,0.0,,0.6020599913279624
Aparecida do Rio Negro,2020-07-09,4,0,0,0,0.2857142857142857,0.0,,0.6020599913279624
Aparecida do Rio Negro,2020-07-10,4,0,0,0,0.2857142857142857,0.0,,0.6020599913279624
Aparecida do Rio Negro,2020-07-11,4,0,0,0,0.2857142857142857,0.0,,0.6020599913279624
Aparecida do Rio Negro,2020-07-12,4,0,0,0,0.2857142857142857,0.0,,0.6020599913279624
Aparecida do Rio Negro,2020-07-13,4,0,0,0,0.2857142857142857,0.0,,0.6020599913279624
Aparecida do Rio Negro,2020-07-14,4,0,0,0,0.2857142857142857,0.0,,0.6020599913279624
Aparecida do Rio Negro,2020-07-15,4,0,0,0,0.21428571428571427,0.0,,0.6020599913279624
Aparecida do Rio Negro,2020-07-16,5,1,0,0,0.2857142857142857,0.0,,0.6989700043360189
Aparecida do Rio Negro,2020-07-17,5,0,0,0,0.2857142857142857,0.0,,0.6989700043360189
Aparecida do Rio Negro,2020-07-18,5,0,0,0,0.2857142857142857,0.0,,0.6989700043360189
Aparecida do Rio Negro,2020-07-19,6,1,0,0,0.35714285714285715,0.0,,0.7781512503836436
Aparecida do Rio Negro,2020-07-20,6,0,0,0,0.2857142857142857,0.0,,0.7781512503836436
Aparecida do Rio Negro,2020-07-21,5,-1,0,0,0.07142857142857142,0.0,,0.6989700043360189
Aparecida do Rio Negro,2020-07-22,5,0,0,0,0.07142857142857142,0.0,,0.6989700043360189
Aparecida do Rio Negro,2020-07-23,7,2,0,0,0.21428571428571427,0.0,,0.8450980400142568
Aparecida do Rio Negro,2020-07-24,8,1,0,0,0.2857142857142857,0.0,,0.9030899869919435
Aparecida do Rio Negro,2020-07-25,10,2,0,0,0.42857142857142855,0.0,,1.0
Aparecida do Rio Negro,2020-07-26,10,0,0,0,0.42857142857142855,0.0,,1.0
Aparecida do Rio Negro,2020-07-27,11,1,0,0,0.5,0.0,,1.041392685158225
Aparecida do Rio Negro,2020-07-28,13,2,0,0,0.6428571428571429,0.0,,1.1139433523068367
Aparecida do Rio Negro,2020-07-29,14,1,0,0,0.7142857142857143,0.0,,1.146128035678238
Aparecida do Rio Negro,2020-07-30,14,0,0,0,0.6428571428571429,0.0,,1.146128035678238
Aparecida do Rio Negro,2020-07-31,14,0,0,0,0.6428571428571429,0.0,,1.146128035678238
Aparecida do Rio Negro,2020-08-01,14,0,0,0,0.6428571428571429,0.0,,1.146128035678238
Aparecida do Rio Negro,2020-08-02,14,0,0,0,0.5714285714285714,0.0,,1.146128035678238
Aparecida do Rio Negro,2020-08-03,14,0,0,0,0.5714285714285714,0.0,,1.146128035678238
Aparecida do Rio Negro,2020-08-04,14,0,0,0,0.6428571428571429,0.0,,1.146128035678238
Aparecida do Rio Negro,2020-08-05,14,0,0,0,0.6428571428571429,0.0,,1.146128035678238
Aparecida do Rio Negro,2020-08-06,14,0,0,0,0.5,0.0,,1.146128035678238
Aparecida do Rio Negro,2020-08-07,16,2,0,0,0.5714285714285714,0.0,,1.2041199826559248
Aparecida do Rio Negro,2020-08-08,17,1,0,0,0.5,0.0,,1.2304489213782739
Aparecida do Rio Negro,2020-08-09,17,0,0,0,0.5,0.0,,1.2304489213782739
Aparecida do Rio Negro,2020-08-10,17,0,0,0,0.42857142857142855,0.0,,1.2304489213782739
Aparecida do Rio Negro,2020-08-11,17,0,0,0,0.2857142857142857,0.0,,1.2304489213782739
Aparecida do Rio Negro,2020-08-12,17,0,0,0,0.21428571428571427,0.0,,1.2304489213782739
Aparecida do Rio Negro,2020-08-13,17,0,0,0,0.21428571428571427,0.0,,1.2304489213782739
Aparecida do Rio Negro,2020-08-14,15,-2,0,0,0.07142857142857142,0.0,,1.1760912590556813
Aparecida do Rio Negro,2020-08-15,15,0,0,0,0.07142857142857142,0.0,,1.1760912590556813
Aparecida do Rio Negro,2020-08-16,18,3,0,0,0.2857142857142857,0.0,,1.255272505103306
Aparecida do Rio Negro,2020-08-17,18,0,0,0,0.2857142857142857,0.0,,1.255272505103306
Aparecida do Rio Negro,2020-08-18,21,3,0,0,0.5,0.0,,1.3222192947339193
Aparecida do Rio Negro,2020-08-19,23,2,0,0,0.6428571428571429,0.0,,1.3617278360175928
Aparecida do Rio Negro,2020-08-20,24,1,0,0,0.7142857142857143,0.0,,1.380211241711606
Aparecida do Rio Negro,2020-08-21,25,1,0,0,0.6428571428571429,0.0,,1.3979400086720377
Aparecida do Rio Negro,2020-08-22,25,0,0,0,0.5714285714285714,0.0,,1.3979400086720377
Aparecida do Rio Negro,2020-08-23,25,0,0,0,0.5714285714285714,0.0,,1.3979400086720377
Aparecida do Rio Negro,2020-08-24,25,0,0,0,0.5714285714285714,0.0,,1.3979400086720377
Aparecida do Rio Negro,2020-08-25,26,1,0,0,0.6428571428571429,0.0,,1.414973347970818
Aparecida do Rio Negro,2020-08-26,31,5,0,0,1.0,0.0,,1.4913616938342726
Aparecida do Rio Negro,2020-08-27,31,0,0,0,1.0,0.0,,1.4913616938342726
Aparecida do Rio Negro,2020-08-28,36,5,0,0,1.5,0.0,,1.5563025007672873
Aparecida do Rio Negro,2020-08-29,36,0,0,0,1.5,0.0,,1.5563025007672873
Aparecida do Rio Negro,2020-08-30,36,0,0,0,1.2857142857142858,0.0,,1.5563025007672873
Aparecida do Rio Negro,2020-08-31,36,0,0,0,1.2857142857142858,0.0,,1.5563025007672873
Aparecida do Rio Negro,2020-09-01,36,0,0,0,1.0714285714285714,0.0,,1.5563025007672873
Aparecida do Rio Negro,2020-09-02,36,0,0,0,0.9285714285714286,0.0,,1.5563025007672873
Aparecida do Rio Negro,2020-09-03,36,0,0,0,0.8571428571428571,0.0,,1.5563025007672873
Aparecida do Rio Negro,2020-09-04,36,0,0,0,0.7857142857142857,0.0,,1.5563025007672873
Aparecida do Rio Negro,2020-09-05,36,0,0,0,0.7857142857142857,0.0,,1.5563025007672873
Aparecida do Rio Negro,2020-09-06,36,0,0,0,0.7857142857142857,0.0,,1.5563025007672873
Aparecida do Rio Negro,2020-09-07,36,0,0,0,0.7857142857142857,0.0,,1.5563025007672873
Aparecida do Rio Negro,2020-09-08,36,0,0,0,0.7142857142857143,0.0,,1.5563025007672873
Aparecida do Rio Negro,2020-09-09,36,0,0,0,0.35714285714285715,0.0,,1.5563025007672873
Aparecida do Rio Negro,2020-09-10,36,0,0,0,0.35714285714285715,0.0,,1.5563025007672873
Aparecida do Rio Negro,2020-09-11,36,0,0,0,0.0,0.0,,1.5563025007672873
Aparecida do Rio Negro,2020-09-12,39,3,0,0,0.21428571428571427,0.0,,1.591064607026499
Aparecida do Rio Negro,2020-09-13,39,0,0,0,0.21428571428571427,0.0,,1.591064607026499
Aparecida do Rio Negro,2020-09-14,41,2,0,0,0.35714285714285715,0.0,,1.6127838567197355
Aparecida do Rio Negro,2020-09-15,41,0,0,0,0.35714285714285715,0.0,,1.6127838567197355
Aparecida do Rio Negro,2020-09-16,41,0,0,0,0.35714285714285715,0.0,,1.6127838567197355
Aparecida do Rio Negro,2020-09-17,41,0,0,0,0.35714285714285715,0.0,,1.6127838567197355
Aparecida do Rio Negro,2020-09-18,43,2,0,0,0.5,0.0,,1.6334684555795866
Aparecida do Rio Negro,2020-09-19,44,1,0,0,0.5714285714285714,0.0,,1.6434526764861874
Aparecida do Rio Negro,2020-09-20,44,0,0,0,0.5714285714285714,0.0,,1.6434526764861874
Aparecida do Rio Negro,2020-09-21,44,0,0,0,0.5714285714285714,0.0,,1.6434526764861874
Aparecida do Rio Negro,2020-09-22,44,0,0,0,0.5714285714285714,0.0,,1.6434526764861874
Aparecida do Rio Negro,2020-09-23,44,0,0,0,0.5714285714285714,0.0,,1.6434526764861874
Aparecida do Rio Negro,2020-09-24,48,4,0,0,0.8571428571428571,0.0,,1.6812412373755872
Aparecida do Rio Negro,2020-09-25,48,0,0,0,0.8571428571428571,0.0,,1.6812412373755872
Aparecida do Rio Negro,2020-09-26,48,0,0,0,0.6428571428571429,0.0,,1.6812412373755872
Aparecida do Rio Negro,2020-09-27,48,0,0,0,0.6428571428571429,0.0,,1.6812412373755872
Aparecida do Rio Negro,2020-09-28,48,0,0,0,0.5,0.0,,1.6812412373755872
Aparecida do Rio Negro,2020-09-29,48,0,0,0,0.5,0.0,,1.6812412373755872
Aparecida do Rio Negro,2020-09-30,48,0,0,0,0.5,0.0,,1.6812412373755872
Aparecida do Rio Negro,2020-10-01,48,0,0,0,0.5,0.0,,1.6812412373755872
Aparecida do Rio Negro,2020-10-02,48,0,0,0,0.35714285714285715,0.0,,1.6812412373755872
Aparecida do Rio Negro,2020-10-03,48,0,0,0,0.2857142857142857,0.0,,1.6812412373755872
Aparecida do Rio Negro,2020-10-04,48,0,0,0,0.2857142857142857,0.0,,1.6812412373755872
Aparecida do Rio Negro,2020-10-05,48,0,0,0,0.2857142857142857,0.0,,1.6812412373755872
Aparecida do Rio Negro,2020-10-06,48,0,0,0,0.2857142857142857,0.0,,1.6812412373755872
Aparecida do Rio Negro,2020-10-07,48,0,0,0,0.2857142857142857,0.0,,1.6812412373755872
Aparecida do Rio Negro,2020-10-08,48,0,0,0,0.0,0.0,,1.6812412373755872
Aparecida do Rio Negro,2020-10-09,48,0,0,0,0.0,0.0,,1.6812412373755872
Aparecida do Rio Negro,2020-10-10,48,0,0,0,0.0,0.0,,1.6812412373755872
Aparecida do Rio Negro,2020-10-11,48,0,0,0,0.0,0.0,,1.6812412373755872
Aparecida do Rio Negro,2020-10-12,48,0,0,0,0.0,0.0,,1.6812412373755872
Aparecida do Rio Negro,2020-10-13,50,2,0,0,0.14285714285714285,0.0,,1.6989700043360187
Aparecida do Rio Negro,2020-10-14,50,0,0,0,0.14285714285714285,0.0,,1.6989700043360187
Aparecida do Rio Negro,2020-10-15,50,0,0,0,0.14285714285714285,0.0,,1.6989700043360187
Aparecida do Rio Negro,2020-10-16,52,2,0,0,0.2857142857142857,0.0,,1.7160033436347992
Aparecida do Rio Negro,2020-10-17,52,0,0,0,0.2857142857142857,0.0,,1.7160033436347992
Aparecida do Rio Negro,2020-10-18,52,0,0,0,0.2857142857142857,0.0,,1.7160033436347992
Aparecida do Rio Negro,2020-10-19,52,0,0,0,0.2857142857142857,0.0,,1.7160033436347992
Aparecida do Rio Negro,2020-10-20,53,1,0,0,0.35714285714285715,0.0,,1.7242758696007892
Aparecida do Rio Negro,2020-10-21,57,4,0,0,0.6428571428571429,0.0,,1.7558748556724915
Aparecida do Rio Negro,2020-10-22,57,0,0,0,0.6428571428571429,0.0,,1.7558748556724915
Aparecida do Rio Negro,2020-10-23,58,1,0,0,0.7142857142857143,0.0,,1.7634279935629373
Aparecida do Rio Negro,2020-10-24,58,0,0,0,0.7142857142857143,0.0,,1.7634279935629373
Aparecida do Rio Negro,2020-10-25,58,0,0,0,0.7142857142857143,0.0,,1.7634279935629373
Aparecida do Rio Negro,2020-10-26,58,0,0,0,0.7142857142857143,0.0,,1.7634279935629373
Aparecida do Rio Negro,2020-10-27,59,1,0,0,0.6428571428571429,0.0,,1.7708520116421442
Aparecida do Rio Negro,2020-10-28,60,1,0,0,0.7142857142857143,0.0,,1.7781512503836436
Aparecida do Rio Negro,2020-10-29,60,0,0,0,0.7142857142857143,0.0,,1.7781512503836436
Aparecida do Rio Negro,2020-10-30,60,0,0,0,0.5714285714285714,0.0,,1.7781512503836436
Aparecida do Rio Negro,2020-10-31,60,0,0,0,0.5714285714285714,0.0,,1.7781512503836436
Aparecida do Rio Negro,2020-11-01,60,0,0,0,0.5714285714285714,0.0,,1.7781512503836436
Aparecida do Rio Negro,2020-11-02,60,0,0,0,0.5714285714285714,0.0,,1.7781512503836436
Aparecida do Rio Negro,2020-11-03,60,0,0,0,0.5,0.0,,1.7781512503836436
Aparecida do Rio Negro,2020-11-04,60,0,0,0,0.21428571428571427,0.0,,1.7781512503836436
Aparecida do Rio Negro,2020-11-05,60,0,0,0,0.21428571428571427,0.0,,1.7781512503836436
Aparecida do Rio Negro,2020-11-06,61,1,0,0,0.21428571428571427,0.0,,1.7853298350107671
Aparecida do Rio Negro,2020-11-07,61,0,0,0,0.21428571428571427,0.0,,1.7853298350107671
Aparecida do Rio Negro,2020-11-08,61,0,0,0,0.21428571428571427,0.0,,1.7853298350107671
Aparecida do Rio Negro,2020-11-09,61,0,0,0,0.21428571428571427,0.0,,1.7853298350107671
Aparecida do Rio Negro,2020-11-10,61,0,0,0,0.14285714285714285,0.0,,1.7853298350107671
Aparecida do Rio Negro,2020-11-11,62,1,1,1,0.14285714285714285,0.07142857142857142,inf,1.792391689498254
Aparecida do Rio Negro,2020-11-12,64,2,1,0,0.2857142857142857,0.07142857142857142,inf,1.806179973983887
Aparecida do Rio Negro,2020-11-13,65,1,1,0,0.35714285714285715,0.07142857142857142,inf,1.8129133566428555
Aparecida do Rio Negro,2020-11-14,65,0,1,0,0.35714285714285715,0.07142857142857142,inf,1.8129133566428555
Aparecida do Rio Negro,2020-11-15,65,0,1,0,0.35714285714285715,0.07142857142857142,inf,1.8129133566428555
Aparecida do Rio Negro,2020-11-16,65,0,1,0,0.35714285714285715,0.07142857142857142,inf,1.8129133566428555
Aparecida do Rio Negro,2020-11-17,65,0,1,0,0.35714285714285715,0.07142857142857142,inf,1.8129133566428555
Aparecida do Rio Negro,2020-11-18,65,0,1,0,0.35714285714285715,0.07142857142857142,inf,1.8129133566428555
Aparecida do Rio Negro,2020-11-19,65,0,1,0,0.35714285714285715,0.07142857142857142,inf,1.8129133566428555
Aparecida do Rio Negro,2020-11-20,65,0,1,0,0.2857142857142857,0.07142857142857142,inf,1.8129133566428555
Aparecida do Rio Negro,2020-11-21,66,1,1,0,0.35714285714285715,0.07142857142857142,inf,1.8195439355418688
Aparecida do Rio Negro,2020-11-22,66,0,1,0,0.35714285714285715,0.07142857142857142,inf,1.8195439355418688
Aparecida do Rio Negro,2020-11-23,78,12,1,0,1.2142857142857142,0.07142857142857142,inf,1.8920946026904804
Aparecida do Rio Negro,2020-11-24,80,2,1,0,1.3571428571428572,0.07142857142857142,inf,1.9030899869919435
Aparecida do Rio Negro,2020-11-25,79,-1,1,0,1.2142857142857142,0.0,-1.0,1.8976270912904414
Aparecida do Rio Negro,2020-11-26,79,0,1,0,1.0714285714285714,0.0,-1.0,1.8976270912904414
Aparecida do Rio Negro,2020-11-27,82,3,1,0,1.2142857142857142,0.0,-1.0,1.9138138523837167
Aparecida do Rio Negro,2020-11-28,80,-2,1,0,1.0714285714285714,0.0,-1.0,1.9030899869919435
Aparecida do Rio Negro,2020-11-29,80,0,1,0,1.0714285714285714,0.0,-1.0,1.9030899869919435
Aparecida do Rio Negro,2020-11-30,81,1,2,1,1.1428571428571428,0.07142857142857142,0.0,1.9084850188786497
Aparecida do Rio Negro,2020-12-01,85,4,2,0,1.4285714285714286,0.07142857142857142,0.0,1.9294189257142929
Aparecida do Rio Negro,2020-12-02,88,3,2,0,1.6428571428571428,0.07142857142857142,0.0,1.9444826721501687
Aparecida do Rio Negro,2020-12-03,88,0,2,0,1.6428571428571428,0.07142857142857142,0.0,1.9444826721501687
Aparecida do Rio Negro,2020-12-04,88,0,2,0,1.6428571428571428,0.07142857142857142,0.0,1.9444826721501687
Aparecida do Rio Negro,2020-12-05,88,0,2,0,1.5714285714285714,0.07142857142857142,0.0,1.9444826721501687
Aparecida do Rio Negro,2020-12-06,88,0,2,0,1.5714285714285714,0.07142857142857142,0.0,1.9444826721501687
Aparecida do Rio Negro,2020-12-07,88,0,2,0,0.7142857142857143,0.07142857142857142,0.0,1.9444826721501687
Aparecida do Rio Negro,2020-12-08,88,0,2,0,0.5714285714285714,0.07142857142857142,0.0,1.9444826721501687
Aparecida do Rio Negro,2020-12-09,91,3,2,0,0.8571428571428571,0.07142857142857142,inf,1.9590413923210936
Aparecida do Rio Negro,2020-12-10,92,1,2,0,0.9285714285714286,0.07142857142857142,inf,1.9637878273455553
Aparecida do Rio Negro,2020-12-11,92,0,2,0,0.7142857142857143,0.07142857142857142,inf,1.9637878273455553
Aparecida do Rio Negro,2020-12-12,94,2,2,0,1.0,0.07142857142857142,inf,1.9731278535996986
Aparecida do Rio Negro,2020-12-13,94,0,2,0,1.0,0.07142857142857142,inf,1.9731278535996986
Aparecida do Rio Negro,2020-12-14,94,0,2,0,0.9285714285714286,0.0,-1.0,1.9731278535996986
Aparecida do Rio Negro,2020-12-15,95,1,2,0,0.7142857142857143,0.0,-1.0,1.9777236052888478
Aparecida do Rio Negro,2020-12-16,95,0,2,0,0.5,0.0,-1.0,1.9777236052888478
Aparecida do Rio Negro,2020-12-17,96,1,2,0,0.5714285714285714,0.0,-1.0,1.9822712330395684
Aparecida do Rio Negro,2020-12-18,96,0,2,0,0.5714285714285714,0.0,-1.0,1.9822712330395684
Aparecida do Rio Negro,2020-12-19,96,0,2,0,0.5714285714285714,0.0,-1.0,1.9822712330395684
Aparecida do Rio Negro,2020-12-20,96,0,2,0,0.5714285714285714,0.0,-1.0,1.9822712330395684
Aparecida do Rio Negro,2020-12-21,99,3,2,0,0.7857142857142857,0.0,-1.0,1.99563519459755
Aparecida do Rio Negro,2020-12-22,114,15,2,0,1.8571428571428572,0.0,-1.0,2.0569048513364727
Aparecida do Rio Negro,2020-12-23,114,0,2,0,1.6428571428571428,0.0,-1.0,2.0569048513364727
Aparecida do Rio Negro,2020-12-24,114,0,2,0,1.5714285714285714,0.0,-1.0,2.0569048513364727
Aparecida do Rio Negro,2020-12-25,114,0,2,0,1.5714285714285714,0.0,-1.0,2.0569048513364727
Aparecida do Rio Negro,2020-12-26,114,0,2,0,1.4285714285714286,0.0,-1.0,2.0569048513364727
Aparecida do Rio Negro,2020-12-27,114,0,2,0,1.4285714285714286,0.0,-1.0,2.0569048513364727
Aparecida do Rio Negro,2020-12-28,114,0,2,0,1.4285714285714286,0.0,,2.0569048513364727
Aparecida do Rio Negro,2020-12-29,114,0,2,0,1.3571428571428572,0.0,,2.0569048513364727
Aparecida do Rio Negro,2020-12-30,114,0,2,0,1.3571428571428572,0.0,,2.0569048513364727
Aparecida do Rio Negro,2020-12-31,114,0,2,0,1.2857142857142858,0.0,,2.0569048513364727
Aparecida do Rio Negro,2021-01-01,114,0,2,0,1.2857142857142858,0.0,,2.0569048513364727
Aparecida do Rio Negro,2021-01-02,114,0,2,0,1.2857142857142858,0.0,,2.0569048513364727
Aparecida do Rio Negro,2021-01-03,114,0,2,0,1.2857142857142858,0.0,,2.0569048513364727
Aparecida do Rio Negro,2021-01-04,114,0,2,0,1.0714285714285714,0.0,,2.0569048513364727
Aparecida do Rio Negro,2021-01-05,114,0,2,0,0.0,0.0,,2.0569048513364727
Aparecida do Rio Negro,2021-01-06,114,0,2,0,0.0,0.0,,2.0569048513364727
Aparecida do Rio Negro,2021-01-07,114,0,2,0,0.0,0.0,,2.0569048513364727
Aparecida do Rio Negro,2021-01-08,115,1,2,0,0.07142857142857142,0.0,,2.060697840353612
Aparecida do Rio Negro,2021-01-09,115,0,2,0,0.07142857142857142,0.0,,2.060697840353612
Aparecida do Rio Negro,2021-01-10,115,0,2,0,0.07142857142857142,0.0,,2.060697840353612
Aparecida do Rio Negro,2021-01-11,115,0,2,0,0.07142857142857142,0.0,,2.060697840353612
Aparecida do Rio Negro,2021-01-12,121,6,2,0,0.5,0.0,,2.08278537031645
Aparecida do Rio Negro,2021-01-13,123,2,2,0,0.6428571428571429,0.0,,2.089905111439398
Aparecida do Rio Negro,2021-01-14,128,5,2,0,1.0,0.0,,2.1072099696478683
Aparecida do Rio Negro,2021-01-15,128,0,2,0,1.0,0.0,,2.1072099696478683
Aparecida do Rio Negro,2021-01-16,133,5,2,0,1.3571428571428572,0.0,,2.123851640967086
Aparecida do Rio Negro,2021-01-17,133,0,2,0,1.3571428571428572,0.0,,2.123851640967086
Aparecida do Rio Negro,2021-01-18,133,0,2,0,1.3571428571428572,0.0,,2.123851640967086
Aparecida do Rio Negro,2021-01-19,133,0,2,0,1.3571428571428572,0.0,,2.123851640967086
Aparecida do Rio Negro,2021-01-20,133,0,2,0,1.3571428571428572,0.0,,2.123851640967086
Aragominas,2020-03-27,0,0,0,0,,,,0.0
Aragominas,2020-03-28,0,0,0,0,,,,0.0
Aragominas,2020-03-29,0,0,0,0,,,,0.0
Aragominas,2020-03-30,0,0,0,0,,,,0.0
Aragominas,2020-03-31,0,0,0,0,,,,0.0
Aragominas,2020-04-01,0,0,0,0,,,,0.0
Aragominas,2020-04-02,0,0,0,0,,,,0.0
Aragominas,2020-04-03,0,0,0,0,,,,0.0
Aragominas,2020-04-04,0,0,0,0,,,,0.0
Aragominas,2020-04-05,0,0,0,0,,,,0.0
Aragominas,2020-04-06,0,0,0,0,,,,0.0
Aragominas,2020-04-07,0,0,0,0,,,,0.0
Aragominas,2020-04-08,0,0,0,0,,,,0.0
Aragominas,2020-04-09,0,0,0,0,0.0,0.0,,0.0
Aragominas,2020-04-10,0,0,0,0,0.0,0.0,,0.0
Aragominas,2020-04-11,0,0,0,0,0.0,0.0,,0.0
Aragominas,2020-04-12,0,0,0,0,0.0,0.0,,0.0
Aragominas,2020-04-13,0,0,0,0,0.0,0.0,,0.0
Aragominas,2020-04-14,0,0,0,0,0.0,0.0,,0.0
Aragominas,2020-04-15,0,0,0,0,0.0,0.0,,0.0
Aragominas,2020-04-16,0,0,0,0,0.0,0.0,,0.0
Aragominas,2020-04-17,0,0,0,0,0.0,0.0,,0.0
Aragominas,2020-04-18,0,0,0,0,0.0,0.0,,0.0
Aragominas,2020-04-19,0,0,0,0,0.0,0.0,,0.0
Aragominas,2020-04-20,0,0,0,0,0.0,0.0,,0.0
Aragominas,2020-04-21,0,0,0,0,0.0,0.0,,0.0
Aragominas,2020-04-22,0,0,0,0,0.0,0.0,,0.0
Aragominas,2020-04-23,0,0,0,0,0.0,0.0,,0.0
Aragominas,2020-04-24,0,0,0,0,0.0,0.0,,0.0
Aragominas,2020-04-25,0,0,0,0,0.0,0.0,,0.0
Aragominas,2020-04-26,0,0,0,0,0.0,0.0,,0.0
Aragominas,2020-04-27,0,0,0,0,0.0,0.0,,0.0
Aragominas,2020-04-28,0,0,0,0,0.0,0.0,,0.0
Aragominas,2020-04-29,0,0,0,0,0.0,0.0,,0.0
Aragominas,2020-04-30,0,0,0,0,0.0,0.0,,0.0
Aragominas,2020-05-01,0,0,0,0,0.0,0.0,,0.0
Aragominas,2020-05-02,0,0,0,0,0.0,0.0,,0.0
Aragominas,2020-05-03,0,0,0,0,0.0,0.0,,0.0
Aragominas,2020-05-04,0,0,0,0,0.0,0.0,,0.0
Aragominas,2020-05-05,0,0,0,0,0.0,0.0,,0.0
Aragominas,2020-05-06,0,0,0,0,0.0,0.0,,0.0
Aragominas,2020-05-07,0,0,0,0,0.0,0.0,,0.0
Aragominas,2020-05-08,0,0,0,0,0.0,0.0,,0.0
Aragominas,2020-05-09,0,0,0,0,0.0,0.0,,0.0
Aragominas,2020-05-10,0,0,0,0,0.0,0.0,,0.0
Aragominas,2020-05-11,0,0,0,0,0.0,0.0,,0.0
Aragominas,2020-05-12,0,0,0,0,0.0,0.0,,0.0
Aragominas,2020-05-13,0,0,0,0,0.0,0.0,,0.0
Aragominas,2020-05-14,0,0,0,0,0.0,0.0,,0.0
Aragominas,2020-05-15,1,1,0,0,0.07142857142857142,0.0,,0.0
Aragominas,2020-05-16,1,0,0,0,0.07142857142857142,0.0,,0.0
Aragominas,2020-05-17,1,0,0,0,0.07142857142857142,0.0,,0.0
Aragominas,2020-05-18,3,2,0,0,0.21428571428571427,0.0,,0.47712125471966244
Aragominas,2020-05-19,3,0,0,0,0.21428571428571427,0.0,,0.47712125471966244
Aragominas,2020-05-20,3,0,0,0,0.21428571428571427,0.0,,0.47712125471966244
Aragominas,2020-05-21,4,1,0,0,0.2857142857142857,0.0,,0.6020599913279624
Aragominas,2020-05-22,3,-1,0,0,0.21428571428571427,0.0,,0.47712125471966244
Aragominas,2020-05-23,3,0,0,0,0.21428571428571427,0.0,,0.47712125471966244
Aragominas,2020-05-24,3,0,0,0,0.21428571428571427,0.0,,0.47712125471966244
Aragominas,2020-05-25,3,0,0,0,0.21428571428571427,0.0,,0.47712125471966244
Aragominas,2020-05-26,3,0,0,0,0.21428571428571427,0.0,,0.47712125471966244
Aragominas,2020-05-27,3,0,0,0,0.21428571428571427,0.0,,0.47712125471966244
Aragominas,2020-05-28,3,0,0,0,0.21428571428571427,0.0,,0.47712125471966244
Aragominas,2020-05-29,5,2,0,0,0.2857142857142857,0.0,,0.6989700043360189
Aragominas,2020-05-30,7,2,0,0,0.42857142857142855,0.0,,0.8450980400142568
Aragominas,2020-05-31,13,6,0,0,0.8571428571428571,0.0,,1.1139433523068367
Aragominas,2020-06-01,14,1,0,0,0.7857142857142857,0.0,,1.146128035678238
Aragominas,2020-06-02,14,0,0,0,0.7857142857142857,0.0,,1.146128035678238
Aragominas,2020-06-03,14,0,0,0,0.7857142857142857,0.0,,1.146128035678238
Aragominas,2020-06-04,15,1,0,0,0.7857142857142857,0.0,,1.1760912590556813
Aragominas,2020-06-05,23,8,0,0,1.4285714285714286,0.0,,1.3617278360175928
Aragominas,2020-06-06,23,0,0,0,1.4285714285714286,0.0,,1.3617278360175928
Aragominas,2020-06-07,23,0,0,0,1.4285714285714286,0.0,,1.3617278360175928
Aragominas,2020-06-08,24,1,0,0,1.5,0.0,,1.380211241711606
Aragominas,2020-06-09,26,2,0,0,1.6428571428571428,0.0,,1.414973347970818
Aragominas,2020-06-10,29,3,0,0,1.8571428571428572,0.0,,1.462397997898956
Aragominas,2020-06-11,29,0,0,0,1.8571428571428572,0.0,,1.462397997898956
Aragominas,2020-06-12,31,2,0,0,1.8571428571428572,0.0,,1.4913616938342726
Aragominas,2020-06-13,31,0,0,0,1.7142857142857142,0.0,,1.4913616938342726
Aragominas,2020-06-14,31,0,0,0,1.2857142857142858,0.0,,1.4913616938342726
Aragominas,2020-06-15,32,1,0,0,1.2857142857142858,0.0,,1.505149978319906
Aragominas,2020-06-16,32,0,0,0,1.2857142857142858,0.0,,1.505149978319906
Aragominas,2020-06-17,32,0,0,0,1.2857142857142858,0.0,,1.505149978319906
Aragominas,2020-06-18,32,0,0,0,1.2142857142857142,0.0,,1.505149978319906
Aragominas,2020-06-19,32,0,0,0,0.6428571428571429,0.0,,1.505149978319906
Aragominas,2020-06-20,33,1,0,0,0.7142857142857143,0.0,,1.5185139398778875
Aragominas,2020-06-21,33,0,0,0,0.7142857142857143,0.0,,1.5185139398778875
Aragominas,2020-06-22,33,0,0,0,0.6428571428571429,0.0,,1.5185139398778875
Aragominas,2020-06-23,33,0,0,0,0.5,0.0,,1.5185139398778875
Aragominas,2020-06-24,33,0,0,0,0.2857142857142857,0.0,,1.5185139398778875
Aragominas,2020-06-25,33,0,0,0,0.2857142857142857,0.0,,1.5185139398778875
Aragominas,2020-06-26,34,1,0,0,0.21428571428571427,0.0,,1.5314789170422551
Aragominas,2020-06-27,37,3,0,0,0.42857142857142855,0.0,,1.568201724066995
Aragominas,2020-06-28,37,0,0,0,0.42857142857142855,0.0,,1.568201724066995
Aragominas,2020-06-29,39,2,0,0,0.5,0.0,,1.591064607026499
Aragominas,2020-06-30,39,0,0,0,0.5,0.0,,1.591064607026499
Aragominas,2020-07-01,39,0,0,0,0.5,0.0,,1.591064607026499
Aragominas,2020-07-02,39,0,0,0,0.5,0.0,,1.591064607026499
Aragominas,2020-07-03,40,1,0,0,0.5714285714285714,0.0,,1.6020599913279625
Aragominas,2020-07-04,41,1,0,0,0.5714285714285714,0.0,,1.6127838567197355
Aragominas,2020-07-05,41,0,0,0,0.5714285714285714,0.0,,1.6127838567197355
Aragominas,2020-07-06,41,0,0,0,0.5714285714285714,0.0,,1.6127838567197355
Aragominas,2020-07-07,42,1,0,0,0.6428571428571429,0.0,,1.6232492903979006
Aragominas,2020-07-08,42,0,0,0,0.6428571428571429,0.0,,1.6232492903979006
Aragominas,2020-07-09,42,0,0,0,0.6428571428571429,0.0,,1.6232492903979006
Aragominas,2020-07-10,42,0,0,0,0.5714285714285714,0.0,,1.6232492903979006
Aragominas,2020-07-11,45,3,0,0,0.5714285714285714,0.0,,1.6532125137753437
Aragominas,2020-07-12,45,0,0,0,0.5714285714285714,0.0,,1.6532125137753437
Aragominas,2020-07-13,48,3,0,0,0.6428571428571429,0.0,,1.6812412373755872
Aragominas,2020-07-14,48,0,0,0,0.6428571428571429,0.0,,1.6812412373755872
Aragominas,2020-07-15,47,-1,0,0,0.5714285714285714,0.0,,1.6720978579357175
Aragominas,2020-07-16,49,2,0,0,0.7142857142857143,0.0,,1.6901960800285136
Aragominas,2020-07-17,49,0,1,1,0.6428571428571429,0.07142857142857142,inf,1.6901960800285136
Aragominas,2020-07-18,51,2,2,1,0.7142857142857143,0.14285714285714285,inf,1.7075701760979363
Aragominas,2020-07-19,51,0,2,0,0.7142857142857143,0.14285714285714285,inf,1.7075701760979363
Aragominas,2020-07-20,51,0,2,0,0.7142857142857143,0.14285714285714285,inf,1.7075701760979363
Aragominas,2020-07-21,51,0,2,0,0.6428571428571429,0.14285714285714285,inf,1.7075701760979363
Aragominas,2020-07-22,51,0,2,0,0.6428571428571429,0.14285714285714285,inf,1.7075701760979363
Aragominas,2020-07-23,53,2,2,0,0.7857142857142857,0.14285714285714285,inf,1.7242758696007892
Aragominas,2020-07-24,54,1,2,0,0.8571428571428571,0.14285714285714285,inf,1.7323937598229686
Aragominas,2020-07-25,55,1,2,0,0.7142857142857143,0.14285714285714285,inf,1.7403626894942439
Aragominas,2020-07-26,55,0,2,0,0.7142857142857143,0.14285714285714285,inf,1.7403626894942439
Aragominas,2020-07-27,55,0,2,0,0.5,0.14285714285714285,inf,1.7403626894942439
Aragominas,2020-07-28,56,1,2,0,0.5714285714285714,0.14285714285714285,inf,1.7481880270062005
Aragominas,2020-07-29,56,0,2,0,0.6428571428571429,0.14285714285714285,inf,1.7481880270062005
Aragominas,2020-07-30,57,1,2,0,0.5714285714285714,0.14285714285714285,inf,1.7558748556724915
Aragominas,2020-07-31,57,0,2,0,0.5714285714285714,0.07142857142857142,0.0,1.7558748556724915
Aragominas,2020-08-01,58,1,2,0,0.5,0.0,-1.0,1.7634279935629373
Aragominas,2020-08-02,65,7,2,0,1.0,0.0,-1.0,1.8129133566428555
Aragominas,2020-08-03,66,1,2,0,1.0714285714285714,0.0,-1.0,1.8195439355418688
Aragominas,2020-08-04,67,1,2,0,1.1428571428571428,0.0,-1.0,1.8260748027008264
Aragominas,2020-08-05,67,0,2,0,1.1428571428571428,0.0,-1.0,1.8260748027008264
Aragominas,2020-08-06,66,-1,2,0,0.9285714285714286,0.0,-1.0,1.8195439355418688
Aragominas,2020-08-07,66,0,2,0,0.8571428571428571,0.0,-1.0,1.8195439355418688
Aragominas,2020-08-08,67,1,2,0,0.8571428571428571,0.0,-1.0,1.8260748027008264
Aragominas,2020-08-09,69,2,2,0,1.0,0.0,-1.0,1.8388490907372552
Aragominas,2020-08-10,72,3,2,0,1.2142857142857142,0.0,-1.0,1.8573324964312685
Aragominas,2020-08-11,74,2,2,0,1.2857142857142858,0.0,-1.0,1.8692317197309762
Aragominas,2020-08-12,74,0,2,0,1.2857142857142858,0.0,-1.0,1.8692317197309762
Aragominas,2020-08-13,77,3,2,0,1.4285714285714286,0.0,-1.0,1.8864907251724818
Aragominas,2020-08-14,83,6,2,0,1.8571428571428572,0.0,-1.0,1.919078092376074
Aragominas,2020-08-15,85,2,2,0,1.9285714285714286,0.0,,1.9294189257142929
Aragominas,2020-08-16,87,2,2,0,1.5714285714285714,0.0,,1.9395192526186185
Aragominas,2020-08-17,87,0,2,0,1.5,0.0,,1.9395192526186185
Aragominas,2020-08-18,88,1,2,0,1.5,0.0,,1.9444826721501687
Aragominas,2020-08-19,88,0,2,0,1.5,0.0,,1.9444826721501687
Aragominas,2020-08-20,92,4,2,0,1.8571428571428572,0.0,,1.9637878273455553
Aragominas,2020-08-21,93,1,2,0,1.9285714285714286,0.0,,1.968482948553935
Aragominas,2020-08-22,94,1,2,0,1.9285714285714286,0.0,,1.9731278535996986
Aragominas,2020-08-23,95,1,2,0,1.8571428571428572,0.0,,1.9777236052888478
Aragominas,2020-08-24,104,9,2,0,2.2857142857142856,0.0,,2.0170333392987803
Aragominas,2020-08-25,104,0,2,0,2.142857142857143,0.0,,2.0170333392987803
Aragominas,2020-08-26,103,-1,2,0,2.0714285714285716,0.0,,2.012837224705172
Aragominas,2020-08-27,111,8,2,0,2.4285714285714284,0.0,,2.0453229787866576
Aragominas,2020-08-28,114,3,2,0,2.2142857142857144,0.0,,2.0569048513364727
Aragominas,2020-08-29,115,1,2,0,2.142857142857143,0.0,,2.060697840353612
Aragominas,2020-08-30,115,0,2,0,2.0,0.0,,2.060697840353612
Aragominas,2020-08-31,115,0,2,0,2.0,0.0,,2.060697840353612
Aragominas,2020-09-01,119,4,2,0,2.2142857142857144,0.0,,2.075546961392531
Aragominas,2020-09-02,118,-1,2,0,2.142857142857143,0.0,,2.0718820073061255
Aragominas,2020-09-03,130,12,2,0,2.7142857142857144,0.0,,2.113943352306837
Aragominas,2020-09-04,143,13,2,0,3.5714285714285716,0.0,,2.155336037465062
Aragominas,2020-09-05,156,13,2,0,4.428571428571429,0.0,,2.1931245983544616
Aragominas,2020-09-06,155,-1,2,0,4.285714285714286,0.0,,2.1903316981702914
Aragominas,2020-09-07,155,0,2,0,3.642857142857143,0.0,,2.1903316981702914
Aragominas,2020-09-08,155,0,2,0,3.642857142857143,0.0,,2.1903316981702914
Aragominas,2020-09-09,164,9,2,0,4.357142857142857,0.0,,2.214843848047698
Aragominas,2020-09-10,168,4,2,0,4.071428571428571,0.0,,2.225309281725863
Aragominas,2020-09-11,169,1,2,0,3.9285714285714284,0.0,,2.2278867046136734
Aragominas,2020-09-12,171,2,2,0,4.0,0.0,,2.2329961103921536
Aragominas,2020-09-13,172,1,2,0,4.071428571428571,0.0,,2.2355284469075487
Aragominas,2020-09-14,172,0,2,0,4.071428571428571,0.0,,2.2355284469075487
Aragominas,2020-09-15,180,8,2,0,4.357142857142857,0.0,,2.255272505103306
Aragominas,2020-09-16,180,0,2,0,4.428571428571429,0.0,,2.255272505103306
Aragominas,2020-09-17,180,0,2,0,3.5714285714285716,0.0,,2.255272505103306
Aragominas,2020-09-18,180,0,2,0,2.642857142857143,0.0,,2.255272505103306
Aragominas,2020-09-19,189,9,2,0,2.357142857142857,0.0,,2.2764618041732443
Aragominas,2020-09-20,189,0,2,0,2.4285714285714284,0.0,,2.2764618041732443
Aragominas,2020-09-21,189,0,2,0,2.4285714285714284,0.0,,2.2764618041732443
Aragominas,2020-09-22,191,2,2,0,2.5714285714285716,0.0,,2.2810333672477277
Aragominas,2020-09-23,194,3,2,0,2.142857142857143,0.0,,2.287801729930226
Aragominas,2020-09-24,195,1,2,0,1.9285714285714286,0.0,,2.290034611362518
Aragominas,2020-09-25,196,1,2,0,1.9285714285714286,0.0,,2.292256071356476
Aragominas,2020-09-26,197,1,2,0,1.8571428571428572,0.0,,2.294466226161593
Aragominas,2020-09-27,198,1,2,0,1.8571428571428572,0.0,,2.296665190261531
Aragominas,2020-09-28,198,0,2,0,1.8571428571428572,0.0,,2.296665190261531
Aragominas,2020-09-29,198,0,2,0,1.2857142857142858,0.0,,2.296665190261531
Aragominas,2020-09-30,198,0,2,0,1.2857142857142858,0.0,,2.296665190261531
Aragominas,2020-10-01,198,0,2,0,1.2857142857142858,0.0,,2.296665190261531
Aragominas,2020-10-02,197,-1,2,0,1.2142857142857142,0.0,,2.294466226161593
Aragominas,2020-10-03,202,5,3,1,0.9285714285714286,0.07142857142857142,inf,2.305351369446624
Aragominas,2020-10-04,202,0,3,0,0.9285714285714286,0.07142857142857142,inf,2.305351369446624
Aragominas,2020-10-05,202,0,3,0,0.9285714285714286,0.07142857142857142,inf,2.305351369446624
Aragominas,2020-10-06,204,2,3,0,0.9285714285714286,0.07142857142857142,inf,2.3096301674258988
Aragominas,2020-10-07,202,-2,3,0,0.5714285714285714,0.07142857142857142,inf,2.305351369446624
Aragominas,2020-10-08,202,0,3,0,0.5,0.07142857142857142,inf,2.305351369446624
Aragominas,2020-10-09,204,2,3,0,0.5714285714285714,0.07142857142857142,inf,2.3096301674258988
Aragominas,2020-10-10,204,0,3,0,0.5,0.07142857142857142,inf,2.3096301674258988
Aragominas,2020-10-11,204,0,3,0,0.42857142857142855,0.07142857142857142,inf,2.3096301674258988
Aragominas,2020-10-12,204,0,3,0,0.42857142857142855,0.07142857142857142,inf,2.3096301674258988
Aragominas,2020-10-13,207,3,3,0,0.6428571428571429,0.07142857142857142,inf,2.315970345456918
Aragominas,2020-10-14,207,0,3,0,0.6428571428571429,0.07142857142857142,inf,2.315970345456918
Aragominas,2020-10-15,209,2,3,0,0.7857142857142857,0.07142857142857142,inf,2.320146286111054
Aragominas,2020-10-16,210,1,3,0,0.9285714285714286,0.07142857142857142,inf,2.322219294733919
Aragominas,2020-10-17,211,1,3,0,0.6428571428571429,0.0,-1.0,2.3242824552976926
Aragominas,2020-10-18,211,0,3,0,0.6428571428571429,0.0,-1.0,2.3242824552976926
Aragominas,2020-10-19,211,0,3,0,0.6428571428571429,0.0,-1.0,2.3242824552976926
Aragominas,2020-10-20,211,0,3,0,0.5,0.0,-1.0,2.3242824552976926
Aragominas,2020-10-21,211,0,3,0,0.6428571428571429,0.0,-1.0,2.3242824552976926
Aragominas,2020-10-22,214,3,3,0,0.8571428571428571,0.0,-1.0,2.330413773349191
Aragominas,2020-10-23,214,0,3,0,0.7142857142857143,0.0,-1.0,2.330413773349191
Aragominas,2020-10-24,218,4,3,0,1.0,0.0,-1.0,2.3384564936046046
Aragominas,2020-10-25,218,0,3,0,1.0,0.0,-1.0,2.3384564936046046
Aragominas,2020-10-26,218,0,3,0,1.0,0.0,-1.0,2.3384564936046046
Aragominas,2020-10-27,219,1,3,0,0.8571428571428571,0.0,-1.0,2.3404441148401185
Aragominas,2020-10-28,220,1,3,0,0.9285714285714286,0.0,-1.0,2.342422680822206
Aragominas,2020-10-29,223,3,3,0,1.0,0.0,-1.0,2.3483048630481607
Aragominas,2020-10-30,225,2,3,0,1.0714285714285714,0.0,-1.0,2.3521825181113627
Aragominas,2020-10-31,225,0,3,0,1.0,0.0,,2.3521825181113627
Aragominas,2020-11-01,225,0,3,0,1.0,0.0,,2.3521825181113627
Aragominas,2020-11-02,225,0,3,0,1.0,0.0,,2.3521825181113627
Aragominas,2020-11-03,225,0,3,0,1.0,0.0,,2.3521825181113627
Aragominas,2020-11-04,226,1,3,0,1.0714285714285714,0.0,,2.3541084391474008
Aragominas,2020-11-05,226,0,3,0,0.8571428571428571,0.0,,2.3541084391474008
Aragominas,2020-11-06,226,0,3,0,0.8571428571428571,0.0,,2.3541084391474008
Aragominas,2020-11-07,230,4,3,0,0.8571428571428571,0.0,,2.361727836017593
Aragominas,2020-11-08,230,0,3,0,0.8571428571428571,0.0,,2.361727836017593
Aragominas,2020-11-09,230,0,3,0,0.8571428571428571,0.0,,2.361727836017593
Aragominas,2020-11-10,232,2,3,0,0.9285714285714286,0.0,,2.3654879848909
Aragominas,2020-11-11,232,0,3,0,0.8571428571428571,0.0,,2.3654879848909
Aragominas,2020-11-12,232,0,3,0,0.6428571428571429,0.0,,2.3654879848909
Aragominas,2020-11-13,232,0,3,0,0.5,0.0,,2.3654879848909
Aragominas,2020-11-14,232,0,3,0,0.5,0.0,,2.3654879848909
Aragominas,2020-11-15,232,0,3,0,0.5,0.0,,2.3654879848909
Aragominas,2020-11-16,232,0,3,0,0.5,0.0,,2.3654879848909
Aragominas,2020-11-17,232,0,3,0,0.5,0.0,,2.3654879848909
Aragominas,2020-11-18,232,0,3,0,0.42857142857142855,0.0,,2.3654879848909
Aragominas,2020-11-19,232,0,3,0,0.42857142857142855,0.0,,2.3654879848909
Aragominas,2020-11-20,232,0,3,0,0.42857142857142855,0.0,,2.3654879848909
Aragominas,2020-11-21,234,2,3,0,0.2857142857142857,0.0,,2.369215857410143
Aragominas,2020-11-22,234,0,3,0,0.2857142857142857,0.0,,2.369215857410143
Aragominas,2020-11-23,234,0,3,0,0.2857142857142857,0.0,,2.369215857410143
Aragominas,2020-11-24,235,1,3,0,0.21428571428571427,0.0,,2.3710678622717363
Aragominas,2020-11-25,235,0,3,0,0.21428571428571427,0.0,,2.3710678622717363
Aragominas,2020-11-26,235,0,3,0,0.21428571428571427,0.0,,2.3710678622717363
Aragominas,2020-11-27,235,0,3,0,0.21428571428571427,0.0,,2.3710678622717363
Aragominas,2020-11-28,236,1,3,0,0.2857142857142857,0.0,,2.3729120029701067
Aragominas,2020-11-29,236,0,3,0,0.2857142857142857,0.0,,2.3729120029701067
Aragominas,2020-11-30,237,1,3,0,0.35714285714285715,0.0,,2.374748346010104
Aragominas,2020-12-01,237,0,3,0,0.35714285714285715,0.0,,2.374748346010104
Aragominas,2020-12-02,239,2,3,0,0.5,0.0,,2.3783979009481375
Aragominas,2020-12-03,248,9,3,0,1.1428571428571428,0.0,,2.3944516808262164
Aragominas,2020-12-04,248,0,3,0,1.1428571428571428,0.0,,2.3944516808262164
Aragominas,2020-12-05,257,9,3,0,1.6428571428571428,0.0,,2.4099331233312946
Aragominas,2020-12-06,257,0,3,0,1.6428571428571428,0.0,,2.4099331233312946
Aragominas,2020-12-07,257,0,3,0,1.6428571428571428,0.0,,2.4099331233312946
Aragominas,2020-12-08,275,18,4,1,2.857142857142857,0.07142857142857142,inf,2.439332693830263
Aragominas,2020-12-09,279,4,5,1,3.142857142857143,0.14285714285714285,inf,2.4456042032735974
Aragominas,2020-12-10,286,7,5,0,3.642857142857143,0.14285714285714285,inf,2.456366033129043
Aragominas,2020-12-11,293,7,5,0,4.142857142857143,0.14285714285714285,inf,2.4668676203541096
Aragominas,2020-12-12,294,1,5,0,4.142857142857143,0.14285714285714285,inf,2.4683473304121573
Aragominas,2020-12-13,294,0,5,0,4.142857142857143,0.14285714285714285,inf,2.4683473304121573
Aragominas,2020-12-14,294,0,5,0,4.071428571428571,0.14285714285714285,inf,2.4683473304121573
Aragominas,2020-12-15,298,4,5,0,4.357142857142857,0.14285714285714285,inf,2.4742162640762553
Aragominas,2020-12-16,303,5,5,0,4.571428571428571,0.14285714285714285,inf,2.481442628502305
Aragominas,2020-12-17,303,0,5,0,3.9285714285714284,0.14285714285714285,inf,2.481442628502305
Aragominas,2020-12-18,305,2,5,0,4.071428571428571,0.14285714285714285,inf,2.484299839346786
Aragominas,2020-12-19,307,2,5,0,3.5714285714285716,0.14285714285714285,inf,2.4871383754771865
Aragominas,2020-12-20,307,0,5,0,3.5714285714285716,0.14285714285714285,inf,2.4871383754771865
Aragominas,2020-12-21,307,0,5,0,3.5714285714285716,0.14285714285714285,inf,2.4871383754771865
Aragominas,2020-12-22,309,2,5,0,2.4285714285714284,0.07142857142857142,0.0,2.4899584794248346
Aragominas,2020-12-23,310,1,5,0,2.2142857142857144,0.0,-1.0,2.4913616938342726
Aragominas,2020-12-24,310,0,5,0,1.7142857142857142,0.0,-1.0,2.4913616938342726
Aragominas,2020-12-25,310,0,5,0,1.2142857142857142,0.0,-1.0,2.4913616938342726
Aragominas,2020-12-26,310,0,5,0,1.1428571428571428,0.0,-1.0,2.4913616938342726
Aragominas,2020-12-27,311,1,5,0,1.2142857142857142,0.0,-1.0,2.4927603890268375
Aragominas,2020-12-28,311,0,5,0,1.2142857142857142,0.0,-1.0,2.4927603890268375
Aragominas,2020-12-29,314,3,5,0,1.1428571428571428,0.0,-1.0,2.496929648073215
Aragominas,2020-12-30,315,1,5,0,0.8571428571428571,0.0,-1.0,2.4983105537896004
Aragominas,2020-12-31,317,2,5,0,1.0,0.0,-1.0,2.5010592622177517
Aragominas,2021-01-01,318,1,6,1,0.9285714285714286,0.07142857142857142,-0.5,2.5024271199844326
Aragominas,2021-01-02,318,0,6,0,0.7857142857142857,0.07142857142857142,-0.5,2.5024271199844326
Aragominas,2021-01-03,319,1,7,1,0.8571428571428571,0.14285714285714285,0.0,2.503790683057181
Aragominas,2021-01-04,319,0,7,0,0.8571428571428571,0.14285714285714285,0.0,2.503790683057181
Aragominas,2021-01-05,322,3,7,0,0.9285714285714286,0.14285714285714285,1.0,2.507855871695831
Aragominas,2021-01-06,323,1,7,0,0.9285714285714286,0.14285714285714285,inf,2.509202522331103
Aragominas,2021-01-07,326,3,7,0,1.1428571428571428,0.14285714285714285,inf,2.513217600067939
Aragominas,2021-01-08,330,4,7,0,1.4285714285714286,0.14285714285714285,inf,2.5185139398778875
Aragominas,2021-01-09,330,0,7,0,1.4285714285714286,0.14285714285714285,inf,2.5185139398778875
Aragominas,2021-01-10,330,0,7,0,1.3571428571428572,0.14285714285714285,inf,2.5185139398778875
Aragominas,2021-01-11,333,3,7,0,1.5714285714285714,0.14285714285714285,inf,2.5224442335063197
Aragominas,2021-01-12,333,0,7,0,1.3571428571428572,0.14285714285714285,inf,2.5224442335063197
Aragominas,2021-01-13,334,1,7,0,1.3571428571428572,0.14285714285714285,inf,2.5237464668115646
Aragominas,2021-01-14,335,1,7,0,1.2857142857142858,0.14285714285714285,inf,2.525044807036845
Aragominas,2021-01-15,342,7,7,0,1.7142857142857142,0.07142857142857142,0.0,2.534026106056135
Aragominas,2021-01-16,342,0,7,0,1.7142857142857142,0.07142857142857142,0.0,2.534026106056135
Aragominas,2021-01-17,342,0,7,0,1.6428571428571428,0.0,-1.0,2.534026106056135
Aragominas,2021-01-18,343,1,7,0,1.7142857142857142,0.0,-1.0,2.5352941200427703
Aragominas,2021-01-19,350,7,7,0,2.0,0.0,-1.0,2.5440680443502757
Aragominas,2021-01-20,350,0,7,0,1.9285714285714286,0.0,-1.0,2.5440680443502757
Araguacema,2020-03-27,0,0,0,0,,,,0.0
Araguacema,2020-03-28,0,0,0,0,,,,0.0
Araguacema,2020-03-29,0,0,0,0,,,,0.0
Araguacema,2020-03-30,0,0,0,0,,,,0.0
Araguacema,2020-03-31,0,0,0,0,,,,0.0
Araguacema,2020-04-01,0,0,0,0,,,,0.0
Araguacema,2020-04-02,0,0,0,0,,,,0.0
Araguacema,2020-04-03,0,0,0,0,,,,0.0
Araguacema,2020-04-04,0,0,0,0,,,,0.0
Araguacema,2020-04-05,0,0,0,0,,,,0.0
Araguacema,2020-04-06,0,0,0,0,,,,0.0
Araguacema,2020-04-07,0,0,0,0,,,,0.0
Araguacema,2020-04-08,0,0,0,0,,,,0.0
Araguacema,2020-04-09,0,0,0,0,0.0,0.0,,0.0
Araguacema,2020-04-10,0,0,0,0,0.0,0.0,,0.0
Araguacema,2020-04-11,0,0,0,0,0.0,0.0,,0.0
Araguacema,2020-04-12,0,0,0,0,0.0,0.0,,0.0
Araguacema,2020-04-13,0,0,0,0,0.0,0.0,,0.0
Araguacema,2020-04-14,0,0,0,0,0.0,0.0,,0.0
Araguacema,2020-04-15,0,0,0,0,0.0,0.0,,0.0
Araguacema,2020-04-16,0,0,0,0,0.0,0.0,,0.0
Araguacema,2020-04-17,0,0,0,0,0.0,0.0,,0.0
Araguacema,2020-04-18,0,0,0,0,0.0,0.0,,0.0
Araguacema,2020-04-19,0,0,0,0,0.0,0.0,,0.0
Araguacema,2020-04-20,0,0,0,0,0.0,0.0,,0.0
Araguacema,2020-04-21,0,0,0,0,0.0,0.0,,0.0
Araguacema,2020-04-22,0,0,0,0,0.0,0.0,,0.0
Araguacema,2020-04-23,0,0,0,0,0.0,0.0,,0.0
Araguacema,2020-04-24,0,0,0,0,0.0,0.0,,0.0
Araguacema,2020-04-25,0,0,0,0,0.0,0.0,,0.0
Araguacema,2020-04-26,0,0,0,0,0.0,0.0,,0.0
Araguacema,2020-04-27,0,0,0,0,0.0,0.0,,0.0
Araguacema,2020-04-28,0,0,0,0,0.0,0.0,,0.0
Araguacema,2020-04-29,0,0,0,0,0.0,0.0,,0.0
Araguacema,2020-04-30,0,0,0,0,0.0,0.0,,0.0
Araguacema,2020-05-01,0,0,0,0,0.0,0.0,,0.0
Araguacema,2020-05-02,0,0,0,0,0.0,0.0,,0.0
Araguacema,2020-05-03,0,0,0,0,0.0,0.0,,0.0
Araguacema,2020-05-04,0,0,0,0,0.0,0.0,,0.0
Araguacema,2020-05-05,0,0,0,0,0.0,0.0,,0.0
Araguacema,2020-05-06,0,0,0,0,0.0,0.0,,0.0
Araguacema,2020-05-07,0,0,0,0,0.0,0.0,,0.0
Araguacema,2020-05-08,0,0,0,0,0.0,0.0,,0.0
Araguacema,2020-05-09,0,0,0,0,0.0,0.0,,0.0
Araguacema,2020-05-10,0,0,0,0,0.0,0.0,,0.0
Araguacema,2020-05-11,0,0,0,0,0.0,0.0,,0.0
Araguacema,2020-05-12,0,0,0,0,0.0,0.0,,0.0
Araguacema,2020-05-13,0,0,0,0,0.0,0.0,,0.0
Araguacema,2020-05-14,0,0,0,0,0.0,0.0,,0.0
Araguacema,2020-05-15,0,0,0,0,0.0,0.0,,0.0
Araguacema,2020-05-16,0,0,0,0,0.0,0.0,,0.0
Araguacema,2020-05-17,0,0,0,0,0.0,0.0,,0.0
Araguacema,2020-05-18,0,0,0,0,0.0,0.0,,0.0
Araguacema,2020-05-19,0,0,0,0,0.0,0.0,,0.0
Araguacema,2020-05-20,0,0,0,0,0.0,0.0,,0.0
Araguacema,2020-05-21,0,0,0,0,0.0,0.0,,0.0
Araguacema,2020-05-22,0,0,0,0,0.0,0.0,,0.0
Araguacema,2020-05-23,0,0,0,0,0.0,0.0,,0.0
Araguacema,2020-05-24,0,0,0,0,0.0,0.0,,0.0
Araguacema,2020-05-25,0,0,0,0,0.0,0.0,,0.0
Araguacema,2020-05-26,0,0,0,0,0.0,0.0,,0.0
Araguacema,2020-05-27,0,0,0,0,0.0,0.0,,0.0
Araguacema,2020-05-28,0,0,0,0,0.0,0.0,,0.0
Araguacema,2020-05-29,0,0,0,0,0.0,0.0,,0.0
Araguacema,2020-05-30,0,0,0,0,0.0,0.0,,0.0
Araguacema,2020-05-31,0,0,0,0,0.0,0.0,,0.0
Araguacema,2020-06-01,0,0,0,0,0.0,0.0,,0.0
Araguacema,2020-06-02,0,0,0,0,0.0,0.0,,0.0
Araguacema,2020-06-03,0,0,0,0,0.0,0.0,,0.0
Araguacema,2020-06-04,0,0,0,0,0.0,0.0,,0.0
Araguacema,2020-06-05,0,0,0,0,0.0,0.0,,0.0
Araguacema,2020-06-06,0,0,0,0,0.0,0.0,,0.0
Araguacema,2020-06-07,0,0,0,0,0.0,0.0,,0.0
Araguacema,2020-06-08,0,0,0,0,0.0,0.0,,0.0
Araguacema,2020-06-09,0,0,0,0,0.0,0.0,,0.0
Araguacema,2020-06-10,1,1,0,0,0.07142857142857142,0.0,,0.0
Araguacema,2020-06-11,0,-1,0,0,0.0,0.0,,0.0
Araguacema,2020-06-12,0,0,0,0,0.0,0.0,,0.0
Araguacema,2020-06-13,0,0,0,0,0.0,0.0,,0.0
Araguacema,2020-06-14,0,0,0,0,0.0,0.0,,0.0
Araguacema,2020-06-15,0,0,0,0,0.0,0.0,,0.0
Araguacema,2020-06-16,0,0,0,0,0.0,0.0,,0.0
Araguacema,2020-06-17,0,0,0,0,0.0,0.0,,0.0
Araguacema,2020-06-18,0,0,0,0,0.0,0.0,,0.0
Araguacema,2020-06-19,0,0,0,0,0.0,0.0,,0.0
Araguacema,2020-06-20,1,1,0,0,0.07142857142857142,0.0,,0.0
Araguacema,2020-06-21,1,0,0,0,0.07142857142857142,0.0,,0.0
Araguacema,2020-06-22,1,0,0,0,0.07142857142857142,0.0,,0.0
Araguacema,2020-06-23,1,0,0,0,0.07142857142857142,0.0,,0.0
Araguacema,2020-06-24,1,0,0,0,0.0,0.0,,0.0
Araguacema,2020-06-25,1,0,0,0,0.07142857142857142,0.0,,0.0
Araguacema,2020-06-26,1,0,0,0,0.07142857142857142,0.0,,0.0
Araguacema,2020-06-27,1,0,0,0,0.07142857142857142,0.0,,0.0
Araguacema,2020-06-28,1,0,0,0,0.07142857142857142,0.0,,0.0
Araguacema,2020-06-29,1,0,0,0,0.07142857142857142,0.0,,0.0
Araguacema,2020-06-30,1,0,0,0,0.07142857142857142,0.0,,0.0
Araguacema,2020-07-01,1,0,0,0,0.07142857142857142,0.0,,0.0
Araguacema,2020-07-02,2,1,0,0,0.14285714285714285,0.0,,0.3010299956639812
Araguacema,2020-07-03,1,-1,0,0,0.07142857142857142,0.0,,0.0
Araguacema,2020-07-04,1,0,0,0,0.0,0.0,,0.0
Araguacema,2020-07-05,1,0,0,0,0.0,0.0,,0.0
Araguacema,2020-07-06,1,0,0,0,0.0,0.0,,0.0
Araguacema,2020-07-07,1,0,0,0,0.0,0.0,,0.0
Araguacema,2020-07-08,1,0,0,0,0.0,0.0,,0.0
Araguacema,2020-07-09,1,0,0,0,0.0,0.0,,0.0
Araguacema,2020-07-10,1,0,0,0,0.0,0.0,,0.0
Araguacema,2020-07-11,1,0,0,0,0.0,0.0,,0.0
Araguacema,2020-07-12,1,0,0,0,0.0,0.0,,0.0
Araguacema,2020-07-13,1,0,0,0,0.0,0.0,,0.0
Araguacema,2020-07-14,1,0,0,0,0.0,0.0,,0.0
Araguacema,2020-07-15,2,1,0,0,0.07142857142857142,0.0,,0.3010299956639812
Araguacema,2020-07-16,2,0,0,0,0.0,0.0,,0.3010299956639812
Araguacema,2020-07-17,2,0,0,0,0.07142857142857142,0.0,,0.3010299956639812
Araguacema,2020-07-18,2,0,0,0,0.07142857142857142,0.0,,0.3010299956639812
Araguacema,2020-07-19,2,0,0,0,0.07142857142857142,0.0,,0.3010299956639812
Araguacema,2020-07-20,3,1,0,0,0.14285714285714285,0.0,,0.47712125471966244
Araguacema,2020-07-21,3,0,0,0,0.14285714285714285,0.0,,0.47712125471966244
Araguacema,2020-07-22,4,1,0,0,0.21428571428571427,0.0,,0.6020599913279624
Araguacema,2020-07-23,3,-1,0,0,0.14285714285714285,0.0,,0.47712125471966244
Araguacema,2020-07-24,3,0,0,0,0.14285714285714285,0.0,,0.47712125471966244
Araguacema,2020-07-25,3,0,0,0,0.14285714285714285,0.0,,0.47712125471966244
Araguacema,2020-07-26,4,1,0,0,0.21428571428571427,0.0,,0.6020599913279624
Araguacema,2020-07-27,4,0,0,0,0.21428571428571427,0.0,,0.6020599913279624
Araguacema,2020-07-28,3,-1,0,0,0.14285714285714285,0.0,,0.47712125471966244
Araguacema,2020-07-29,3,0,0,0,0.07142857142857142,0.0,,0.47712125471966244
Araguacema,2020-07-30,4,1,0,0,0.14285714285714285,0.0,,0.6020599913279624
Araguacema,2020-07-31,4,0,0,0,0.14285714285714285,0.0,,0.6020599913279624
Araguacema,2020-08-01,4,0,0,0,0.14285714285714285,0.0,,0.6020599913279624
Araguacema,2020-08-02,4,0,0,0,0.14285714285714285,0.0,,0.6020599913279624
Araguacema,2020-08-03,5,1,0,0,0.14285714285714285,0.0,,0.6989700043360189
Araguacema,2020-08-04,6,1,0,0,0.21428571428571427,0.0,,0.7781512503836436
Araguacema,2020-08-05,4,-2,0,0,0.0,0.0,,0.6020599913279624
Araguacema,2020-08-06,4,0,0,0,0.07142857142857142,0.0,,0.6020599913279624
Araguacema,2020-08-07,4,0,0,0,0.07142857142857142,0.0,,0.6020599913279624
Araguacema,2020-08-08,4,0,0,0,0.07142857142857142,0.0,,0.6020599913279624
Araguacema,2020-08-09,4,0,0,0,0.0,0.0,,0.6020599913279624
Araguacema,2020-08-10,9,5,0,0,0.35714285714285715,0.0,,0.9542425094393249
Araguacema,2020-08-11,8,-1,0,0,0.35714285714285715,0.0,,0.9030899869919435
Araguacema,2020-08-12,10,2,0,0,0.5,0.0,,1.0
Araguacema,2020-08-13,9,-1,0,0,0.35714285714285715,0.0,,0.9542425094393249
Araguacema,2020-08-14,8,-1,0,0,0.2857142857142857,0.0,,0.9030899869919435
Araguacema,2020-08-15,8,0,0,0,0.2857142857142857,0.0,,0.9030899869919435
Araguacema,2020-08-16,8,0,0,0,0.2857142857142857,0.0,,0.9030899869919435
Araguacema,2020-08-17,8,0,0,0,0.21428571428571427,0.0,,0.9030899869919435
Araguacema,2020-08-18,13,5,0,0,0.5,0.0,,1.1139433523068367
Araguacema,2020-08-19,14,1,0,0,0.7142857142857143,0.0,,1.146128035678238
Araguacema,2020-08-20,15,1,0,0,0.7857142857142857,0.0,,1.1760912590556813
Araguacema,2020-08-21,15,0,0,0,0.7857142857142857,0.0,,1.1760912590556813
Araguacema,2020-08-22,15,0,0,0,0.7857142857142857,0.0,,1.1760912590556813
Araguacema,2020-08-23,15,0,0,0,0.7857142857142857,0.0,,1.1760912590556813
Araguacema,2020-08-24,16,1,0,0,0.5,0.0,,1.2041199826559248
Araguacema,2020-08-25,26,10,0,0,1.2857142857142858,0.0,,1.414973347970818
Araguacema,2020-08-26,26,0,0,0,1.1428571428571428,0.0,,1.414973347970818
Araguacema,2020-08-27,29,3,0,0,1.4285714285714286,0.0,,1.462397997898956
Araguacema,2020-08-28,30,1,0,0,1.5714285714285714,0.0,,1.4771212547196624
Araguacema,2020-08-29,33,3,0,0,1.7857142857142858,0.0,,1.5185139398778875
Araguacema,2020-08-30,33,0,0,0,1.7857142857142858,0.0,,1.5185139398778875
Araguacema,2020-08-31,33,0,0,0,1.7857142857142858,0.0,,1.5185139398778875
Araguacema,2020-09-01,34,1,0,0,1.5,0.0,,1.5314789170422551
Araguacema,2020-09-02,36,2,0,0,1.5714285714285714,0.0,,1.5563025007672873
Araguacema,2020-09-03,39,3,0,0,1.7142857142857142,0.0,,1.591064607026499
Araguacema,2020-09-04,42,3,0,0,1.9285714285714286,0.0,,1.6232492903979006
Araguacema,2020-09-05,42,0,0,0,1.9285714285714286,0.0,,1.6232492903979006
Araguacema,2020-09-06,43,1,0,0,2.0,0.0,,1.6334684555795866
Araguacema,2020-09-07,43,0,0,0,1.9285714285714286,0.0,,1.6334684555795866
Araguacema,2020-09-08,41,-2,0,0,1.0714285714285714,0.0,,1.6127838567197355
Araguacema,2020-09-09,42,1,0,0,1.1428571428571428,0.0,,1.6232492903979006
Araguacema,2020-09-10,48,6,0,0,1.3571428571428572,0.0,,1.6812412373755872
Araguacema,2020-09-11,49,1,0,0,1.3571428571428572,0.0,,1.6901960800285136
Araguacema,2020-09-12,51,2,0,0,1.2857142857142858,0.0,,1.7075701760979363
Araguacema,2020-09-13,51,0,0,0,1.2857142857142858,0.0,,1.7075701760979363
Araguacema,2020-09-14,51,0,0,0,1.2857142857142858,0.0,,1.7075701760979363
Araguacema,2020-09-15,51,0,0,0,1.2142857142857142,0.0,,1.7075701760979363
Araguacema,2020-09-16,51,0,0,0,1.0714285714285714,0.0,,1.7075701760979363
Araguacema,2020-09-17,51,0,0,0,0.8571428571428571,0.0,,1.7075701760979363
Araguacema,2020-09-18,51,0,0,0,0.6428571428571429,0.0,,1.7075701760979363
Araguacema,2020-09-19,51,0,0,0,0.6428571428571429,0.0,,1.7075701760979363
Araguacema,2020-09-20,51,0,0,0,0.5714285714285714,0.0,,1.7075701760979363
Araguacema,2020-09-21,51,0,0,0,0.5714285714285714,0.0,,1.7075701760979363
Araguacema,2020-09-22,51,0,0,0,0.7142857142857143,0.0,,1.7075701760979363
Araguacema,2020-09-23,54,3,0,0,0.8571428571428571,0.0,,1.7323937598229686
Araguacema,2020-09-24,55,1,1,1,0.5,0.07142857142857142,inf,1.7403626894942439
Araguacema,2020-09-25,55,0,1,0,0.42857142857142855,0.07142857142857142,inf,1.7403626894942439
Araguacema,2020-09-26,54,-1,1,0,0.21428571428571427,0.07142857142857142,inf,1.7323937598229686
Araguacema,2020-09-27,54,0,1,0,0.21428571428571427,0.07142857142857142,inf,1.7323937598229686
Araguacema,2020-09-28,54,0,1,0,0.21428571428571427,0.07142857142857142,inf,1.7323937598229686
Araguacema,2020-09-29,55,1,1,0,0.2857142857142857,0.07142857142857142,inf,1.7403626894942439
Araguacema,2020-09-30,55,0,1,0,0.2857142857142857,0.07142857142857142,inf,1.7403626894942439
Araguacema,2020-10-01,55,0,1,0,0.2857142857142857,0.07142857142857142,inf,1.7403626894942439
Araguacema,2020-10-02,55,0,1,0,0.2857142857142857,0.07142857142857142,inf,1.7403626894942439
Araguacema,2020-10-03,55,0,1,0,0.2857142857142857,0.07142857142857142,inf,1.7403626894942439
Araguacema,2020-10-04,55,0,1,0,0.2857142857142857,0.07142857142857142,inf,1.7403626894942439
Araguacema,2020-10-05,55,0,1,0,0.2857142857142857,0.07142857142857142,inf,1.7403626894942439
Araguacema,2020-10-06,55,0,1,0,0.2857142857142857,0.07142857142857142,inf,1.7403626894942439
Araguacema,2020-10-07,55,0,1,0,0.07142857142857142,0.07142857142857142,inf,1.7403626894942439
Araguacema,2020-10-08,55,0,1,0,0.0,0.0,-1.0,1.7403626894942439
Araguacema,2020-10-09,55,0,1,0,0.0,0.0,-1.0,1.7403626894942439
Araguacema,2020-10-10,55,0,1,0,0.07142857142857142,0.0,-1.0,1.7403626894942439
Araguacema,2020-10-11,55,0,1,0,0.07142857142857142,0.0,-1.0,1.7403626894942439
Araguacema,2020-10-12,55,0,1,0,0.07142857142857142,0.0,-1.0,1.7403626894942439
Araguacema,2020-10-13,55,0,1,0,0.0,0.0,-1.0,1.7403626894942439
Araguacema,2020-10-14,55,0,1,0,0.0,0.0,-1.0,1.7403626894942439
Araguacema,2020-10-15,55,0,1,0,0.0,0.0,-1.0,1.7403626894942439
Araguacema,2020-10-16,55,0,1,0,0.0,0.0,-1.0,1.7403626894942439
Araguacema,2020-10-17,55,0,1,0,0.0,0.0,-1.0,1.7403626894942439
Araguacema,2020-10-18,55,0,1,0,0.0,0.0,-1.0,1.7403626894942439
Araguacema,2020-10-19,55,0,1,0,0.0,0.0,-1.0,1.7403626894942439
Araguacema,2020-10-20,55,0,1,0,0.0,0.0,-1.0,1.7403626894942439
Araguacema,2020-10-21,55,0,1,0,0.0,0.0,-1.0,1.7403626894942439
Araguacema,2020-10-22,55,0,1,0,0.0,0.0,,1.7403626894942439
Araguacema,2020-10-23,55,0,1,0,0.0,0.0,,1.7403626894942439
Araguacema,2020-10-24,55,0,1,0,0.0,0.0,,1.7403626894942439
Araguacema,2020-10-25,55,0,1,0,0.0,0.0,,1.7403626894942439
Araguacema,2020-10-26,55,0,1,0,0.0,0.0,,1.7403626894942439
Araguacema,2020-10-27,55,0,1,0,0.0,0.0,,1.7403626894942439
Araguacema,2020-10-28,55,0,1,0,0.0,0.0,,1.7403626894942439
Araguacema,2020-10-29,55,0,1,0,0.0,0.0,,1.7403626894942439
Araguacema,2020-10-30,55,0,1,0,0.0,0.0,,1.7403626894942439
Araguacema,2020-10-31,55,0,1,0,0.0,0.0,,1.7403626894942439
Araguacema,2020-11-01,55,0,1,0,0.0,0.0,,1.7403626894942439
Araguacema,2020-11-02,55,0,1,0,0.0,0.0,,1.7403626894942439
Araguacema,2020-11-03,55,0,1,0,0.0,0.0,,1.7403626894942439
Araguacema,2020-11-04,55,0,1,0,0.0,0.0,,1.7403626894942439
Araguacema,2020-11-05,55,0,1,0,0.0,0.0,,1.7403626894942439
Araguacema,2020-11-06,55,0,1,0,0.0,0.0,,1.7403626894942439
Araguacema,2020-11-07,55,0,1,0,0.0,0.0,,1.7403626894942439
Araguacema,2020-11-08,55,0,1,0,0.0,0.0,,1.7403626894942439
Araguacema,2020-11-09,55,0,1,0,0.0,0.0,,1.7403626894942439
Araguacema,2020-11-10,55,0,1,0,0.0,0.0,,1.7403626894942439
Araguacema,2020-11-11,55,0,1,0,0.0,0.0,,1.7403626894942439
Araguacema,2020-11-12,55,0,1,0,0.0,0.0,,1.7403626894942439
Araguacema,2020-11-13,55,0,1,0,0.0,0.0,,1.7403626894942439
Araguacema,2020-11-14,55,0,1,0,0.0,0.0,,1.7403626894942439
Araguacema,2020-11-15,55,0,1,0,0.0,0.0,,1.7403626894942439
Araguacema,2020-11-16,55,0,1,0,0.0,0.0,,1.7403626894942439
Araguacema,2020-11-17,55,0,1,0,0.0,0.0,,1.7403626894942439
Araguacema,2020-11-18,55,0,1,0,0.0,0.0,,1.7403626894942439
Araguacema,2020-11-19,57,2,1,0,0.14285714285714285,0.0,,1.7558748556724915
Araguacema,2020-11-20,57,0,1,0,0.14285714285714285,0.0,,1.7558748556724915
Araguacema,2020-11-21,57,0,1,0,0.14285714285714285,0.0,,1.7558748556724915
Araguacema,2020-11-22,57,0,1,0,0.14285714285714285,0.0,,1.7558748556724915
Araguacema,2020-11-23,55,-2,1,0,0.0,0.0,,1.7403626894942439
Araguacema,2020-11-24,55,0,1,0,0.0,0.0,,1.7403626894942439
Araguacema,2020-11-25,55,0,1,0,0.0,0.0,,1.7403626894942439
Araguacema,2020-11-26,55,0,1,0,0.0,0.0,,1.7403626894942439
Araguacema,2020-11-27,55,0,1,0,0.0,0.0,,1.7403626894942439
Araguacema,2020-11-28,56,1,1,0,0.07142857142857142,0.0,,1.7481880270062005
Araguacema,2020-11-29,56,0,1,0,0.07142857142857142,0.0,,1.7481880270062005
Araguacema,2020-11-30,56,0,1,0,0.07142857142857142,0.0,,1.7481880270062005
Araguacema,2020-12-01,56,0,1,0,0.07142857142857142,0.0,,1.7481880270062005
Araguacema,2020-12-02,56,0,1,0,0.07142857142857142,0.0,,1.7481880270062005
Araguacema,2020-12-03,56,0,1,0,-0.07142857142857142,0.0,,1.7481880270062005
Araguacema,2020-12-04,56,0,1,0,-0.07142857142857142,0.0,,1.7481880270062005
Araguacema,2020-12-05,56,0,1,0,-0.07142857142857142,0.0,,1.7481880270062005
Araguacema,2020-12-06,56,0,1,0,-0.07142857142857142,0.0,,1.7481880270062005
Araguacema,2020-12-07,56,0,1,0,0.07142857142857142,0.0,,1.7481880270062005
Araguacema,2020-12-08,56,0,1,0,0.07142857142857142,0.0,,1.7481880270062005
Araguacema,2020-12-09,56,0,1,0,0.07142857142857142,0.0,,1.7481880270062005
Araguacema,2020-12-10,57,1,1,0,0.14285714285714285,0.0,,1.7558748556724915
Araguacema,2020-12-11,56,-1,1,0,0.07142857142857142,0.0,,1.7481880270062005
Araguacema,2020-12-12,56,0,1,0,0.0,0.0,,1.7481880270062005
Araguacema,2020-12-13,56,0,1,0,0.0,0.0,,1.7481880270062005
Araguacema,2020-12-14,56,0,1,0,0.0,0.0,,1.7481880270062005
Araguacema,2020-12-15,56,0,1,0,0.0,0.0,,1.7481880270062005
Araguacema,2020-12-16,58,2,1,0,0.14285714285714285,0.0,,1.7634279935629373
Araguacema,2020-12-17,70,12,1,0,1.0,0.0,,1.845098040014257
Araguacema,2020-12-18,71,1,1,0,1.0714285714285714,0.0,,1.8512583487190752
Araguacema,2020-12-19,71,0,1,0,1.0714285714285714,0.0,,1.8512583487190752
Araguacema,2020-12-20,71,0,1,0,1.0714285714285714,0.0,,1.8512583487190752
Araguacema,2020-12-21,71,0,1,0,1.0714285714285714,0.0,,1.8512583487190752
Araguacema,2020-12-22,71,0,1,0,1.0714285714285714,0.0,,1.8512583487190752
Araguacema,2020-12-23,71,0,1,0,1.0714285714285714,0.0,,1.8512583487190752
Araguacema,2020-12-24,71,0,1,0,1.0,0.0,,1.8512583487190752
Araguacema,2020-12-25,71,0,1,0,1.0714285714285714,0.0,,1.8512583487190752
Araguacema,2020-12-26,71,0,1,0,1.0714285714285714,0.0,,1.8512583487190752
Araguacema,2020-12-27,71,0,1,0,1.0714285714285714,0.0,,1.8512583487190752
Araguacema,2020-12-28,71,0,1,0,1.0714285714285714,0.0,,1.8512583487190752
Araguacema,2020-12-29,73,2,1,0,1.2142857142857142,0.0,,1.863322860120456
Araguacema,2020-12-30,73,0,1,0,1.0714285714285714,0.0,,1.863322860120456
Araguacema,2020-12-31,73,0,1,0,0.21428571428571427,0.0,,1.863322860120456
Araguacema,2021-01-01,73,0,1,0,0.14285714285714285,0.0,,1.863322860120456
Araguacema,2021-01-02,73,0,1,0,0.14285714285714285,0.0,,1.863322860120456
Araguacema,2021-01-03,73,0,1,0,0.14285714285714285,0.0,,1.863322860120456
Araguacema,2021-01-04,73,0,1,0,0.14285714285714285,0.0,,1.863322860120456
Araguacema,2021-01-05,73,0,1,0,0.14285714285714285,0.0,,1.863322860120456
Araguacema,2021-01-06,73,0,1,0,0.14285714285714285,0.0,,1.863322860120456
Araguacema,2021-01-07,73,0,1,0,0.14285714285714285,0.0,,1.863322860120456
Araguacema,2021-01-08,73,0,1,0,0.14285714285714285,0.0,,1.863322860120456
Araguacema,2021-01-09,79,6,1,0,0.5714285714285714,0.0,,1.8976270912904414
Araguacema,2021-01-10,79,0,1,0,0.5714285714285714,0.0,,1.8976270912904414
Araguacema,2021-01-11,79,0,1,0,0.5714285714285714,0.0,,1.8976270912904414
Araguacema,2021-01-12,80,1,1,0,0.5,0.0,,1.9030899869919435
Araguacema,2021-01-13,81,1,1,0,0.5714285714285714,0.0,,1.9084850188786497
Araguacema,2021-01-14,91,10,1,0,1.2857142857142858,0.0,,1.9590413923210936
Araguacema,2021-01-15,95,4,1,0,1.5714285714285714,0.0,,1.9777236052888478
Araguacema,2021-01-16,95,0,1,0,1.5714285714285714,0.0,,1.9777236052888478
Araguacema,2021-01-17,95,0,1,0,1.5714285714285714,0.0,,1.9777236052888478
Araguacema,2021-01-18,96,1,1,0,1.6428571428571428,0.0,,1.9822712330395684
Araguacema,2021-01-19,96,0,1,0,1.6428571428571428,0.0,,1.9822712330395684
Araguacema,2021-01-20,96,0,1,0,1.6428571428571428,0.0,,1.9822712330395684
Araguaçu,2020-03-27,0,0,0,0,,,,0.0
Araguaçu,2020-03-28,0,0,0,0,,,,0.0
Araguaçu,2020-03-29,0,0,0,0,,,,0.0
Araguaçu,2020-03-30,0,0,0,0,,,,0.0
Araguaçu,2020-03-31,0,0,0,0,,,,0.0
Araguaçu,2020-04-01,0,0,0,0,,,,0.0
Araguaçu,2020-04-02,0,0,0,0,,,,0.0
Araguaçu,2020-04-03,0,0,0,0,,,,0.0
Araguaçu,2020-04-04,0,0,0,0,,,,0.0
Araguaçu,2020-04-05,0,0,0,0,,,,0.0
Araguaçu,2020-04-06,0,0,0,0,,,,0.0
Araguaçu,2020-04-07,0,0,0,0,,,,0.0
Araguaçu,2020-04-08,0,0,0,0,,,,0.0
Araguaçu,2020-04-09,0,0,0,0,0.0,0.0,,0.0
Araguaçu,2020-04-10,0,0,0,0,0.0,0.0,,0.0
Araguaçu,2020-04-11,0,0,0,0,0.0,0.0,,0.0
Araguaçu,2020-04-12,0,0,0,0,0.0,0.0,,0.0
Araguaçu,2020-04-13,0,0,0,0,0.0,0.0,,0.0
Araguaçu,2020-04-14,0,0,0,0,0.0,0.0,,0.0
Araguaçu,2020-04-15,0,0,0,0,0.0,0.0,,0.0
Araguaçu,2020-04-16,0,0,0,0,0.0,0.0,,0.0
Araguaçu,2020-04-17,0,0,0,0,0.0,0.0,,0.0
Araguaçu,2020-04-18,0,0,0,0,0.0,0.0,,0.0
Araguaçu,2020-04-19,0,0,0,0,0.0,0.0,,0.0
Araguaçu,2020-04-20,0,0,0,0,0.0,0.0,,0.0
Araguaçu,2020-04-21,0,0,0,0,0.0,0.0,,0.0
Araguaçu,2020-04-22,0,0,0,0,0.0,0.0,,0.0
Araguaçu,2020-04-23,0,0,0,0,0.0,0.0,,0.0
Araguaçu,2020-04-24,0,0,0,0,0.0,0.0,,0.0
Araguaçu,2020-04-25,0,0,0,0,0.0,0.0,,0.0
Araguaçu,2020-04-26,0,0,0,0,0.0,0.0,,0.0
Araguaçu,2020-04-27,0,0,0,0,0.0,0.0,,0.0
Araguaçu,2020-04-28,0,0,0,0,0.0,0.0,,0.0
Araguaçu,2020-04-29,0,0,0,0,0.0,0.0,,0.0
Araguaçu,2020-04-30,0,0,0,0,0.0,0.0,,0.0
Araguaçu,2020-05-01,0,0,0,0,0.0,0.0,,0.0
Araguaçu,2020-05-02,0,0,0,0,0.0,0.0,,0.0
Araguaçu,2020-05-03,0,0,0,0,0.0,0.0,,0.0
Araguaçu,2020-05-04,0,0,0,0,0.0,0.0,,0.0
Araguaçu,2020-05-05,0,0,0,0,0.0,0.0,,0.0
Araguaçu,2020-05-06,0,0,0,0,0.0,0.0,,0.0
Araguaçu,2020-05-07,0,0,0,0,0.0,0.0,,0.0
Araguaçu,2020-05-08,0,0,0,0,0.0,0.0,,0.0
Araguaçu,2020-05-09,0,0,0,0,0.0,0.0,,0.0
Araguaçu,2020-05-10,0,0,0,0,0.0,0.0,,0.0
Araguaçu,2020-05-11,0,0,0,0,0.0,0.0,,0.0
Araguaçu,2020-05-12,0,0,0,0,0.0,0.0,,0.0
Araguaçu,2020-05-13,0,0,0,0,0.0,0.0,,0.0
Araguaçu,2020-05-14,0,0,0,0,0.0,0.0,,0.0
Araguaçu,2020-05-15,0,0,0,0,0.0,0.0,,0.0
Araguaçu,2020-05-16,0,0,0,0,0.0,0.0,,0.0
Araguaçu,2020-05-17,1,1,0,0,0.07142857142857142,0.0,,0.0
Araguaçu,2020-05-18,1,0,0,0,0.07142857142857142,0.0,,0.0
Araguaçu,2020-05-19,1,0,0,0,0.07142857142857142,0.0,,0.0
Araguaçu,2020-05-20,1,0,0,0,0.07142857142857142,0.0,,0.0
Araguaçu,2020-05-21,1,0,0,0,0.07142857142857142,0.0,,0.0
Araguaçu,2020-05-22,1,0,0,0,0.07142857142857142,0.0,,0.0
Araguaçu,2020-05-23,2,1,0,0,0.14285714285714285,0.0,,0.3010299956639812
Araguaçu,2020-05-24,2,0,0,0,0.14285714285714285,0.0,,0.3010299956639812
Araguaçu,2020-05-25,2,0,1,1,0.14285714285714285,0.07142857142857142,inf,0.3010299956639812
Araguaçu,2020-05-26,2,0,1,0,0.14285714285714285,0.07142857142857142,inf,0.3010299956639812
Araguaçu,2020-05-27,2,0,1,0,0.14285714285714285,0.07142857142857142,inf,0.3010299956639812
Araguaçu,2020-05-28,2,0,1,0,0.14285714285714285,0.07142857142857142,inf,0.3010299956639812
Araguaçu,2020-05-29,2,0,1,0,0.14285714285714285,0.07142857142857142,inf,0.3010299956639812
Araguaçu,2020-05-30,2,0,1,0,0.14285714285714285,0.07142857142857142,inf,0.3010299956639812
Araguaçu,2020-05-31,2,0,1,0,0.07142857142857142,0.07142857142857142,inf,0.3010299956639812
Araguaçu,2020-06-01,2,0,1,0,0.07142857142857142,0.07142857142857142,inf,0.3010299956639812
Araguaçu,2020-06-02,4,2,1,0,0.21428571428571427,0.07142857142857142,inf,0.6020599913279624
Araguaçu,2020-06-03,4,0,1,0,0.21428571428571427,0.07142857142857142,inf,0.6020599913279624
Araguaçu,2020-06-04,4,0,1,0,0.21428571428571427,0.07142857142857142,inf,0.6020599913279624
Araguaçu,2020-06-05,4,0,1,0,0.21428571428571427,0.07142857142857142,inf,0.6020599913279624
Araguaçu,2020-06-06,4,0,1,0,0.14285714285714285,0.07142857142857142,inf,0.6020599913279624
Araguaçu,2020-06-07,4,0,1,0,0.14285714285714285,0.07142857142857142,inf,0.6020599913279624
Araguaçu,2020-06-08,4,0,1,0,0.14285714285714285,0.0,-1.0,0.6020599913279624
Araguaçu,2020-06-09,5,1,1,0,0.21428571428571427,0.0,-1.0,0.6989700043360189
Araguaçu,2020-06-10,5,0,1,0,0.21428571428571427,0.0,-1.0,0.6989700043360189
Araguaçu,2020-06-11,5,0,1,0,0.21428571428571427,0.0,-1.0,0.6989700043360189
Araguaçu,2020-06-12,5,0,1,0,0.21428571428571427,0.0,-1.0,0.6989700043360189
Araguaçu,2020-06-13,5,0,1,0,0.21428571428571427,0.0,-1.0,0.6989700043360189
Araguaçu,2020-06-14,5,0,1,0,0.21428571428571427,0.0,-1.0,0.6989700043360189
Araguaçu,2020-06-15,5,0,1,0,0.21428571428571427,0.0,-1.0,0.6989700043360189
Araguaçu,2020-06-16,5,0,1,0,0.07142857142857142,0.0,-1.0,0.6989700043360189
Araguaçu,2020-06-17,8,3,1,0,0.2857142857142857,0.0,-1.0,0.9030899869919435
Araguaçu,2020-06-18,8,0,1,0,0.2857142857142857,0.0,-1.0,0.9030899869919435
Araguaçu,2020-06-19,12,4,1,0,0.5714285714285714,0.0,-1.0,1.0791812460476249
Araguaçu,2020-06-20,12,0,1,0,0.5714285714285714,0.0,-1.0,1.0791812460476249
Araguaçu,2020-06-21,12,0,1,0,0.5714285714285714,0.0,-1.0,1.0791812460476249
Araguaçu,2020-06-22,13,1,1,0,0.6428571428571429,0.0,,1.1139433523068367
Araguaçu,2020-06-23,17,4,1,0,0.8571428571428571,0.0,,1.2304489213782739
Araguaçu,2020-06-24,22,5,1,0,1.2142857142857142,0.0,,1.3424226808222062
Araguaçu,2020-06-25,23,1,1,0,1.2857142857142858,0.0,,1.3617278360175928
Araguaçu,2020-06-26,34,11,1,0,2.0714285714285716,0.0,,1.5314789170422551
Araguaçu,2020-06-27,40,6,1,0,2.5,0.0,,1.6020599913279625
Araguaçu,2020-06-28,41,1,1,0,2.5714285714285716,0.0,,1.6127838567197355
Araguaçu,2020-06-29,41,0,1,0,2.5714285714285716,0.0,,1.6127838567197355
Araguaçu,2020-06-30,47,6,1,0,3.0,0.0,,1.6720978579357175
Araguaçu,2020-07-01,51,4,1,0,3.0714285714285716,0.0,,1.7075701760979363
Araguaçu,2020-07-02,54,3,1,0,3.2857142857142856,0.0,,1.7323937598229686
Araguaçu,2020-07-03,60,6,1,0,3.4285714285714284,0.0,,1.7781512503836436
Araguaçu,2020-07-04,63,3,1,0,3.642857142857143,0.0,,1.7993405494535817
Araguaçu,2020-07-05,63,0,1,0,3.642857142857143,0.0,,1.7993405494535817
Araguaçu,2020-07-06,63,0,1,0,3.5714285714285716,0.0,,1.7993405494535817
Araguaçu,2020-07-07,70,7,1,0,3.7857142857142856,0.0,,1.845098040014257
Araguaçu,2020-07-08,102,32,1,0,5.714285714285714,0.0,,2.0086001717619175
Araguaçu,2020-07-09,109,7,1,0,6.142857142857143,0.0,,2.037426497940624
Araguaçu,2020-07-10,115,6,1,0,5.785714285714286,0.0,,2.060697840353612
Araguaçu,2020-07-11,116,1,1,0,5.428571428571429,0.0,,2.0644579892269186
Araguaçu,2020-07-12,116,0,1,0,5.357142857142857,0.0,,2.0644579892269186
Araguaçu,2020-07-13,123,7,1,0,5.857142857142857,0.0,,2.089905111439398
Araguaçu,2020-07-14,130,7,1,0,5.928571428571429,0.0,,2.113943352306837
Araguaçu,2020-07-15,134,4,1,0,5.928571428571429,0.0,,2.1271047983648077
Araguaçu,2020-07-16,141,7,1,0,6.214285714285714,0.0,,2.1492191126553797
Araguaçu,2020-07-17,142,1,1,0,5.857142857142857,0.0,,2.1522883443830563
Araguaçu,2020-07-18,143,1,2,1,5.714285714285714,0.07142857142857142,inf,2.155336037465062
Araguaçu,2020-07-19,145,2,2,0,5.857142857142857,0.07142857142857142,inf,2.161368002234975
Araguaçu,2020-07-20,145,0,2,0,5.857142857142857,0.07142857142857142,inf,2.161368002234975
Araguaçu,2020-07-21,150,5,2,0,5.714285714285714,0.07142857142857142,inf,2.1760912590556813
Araguaçu,2020-07-22,154,4,3,1,3.7142857142857144,0.14285714285714285,inf,2.187520720836463
Araguaçu,2020-07-23,161,7,3,0,3.7142857142857144,0.14285714285714285,inf,2.2068258760318495
Araguaçu,2020-07-24,161,0,3,0,3.2857142857142856,0.14285714285714285,inf,2.2068258760318495
Araguaçu,2020-07-25,163,2,3,0,3.357142857142857,0.14285714285714285,inf,2.2121876044039577
Araguaçu,2020-07-26,163,0,3,0,3.357142857142857,0.14285714285714285,inf,2.2121876044039577
Araguaçu,2020-07-27,163,0,3,0,2.857142857142857,0.14285714285714285,inf,2.2121876044039577
Araguaçu,2020-07-28,167,4,4,1,2.642857142857143,0.21428571428571427,inf,2.2227164711475833
Araguaçu,2020-07-29,183,16,4,0,3.5,0.21428571428571427,inf,2.2624510897304293
Araguaçu,2020-07-30,213,30,4,0,5.142857142857143,0.21428571428571427,inf,2.3283796034387376
Araguaçu,2020-07-31,213,0,4,0,5.071428571428571,0.21428571428571427,inf,2.3283796034387376
Araguaçu,2020-08-01,213,0,4,0,5.0,0.14285714285714285,1.0,2.3283796034387376
Araguaçu,2020-08-02,224,11,4,0,5.642857142857143,0.14285714285714285,1.0,2.3502480183341627
Araguaçu,2020-08-03,224,0,4,0,5.642857142857143,0.14285714285714285,1.0,2.3502480183341627
Araguaçu,2020-08-04,232,8,4,0,5.857142857142857,0.14285714285714285,1.0,2.3654879848909
Araguaçu,2020-08-05,237,5,4,0,5.928571428571429,0.07142857142857142,-0.5,2.374748346010104
Araguaçu,2020-08-06,239,2,4,0,5.571428571428571,0.07142857142857142,-0.5,2.3783979009481375
Araguaçu,2020-08-07,241,2,4,0,5.714285714285714,0.07142857142857142,-0.5,2.3820170425748683
Araguaçu,2020-08-08,245,4,4,0,5.857142857142857,0.07142857142857142,-0.5,2.3891660843645326
Araguaçu,2020-08-09,245,0,4,0,5.857142857142857,0.07142857142857142,-0.5,2.3891660843645326
Araguaçu,2020-08-10,248,3,4,0,6.071428571428571,0.07142857142857142,-0.5,2.3944516808262164
Araguaçu,2020-08-11,252,4,4,0,6.071428571428571,0.0,-1.0,2.401400540781544
Araguaçu,2020-08-12,266,14,4,0,5.928571428571429,0.0,-1.0,2.424881636631067
Araguaçu,2020-08-13,272,6,4,0,4.214285714285714,0.0,-1.0,2.4345689040341987
Araguaçu,2020-08-14,289,17,5,1,5.428571428571429,0.07142857142857142,-0.6666666666666666,2.4608978427565478
Araguaçu,2020-08-15,309,20,5,0,6.857142857142857,0.07142857142857142,-0.5,2.4899584794248346
Araguaçu,2020-08-16,310,1,5,0,6.142857142857143,0.07142857142857142,-0.5,2.4913616938342726
Araguaçu,2020-08-17,310,0,5,0,6.142857142857143,0.07142857142857142,-0.5,2.4913616938342726
Araguaçu,2020-08-18,317,7,6,1,6.071428571428571,0.14285714285714285,0.0,2.5010592622177517
Araguaçu,2020-08-19,324,7,6,0,6.214285714285714,0.14285714285714285,1.0,2.510545010206612
Araguaçu,2020-08-20,327,3,6,0,6.285714285714286,0.14285714285714285,1.0,2.514547752660286
Araguaçu,2020-08-21,333,6,6,0,6.571428571428571,0.14285714285714285,1.0,2.5224442335063197
Araguaçu,2020-08-22,334,1,6,0,6.357142857142857,0.14285714285714285,1.0,2.5237464668115646
Araguaçu,2020-08-23,346,12,6,0,7.214285714285714,0.14285714285714285,1.0,2.5390760987927767
Araguaçu,2020-08-24,346,0,6,0,7.0,0.14285714285714285,1.0,2.5390760987927767
Araguaçu,2020-08-25,349,3,6,0,6.928571428571429,0.14285714285714285,inf,2.5428254269591797
Araguaçu,2020-08-26,349,0,6,0,5.928571428571429,0.14285714285714285,inf,2.5428254269591797
Araguaçu,2020-08-27,356,7,6,0,6.0,0.14285714285714285,inf,2.5514499979728753
Araguaçu,2020-08-28,368,12,6,0,5.642857142857143,0.07142857142857142,0.0,2.5658478186735176
Araguaçu,2020-08-29,375,7,6,0,4.714285714285714,0.07142857142857142,0.0,2.574031267727719
Araguaçu,2020-08-30,376,1,6,0,4.714285714285714,0.07142857142857142,0.0,2.575187844927661
Araguaçu,2020-08-31,376,0,6,0,4.714285714285714,0.07142857142857142,0.0,2.575187844927661
Araguaçu,2020-09-01,378,2,6,0,4.357142857142857,0.0,-1.0,2.577491799837225
Araguaçu,2020-09-02,379,1,7,1,3.9285714285714284,0.07142857142857142,-0.5,2.578639209968072
Araguaçu,2020-09-03,386,7,7,0,4.214285714285714,0.07142857142857142,-0.5,2.586587304671755
Araguaçu,2020-09-04,394,8,7,0,4.357142857142857,0.07142857142857142,-0.5,2.595496221825574
Araguaçu,2020-09-05,410,16,7,0,5.428571428571429,0.07142857142857142,-0.5,2.6127838567197355
Araguaçu,2020-09-06,410,0,7,0,4.571428571428571,0.07142857142857142,-0.5,2.6127838567197355
Araguaçu,2020-09-07,410,0,7,0,4.571428571428571,0.07142857142857142,-0.5,2.6127838567197355
Araguaçu,2020-09-08,410,0,7,0,4.357142857142857,0.07142857142857142,-0.5,2.6127838567197355
Araguaçu,2020-09-09,425,15,7,0,5.428571428571429,0.07142857142857142,-0.5,2.6283889300503116
Araguaçu,2020-09-10,434,9,7,0,5.571428571428571,0.07142857142857142,-0.5,2.637489729512511
Araguaçu,2020-09-11,439,5,7,0,5.071428571428571,0.07142857142857142,0.0,2.6424645202421213
Araguaçu,2020-09-12,441,2,7,0,4.714285714285714,0.07142857142857142,0.0,2.6444385894678386
Araguaçu,2020-09-13,441,0,7,0,4.642857142857143,0.07142857142857142,0.0,2.6444385894678386
Araguaçu,2020-09-14,442,1,7,0,4.714285714285714,0.07142857142857142,0.0,2.645422269349092
Araguaçu,2020-09-15,446,4,7,0,4.857142857142857,0.07142857142857142,inf,2.649334858712142
Araguaçu,2020-09-16,448,2,7,0,4.928571428571429,0.0,-1.0,2.651278013998144
Araguaçu,2020-09-17,425,-23,7,0,2.7857142857142856,0.0,-1.0,2.6283889300503116
Araguaçu,2020-09-18,425,0,7,0,2.2142857142857144,0.0,-1.0,2.6283889300503116
Araguaçu,2020-09-19,431,6,7,0,1.5,0.0,-1.0,2.6344772701607315
Araguaçu,2020-09-20,431,0,7,0,1.5,0.0,-1.0,2.6344772701607315
Araguaçu,2020-09-21,432,1,7,0,1.5714285714285714,0.0,-1.0,2.635483746814912
Araguaçu,2020-09-22,434,2,7,0,1.7142857142857142,0.0,-1.0,2.637489729512511
Araguaçu,2020-09-23,436,2,7,0,0.7857142857142857,0.0,-1.0,2.639486489268586
Araguaçu,2020-09-24,435,-1,7,0,0.07142857142857142,0.0,-1.0,2.6384892569546374
Araguaçu,2020-09-25,436,1,7,0,-0.21428571428571427,0.0,-1.0,2.639486489268586
Araguaçu,2020-09-26,443,7,7,0,0.14285714285714285,0.0,-1.0,2.6464037262230695
Araguaçu,2020-09-27,443,0,7,0,0.14285714285714285,0.0,-1.0,2.6464037262230695
Araguaçu,2020-09-28,443,0,7,0,0.07142857142857142,0.0,-1.0,2.6464037262230695
Araguaçu,2020-09-29,446,3,7,0,0.0,0.0,-1.0,2.649334858712142
Araguaçu,2020-09-30,448,2,7,0,0.0,0.0,,2.651278013998144
Araguaçu,2020-10-01,450,2,7,0,1.7857142857142858,0.0,,2.6532125137753435
Araguaçu,2020-10-02,450,0,7,0,1.7857142857142858,0.0,,2.6532125137753435
Araguaçu,2020-10-03,451,1,7,0,1.4285714285714286,0.0,,2.6541765418779604
Araguaçu,2020-10-04,451,0,7,0,1.4285714285714286,0.0,,2.6541765418779604
Araguaçu,2020-10-05,451,0,7,0,1.3571428571428572,0.0,,2.6541765418779604
Araguaçu,2020-10-06,451,0,7,0,1.2142857142857142,0.0,,2.6541765418779604
Araguaçu,2020-10-07,465,14,7,0,2.0714285714285716,0.0,,2.667452952889954
Araguaçu,2020-10-08,466,1,7,0,2.2142857142857144,0.0,,2.66838591669
Araguaçu,2020-10-09,466,0,7,0,2.142857142857143,0.0,,2.66838591669
Araguaçu,2020-10-10,466,0,7,0,1.6428571428571428,0.0,,2.66838591669
Araguaçu,2020-10-11,466,0,7,0,1.6428571428571428,0.0,,2.66838591669
Araguaçu,2020-10-12,466,0,7,0,1.6428571428571428,0.0,,2.66838591669
Araguaçu,2020-10-13,468,2,7,0,1.5714285714285714,0.0,,2.670245853074124
Araguaçu,2020-10-14,475,7,7,0,1.9285714285714286,0.0,,2.6766936096248664
Araguaçu,2020-10-15,477,2,7,0,1.9285714285714286,0.0,,2.678518379040114
Araguaçu,2020-10-16,481,4,7,0,2.2142857142857144,0.0,,2.682145076373832
Araguaçu,2020-10-17,484,3,7,0,2.357142857142857,0.0,,2.6848453616444123
Araguaçu,2020-10-18,484,0,7,0,2.357142857142857,0.0,,2.6848453616444123
Araguaçu,2020-10-19,484,0,7,0,2.357142857142857,0.0,,2.6848453616444123
Araguaçu,2020-10-20,491,7,7,0,2.857142857142857,0.0,,2.6910814921229687
Araguaçu,2020-10-21,491,0,7,0,1.8571428571428572,0.0,,2.6910814921229687
Araguaçu,2020-10-22,490,-1,7,0,1.7142857142857142,0.0,,2.690196080028514
Araguaçu,2020-10-23,492,2,7,0,1.8571428571428572,0.0,,2.6919651027673606
Araguaçu,2020-10-24,493,1,7,0,1.9285714285714286,0.0,,2.69284691927723
Araguaçu,2020-10-25,493,0,7,0,1.9285714285714286,0.0,,2.69284691927723
Araguaçu,2020-10-26,493,0,7,0,1.9285714285714286,0.0,,2.69284691927723
Araguaçu,2020-10-27,494,1,7,0,1.8571428571428572,0.0,,2.693726948923647
Araguaçu,2020-10-28,494,0,7,0,1.3571428571428572,0.0,,2.693726948923647
Araguaçu,2020-10-29,494,0,7,0,1.2142857142857142,0.0,,2.693726948923647
Araguaçu,2020-10-30,494,0,7,0,0.9285714285714286,0.0,,2.693726948923647
Araguaçu,2020-10-31,494,0,7,0,0.7142857142857143,0.0,,2.693726948923647
Araguaçu,2020-11-01,494,0,7,0,0.7142857142857143,0.0,,2.693726948923647
Araguaçu,2020-11-02,494,0,7,0,0.7142857142857143,0.0,,2.693726948923647
Araguaçu,2020-11-03,494,0,7,0,0.21428571428571427,0.0,,2.693726948923647
Araguaçu,2020-11-04,495,1,7,0,0.2857142857142857,0.0,,2.694605198933569
Araguaçu,2020-11-05,499,4,7,0,0.6428571428571429,0.0,,2.6981005456233897
Araguaçu,2020-11-06,504,5,7,0,0.8571428571428571,0.0,,2.7024305364455254
Araguaçu,2020-11-07,506,2,8,1,0.9285714285714286,0.07142857142857142,inf,2.7041505168397992
Araguaçu,2020-11-08,506,0,8,0,0.9285714285714286,0.07142857142857142,inf,2.7041505168397992
Araguaçu,2020-11-09,507,1,8,0,1.0,0.07142857142857142,inf,2.705007959333336
Araguaçu,2020-11-10,510,3,8,0,1.1428571428571428,0.07142857142857142,inf,2.7075701760979363
Araguaçu,2020-11-11,511,1,9,1,1.2142857142857142,0.14285714285714285,inf,2.708420900134713
Araguaçu,2020-11-12,517,6,9,0,1.6428571428571428,0.14285714285714285,inf,2.7134905430939424
Araguaçu,2020-11-13,520,3,9,0,1.8571428571428572,0.14285714285714285,inf,2.716003343634799
Araguaçu,2020-11-14,527,7,9,0,2.357142857142857,0.14285714285714285,inf,2.7218106152125467
Araguaçu,2020-11-15,527,0,9,0,2.357142857142857,0.14285714285714285,inf,2.7218106152125467
Araguaçu,2020-11-16,527,0,9,0,2.357142857142857,0.14285714285714285,inf,2.7218106152125467
Araguaçu,2020-11-17,527,0,9,0,2.357142857142857,0.14285714285714285,inf,2.7218106152125467
Araguaçu,2020-11-18,527,0,9,0,2.2857142857142856,0.14285714285714285,inf,2.7218106152125467
Araguaçu,2020-11-19,527,0,9,0,2.0,0.14285714285714285,inf,2.7218106152125467
Araguaçu,2020-11-20,530,3,9,0,1.8571428571428572,0.14285714285714285,inf,2.724275869600789
Araguaçu,2020-11-21,535,5,9,0,2.0714285714285716,0.07142857142857142,0.0,2.7283537820212285
Araguaçu,2020-11-22,535,0,9,0,2.0714285714285716,0.07142857142857142,0.0,2.7283537820212285
Araguaçu,2020-11-23,535,0,9,0,2.0,0.07142857142857142,0.0,2.7283537820212285
Araguaçu,2020-11-24,538,3,9,0,2.0,0.07142857142857142,0.0,2.7307822756663893
Araguaçu,2020-11-25,539,1,9,0,2.0,0.0,-1.0,2.7315887651867388
Araguaçu,2020-11-26,537,-2,9,0,1.4285714285714286,0.0,-1.0,2.7299742856995555
Araguaçu,2020-11-27,539,2,9,0,1.3571428571428572,0.0,-1.0,2.7315887651867388
Araguaçu,2020-11-28,545,6,9,0,1.2857142857142858,0.0,-1.0,2.7363965022766426
Araguaçu,2020-11-29,545,0,9,0,1.2857142857142858,0.0,-1.0,2.7363965022766426
Araguaçu,2020-11-30,545,0,9,0,1.2857142857142858,0.0,-1.0,2.7363965022766426
Araguaçu,2020-12-01,546,1,9,0,1.3571428571428572,0.0,-1.0,2.7371926427047373
Araguaçu,2020-12-02,547,1,9,0,1.4285714285714286,0.0,-1.0,2.737987326333431
Araguaçu,2020-12-03,548,1,9,0,1.5,0.0,-1.0,2.738780558484369
Araguaçu,2020-12-04,548,0,9,0,1.2857142857142858,0.0,-1.0,2.738780558484369
Araguaçu,2020-12-05,548,0,9,0,0.9285714285714286,0.0,-1.0,2.738780558484369
Araguaçu,2020-12-06,548,0,9,0,0.9285714285714286,0.0,-1.0,2.738780558484369
Araguaçu,2020-12-07,548,0,9,0,0.9285714285714286,0.0,-1.0,2.738780558484369
Araguaçu,2020-12-08,551,3,9,0,0.9285714285714286,0.0,-1.0,2.741151598851785
Araguaçu,2020-12-09,551,0,9,0,0.8571428571428571,0.0,,2.741151598851785
Araguaçu,2020-12-10,551,0,9,0,1.0,0.0,,2.741151598851785
Araguaçu,2020-12-11,551,0,9,0,0.8571428571428571,0.0,,2.741151598851785
Araguaçu,2020-12-12,552,1,9,0,0.5,0.0,,2.741939077729199
Araguaçu,2020-12-13,552,0,9,0,0.5,0.0,,2.741939077729199
Araguaçu,2020-12-14,552,0,9,0,0.5,0.0,,2.741939077729199
Araguaçu,2020-12-15,552,0,9,0,0.42857142857142855,0.0,,2.741939077729199
Araguaçu,2020-12-16,552,0,9,0,0.35714285714285715,0.0,,2.741939077729199
Araguaçu,2020-12-17,552,0,9,0,0.2857142857142857,0.0,,2.741939077729199
Araguaçu,2020-12-18,552,0,9,0,0.2857142857142857,0.0,,2.741939077729199
Araguaçu,2020-12-19,552,0,9,0,0.2857142857142857,0.0,,2.741939077729199
Araguaçu,2020-12-20,552,0,9,0,0.2857142857142857,0.0,,2.741939077729199
Araguaçu,2020-12-21,552,0,9,0,0.2857142857142857,0.0,,2.741939077729199
Araguaçu,2020-12-22,552,0,9,0,0.07142857142857142,0.0,,2.741939077729199
Araguaçu,2020-12-23,552,0,9,0,0.07142857142857142,0.0,,2.741939077729199
Araguaçu,2020-12-24,554,2,9,0,0.21428571428571427,0.0,,2.74350976472843
Araguaçu,2020-12-25,554,0,9,0,0.21428571428571427,0.0,,2.74350976472843
Araguaçu,2020-12-26,554,0,9,0,0.14285714285714285,0.0,,2.74350976472843
Araguaçu,2020-12-27,554,0,9,0,0.14285714285714285,0.0,,2.74350976472843
Araguaçu,2020-12-28,554,0,9,0,0.14285714285714285,0.0,,2.74350976472843
Araguaçu,2020-12-29,555,1,9,0,0.21428571428571427,0.0,,2.7442929831226763
Araguaçu,2020-12-30,555,0,9,0,0.21428571428571427,0.0,,2.7442929831226763
Araguaçu,2020-12-31,556,1,9,0,0.2857142857142857,0.0,,2.7450747915820575
Araguaçu,2021-01-01,556,0,9,0,0.2857142857142857,0.0,,2.7450747915820575
Araguaçu,2021-01-02,556,0,9,0,0.2857142857142857,0.0,,2.7450747915820575
Araguaçu,2021-01-03,556,0,9,0,0.2857142857142857,0.0,,2.7450747915820575
Araguaçu,2021-01-04,556,0,9,0,0.2857142857142857,0.0,,2.7450747915820575
Araguaçu,2021-01-05,556,0,9,0,0.2857142857142857,0.0,,2.7450747915820575
Araguaçu,2021-01-06,556,0,9,0,0.2857142857142857,0.0,,2.7450747915820575
Araguaçu,2021-01-07,557,1,9,0,0.21428571428571427,0.0,,2.745855195173729
Araguaçu,2021-01-08,557,0,9,0,0.21428571428571427,0.0,,2.745855195173729
Araguaçu,2021-01-09,568,11,9,0,1.0,0.0,,2.754348335711019
Araguaçu,2021-01-10,568,0,9,0,1.0,0.0,,2.754348335711019
Araguaçu,2021-01-11,568,0,9,0,1.0,0.0,,2.754348335711019
Araguaçu,2021-01-12,574,6,9,0,1.3571428571428572,0.0,,2.7589118923979736
Araguaçu,2021-01-13,575,1,9,0,1.4285714285714286,0.0,,2.7596678446896306
Araguaçu,2021-01-14,577,2,9,0,1.5,0.0,,2.7611758131557314
Araguaçu,2021-01-15,577,0,9,0,1.5,0.0,,2.7611758131557314
Araguaçu,2021-01-16,582,5,9,0,1.8571428571428572,0.0,,2.7649229846498886
Araguaçu,2021-01-17,582,0,9,0,1.8571428571428572,0.0,,2.7649229846498886
Araguaçu,2021-01-18,592,10,9,0,2.5714285714285716,0.0,,2.77232170672292
Araguaçu,2021-01-19,598,6,9,0,3.0,0.0,,2.776701183988411
Araguaçu,2021-01-20,597,-1,9,0,2.9285714285714284,0.0,,2.775974331129369
Araguanã,2020-03-27,0,0,0,0,,,,0.0
Araguanã,2020-03-28,0,0,0,0,,,,0.0
Araguanã,2020-03-29,0,0,0,0,,,,0.0
Araguanã,2020-03-30,0,0,0,0,,,,0.0
Araguanã,2020-03-31,0,0,0,0,,,,0.0
Araguanã,2020-04-01,0,0,0,0,,,,0.0
Araguanã,2020-04-02,0,0,0,0,,,,0.0
Araguanã,2020-04-03,0,0,0,0,,,,0.0
Araguanã,2020-04-04,0,0,0,0,,,,0.0
Araguanã,2020-04-05,0,0,0,0,,,,0.0
Araguanã,2020-04-06,0,0,0,0,,,,0.0
Araguanã,2020-04-07,0,0,0,0,,,,0.0
Araguanã,2020-04-08,0,0,0,0,,,,0.0
Araguanã,2020-04-09,0,0,0,0,0.0,0.0,,0.0
Araguanã,2020-04-10,0,0,0,0,0.0,0.0,,0.0
Araguanã,2020-04-11,0,0,0,0,0.0,0.0,,0.0
Araguanã,2020-04-12,0,0,0,0,0.0,0.0,,0.0
Araguanã,2020-04-13,0,0,0,0,0.0,0.0,,0.0
Araguanã,2020-04-14,0,0,0,0,0.0,0.0,,0.0
Araguanã,2020-04-15,0,0,0,0,0.0,0.0,,0.0
Araguanã,2020-04-16,0,0,0,0,0.0,0.0,,0.0
Araguanã,2020-04-17,0,0,0,0,0.0,0.0,,0.0
Araguanã,2020-04-18,0,0,0,0,0.0,0.0,,0.0
Araguanã,2020-04-19,0,0,0,0,0.0,0.0,,0.0
Araguanã,2020-04-20,0,0,0,0,0.0,0.0,,0.0
Araguanã,2020-04-21,0,0,0,0,0.0,0.0,,0.0
Araguanã,2020-04-22,0,0,0,0,0.0,0.0,,0.0
Araguanã,2020-04-23,0,0,0,0,0.0,0.0,,0.0
Araguanã,2020-04-24,0,0,0,0,0.0,0.0,,0.0
Araguanã,2020-04-25,0,0,0,0,0.0,0.0,,0.0
Araguanã,2020-04-26,0,0,0,0,0.0,0.0,,0.0
Araguanã,2020-04-27,0,0,0,0,0.0,0.0,,0.0
Araguanã,2020-04-28,0,0,0,0,0.0,0.0,,0.0
Araguanã,2020-04-29,0,0,0,0,0.0,0.0,,0.0
Araguanã,2020-04-30,0,0,0,0,0.0,0.0,,0.0
Araguanã,2020-05-01,0,0,0,0,0.0,0.0,,0.0
Araguanã,2020-05-02,0,0,0,0,0.0,0.0,,0.0
Araguanã,2020-05-03,0,0,0,0,0.0,0.0,,0.0
Araguanã,2020-05-04,0,0,0,0,0.0,0.0,,0.0
Araguanã,2020-05-05,0,0,0,0,0.0,0.0,,0.0
Araguanã,2020-05-06,0,0,0,0,0.0,0.0,,0.0
Araguanã,2020-05-07,0,0,0,0,0.0,0.0,,0.0
Araguanã,2020-05-08,0,0,0,0,0.0,0.0,,0.0
Araguanã,2020-05-09,0,0,0,0,0.0,0.0,,0.0
Araguanã,2020-05-10,0,0,0,0,0.0,0.0,,0.0
Araguanã,2020-05-11,0,0,0,0,0.0,0.0,,0.0
Araguanã,2020-05-12,0,0,0,0,0.0,0.0,,0.0
Araguanã,2020-05-13,0,0,0,0,0.0,0.0,,0.0
Araguanã,2020-05-14,0,0,0,0,0.0,0.0,,0.0
Araguanã,2020-05-15,0,0,0,0,0.0,0.0,,0.0
Araguanã,2020-05-16,0,0,0,0,0.0,0.0,,0.0
Araguanã,2020-05-17,0,0,0,0,0.0,0.0,,0.0
Araguanã,2020-05-18,0,0,0,0,0.0,0.0,,0.0
Araguanã,2020-05-19,0,0,0,0,0.0,0.0,,0.0
Araguanã,2020-05-20,0,0,0,0,0.0,0.0,,0.0
Araguanã,2020-05-21,0,0,0,0,0.0,0.0,,0.0
Araguanã,2020-05-22,0,0,0,0,0.0,0.0,,0.0
Araguanã,2020-05-23,1,1,0,0,0.07142857142857142,0.0,,0.0
Araguanã,2020-05-24,0,-1,0,0,0.0,0.0,,0.0
Araguanã,2020-05-25,0,0,0,0,0.0,0.0,,0.0
Araguanã,2020-05-26,1,1,0,0,0.07142857142857142,0.0,,0.0
Araguanã,2020-05-27,1,0,0,0,0.07142857142857142,0.0,,0.0
Araguanã,2020-05-28,1,0,0,0,0.07142857142857142,0.0,,0.0
Araguanã,2020-05-29,2,1,0,0,0.14285714285714285,0.0,,0.3010299956639812
Araguanã,2020-05-30,3,1,0,0,0.21428571428571427,0.0,,0.47712125471966244
Araguanã,2020-05-31,3,0,0,0,0.21428571428571427,0.0,,0.47712125471966244
Araguanã,2020-06-01,3,0,0,0,0.21428571428571427,0.0,,0.47712125471966244
Araguanã,2020-06-02,5,2,0,0,0.35714285714285715,0.0,,0.6989700043360189
Araguanã,2020-06-03,5,0,0,0,0.35714285714285715,0.0,,0.6989700043360189
Araguanã,2020-06-04,5,0,0,0,0.35714285714285715,0.0,,0.6989700043360189
Araguanã,2020-06-05,7,2,0,0,0.5,0.0,,0.8450980400142568
Araguanã,2020-06-06,5,-2,0,0,0.2857142857142857,0.0,,0.6989700043360189
Araguanã,2020-06-07,11,6,0,0,0.7857142857142857,0.0,,1.041392685158225
Araguanã,2020-06-08,11,0,0,0,0.7857142857142857,0.0,,1.041392685158225
Araguanã,2020-06-09,11,0,0,0,0.7142857142857143,0.0,,1.041392685158225
Araguanã,2020-06-10,11,0,0,0,0.7142857142857143,0.0,,1.041392685158225
Araguanã,2020-06-11,14,3,0,0,0.9285714285714286,0.0,,1.146128035678238
Araguanã,2020-06-12,14,0,0,0,0.8571428571428571,0.0,,1.146128035678238
Araguanã,2020-06-13,18,4,0,0,1.0714285714285714,0.0,,1.255272505103306
Araguanã,2020-06-14,18,0,0,0,1.0714285714285714,0.0,,1.255272505103306
Araguanã,2020-06-15,22,4,0,0,1.3571428571428572,0.0,,1.3424226808222062
Araguanã,2020-06-16,22,0,0,0,1.2142857142857142,0.0,,1.3424226808222062
Araguanã,2020-06-17,23,1,0,0,1.2857142857142858,0.0,,1.3617278360175928
Araguanã,2020-06-18,24,1,0,0,1.3571428571428572,0.0,,1.380211241711606
Araguanã,2020-06-19,24,0,0,0,1.2142857142857142,0.0,,1.380211241711606
Araguanã,2020-06-20,24,0,1,1,1.3571428571428572,0.07142857142857142,inf,1.380211241711606
Araguanã,2020-06-21,24,0,1,0,0.9285714285714286,0.07142857142857142,inf,1.380211241711606
Araguanã,2020-06-22,24,0,1,0,0.9285714285714286,0.07142857142857142,inf,1.380211241711606
Araguanã,2020-06-23,27,3,1,0,1.1428571428571428,0.07142857142857142,inf,1.4313637641589874
Araguanã,2020-06-24,27,0,1,0,1.1428571428571428,0.07142857142857142,inf,1.4313637641589874
Araguanã,2020-06-25,29,2,1,0,1.0714285714285714,0.07142857142857142,inf,1.462397997898956
Araguanã,2020-06-26,29,0,1,0,1.0714285714285714,0.07142857142857142,inf,1.462397997898956
Araguanã,2020-06-27,29,0,1,0,0.7857142857142857,0.07142857142857142,inf,1.462397997898956
Araguanã,2020-06-28,30,1,1,0,0.8571428571428571,0.07142857142857142,inf,1.4771212547196624
Araguanã,2020-06-29,31,1,1,0,0.6428571428571429,0.07142857142857142,inf,1.4913616938342726
Araguanã,2020-06-30,33,2,1,0,0.7857142857142857,0.07142857142857142,inf,1.5185139398778875
Araguanã,2020-07-01,35,2,1,0,0.8571428571428571,0.07142857142857142,inf,1.5440680443502757
Araguanã,2020-07-02,34,-1,1,0,0.7142857142857143,0.07142857142857142,inf,1.5314789170422551
Araguanã,2020-07-03,34,0,1,0,0.7142857142857143,0.07142857142857142,inf,1.5314789170422551
Araguanã,2020-07-04,34,0,1,0,0.7142857142857143,0.0,-1.0,1.5314789170422551
Araguanã,2020-07-05,34,0,1,0,0.7142857142857143,0.0,-1.0,1.5314789170422551
Araguanã,2020-07-06,35,1,1,0,0.7857142857142857,0.0,-1.0,1.5440680443502757
Araguanã,2020-07-07,36,1,1,0,0.6428571428571429,0.0,-1.0,1.5563025007672873
Araguanã,2020-07-08,37,1,1,0,0.7142857142857143,0.0,-1.0,1.568201724066995
Araguanã,2020-07-09,42,5,1,0,0.9285714285714286,0.0,-1.0,1.6232492903979006
Araguanã,2020-07-10,42,0,1,0,0.9285714285714286,0.0,-1.0,1.6232492903979006
Araguanã,2020-07-11,43,1,1,0,1.0,0.0,-1.0,1.6334684555795866
Araguanã,2020-07-12,43,0,1,0,0.9285714285714286,0.0,-1.0,1.6334684555795866
Araguanã,2020-07-13,43,0,2,1,0.8571428571428571,0.07142857142857142,0.0,1.6334684555795866
Araguanã,2020-07-14,43,0,2,0,0.7142857142857143,0.07142857142857142,0.0,1.6334684555795866
Araguanã,2020-07-15,38,-5,2,0,0.21428571428571427,0.07142857142857142,0.0,1.5797835966168101
Araguanã,2020-07-16,39,1,2,0,0.35714285714285715,0.07142857142857142,0.0,1.591064607026499
Araguanã,2020-07-17,40,1,2,0,0.42857142857142855,0.07142857142857142,0.0,1.6020599913279625
Araguanã,2020-07-18,40,0,2,0,0.42857142857142855,0.07142857142857142,inf,1.6020599913279625
Araguanã,2020-07-19,41,1,2,0,0.5,0.07142857142857142,inf,1.6127838567197355
Araguanã,2020-07-20,41,0,2,0,0.42857142857142855,0.07142857142857142,inf,1.6127838567197355
Araguanã,2020-07-21,44,3,2,0,0.5714285714285714,0.07142857142857142,inf,1.6434526764861874
Araguanã,2020-07-22,49,5,2,0,0.8571428571428571,0.07142857142857142,inf,1.6901960800285136
Araguanã,2020-07-23,53,4,2,0,0.7857142857142857,0.07142857142857142,inf,1.7242758696007892
Araguanã,2020-07-24,53,0,2,0,0.7857142857142857,0.07142857142857142,inf,1.7242758696007892
Araguanã,2020-07-25,54,1,2,0,0.7857142857142857,0.07142857142857142,inf,1.7323937598229686
Araguanã,2020-07-26,56,2,2,0,0.9285714285714286,0.07142857142857142,inf,1.7481880270062005
Araguanã,2020-07-27,56,0,2,0,0.9285714285714286,0.0,-1.0,1.7481880270062005
Araguanã,2020-07-28,64,8,3,1,1.5,0.07142857142857142,0.0,1.806179973983887
Araguanã,2020-07-29,65,1,3,0,1.9285714285714286,0.07142857142857142,0.0,1.8129133566428555
Araguanã,2020-07-30,66,1,3,0,1.9285714285714286,0.07142857142857142,0.0,1.8195439355418688
Araguanã,2020-07-31,67,1,3,0,1.9285714285714286,0.07142857142857142,0.0,1.8260748027008264
Araguanã,2020-08-01,67,0,3,0,1.9285714285714286,0.07142857142857142,0.0,1.8260748027008264
Araguanã,2020-08-02,70,3,3,0,2.0714285714285716,0.07142857142857142,0.0,1.845098040014257
Araguanã,2020-08-03,71,1,3,0,2.142857142857143,0.07142857142857142,0.0,1.8512583487190752
Araguanã,2020-08-04,72,1,3,0,2.0,0.07142857142857142,0.0,1.8573324964312685
Araguanã,2020-08-05,73,1,3,0,1.7142857142857142,0.07142857142857142,0.0,1.863322860120456
Araguanã,2020-08-06,75,2,3,0,1.5714285714285714,0.07142857142857142,0.0,1.8750612633917
Araguanã,2020-08-07,76,1,3,0,1.6428571428571428,0.07142857142857142,0.0,1.8808135922807914
Araguanã,2020-08-08,77,1,3,0,1.6428571428571428,0.07142857142857142,0.0,1.8864907251724818
Araguanã,2020-08-09,77,0,3,0,1.5,0.07142857142857142,0.0,1.8864907251724818
Araguanã,2020-08-10,77,0,3,0,1.5,0.07142857142857142,inf,1.8864907251724818
Araguanã,2020-08-11,78,1,3,0,1.0,0.0,-1.0,1.8920946026904804
Araguanã,2020-08-12,78,0,4,1,0.9285714285714286,0.07142857142857142,0.0,1.8920946026904804
Araguanã,2020-08-13,78,0,4,0,0.8571428571428571,0.07142857142857142,0.0,1.8920946026904804
Araguanã,2020-08-14,70,-8,4,0,0.21428571428571427,0.07142857142857142,0.0,1.845098040014257
Araguanã,2020-08-15,71,1,5,1,0.2857142857142857,0.14285714285714285,1.0,1.8512583487190752
Araguanã,2020-08-16,71,0,5,0,0.07142857142857142,0.14285714285714285,1.0,1.8512583487190752
Araguanã,2020-08-17,71,0,5,0,0.0,0.14285714285714285,1.0,1.8512583487190752
Araguanã,2020-08-18,71,0,5,0,-0.07142857142857142,0.14285714285714285,1.0,1.8512583487190752
Araguanã,2020-08-19,74,3,5,0,0.07142857142857142,0.14285714285714285,1.0,1.8692317197309762
Araguanã,2020-08-20,75,1,5,0,0.0,0.14285714285714285,1.0,1.8750612633917
Araguanã,2020-08-21,77,2,5,0,0.07142857142857142,0.14285714285714285,1.0,1.8864907251724818
Araguanã,2020-08-22,80,3,5,0,0.21428571428571427,0.14285714285714285,1.0,1.9030899869919435
Araguanã,2020-08-23,81,1,5,0,0.2857142857142857,0.14285714285714285,1.0,1.9084850188786497
Araguanã,2020-08-24,82,1,5,0,0.35714285714285715,0.14285714285714285,1.0,1.9138138523837167
Araguanã,2020-08-25,90,8,5,0,0.8571428571428571,0.14285714285714285,inf,1.9542425094393248
Araguanã,2020-08-26,90,0,5,0,0.8571428571428571,0.07142857142857142,0.0,1.9542425094393248
Araguanã,2020-08-27,100,10,5,0,1.5714285714285714,0.07142857142857142,0.0,2.0
Araguanã,2020-08-28,113,13,5,0,3.0714285714285716,0.07142857142857142,0.0,2.05307844348342
Araguanã,2020-08-29,122,9,5,0,3.642857142857143,0.0,-1.0,2.0863598306747484
Araguanã,2020-08-30,122,0,5,0,3.642857142857143,0.0,-1.0,2.0863598306747484
Araguanã,2020-08-31,122,0,5,0,3.642857142857143,0.0,-1.0,2.0863598306747484
Araguanã,2020-09-01,132,10,5,0,4.357142857142857,0.0,-1.0,2.12057393120585
Araguanã,2020-09-02,141,9,6,1,4.785714285714286,0.07142857142857142,-0.5,2.1492191126553797
Araguanã,2020-09-03,154,13,6,0,5.642857142857143,0.07142857142857142,-0.5,2.187520720836463
Araguanã,2020-09-04,156,2,6,0,5.642857142857143,0.07142857142857142,-0.5,2.1931245983544616
Araguanã,2020-09-05,157,1,6,0,5.5,0.07142857142857142,-0.5,2.1958996524092336
Araguanã,2020-09-06,158,1,6,0,5.5,0.07142857142857142,-0.5,2.1986570869544226
Araguanã,2020-09-07,158,0,6,0,5.428571428571429,0.07142857142857142,-0.5,2.1986570869544226
Araguanã,2020-09-08,158,0,6,0,4.857142857142857,0.07142857142857142,-0.5,2.1986570869544226
Araguanã,2020-09-09,158,0,6,0,4.857142857142857,0.07142857142857142,0.0,2.1986570869544226
Araguanã,2020-09-10,163,5,6,0,4.5,0.07142857142857142,0.0,2.2121876044039577
Araguanã,2020-09-11,167,4,7,1,3.857142857142857,0.14285714285714285,1.0,2.2227164711475833
Araguanã,2020-09-12,167,0,7,0,3.2142857142857144,0.14285714285714285,inf,2.2227164711475833
Araguanã,2020-09-13,167,0,7,0,3.2142857142857144,0.14285714285714285,inf,2.2227164711475833
Araguanã,2020-09-14,167,0,7,0,3.2142857142857144,0.14285714285714285,inf,2.2227164711475833
Araguanã,2020-09-15,168,1,7,0,2.5714285714285716,0.14285714285714285,inf,2.225309281725863
Araguanã,2020-09-16,168,0,7,0,1.9285714285714286,0.07142857142857142,0.0,2.225309281725863
Araguanã,2020-09-17,168,0,7,0,1.0,0.07142857142857142,0.0,2.225309281725863
Araguanã,2020-09-18,168,0,8,1,0.8571428571428571,0.14285714285714285,1.0,2.225309281725863
Araguanã,2020-09-19,168,0,8,0,0.7857142857142857,0.14285714285714285,1.0,2.225309281725863
Araguanã,2020-09-20,168,0,8,0,0.7142857142857143,0.14285714285714285,1.0,2.225309281725863
Araguanã,2020-09-21,168,0,8,0,0.7142857142857143,0.14285714285714285,1.0,2.225309281725863
Araguanã,2020-09-22,168,0,8,0,0.7142857142857143,0.14285714285714285,1.0,2.225309281725863
Araguanã,2020-09-23,168,0,8,0,0.7142857142857143,0.14285714285714285,1.0,2.225309281725863
Araguanã,2020-09-24,168,0,8,0,0.35714285714285715,0.14285714285714285,1.0,2.225309281725863
Araguanã,2020-09-25,169,1,8,0,0.14285714285714285,0.07142857142857142,-0.5,2.2278867046136734
Araguanã,2020-09-26,169,0,8,0,0.14285714285714285,0.07142857142857142,-0.5,2.2278867046136734
Araguanã,2020-09-27,169,0,8,0,0.14285714285714285,0.07142857142857142,-0.5,2.2278867046136734
Araguanã,2020-09-28,169,0,8,0,0.14285714285714285,0.07142857142857142,-0.5,2.2278867046136734
Araguanã,2020-09-29,169,0,8,0,0.07142857142857142,0.07142857142857142,-0.5,2.2278867046136734
Araguanã,2020-09-30,169,0,8,0,0.07142857142857142,0.07142857142857142,0.0,2.2278867046136734
Araguanã,2020-10-01,169,0,8,0,0.07142857142857142,0.07142857142857142,0.0,2.2278867046136734
Araguanã,2020-10-02,169,0,8,0,0.07142857142857142,0.0,-1.0,2.2278867046136734
Araguanã,2020-10-03,169,0,8,0,0.07142857142857142,0.0,-1.0,2.2278867046136734
Araguanã,2020-10-04,169,0,8,0,0.07142857142857142,0.0,-1.0,2.2278867046136734
Araguanã,2020-10-05,169,0,8,0,0.07142857142857142,0.0,-1.0,2.2278867046136734
Araguanã,2020-10-06,169,0,8,0,0.07142857142857142,0.0,-1.0,2.2278867046136734
Araguanã,2020-10-07,169,0,8,0,0.07142857142857142,0.0,-1.0,2.2278867046136734
Araguanã,2020-10-08,169,0,8,0,0.07142857142857142,0.0,-1.0,2.2278867046136734
Araguanã,2020-10-09,169,0,8,0,0.0,0.0,-1.0,2.2278867046136734
Araguanã,2020-10-10,169,0,8,0,0.0,0.0,-1.0,2.2278867046136734
Araguanã,2020-10-11,169,0,8,0,0.0,0.0,-1.0,2.2278867046136734
Araguanã,2020-10-12,169,0,8,0,0.0,0.0,-1.0,2.2278867046136734
Araguanã,2020-10-13,169,0,8,0,0.0,0.0,-1.0,2.2278867046136734
Araguanã,2020-10-14,169,0,8,0,0.0,0.0,-1.0,2.2278867046136734
Araguanã,2020-10-15,170,1,8,0,0.07142857142857142,0.0,-1.0,2.230448921378274
Araguanã,2020-10-16,170,0,8,0,0.07142857142857142,0.0,,2.230448921378274
Araguanã,2020-10-17,170,0,8,0,0.07142857142857142,0.0,,2.230448921378274
Araguanã,2020-10-18,170,0,8,0,0.07142857142857142,0.0,,2.230448921378274
Araguanã,2020-10-19,170,0,8,0,0.07142857142857142,0.0,,2.230448921378274
Araguanã,2020-10-20,170,0,8,0,0.07142857142857142,0.0,,2.230448921378274
Araguanã,2020-10-21,170,0,8,0,0.07142857142857142,0.0,,2.230448921378274
Araguanã,2020-10-22,170,0,8,0,0.07142857142857142,0.0,,2.230448921378274
Araguanã,2020-10-23,170,0,8,0,0.07142857142857142,0.0,,2.230448921378274
Araguanã,2020-10-24,171,1,8,0,0.14285714285714285,0.0,,2.2329961103921536
Araguanã,2020-10-25,171,0,8,0,0.14285714285714285,0.0,,2.2329961103921536
Araguanã,2020-10-26,171,0,8,0,0.14285714285714285,0.0,,2.2329961103921536
Araguanã,2020-10-27,171,0,8,0,0.14285714285714285,0.0,,2.2329961103921536
Araguanã,2020-10-28,171,0,8,0,0.14285714285714285,0.0,,2.2329961103921536
Araguanã,2020-10-29,171,0,8,0,0.07142857142857142,0.0,,2.2329961103921536
Araguanã,2020-10-30,171,0,8,0,0.07142857142857142,0.0,,2.2329961103921536
Araguanã,2020-10-31,171,0,8,0,0.07142857142857142,0.0,,2.2329961103921536
Araguanã,2020-11-01,171,0,8,0,0.07142857142857142,0.0,,2.2329961103921536
Araguanã,2020-11-02,171,0,8,0,0.07142857142857142,0.0,,2.2329961103921536
Araguanã,2020-11-03,171,0,8,0,0.07142857142857142,0.0,,2.2329961103921536
Araguanã,2020-11-04,171,0,8,0,0.07142857142857142,0.0,,2.2329961103921536
Araguanã,2020-11-05,171,0,8,0,0.07142857142857142,0.0,,2.2329961103921536
Araguanã,2020-11-06,173,2,8,0,0.21428571428571427,0.0,,2.2380461031287955
Araguanã,2020-11-07,173,0,8,0,0.14285714285714285,0.0,,2.2380461031287955
Araguanã,2020-11-08,173,0,8,0,0.14285714285714285,0.0,,2.2380461031287955
Araguanã,2020-11-09,173,0,8,0,0.14285714285714285,0.0,,2.2380461031287955
Araguanã,2020-11-10,173,0,8,0,0.14285714285714285,0.0,,2.2380461031287955
Araguanã,2020-11-11,173,0,8,0,0.14285714285714285,0.0,,2.2380461031287955
Araguanã,2020-11-12,174,1,8,0,0.21428571428571427,0.0,,2.2405492482825995
Araguanã,2020-11-13,174,0,8,0,0.21428571428571427,0.0,,2.2405492482825995
Araguanã,2020-11-14,173,-1,8,0,0.14285714285714285,0.0,,2.2380461031287955
Araguanã,2020-11-15,173,0,8,0,0.14285714285714285,0.0,,2.2380461031287955
Araguanã,2020-11-16,173,0,8,0,0.14285714285714285,0.0,,2.2380461031287955
Araguanã,2020-11-17,173,0,8,0,0.14285714285714285,0.0,,2.2380461031287955
Araguanã,2020-11-18,173,0,8,0,0.14285714285714285,0.0,,2.2380461031287955
Araguanã,2020-11-19,173,0,8,0,0.14285714285714285,0.0,,2.2380461031287955
Araguanã,2020-11-20,173,0,8,0,0.0,0.0,,2.2380461031287955
Araguanã,2020-11-21,173,0,8,0,0.0,0.0,,2.2380461031287955
Araguanã,2020-11-22,173,0,8,0,0.0,0.0,,2.2380461031287955
Araguanã,2020-11-23,173,0,8,0,0.0,0.0,,2.2380461031287955
Araguanã,2020-11-24,173,0,8,0,0.0,0.0,,2.2380461031287955
Araguanã,2020-11-25,173,0,8,0,0.0,0.0,,2.2380461031287955
Araguanã,2020-11-26,173,0,8,0,-0.07142857142857142,0.0,,2.2380461031287955
Araguanã,2020-11-27,173,0,8,0,-0.07142857142857142,0.0,,2.2380461031287955
Araguanã,2020-11-28,174,1,8,0,0.07142857142857142,0.0,,2.2405492482825995
Araguanã,2020-11-29,175,1,9,1,0.14285714285714285,0.07142857142857142,inf,2.2430380486862944
Araguanã,2020-11-30,175,0,9,0,0.14285714285714285,0.07142857142857142,inf,2.2430380486862944
Araguanã,2020-12-01,175,0,9,0,0.14285714285714285,0.07142857142857142,inf,2.2430380486862944
Araguanã,2020-12-02,175,0,9,0,0.14285714285714285,0.07142857142857142,inf,2.2430380486862944
Araguanã,2020-12-03,175,0,9,0,0.14285714285714285,0.07142857142857142,inf,2.2430380486862944
Araguanã,2020-12-04,177,2,9,0,0.2857142857142857,0.07142857142857142,inf,2.2479732663618064
Araguanã,2020-12-05,177,0,9,0,0.2857142857142857,0.07142857142857142,inf,2.2479732663618064
Araguanã,2020-12-06,177,0,9,0,0.2857142857142857,0.07142857142857142,inf,2.2479732663618064
Araguanã,2020-12-07,177,0,9,0,0.2857142857142857,0.07142857142857142,inf,2.2479732663618064
Araguanã,2020-12-08,178,1,9,0,0.35714285714285715,0.07142857142857142,inf,2.250420002308894
Araguanã,2020-12-09,178,0,9,0,0.35714285714285715,0.07142857142857142,inf,2.250420002308894
Araguanã,2020-12-10,178,0,9,0,0.35714285714285715,0.07142857142857142,inf,2.250420002308894
Araguanã,2020-12-11,178,0,9,0,0.35714285714285715,0.07142857142857142,inf,2.250420002308894
Araguanã,2020-12-12,178,0,9,0,0.2857142857142857,0.07142857142857142,inf,2.250420002308894
Araguanã,2020-12-13,178,0,9,0,0.21428571428571427,0.0,-1.0,2.250420002308894
Araguanã,2020-12-14,178,0,9,0,0.21428571428571427,0.0,-1.0,2.250420002308894
Araguanã,2020-12-15,178,0,9,0,0.21428571428571427,0.0,-1.0,2.250420002308894
Araguanã,2020-12-16,178,0,9,0,0.21428571428571427,0.0,-1.0,2.250420002308894
Araguanã,2020-12-17,178,0,9,0,0.21428571428571427,0.0,-1.0,2.250420002308894
Araguanã,2020-12-18,178,0,9,0,0.07142857142857142,0.0,-1.0,2.250420002308894
Araguanã,2020-12-19,179,1,9,0,0.14285714285714285,0.0,-1.0,2.2528530309798933
Araguanã,2020-12-20,179,0,9,0,0.14285714285714285,0.0,-1.0,2.2528530309798933
Araguanã,2020-12-21,179,0,9,0,0.14285714285714285,0.0,-1.0,2.2528530309798933
Araguanã,2020-12-22,179,0,9,0,0.07142857142857142,0.0,-1.0,2.2528530309798933
Araguanã,2020-12-23,179,0,9,0,0.07142857142857142,0.0,-1.0,2.2528530309798933
Araguanã,2020-12-24,179,0,9,0,0.07142857142857142,0.0,-1.0,2.2528530309798933
Araguanã,2020-12-25,179,0,9,0,0.07142857142857142,0.0,-1.0,2.2528530309798933
Araguanã,2020-12-26,179,0,9,0,0.07142857142857142,0.0,-1.0,2.2528530309798933
Araguanã,2020-12-27,179,0,9,0,0.07142857142857142,0.0,,2.2528530309798933
Araguanã,2020-12-28,179,0,9,0,0.07142857142857142,0.0,,2.2528530309798933
Araguanã,2020-12-29,179,0,9,0,0.07142857142857142,0.0,,2.2528530309798933
Araguanã,2020-12-30,179,0,9,0,0.07142857142857142,0.0,,2.2528530309798933
Araguanã,2020-12-31,179,0,9,0,0.07142857142857142,0.0,,2.2528530309798933
Araguanã,2021-01-01,179,0,9,0,0.07142857142857142,0.0,,2.2528530309798933
Araguanã,2021-01-02,179,0,9,0,0.0,0.0,,2.2528530309798933
Araguanã,2021-01-03,179,0,9,0,0.0,0.0,,2.2528530309798933
Araguanã,2021-01-04,179,0,9,0,0.0,0.0,,2.2528530309798933
Araguanã,2021-01-05,179,0,9,0,0.0,0.0,,2.2528530309798933
Araguanã,2021-01-06,179,0,9,0,0.0,0.0,,2.2528530309798933
Araguanã,2021-01-07,180,1,9,0,0.07142857142857142,0.0,,2.255272505103306
Araguanã,2021-01-08,180,0,9,0,0.07142857142857142,0.0,,2.255272505103306
Araguanã,2021-01-09,180,0,9,0,0.07142857142857142,0.0,,2.255272505103306
Araguanã,2021-01-10,180,0,9,0,0.07142857142857142,0.0,,2.255272505103306
Araguanã,2021-01-11,180,0,9,0,0.07142857142857142,0.0,,2.255272505103306
Araguanã,2021-01-12,180,0,9,0,0.07142857142857142,0.0,,2.255272505103306
Araguanã,2021-01-13,181,1,10,1,0.14285714285714285,0.07142857142857142,inf,2.2576785748691846
Araguanã,2021-01-14,181,0,10,0,0.14285714285714285,0.07142857142857142,inf,2.2576785748691846
Araguanã,2021-01-15,182,1,11,1,0.21428571428571427,0.14285714285714285,inf,2.2600713879850747
Araguanã,2021-01-16,181,-1,11,0,0.14285714285714285,0.14285714285714285,inf,2.2576785748691846
Araguanã,2021-01-17,181,0,11,0,0.14285714285714285,0.14285714285714285,inf,2.2576785748691846
Araguanã,2021-01-18,182,1,11,0,0.21428571428571427,0.14285714285714285,inf,2.2600713879850747
Araguanã,2021-01-19,183,1,11,0,0.2857142857142857,0.14285714285714285,inf,2.2624510897304293
Araguanã,2021-01-20,184,1,11,0,0.35714285714285715,0.14285714285714285,inf,2.2648178230095364
Araguatins,2020-03-27,0,0,0,0,,,,0.0
Araguatins,2020-03-28,0,0,0,0,,,,0.0
Araguatins,2020-03-29,0,0,0,0,,,,0.0
Araguatins,2020-03-30,0,0,0,0,,,,0.0
Araguatins,2020-03-31,0,0,0,0,,,,0.0
Araguatins,2020-04-01,0,0,0,0,,,,0.0
Araguatins,2020-04-02,0,0,0,0,,,,0.0
Araguatins,2020-04-03,0,0,0,0,,,,0.0
Araguatins,2020-04-04,0,0,0,0,,,,0.0
Araguatins,2020-04-05,0,0,0,0,,,,0.0
Araguatins,2020-04-06,0,0,0,0,,,,0.0
Araguatins,2020-04-07,0,0,0,0,,,,0.0
Araguatins,2020-04-08,0,0,0,0,,,,0.0
Araguatins,2020-04-09,0,0,0,0,0.0,0.0,,0.0
Araguatins,2020-04-10,0,0,0,0,0.0,0.0,,0.0
Araguatins,2020-04-11,0,0,0,0,0.0,0.0,,0.0
Araguatins,2020-04-12,0,0,0,0,0.0,0.0,,0.0
Araguatins,2020-04-13,0,0,0,0,0.0,0.0,,0.0
Araguatins,2020-04-14,0,0,0,0,0.0,0.0,,0.0
Araguatins,2020-04-15,0,0,0,0,0.0,0.0,,0.0
Araguatins,2020-04-16,0,0,0,0,0.0,0.0,,0.0
Araguatins,2020-04-17,0,0,0,0,0.0,0.0,,0.0
Araguatins,2020-04-18,0,0,0,0,0.0,0.0,,0.0
Araguatins,2020-04-19,0,0,0,0,0.0,0.0,,0.0
Araguatins,2020-04-20,0,0,0,0,0.0,0.0,,0.0
Araguatins,2020-04-21,0,0,0,0,0.0,0.0,,0.0
Araguatins,2020-04-22,0,0,0,0,0.0,0.0,,0.0
Araguatins,2020-04-23,0,0,0,0,0.0,0.0,,0.0
Araguatins,2020-04-24,0,0,0,0,0.0,0.0,,0.0
Araguatins,2020-04-25,0,0,0,0,0.0,0.0,,0.0
Araguatins,2020-04-26,0,0,0,0,0.0,0.0,,0.0
Araguatins,2020-04-27,0,0,0,0,0.0,0.0,,0.0
Araguatins,2020-04-28,0,0,0,0,0.0,0.0,,0.0
Araguatins,2020-04-29,0,0,0,0,0.0,0.0,,0.0
Araguatins,2020-04-30,0,0,0,0,0.0,0.0,,0.0
Araguatins,2020-05-01,0,0,0,0,0.0,0.0,,0.0
Araguatins,2020-05-02,1,1,0,0,0.07142857142857142,0.0,,0.0
Araguatins,2020-05-03,0,-1,0,0,0.0,0.0,,0.0
Araguatins,2020-05-04,1,1,0,0,0.07142857142857142,0.0,,0.0
Araguatins,2020-05-05,1,0,0,0,0.07142857142857142,0.0,,0.0
Araguatins,2020-05-06,2,1,0,0,0.14285714285714285,0.0,,0.3010299956639812
Araguatins,2020-05-07,3,1,0,0,0.21428571428571427,0.0,,0.47712125471966244
Araguatins,2020-05-08,7,4,0,0,0.5,0.0,,0.8450980400142568
Araguatins,2020-05-09,7,0,0,0,0.5,0.0,,0.8450980400142568
Araguatins,2020-05-10,15,8,0,0,1.0714285714285714,0.0,,1.1760912590556813
Araguatins,2020-05-11,15,0,0,0,1.0714285714285714,0.0,,1.1760912590556813
Araguatins,2020-05-12,19,4,1,1,1.3571428571428572,0.07142857142857142,inf,1.2787536009528289
Araguatins,2020-05-13,18,-1,1,0,1.2857142857142858,0.07142857142857142,inf,1.255272505103306
Araguatins,2020-05-14,19,1,1,0,1.3571428571428572,0.07142857142857142,inf,1.2787536009528289
Araguatins,2020-05-15,25,6,1,0,1.7857142857142858,0.07142857142857142,inf,1.3979400086720377
Araguatins,2020-05-16,25,0,2,1,1.7142857142857142,0.14285714285714285,inf,1.3979400086720377
Araguatins,2020-05-17,29,4,3,1,2.0714285714285716,0.21428571428571427,inf,1.462397997898956
Araguatins,2020-05-18,30,1,4,1,2.0714285714285716,0.2857142857142857,inf,1.4771212547196624
Araguatins,2020-05-19,32,2,7,3,2.2142857142857144,0.5,inf,1.505149978319906
Araguatins,2020-05-20,32,0,7,0,2.142857142857143,0.5,inf,1.505149978319906
Araguatins,2020-05-21,36,4,8,1,2.357142857142857,0.5714285714285714,inf,1.5563025007672873
Araguatins,2020-05-22,37,1,8,0,2.142857142857143,0.5714285714285714,inf,1.568201724066995
Araguatins,2020-05-23,39,2,8,0,2.2857142857142856,0.5714285714285714,inf,1.591064607026499
Araguatins,2020-05-24,41,2,8,0,1.8571428571428572,0.5714285714285714,inf,1.6127838567197355
Araguatins,2020-05-25,46,5,9,1,2.2142857142857144,0.6428571428571429,inf,1.662757831681574
Araguatins,2020-05-26,45,-1,9,0,1.8571428571428572,0.5714285714285714,7.0,1.6532125137753437
Araguatins,2020-05-27,45,0,9,0,1.9285714285714286,0.5714285714285714,7.0,1.6532125137753437
Araguatins,2020-05-28,60,15,9,0,2.9285714285714284,0.5714285714285714,7.0,1.7781512503836436
Araguatins,2020-05-29,63,3,10,1,2.7142857142857144,0.6428571428571429,8.000000000000002,1.7993405494535817
Araguatins,2020-05-30,68,5,10,0,3.0714285714285716,0.5714285714285714,3.0,1.8325089127062364
Araguatins,2020-05-31,73,5,11,1,3.142857142857143,0.5714285714285714,1.6666666666666665,1.863322860120456
Araguatins,2020-06-01,74,1,11,0,3.142857142857143,0.5,0.7500000000000001,1.8692317197309762
Araguatins,2020-06-02,76,2,11,0,3.142857142857143,0.2857142857142857,-0.4285714285714286,1.8808135922807914
Araguatins,2020-06-03,80,4,12,1,3.4285714285714284,0.35714285714285715,-0.2857142857142857,1.9030899869919435
Araguatins,2020-06-04,82,2,12,0,3.2857142857142856,0.2857142857142857,-0.5,1.9138138523837167
Araguatins,2020-06-05,97,15,13,1,4.285714285714286,0.35714285714285715,-0.37499999999999994,1.9867717342662448
Araguatins,2020-06-06,97,0,13,0,4.142857142857143,0.35714285714285715,-0.37499999999999994,1.9867717342662448
Araguatins,2020-06-07,97,0,13,0,4.0,0.35714285714285715,-0.37499999999999994,1.9867717342662448
Araguatins,2020-06-08,112,15,13,0,4.714285714285714,0.2857142857142857,-0.5555555555555556,2.0492180226701815
Araguatins,2020-06-09,113,1,14,1,4.857142857142857,0.35714285714285715,-0.37499999999999994,2.05307844348342
Araguatins,2020-06-10,113,0,14,0,4.857142857142857,0.35714285714285715,-0.37499999999999994,2.05307844348342
Araguatins,2020-06-11,114,1,14,0,3.857142857142857,0.35714285714285715,-0.37499999999999994,2.0569048513364727
Araguatins,2020-06-12,117,3,14,0,3.857142857142857,0.2857142857142857,-0.5555555555555556,2.0681858617461617
Araguatins,2020-06-13,118,1,14,0,3.5714285714285716,0.2857142857142857,-0.5,2.0718820073061255
Araguatins,2020-06-14,118,0,14,0,3.2142857142857144,0.21428571428571427,-0.625,2.0718820073061255
Araguatins,2020-06-15,118,0,14,0,3.142857142857143,0.21428571428571427,-0.5714285714285714,2.0718820073061255
Araguatins,2020-06-16,121,3,14,0,3.2142857142857144,0.21428571428571427,-0.25,2.08278537031645
Araguatins,2020-06-17,132,11,16,2,3.7142857142857144,0.2857142857142857,-0.20000000000000007,2.12057393120585
Araguatins,2020-06-18,140,8,16,0,4.142857142857143,0.2857142857142857,0.0,2.146128035678238
Araguatins,2020-06-19,142,2,16,0,3.2142857142857144,0.21428571428571427,-0.4,2.1522883443830563
Araguatins,2020-06-20,154,12,16,0,4.071428571428571,0.21428571428571427,-0.4,2.187520720836463
Araguatins,2020-06-21,155,1,16,0,4.142857142857143,0.21428571428571427,-0.4,2.1903316981702914
Araguatins,2020-06-22,155,0,16,0,3.0714285714285716,0.21428571428571427,-0.25,2.1903316981702914
Araguatins,2020-06-23,168,13,16,0,3.9285714285714284,0.14285714285714285,-0.6,2.225309281725863
Araguatins,2020-06-24,177,9,16,0,4.571428571428571,0.14285714285714285,-0.6,2.2479732663618064
Araguatins,2020-06-25,184,7,16,0,5.0,0.14285714285714285,-0.6,2.2648178230095364
Araguatins,2020-06-26,188,4,16,0,5.071428571428571,0.14285714285714285,-0.5,2.27415784926368
Araguatins,2020-06-27,194,6,16,0,5.428571428571429,0.14285714285714285,-0.5,2.287801729930226
Araguatins,2020-06-28,194,0,16,0,5.428571428571429,0.14285714285714285,-0.3333333333333333,2.287801729930226
Araguatins,2020-06-29,198,4,16,0,5.714285714285714,0.14285714285714285,-0.3333333333333333,2.296665190261531
Araguatins,2020-06-30,203,5,16,0,5.857142857142857,0.14285714285714285,-0.3333333333333333,2.307496037913213
Araguatins,2020-07-01,215,12,16,0,5.928571428571429,0.0,-1.0,2.3324384599156054
Araguatins,2020-07-02,218,3,16,0,5.571428571428571,0.0,-1.0,2.3384564936046046
Araguatins,2020-07-03,224,6,16,0,5.857142857142857,0.0,-1.0,2.3502480183341627
Araguatins,2020-07-04,228,4,16,0,5.285714285714286,0.0,-1.0,2.357934847000454
Araguatins,2020-07-05,228,0,16,0,5.214285714285714,0.0,-1.0,2.357934847000454
Araguatins,2020-07-06,228,0,16,0,5.214285714285714,0.0,-1.0,2.357934847000454
Araguatins,2020-07-07,234,6,16,0,4.714285714285714,0.0,-1.0,2.369215857410143
Araguatins,2020-07-08,238,4,16,0,4.357142857142857,0.0,-1.0,2.376576957056512
Araguatins,2020-07-09,245,7,17,1,4.357142857142857,0.07142857142857142,-0.5,2.3891660843645326
Araguatins,2020-07-10,256,11,17,0,4.857142857142857,0.07142857142857142,-0.5,2.4082399653118496
Araguatins,2020-07-11,263,7,17,0,4.928571428571429,0.07142857142857142,-0.5,2.419955748489758
Araguatins,2020-07-12,265,2,17,0,5.071428571428571,0.07142857142857142,-0.5,2.423245873936808
Araguatins,2020-07-13,271,6,17,0,5.214285714285714,0.07142857142857142,-0.5,2.432969290874406
Araguatins,2020-07-14,273,2,18,1,5.0,0.14285714285714285,0.0,2.436162647040756
Araguatins,2020-07-15,271,-2,18,0,4.0,0.14285714285714285,inf,2.432969290874406
Araguatins,2020-07-16,276,5,18,0,4.142857142857143,0.14285714285714285,inf,2.4409090820652177
Araguatins,2020-07-17,276,0,18,0,3.7142857142857144,0.14285714285714285,inf,2.4409090820652177
Araguatins,2020-07-18,278,2,18,0,3.5714285714285716,0.14285714285714285,inf,2.444044795918076
Araguatins,2020-07-19,281,3,18,0,3.7857142857142856,0.14285714285714285,inf,2.44870631990508
Araguatins,2020-07-20,281,0,19,1,3.7857142857142856,0.21428571428571427,inf,2.44870631990508
Araguatins,2020-07-21,282,1,19,0,3.4285714285714284,0.21428571428571427,inf,2.450249108319361
Araguatins,2020-07-22,282,0,19,0,3.142857142857143,0.21428571428571427,inf,2.450249108319361
Araguatins,2020-07-23,282,0,19,0,2.642857142857143,0.14285714285714285,1.0,2.450249108319361
Araguatins,2020-07-24,296,14,19,0,2.857142857142857,0.14285714285714285,1.0,2.4712917110589387
Araguatins,2020-07-25,313,17,19,0,3.5714285714285716,0.14285714285714285,1.0,2.4955443375464483
Araguatins,2020-07-26,322,9,19,0,4.071428571428571,0.14285714285714285,1.0,2.507855871695831
Araguatins,2020-07-27,322,0,19,0,3.642857142857143,0.14285714285714285,1.0,2.507855871695831
Araguatins,2020-07-28,325,3,19,0,3.7142857142857144,0.07142857142857142,-0.5,2.5118833609788744
Araguatins,2020-07-29,326,1,19,0,3.9285714285714284,0.07142857142857142,-0.5,2.513217600067939
Araguatins,2020-07-30,348,22,19,0,5.142857142857143,0.07142857142857142,-0.5,2.5415792439465807
Araguatins,2020-07-31,348,0,19,0,5.142857142857143,0.07142857142857142,-0.5,2.5415792439465807
Araguatins,2020-08-01,349,1,19,0,5.071428571428571,0.07142857142857142,-0.5,2.5428254269591797
Araguatins,2020-08-02,358,9,19,0,5.5,0.07142857142857142,-0.5,2.5538830266438746
Araguatins,2020-08-03,370,12,19,0,6.357142857142857,0.0,-1.0,2.568201724066995
Araguatins,2020-08-04,383,13,19,0,7.214285714285714,0.0,-1.0,2.583198773968623
Araguatins,2020-08-05,391,8,19,0,7.785714285714286,0.0,-1.0,2.5921767573958667
Araguatins,2020-08-06,395,4,19,0,8.071428571428571,0.0,-1.0,2.59659709562646
Araguatins,2020-08-07,402,7,19,0,7.571428571428571,0.0,-1.0,2.60422605308447
Araguatins,2020-08-08,437,35,19,0,8.857142857142858,0.0,-1.0,2.640481436970422
Araguatins,2020-08-09,437,0,19,0,8.214285714285714,0.0,-1.0,2.640481436970422
Araguatins,2020-08-10,439,2,19,0,8.357142857142858,0.0,-1.0,2.6424645202421213
Araguatins,2020-08-11,453,14,19,0,9.142857142857142,0.0,-1.0,2.656098202012832
Araguatins,2020-08-12,465,12,19,0,9.928571428571429,0.0,-1.0,2.667452952889954
Araguatins,2020-08-13,474,9,20,1,9.0,0.07142857142857142,0.0,2.6757783416740852
Araguatins,2020-08-14,508,34,21,1,11.428571428571429,0.14285714285714285,1.0,2.7058637122839193
Araguatins,2020-08-15,521,13,21,0,12.285714285714286,0.14285714285714285,1.0,2.7168377232995247
Araguatins,2020-08-16,526,5,21,0,12.0,0.14285714285714285,1.0,2.7209857441537393
Araguatins,2020-08-17,528,2,21,0,11.285714285714286,0.14285714285714285,inf,2.722633922533812
Araguatins,2020-08-18,553,25,21,0,12.142857142857142,0.14285714285714285,inf,2.7427251313046983
Araguatins,2020-08-19,574,21,21,0,13.071428571428571,0.14285714285714285,inf,2.7589118923979736
Araguatins,2020-08-20,585,11,21,0,13.571428571428571,0.14285714285714285,inf,2.7671558660821804
Araguatins,2020-08-21,603,18,22,1,14.357142857142858,0.21428571428571427,inf,2.780317312140151
Araguatins,2020-08-22,609,6,23,1,12.285714285714286,0.2857142857142857,inf,2.784617292632875
Araguatins,2020-08-23,621,12,23,0,13.142857142857142,0.2857142857142857,inf,2.79309160017658
Araguatins,2020-08-24,623,2,23,0,13.142857142857142,0.2857142857142857,inf,2.7944880466591697
Araguatins,2020-08-25,649,26,23,0,14.0,0.2857142857142857,inf,2.812244696800369
Araguatins,2020-08-26,656,7,23,0,13.642857142857142,0.2857142857142857,inf,2.8169038393756605
Araguatins,2020-08-27,666,10,23,0,13.714285714285714,0.21428571428571427,2.0,2.823474229170301
Araguatins,2020-08-28,673,7,23,0,11.785714285714286,0.14285714285714285,0.0,2.828015064223977
Araguatins,2020-08-29,685,12,23,0,11.714285714285714,0.14285714285714285,0.0,2.8356905714924254
Araguatins,2020-08-30,686,1,23,0,11.428571428571429,0.14285714285714285,0.0,2.8363241157067516
Araguatins,2020-08-31,687,1,23,0,11.357142857142858,0.14285714285714285,0.0,2.8369567370595505
Araguatins,2020-09-01,698,11,23,0,10.357142857142858,0.14285714285714285,0.0,2.843855422623161
Araguatins,2020-09-02,706,8,23,0,9.428571428571429,0.14285714285714285,0.0,2.8488047010518036
Araguatins,2020-09-03,728,22,23,0,10.214285714285714,0.14285714285714285,0.0,2.862131379313037
Araguatins,2020-09-04,740,12,23,0,9.785714285714286,0.07142857142857142,-0.6666666666666666,2.8692317197309762
Araguatins,2020-09-05,746,6,23,0,9.785714285714286,0.0,-1.0,2.8727388274726686
Araguatins,2020-09-06,754,8,23,0,9.5,0.0,-1.0,2.877371345869774
Araguatins,2020-09-07,755,1,23,0,9.428571428571429,0.0,-1.0,2.8779469516291885
Araguatins,2020-09-08,759,4,23,0,7.857142857142857,0.0,-1.0,2.88024177589548
Araguatins,2020-09-09,765,6,23,0,7.785714285714286,0.0,-1.0,2.8836614351536176
Araguatins,2020-09-10,789,24,23,0,8.785714285714286,0.0,-1.0,2.89707700320942
Araguatins,2020-09-11,797,8,23,0,8.857142857142858,0.0,-1.0,2.9014583213961123
Araguatins,2020-09-12,798,1,23,0,8.071428571428571,0.0,-1.0,2.9020028913507296
Araguatins,2020-09-13,800,2,23,0,8.142857142857142,0.0,-1.0,2.9030899869919438
Araguatins,2020-09-14,800,0,23,0,8.071428571428571,0.0,-1.0,2.9030899869919438
Araguatins,2020-09-15,822,22,23,0,8.857142857142858,0.0,-1.0,2.9148718175400505
Araguatins,2020-09-16,826,4,23,0,8.571428571428571,0.0,-1.0,2.916980047320382
Araguatins,2020-09-17,837,11,23,0,7.785714285714286,0.0,-1.0,2.92272545799326
Araguatins,2020-09-18,849,12,24,1,7.785714285714286,0.07142857142857142,0.0,2.928907690243953
Araguatins,2020-09-19,852,3,24,0,7.571428571428571,0.07142857142857142,inf,2.9304395947667
Araguatins,2020-09-20,854,2,24,0,7.142857142857143,0.07142857142857142,inf,2.931457870689005
Araguatins,2020-09-21,856,2,24,0,7.214285714285714,0.07142857142857142,inf,2.932473764677153
Araguatins,2020-09-22,860,4,24,0,7.214285714285714,0.07142857142857142,inf,2.934498451243568
Araguatins,2020-09-23,872,12,25,1,7.642857142857143,0.14285714285714285,inf,2.940516484932567
Araguatins,2020-09-24,877,5,25,0,6.285714285714286,0.14285714285714285,inf,2.9429995933660407
Araguatins,2020-09-25,878,1,25,0,5.785714285714286,0.14285714285714285,inf,2.9434945159061026
Araguatins,2020-09-26,886,8,25,0,6.285714285714286,0.14285714285714285,inf,2.9474337218870508
Araguatins,2020-09-27,888,2,25,0,6.285714285714286,0.14285714285714285,inf,2.948412965778601
Araguatins,2020-09-28,888,0,25,0,6.285714285714286,0.14285714285714285,inf,2.948412965778601
Araguatins,2020-09-29,892,4,25,0,5.0,0.14285714285714285,inf,2.950364854376123
Araguatins,2020-09-30,896,4,27,2,5.0,0.2857142857142857,inf,2.9523080096621253
Araguatins,2020-10-01,901,5,27,0,4.571428571428571,0.2857142857142857,inf,2.954724790979063
Araguatins,2020-10-02,905,4,27,0,4.0,0.21428571428571427,2.0,2.9566485792052033
Araguatins,2020-10-03,935,30,27,0,5.928571428571429,0.21428571428571427,2.0,2.9708116108725178
Araguatins,2020-10-04,935,0,27,0,5.785714285714286,0.21428571428571427,2.0,2.9708116108725178
Araguatins,2020-10-05,936,1,27,0,5.714285714285714,0.21428571428571427,2.0,2.971275848738105
Araguatins,2020-10-06,937,1,27,0,5.5,0.21428571428571427,2.0,2.971739590887778
Araguatins,2020-10-07,954,17,27,0,5.857142857142857,0.14285714285714285,0.0,2.979548374704095
Araguatins,2020-10-08,955,1,27,0,5.571428571428571,0.14285714285714285,0.0,2.9800033715837464
Araguatins,2020-10-09,958,3,27,0,5.714285714285714,0.14285714285714285,0.0,2.9813655090785445
Araguatins,2020-10-10,958,0,27,0,5.142857142857143,0.14285714285714285,0.0,2.9813655090785445
Araguatins,2020-10-11,959,1,27,0,5.071428571428571,0.14285714285714285,0.0,2.9818186071706636
Araguatins,2020-10-12,959,0,27,0,5.071428571428571,0.14285714285714285,0.0,2.9818186071706636
Araguatins,2020-10-13,961,2,27,0,4.928571428571429,0.14285714285714285,0.0,2.9827233876685453
Araguatins,2020-10-14,962,1,27,0,4.714285714285714,0.0,-1.0,2.983175072037813
Araguatins,2020-10-15,961,-1,27,0,4.285714285714286,0.0,-1.0,2.9827233876685453
Araguatins,2020-10-16,966,5,27,0,4.357142857142857,0.0,-1.0,2.9849771264154934
Araguatins,2020-10-17,968,2,27,0,2.357142857142857,0.0,-1.0,2.9858753573083936
Araguatins,2020-10-18,968,0,27,0,2.357142857142857,0.0,-1.0,2.9858753573083936
Araguatins,2020-10-19,972,4,27,0,2.5714285714285716,0.0,-1.0,2.9876662649262746
Araguatins,2020-10-20,975,3,27,0,2.7142857142857144,0.0,-1.0,2.989004615698537
Araguatins,2020-10-21,978,3,27,0,1.7142857142857142,0.0,-1.0,2.9903388547876015
Araguatins,2020-10-22,979,1,27,0,1.7142857142857142,0.0,-1.0,2.9907826918031377
Araguatins,2020-10-23,984,5,27,0,1.8571428571428572,0.0,-1.0,2.9929950984313414
Araguatins,2020-10-24,987,3,27,0,2.0714285714285716,0.0,-1.0,2.9943171526696366
Araguatins,2020-10-25,986,-1,27,0,1.9285714285714286,0.0,-1.0,2.9938769149412114
Araguatins,2020-10-26,986,0,27,0,1.9285714285714286,0.0,-1.0,2.9938769149412114
Araguatins,2020-10-27,990,4,27,0,2.0714285714285716,0.0,-1.0,2.9956351945975497
Araguatins,2020-10-28,990,0,27,0,2.0,0.0,,2.9956351945975497
Araguatins,2020-10-29,992,2,27,0,2.2142857142857144,0.0,,2.9965116721541785
Araguatins,2020-10-30,993,1,27,0,1.9285714285714286,0.0,,2.996949248495381
Araguatins,2020-10-31,995,2,27,0,1.9285714285714286,0.0,,2.9978230807457256
Araguatins,2020-11-01,995,0,27,0,1.9285714285714286,0.0,,2.9978230807457256
Araguatins,2020-11-02,996,1,27,0,1.7142857142857142,0.0,,2.998259338423699
Araguatins,2020-11-03,996,0,27,0,1.5,0.0,,2.998259338423699
Araguatins,2020-11-04,996,0,27,0,1.2857142857142858,0.0,,2.998259338423699
Araguatins,2020-11-05,996,0,27,0,1.2142857142857142,0.0,,2.998259338423699
Araguatins,2020-11-06,999,3,27,0,1.0714285714285714,0.0,,2.9995654882259823
Araguatins,2020-11-07,999,0,27,0,0.8571428571428571,0.0,,2.9995654882259823
Araguatins,2020-11-08,999,0,27,0,0.9285714285714286,0.0,,2.9995654882259823
Araguatins,2020-11-09,999,0,27,0,0.9285714285714286,0.0,,2.9995654882259823
Araguatins,2020-11-10,1004,5,27,0,1.0,0.0,,3.0017337128090005
Araguatins,2020-11-11,1004,0,27,0,1.0,0.0,,3.0017337128090005
Araguatins,2020-11-12,1011,7,27,0,1.3571428571428572,0.0,,3.004751155591001
Araguatins,2020-11-13,1013,2,28,1,1.4285714285714286,0.07142857142857142,inf,3.0056094453602804
Araguatins,2020-11-14,1015,2,28,0,1.4285714285714286,0.07142857142857142,inf,3.0064660422492318
Araguatins,2020-11-15,1016,1,29,1,1.5,0.14285714285714285,inf,3.0068937079479006
Araguatins,2020-11-16,1016,0,29,0,1.4285714285714286,0.14285714285714285,inf,3.0068937079479006
Araguatins,2020-11-17,1017,1,29,0,1.5,0.14285714285714285,inf,3.0073209529227447
Araguatins,2020-11-18,1020,3,29,0,1.7142857142857142,0.14285714285714285,inf,3.0086001717619175
Araguatins,2020-11-19,1021,1,29,0,1.7857142857142858,0.14285714285714285,inf,3.0090257420869104
Araguatins,2020-11-20,1025,4,29,0,1.8571428571428572,0.14285714285714285,inf,3.010723865391773
Araguatins,2020-11-21,1025,0,29,0,1.8571428571428572,0.14285714285714285,inf,3.010723865391773
Araguatins,2020-11-22,1025,0,29,0,1.8571428571428572,0.14285714285714285,inf,3.010723865391773
Araguatins,2020-11-23,1025,0,29,0,1.8571428571428572,0.14285714285714285,inf,3.010723865391773
Araguatins,2020-11-24,1033,8,29,0,2.0714285714285716,0.14285714285714285,inf,3.0141003215196207
Araguatins,2020-11-25,1034,1,30,1,2.142857142857143,0.21428571428571427,inf,3.0145205387579237
Araguatins,2020-11-26,1034,0,30,0,1.6428571428571428,0.21428571428571427,inf,3.0145205387579237
Araguatins,2020-11-27,1039,5,30,0,1.8571428571428572,0.14285714285714285,1.0,3.016615547557177
Araguatins,2020-11-28,1041,2,30,0,1.8571428571428572,0.14285714285714285,1.0,3.017450729510536
Araguatins,2020-11-29,1042,1,30,0,1.8571428571428572,0.07142857142857142,-0.5,3.0178677189635055
Araguatins,2020-11-30,1042,0,30,0,1.8571428571428572,0.07142857142857142,-0.5,3.0178677189635055
Araguatins,2020-12-01,1053,11,30,0,2.5714285714285716,0.07142857142857142,-0.5,3.0224283711854865
Araguatins,2020-12-02,1056,3,30,0,2.5714285714285716,0.07142857142857142,-0.5,3.0236639181977933
Araguatins,2020-12-03,1059,3,30,0,2.7142857142857144,0.07142857142857142,-0.5,3.024895960107485
Araguatins,2020-12-04,1065,6,30,0,2.857142857142857,0.07142857142857142,-0.5,3.0273496077747564
Araguatins,2020-12-05,1065,0,30,0,2.857142857142857,0.07142857142857142,-0.5,3.0273496077747564
Araguatins,2020-12-06,1065,0,30,0,2.857142857142857,0.07142857142857142,-0.5,3.0273496077747564
Araguatins,2020-12-07,1065,0,30,0,2.857142857142857,0.07142857142857142,-0.5,3.0273496077747564
Araguatins,2020-12-08,1069,4,30,0,2.5714285714285716,0.07142857142857142,-0.5,3.028977705208778
Araguatins,2020-12-09,1069,0,30,0,2.5,0.0,-1.0,3.028977705208778
Araguatins,2020-12-10,1069,0,30,0,2.5,0.0,-1.0,3.028977705208778
Araguatins,2020-12-11,1072,3,30,0,2.357142857142857,0.0,-1.0,3.030194785356751
Araguatins,2020-12-12,1072,0,30,0,2.2142857142857144,0.0,-1.0,3.030194785356751
Araguatins,2020-12-13,1072,0,30,0,2.142857142857143,0.0,-1.0,3.030194785356751
Araguatins,2020-12-14,1078,6,30,0,2.5714285714285716,0.0,-1.0,3.03261876085072
Araguatins,2020-12-15,1080,2,30,0,1.9285714285714286,0.0,-1.0,3.03342375548695
Araguatins,2020-12-16,1083,3,30,0,1.9285714285714286,0.0,-1.0,3.0346284566253203
Araguatins,2020-12-17,1083,0,30,0,1.7142857142857142,0.0,-1.0,3.0346284566253203
Araguatins,2020-12-18,1093,10,30,0,2.0,0.0,-1.0,3.038620161949703
Araguatins,2020-12-19,1095,2,30,0,2.142857142857143,0.0,-1.0,3.0394141191761372
Araguatins,2020-12-20,1095,0,30,0,2.142857142857143,0.0,-1.0,3.0394141191761372
Araguatins,2020-12-21,1095,0,30,0,2.142857142857143,0.0,-1.0,3.0394141191761372
Araguatins,2020-12-22,1113,18,30,0,3.142857142857143,0.0,-1.0,3.0464951643347082
Araguatins,2020-12-23,1114,1,30,0,3.2142857142857144,0.0,,3.04688519083771
Araguatins,2020-12-24,1114,0,30,0,3.2142857142857144,0.0,,3.04688519083771
Araguatins,2020-12-25,1114,0,30,0,3.0,0.0,,3.04688519083771
Araguatins,2020-12-26,1114,0,30,0,3.0,0.0,,3.04688519083771
Araguatins,2020-12-27,1115,1,30,0,3.0714285714285716,0.0,,3.0472748673841794
Araguatins,2020-12-28,1115,0,30,0,2.642857142857143,0.0,,3.0472748673841794
Araguatins,2020-12-29,1126,11,30,0,3.2857142857142856,0.0,,3.0515383905153275
Araguatins,2020-12-30,1126,0,30,0,3.0714285714285716,0.0,,3.0515383905153275
Araguatins,2020-12-31,1127,1,30,0,3.142857142857143,0.0,,3.0519239160461065
Araguatins,2021-01-01,1127,0,30,0,2.4285714285714284,0.0,,3.0519239160461065
Araguatins,2021-01-02,1127,0,30,0,2.2857142857142856,0.0,,3.0519239160461065
Araguatins,2021-01-03,1127,0,30,0,2.2857142857142856,0.0,,3.0519239160461065
Araguatins,2021-01-04,1127,0,30,0,2.2857142857142856,0.0,,3.0519239160461065
Araguatins,2021-01-05,1129,2,30,0,1.1428571428571428,0.0,,3.052693941924968
Araguatins,2021-01-06,1130,1,30,0,1.1428571428571428,0.0,,3.05307844348342
Araguatins,2021-01-07,1130,0,30,0,1.1428571428571428,0.0,,3.05307844348342
Araguatins,2021-01-08,1130,0,30,0,1.1428571428571428,0.0,,3.05307844348342
Araguatins,2021-01-09,1130,0,30,0,1.1428571428571428,0.0,,3.05307844348342
Araguatins,2021-01-10,1130,0,30,0,1.0714285714285714,0.0,,3.05307844348342
Araguatins,2021-01-11,1130,0,30,0,1.0714285714285714,0.0,,3.05307844348342
Araguatins,2021-01-12,1131,1,30,0,0.35714285714285715,0.0,,3.053462604925455
Araguatins,2021-01-13,1136,5,30,0,0.7142857142857143,0.0,,3.055378331375
Araguatins,2021-01-14,1141,5,30,0,1.0,0.0,,3.0572856444182146
Araguatins,2021-01-15,1144,3,30,0,1.2142857142857142,0.0,,3.058426024457005
Araguatins,2021-01-16,1148,4,31,1,1.5,0.07142857142857142,inf,3.059941888061955
Araguatins,2021-01-17,1148,0,31,0,1.5,0.07142857142857142,inf,3.059941888061955
Araguatins,2021-01-18,1148,0,31,0,1.5,0.07142857142857142,inf,3.059941888061955
Araguatins,2021-01-19,1156,8,31,0,1.9285714285714286,0.07142857142857142,inf,3.0629578340845103
Araguatins,2021-01-20,1159,3,31,0,2.0714285714285716,0.07142857142857142,inf,3.064083435963596
Arapoema,2020-03-27,0,0,0,0,,,,0.0
Arapoema,2020-03-28,0,0,0,0,,,,0.0
Arapoema,2020-03-29,0,0,0,0,,,,0.0
Arapoema,2020-03-30,0,0,0,0,,,,0.0
Arapoema,2020-03-31,0,0,0,0,,,,0.0
Arapoema,2020-04-01,0,0,0,0,,,,0.0
Arapoema,2020-04-02,0,0,0,0,,,,0.0
Arapoema,2020-04-03,0,0,0,0,,,,0.0
Arapoema,2020-04-04,0,0,0,0,,,,0.0
Arapoema,2020-04-05,0,0,0,0,,,,0.0
Arapoema,2020-04-06,0,0,0,0,,,,0.0
Arapoema,2020-04-07,0,0,0,0,,,,0.0
Arapoema,2020-04-08,0,0,0,0,,,,0.0
Arapoema,2020-04-09,0,0,0,0,0.0,0.0,,0.0
Arapoema,2020-04-10,0,0,0,0,0.0,0.0,,0.0
Arapoema,2020-04-11,0,0,0,0,0.0,0.0,,0.0
Arapoema,2020-04-12,0,0,0,0,0.0,0.0,,0.0
Arapoema,2020-04-13,0,0,0,0,0.0,0.0,,0.0
Arapoema,2020-04-14,0,0,0,0,0.0,0.0,,0.0
Arapoema,2020-04-15,0,0,0,0,0.0,0.0,,0.0
Arapoema,2020-04-16,0,0,0,0,0.0,0.0,,0.0
Arapoema,2020-04-17,0,0,0,0,0.0,0.0,,0.0
Arapoema,2020-04-18,0,0,0,0,0.0,0.0,,0.0
Arapoema,2020-04-19,0,0,0,0,0.0,0.0,,0.0
Arapoema,2020-04-20,0,0,0,0,0.0,0.0,,0.0
Arapoema,2020-04-21,0,0,0,0,0.0,0.0,,0.0
Arapoema,2020-04-22,0,0,0,0,0.0,0.0,,0.0
Arapoema,2020-04-23,0,0,0,0,0.0,0.0,,0.0
Arapoema,2020-04-24,0,0,0,0,0.0,0.0,,0.0
Arapoema,2020-04-25,0,0,0,0,0.0,0.0,,0.0
Arapoema,2020-04-26,0,0,0,0,0.0,0.0,,0.0
Arapoema,2020-04-27,0,0,0,0,0.0,0.0,,0.0
Arapoema,2020-04-28,0,0,0,0,0.0,0.0,,0.0
Arapoema,2020-04-29,0,0,0,0,0.0,0.0,,0.0
Arapoema,2020-04-30,0,0,0,0,0.0,0.0,,0.0
Arapoema,2020-05-01,0,0,0,0,0.0,0.0,,0.0
Arapoema,2020-05-02,0,0,0,0,0.0,0.0,,0.0
Arapoema,2020-05-03,0,0,0,0,0.0,0.0,,0.0
Arapoema,2020-05-04,0,0,0,0,0.0,0.0,,0.0
Arapoema,2020-05-05,0,0,0,0,0.0,0.0,,0.0
Arapoema,2020-05-06,0,0,0,0,0.0,0.0,,0.0
Arapoema,2020-05-07,0,0,0,0,0.0,0.0,,0.0
Arapoema,2020-05-08,0,0,0,0,0.0,0.0,,0.0
Arapoema,2020-05-09,0,0,0,0,0.0,0.0,,0.0
Arapoema,2020-05-10,0,0,0,0,0.0,0.0,,0.0
Arapoema,2020-05-11,0,0,0,0,0.0,0.0,,0.0
Arapoema,2020-05-12,0,0,0,0,0.0,0.0,,0.0
Arapoema,2020-05-13,0,0,0,0,0.0,0.0,,0.0
Arapoema,2020-05-14,1,1,0,0,0.07142857142857142,0.0,,0.0
Arapoema,2020-05-15,0,-1,0,0,0.0,0.0,,0.0
Arapoema,2020-05-16,0,0,0,0,0.0,0.0,,0.0
Arapoema,2020-05-17,0,0,0,0,0.0,0.0,,0.0
Arapoema,2020-05-18,0,0,0,0,0.0,0.0,,0.0
Arapoema,2020-05-19,0,0,0,0,0.0,0.0,,0.0
Arapoema,2020-05-20,0,0,0,0,0.0,0.0,,0.0
Arapoema,2020-05-21,0,0,0,0,0.0,0.0,,0.0
Arapoema,2020-05-22,0,0,0,0,0.0,0.0,,0.0
Arapoema,2020-05-23,0,0,0,0,0.0,0.0,,0.0
Arapoema,2020-05-24,0,0,0,0,0.0,0.0,,0.0
Arapoema,2020-05-25,0,0,0,0,0.0,0.0,,0.0
Arapoema,2020-05-26,0,0,0,0,0.0,0.0,,0.0
Arapoema,2020-05-27,0,0,0,0,0.0,0.0,,0.0
Arapoema,2020-05-28,0,0,0,0,-0.07142857142857142,0.0,,0.0
Arapoema,2020-05-29,0,0,0,0,0.0,0.0,,0.0
Arapoema,2020-05-30,0,0,0,0,0.0,0.0,,0.0
Arapoema,2020-05-31,0,0,0,0,0.0,0.0,,0.0
Arapoema,2020-06-01,0,0,0,0,0.0,0.0,,0.0
Arapoema,2020-06-02,0,0,0,0,0.0,0.0,,0.0
Arapoema,2020-06-03,0,0,0,0,0.0,0.0,,0.0
Arapoema,2020-06-04,0,0,0,0,0.0,0.0,,0.0
Arapoema,2020-06-05,1,1,0,0,0.07142857142857142,0.0,,0.0
Arapoema,2020-06-06,2,1,0,0,0.14285714285714285,0.0,,0.3010299956639812
Arapoema,2020-06-07,1,-1,0,0,0.07142857142857142,0.0,,0.0
Arapoema,2020-06-08,1,0,0,0,0.07142857142857142,0.0,,0.0
Arapoema,2020-06-09,1,0,0,0,0.07142857142857142,0.0,,0.0
Arapoema,2020-06-10,1,0,0,0,0.07142857142857142,0.0,,0.0
Arapoema,2020-06-11,1,0,0,0,0.07142857142857142,0.0,,0.0
Arapoema,2020-06-12,2,1,0,0,0.14285714285714285,0.0,,0.3010299956639812
Arapoema,2020-06-13,3,1,0,0,0.21428571428571427,0.0,,0.47712125471966244
Arapoema,2020-06-14,3,0,0,0,0.21428571428571427,0.0,,0.47712125471966244
Arapoema,2020-06-15,3,0,0,0,0.21428571428571427,0.0,,0.47712125471966244
Arapoema,2020-06-16,3,0,0,0,0.21428571428571427,0.0,,0.47712125471966244
Arapoema,2020-06-17,3,0,0,0,0.21428571428571427,0.0,,0.47712125471966244
Arapoema,2020-06-18,3,0,0,0,0.21428571428571427,0.0,,0.47712125471966244
Arapoema,2020-06-19,3,0,0,0,0.14285714285714285,0.0,,0.47712125471966244
Arapoema,2020-06-20,4,1,0,0,0.14285714285714285,0.0,,0.6020599913279624
Arapoema,2020-06-21,4,0,0,0,0.21428571428571427,0.0,,0.6020599913279624
Arapoema,2020-06-22,4,0,0,0,0.21428571428571427,0.0,,0.6020599913279624
Arapoema,2020-06-23,4,0,0,0,0.21428571428571427,0.0,,0.6020599913279624
Arapoema,2020-06-24,4,0,0,0,0.21428571428571427,0.0,,0.6020599913279624
Arapoema,2020-06-25,4,0,0,0,0.21428571428571427,0.0,,0.6020599913279624
Arapoema,2020-06-26,4,0,0,0,0.14285714285714285,0.0,,0.6020599913279624
Arapoema,2020-06-27,5,1,0,0,0.14285714285714285,0.0,,0.6989700043360189
Arapoema,2020-06-28,5,0,0,0,0.14285714285714285,0.0,,0.6989700043360189
Arapoema,2020-06-29,7,2,1,1,0.2857142857142857,0.07142857142857142,inf,0.8450980400142568
Arapoema,2020-06-30,7,0,1,0,0.2857142857142857,0.07142857142857142,inf,0.8450980400142568
Arapoema,2020-07-01,7,0,1,0,0.2857142857142857,0.07142857142857142,inf,0.8450980400142568
Arapoema,2020-07-02,8,1,2,1,0.35714285714285715,0.14285714285714285,inf,0.9030899869919435
Arapoema,2020-07-03,8,0,2,0,0.35714285714285715,0.14285714285714285,inf,0.9030899869919435
Arapoema,2020-07-04,10,2,2,0,0.42857142857142855,0.14285714285714285,inf,1.0
Arapoema,2020-07-05,10,0,2,0,0.42857142857142855,0.14285714285714285,inf,1.0
Arapoema,2020-07-06,18,8,2,0,1.0,0.14285714285714285,inf,1.255272505103306
Arapoema,2020-07-07,18,0,2,0,1.0,0.14285714285714285,inf,1.255272505103306
Arapoema,2020-07-08,18,0,2,0,1.0,0.14285714285714285,inf,1.255272505103306
Arapoema,2020-07-09,19,1,2,0,1.0714285714285714,0.14285714285714285,inf,1.2787536009528289
Arapoema,2020-07-10,20,1,2,0,1.1428571428571428,0.14285714285714285,inf,1.3010299956639813
Arapoema,2020-07-11,20,0,2,0,1.0714285714285714,0.14285714285714285,inf,1.3010299956639813
Arapoema,2020-07-12,20,0,2,0,1.0714285714285714,0.14285714285714285,inf,1.3010299956639813
Arapoema,2020-07-13,20,0,2,0,0.9285714285714286,0.07142857142857142,0.0,1.3010299956639813
Arapoema,2020-07-14,20,0,2,0,0.9285714285714286,0.07142857142857142,0.0,1.3010299956639813
Arapoema,2020-07-15,20,0,2,0,0.9285714285714286,0.07142857142857142,0.0,1.3010299956639813
Arapoema,2020-07-16,24,4,2,0,1.1428571428571428,0.0,-1.0,1.380211241711606
Arapoema,2020-07-17,24,0,2,0,1.1428571428571428,0.0,-1.0,1.380211241711606
Arapoema,2020-07-18,24,0,2,0,1.0,0.0,-1.0,1.380211241711606
Arapoema,2020-07-19,25,1,2,0,1.0714285714285714,0.0,-1.0,1.3979400086720377
Arapoema,2020-07-20,25,0,2,0,0.5,0.0,-1.0,1.3979400086720377
Arapoema,2020-07-21,25,0,2,0,0.5,0.0,-1.0,1.3979400086720377
Arapoema,2020-07-22,26,1,2,0,0.5714285714285714,0.0,-1.0,1.414973347970818
Arapoema,2020-07-23,26,0,2,0,0.5,0.0,-1.0,1.414973347970818
Arapoema,2020-07-24,26,0,2,0,0.42857142857142855,0.0,-1.0,1.414973347970818
Arapoema,2020-07-25,26,0,2,0,0.42857142857142855,0.0,-1.0,1.414973347970818
Arapoema,2020-07-26,26,0,2,0,0.42857142857142855,0.0,-1.0,1.414973347970818
Arapoema,2020-07-27,26,0,2,0,0.42857142857142855,0.0,-1.0,1.414973347970818
Arapoema,2020-07-28,28,2,2,0,0.5714285714285714,0.0,-1.0,1.4471580313422192
Arapoema,2020-07-29,26,-2,2,0,0.42857142857142855,0.0,-1.0,1.414973347970818
Arapoema,2020-07-30,26,0,2,0,0.14285714285714285,0.0,,1.414973347970818
Arapoema,2020-07-31,26,0,2,0,0.14285714285714285,0.0,,1.414973347970818
Arapoema,2020-08-01,26,0,2,0,0.14285714285714285,0.0,,1.414973347970818
Arapoema,2020-08-02,26,0,2,0,0.07142857142857142,0.0,,1.414973347970818
Arapoema,2020-08-03,26,0,2,0,0.07142857142857142,0.0,,1.414973347970818
Arapoema,2020-08-04,26,0,2,0,0.07142857142857142,0.0,,1.414973347970818
Arapoema,2020-08-05,26,0,2,0,0.0,0.0,,1.414973347970818
Arapoema,2020-08-06,26,0,2,0,0.0,0.0,,1.414973347970818
Arapoema,2020-08-07,26,0,2,0,0.0,0.0,,1.414973347970818
Arapoema,2020-08-08,26,0,2,0,0.0,0.0,,1.414973347970818
Arapoema,2020-08-09,33,7,2,0,0.5,0.0,,1.5185139398778875
Arapoema,2020-08-10,35,2,2,0,0.6428571428571429,0.0,,1.5440680443502757
Arapoema,2020-08-11,36,1,2,0,0.5714285714285714,0.0,,1.5563025007672873
Arapoema,2020-08-12,35,-1,2,0,0.6428571428571429,0.0,,1.5440680443502757
Arapoema,2020-08-13,35,0,2,0,0.6428571428571429,0.0,,1.5440680443502757
Arapoema,2020-08-14,38,3,2,0,0.8571428571428571,0.0,,1.5797835966168101
Arapoema,2020-08-15,38,0,2,0,0.8571428571428571,0.0,,1.5797835966168101
Arapoema,2020-08-16,39,1,2,0,0.9285714285714286,0.0,,1.591064607026499
Arapoema,2020-08-17,40,1,2,0,1.0,0.0,,1.6020599913279625
Arapoema,2020-08-18,40,0,2,0,1.0,0.0,,1.6020599913279625
Arapoema,2020-08-19,40,0,2,0,1.0,0.0,,1.6020599913279625
Arapoema,2020-08-20,48,8,2,0,1.5714285714285714,0.0,,1.6812412373755872
Arapoema,2020-08-21,49,1,2,0,1.6428571428571428,0.0,,1.6901960800285136
Arapoema,2020-08-22,55,6,2,0,2.0714285714285716,0.0,,1.7403626894942439
Arapoema,2020-08-23,55,0,2,0,1.5714285714285714,0.0,,1.7403626894942439
Arapoema,2020-08-24,60,5,2,0,1.7857142857142858,0.0,,1.7781512503836436
Arapoema,2020-08-25,63,3,2,0,1.9285714285714286,0.0,,1.7993405494535817
Arapoema,2020-08-26,64,1,2,0,2.0714285714285716,0.0,,1.806179973983887
Arapoema,2020-08-27,73,9,2,0,2.7142857142857144,0.0,,1.863322860120456
Arapoema,2020-08-28,75,2,2,0,2.642857142857143,0.0,,1.8750612633917
Arapoema,2020-08-29,76,1,2,0,2.7142857142857144,0.0,,1.8808135922807914
Arapoema,2020-08-30,76,0,2,0,2.642857142857143,0.0,,1.8808135922807914
Arapoema,2020-08-31,76,0,2,0,2.5714285714285716,0.0,,1.8808135922807914
Arapoema,2020-09-01,78,2,2,0,2.7142857142857144,0.0,,1.8920946026904804
Arapoema,2020-09-02,80,2,2,0,2.857142857142857,0.0,,1.9030899869919435
Arapoema,2020-09-03,81,1,2,0,2.357142857142857,0.0,,1.9084850188786497
Arapoema,2020-09-04,82,1,2,0,2.357142857142857,0.0,,1.9138138523837167
Arapoema,2020-09-05,84,2,2,0,2.0714285714285716,0.0,,1.9242792860618816
Arapoema,2020-09-06,84,0,2,0,2.0714285714285716,0.0,,1.9242792860618816
Arapoema,2020-09-07,85,1,2,0,1.7857142857142858,0.0,,1.9294189257142929
Arapoema,2020-09-08,86,1,2,0,1.6428571428571428,0.0,,1.9344984512435677
Arapoema,2020-09-09,87,1,2,0,1.6428571428571428,0.0,,1.9395192526186185
Arapoema,2020-09-10,90,3,3,1,1.2142857142857142,0.07142857142857142,inf,1.9542425094393248
Arapoema,2020-09-11,96,6,3,0,1.5,0.07142857142857142,inf,1.9822712330395684
Arapoema,2020-09-12,96,0,3,0,1.4285714285714286,0.07142857142857142,inf,1.9822712330395684
Arapoema,2020-09-13,96,0,3,0,1.4285714285714286,0.07142857142857142,inf,1.9822712330395684
Arapoema,2020-09-14,97,1,3,0,1.5,0.07142857142857142,inf,1.9867717342662448
Arapoema,2020-09-15,98,1,3,0,1.4285714285714286,0.07142857142857142,inf,1.9912260756924949
Arapoema,2020-09-16,98,0,3,0,1.2857142857142858,0.07142857142857142,inf,1.9912260756924949
Arapoema,2020-09-17,98,0,3,0,1.2142857142857142,0.07142857142857142,inf,1.9912260756924949
Arapoema,2020-09-18,98,0,3,0,1.1428571428571428,0.07142857142857142,inf,1.9912260756924949
Arapoema,2020-09-19,98,0,3,0,1.0,0.07142857142857142,inf,1.9912260756924949
Arapoema,2020-09-20,98,0,3,0,1.0,0.07142857142857142,inf,1.9912260756924949
Arapoema,2020-09-21,98,0,3,0,0.9285714285714286,0.07142857142857142,inf,1.9912260756924949
Arapoema,2020-09-22,98,0,3,0,0.8571428571428571,0.07142857142857142,inf,1.9912260756924949
Arapoema,2020-09-23,98,0,3,0,0.7857142857142857,0.07142857142857142,inf,1.9912260756924949
Arapoema,2020-09-24,98,0,3,0,0.5714285714285714,0.0,-1.0,1.9912260756924949
Arapoema,2020-09-25,98,0,3,0,0.14285714285714285,0.0,-1.0,1.9912260756924949
Arapoema,2020-09-26,98,0,3,0,0.14285714285714285,0.0,-1.0,1.9912260756924949
Arapoema,2020-09-27,98,0,3,0,0.14285714285714285,0.0,-1.0,1.9912260756924949
Arapoema,2020-09-28,98,0,3,0,0.07142857142857142,0.0,-1.0,1.9912260756924949
Arapoema,2020-09-29,98,0,3,0,0.0,0.0,-1.0,1.9912260756924949
Arapoema,2020-09-30,98,0,3,0,0.0,0.0,-1.0,1.9912260756924949
Arapoema,2020-10-01,100,2,3,0,0.14285714285714285,0.0,-1.0,2.0
Arapoema,2020-10-02,100,0,3,0,0.14285714285714285,0.0,-1.0,2.0
Arapoema,2020-10-03,101,1,3,0,0.21428571428571427,0.0,-1.0,2.0043213737826426
Arapoema,2020-10-04,101,0,3,0,0.21428571428571427,0.0,-1.0,2.0043213737826426
Arapoema,2020-10-05,105,4,3,0,0.5,0.0,-1.0,2.0211892990699383
Arapoema,2020-10-06,105,0,3,0,0.5,0.0,-1.0,2.0211892990699383
Arapoema,2020-10-07,105,0,3,0,0.5,0.0,-1.0,2.0211892990699383
Arapoema,2020-10-08,108,3,3,0,0.7142857142857143,0.0,,2.03342375548695
Arapoema,2020-10-09,118,10,3,0,1.4285714285714286,0.0,,2.0718820073061255
Arapoema,2020-10-10,119,1,3,0,1.5,0.0,,2.075546961392531
Arapoema,2020-10-11,121,2,3,0,1.6428571428571428,0.0,,2.08278537031645
Arapoema,2020-10-12,121,0,3,0,1.6428571428571428,0.0,,2.08278537031645
Arapoema,2020-10-13,126,5,3,0,2.0,0.0,,2.100370545117563
Arapoema,2020-10-14,126,0,3,0,2.0,0.0,,2.100370545117563
Arapoema,2020-10-15,127,1,3,0,1.9285714285714286,0.0,,2.103803720955957
Arapoema,2020-10-16,129,2,3,0,2.0714285714285716,0.0,,2.110589710299249
Arapoema,2020-10-17,129,0,3,0,2.0,0.0,,2.110589710299249
Arapoema,2020-10-18,129,0,3,0,2.0,0.0,,2.110589710299249
Arapoema,2020-10-19,128,-1,3,0,1.6428571428571428,0.0,,2.1072099696478683
Arapoema,2020-10-20,131,3,4,1,1.8571428571428572,0.07142857142857142,inf,2.1172712956557644
Arapoema,2020-10-21,133,2,4,0,2.0,0.07142857142857142,inf,2.123851640967086
Arapoema,2020-10-22,133,0,4,0,1.7857142857142858,0.07142857142857142,inf,2.123851640967086
Arapoema,2020-10-23,133,0,4,0,1.0714285714285714,0.07142857142857142,inf,2.123851640967086
Arapoema,2020-10-24,134,1,4,0,1.0714285714285714,0.07142857142857142,inf,2.1271047983648077
Arapoema,2020-10-25,134,0,4,0,0.9285714285714286,0.07142857142857142,inf,2.1271047983648077
Arapoema,2020-10-26,134,0,4,0,0.9285714285714286,0.07142857142857142,inf,2.1271047983648077
Arapoema,2020-10-27,135,1,4,0,0.6428571428571429,0.07142857142857142,inf,2.130333768495006
Arapoema,2020-10-28,135,0,4,0,0.6428571428571429,0.07142857142857142,inf,2.130333768495006
Arapoema,2020-10-29,136,1,4,0,0.6428571428571429,0.07142857142857142,inf,2.1335389083702174
Arapoema,2020-10-30,136,0,4,0,0.5,0.07142857142857142,inf,2.1335389083702174
Arapoema,2020-10-31,136,0,4,0,0.5,0.07142857142857142,inf,2.1335389083702174
Arapoema,2020-11-01,136,0,4,0,0.5,0.07142857142857142,inf,2.1335389083702174
Arapoema,2020-11-02,136,0,4,0,0.5714285714285714,0.07142857142857142,inf,2.1335389083702174
Arapoema,2020-11-03,136,0,4,0,0.35714285714285715,0.0,-1.0,2.1335389083702174
Arapoema,2020-11-04,136,0,4,0,0.21428571428571427,0.0,-1.0,2.1335389083702174
Arapoema,2020-11-05,136,0,4,0,0.21428571428571427,0.0,-1.0,2.1335389083702174
Arapoema,2020-11-06,136,0,4,0,0.21428571428571427,0.0,-1.0,2.1335389083702174
Arapoema,2020-11-07,136,0,4,0,0.14285714285714285,0.0,-1.0,2.1335389083702174
Arapoema,2020-11-08,136,0,4,0,0.14285714285714285,0.0,-1.0,2.1335389083702174
Arapoema,2020-11-09,136,0,4,0,0.14285714285714285,0.0,-1.0,2.1335389083702174
Arapoema,2020-11-10,137,1,3,-1,0.14285714285714285,-0.07142857142857142,-2.0,2.1367205671564067
Arapoema,2020-11-11,137,0,3,0,0.14285714285714285,-0.07142857142857142,-2.0,2.1367205671564067
Arapoema,2020-11-12,137,0,3,0,0.07142857142857142,-0.07142857142857142,-2.0,2.1367205671564067
Arapoema,2020-11-13,137,0,3,0,0.07142857142857142,-0.07142857142857142,-2.0,2.1367205671564067
Arapoema,2020-11-14,137,0,3,0,0.07142857142857142,-0.07142857142857142,-2.0,2.1367205671564067
Arapoema,2020-11-15,137,0,3,0,0.07142857142857142,-0.07142857142857142,-2.0,2.1367205671564067
Arapoema,2020-11-16,137,0,3,0,0.07142857142857142,-0.07142857142857142,-2.0,2.1367205671564067
Arapoema,2020-11-17,137,0,3,0,0.07142857142857142,-0.07142857142857142,-inf,2.1367205671564067
Arapoema,2020-11-18,137,0,3,0,0.07142857142857142,-0.07142857142857142,-inf,2.1367205671564067
Arapoema,2020-11-19,137,0,3,0,0.07142857142857142,-0.07142857142857142,-inf,2.1367205671564067
Arapoema,2020-11-20,137,0,3,0,0.07142857142857142,-0.07142857142857142,-inf,2.1367205671564067
Arapoema,2020-11-21,140,3,3,0,0.2857142857142857,-0.07142857142857142,-inf,2.146128035678238
Arapoema,2020-11-22,140,0,3,0,0.2857142857142857,-0.07142857142857142,-inf,2.146128035678238
Arapoema,2020-11-23,140,0,3,0,0.2857142857142857,-0.07142857142857142,-inf,2.146128035678238
Arapoema,2020-11-24,140,0,3,0,0.21428571428571427,0.0,-1.0,2.146128035678238
Arapoema,2020-11-25,140,0,3,0,0.21428571428571427,0.0,-1.0,2.146128035678238
Arapoema,2020-11-26,140,0,3,0,0.21428571428571427,0.0,-1.0,2.146128035678238
Arapoema,2020-11-27,140,0,3,0,0.21428571428571427,0.0,-1.0,2.146128035678238
Arapoema,2020-11-28,140,0,3,0,0.21428571428571427,0.0,-1.0,2.146128035678238
Arapoema,2020-11-29,140,0,3,0,0.21428571428571427,0.0,-1.0,2.146128035678238
Arapoema,2020-11-30,140,0,3,0,0.21428571428571427,0.0,-1.0,2.146128035678238
Arapoema,2020-12-01,140,0,3,0,0.21428571428571427,0.0,-1.0,2.146128035678238
Arapoema,2020-12-02,140,0,3,0,0.21428571428571427,0.0,-1.0,2.146128035678238
Arapoema,2020-12-03,141,1,3,0,0.2857142857142857,0.0,-1.0,2.1492191126553797
Arapoema,2020-12-04,141,0,3,0,0.2857142857142857,0.0,-1.0,2.1492191126553797
Arapoema,2020-12-05,141,0,3,0,0.07142857142857142,0.0,-1.0,2.1492191126553797
Arapoema,2020-12-06,141,0,3,0,0.07142857142857142,0.0,-1.0,2.1492191126553797
Arapoema,2020-12-07,145,4,3,0,0.35714285714285715,0.0,-1.0,2.161368002234975
Arapoema,2020-12-08,146,1,4,1,0.42857142857142855,0.07142857142857142,inf,2.164352855784437
Arapoema,2020-12-09,146,0,4,0,0.42857142857142855,0.07142857142857142,inf,2.164352855784437
Arapoema,2020-12-10,147,1,4,0,0.5,0.07142857142857142,inf,2.167317334748176
Arapoema,2020-12-11,147,0,4,0,0.5,0.07142857142857142,inf,2.167317334748176
Arapoema,2020-12-12,147,0,4,0,0.5,0.07142857142857142,inf,2.167317334748176
Arapoema,2020-12-13,148,1,4,0,0.5714285714285714,0.07142857142857142,inf,2.1702617153949575
Arapoema,2020-12-14,149,1,4,0,0.6428571428571429,0.07142857142857142,inf,2.173186268412274
Arapoema,2020-12-15,152,3,4,0,0.8571428571428571,0.07142857142857142,inf,2.1818435879447726
Arapoema,2020-12-16,151,-1,4,0,0.7857142857142857,0.07142857142857142,inf,2.1789769472931693
Arapoema,2020-12-17,151,0,4,0,0.7142857142857143,0.07142857142857142,inf,2.1789769472931693
Arapoema,2020-12-18,151,0,4,0,0.7142857142857143,0.07142857142857142,inf,2.1789769472931693
Arapoema,2020-12-19,152,1,4,0,0.7857142857142857,0.07142857142857142,inf,2.1818435879447726
Arapoema,2020-12-20,152,0,4,0,0.7857142857142857,0.07142857142857142,inf,2.1818435879447726
Arapoema,2020-12-21,152,0,4,0,0.5,0.07142857142857142,inf,2.1818435879447726
Arapoema,2020-12-22,153,1,4,0,0.5,0.0,-1.0,2.184691430817599
Arapoema,2020-12-23,153,0,4,0,0.5,0.0,-1.0,2.184691430817599
Arapoema,2020-12-24,153,0,4,0,0.42857142857142855,0.0,-1.0,2.184691430817599
Arapoema,2020-12-25,153,0,4,0,0.42857142857142855,0.0,-1.0,2.184691430817599
Arapoema,2020-12-26,153,0,4,0,0.42857142857142855,0.0,-1.0,2.184691430817599
Arapoema,2020-12-27,153,0,4,0,0.35714285714285715,0.0,-1.0,2.184691430817599
Arapoema,2020-12-28,153,0,4,0,0.2857142857142857,0.0,-1.0,2.184691430817599
Arapoema,2020-12-29,153,0,4,0,0.07142857142857142,0.0,-1.0,2.184691430817599
Arapoema,2020-12-30,153,0,4,0,0.14285714285714285,0.0,-1.0,2.184691430817599
Arapoema,2020-12-31,153,0,4,0,0.14285714285714285,0.0,-1.0,2.184691430817599
Arapoema,2021-01-01,153,0,4,0,0.14285714285714285,0.0,-1.0,2.184691430817599
Arapoema,2021-01-02,155,2,4,0,0.21428571428571427,0.0,-1.0,2.1903316981702914
Arapoema,2021-01-03,155,0,4,0,0.21428571428571427,0.0,-1.0,2.1903316981702914
Arapoema,2021-01-04,155,0,4,0,0.21428571428571427,0.0,-1.0,2.1903316981702914
Arapoema,2021-01-05,155,0,4,0,0.14285714285714285,0.0,,2.1903316981702914
Arapoema,2021-01-06,155,0,4,0,0.14285714285714285,0.0,,2.1903316981702914
Arapoema,2021-01-07,155,0,4,0,0.14285714285714285,0.0,,2.1903316981702914
Arapoema,2021-01-08,155,0,4,0,0.14285714285714285,0.0,,2.1903316981702914
Arapoema,2021-01-09,155,0,4,0,0.14285714285714285,0.0,,2.1903316981702914
Arapoema,2021-01-10,155,0,4,0,0.14285714285714285,0.0,,2.1903316981702914
Arapoema,2021-01-11,155,0,4,0,0.14285714285714285,0.0,,2.1903316981702914
Arapoema,2021-01-12,155,0,4,0,0.14285714285714285,0.0,,2.1903316981702914
Arapoema,2021-01-13,155,0,4,0,0.14285714285714285,0.0,,2.1903316981702914
Arapoema,2021-01-14,155,0,4,0,0.14285714285714285,0.0,,2.1903316981702914
Arapoema,2021-01-15,160,5,4,0,0.5,0.0,,2.204119982655925
Arapoema,2021-01-16,160,0,4,0,0.35714285714285715,0.0,,2.204119982655925
Arapoema,2021-01-17,161,1,4,0,0.42857142857142855,0.0,,2.2068258760318495
Arapoema,2021-01-18,161,0,4,0,0.42857142857142855,0.0,,2.2068258760318495
Arapoema,2021-01-19,162,1,4,0,0.5,0.0,,2.2095150145426308
Arapoema,2021-01-20,162,0,4,0,0.5,0.0,,2.2095150145426308
Araguaína,2020-03-27,0,0,0,0,,,,0.0
Araguaína,2020-03-28,1,1,0,0,,,,0.0
Araguaína,2020-03-29,1,0,0,0,,,,0.0
Araguaína,2020-03-30,1,0,0,0,,,,0.0
Araguaína,2020-03-31,2,1,0,0,,,,0.3010299956639812
Araguaína,2020-04-01,3,1,0,0,,,,0.47712125471966244
Araguaína,2020-04-02,3,0,0,0,,,,0.47712125471966244
Araguaína,2020-04-03,3,0,0,0,,,,0.47712125471966244
Araguaína,2020-04-04,3,0,0,0,,,,0.47712125471966244
Araguaína,2020-04-05,4,1,0,0,,,,0.6020599913279624
Araguaína,2020-04-06,4,0,0,0,,,,0.6020599913279624
Araguaína,2020-04-07,5,1,0,0,,,,0.6989700043360189
Araguaína,2020-04-08,6,1,0,0,,,,0.7781512503836436
Araguaína,2020-04-09,6,0,0,0,0.42857142857142855,0.0,,0.7781512503836436
Araguaína,2020-04-10,6,0,0,0,0.42857142857142855,0.0,,0.7781512503836436
Araguaína,2020-04-11,6,0,0,0,0.35714285714285715,0.0,,0.7781512503836436
Araguaína,2020-04-12,6,0,0,0,0.35714285714285715,0.0,,0.7781512503836436
Araguaína,2020-04-13,6,0,0,0,0.35714285714285715,0.0,,0.7781512503836436
Araguaína,2020-04-14,6,0,0,0,0.2857142857142857,0.0,,0.7781512503836436
Araguaína,2020-04-15,5,-1,0,0,0.14285714285714285,0.0,,0.6989700043360189
Araguaína,2020-04-16,5,0,0,0,0.14285714285714285,0.0,,0.6989700043360189
Araguaína,2020-04-17,5,0,0,0,0.14285714285714285,0.0,,0.6989700043360189
Araguaína,2020-04-18,5,0,0,0,0.14285714285714285,0.0,,0.6989700043360189
Araguaína,2020-04-19,5,0,0,0,0.07142857142857142,0.0,,0.6989700043360189
Araguaína,2020-04-20,5,0,0,0,0.07142857142857142,0.0,,0.6989700043360189
Araguaína,2020-04-21,6,1,0,0,0.07142857142857142,0.0,,0.7781512503836436
Araguaína,2020-04-22,6,0,0,0,0.0,0.0,,0.7781512503836436
Araguaína,2020-04-23,7,1,0,0,0.07142857142857142,0.0,,0.8450980400142568
Araguaína,2020-04-24,9,2,0,0,0.21428571428571427,0.0,,0.9542425094393249
Araguaína,2020-04-25,14,5,0,0,0.5714285714285714,0.0,,1.146128035678238
Araguaína,2020-04-26,20,6,0,0,1.0,0.0,,1.3010299956639813
Araguaína,2020-04-27,24,4,0,0,1.2857142857142858,0.0,,1.380211241711606
Araguaína,2020-04-28,29,5,0,0,1.6428571428571428,0.0,,1.462397997898956
Araguaína,2020-04-29,46,17,0,0,2.9285714285714284,0.0,,1.662757831681574
Araguaína,2020-04-30,55,9,0,0,3.5714285714285716,0.0,,1.7403626894942439
Araguaína,2020-05-01,62,7,0,0,4.071428571428571,0.0,,1.792391689498254
Araguaína,2020-05-02,75,13,0,0,5.0,0.0,,1.8750612633917
Araguaína,2020-05-03,98,23,0,0,6.642857142857143,0.0,,1.9912260756924949
Araguaína,2020-05-04,104,6,0,0,7.071428571428571,0.0,,2.0170333392987803
Araguaína,2020-05-05,117,13,0,0,7.928571428571429,0.0,,2.0681858617461617
Araguaína,2020-05-06,129,12,0,0,8.785714285714286,0.0,,2.110589710299249
Araguaína,2020-05-07,163,34,0,0,11.142857142857142,0.0,,2.2121876044039577
Araguaína,2020-05-08,194,31,0,0,13.214285714285714,0.0,,2.287801729930226
Araguaína,2020-05-09,229,35,0,0,15.357142857142858,0.0,,2.359835482339888
Araguaína,2020-05-10,287,58,0,0,19.071428571428573,0.0,,2.4578818967339924
Araguaína,2020-05-11,318,31,0,0,21.0,0.0,,2.5024271199844326
Araguaína,2020-05-12,351,33,0,0,23.0,0.0,,2.545307116465824
Araguaína,2020-05-13,390,39,3,3,24.571428571428573,0.21428571428571427,inf,2.591064607026499
Araguaína,2020-05-14,434,44,5,2,27.071428571428573,0.35714285714285715,inf,2.637489729512511
Araguaína,2020-05-15,496,62,6,1,31.0,0.42857142857142855,inf,2.6954816764901977
Araguaína,2020-05-16,535,39,6,0,32.857142857142854,0.42857142857142855,inf,2.7283537820212285
Araguaína,2020-05-17,576,41,7,1,34.142857142857146,0.5,inf,2.760422483423212
Araguaína,2020-05-18,631,55,7,0,37.642857142857146,0.5,inf,2.8000293592441343
Araguaína,2020-05-19,700,69,8,1,41.642857142857146,0.5714285714285714,inf,2.845098040014257
Araguaína,2020-05-20,788,88,9,1,47.07142857142857,0.6428571428571429,inf,2.8965262174895554
Araguaína,2020-05-21,834,46,11,2,47.92857142857143,0.7857142857142857,inf,2.921166050637739
Araguaína,2020-05-22,964,130,12,1,55.0,0.8571428571428571,inf,2.984077033902831
Araguaína,2020-05-23,1081,117,12,0,60.857142857142854,0.8571428571428571,inf,3.03382569395331
Araguaína,2020-05-24,1130,49,12,0,60.214285714285715,0.8571428571428571,inf,3.05307844348342
Araguaína,2020-05-25,1205,75,13,1,63.357142857142854,0.9285714285714286,inf,3.080987046910887
Araguaína,2020-05-26,1264,59,17,4,65.21428571428571,1.2142857142857142,inf,3.1017470739463664
Araguaína,2020-05-27,1291,27,17,0,64.35714285714286,1.0,3.666666666666667,3.1109262422664203
Araguaína,2020-05-28,1392,101,17,0,68.42857142857143,0.8571428571428571,1.4,3.1436392352745433
Araguaína,2020-05-29,1517,125,18,1,72.92857142857143,0.8571428571428571,1.0,3.1809855807867304
Araguaína,2020-05-30,1689,172,18,0,82.42857142857143,0.8571428571428571,1.0,3.227629649571009
Araguaína,2020-05-31,1741,52,18,0,83.21428571428571,0.7857142857142857,0.5714285714285714,3.240798771117331
Araguaína,2020-06-01,1846,105,18,0,86.78571428571429,0.7857142857142857,0.5714285714285714,3.266231696689893
Araguaína,2020-06-02,1884,38,19,1,84.57142857142857,0.7857142857142857,0.37500000000000006,3.2750808984568587
Araguaína,2020-06-03,1971,87,19,0,84.5,0.7142857142857143,0.11111111111111105,3.2946866242794433
Araguaína,2020-06-04,2025,54,20,1,85.07142857142857,0.6428571428571429,-0.18181818181818174,3.3064250275506875
Araguaína,2020-06-05,2158,133,21,1,85.28571428571429,0.6428571428571429,-0.2499999999999999,3.334051440346892
Araguaína,2020-06-06,2291,133,21,0,86.42857142857143,0.6428571428571429,-0.2499999999999999,3.3600250891893975
Araguaína,2020-06-07,2347,56,23,2,86.92857142857143,0.7857142857142857,-0.0833333333333333,3.3705130895985924
Araguaína,2020-06-08,2431,84,25,2,87.57142857142857,0.8571428571428571,-0.07692307692307701,3.3857849588433355
Araguaína,2020-06-09,2512,81,26,1,89.14285714285714,0.6428571428571429,-0.4705882352941176,3.4000196350651586
Araguaína,2020-06-10,2573,61,29,3,91.57142857142857,0.8571428571428571,-0.1428571428571429,3.4104397862103464
Araguaína,2020-06-11,2680,107,31,2,92.0,1.0,0.16666666666666674,3.428134794028789
Araguaína,2020-06-12,2795,115,32,1,91.28571428571429,1.0,0.16666666666666674,3.446381812222442
Araguaína,2020-06-13,2830,35,32,0,81.5,1.0,0.16666666666666674,3.45178643552429
Araguaína,2020-06-14,2850,20,33,1,79.21428571428571,1.0714285714285714,0.36363636363636365,3.45484486000851
Araguaína,2020-06-15,2907,57,33,0,75.78571428571429,1.0714285714285714,0.36363636363636365,3.4634450317704277
Araguaína,2020-06-16,2963,56,36,3,77.07142857142857,1.2142857142857142,0.5454545454545454,3.471731651480051
Araguaína,2020-06-17,3044,81,40,4,76.64285714285714,1.5,1.0999999999999999,3.4834446480985353
Araguaína,2020-06-18,3086,42,40,0,75.78571428571429,1.4285714285714286,1.222222222222222,3.4893959217271293
Araguaína,2020-06-19,3101,15,44,4,67.35714285714286,1.6428571428571428,1.5555555555555554,3.4915017662373264
Araguaína,2020-06-20,3165,64,49,5,62.42857142857143,2.0,2.111111111111111,3.500373714353374
Araguaína,2020-06-21,3229,64,50,1,63.0,1.9285714285714286,1.4545454545454546,3.5090680450171616
Araguaína,2020-06-22,3297,68,51,1,61.857142857142854,1.8571428571428572,1.1666666666666667,3.518118947143153
Araguaína,2020-06-23,3399,102,52,1,63.357142857142854,1.8571428571428572,1.8888888888888888,3.5313511645830595
Araguaína,2020-06-24,3504,105,52,0,66.5,1.6428571428571428,0.9166666666666667,3.544564097496043
Araguaína,2020-06-25,3608,104,53,1,66.28571428571429,1.5714285714285714,0.5714285714285714,3.557266528869904
Araguaína,2020-06-26,3655,47,53,0,61.42857142857143,1.5,0.5,3.562887381293879
Araguaína,2020-06-27,3681,26,55,2,60.785714285714285,1.6428571428571428,0.6428571428571428,3.5659658174466666
Araguaína,2020-06-28,3773,92,55,0,65.92857142857143,1.5714285714285714,0.4666666666666667,3.5766868052009957
Araguaína,2020-06-29,3792,19,55,0,63.214285714285715,1.5714285714285714,0.4666666666666667,3.5788683286660286
Araguaína,2020-06-30,3930,138,57,2,69.07142857142857,1.5,0.23529411764705893,3.5943925503754266
Araguaína,2020-07-01,4053,123,59,2,72.07142857142857,1.3571428571428572,-0.09523809523809519,3.607776603741693
Araguaína,2020-07-02,4097,44,60,1,72.21428571428571,1.4285714285714286,0.0,3.6124659639531425
Araguaína,2020-07-03,4175,78,60,0,76.71428571428571,1.1428571428571428,-0.30434782608695654,3.620656479819621
Araguaína,2020-07-04,4399,224,63,3,88.14285714285714,1.0,-0.5,3.643353961976863
Araguaína,2020-07-05,4475,76,65,2,89.0,1.0714285714285714,-0.4444444444444445,3.650793039651931
Araguaína,2020-07-06,4547,72,65,0,89.28571428571429,1.0,-0.46153846153846156,3.6577249542051082
Araguaína,2020-07-07,4609,62,66,1,86.42857142857143,1.0,-0.46153846153846156,3.6636067081245205
Araguaína,2020-07-08,4658,49,66,0,82.42857142857143,1.0,-0.3913043478260869,3.668199484198662
Araguaína,2020-07-09,4693,35,67,1,77.5,1.0,-0.36363636363636365,3.6714505542124947
Araguaína,2020-07-10,4858,165,67,0,85.92857142857143,1.0,-0.3333333333333333,3.6864575104691117
Araguaína,2020-07-11,4909,51,70,3,87.71428571428571,1.0714285714285714,-0.34782608695652173,3.6909930320998696
Araguaína,2020-07-12,4992,83,74,4,87.07142857142857,1.3571428571428572,-0.1363636363636363,3.6982745766743674
Araguaína,2020-07-13,5028,36,74,0,88.28571428571429,1.3571428571428572,-0.1363636363636363,3.7013952690139202
Araguaína,2020-07-14,5077,49,74,0,81.92857142857143,1.2142857142857142,-0.19047619047619055,3.705607163404605
Araguaína,2020-07-15,5129,52,76,2,76.85714285714286,1.2142857142857142,-0.10526315789473695,3.7100326990657537
Araguaína,2020-07-16,5349,220,77,1,89.42857142857143,1.2142857142857142,-0.15000000000000008,3.728272597895017
Araguaína,2020-07-17,5372,23,76,-1,85.5,1.1428571428571428,0.0,3.7301360039966776
Araguaína,2020-07-18,5410,38,75,-1,72.21428571428571,0.8571428571428571,-0.1428571428571429,3.7331972651065692
Araguaína,2020-07-19,5640,230,76,1,83.21428571428571,0.7857142857142857,-0.26666666666666666,3.751279103983342
Araguaína,2020-07-20,5668,28,77,1,80.07142857142857,0.8571428571428571,-0.1428571428571429,3.753429841575423
Araguaína,2020-07-21,5706,38,78,1,78.35714285714286,0.8571428571428571,-0.1428571428571429,3.7563317673210577
Araguaína,2020-07-22,5751,45,80,2,78.07142857142857,1.0,0.0,3.759743367597725
Araguaína,2020-07-23,5807,56,82,2,79.57142857142857,1.0714285714285714,0.0714285714285714,3.763951826033324
Araguaína,2020-07-24,5898,91,87,5,74.28571428571429,1.4285714285714286,0.4285714285714286,3.7707047682157793
Araguaína,2020-07-25,6248,350,87,0,95.64285714285714,1.2142857142857142,0.13333333333333328,3.7957410208692437
Araguaína,2020-07-26,6598,350,87,0,114.71428571428571,0.9285714285714286,-0.3157894736842105,3.8194123112093252
Araguaína,2020-07-27,6709,111,88,1,120.07142857142857,1.0,-0.26315789473684215,3.8266577918758693
Araguaína,2020-07-28,6770,61,90,2,120.92857142857143,1.1428571428571428,-0.058823529411764684,3.8305886686851442
Araguaína,2020-07-29,6848,78,90,0,122.78571428571429,1.0,-0.17647058823529405,3.835563751669097
Araguaína,2020-07-30,7028,180,90,0,119.92857142857143,0.9285714285714286,-0.23529411764705874,3.8468317528232574
Araguaína,2020-07-31,7051,23,93,3,119.92857142857143,1.2142857142857142,0.06249999999999997,3.8482507146770426
Araguaína,2020-08-01,7165,114,97,4,125.35714285714286,1.5714285714285714,0.8333333333333334,3.855216194733363
Araguaína,2020-08-02,7276,111,98,1,116.85714285714286,1.5714285714285714,1.0,3.861892690391446
Araguaína,2020-08-03,7520,244,99,1,132.28571428571428,1.5714285714285714,0.8333333333333334,3.876217840591642
Araguaína,2020-08-04,7632,112,99,0,137.57142857142858,1.5,0.7500000000000001,3.8826383616960385
Araguaína,2020-08-05,7716,84,102,3,140.35714285714286,1.5714285714285714,0.5714285714285714,3.887392218971847
Araguaína,2020-08-06,8070,354,102,0,161.64285714285714,1.4285714285714286,0.3333333333333334,3.90687353472207
Araguaína,2020-08-07,8154,84,103,1,161.14285714285714,1.1428571428571428,-0.20000000000000007,3.911370707116138
Araguaína,2020-08-08,8251,97,106,3,143.07142857142858,1.3571428571428572,0.11764705882352955,3.9165065871151556
Araguaína,2020-08-09,8380,129,107,1,127.28571428571429,1.4285714285714286,0.5384615384615384,3.9232440186302764
Araguaína,2020-08-10,8498,118,111,4,127.78571428571429,1.6428571428571428,0.6428571428571428,3.9293167267534956
Araguaína,2020-08-11,8621,123,116,5,132.21428571428572,1.8571428571428572,0.6250000000000001,3.935557645093014
Araguaína,2020-08-12,8693,72,117,1,131.78571428571428,1.9285714285714286,0.9285714285714286,3.9391696796251776
Araguaína,2020-08-13,8771,78,118,1,124.5,2.0,1.1538461538461537,3.9430491110084067
Araguaína,2020-08-14,9006,235,121,3,139.64285714285714,2.0,0.6470588235294119,3.954531942626914
Araguaína,2020-08-15,9367,361,120,-1,157.28571428571428,1.6428571428571428,0.045454545454545435,3.971600520230059
Araguaína,2020-08-16,9454,87,123,3,155.57142857142858,1.7857142857142858,0.13636363636363644,3.975615597966895
Araguaína,2020-08-17,9459,5,125,2,138.5,1.8571428571428572,0.18181818181818188,3.975845225467567
Araguaína,2020-08-18,9673,214,125,0,145.78571428571428,1.8571428571428572,0.23809523809523814,3.985561187773345
Araguaína,2020-08-19,9787,114,125,0,147.92857142857142,1.6428571428571428,0.045454545454545435,3.9906495883188544
Araguaína,2020-08-20,9877,90,125,0,129.07142857142858,1.6428571428571428,0.14999999999999994,3.9946250537686048
Araguaína,2020-08-21,10008,131,127,2,132.42857142857142,1.7142857142857142,0.5,4.000347296685364
Araguaína,2020-08-22,10421,413,130,3,155.0,1.7142857142857142,0.263157894736842,4.017909395896689
Araguaína,2020-08-23,10612,191,135,5,159.42857142857142,2.0,0.39999999999999997,4.025797241310292
Araguaína,2020-08-24,10774,162,135,0,162.57142857142858,1.7142857142857142,0.0434782608695652,4.032376971209936
Araguaína,2020-08-25,11012,238,138,3,170.78571428571428,1.5714285714285714,-0.15384615384615388,4.041866202721293
Araguaína,2020-08-26,11226,214,139,1,180.92857142857142,1.5714285714285714,-0.1851851851851852,4.050225037883654
Araguaína,2020-08-27,11555,329,143,4,198.85714285714286,1.7857142857142858,-0.1071428571428571,4.062769949815128
Araguaína,2020-08-28,11651,96,144,1,188.92857142857142,1.6428571428571428,-0.1785714285714286,4.066363202258494
Araguaína,2020-08-29,11919,268,147,3,182.28571428571428,1.9285714285714286,0.17391304347826095,4.076239819775025
Araguaína,2020-08-30,12120,201,148,1,190.42857142857142,1.7857142857142858,0.0,4.083502619830267
Araguaína,2020-08-31,12237,117,152,4,198.42857142857142,1.9285714285714286,0.03846153846153844,4.0876749600367575
Araguaína,2020-09-01,12355,118,157,5,191.57142857142858,2.2857142857142856,0.23076923076923067,4.091842749738098
Araguaína,2020-09-02,12435,80,158,1,189.14285714285714,2.357142857142857,0.4347826086956523,4.094645789605955
Araguaína,2020-09-03,12530,95,158,0,189.5,2.357142857142857,0.4347826086956523,4.09795107099415
Araguaína,2020-09-04,12742,212,160,2,195.28571428571428,2.357142857142857,0.3750000000000001,4.1052376007460225
Araguaína,2020-09-05,12974,232,166,6,182.35714285714286,2.5714285714285716,0.5000000000000002,4.1130738935942075
Araguaína,2020-09-06,13040,66,168,2,173.42857142857142,2.357142857142857,0.1785714285714286,4.115277591395901
Araguaína,2020-09-07,13166,126,170,2,170.85714285714286,2.5,0.4583333333333334,4.11945385075606
Araguaína,2020-09-08,13278,112,170,0,161.85714285714286,2.2857142857142856,0.4545454545454545,4.123132664310901
Araguaína,2020-09-09,13394,116,171,1,154.85714285714286,2.2857142857142856,0.4545454545454545,4.126910294600161
Araguaína,2020-09-10,13755,361,173,2,157.14285714285714,2.142857142857143,0.1999999999999999,4.138460594725703
Araguaína,2020-09-11,13818,63,175,2,154.78571428571428,2.2142857142857144,0.3478260869565219,4.140445188347875
Araguaína,2020-09-12,13870,52,180,5,139.35714285714286,2.357142857142857,0.22222222222222224,4.142076461073285
Araguaína,2020-09-13,13913,43,181,1,128.07142857142858,2.357142857142857,0.31999999999999995,4.143420785129937
Araguaína,2020-09-14,14081,168,182,1,131.71428571428572,2.142857142857143,0.11111111111111106,4.14863349848935
Araguaína,2020-09-15,14136,55,184,2,127.21428571428571,1.9285714285714286,-0.15624999999999994,4.150326536498707
Araguaína,2020-09-16,14209,73,187,3,126.71428571428571,2.0714285714285716,-0.12121212121212116,4.152563514256539
Araguaína,2020-09-17,14282,73,187,0,125.14285714285714,2.0714285714285716,-0.12121212121212116,4.15478902873875
Araguaína,2020-09-18,14394,112,188,1,118.0,2.0,-0.15151515151515155,4.158181498351475
Araguaína,2020-09-19,14512,118,190,2,109.85714285714286,1.7142857142857142,-0.3333333333333334,4.16172726971602
Araguaína,2020-09-20,14635,123,190,0,113.92857142857143,1.5714285714285714,-0.33333333333333337,4.16539272676981
Araguaína,2020-09-21,14664,29,190,0,107.0,1.4285714285714286,-0.42857142857142855,4.16625245195416
Araguaína,2020-09-22,14764,100,192,2,106.14285714285714,1.5714285714285714,-0.3125,4.169204036523619
Araguaína,2020-09-23,14798,34,193,1,100.28571428571429,1.5714285714285714,-0.3125,4.170203022985664
Araguaína,2020-09-24,14869,71,195,2,79.57142857142857,1.5714285714285714,-0.26666666666666666,4.172281761455
Araguaína,2020-09-25,14947,78,197,2,80.64285714285714,1.5714285714285714,-0.29032258064516137,4.17455403452083
Araguaína,2020-09-26,15004,57,197,0,81.0,1.2142857142857142,-0.4848484848484849,4.176207055478685
Araguaína,2020-09-27,15059,55,197,0,81.85714285714286,1.1428571428571428,-0.5151515151515151,4.177796133292215
Araguaína,2020-09-28,15102,43,197,0,72.92857142857143,1.0714285714285714,-0.5,4.1790344659320064
Araguaína,2020-09-29,15120,18,199,2,70.28571428571429,1.0714285714285714,-0.4444444444444445,4.179551791165188
Araguaína,2020-09-30,15124,4,200,1,65.35714285714286,0.9285714285714286,-0.5517241379310345,4.179666668690498
Araguaína,2020-10-01,15207,83,202,2,66.07142857142857,1.0714285714285714,-0.48275862068965525,4.182043545943064
Araguaína,2020-10-02,15206,-1,203,1,58.0,1.0714285714285714,-0.4642857142857143,4.182014986150735
Araguaína,2020-10-03,15227,21,207,4,51.07142857142857,1.2142857142857142,-0.2916666666666667,4.18261434773635
Araguaína,2020-10-04,15229,2,209,2,42.42857142857143,1.3571428571428572,-0.1363636363636363,4.182671386675478
Araguaína,2020-10-05,15258,29,211,2,42.42857142857143,1.5,0.049999999999999975,4.183497610559352
Araguaína,2020-10-06,15269,11,213,2,36.07142857142857,1.5,-0.045454545454545435,4.183810595098135
Araguaína,2020-10-07,15291,22,213,0,35.214285714285715,1.4285714285714286,-0.09090909090909087,4.1844358883083705
Araguaína,2020-10-08,15330,39,217,4,32.92857142857143,1.5714285714285714,0.0,4.185542154854375
Araguaína,2020-10-09,15377,47,218,1,30.714285714285715,1.5,-0.045454545454545435,4.186871614364535
Araguaína,2020-10-10,15422,45,219,1,29.857142857142858,1.5714285714285714,0.2941176470588236,4.188140698788865
Araguaína,2020-10-11,15455,33,219,0,28.285714285714285,1.5714285714285714,0.37500000000000006,4.189069009399324
Araguaína,2020-10-12,15460,5,219,0,25.571428571428573,1.5714285714285714,0.4666666666666667,4.189209489582306
Araguaína,2020-10-13,15477,17,219,0,25.5,1.4285714285714286,0.3333333333333334,4.189686782592971
Araguaína,2020-10-14,15511,34,221,2,27.642857142857142,1.5,0.6153846153846153,4.190639797844684
Araguaína,2020-10-15,15540,29,221,0,23.785714285714285,1.3571428571428572,0.2666666666666668,4.191451014464896
Araguaína,2020-10-16,15561,21,221,0,25.357142857142858,1.2857142857142858,0.20000000000000012,4.192037502713247
Araguaína,2020-10-17,15567,6,222,1,24.285714285714285,1.0714285714285714,-0.11764705882352937,4.19220492541459
Araguaína,2020-10-18,15567,0,222,0,24.142857142857142,0.9285714285714286,-0.3157894736842105,4.19220492541459
Araguaína,2020-10-19,15617,50,222,0,25.642857142857142,0.7857142857142857,-0.4761904761904762,4.193597610298094
Araguaína,2020-10-20,15629,12,221,-1,25.714285714285715,0.5714285714285714,-0.6190476190476191,4.193931191174947
Araguaína,2020-10-21,15654,25,221,0,25.928571428571427,0.5714285714285714,-0.6,4.1946253294838645
Araguaína,2020-10-22,15668,14,221,0,24.142857142857142,0.2857142857142857,-0.8181818181818181,4.195013562875828
Araguaína,2020-10-23,15703,35,221,0,23.285714285714285,0.21428571428571427,-0.8571428571428572,4.195982630688358
Araguaína,2020-10-24,15729,26,221,0,21.928571428571427,0.14285714285714285,-0.9090909090909092,4.196701112433385
Araguaína,2020-10-25,15753,24,222,1,21.285714285714285,0.21428571428571427,-0.8636363636363636,4.19736327300672
Araguaína,2020-10-26,15767,14,222,0,21.928571428571427,0.21428571428571427,-0.8636363636363636,4.197749067622612
Araguaína,2020-10-27,15809,42,224,2,23.714285714285715,0.35714285714285715,-0.75,4.198904399456732
Araguaína,2020-10-28,15833,24,224,0,23.0,0.21428571428571427,-0.8571428571428572,4.199563211767236
Araguaína,2020-10-29,15881,48,225,1,24.357142857142858,0.2857142857142857,-0.7894736842105264,4.200877845749026
Araguaína,2020-10-30,15915,34,225,0,25.285714285714285,0.2857142857142857,-0.7777777777777777,4.201806642957022
Araguaína,2020-10-31,15933,18,225,0,26.142857142857142,0.21428571428571427,-0.7999999999999999,4.2022975561388
Araguaína,2020-11-01,15954,21,225,0,27.642857142857142,0.21428571428571427,-0.7692307692307693,4.2028695877152105
Araguaína,2020-11-02,15962,8,225,0,24.642857142857142,0.21428571428571427,-0.7272727272727273,4.203087306472447
Araguaína,2020-11-03,15972,10,225,0,24.5,0.2857142857142857,-0.5,4.2033593015223
Araguaína,2020-11-04,16008,36,225,0,25.285714285714285,0.2857142857142857,-0.5,4.204337075628155
Araguaína,2020-11-05,16031,23,227,2,25.928571428571427,0.42857142857142855,0.5,4.204960614115603
Araguaína,2020-11-06,16062,31,227,0,25.642857142857142,0.42857142857142855,1.0,4.205799621570576
Araguaína,2020-11-07,16074,12,228,1,24.642857142857142,0.5,2.5,4.206123963991852
Araguaína,2020-11-08,16085,11,228,0,23.714285714285715,0.42857142857142855,1.0,4.206421065237989
Araguaína,2020-11-09,16114,29,228,0,24.785714285714285,0.42857142857142855,1.0,4.20720335930803
Araguaína,2020-11-10,16134,20,229,1,23.214285714285715,0.35714285714285715,0.0,4.207742052606945
Araguaína,2020-11-11,16143,9,230,1,22.142857142857142,0.42857142857142855,1.0,4.207984246766157
Araguaína,2020-11-12,16162,19,231,1,20.071428571428573,0.42857142857142855,0.5,4.208495102429837
Araguaína,2020-11-13,16203,41,231,0,20.571428571428573,0.42857142857142855,0.5,4.209595432000856
Araguaína,2020-11-14,16229,26,233,2,21.142857142857142,0.5714285714285714,1.6666666666666665,4.210291760253723
Araguaína,2020-11-15,16247,18,233,0,20.928571428571427,0.5714285714285714,1.6666666666666665,4.2107731804701745
Araguaína,2020-11-16,16266,19,233,0,21.714285714285715,0.5714285714285714,1.6666666666666665,4.211280767964129
Araguaína,2020-11-17,16289,23,233,0,22.642857142857142,0.5714285714285714,1.0,4.211894423300987
Araguaína,2020-11-18,16311,22,233,0,21.642857142857142,0.5714285714285714,1.0,4.212480587721373
Araguaína,2020-11-19,16333,22,233,0,21.571428571428573,0.42857142857142855,0.0,4.213065962065718
Araguaína,2020-11-20,16372,39,232,-1,22.142857142857142,0.35714285714285715,-0.1666666666666666,4.214101735973232
Araguaína,2020-11-21,16415,43,232,0,24.357142857142858,0.2857142857142857,-0.4285714285714286,4.215240887065359
Araguaína,2020-11-22,16429,14,232,0,24.571428571428573,0.2857142857142857,-0.3333333333333333,4.215611129612849
Araguaína,2020-11-23,16440,11,232,0,23.285714285714285,0.2857142857142857,-0.3333333333333333,4.215901813204032
Araguaína,2020-11-24,16451,11,234,2,22.642857142857142,0.35714285714285715,0.0,4.216192302363926
Araguaína,2020-11-25,16467,16,234,0,23.142857142857142,0.2857142857142857,-0.3333333333333333,4.216614485501277
Araguaína,2020-11-26,16493,26,234,0,23.642857142857142,0.21428571428571427,-0.5,4.217299658976496
Araguaína,2020-11-27,16508,15,234,0,21.785714285714285,0.21428571428571427,-0.5,4.2176944602053785
Araguaína,2020-11-28,16545,37,234,0,22.571428571428573,0.07142857142857142,-0.875,4.218666771495871
Araguaína,2020-11-29,16615,70,234,0,26.285714285714285,0.07142857142857142,-0.875,4.22050034561473
Araguaína,2020-11-30,16619,4,234,0,25.214285714285715,0.07142857142857142,-0.875,4.220604887826681
Araguaína,2020-12-01,16649,30,234,0,25.714285714285715,0.07142857142857142,-0.875,4.221388153306345
Araguaína,2020-12-02,16670,21,234,0,25.642857142857142,0.07142857142857142,-0.875,4.221935599828005
Araguaína,2020-12-03,16696,26,235,1,25.928571428571427,0.14285714285714285,-0.6666666666666666,4.222612436057398
Araguaína,2020-12-04,16741,45,235,0,26.357142857142858,0.21428571428571427,-0.4,4.223781396399813
Araguaína,2020-12-05,16784,43,236,1,26.357142857142858,0.2857142857142857,0.0,4.224895470849483
Araguaína,2020-12-06,16797,13,236,0,26.285714285714285,0.2857142857142857,0.0,4.225231722214646
Araguaína,2020-12-07,16838,41,236,0,28.428571428571427,0.2857142857142857,0.0,4.2262905051834165
Araguaína,2020-12-08,16879,41,236,0,30.571428571428573,0.14285714285714285,-0.6,4.227346713181427
Araguaína,2020-12-09,16925,46,235,-1,32.714285714285715,0.07142857142857142,-0.75,4.228528677357182
Araguaína,2020-12-10,16961,36,236,1,33.42857142857143,0.14285714285714285,-0.3333333333333333,4.229451454151763
Araguaína,2020-12-11,17006,45,237,1,35.57142857142857,0.21428571428571427,0.0,4.230602174740532
Araguaína,2020-12-12,17060,54,237,0,36.785714285714285,0.21428571428571427,2.0,4.231979026831504
Araguaína,2020-12-13,17076,16,237,0,32.92857142857143,0.21428571428571427,2.0,4.232386146131909
Araguaína,2020-12-14,17124,48,237,0,36.07142857142857,0.21428571428571427,2.0,4.233605219162272
Araguaína,2020-12-15,17142,18,237,0,35.214285714285715,0.21428571428571427,2.0,4.234061490766386
Araguaína,2020-12-16,17214,72,237,0,38.857142857142854,0.21428571428571427,2.0,4.235881798629642
Araguaína,2020-12-17,17239,25,237,0,38.785714285714285,0.14285714285714285,0.0,4.236512069662828
Araguaína,2020-12-18,17281,42,237,0,38.57142857142857,0.14285714285714285,-0.3333333333333333,4.237568870198198
Araguaína,2020-12-19,17357,76,237,0,40.92857142857143,0.07142857142857142,-0.75,4.2394746634651845
Araguaína,2020-12-20,17392,35,237,0,42.5,0.07142857142857142,-0.75,4.24034952674222
Araguaína,2020-12-21,17442,50,237,0,43.142857142857146,0.07142857142857142,-0.75,4.241596282154071
Araguaína,2020-12-22,17475,33,237,0,42.57142857142857,0.07142857142857142,-0.5,4.242417184417719
Araguaína,2020-12-23,17518,43,238,1,42.357142857142854,0.21428571428571427,2.0,4.243484522006458
Araguaína,2020-12-24,17545,27,238,0,41.714285714285715,0.14285714285714285,0.0,4.244153372551425
Araguaína,2020-12-25,17586,41,239,1,41.42857142857143,0.14285714285714285,-0.3333333333333333,4.245167068822079
Araguaína,2020-12-26,17659,73,239,0,42.785714285714285,0.14285714285714285,-0.3333333333333333,4.246966106558744
Araguaína,2020-12-27,17699,40,239,0,44.5,0.14285714285714285,-0.3333333333333333,4.247948729257255
Araguaína,2020-12-28,17743,44,239,0,44.214285714285715,0.14285714285714285,-0.3333333333333333,4.249027052547187
Araguaína,2020-12-29,17780,37,239,0,45.57142857142857,0.14285714285714285,-0.3333333333333333,4.2499317566341945
Araguaína,2020-12-30,17833,53,239,0,44.214285714285715,0.14285714285714285,-0.3333333333333333,4.251224409571832
Araguaína,2020-12-31,17906,73,239,0,47.642857142857146,0.14285714285714285,0.0,4.252998580156892
Araguaína,2021-01-01,17912,6,239,0,45.07142857142857,0.14285714285714285,0.0,4.253144080570974
Araguaína,2021-01-02,17914,2,240,1,39.785714285714285,0.21428571428571427,2.0,4.253192569878443
Araguaína,2021-01-03,17924,10,240,0,38.0,0.21428571428571427,2.0,4.253434935241006
Araguaína,2021-01-04,17925,1,240,0,34.5,0.21428571428571427,2.0,4.253459164339838
Araguaína,2021-01-05,18019,94,240,0,38.857142857142854,0.21428571428571427,2.0,4.2557306852816295
Araguaína,2021-01-06,18091,72,240,0,40.92857142857143,0.14285714285714285,-0.3333333333333333,4.257462573630329
Araguaína,2021-01-07,18136,45,241,1,42.214285714285715,0.21428571428571427,0.5,4.258541507118461
Araguaína,2021-01-08,18194,58,244,3,43.42857142857143,0.35714285714285715,1.5000000000000002,4.259928190374753
Araguaína,2021-01-09,18232,38,244,0,40.92857142857143,0.35714285714285715,1.5000000000000002,4.260834312172319
Araguaína,2021-01-10,18240,8,244,0,38.642857142857146,0.35714285714285715,1.5000000000000002,4.261024833992398
Araguaína,2021-01-11,18241,1,244,0,35.57142857142857,0.35714285714285715,1.5000000000000002,4.261048643344225
Araguaína,2021-01-12,18356,115,245,1,41.142857142857146,0.42857142857142855,2.0,4.263778049022622
Araguaína,2021-01-13,18458,102,245,0,44.642857142857146,0.42857142857142855,2.0,4.266184641650907
Araguaína,2021-01-14,18523,65,246,1,44.07142857142857,0.5,2.5,4.267711326726692
Araguaína,2021-01-15,18632,109,246,0,51.42857142857143,0.5,2.5,4.2702594755266245
Araguaína,2021-01-16,18750,118,247,1,59.714285714285715,0.5,1.3333333333333333,4.273001272063738
Araguaína,2021-01-17,18781,31,248,1,61.214285714285715,0.5714285714285714,1.6666666666666665,4.273718712686196
Araguaína,2021-01-18,18786,5,248,0,61.5,0.5714285714285714,1.6666666666666665,4.273834318000559
Araguaína,2021-01-19,18852,66,248,0,59.5,0.5714285714285714,1.6666666666666665,4.275357431087598
Araguaína,2021-01-20,18981,129,248,0,63.57142857142857,0.5714285714285714,3.0,4.278319089178812
Angico,2020-03-27,0,0,0,0,,,,0.0
Angico,2020-03-28,0,0,0,0,,,,0.0
Angico,2020-03-29,0,0,0,0,,,,0.0
Angico,2020-03-30,0,0,0,0,,,,0.0
Angico,2020-03-31,0,0,0,0,,,,0.0
Angico,2020-04-01,0,0,0,0,,,,0.0
Angico,2020-04-02,0,0,0,0,,,,0.0
Angico,2020-04-03,0,0,0,0,,,,0.0
Angico,2020-04-04,0,0,0,0,,,,0.0
Angico,2020-04-05,0,0,0,0,,,,0.0
Angico,2020-04-06,0,0,0,0,,,,0.0
Angico,2020-04-07,0,0,0,0,,,,0.0
Angico,2020-04-08,0,0,0,0,,,,0.0
Angico,2020-04-09,0,0,0,0,0.0,0.0,,0.0
Angico,2020-04-10,0,0,0,0,0.0,0.0,,0.0
Angico,2020-04-11,0,0,0,0,0.0,0.0,,0.0
Angico,2020-04-12,0,0,0,0,0.0,0.0,,0.0
Angico,2020-04-13,0,0,0,0,0.0,0.0,,0.0
Angico,2020-04-14,0,0,0,0,0.0,0.0,,0.0
Angico,2020-04-15,0,0,0,0,0.0,0.0,,0.0
Angico,2020-04-16,0,0,0,0,0.0,0.0,,0.0
Angico,2020-04-17,0,0,0,0,0.0,0.0,,0.0
Angico,2020-04-18,0,0,0,0,0.0,0.0,,0.0
Angico,2020-04-19,0,0,0,0,0.0,0.0,,0.0
Angico,2020-04-20,0,0,0,0,0.0,0.0,,0.0
Angico,2020-04-21,0,0,0,0,0.0,0.0,,0.0
Angico,2020-04-22,0,0,0,0,0.0,0.0,,0.0
Angico,2020-04-23,0,0,0,0,0.0,0.0,,0.0
Angico,2020-04-24,0,0,0,0,0.0,0.0,,0.0
Angico,2020-04-25,0,0,0,0,0.0,0.0,,0.0
Angico,2020-04-26,0,0,0,0,0.0,0.0,,0.0
Angico,2020-04-27,0,0,0,0,0.0,0.0,,0.0
Angico,2020-04-28,0,0,0,0,0.0,0.0,,0.0
Angico,2020-04-29,0,0,0,0,0.0,0.0,,0.0
Angico,2020-04-30,0,0,0,0,0.0,0.0,,0.0
Angico,2020-05-01,0,0,0,0,0.0,0.0,,0.0
Angico,2020-05-02,0,0,0,0,0.0,0.0,,0.0
Angico,2020-05-03,0,0,0,0,0.0,0.0,,0.0
Angico,2020-05-04,0,0,0,0,0.0,0.0,,0.0
Angico,2020-05-05,0,0,0,0,0.0,0.0,,0.0
Angico,2020-05-06,0,0,0,0,0.0,0.0,,0.0
Angico,2020-05-07,0,0,0,0,0.0,0.0,,0.0
Angico,2020-05-08,0,0,0,0,0.0,0.0,,0.0
Angico,2020-05-09,0,0,0,0,0.0,0.0,,0.0
Angico,2020-05-10,0,0,0,0,0.0,0.0,,0.0
Angico,2020-05-11,0,0,0,0,0.0,0.0,,0.0
Angico,2020-05-12,0,0,0,0,0.0,0.0,,0.0
Angico,2020-05-13,0,0,0,0,0.0,0.0,,0.0
Angico,2020-05-14,0,0,0,0,0.0,0.0,,0.0
Angico,2020-05-15,0,0,0,0,0.0,0.0,,0.0
Angico,2020-05-16,0,0,0,0,0.0,0.0,,0.0
Angico,2020-05-17,0,0,0,0,0.0,0.0,,0.0
Angico,2020-05-18,0,0,0,0,0.0,0.0,,0.0
Angico,2020-05-19,1,1,0,0,0.07142857142857142,0.0,,0.0
Angico,2020-05-20,1,0,0,0,0.07142857142857142,0.0,,0.0
Angico,2020-05-21,1,0,0,0,0.07142857142857142,0.0,,0.0
Angico,2020-05-22,1,0,0,0,0.07142857142857142,0.0,,0.0
Angico,2020-05-23,1,0,0,0,0.07142857142857142,0.0,,0.0
Angico,2020-05-24,1,0,0,0,0.07142857142857142,0.0,,0.0
Angico,2020-05-25,1,0,0,0,0.07142857142857142,0.0,,0.0
Angico,2020-05-26,1,0,0,0,0.07142857142857142,0.0,,0.0
Angico,2020-05-27,1,0,0,0,0.07142857142857142,0.0,,0.0
Angico,2020-05-28,1,0,0,0,0.07142857142857142,0.0,,0.0
Angico,2020-05-29,1,0,0,0,0.07142857142857142,0.0,,0.0
Angico,2020-05-30,1,0,0,0,0.07142857142857142,0.0,,0.0
Angico,2020-05-31,1,0,0,0,0.07142857142857142,0.0,,0.0
Angico,2020-06-01,1,0,0,0,0.07142857142857142,0.0,,0.0
Angico,2020-06-02,1,0,0,0,0.0,0.0,,0.0
Angico,2020-06-03,2,1,0,0,0.07142857142857142,0.0,,0.3010299956639812
Angico,2020-06-04,2,0,0,0,0.07142857142857142,0.0,,0.3010299956639812
Angico,2020-06-05,1,-1,0,0,0.0,0.0,,0.0
Angico,2020-06-06,2,1,0,0,0.07142857142857142,0.0,,0.3010299956639812
Angico,2020-06-07,2,0,0,0,0.07142857142857142,0.0,,0.3010299956639812
Angico,2020-06-08,2,0,0,0,0.07142857142857142,0.0,,0.3010299956639812
Angico,2020-06-09,2,0,0,0,0.07142857142857142,0.0,,0.3010299956639812
Angico,2020-06-10,2,0,0,0,0.07142857142857142,0.0,,0.3010299956639812
Angico,2020-06-11,2,0,0,0,0.07142857142857142,0.0,,0.3010299956639812
Angico,2020-06-12,2,0,0,0,0.07142857142857142,0.0,,0.3010299956639812
Angico,2020-06-13,2,0,0,0,0.07142857142857142,0.0,,0.3010299956639812
Angico,2020-06-14,2,0,0,0,0.07142857142857142,0.0,,0.3010299956639812
Angico,2020-06-15,2,0,0,0,0.07142857142857142,0.0,,0.3010299956639812
Angico,2020-06-16,2,0,0,0,0.07142857142857142,0.0,,0.3010299956639812
Angico,2020-06-17,4,2,0,0,0.14285714285714285,0.0,,0.6020599913279624
Angico,2020-06-18,4,0,0,0,0.14285714285714285,0.0,,0.6020599913279624
Angico,2020-06-19,4,0,0,0,0.21428571428571427,0.0,,0.6020599913279624
Angico,2020-06-20,4,0,0,0,0.14285714285714285,0.0,,0.6020599913279624
Angico,2020-06-21,4,0,0,0,0.14285714285714285,0.0,,0.6020599913279624
Angico,2020-06-22,4,0,0,0,0.14285714285714285,0.0,,0.6020599913279624
Angico,2020-06-23,5,1,0,0,0.21428571428571427,0.0,,0.6989700043360189
Angico,2020-06-24,5,0,0,0,0.21428571428571427,0.0,,0.6989700043360189
Angico,2020-06-25,5,0,0,0,0.21428571428571427,0.0,,0.6989700043360189
Angico,2020-06-26,8,3,0,0,0.42857142857142855,0.0,,0.9030899869919435
Angico,2020-06-27,10,2,0,0,0.5714285714285714,0.0,,1.0
Angico,2020-06-28,10,0,0,0,0.5714285714285714,0.0,,1.0
Angico,2020-06-29,10,0,0,0,0.5714285714285714,0.0,,1.0
Angico,2020-06-30,10,0,0,0,0.5714285714285714,0.0,,1.0
Angico,2020-07-01,10,0,0,0,0.42857142857142855,0.0,,1.0
Angico,2020-07-02,11,1,0,0,0.5,0.0,,1.041392685158225
Angico,2020-07-03,11,0,0,0,0.5,0.0,,1.041392685158225
Angico,2020-07-04,11,0,0,0,0.5,0.0,,1.041392685158225
Angico,2020-07-05,11,0,0,0,0.5,0.0,,1.041392685158225
Angico,2020-07-06,11,0,0,0,0.5,0.0,,1.041392685158225
Angico,2020-07-07,11,0,0,0,0.42857142857142855,0.0,,1.041392685158225
Angico,2020-07-08,11,0,0,0,0.42857142857142855,0.0,,1.041392685158225
Angico,2020-07-09,11,0,0,0,0.42857142857142855,0.0,,1.041392685158225
Angico,2020-07-10,11,0,0,0,0.21428571428571427,0.0,,1.041392685158225
Angico,2020-07-11,11,0,0,0,0.07142857142857142,0.0,,1.041392685158225
Angico,2020-07-12,10,-1,0,0,0.0,0.0,,1.0
Angico,2020-07-13,10,0,0,0,0.0,0.0,,1.0
Angico,2020-07-14,10,0,0,0,0.0,0.0,,1.0
Angico,2020-07-15,10,0,0,0,0.0,0.0,,1.0
Angico,2020-07-16,10,0,0,0,-0.07142857142857142,0.0,,1.0
Angico,2020-07-17,10,0,0,0,-0.07142857142857142,0.0,,1.0
Angico,2020-07-18,10,0,0,0,-0.07142857142857142,0.0,,1.0
Angico,2020-07-19,10,0,0,0,-0.07142857142857142,0.0,,1.0
Angico,2020-07-20,10,0,0,0,-0.07142857142857142,0.0,,1.0
Angico,2020-07-21,15,5,0,0,0.2857142857142857,0.0,,1.1760912590556813
Angico,2020-07-22,15,0,0,0,0.2857142857142857,0.0,,1.1760912590556813
Angico,2020-07-23,16,1,0,0,0.35714285714285715,0.0,,1.2041199826559248
Angico,2020-07-24,16,0,0,0,0.35714285714285715,0.0,,1.2041199826559248
Angico,2020-07-25,16,0,0,0,0.35714285714285715,0.0,,1.2041199826559248
Angico,2020-07-26,16,0,0,0,0.42857142857142855,0.0,,1.2041199826559248
Angico,2020-07-27,16,0,0,0,0.42857142857142855,0.0,,1.2041199826559248
Angico,2020-07-28,20,4,0,0,0.7142857142857143,0.0,,1.3010299956639813
Angico,2020-07-29,21,1,0,0,0.7857142857142857,0.0,,1.3222192947339193
Angico,2020-07-30,22,1,0,0,0.8571428571428571,0.0,,1.3424226808222062
Angico,2020-07-31,22,0,0,0,0.8571428571428571,0.0,,1.3424226808222062
Angico,2020-08-01,22,0,0,0,0.8571428571428571,0.0,,1.3424226808222062
Angico,2020-08-02,24,2,0,0,1.0,0.0,,1.380211241711606
Angico,2020-08-03,25,1,0,0,1.0714285714285714,0.0,,1.3979400086720377
Angico,2020-08-04,25,0,0,0,0.7142857142857143,0.0,,1.3979400086720377
Angico,2020-08-05,27,2,0,0,0.8571428571428571,0.0,,1.4313637641589874
Angico,2020-08-06,27,0,0,0,0.7857142857142857,0.0,,1.4313637641589874
Angico,2020-08-07,29,2,0,0,0.9285714285714286,0.0,,1.462397997898956
Angico,2020-08-08,31,2,0,0,1.0714285714285714,0.0,,1.4913616938342726
Angico,2020-08-09,31,0,0,0,1.0714285714285714,0.0,,1.4913616938342726
Angico,2020-08-10,31,0,0,0,1.0714285714285714,0.0,,1.4913616938342726
Angico,2020-08-11,32,1,0,0,0.8571428571428571,0.0,,1.505149978319906
Angico,2020-08-12,32,0,0,0,0.7857142857142857,0.0,,1.505149978319906
Angico,2020-08-13,32,0,0,0,0.7142857142857143,0.0,,1.505149978319906
Angico,2020-08-14,34,2,0,0,0.8571428571428571,0.0,,1.5314789170422551
Angico,2020-08-15,34,0,0,0,0.8571428571428571,0.0,,1.5314789170422551
Angico,2020-08-16,34,0,0,0,0.7142857142857143,0.0,,1.5314789170422551
Angico,2020-08-17,34,0,0,0,0.6428571428571429,0.0,,1.5314789170422551
Angico,2020-08-18,35,1,0,0,0.7142857142857143,0.0,,1.5440680443502757
Angico,2020-08-19,35,0,0,0,0.5714285714285714,0.0,,1.5440680443502757
Angico,2020-08-20,35,0,0,0,0.5714285714285714,0.0,,1.5440680443502757
Angico,2020-08-21,35,0,0,0,0.42857142857142855,0.0,,1.5440680443502757
Angico,2020-08-22,35,0,0,0,0.2857142857142857,0.0,,1.5440680443502757
Angico,2020-08-23,35,0,0,0,0.2857142857142857,0.0,,1.5440680443502757
Angico,2020-08-24,35,0,0,0,0.2857142857142857,0.0,,1.5440680443502757
Angico,2020-08-25,38,3,0,0,0.42857142857142855,0.0,,1.5797835966168101
Angico,2020-08-26,39,1,0,0,0.5,0.0,,1.591064607026499
Angico,2020-08-27,39,0,0,0,0.5,0.0,,1.591064607026499
Angico,2020-08-28,42,3,0,0,0.5714285714285714,0.0,,1.6232492903979006
Angico,2020-08-29,42,0,0,0,0.5714285714285714,0.0,,1.6232492903979006
Angico,2020-08-30,42,0,0,0,0.5714285714285714,0.0,,1.6232492903979006
Angico,2020-08-31,42,0,0,0,0.5714285714285714,0.0,,1.6232492903979006
Angico,2020-09-01,47,5,0,0,0.8571428571428571,0.0,,1.6720978579357175
Angico,2020-09-02,47,0,0,0,0.8571428571428571,0.0,,1.6720978579357175
Angico,2020-09-03,47,0,0,0,0.8571428571428571,0.0,,1.6720978579357175
Angico,2020-09-04,47,0,0,0,0.8571428571428571,0.0,,1.6720978579357175
Angico,2020-09-05,47,0,0,0,0.8571428571428571,0.0,,1.6720978579357175
Angico,2020-09-06,47,0,0,0,0.8571428571428571,0.0,,1.6720978579357175
Angico,2020-09-07,47,0,0,0,0.8571428571428571,0.0,,1.6720978579357175
Angico,2020-09-08,47,0,0,0,0.6428571428571429,0.0,,1.6720978579357175
Angico,2020-09-09,52,5,0,0,0.9285714285714286,0.0,,1.7160033436347992
Angico,2020-09-10,52,0,0,0,0.9285714285714286,0.0,,1.7160033436347992
Angico,2020-09-11,52,0,0,0,0.7142857142857143,0.0,,1.7160033436347992
Angico,2020-09-12,52,0,0,0,0.7142857142857143,0.0,,1.7160033436347992
Angico,2020-09-13,52,0,0,0,0.7142857142857143,0.0,,1.7160033436347992
Angico,2020-09-14,52,0,0,0,0.7142857142857143,0.0,,1.7160033436347992
Angico,2020-09-15,59,7,0,0,0.8571428571428571,0.0,,1.7708520116421442
Angico,2020-09-16,59,0,0,0,0.8571428571428571,0.0,,1.7708520116421442
Angico,2020-09-17,60,1,0,0,0.9285714285714286,0.0,,1.7781512503836436
Angico,2020-09-18,61,1,0,0,1.0,0.0,,1.7853298350107671
Angico,2020-09-19,61,0,0,0,1.0,0.0,,1.7853298350107671
Angico,2020-09-20,61,0,0,0,1.0,0.0,,1.7853298350107671
Angico,2020-09-21,61,0,0,0,1.0,0.0,,1.7853298350107671
Angico,2020-09-22,65,4,0,0,1.2857142857142858,0.0,,1.8129133566428555
Angico,2020-09-23,65,0,0,0,0.9285714285714286,0.0,,1.8129133566428555
Angico,2020-09-24,65,0,0,0,0.9285714285714286,0.0,,1.8129133566428555
Angico,2020-09-25,65,0,0,0,0.9285714285714286,0.0,,1.8129133566428555
Angico,2020-09-26,65,0,0,0,0.9285714285714286,0.0,,1.8129133566428555
Angico,2020-09-27,65,0,0,0,0.9285714285714286,0.0,,1.8129133566428555
Angico,2020-09-28,65,0,0,0,0.9285714285714286,0.0,,1.8129133566428555
Angico,2020-09-29,65,0,0,0,0.42857142857142855,0.0,,1.8129133566428555
Angico,2020-09-30,65,0,0,0,0.42857142857142855,0.0,,1.8129133566428555
Angico,2020-10-01,65,0,0,0,0.35714285714285715,0.0,,1.8129133566428555
Angico,2020-10-02,66,1,0,0,0.35714285714285715,0.0,,1.8195439355418688
Angico,2020-10-03,66,0,0,0,0.35714285714285715,0.0,,1.8195439355418688
Angico,2020-10-04,66,0,0,0,0.35714285714285715,0.0,,1.8195439355418688
Angico,2020-10-05,67,1,1,1,0.42857142857142855,0.07142857142857142,inf,1.8260748027008264
Angico,2020-10-06,67,0,1,0,0.14285714285714285,0.07142857142857142,inf,1.8260748027008264
Angico,2020-10-07,67,0,1,0,0.14285714285714285,0.07142857142857142,inf,1.8260748027008264
Angico,2020-10-08,67,0,1,0,0.14285714285714285,0.07142857142857142,inf,1.8260748027008264
Angico,2020-10-09,67,0,1,0,0.14285714285714285,0.07142857142857142,inf,1.8260748027008264
Angico,2020-10-10,67,0,1,0,0.14285714285714285,0.07142857142857142,inf,1.8260748027008264
Angico,2020-10-11,67,0,1,0,0.14285714285714285,0.07142857142857142,inf,1.8260748027008264
Angico,2020-10-12,67,0,1,0,0.14285714285714285,0.07142857142857142,inf,1.8260748027008264
Angico,2020-10-13,67,0,1,0,0.14285714285714285,0.07142857142857142,inf,1.8260748027008264
Angico,2020-10-14,67,0,1,0,0.14285714285714285,0.07142857142857142,inf,1.8260748027008264
Angico,2020-10-15,67,0,1,0,0.14285714285714285,0.07142857142857142,inf,1.8260748027008264
Angico,2020-10-16,67,0,1,0,0.07142857142857142,0.07142857142857142,inf,1.8260748027008264
Angico,2020-10-17,67,0,1,0,0.07142857142857142,0.07142857142857142,inf,1.8260748027008264
Angico,2020-10-18,67,0,1,0,0.07142857142857142,0.07142857142857142,inf,1.8260748027008264
Angico,2020-10-19,67,0,1,0,0.0,0.0,-1.0,1.8260748027008264
Angico,2020-10-20,67,0,1,0,0.0,0.0,-1.0,1.8260748027008264
Angico,2020-10-21,67,0,1,0,0.0,0.0,-1.0,1.8260748027008264
Angico,2020-10-22,67,0,1,0,0.0,0.0,-1.0,1.8260748027008264
Angico,2020-10-23,68,1,1,0,0.07142857142857142,0.0,-1.0,1.8325089127062364
Angico,2020-10-24,68,0,1,0,0.07142857142857142,0.0,-1.0,1.8325089127062364
Angico,2020-10-25,68,0,1,0,0.07142857142857142,0.0,-1.0,1.8325089127062364
Angico,2020-10-26,68,0,1,0,0.07142857142857142,0.0,-1.0,1.8325089127062364
Angico,2020-10-27,68,0,1,0,0.07142857142857142,0.0,-1.0,1.8325089127062364
Angico,2020-10-28,68,0,1,0,0.07142857142857142,0.0,-1.0,1.8325089127062364
Angico,2020-10-29,68,0,1,0,0.07142857142857142,0.0,-1.0,1.8325089127062364
Angico,2020-10-30,71,3,1,0,0.2857142857142857,0.0,-1.0,1.8512583487190752
Angico,2020-10-31,71,0,1,0,0.2857142857142857,0.0,-1.0,1.8512583487190752
Angico,2020-11-01,71,0,1,0,0.2857142857142857,0.0,-1.0,1.8512583487190752
Angico,2020-11-02,71,0,1,0,0.2857142857142857,0.0,,1.8512583487190752
Angico,2020-11-03,71,0,1,0,0.2857142857142857,0.0,,1.8512583487190752
Angico,2020-11-04,71,0,1,0,0.2857142857142857,0.0,,1.8512583487190752
Angico,2020-11-05,71,0,1,0,0.2857142857142857,0.0,,1.8512583487190752
Angico,2020-11-06,71,0,1,0,0.21428571428571427,0.0,,1.8512583487190752
Angico,2020-11-07,71,0,1,0,0.21428571428571427,0.0,,1.8512583487190752
Angico,2020-11-08,71,0,1,0,0.21428571428571427,0.0,,1.8512583487190752
Angico,2020-11-09,71,0,1,0,0.21428571428571427,0.0,,1.8512583487190752
Angico,2020-11-10,71,0,1,0,0.21428571428571427,0.0,,1.8512583487190752
Angico,2020-11-11,71,0,1,0,0.21428571428571427,0.0,,1.8512583487190752
Angico,2020-11-12,71,0,1,0,0.21428571428571427,0.0,,1.8512583487190752
Angico,2020-11-13,71,0,1,0,0.0,0.0,,1.8512583487190752
Angico,2020-11-14,71,0,1,0,0.0,0.0,,1.8512583487190752
Angico,2020-11-15,71,0,1,0,0.0,0.0,,1.8512583487190752
Angico,2020-11-16,71,0,1,0,0.0,0.0,,1.8512583487190752
Angico,2020-11-17,71,0,1,0,0.0,0.0,,1.8512583487190752
Angico,2020-11-18,71,0,1,0,0.0,0.0,,1.8512583487190752
Angico,2020-11-19,71,0,1,0,0.0,0.0,,1.8512583487190752
Angico,2020-11-20,71,0,1,0,0.0,0.0,,1.8512583487190752
Angico,2020-11-21,72,1,1,0,0.07142857142857142,0.0,,1.8573324964312685
Angico,2020-11-22,72,0,1,0,0.07142857142857142,0.0,,1.8573324964312685
Angico,2020-11-23,72,0,1,0,0.07142857142857142,0.0,,1.8573324964312685
Angico,2020-11-24,72,0,1,0,0.07142857142857142,0.0,,1.8573324964312685
Angico,2020-11-25,72,0,1,0,0.07142857142857142,0.0,,1.8573324964312685
Angico,2020-11-26,72,0,1,0,0.07142857142857142,0.0,,1.8573324964312685
Angico,2020-11-27,72,0,1,0,0.07142857142857142,0.0,,1.8573324964312685
Angico,2020-11-28,73,1,1,0,0.14285714285714285,0.0,,1.863322860120456
Angico,2020-11-29,73,0,1,0,0.14285714285714285,0.0,,1.863322860120456
Angico,2020-11-30,73,0,1,0,0.14285714285714285,0.0,,1.863322860120456
Angico,2020-12-01,80,7,1,0,0.6428571428571429,0.0,,1.9030899869919435
Angico,2020-12-02,95,15,1,0,1.7142857142857142,0.0,,1.9777236052888478
Angico,2020-12-03,96,1,1,0,1.7857142857142858,0.0,,1.9822712330395684
Angico,2020-12-04,96,0,1,0,1.7857142857142858,0.0,,1.9822712330395684
Angico,2020-12-05,96,0,1,0,1.7142857142857142,0.0,,1.9822712330395684
Angico,2020-12-06,96,0,1,0,1.7142857142857142,0.0,,1.9822712330395684
Angico,2020-12-07,96,0,1,0,1.7142857142857142,0.0,,1.9822712330395684
Angico,2020-12-08,97,1,1,0,1.7857142857142858,0.0,,1.9867717342662448
Angico,2020-12-09,97,0,1,0,1.7857142857142858,0.0,,1.9867717342662448
Angico,2020-12-10,97,0,1,0,1.7857142857142858,0.0,,1.9867717342662448
Angico,2020-12-11,100,3,1,0,2.0,0.0,,2.0
Angico,2020-12-12,136,36,1,0,4.5,0.0,,2.1335389083702174
Angico,2020-12-13,136,0,1,0,4.5,0.0,,2.1335389083702174
Angico,2020-12-14,136,0,1,0,4.5,0.0,,2.1335389083702174
Angico,2020-12-15,145,9,1,0,4.642857142857143,0.0,,2.161368002234975
Angico,2020-12-16,159,14,1,0,4.571428571428571,0.0,,2.2013971243204513
Angico,2020-12-17,159,0,1,0,4.5,0.0,,2.2013971243204513
Angico,2020-12-18,159,0,1,0,4.5,0.0,,2.2013971243204513
Angico,2020-12-19,159,0,1,0,4.5,0.0,,2.2013971243204513
Angico,2020-12-20,159,0,1,0,4.5,0.0,,2.2013971243204513
Angico,2020-12-21,159,0,1,0,4.5,0.0,,2.2013971243204513
Angico,2020-12-22,159,0,1,0,4.428571428571429,0.0,,2.2013971243204513
Angico,2020-12-23,168,9,1,0,5.071428571428571,0.0,,2.225309281725863
Angico,2020-12-24,168,0,1,0,5.071428571428571,0.0,,2.225309281725863
Angico,2020-12-25,168,0,1,0,4.857142857142857,0.0,,2.225309281725863
Angico,2020-12-26,168,0,1,0,2.2857142857142856,0.0,,2.225309281725863
Angico,2020-12-27,168,0,1,0,2.2857142857142856,0.0,,2.225309281725863
Angico,2020-12-28,168,0,1,0,2.2857142857142856,0.0,,2.225309281725863
Angico,2020-12-29,168,0,1,0,1.6428571428571428,0.0,,2.225309281725863
Angico,2020-12-30,168,0,1,0,0.6428571428571429,0.0,,2.225309281725863
Angico,2020-12-31,168,0,1,0,0.6428571428571429,0.0,,2.225309281725863
Angico,2021-01-01,168,0,1,0,0.6428571428571429,0.0,,2.225309281725863
Angico,2021-01-02,168,0,1,0,0.6428571428571429,0.0,,2.225309281725863
Angico,2021-01-03,168,0,1,0,0.6428571428571429,0.0,,2.225309281725863
Angico,2021-01-04,168,0,1,0,0.6428571428571429,0.0,,2.225309281725863
Angico,2021-01-05,169,1,1,0,0.7142857142857143,0.0,,2.2278867046136734
Angico,2021-01-06,169,0,2,1,0.07142857142857142,0.07142857142857142,inf,2.2278867046136734
Angico,2021-01-07,169,0,2,0,0.07142857142857142,0.07142857142857142,inf,2.2278867046136734
Angico,2021-01-08,169,0,2,0,0.07142857142857142,0.07142857142857142,inf,2.2278867046136734
Angico,2021-01-09,171,2,2,0,0.21428571428571427,0.07142857142857142,inf,2.2329961103921536
Angico,2021-01-10,171,0,2,0,0.21428571428571427,0.07142857142857142,inf,2.2329961103921536
Angico,2021-01-11,171,0,2,0,0.21428571428571427,0.07142857142857142,inf,2.2329961103921536
Angico,2021-01-12,170,-1,2,0,0.14285714285714285,0.07142857142857142,inf,2.230448921378274
Angico,2021-01-13,171,1,3,1,0.21428571428571427,0.14285714285714285,inf,2.2329961103921536
Angico,2021-01-14,171,0,3,0,0.21428571428571427,0.14285714285714285,inf,2.2329961103921536
Angico,2021-01-15,172,1,3,0,0.2857142857142857,0.14285714285714285,inf,2.2355284469075487
Angico,2021-01-16,173,1,3,0,0.35714285714285715,0.14285714285714285,inf,2.2380461031287955
Angico,2021-01-17,173,0,3,0,0.35714285714285715,0.14285714285714285,inf,2.2380461031287955
Angico,2021-01-18,173,0,3,0,0.35714285714285715,0.14285714285714285,inf,2.2380461031287955
Angico,2021-01-19,173,0,3,0,0.2857142857142857,0.14285714285714285,inf,2.2380461031287955
Angico,2021-01-20,173,0,3,0,0.2857142857142857,0.07142857142857142,0.0,2.2380461031287955
Brejinho de Nazaré,2020-03-27,0,0,0,0,,,,0.0
Brejinho de Nazaré,2020-03-28,0,0,0,0,,,,0.0
Brejinho de Nazaré,2020-03-29,0,0,0,0,,,,0.0
Brejinho de Nazaré,2020-03-30,0,0,0,0,,,,0.0
Brejinho de Nazaré,2020-03-31,0,0,0,0,,,,0.0
Brejinho de Nazaré,2020-04-01,0,0,0,0,,,,0.0
Brejinho de Nazaré,2020-04-02,0,0,0,0,,,,0.0
Brejinho de Nazaré,2020-04-03,0,0,0,0,,,,0.0
Brejinho de Nazaré,2020-04-04,0,0,0,0,,,,0.0
Brejinho de Nazaré,2020-04-05,0,0,0,0,,,,0.0
Brejinho de Nazaré,2020-04-06,0,0,0,0,,,,0.0
Brejinho de Nazaré,2020-04-07,0,0,0,0,,,,0.0
Brejinho de Nazaré,2020-04-08,0,0,0,0,,,,0.0
Brejinho de Nazaré,2020-04-09,0,0,0,0,0.0,0.0,,0.0
Brejinho de Nazaré,2020-04-10,0,0,0,0,0.0,0.0,,0.0
Brejinho de Nazaré,2020-04-11,0,0,0,0,0.0,0.0,,0.0
Brejinho de Nazaré,2020-04-12,0,0,0,0,0.0,0.0,,0.0
Brejinho de Nazaré,2020-04-13,0,0,0,0,0.0,0.0,,0.0
Brejinho de Nazaré,2020-04-14,0,0,0,0,0.0,0.0,,0.0
Brejinho de Nazaré,2020-04-15,0,0,0,0,0.0,0.0,,0.0
Brejinho de Nazaré,2020-04-16,0,0,0,0,0.0,0.0,,0.0
Brejinho de Nazaré,2020-04-17,0,0,0,0,0.0,0.0,,0.0
Brejinho de Nazaré,2020-04-18,0,0,0,0,0.0,0.0,,0.0
Brejinho de Nazaré,2020-04-19,0,0,0,0,0.0,0.0,,0.0
Brejinho de Nazaré,2020-04-20,0,0,0,0,0.0,0.0,,0.0
Brejinho de Nazaré,2020-04-21,0,0,0,0,0.0,0.0,,0.0
Brejinho de Nazaré,2020-04-22,0,0,0,0,0.0,0.0,,0.0
Brejinho de Nazaré,2020-04-23,0,0,0,0,0.0,0.0,,0.0
Brejinho de Nazaré,2020-04-24,0,0,0,0,0.0,0.0,,0.0
Brejinho de Nazaré,2020-04-25,0,0,0,0,0.0,0.0,,0.0
Brejinho de Nazaré,2020-04-26,0,0,0,0,0.0,0.0,,0.0
Brejinho de Nazaré,2020-04-27,0,0,0,0,0.0,0.0,,0.0
Brejinho de Nazaré,2020-04-28,0,0,0,0,0.0,0.0,,0.0
Brejinho de Nazaré,2020-04-29,0,0,0,0,0.0,0.0,,0.0
Brejinho de Nazaré,2020-04-30,0,0,0,0,0.0,0.0,,0.0
Brejinho de Nazaré,2020-05-01,0,0,0,0,0.0,0.0,,0.0
Brejinho de Nazaré,2020-05-02,0,0,0,0,0.0,0.0,,0.0
Brejinho de Nazaré,2020-05-03,0,0,0,0,0.0,0.0,,0.0
Brejinho de Nazaré,2020-05-04,0,0,0,0,0.0,0.0,,0.0
Brejinho de Nazaré,2020-05-05,0,0,0,0,0.0,0.0,,0.0
Brejinho de Nazaré,2020-05-06,0,0,0,0,0.0,0.0,,0.0
Brejinho de Nazaré,2020-05-07,0,0,0,0,0.0,0.0,,0.0
Brejinho de Nazaré,2020-05-08,0,0,0,0,0.0,0.0,,0.0
Brejinho de Nazaré,2020-05-09,0,0,0,0,0.0,0.0,,0.0
Brejinho de Nazaré,2020-05-10,0,0,0,0,0.0,0.0,,0.0
Brejinho de Nazaré,2020-05-11,0,0,0,0,0.0,0.0,,0.0
Brejinho de Nazaré,2020-05-12,0,0,0,0,0.0,0.0,,0.0
Brejinho de Nazaré,2020-05-13,0,0,0,0,0.0,0.0,,0.0
Brejinho de Nazaré,2020-05-14,0,0,0,0,0.0,0.0,,0.0
Brejinho de Nazaré,2020-05-15,0,0,0,0,0.0,0.0,,0.0
Brejinho de Nazaré,2020-05-16,0,0,0,0,0.0,0.0,,0.0
Brejinho de Nazaré,2020-05-17,0,0,0,0,0.0,0.0,,0.0
Brejinho de Nazaré,2020-05-18,0,0,0,0,0.0,0.0,,0.0
Brejinho de Nazaré,2020-05-19,0,0,0,0,0.0,0.0,,0.0
Brejinho de Nazaré,2020-05-20,0,0,0,0,0.0,0.0,,0.0
Brejinho de Nazaré,2020-05-21,0,0,0,0,0.0,0.0,,0.0
Brejinho de Nazaré,2020-05-22,0,0,0,0,0.0,0.0,,0.0
Brejinho de Nazaré,2020-05-23,0,0,0,0,0.0,0.0,,0.0
Brejinho de Nazaré,2020-05-24,0,0,0,0,0.0,0.0,,0.0
Brejinho de Nazaré,2020-05-25,0,0,0,0,0.0,0.0,,0.0
Brejinho de Nazaré,2020-05-26,0,0,0,0,0.0,0.0,,0.0
Brejinho de Nazaré,2020-05-27,1,1,0,0,0.07142857142857142,0.0,,0.0
Brejinho de Nazaré,2020-05-28,1,0,0,0,0.07142857142857142,0.0,,0.0
Brejinho de Nazaré,2020-05-29,1,0,0,0,0.07142857142857142,0.0,,0.0
Brejinho de Nazaré,2020-05-30,1,0,0,0,0.07142857142857142,0.0,,0.0
Brejinho de Nazaré,2020-05-31,2,1,0,0,0.14285714285714285,0.0,,0.3010299956639812
Brejinho de Nazaré,2020-06-01,2,0,0,0,0.14285714285714285,0.0,,0.3010299956639812
Brejinho de Nazaré,2020-06-02,2,0,0,0,0.14285714285714285,0.0,,0.3010299956639812
Brejinho de Nazaré,2020-06-03,2,0,0,0,0.14285714285714285,0.0,,0.3010299956639812
Brejinho de Nazaré,2020-06-04,2,0,0,0,0.14285714285714285,0.0,,0.3010299956639812
Brejinho de Nazaré,2020-06-05,2,0,0,0,0.14285714285714285,0.0,,0.3010299956639812
Brejinho de Nazaré,2020-06-06,2,0,0,0,0.14285714285714285,0.0,,0.3010299956639812
Brejinho de Nazaré,2020-06-07,2,0,0,0,0.14285714285714285,0.0,,0.3010299956639812
Brejinho de Nazaré,2020-06-08,2,0,0,0,0.14285714285714285,0.0,,0.3010299956639812
Brejinho de Nazaré,2020-06-09,2,0,0,0,0.14285714285714285,0.0,,0.3010299956639812
Brejinho de Nazaré,2020-06-10,3,1,0,0,0.14285714285714285,0.0,,0.47712125471966244
Brejinho de Nazaré,2020-06-11,3,0,0,0,0.14285714285714285,0.0,,0.47712125471966244
Brejinho de Nazaré,2020-06-12,3,0,0,0,0.14285714285714285,0.0,,0.47712125471966244
Brejinho de Nazaré,2020-06-13,3,0,0,0,0.14285714285714285,0.0,,0.47712125471966244
Brejinho de Nazaré,2020-06-14,3,0,0,0,0.07142857142857142,0.0,,0.47712125471966244
Brejinho de Nazaré,2020-06-15,3,0,0,0,0.07142857142857142,0.0,,0.47712125471966244
Brejinho de Nazaré,2020-06-16,3,0,0,0,0.07142857142857142,0.0,,0.47712125471966244
Brejinho de Nazaré,2020-06-17,3,0,0,0,0.07142857142857142,0.0,,0.47712125471966244
Brejinho de Nazaré,2020-06-18,3,0,0,0,0.07142857142857142,0.0,,0.47712125471966244
Brejinho de Nazaré,2020-06-19,3,0,0,0,0.07142857142857142,0.0,,0.47712125471966244
Brejinho de Nazaré,2020-06-20,3,0,0,0,0.07142857142857142,0.0,,0.47712125471966244
Brejinho de Nazaré,2020-06-21,3,0,0,0,0.07142857142857142,0.0,,0.47712125471966244
Brejinho de Nazaré,2020-06-22,3,0,0,0,0.07142857142857142,0.0,,0.47712125471966244
Brejinho de Nazaré,2020-06-23,3,0,0,0,0.07142857142857142,0.0,,0.47712125471966244
Brejinho de Nazaré,2020-06-24,3,0,0,0,0.0,0.0,,0.47712125471966244
Brejinho de Nazaré,2020-06-25,3,0,0,0,0.0,0.0,,0.47712125471966244
Brejinho de Nazaré,2020-06-26,3,0,0,0,0.0,0.0,,0.47712125471966244
Brejinho de Nazaré,2020-06-27,5,2,0,0,0.14285714285714285,0.0,,0.6989700043360189
Brejinho de Nazaré,2020-06-28,6,1,0,0,0.21428571428571427,0.0,,0.7781512503836436
Brejinho de Nazaré,2020-06-29,6,0,0,0,0.21428571428571427,0.0,,0.7781512503836436
Brejinho de Nazaré,2020-06-30,6,0,0,0,0.21428571428571427,0.0,,0.7781512503836436
Brejinho de Nazaré,2020-07-01,7,1,0,0,0.2857142857142857,0.0,,0.8450980400142568
Brejinho de Nazaré,2020-07-02,8,1,0,0,0.35714285714285715,0.0,,0.9030899869919435
Brejinho de Nazaré,2020-07-03,8,0,0,0,0.35714285714285715,0.0,,0.9030899869919435
Brejinho de Nazaré,2020-07-04,10,2,0,0,0.5,0.0,,1.0
Brejinho de Nazaré,2020-07-05,11,1,0,0,0.5714285714285714,0.0,,1.041392685158225
Brejinho de Nazaré,2020-07-06,11,0,1,1,0.5714285714285714,0.07142857142857142,inf,1.041392685158225
Brejinho de Nazaré,2020-07-07,13,2,1,0,0.7142857142857143,0.07142857142857142,inf,1.1139433523068367
Brejinho de Nazaré,2020-07-08,14,1,1,0,0.7857142857142857,0.07142857142857142,inf,1.146128035678238
Brejinho de Nazaré,2020-07-09,22,8,1,0,1.3571428571428572,0.07142857142857142,inf,1.3424226808222062
Brejinho de Nazaré,2020-07-10,22,0,1,0,1.3571428571428572,0.07142857142857142,inf,1.3424226808222062
Brejinho de Nazaré,2020-07-11,22,0,1,0,1.2142857142857142,0.07142857142857142,inf,1.3424226808222062
Brejinho de Nazaré,2020-07-12,22,0,1,0,1.1428571428571428,0.07142857142857142,inf,1.3424226808222062
Brejinho de Nazaré,2020-07-13,22,0,1,0,1.1428571428571428,0.07142857142857142,inf,1.3424226808222062
Brejinho de Nazaré,2020-07-14,24,2,1,0,1.2857142857142858,0.07142857142857142,inf,1.380211241711606
Brejinho de Nazaré,2020-07-15,24,0,1,0,1.2142857142857142,0.07142857142857142,inf,1.380211241711606
Brejinho de Nazaré,2020-07-16,27,3,2,1,1.3571428571428572,0.14285714285714285,inf,1.4313637641589874
Brejinho de Nazaré,2020-07-17,27,0,2,0,1.3571428571428572,0.14285714285714285,inf,1.4313637641589874
Brejinho de Nazaré,2020-07-18,27,0,2,0,1.2142857142857142,0.14285714285714285,inf,1.4313637641589874
Brejinho de Nazaré,2020-07-19,29,2,2,0,1.2857142857142858,0.14285714285714285,inf,1.462397997898956
Brejinho de Nazaré,2020-07-20,29,0,2,0,1.2857142857142858,0.07142857142857142,0.0,1.462397997898956
Brejinho de Nazaré,2020-07-21,29,0,2,0,1.1428571428571428,0.07142857142857142,0.0,1.462397997898956
Brejinho de Nazaré,2020-07-22,29,0,2,0,1.0714285714285714,0.07142857142857142,0.0,1.462397997898956
Brejinho de Nazaré,2020-07-23,30,1,2,0,0.5714285714285714,0.07142857142857142,0.0,1.4771212547196624
Brejinho de Nazaré,2020-07-24,30,0,2,0,0.5714285714285714,0.07142857142857142,0.0,1.4771212547196624
Brejinho de Nazaré,2020-07-25,33,3,2,0,0.7857142857142857,0.07142857142857142,0.0,1.5185139398778875
Brejinho de Nazaré,2020-07-26,33,0,2,0,0.7857142857142857,0.07142857142857142,0.0,1.5185139398778875
Brejinho de Nazaré,2020-07-27,33,0,2,0,0.7857142857142857,0.07142857142857142,0.0,1.5185139398778875
Brejinho de Nazaré,2020-07-28,35,2,2,0,0.7857142857142857,0.07142857142857142,0.0,1.5440680443502757
Brejinho de Nazaré,2020-07-29,37,2,2,0,0.9285714285714286,0.07142857142857142,0.0,1.568201724066995
Brejinho de Nazaré,2020-07-30,38,1,2,0,0.7857142857142857,0.0,-1.0,1.5797835966168101
Brejinho de Nazaré,2020-07-31,38,0,2,0,0.7857142857142857,0.0,-1.0,1.5797835966168101
Brejinho de Nazaré,2020-08-01,39,1,2,0,0.8571428571428571,0.0,-1.0,1.591064607026499
Brejinho de Nazaré,2020-08-02,41,2,2,0,0.8571428571428571,0.0,-1.0,1.6127838567197355
Brejinho de Nazaré,2020-08-03,42,1,2,0,0.9285714285714286,0.0,-1.0,1.6232492903979006
Brejinho de Nazaré,2020-08-04,43,1,2,0,1.0,0.0,-1.0,1.6334684555795866
Brejinho de Nazaré,2020-08-05,43,0,2,0,1.0,0.0,-1.0,1.6334684555795866
Brejinho de Nazaré,2020-08-06,44,1,2,0,1.0,0.0,-1.0,1.6434526764861874
Brejinho de Nazaré,2020-08-07,44,0,2,0,1.0,0.0,-1.0,1.6434526764861874
Brejinho de Nazaré,2020-08-08,45,1,2,0,0.8571428571428571,0.0,-1.0,1.6532125137753437
Brejinho de Nazaré,2020-08-09,47,2,2,0,1.0,0.0,-1.0,1.6720978579357175
Brejinho de Nazaré,2020-08-10,47,0,2,0,1.0,0.0,-1.0,1.6720978579357175
Brejinho de Nazaré,2020-08-11,47,0,2,0,0.8571428571428571,0.0,-1.0,1.6720978579357175
Brejinho de Nazaré,2020-08-12,47,0,2,0,0.7142857142857143,0.0,-1.0,1.6720978579357175
Brejinho de Nazaré,2020-08-13,47,0,2,0,0.6428571428571429,0.0,,1.6720978579357175
Brejinho de Nazaré,2020-08-14,44,-3,2,0,0.42857142857142855,0.0,,1.6434526764861874
Brejinho de Nazaré,2020-08-15,46,2,3,1,0.5,0.07142857142857142,inf,1.662757831681574
Brejinho de Nazaré,2020-08-16,47,1,3,0,0.42857142857142855,0.07142857142857142,inf,1.6720978579357175
Brejinho de Nazaré,2020-08-17,50,3,3,0,0.5714285714285714,0.07142857142857142,inf,1.6989700043360187
Brejinho de Nazaré,2020-08-18,54,4,3,0,0.7857142857142857,0.07142857142857142,inf,1.7323937598229686
Brejinho de Nazaré,2020-08-19,54,0,3,0,0.7857142857142857,0.07142857142857142,inf,1.7323937598229686
Brejinho de Nazaré,2020-08-20,54,0,3,0,0.7142857142857143,0.07142857142857142,inf,1.7323937598229686
Brejinho de Nazaré,2020-08-21,54,0,3,0,0.7142857142857143,0.07142857142857142,inf,1.7323937598229686
Brejinho de Nazaré,2020-08-22,54,0,3,0,0.6428571428571429,0.07142857142857142,inf,1.7323937598229686
Brejinho de Nazaré,2020-08-23,54,0,3,0,0.5,0.07142857142857142,inf,1.7323937598229686
Brejinho de Nazaré,2020-08-24,54,0,3,0,0.5,0.07142857142857142,inf,1.7323937598229686
Brejinho de Nazaré,2020-08-25,56,2,3,0,0.6428571428571429,0.07142857142857142,inf,1.7481880270062005
Brejinho de Nazaré,2020-08-26,56,0,3,0,0.6428571428571429,0.07142857142857142,inf,1.7481880270062005
Brejinho de Nazaré,2020-08-27,57,1,3,0,0.7142857142857143,0.07142857142857142,inf,1.7558748556724915
Brejinho de Nazaré,2020-08-28,57,0,3,0,0.9285714285714286,0.07142857142857142,inf,1.7558748556724915
Brejinho de Nazaré,2020-08-29,57,0,3,0,0.7857142857142857,0.0,-1.0,1.7558748556724915
Brejinho de Nazaré,2020-08-30,57,0,3,0,0.7142857142857143,0.0,-1.0,1.7558748556724915
Brejinho de Nazaré,2020-08-31,57,0,3,0,0.5,0.0,-1.0,1.7558748556724915
Brejinho de Nazaré,2020-09-01,57,0,3,0,0.21428571428571427,0.0,-1.0,1.7558748556724915
Brejinho de Nazaré,2020-09-02,58,1,3,0,0.2857142857142857,0.0,-1.0,1.7634279935629373
Brejinho de Nazaré,2020-09-03,60,2,3,0,0.42857142857142855,0.0,-1.0,1.7781512503836436
Brejinho de Nazaré,2020-09-04,60,0,3,0,0.42857142857142855,0.0,-1.0,1.7781512503836436
Brejinho de Nazaré,2020-09-05,62,2,3,0,0.5714285714285714,0.0,-1.0,1.792391689498254
Brejinho de Nazaré,2020-09-06,62,0,3,0,0.5714285714285714,0.0,-1.0,1.792391689498254
Brejinho de Nazaré,2020-09-07,62,0,3,0,0.5714285714285714,0.0,-1.0,1.792391689498254
Brejinho de Nazaré,2020-09-08,62,0,3,0,0.42857142857142855,0.0,-1.0,1.792391689498254
Brejinho de Nazaré,2020-09-09,61,-1,3,0,0.35714285714285715,0.0,-1.0,1.7853298350107671
Brejinho de Nazaré,2020-09-10,63,2,4,1,0.42857142857142855,0.07142857142857142,0.0,1.7993405494535817
Brejinho de Nazaré,2020-09-11,64,1,4,0,0.5,0.07142857142857142,0.0,1.806179973983887
Brejinho de Nazaré,2020-09-12,65,1,4,0,0.5714285714285714,0.07142857142857142,inf,1.8129133566428555
Brejinho de Nazaré,2020-09-13,65,0,4,0,0.5714285714285714,0.07142857142857142,inf,1.8129133566428555
Brejinho de Nazaré,2020-09-14,66,1,4,0,0.6428571428571429,0.07142857142857142,inf,1.8195439355418688
Brejinho de Nazaré,2020-09-15,68,2,4,0,0.7857142857142857,0.07142857142857142,inf,1.8325089127062364
Brejinho de Nazaré,2020-09-16,69,1,4,0,0.7857142857142857,0.07142857142857142,inf,1.8388490907372552
Brejinho de Nazaré,2020-09-17,69,0,4,0,0.6428571428571429,0.07142857142857142,inf,1.8388490907372552
Brejinho de Nazaré,2020-09-18,72,3,4,0,0.8571428571428571,0.07142857142857142,inf,1.8573324964312685
Brejinho de Nazaré,2020-09-19,73,1,4,0,0.7857142857142857,0.07142857142857142,inf,1.863322860120456
Brejinho de Nazaré,2020-09-20,73,0,4,0,0.7857142857142857,0.07142857142857142,inf,1.863322860120456
Brejinho de Nazaré,2020-09-21,73,0,4,0,0.7857142857142857,0.07142857142857142,inf,1.863322860120456
Brejinho de Nazaré,2020-09-22,75,2,4,0,0.9285714285714286,0.07142857142857142,inf,1.8750612633917
Brejinho de Nazaré,2020-09-23,75,0,4,0,1.0,0.07142857142857142,inf,1.8750612633917
Brejinho de Nazaré,2020-09-24,75,0,4,0,0.8571428571428571,0.0,-1.0,1.8750612633917
Brejinho de Nazaré,2020-09-25,76,1,4,0,0.8571428571428571,0.0,-1.0,1.8808135922807914
Brejinho de Nazaré,2020-09-26,77,1,4,0,0.8571428571428571,0.0,-1.0,1.8864907251724818
Brejinho de Nazaré,2020-09-27,77,0,4,0,0.8571428571428571,0.0,-1.0,1.8864907251724818
Brejinho de Nazaré,2020-09-28,77,0,4,0,0.7857142857142857,0.0,-1.0,1.8864907251724818
Brejinho de Nazaré,2020-09-29,78,1,4,0,0.7142857142857143,0.0,-1.0,1.8920946026904804
Brejinho de Nazaré,2020-09-30,81,3,4,0,0.8571428571428571,0.0,-1.0,1.9084850188786497
Brejinho de Nazaré,2020-10-01,83,2,4,0,1.0,0.0,-1.0,1.919078092376074
Brejinho de Nazaré,2020-10-02,83,0,4,0,0.7857142857142857,0.0,-1.0,1.919078092376074
Brejinho de Nazaré,2020-10-03,83,0,4,0,0.7142857142857143,0.0,-1.0,1.919078092376074
Brejinho de Nazaré,2020-10-04,83,0,4,0,0.7142857142857143,0.0,-1.0,1.919078092376074
Brejinho de Nazaré,2020-10-05,83,0,4,0,0.7142857142857143,0.0,-1.0,1.919078092376074
Brejinho de Nazaré,2020-10-06,83,0,4,0,0.5714285714285714,0.0,-1.0,1.919078092376074
Brejinho de Nazaré,2020-10-07,83,0,4,0,0.5714285714285714,0.0,-1.0,1.919078092376074
Brejinho de Nazaré,2020-10-08,84,1,4,0,0.6428571428571429,0.0,,1.9242792860618816
Brejinho de Nazaré,2020-10-09,84,0,4,0,0.5714285714285714,0.0,,1.9242792860618816
Brejinho de Nazaré,2020-10-10,85,1,4,0,0.5714285714285714,0.0,,1.9294189257142929
Brejinho de Nazaré,2020-10-11,85,0,4,0,0.5714285714285714,0.0,,1.9294189257142929
Brejinho de Nazaré,2020-10-12,85,0,4,0,0.5714285714285714,0.0,,1.9294189257142929
Brejinho de Nazaré,2020-10-13,85,0,4,0,0.5,0.0,,1.9294189257142929
Brejinho de Nazaré,2020-10-14,87,2,4,0,0.42857142857142855,0.0,,1.9395192526186185
Brejinho de Nazaré,2020-10-15,87,0,4,0,0.2857142857142857,0.0,,1.9395192526186185
Brejinho de Nazaré,2020-10-16,88,1,4,0,0.35714285714285715,0.0,,1.9444826721501687
Brejinho de Nazaré,2020-10-17,88,0,4,0,0.35714285714285715,0.0,,1.9444826721501687
Brejinho de Nazaré,2020-10-18,88,0,4,0,0.35714285714285715,0.0,,1.9444826721501687
Brejinho de Nazaré,2020-10-19,88,0,4,0,0.35714285714285715,0.0,,1.9444826721501687
Brejinho de Nazaré,2020-10-20,88,0,4,0,0.35714285714285715,0.0,,1.9444826721501687
Brejinho de Nazaré,2020-10-21,88,0,4,0,0.35714285714285715,0.0,,1.9444826721501687
Brejinho de Nazaré,2020-10-22,88,0,4,0,0.2857142857142857,0.0,,1.9444826721501687
Brejinho de Nazaré,2020-10-23,89,1,4,0,0.35714285714285715,0.0,,1.9493900066449128
Brejinho de Nazaré,2020-10-24,89,0,4,0,0.2857142857142857,0.0,,1.9493900066449128
Brejinho de Nazaré,2020-10-25,89,0,4,0,0.2857142857142857,0.0,,1.9493900066449128
Brejinho de Nazaré,2020-10-26,89,0,4,0,0.2857142857142857,0.0,,1.9493900066449128
Brejinho de Nazaré,2020-10-27,91,2,4,0,0.42857142857142855,0.0,,1.9590413923210936
Brejinho de Nazaré,2020-10-28,92,1,4,0,0.35714285714285715,0.0,,1.9637878273455553
Brejinho de Nazaré,2020-10-29,92,0,4,0,0.35714285714285715,0.0,,1.9637878273455553
Brejinho de Nazaré,2020-10-30,92,0,4,0,0.2857142857142857,0.0,,1.9637878273455553
Brejinho de Nazaré,2020-10-31,92,0,4,0,0.2857142857142857,0.0,,1.9637878273455553
Brejinho de Nazaré,2020-11-01,92,0,4,0,0.2857142857142857,0.0,,1.9637878273455553
Brejinho de Nazaré,2020-11-02,92,0,4,0,0.2857142857142857,0.0,,1.9637878273455553
Brejinho de Nazaré,2020-11-03,92,0,4,0,0.2857142857142857,0.0,,1.9637878273455553
Brejinho de Nazaré,2020-11-04,93,1,4,0,0.35714285714285715,0.0,,1.968482948553935
Brejinho de Nazaré,2020-11-05,93,0,4,0,0.35714285714285715,0.0,,1.968482948553935
Brejinho de Nazaré,2020-11-06,93,0,4,0,0.2857142857142857,0.0,,1.968482948553935
Brejinho de Nazaré,2020-11-07,93,0,4,0,0.2857142857142857,0.0,,1.968482948553935
Brejinho de Nazaré,2020-11-08,93,0,4,0,0.2857142857142857,0.0,,1.968482948553935
Brejinho de Nazaré,2020-11-09,93,0,4,0,0.2857142857142857,0.0,,1.968482948553935
Brejinho de Nazaré,2020-11-10,93,0,4,0,0.14285714285714285,0.0,,1.968482948553935
Brejinho de Nazaré,2020-11-11,93,0,4,0,0.07142857142857142,0.0,,1.968482948553935
Brejinho de Nazaré,2020-11-12,93,0,4,0,0.07142857142857142,0.0,,1.968482948553935
Brejinho de Nazaré,2020-11-13,93,0,4,0,0.07142857142857142,0.0,,1.968482948553935
Brejinho de Nazaré,2020-11-14,93,0,4,0,0.07142857142857142,0.0,,1.968482948553935
Brejinho de Nazaré,2020-11-15,93,0,4,0,0.07142857142857142,0.0,,1.968482948553935
Brejinho de Nazaré,2020-11-16,93,0,4,0,0.07142857142857142,0.0,,1.968482948553935
Brejinho de Nazaré,2020-11-17,93,0,4,0,0.07142857142857142,0.0,,1.968482948553935
Brejinho de Nazaré,2020-11-18,93,0,4,0,0.0,0.0,,1.968482948553935
Brejinho de Nazaré,2020-11-19,94,1,4,0,0.07142857142857142,0.0,,1.9731278535996986
Brejinho de Nazaré,2020-11-20,94,0,4,0,0.07142857142857142,0.0,,1.9731278535996986
Brejinho de Nazaré,2020-11-21,94,0,4,0,0.07142857142857142,0.0,,1.9731278535996986
Brejinho de Nazaré,2020-11-22,94,0,4,0,0.07142857142857142,0.0,,1.9731278535996986
Brejinho de Nazaré,2020-11-23,94,0,4,0,0.07142857142857142,0.0,,1.9731278535996986
Brejinho de Nazaré,2020-11-24,94,0,4,0,0.07142857142857142,0.0,,1.9731278535996986
Brejinho de Nazaré,2020-11-25,94,0,4,0,0.07142857142857142,0.0,,1.9731278535996986
Brejinho de Nazaré,2020-11-26,94,0,4,0,0.07142857142857142,0.0,,1.9731278535996986
Brejinho de Nazaré,2020-11-27,94,0,4,0,0.07142857142857142,0.0,,1.9731278535996986
Brejinho de Nazaré,2020-11-28,93,-1,4,0,0.0,0.0,,1.968482948553935
Brejinho de Nazaré,2020-11-29,93,0,4,0,0.0,0.0,,1.968482948553935
Brejinho de Nazaré,2020-11-30,93,0,4,0,0.0,0.0,,1.968482948553935
Brejinho de Nazaré,2020-12-01,93,0,4,0,0.0,0.0,,1.968482948553935
Brejinho de Nazaré,2020-12-02,93,0,4,0,0.0,0.0,,1.968482948553935
Brejinho de Nazaré,2020-12-03,94,1,4,0,0.0,0.0,,1.9731278535996986
Brejinho de Nazaré,2020-12-04,96,2,4,0,0.14285714285714285,0.0,,1.9822712330395684
Brejinho de Nazaré,2020-12-05,97,1,5,1,0.21428571428571427,0.07142857142857142,inf,1.9867717342662448
Brejinho de Nazaré,2020-12-06,97,0,5,0,0.21428571428571427,0.07142857142857142,inf,1.9867717342662448
Brejinho de Nazaré,2020-12-07,97,0,5,0,0.21428571428571427,0.07142857142857142,inf,1.9867717342662448
Brejinho de Nazaré,2020-12-08,97,0,5,0,0.21428571428571427,0.07142857142857142,inf,1.9867717342662448
Brejinho de Nazaré,2020-12-09,106,9,5,0,0.8571428571428571,0.07142857142857142,inf,2.0253058652647704
Brejinho de Nazaré,2020-12-10,108,2,5,0,1.0,0.07142857142857142,inf,2.03342375548695
Brejinho de Nazaré,2020-12-11,108,0,5,0,1.0,0.07142857142857142,inf,2.03342375548695
Brejinho de Nazaré,2020-12-12,112,4,5,0,1.3571428571428572,0.07142857142857142,inf,2.0492180226701815
Brejinho de Nazaré,2020-12-13,112,0,5,0,1.3571428571428572,0.07142857142857142,inf,2.0492180226701815
Brejinho de Nazaré,2020-12-14,112,0,5,0,1.3571428571428572,0.07142857142857142,inf,2.0492180226701815
Brejinho de Nazaré,2020-12-15,112,0,5,0,1.3571428571428572,0.07142857142857142,inf,2.0492180226701815
Brejinho de Nazaré,2020-12-16,116,4,5,0,1.6428571428571428,0.07142857142857142,inf,2.0644579892269186
Brejinho de Nazaré,2020-12-17,116,0,5,0,1.5714285714285714,0.07142857142857142,inf,2.0644579892269186
Brejinho de Nazaré,2020-12-18,115,-1,5,0,1.3571428571428572,0.07142857142857142,inf,2.060697840353612
Brejinho de Nazaré,2020-12-19,115,0,5,0,1.2857142857142858,0.0,-1.0,2.060697840353612
Brejinho de Nazaré,2020-12-20,115,0,5,0,1.2857142857142858,0.0,-1.0,2.060697840353612
Brejinho de Nazaré,2020-12-21,115,0,5,0,1.2857142857142858,0.0,-1.0,2.060697840353612
Brejinho de Nazaré,2020-12-22,115,0,5,0,1.2857142857142858,0.0,-1.0,2.060697840353612
Brejinho de Nazaré,2020-12-23,117,2,5,0,0.7857142857142857,0.0,-1.0,2.0681858617461617
Brejinho de Nazaré,2020-12-24,117,0,5,0,0.6428571428571429,0.0,-1.0,2.0681858617461617
Brejinho de Nazaré,2020-12-25,117,0,5,0,0.6428571428571429,0.0,-1.0,2.0681858617461617
Brejinho de Nazaré,2020-12-26,117,0,5,0,0.35714285714285715,0.0,-1.0,2.0681858617461617
Brejinho de Nazaré,2020-12-27,117,0,5,0,0.35714285714285715,0.0,-1.0,2.0681858617461617
Brejinho de Nazaré,2020-12-28,117,0,5,0,0.35714285714285715,0.0,-1.0,2.0681858617461617
Brejinho de Nazaré,2020-12-29,117,0,5,0,0.35714285714285715,0.0,-1.0,2.0681858617461617
Brejinho de Nazaré,2020-12-30,117,0,5,0,0.07142857142857142,0.0,-1.0,2.0681858617461617
Brejinho de Nazaré,2020-12-31,117,0,5,0,0.07142857142857142,0.0,-1.0,2.0681858617461617
Brejinho de Nazaré,2021-01-01,117,0,5,0,0.14285714285714285,0.0,-1.0,2.0681858617461617
Brejinho de Nazaré,2021-01-02,117,0,5,0,0.14285714285714285,0.0,,2.0681858617461617
Brejinho de Nazaré,2021-01-03,117,0,5,0,0.14285714285714285,0.0,,2.0681858617461617
Brejinho de Nazaré,2021-01-04,117,0,5,0,0.14285714285714285,0.0,,2.0681858617461617
Brejinho de Nazaré,2021-01-05,117,0,5,0,0.14285714285714285,0.0,,2.0681858617461617
Brejinho de Nazaré,2021-01-06,117,0,5,0,0.0,0.0,,2.0681858617461617
Brejinho de Nazaré,2021-01-07,117,0,5,0,0.0,0.0,,2.0681858617461617
Brejinho de Nazaré,2021-01-08,117,0,5,0,0.0,0.0,,2.0681858617461617
Brejinho de Nazaré,2021-01-09,117,0,5,0,0.0,0.0,,2.0681858617461617
Brejinho de Nazaré,2021-01-10,117,0,5,0,0.0,0.0,,2.0681858617461617
Brejinho de Nazaré,2021-01-11,117,0,5,0,0.0,0.0,,2.0681858617461617
Brejinho de Nazaré,2021-01-12,117,0,5,0,0.0,0.0,,2.0681858617461617
Brejinho de Nazaré,2021-01-13,117,0,5,0,0.0,0.0,,2.0681858617461617
Brejinho de Nazaré,2021-01-14,117,0,5,0,0.0,0.0,,2.0681858617461617
Brejinho de Nazaré,2021-01-15,118,1,5,0,0.07142857142857142,0.0,,2.0718820073061255
Brejinho de Nazaré,2021-01-16,119,1,5,0,0.14285714285714285,0.0,,2.075546961392531
Brejinho de Nazaré,2021-01-17,119,0,5,0,0.14285714285714285,0.0,,2.075546961392531
Brejinho de Nazaré,2021-01-18,119,0,5,0,0.14285714285714285,0.0,,2.075546961392531
Brejinho de Nazaré,2021-01-19,121,2,5,0,0.2857142857142857,0.0,,2.08278537031645
Brejinho de Nazaré,2021-01-20,121,0,5,0,0.2857142857142857,0.0,,2.08278537031645
Buriti do Tocantins,2020-03-27,0,0,0,0,,,,0.0
Buriti do Tocantins,2020-03-28,0,0,0,0,,,,0.0
Buriti do Tocantins,2020-03-29,0,0,0,0,,,,0.0
Buriti do Tocantins,2020-03-30,0,0,0,0,,,,0.0
Buriti do Tocantins,2020-03-31,0,0,0,0,,,,0.0
Buriti do Tocantins,2020-04-01,0,0,0,0,,,,0.0
Buriti do Tocantins,2020-04-02,0,0,0,0,,,,0.0
Buriti do Tocantins,2020-04-03,0,0,0,0,,,,0.0
Buriti do Tocantins,2020-04-04,0,0,0,0,,,,0.0
Buriti do Tocantins,2020-04-05,0,0,0,0,,,,0.0
Buriti do Tocantins,2020-04-06,0,0,0,0,,,,0.0
Buriti do Tocantins,2020-04-07,0,0,0,0,,,,0.0
Buriti do Tocantins,2020-04-08,0,0,0,0,,,,0.0
Buriti do Tocantins,2020-04-09,0,0,0,0,0.0,0.0,,0.0
Buriti do Tocantins,2020-04-10,0,0,0,0,0.0,0.0,,0.0
Buriti do Tocantins,2020-04-11,0,0,0,0,0.0,0.0,,0.0
Buriti do Tocantins,2020-04-12,0,0,0,0,0.0,0.0,,0.0
Buriti do Tocantins,2020-04-13,0,0,0,0,0.0,0.0,,0.0
Buriti do Tocantins,2020-04-14,0,0,0,0,0.0,0.0,,0.0
Buriti do Tocantins,2020-04-15,0,0,0,0,0.0,0.0,,0.0
Buriti do Tocantins,2020-04-16,0,0,0,0,0.0,0.0,,0.0
Buriti do Tocantins,2020-04-17,0,0,0,0,0.0,0.0,,0.0
Buriti do Tocantins,2020-04-18,0,0,0,0,0.0,0.0,,0.0
Buriti do Tocantins,2020-04-19,0,0,0,0,0.0,0.0,,0.0
Buriti do Tocantins,2020-04-20,0,0,0,0,0.0,0.0,,0.0
Buriti do Tocantins,2020-04-21,0,0,0,0,0.0,0.0,,0.0
Buriti do Tocantins,2020-04-22,0,0,0,0,0.0,0.0,,0.0
Buriti do Tocantins,2020-04-23,0,0,0,0,0.0,0.0,,0.0
Buriti do Tocantins,2020-04-24,0,0,0,0,0.0,0.0,,0.0
Buriti do Tocantins,2020-04-25,0,0,0,0,0.0,0.0,,0.0
Buriti do Tocantins,2020-04-26,0,0,0,0,0.0,0.0,,0.0
Buriti do Tocantins,2020-04-27,0,0,0,0,0.0,0.0,,0.0
Buriti do Tocantins,2020-04-28,0,0,0,0,0.0,0.0,,0.0
Buriti do Tocantins,2020-04-29,0,0,0,0,0.0,0.0,,0.0
Buriti do Tocantins,2020-04-30,0,0,0,0,0.0,0.0,,0.0
Buriti do Tocantins,2020-05-01,0,0,0,0,0.0,0.0,,0.0
Buriti do Tocantins,2020-05-02,0,0,0,0,0.0,0.0,,0.0
Buriti do Tocantins,2020-05-03,0,0,0,0,0.0,0.0,,0.0
Buriti do Tocantins,2020-05-04,0,0,0,0,0.0,0.0,,0.0
Buriti do Tocantins,2020-05-05,0,0,0,0,0.0,0.0,,0.0
Buriti do Tocantins,2020-05-06,0,0,0,0,0.0,0.0,,0.0
Buriti do Tocantins,2020-05-07,0,0,0,0,0.0,0.0,,0.0
Buriti do Tocantins,2020-05-08,0,0,0,0,0.0,0.0,,0.0
Buriti do Tocantins,2020-05-09,0,0,0,0,0.0,0.0,,0.0
Buriti do Tocantins,2020-05-10,0,0,0,0,0.0,0.0,,0.0
Buriti do Tocantins,2020-05-11,1,1,0,0,0.07142857142857142,0.0,,0.0
Buriti do Tocantins,2020-05-12,1,0,0,0,0.07142857142857142,0.0,,0.0
Buriti do Tocantins,2020-05-13,1,0,0,0,0.07142857142857142,0.0,,0.0
Buriti do Tocantins,2020-05-14,1,0,0,0,0.07142857142857142,0.0,,0.0
Buriti do Tocantins,2020-05-15,1,0,0,0,0.07142857142857142,0.0,,0.0
Buriti do Tocantins,2020-05-16,1,0,0,0,0.07142857142857142,0.0,,0.0
Buriti do Tocantins,2020-05-17,1,0,0,0,0.07142857142857142,0.0,,0.0
Buriti do Tocantins,2020-05-18,1,0,0,0,0.07142857142857142,0.0,,0.0
Buriti do Tocantins,2020-05-19,2,1,0,0,0.14285714285714285,0.0,,0.3010299956639812
Buriti do Tocantins,2020-05-20,5,3,0,0,0.35714285714285715,0.0,,0.6989700043360189
Buriti do Tocantins,2020-05-21,5,0,0,0,0.35714285714285715,0.0,,0.6989700043360189
Buriti do Tocantins,2020-05-22,5,0,0,0,0.35714285714285715,0.0,,0.6989700043360189
Buriti do Tocantins,2020-05-23,5,0,0,0,0.35714285714285715,0.0,,0.6989700043360189
Buriti do Tocantins,2020-05-24,5,0,0,0,0.35714285714285715,0.0,,0.6989700043360189
Buriti do Tocantins,2020-05-25,5,0,0,0,0.2857142857142857,0.0,,0.6989700043360189
Buriti do Tocantins,2020-05-26,5,0,0,0,0.2857142857142857,0.0,,0.6989700043360189
Buriti do Tocantins,2020-05-27,5,0,0,0,0.2857142857142857,0.0,,0.6989700043360189
Buriti do Tocantins,2020-05-28,9,4,0,0,0.5714285714285714,0.0,,0.9542425094393249
Buriti do Tocantins,2020-05-29,12,3,0,0,0.7857142857142857,0.0,,1.0791812460476249
Buriti do Tocantins,2020-05-30,12,0,0,0,0.7857142857142857,0.0,,1.0791812460476249
Buriti do Tocantins,2020-05-31,16,4,0,0,1.0714285714285714,0.0,,1.2041199826559248
Buriti do Tocantins,2020-06-01,16,0,0,0,1.0714285714285714,0.0,,1.2041199826559248
Buriti do Tocantins,2020-06-02,16,0,0,0,1.0,0.0,,1.2041199826559248
Buriti do Tocantins,2020-06-03,17,1,0,0,0.8571428571428571,0.0,,1.2304489213782739
Buriti do Tocantins,2020-06-04,23,6,0,0,1.2857142857142858,0.0,,1.3617278360175928
Buriti do Tocantins,2020-06-05,24,1,0,0,1.3571428571428572,0.0,,1.380211241711606
Buriti do Tocantins,2020-06-06,24,0,0,0,1.3571428571428572,0.0,,1.380211241711606
Buriti do Tocantins,2020-06-07,27,3,0,0,1.5714285714285714,0.0,,1.4313637641589874
Buriti do Tocantins,2020-06-08,28,1,0,0,1.6428571428571428,0.0,,1.4471580313422192
Buriti do Tocantins,2020-06-09,31,3,0,0,1.8571428571428572,0.0,,1.4913616938342726
Buriti do Tocantins,2020-06-10,34,3,0,0,2.0714285714285716,0.0,,1.5314789170422551
Buriti do Tocantins,2020-06-11,35,1,0,0,1.8571428571428572,0.0,,1.5440680443502757
Buriti do Tocantins,2020-06-12,35,0,0,0,1.6428571428571428,0.0,,1.5440680443502757
Buriti do Tocantins,2020-06-13,35,0,0,0,1.6428571428571428,0.0,,1.5440680443502757
Buriti do Tocantins,2020-06-14,35,0,0,0,1.3571428571428572,0.0,,1.5440680443502757
Buriti do Tocantins,2020-06-15,35,0,0,0,1.3571428571428572,0.0,,1.5440680443502757
Buriti do Tocantins,2020-06-16,35,0,0,0,1.3571428571428572,0.0,,1.5440680443502757
Buriti do Tocantins,2020-06-17,54,19,0,0,2.642857142857143,0.0,,1.7323937598229686
Buriti do Tocantins,2020-06-18,62,8,0,0,2.7857142857142856,0.0,,1.792391689498254
Buriti do Tocantins,2020-06-19,62,0,0,0,2.7142857142857144,0.0,,1.792391689498254
Buriti do Tocantins,2020-06-20,62,0,0,0,2.7142857142857144,0.0,,1.792391689498254
Buriti do Tocantins,2020-06-21,62,0,0,0,2.5,0.0,,1.792391689498254
Buriti do Tocantins,2020-06-22,62,0,0,0,2.4285714285714284,0.0,,1.792391689498254
Buriti do Tocantins,2020-06-23,62,0,0,0,2.2142857142857144,0.0,,1.792391689498254
Buriti do Tocantins,2020-06-24,70,8,0,0,2.5714285714285716,0.0,,1.845098040014257
Buriti do Tocantins,2020-06-25,74,4,0,0,2.7857142857142856,0.0,,1.8692317197309762
Buriti do Tocantins,2020-06-26,74,0,0,0,2.7857142857142856,0.0,,1.8692317197309762
Buriti do Tocantins,2020-06-27,79,5,0,0,3.142857142857143,0.0,,1.8976270912904414
Buriti do Tocantins,2020-06-28,79,0,0,0,3.142857142857143,0.0,,1.8976270912904414
Buriti do Tocantins,2020-06-29,79,0,0,0,3.142857142857143,0.0,,1.8976270912904414
Buriti do Tocantins,2020-06-30,84,5,0,0,3.5,0.0,,1.9242792860618816
Buriti do Tocantins,2020-07-01,88,4,0,0,2.4285714285714284,0.0,,1.9444826721501687
Buriti do Tocantins,2020-07-02,94,6,0,0,2.2857142857142856,0.0,,1.9731278535996986
Buriti do Tocantins,2020-07-03,94,0,0,0,2.2857142857142856,0.0,,1.9731278535996986
Buriti do Tocantins,2020-07-04,94,0,0,0,2.2857142857142856,0.0,,1.9731278535996986
Buriti do Tocantins,2020-07-05,94,0,0,0,2.2857142857142856,0.0,,1.9731278535996986
Buriti do Tocantins,2020-07-06,94,0,0,0,2.2857142857142856,0.0,,1.9731278535996986
Buriti do Tocantins,2020-07-07,99,5,0,0,2.642857142857143,0.0,,1.99563519459755
Buriti do Tocantins,2020-07-08,99,0,0,0,2.0714285714285716,0.0,,1.99563519459755
Buriti do Tocantins,2020-07-09,106,7,0,0,2.2857142857142856,0.0,,2.0253058652647704
Buriti do Tocantins,2020-07-10,106,0,0,0,2.2857142857142856,0.0,,2.0253058652647704
Buriti do Tocantins,2020-07-11,106,0,0,0,1.9285714285714286,0.0,,2.0253058652647704
Buriti do Tocantins,2020-07-12,106,0,0,0,1.9285714285714286,0.0,,2.0253058652647704
Buriti do Tocantins,2020-07-13,106,0,0,0,1.9285714285714286,0.0,,2.0253058652647704
Buriti do Tocantins,2020-07-14,113,7,0,0,2.0714285714285716,0.0,,2.05307844348342
Buriti do Tocantins,2020-07-15,113,0,0,0,1.7857142857142858,0.0,,2.05307844348342
Buriti do Tocantins,2020-07-16,125,12,0,0,2.2142857142857144,0.0,,2.0969100130080562
Buriti do Tocantins,2020-07-17,127,2,0,0,2.357142857142857,0.0,,2.103803720955957
Buriti do Tocantins,2020-07-18,127,0,0,0,2.357142857142857,0.0,,2.103803720955957
Buriti do Tocantins,2020-07-19,127,0,0,0,2.357142857142857,0.0,,2.103803720955957
Buriti do Tocantins,2020-07-20,127,0,0,0,2.357142857142857,0.0,,2.103803720955957
Buriti do Tocantins,2020-07-21,133,6,0,0,2.4285714285714284,0.0,,2.123851640967086
Buriti do Tocantins,2020-07-22,135,2,0,0,2.5714285714285716,0.0,,2.130333768495006
Buriti do Tocantins,2020-07-23,136,1,0,0,2.142857142857143,0.0,,2.1335389083702174
Buriti do Tocantins,2020-07-24,136,0,0,0,2.142857142857143,0.0,,2.1335389083702174
Buriti do Tocantins,2020-07-25,136,0,0,0,2.142857142857143,0.0,,2.1335389083702174
Buriti do Tocantins,2020-07-26,136,0,0,0,2.142857142857143,0.0,,2.1335389083702174
Buriti do Tocantins,2020-07-27,136,0,0,0,2.142857142857143,0.0,,2.1335389083702174
Buriti do Tocantins,2020-07-28,139,3,0,0,1.8571428571428572,0.0,,2.143014800254095
Buriti do Tocantins,2020-07-29,139,0,0,0,1.8571428571428572,0.0,,2.143014800254095
Buriti do Tocantins,2020-07-30,139,0,0,0,1.0,0.0,,2.143014800254095
Buriti do Tocantins,2020-07-31,139,0,0,0,0.8571428571428571,0.0,,2.143014800254095
Buriti do Tocantins,2020-08-01,139,0,0,0,0.8571428571428571,0.0,,2.143014800254095
Buriti do Tocantins,2020-08-02,140,1,0,0,0.9285714285714286,0.0,,2.146128035678238
Buriti do Tocantins,2020-08-03,140,0,0,0,0.9285714285714286,0.0,,2.146128035678238
Buriti do Tocantins,2020-08-04,140,0,0,0,0.5,0.0,,2.146128035678238
Buriti do Tocantins,2020-08-05,152,12,0,0,1.2142857142857142,0.0,,2.1818435879447726
Buriti do Tocantins,2020-08-06,155,3,0,0,1.3571428571428572,0.0,,2.1903316981702914
Buriti do Tocantins,2020-08-07,155,0,0,0,1.3571428571428572,0.0,,2.1903316981702914
Buriti do Tocantins,2020-08-08,156,1,0,0,1.4285714285714286,0.0,,2.1931245983544616
Buriti do Tocantins,2020-08-09,156,0,0,0,1.4285714285714286,0.0,,2.1931245983544616
Buriti do Tocantins,2020-08-10,156,0,0,0,1.4285714285714286,0.0,,2.1931245983544616
Buriti do Tocantins,2020-08-11,161,5,0,0,1.5714285714285714,0.0,,2.2068258760318495
Buriti do Tocantins,2020-08-12,164,3,0,0,1.7857142857142858,0.0,,2.214843848047698
Buriti do Tocantins,2020-08-13,164,0,0,0,1.7857142857142858,0.0,,2.214843848047698
Buriti do Tocantins,2020-08-14,169,5,0,0,2.142857142857143,0.0,,2.2278867046136734
Buriti do Tocantins,2020-08-15,169,0,0,0,2.142857142857143,0.0,,2.2278867046136734
Buriti do Tocantins,2020-08-16,169,0,0,0,2.0714285714285716,0.0,,2.2278867046136734
Buriti do Tocantins,2020-08-17,169,0,0,0,2.0714285714285716,0.0,,2.2278867046136734
Buriti do Tocantins,2020-08-18,173,4,0,0,2.357142857142857,0.0,,2.2380461031287955
Buriti do Tocantins,2020-08-19,177,4,0,0,1.7857142857142858,0.0,,2.2479732663618064
Buriti do Tocantins,2020-08-20,177,0,0,0,1.5714285714285714,0.0,,2.2479732663618064
Buriti do Tocantins,2020-08-21,182,5,0,0,1.9285714285714286,0.0,,2.2600713879850747
Buriti do Tocantins,2020-08-22,182,0,0,0,1.8571428571428572,0.0,,2.2600713879850747
Buriti do Tocantins,2020-08-23,182,0,0,0,1.8571428571428572,0.0,,2.2600713879850747
Buriti do Tocantins,2020-08-24,182,0,0,0,1.8571428571428572,0.0,,2.2600713879850747
Buriti do Tocantins,2020-08-25,183,1,0,0,1.5714285714285714,0.0,,2.2624510897304293
Buriti do Tocantins,2020-08-26,189,6,0,0,1.7857142857142858,0.0,,2.2764618041732443
Buriti do Tocantins,2020-08-27,188,-1,0,0,1.7142857142857142,0.0,,2.27415784926368
Buriti do Tocantins,2020-08-28,189,1,0,0,1.4285714285714286,0.0,,2.2764618041732443
Buriti do Tocantins,2020-08-29,192,3,0,0,1.6428571428571428,0.0,,2.2833012287035497
Buriti do Tocantins,2020-08-30,192,0,0,0,1.6428571428571428,0.0,,2.2833012287035497
Buriti do Tocantins,2020-08-31,192,0,0,0,1.6428571428571428,0.0,,2.2833012287035497
Buriti do Tocantins,2020-09-01,192,0,0,0,1.3571428571428572,0.0,,2.2833012287035497
Buriti do Tocantins,2020-09-02,194,2,0,0,1.2142857142857142,0.0,,2.287801729930226
Buriti do Tocantins,2020-09-03,195,1,0,0,1.2857142857142858,0.0,,2.290034611362518
Buriti do Tocantins,2020-09-04,199,4,0,0,1.2142857142857142,0.0,,2.298853076409707
Buriti do Tocantins,2020-09-05,201,2,0,0,1.3571428571428572,0.0,,2.303196057420489
Buriti do Tocantins,2020-09-06,201,0,0,0,1.3571428571428572,0.0,,2.303196057420489
Buriti do Tocantins,2020-09-07,201,0,0,0,1.3571428571428572,0.0,,2.303196057420489
Buriti do Tocantins,2020-09-08,201,0,0,0,1.2857142857142858,0.0,,2.303196057420489
Buriti do Tocantins,2020-09-09,201,0,0,0,0.8571428571428571,0.0,,2.303196057420489
Buriti do Tocantins,2020-09-10,201,0,0,0,0.9285714285714286,0.0,,2.303196057420489
Buriti do Tocantins,2020-09-11,201,0,0,0,0.8571428571428571,0.0,,2.303196057420489
Buriti do Tocantins,2020-09-12,202,1,0,0,0.7142857142857143,0.0,,2.305351369446624
Buriti do Tocantins,2020-09-13,202,0,0,0,0.7142857142857143,0.0,,2.305351369446624
Buriti do Tocantins,2020-09-14,202,0,0,0,0.7142857142857143,0.0,,2.305351369446624
Buriti do Tocantins,2020-09-15,215,13,0,0,1.6428571428571428,0.0,,2.3324384599156054
Buriti do Tocantins,2020-09-16,218,3,0,0,1.7142857142857142,0.0,,2.3384564936046046
Buriti do Tocantins,2020-09-17,218,0,0,0,1.6428571428571428,0.0,,2.3384564936046046
Buriti do Tocantins,2020-09-18,219,1,0,0,1.4285714285714286,0.0,,2.3404441148401185
Buriti do Tocantins,2020-09-19,219,0,0,0,1.2857142857142858,0.0,,2.3404441148401185
Buriti do Tocantins,2020-09-20,219,0,0,0,1.2857142857142858,0.0,,2.3404441148401185
Buriti do Tocantins,2020-09-21,219,0,0,0,1.2857142857142858,0.0,,2.3404441148401185
Buriti do Tocantins,2020-09-22,222,3,0,0,1.5,0.0,,2.346352974450639
Buriti do Tocantins,2020-09-23,224,2,0,0,1.6428571428571428,0.0,,2.3502480183341627
Buriti do Tocantins,2020-09-24,224,0,0,0,1.6428571428571428,0.0,,2.3502480183341627
Buriti do Tocantins,2020-09-25,224,0,0,0,1.6428571428571428,0.0,,2.3502480183341627
Buriti do Tocantins,2020-09-26,224,0,0,0,1.5714285714285714,0.0,,2.3502480183341627
Buriti do Tocantins,2020-09-27,224,0,0,0,1.5714285714285714,0.0,,2.3502480183341627
Buriti do Tocantins,2020-09-28,224,0,0,0,1.5714285714285714,0.0,,2.3502480183341627
Buriti do Tocantins,2020-09-29,234,10,0,0,1.3571428571428572,0.0,,2.369215857410143
Buriti do Tocantins,2020-09-30,234,0,0,0,1.1428571428571428,0.0,,2.369215857410143
Buriti do Tocantins,2020-10-01,235,1,0,0,1.2142857142857142,0.0,,2.3710678622717363
Buriti do Tocantins,2020-10-02,235,0,0,0,1.1428571428571428,0.0,,2.3710678622717363
Buriti do Tocantins,2020-10-03,235,0,0,0,1.1428571428571428,0.0,,2.3710678622717363
Buriti do Tocantins,2020-10-04,235,0,0,0,1.1428571428571428,0.0,,2.3710678622717363
Buriti do Tocantins,2020-10-05,235,0,0,0,1.1428571428571428,0.0,,2.3710678622717363
Buriti do Tocantins,2020-10-06,235,0,0,0,0.9285714285714286,0.0,,2.3710678622717363
Buriti do Tocantins,2020-10-07,240,5,0,0,1.1428571428571428,0.0,,2.380211241711606
Buriti do Tocantins,2020-10-08,244,4,0,0,1.4285714285714286,0.0,,2.3873898263387296
Buriti do Tocantins,2020-10-09,244,0,0,0,1.4285714285714286,0.0,,2.3873898263387296
Buriti do Tocantins,2020-10-10,244,0,0,0,1.4285714285714286,0.0,,2.3873898263387296
Buriti do Tocantins,2020-10-11,244,0,0,0,1.4285714285714286,0.0,,2.3873898263387296
Buriti do Tocantins,2020-10-12,244,0,0,0,1.4285714285714286,0.0,,2.3873898263387296
Buriti do Tocantins,2020-10-13,245,1,0,0,0.7857142857142857,0.0,,2.3891660843645326
Buriti do Tocantins,2020-10-14,246,1,0,0,0.8571428571428571,0.0,,2.3909351071033793
Buriti do Tocantins,2020-10-15,247,1,0,0,0.8571428571428571,0.0,,2.392696953259666
Buriti do Tocantins,2020-10-16,250,3,0,0,1.0714285714285714,0.0,,2.3979400086720375
Buriti do Tocantins,2020-10-17,250,0,0,0,1.0714285714285714,0.0,,2.3979400086720375
Buriti do Tocantins,2020-10-18,250,0,0,0,1.0714285714285714,0.0,,2.3979400086720375
Buriti do Tocantins,2020-10-19,250,0,0,0,1.0714285714285714,0.0,,2.3979400086720375
Buriti do Tocantins,2020-10-20,250,0,0,0,1.0714285714285714,0.0,,2.3979400086720375
Buriti do Tocantins,2020-10-21,254,4,0,0,1.0,0.0,,2.404833716619938
Buriti do Tocantins,2020-10-22,256,2,0,0,0.8571428571428571,0.0,,2.4082399653118496
Buriti do Tocantins,2020-10-23,256,0,0,0,0.8571428571428571,0.0,,2.4082399653118496
Buriti do Tocantins,2020-10-24,256,0,0,0,0.8571428571428571,0.0,,2.4082399653118496
Buriti do Tocantins,2020-10-25,256,0,0,0,0.8571428571428571,0.0,,2.4082399653118496
Buriti do Tocantins,2020-10-26,256,0,0,0,0.8571428571428571,0.0,,2.4082399653118496
Buriti do Tocantins,2020-10-27,256,0,0,0,0.7857142857142857,0.0,,2.4082399653118496
Buriti do Tocantins,2020-10-28,262,6,0,0,1.1428571428571428,0.0,,2.4183012913197452
Buriti do Tocantins,2020-10-29,262,0,0,0,1.0714285714285714,0.0,,2.4183012913197452
Buriti do Tocantins,2020-10-30,262,0,0,0,0.8571428571428571,0.0,,2.4183012913197452
Buriti do Tocantins,2020-10-31,262,0,0,0,0.8571428571428571,0.0,,2.4183012913197452
Buriti do Tocantins,2020-11-01,262,0,0,0,0.8571428571428571,0.0,,2.4183012913197452
Buriti do Tocantins,2020-11-02,262,0,0,0,0.8571428571428571,0.0,,2.4183012913197452
Buriti do Tocantins,2020-11-03,262,0,0,0,0.8571428571428571,0.0,,2.4183012913197452
Buriti do Tocantins,2020-11-04,265,3,0,0,0.7857142857142857,0.0,,2.423245873936808
Buriti do Tocantins,2020-11-05,265,0,0,0,0.6428571428571429,0.0,,2.423245873936808
Buriti do Tocantins,2020-11-06,265,0,0,0,0.6428571428571429,0.0,,2.423245873936808
Buriti do Tocantins,2020-11-07,267,2,0,0,0.7857142857142857,0.0,,2.4265112613645754
Buriti do Tocantins,2020-11-08,267,0,0,0,0.7857142857142857,0.0,,2.4265112613645754
Buriti do Tocantins,2020-11-09,267,0,0,0,0.7857142857142857,0.0,,2.4265112613645754
Buriti do Tocantins,2020-11-10,266,-1,0,0,0.7142857142857143,0.0,,2.424881636631067
Buriti do Tocantins,2020-11-11,266,0,0,0,0.2857142857142857,0.0,,2.424881636631067
Buriti do Tocantins,2020-11-12,267,1,0,0,0.35714285714285715,0.0,,2.4265112613645754
Buriti do Tocantins,2020-11-13,267,0,0,0,0.35714285714285715,0.0,,2.4265112613645754
Buriti do Tocantins,2020-11-14,267,0,0,0,0.35714285714285715,0.0,,2.4265112613645754
Buriti do Tocantins,2020-11-15,267,0,0,0,0.35714285714285715,0.0,,2.4265112613645754
Buriti do Tocantins,2020-11-16,267,0,0,0,0.35714285714285715,0.0,,2.4265112613645754
Buriti do Tocantins,2020-11-17,273,6,0,0,0.7857142857142857,0.0,,2.436162647040756
Buriti do Tocantins,2020-11-18,273,0,0,0,0.5714285714285714,0.0,,2.436162647040756
Buriti do Tocantins,2020-11-19,273,0,0,0,0.5714285714285714,0.0,,2.436162647040756
Buriti do Tocantins,2020-11-20,273,0,0,0,0.5714285714285714,0.0,,2.436162647040756
Buriti do Tocantins,2020-11-21,273,0,0,0,0.42857142857142855,0.0,,2.436162647040756
Buriti do Tocantins,2020-11-22,273,0,0,0,0.42857142857142855,0.0,,2.436162647040756
Buriti do Tocantins,2020-11-23,273,0,0,0,0.42857142857142855,0.0,,2.436162647040756
Buriti do Tocantins,2020-11-24,273,0,0,0,0.5,0.0,,2.436162647040756
Buriti do Tocantins,2020-11-25,273,0,2,2,0.5,0.14285714285714285,inf,2.436162647040756
Buriti do Tocantins,2020-11-26,273,0,0,-2,0.42857142857142855,0.0,,2.436162647040756
Buriti do Tocantins,2020-11-27,274,1,0,0,0.5,0.0,,2.437750562820388
Buriti do Tocantins,2020-11-28,274,0,0,0,0.5,0.0,,2.437750562820388
Buriti do Tocantins,2020-11-29,274,0,0,0,0.5,0.0,,2.437750562820388
Buriti do Tocantins,2020-11-30,274,0,0,0,0.5,0.0,,2.437750562820388
Buriti do Tocantins,2020-12-01,285,11,0,0,0.8571428571428571,0.0,,2.45484486000851
Buriti do Tocantins,2020-12-02,287,2,0,0,1.0,0.0,,2.4578818967339924
Buriti do Tocantins,2020-12-03,288,1,0,0,1.0714285714285714,0.0,,2.459392487759231
Buriti do Tocantins,2020-12-04,288,0,0,0,1.0714285714285714,0.0,,2.459392487759231
Buriti do Tocantins,2020-12-05,288,0,0,0,1.0714285714285714,0.0,,2.459392487759231
Buriti do Tocantins,2020-12-06,289,1,1,1,1.1428571428571428,0.07142857142857142,inf,2.4608978427565478
Buriti do Tocantins,2020-12-07,289,0,1,0,1.1428571428571428,0.07142857142857142,inf,2.4608978427565478
Buriti do Tocantins,2020-12-08,289,0,1,0,1.1428571428571428,0.07142857142857142,inf,2.4608978427565478
Buriti do Tocantins,2020-12-09,291,2,1,0,1.2857142857142858,-0.07142857142857142,-1.5,2.4638929889859074
Buriti do Tocantins,2020-12-10,291,0,1,0,1.2857142857142858,0.07142857142857142,inf,2.4638929889859074
Buriti do Tocantins,2020-12-11,291,0,1,0,1.2142857142857142,0.07142857142857142,inf,2.4638929889859074
Buriti do Tocantins,2020-12-12,291,0,1,0,1.2142857142857142,0.07142857142857142,inf,2.4638929889859074
Buriti do Tocantins,2020-12-13,291,0,1,0,1.2142857142857142,0.07142857142857142,inf,2.4638929889859074
Buriti do Tocantins,2020-12-14,292,1,1,0,1.2857142857142858,0.07142857142857142,inf,2.4653828514484184
Buriti do Tocantins,2020-12-15,292,0,1,0,0.5,0.07142857142857142,inf,2.4653828514484184
Buriti do Tocantins,2020-12-16,298,6,1,0,0.7857142857142857,0.07142857142857142,inf,2.4742162640762553
Buriti do Tocantins,2020-12-17,299,1,1,0,0.7857142857142857,0.07142857142857142,inf,2.4756711883244296
Buriti do Tocantins,2020-12-18,299,0,1,0,0.7857142857142857,0.07142857142857142,inf,2.4756711883244296
Buriti do Tocantins,2020-12-19,299,0,1,0,0.7857142857142857,0.07142857142857142,inf,2.4756711883244296
Buriti do Tocantins,2020-12-20,299,0,1,0,0.7142857142857143,0.0,-1.0,2.4756711883244296
Buriti do Tocantins,2020-12-21,299,0,1,0,0.7142857142857143,0.0,-1.0,2.4756711883244296
Buriti do Tocantins,2020-12-22,303,4,1,0,1.0,0.0,-1.0,2.481442628502305
Buriti do Tocantins,2020-12-23,303,0,1,0,0.8571428571428571,0.0,-1.0,2.481442628502305
Buriti do Tocantins,2020-12-24,303,0,1,0,0.8571428571428571,0.0,-1.0,2.481442628502305
Buriti do Tocantins,2020-12-25,303,0,1,0,0.8571428571428571,0.0,-1.0,2.481442628502305
Buriti do Tocantins,2020-12-26,303,0,1,0,0.8571428571428571,0.0,-1.0,2.481442628502305
Buriti do Tocantins,2020-12-27,303,0,1,0,0.8571428571428571,0.0,-1.0,2.481442628502305
Buriti do Tocantins,2020-12-28,303,0,1,0,0.7857142857142857,0.0,-1.0,2.481442628502305
Buriti do Tocantins,2020-12-29,303,0,1,0,0.7857142857142857,0.0,-1.0,2.481442628502305
Buriti do Tocantins,2020-12-30,303,0,1,0,0.35714285714285715,0.0,-1.0,2.481442628502305
Buriti do Tocantins,2020-12-31,303,0,1,0,0.2857142857142857,0.0,-1.0,2.481442628502305
Buriti do Tocantins,2021-01-01,303,0,1,0,0.2857142857142857,0.0,-1.0,2.481442628502305
Buriti do Tocantins,2021-01-02,303,0,1,0,0.2857142857142857,0.0,-1.0,2.481442628502305
Buriti do Tocantins,2021-01-03,303,0,1,0,0.2857142857142857,0.0,,2.481442628502305
Buriti do Tocantins,2021-01-04,303,0,1,0,0.2857142857142857,0.0,,2.481442628502305
Buriti do Tocantins,2021-01-05,303,0,1,0,0.0,0.0,,2.481442628502305
Buriti do Tocantins,2021-01-06,309,6,1,0,0.42857142857142855,0.0,,2.4899584794248346
Buriti do Tocantins,2021-01-07,309,0,1,0,0.42857142857142855,0.0,,2.4899584794248346
Buriti do Tocantins,2021-01-08,309,0,1,0,0.42857142857142855,0.0,,2.4899584794248346
Buriti do Tocantins,2021-01-09,309,0,1,0,0.42857142857142855,0.0,,2.4899584794248346
Buriti do Tocantins,2021-01-10,309,0,1,0,0.42857142857142855,0.0,,2.4899584794248346
Buriti do Tocantins,2021-01-11,309,0,1,0,0.42857142857142855,0.0,,2.4899584794248346
Buriti do Tocantins,2021-01-12,311,2,1,0,0.5714285714285714,0.0,,2.4927603890268375
Buriti do Tocantins,2021-01-13,311,0,1,0,0.5714285714285714,0.0,,2.4927603890268375
Buriti do Tocantins,2021-01-14,311,0,1,0,0.5714285714285714,0.0,,2.4927603890268375
Buriti do Tocantins,2021-01-15,314,3,1,0,0.7857142857142857,0.0,,2.496929648073215
Buriti do Tocantins,2021-01-16,314,0,1,0,0.7857142857142857,0.0,,2.496929648073215
Buriti do Tocantins,2021-01-17,314,0,1,0,0.7857142857142857,0.0,,2.496929648073215
Buriti do Tocantins,2021-01-18,314,0,1,0,0.7857142857142857,0.0,,2.496929648073215
Buriti do Tocantins,2021-01-19,314,0,1,0,0.7857142857142857,0.0,,2.496929648073215
Buriti do Tocantins,2021-01-20,314,0,1,0,0.35714285714285715,0.0,,2.496929648073215
Conceição do Tocantins,2020-03-27,0,0,0,0,,,,0.0
Conceição do Tocantins,2020-03-28,0,0,0,0,,,,0.0
Conceição do Tocantins,2020-03-29,0,0,0,0,,,,0.0
Conceição do Tocantins,2020-03-30,0,0,0,0,,,,0.0
Conceição do Tocantins,2020-03-31,0,0,0,0,,,,0.0
Conceição do Tocantins,2020-04-01,0,0,0,0,,,,0.0
Conceição do Tocantins,2020-04-02,0,0,0,0,,,,0.0
Conceição do Tocantins,2020-04-03,0,0,0,0,,,,0.0
Conceição do Tocantins,2020-04-04,0,0,0,0,,,,0.0
Conceição do Tocantins,2020-04-05,0,0,0,0,,,,0.0
Conceição do Tocantins,2020-04-06,0,0,0,0,,,,0.0
Conceição do Tocantins,2020-04-07,0,0,0,0,,,,0.0
Conceição do Tocantins,2020-04-08,0,0,0,0,,,,0.0
Conceição do Tocantins,2020-04-09,0,0,0,0,0.0,0.0,,0.0
Conceição do Tocantins,2020-04-10,0,0,0,0,0.0,0.0,,0.0
Conceição do Tocantins,2020-04-11,0,0,0,0,0.0,0.0,,0.0
Conceição do Tocantins,2020-04-12,0,0,0,0,0.0,0.0,,0.0
Conceição do Tocantins,2020-04-13,0,0,0,0,0.0,0.0,,0.0
Conceição do Tocantins,2020-04-14,0,0,0,0,0.0,0.0,,0.0
Conceição do Tocantins,2020-04-15,0,0,0,0,0.0,0.0,,0.0
Conceição do Tocantins,2020-04-16,0,0,0,0,0.0,0.0,,0.0
Conceição do Tocantins,2020-04-17,0,0,0,0,0.0,0.0,,0.0
Conceição do Tocantins,2020-04-18,0,0,0,0,0.0,0.0,,0.0
Conceição do Tocantins,2020-04-19,0,0,0,0,0.0,0.0,,0.0
Conceição do Tocantins,2020-04-20,0,0,0,0,0.0,0.0,,0.0
Conceição do Tocantins,2020-04-21,0,0,0,0,0.0,0.0,,0.0
Conceição do Tocantins,2020-04-22,0,0,0,0,0.0,0.0,,0.0
Conceição do Tocantins,2020-04-23,0,0,0,0,0.0,0.0,,0.0
Conceição do Tocantins,2020-04-24,0,0,0,0,0.0,0.0,,0.0
Conceição do Tocantins,2020-04-25,0,0,0,0,0.0,0.0,,0.0
Conceição do Tocantins,2020-04-26,0,0,0,0,0.0,0.0,,0.0
Conceição do Tocantins,2020-04-27,0,0,0,0,0.0,0.0,,0.0
Conceição do Tocantins,2020-04-28,0,0,0,0,0.0,0.0,,0.0
Conceição do Tocantins,2020-04-29,0,0,0,0,0.0,0.0,,0.0
Conceição do Tocantins,2020-04-30,0,0,0,0,0.0,0.0,,0.0
Conceição do Tocantins,2020-05-01,0,0,0,0,0.0,0.0,,0.0
Conceição do Tocantins,2020-05-02,0,0,0,0,0.0,0.0,,0.0
Conceição do Tocantins,2020-05-03,0,0,0,0,0.0,0.0,,0.0
Conceição do Tocantins,2020-05-04,0,0,0,0,0.0,0.0,,0.0
Conceição do Tocantins,2020-05-05,0,0,0,0,0.0,0.0,,0.0
Conceição do Tocantins,2020-05-06,0,0,0,0,0.0,0.0,,0.0
Conceição do Tocantins,2020-05-07,0,0,0,0,0.0,0.0,,0.0
Conceição do Tocantins,2020-05-08,0,0,0,0,0.0,0.0,,0.0
Conceição do Tocantins,2020-05-09,0,0,0,0,0.0,0.0,,0.0
Conceição do Tocantins,2020-05-10,0,0,0,0,0.0,0.0,,0.0
Conceição do Tocantins,2020-05-11,0,0,0,0,0.0,0.0,,0.0
Conceição do Tocantins,2020-05-12,0,0,0,0,0.0,0.0,,0.0
Conceição do Tocantins,2020-05-13,0,0,0,0,0.0,0.0,,0.0
Conceição do Tocantins,2020-05-14,0,0,0,0,0.0,0.0,,0.0
Conceição do Tocantins,2020-05-15,0,0,0,0,0.0,0.0,,0.0
Conceição do Tocantins,2020-05-16,0,0,0,0,0.0,0.0,,0.0
Conceição do Tocantins,2020-05-17,0,0,0,0,0.0,0.0,,0.0
Conceição do Tocantins,2020-05-18,0,0,0,0,0.0,0.0,,0.0
Conceição do Tocantins,2020-05-19,0,0,0,0,0.0,0.0,,0.0
Conceição do Tocantins,2020-05-20,0,0,0,0,0.0,0.0,,0.0
Conceição do Tocantins,2020-05-21,0,0,0,0,0.0,0.0,,0.0
Conceição do Tocantins,2020-05-22,0,0,0,0,0.0,0.0,,0.0
Conceição do Tocantins,2020-05-23,0,0,0,0,0.0,0.0,,0.0
Conceição do Tocantins,2020-05-24,0,0,0,0,0.0,0.0,,0.0
Conceição do Tocantins,2020-05-25,0,0,0,0,0.0,0.0,,0.0
Conceição do Tocantins,2020-05-26,0,0,0,0,0.0,0.0,,0.0
Conceição do Tocantins,2020-05-27,0,0,0,0,0.0,0.0,,0.0
Conceição do Tocantins,2020-05-28,0,0,0,0,0.0,0.0,,0.0
Conceição do Tocantins,2020-05-29,0,0,0,0,0.0,0.0,,0.0
Conceição do Tocantins,2020-05-30,0,0,0,0,0.0,0.0,,0.0
Conceição do Tocantins,2020-05-31,0,0,0,0,0.0,0.0,,0.0
Conceição do Tocantins,2020-06-01,0,0,0,0,0.0,0.0,,0.0
Conceição do Tocantins,2020-06-02,0,0,0,0,0.0,0.0,,0.0
Conceição do Tocantins,2020-06-03,0,0,0,0,0.0,0.0,,0.0
Conceição do Tocantins,2020-06-04,0,0,0,0,0.0,0.0,,0.0
Conceição do Tocantins,2020-06-05,0,0,0,0,0.0,0.0,,0.0
Conceição do Tocantins,2020-06-06,0,0,0,0,0.0,0.0,,0.0
Conceição do Tocantins,2020-06-07,0,0,0,0,0.0,0.0,,0.0
Conceição do Tocantins,2020-06-08,0,0,0,0,0.0,0.0,,0.0
Conceição do Tocantins,2020-06-09,0,0,0,0,0.0,0.0,,0.0
Conceição do Tocantins,2020-06-10,0,0,0,0,0.0,0.0,,0.0
Conceição do Tocantins,2020-06-11,0,0,0,0,0.0,0.0,,0.0
Conceição do Tocantins,2020-06-12,0,0,0,0,0.0,0.0,,0.0
Conceição do Tocantins,2020-06-13,0,0,0,0,0.0,0.0,,0.0
Conceição do Tocantins,2020-06-14,0,0,0,0,0.0,0.0,,0.0
Conceição do Tocantins,2020-06-15,0,0,0,0,0.0,0.0,,0.0
Conceição do Tocantins,2020-06-16,0,0,0,0,0.0,0.0,,0.0
Conceição do Tocantins,2020-06-17,0,0,0,0,0.0,0.0,,0.0
Conceição do Tocantins,2020-06-18,0,0,0,0,0.0,0.0,,0.0
Conceição do Tocantins,2020-06-19,0,0,0,0,0.0,0.0,,0.0
Conceição do Tocantins,2020-06-20,0,0,0,0,0.0,0.0,,0.0
Conceição do Tocantins,2020-06-21,0,0,0,0,0.0,0.0,,0.0
Conceição do Tocantins,2020-06-22,0,0,0,0,0.0,0.0,,0.0
Conceição do Tocantins,2020-06-23,0,0,0,0,0.0,0.0,,0.0
Conceição do Tocantins,2020-06-24,0,0,0,0,0.0,0.0,,0.0
Conceição do Tocantins,2020-06-25,0,0,0,0,0.0,0.0,,0.0
Conceição do Tocantins,2020-06-26,0,0,0,0,0.0,0.0,,0.0
Conceição do Tocantins,2020-06-27,0,0,0,0,0.0,0.0,,0.0
Conceição do Tocantins,2020-06-28,0,0,0,0,0.0,0.0,,0.0
Conceição do Tocantins,2020-06-29,0,0,0,0,0.0,0.0,,0.0
Conceição do Tocantins,2020-06-30,0,0,0,0,0.0,0.0,,0.0
Conceição do Tocantins,2020-07-01,0,0,0,0,0.0,0.0,,0.0
Conceição do Tocantins,2020-07-02,0,0,0,0,0.0,0.0,,0.0
Conceição do Tocantins,2020-07-03,0,0,0,0,0.0,0.0,,0.0
Conceição do Tocantins,2020-07-04,0,0,0,0,0.0,0.0,,0.0
Conceição do Tocantins,2020-07-05,0,0,0,0,0.0,0.0,,0.0
Conceição do Tocantins,2020-07-06,0,0,0,0,0.0,0.0,,0.0
Conceição do Tocantins,2020-07-07,0,0,0,0,0.0,0.0,,0.0
Conceição do Tocantins,2020-07-08,0,0,0,0,0.0,0.0,,0.0
Conceição do Tocantins,2020-07-09,0,0,0,0,0.0,0.0,,0.0
Conceição do Tocantins,2020-07-10,0,0,0,0,0.0,0.0,,0.0
Conceição do Tocantins,2020-07-11,0,0,0,0,0.0,0.0,,0.0
Conceição do Tocantins,2020-07-12,0,0,0,0,0.0,0.0,,0.0
Conceição do Tocantins,2020-07-13,0,0,0,0,0.0,0.0,,0.0
Conceição do Tocantins,2020-07-14,0,0,0,0,0.0,0.0,,0.0
Conceição do Tocantins,2020-07-15,0,0,0,0,0.0,0.0,,0.0
Conceição do Tocantins,2020-07-16,0,0,0,0,0.0,0.0,,0.0
Conceição do Tocantins,2020-07-17,0,0,0,0,0.0,0.0,,0.0
Conceição do Tocantins,2020-07-18,0,0,0,0,0.0,0.0,,0.0
Conceição do Tocantins,2020-07-19,0,0,0,0,0.0,0.0,,0.0
Conceição do Tocantins,2020-07-20,0,0,0,0,0.0,0.0,,0.0
Conceição do Tocantins,2020-07-21,0,0,0,0,0.0,0.0,,0.0
Conceição do Tocantins,2020-07-22,3,3,0,0,0.21428571428571427,0.0,,0.47712125471966244
Conceição do Tocantins,2020-07-23,3,0,0,0,0.21428571428571427,0.0,,0.47712125471966244
Conceição do Tocantins,2020-07-24,3,0,0,0,0.21428571428571427,0.0,,0.47712125471966244
Conceição do Tocantins,2020-07-25,3,0,0,0,0.21428571428571427,0.0,,0.47712125471966244
Conceição do Tocantins,2020-07-26,5,2,0,0,0.35714285714285715,0.0,,0.6989700043360189
Conceição do Tocantins,2020-07-27,5,0,1,1,0.35714285714285715,0.07142857142857142,inf,0.6989700043360189
Conceição do Tocantins,2020-07-28,5,0,2,1,0.35714285714285715,0.14285714285714285,inf,0.6989700043360189
Conceição do Tocantins,2020-07-29,5,0,2,0,0.35714285714285715,0.14285714285714285,inf,0.6989700043360189
Conceição do Tocantins,2020-07-30,5,0,2,0,0.35714285714285715,0.14285714285714285,inf,0.6989700043360189
Conceição do Tocantins,2020-07-31,5,0,2,0,0.35714285714285715,0.14285714285714285,inf,0.6989700043360189
Conceição do Tocantins,2020-08-01,6,1,2,0,0.42857142857142855,0.14285714285714285,inf,0.7781512503836436
Conceição do Tocantins,2020-08-02,6,0,3,1,0.42857142857142855,0.21428571428571427,inf,0.7781512503836436
Conceição do Tocantins,2020-08-03,13,7,3,0,0.9285714285714286,0.21428571428571427,inf,1.1139433523068367
Conceição do Tocantins,2020-08-04,13,0,3,0,0.9285714285714286,0.21428571428571427,inf,1.1139433523068367
Conceição do Tocantins,2020-08-05,13,0,3,0,0.7142857142857143,0.21428571428571427,inf,1.1139433523068367
Conceição do Tocantins,2020-08-06,13,0,3,0,0.7142857142857143,0.21428571428571427,inf,1.1139433523068367
Conceição do Tocantins,2020-08-07,15,2,3,0,0.8571428571428571,0.21428571428571427,inf,1.1760912590556813
Conceição do Tocantins,2020-08-08,15,0,3,0,0.8571428571428571,0.21428571428571427,inf,1.1760912590556813
Conceição do Tocantins,2020-08-09,15,0,3,0,0.7142857142857143,0.21428571428571427,inf,1.1760912590556813
Conceição do Tocantins,2020-08-10,15,0,3,0,0.7142857142857143,0.14285714285714285,1.0,1.1760912590556813
Conceição do Tocantins,2020-08-11,15,0,3,0,0.7142857142857143,0.07142857142857142,-0.5,1.1760912590556813
Conceição do Tocantins,2020-08-12,15,0,3,0,0.7142857142857143,0.07142857142857142,-0.5,1.1760912590556813
Conceição do Tocantins,2020-08-13,15,0,3,0,0.7142857142857143,0.07142857142857142,-0.5,1.1760912590556813
Conceição do Tocantins,2020-08-14,15,0,3,0,0.7142857142857143,0.07142857142857142,-0.5,1.1760912590556813
Conceição do Tocantins,2020-08-15,14,-1,3,0,0.5714285714285714,0.07142857142857142,-0.5,1.146128035678238
Conceição do Tocantins,2020-08-16,14,0,3,0,0.5714285714285714,0.0,-1.0,1.146128035678238
Conceição do Tocantins,2020-08-17,14,0,3,0,0.07142857142857142,0.0,-1.0,1.146128035678238
Conceição do Tocantins,2020-08-18,14,0,3,0,0.07142857142857142,0.0,-1.0,1.146128035678238
Conceição do Tocantins,2020-08-19,14,0,3,0,0.07142857142857142,0.0,-1.0,1.146128035678238
Conceição do Tocantins,2020-08-20,16,2,3,0,0.21428571428571427,0.0,-1.0,1.2041199826559248
Conceição do Tocantins,2020-08-21,16,0,3,0,0.07142857142857142,0.0,-1.0,1.2041199826559248
Conceição do Tocantins,2020-08-22,16,0,3,0,0.07142857142857142,0.0,-1.0,1.2041199826559248
Conceição do Tocantins,2020-08-23,16,0,3,0,0.07142857142857142,0.0,-1.0,1.2041199826559248
Conceição do Tocantins,2020-08-24,16,0,3,0,0.07142857142857142,0.0,-1.0,1.2041199826559248
Conceição do Tocantins,2020-08-25,16,0,3,0,0.07142857142857142,0.0,-1.0,1.2041199826559248
Conceição do Tocantins,2020-08-26,16,0,3,0,0.07142857142857142,0.0,-1.0,1.2041199826559248
Conceição do Tocantins,2020-08-27,16,0,3,0,0.07142857142857142,0.0,-1.0,1.2041199826559248
Conceição do Tocantins,2020-08-28,17,1,3,0,0.14285714285714285,0.0,-1.0,1.2304489213782739
Conceição do Tocantins,2020-08-29,17,0,3,0,0.21428571428571427,0.0,-1.0,1.2304489213782739
Conceição do Tocantins,2020-08-30,17,0,3,0,0.21428571428571427,0.0,,1.2304489213782739
Conceição do Tocantins,2020-08-31,17,0,3,0,0.21428571428571427,0.0,,1.2304489213782739
Conceição do Tocantins,2020-09-01,17,0,3,0,0.21428571428571427,0.0,,1.2304489213782739
Conceição do Tocantins,2020-09-02,17,0,3,0,0.21428571428571427,0.0,,1.2304489213782739
Conceição do Tocantins,2020-09-03,17,0,3,0,0.07142857142857142,0.0,,1.2304489213782739
Conceição do Tocantins,2020-09-04,17,0,3,0,0.07142857142857142,0.0,,1.2304489213782739
Conceição do Tocantins,2020-09-05,17,0,3,0,0.07142857142857142,0.0,,1.2304489213782739
Conceição do Tocantins,2020-09-06,17,0,3,0,0.07142857142857142,0.0,,1.2304489213782739
Conceição do Tocantins,2020-09-07,17,0,3,0,0.07142857142857142,0.0,,1.2304489213782739
Conceição do Tocantins,2020-09-08,17,0,3,0,0.07142857142857142,0.0,,1.2304489213782739
Conceição do Tocantins,2020-09-09,17,0,3,0,0.07142857142857142,0.0,,1.2304489213782739
Conceição do Tocantins,2020-09-10,17,0,3,0,0.07142857142857142,0.0,,1.2304489213782739
Conceição do Tocantins,2020-09-11,17,0,3,0,0.0,0.0,,1.2304489213782739
Conceição do Tocantins,2020-09-12,17,0,3,0,0.0,0.0,,1.2304489213782739
Conceição do Tocantins,2020-09-13,17,0,3,0,0.0,0.0,,1.2304489213782739
Conceição do Tocantins,2020-09-14,17,0,3,0,0.0,0.0,,1.2304489213782739
Conceição do Tocantins,2020-09-15,17,0,3,0,0.0,0.0,,1.2304489213782739
Conceição do Tocantins,2020-09-16,17,0,3,0,0.0,0.0,,1.2304489213782739
Conceição do Tocantins,2020-09-17,18,1,3,0,0.07142857142857142,0.0,,1.255272505103306
Conceição do Tocantins,2020-09-18,18,0,3,0,0.07142857142857142,0.0,,1.255272505103306
Conceição do Tocantins,2020-09-19,17,-1,3,0,0.0,0.0,,1.2304489213782739
Conceição do Tocantins,2020-09-20,17,0,3,0,0.0,0.0,,1.2304489213782739
Conceição do Tocantins,2020-09-21,17,0,3,0,0.0,0.0,,1.2304489213782739
Conceição do Tocantins,2020-09-22,17,0,3,0,0.0,0.0,,1.2304489213782739
Conceição do Tocantins,2020-09-23,17,0,3,0,0.0,0.0,,1.2304489213782739
Conceição do Tocantins,2020-09-24,17,0,3,0,0.0,0.0,,1.2304489213782739
Conceição do Tocantins,2020-09-25,18,1,3,0,0.07142857142857142,0.0,,1.255272505103306
Conceição do Tocantins,2020-09-26,18,0,3,0,0.07142857142857142,0.0,,1.255272505103306
Conceição do Tocantins,2020-09-27,18,0,3,0,0.07142857142857142,0.0,,1.255272505103306
Conceição do Tocantins,2020-09-28,18,0,3,0,0.07142857142857142,0.0,,1.255272505103306
Conceição do Tocantins,2020-09-29,22,4,3,0,0.35714285714285715,0.0,,1.3424226808222062
Conceição do Tocantins,2020-09-30,25,3,3,0,0.5714285714285714,0.0,,1.3979400086720377
Conceição do Tocantins,2020-10-01,25,0,3,0,0.5,0.0,,1.3979400086720377
Conceição do Tocantins,2020-10-02,25,0,3,0,0.5,0.0,,1.3979400086720377
Conceição do Tocantins,2020-10-03,25,0,3,0,0.5714285714285714,0.0,,1.3979400086720377
Conceição do Tocantins,2020-10-04,25,0,3,0,0.5714285714285714,0.0,,1.3979400086720377
Conceição do Tocantins,2020-10-05,25,0,3,0,0.5714285714285714,0.0,,1.3979400086720377
Conceição do Tocantins,2020-10-06,25,0,3,0,0.5714285714285714,0.0,,1.3979400086720377
Conceição do Tocantins,2020-10-07,25,0,3,0,0.5714285714285714,0.0,,1.3979400086720377
Conceição do Tocantins,2020-10-08,25,0,3,0,0.5714285714285714,0.0,,1.3979400086720377
Conceição do Tocantins,2020-10-09,25,0,3,0,0.5,0.0,,1.3979400086720377
Conceição do Tocantins,2020-10-10,25,0,3,0,0.5,0.0,,1.3979400086720377
Conceição do Tocantins,2020-10-11,25,0,3,0,0.5,0.0,,1.3979400086720377
Conceição do Tocantins,2020-10-12,25,0,3,0,0.5,0.0,,1.3979400086720377
Conceição do Tocantins,2020-10-13,25,0,3,0,0.21428571428571427,0.0,,1.3979400086720377
Conceição do Tocantins,2020-10-14,25,0,3,0,0.0,0.0,,1.3979400086720377
Conceição do Tocantins,2020-10-15,25,0,3,0,0.0,0.0,,1.3979400086720377
Conceição do Tocantins,2020-10-16,26,1,3,0,0.07142857142857142,0.0,,1.414973347970818
Conceição do Tocantins,2020-10-17,26,0,3,0,0.07142857142857142,0.0,,1.414973347970818
Conceição do Tocantins,2020-10-18,26,0,3,0,0.07142857142857142,0.0,,1.414973347970818
Conceição do Tocantins,2020-10-19,26,0,3,0,0.07142857142857142,0.0,,1.414973347970818
Conceição do Tocantins,2020-10-20,26,0,3,0,0.07142857142857142,0.0,,1.414973347970818
Conceição do Tocantins,2020-10-21,26,0,3,0,0.07142857142857142,0.0,,1.414973347970818
Conceição do Tocantins,2020-10-22,26,0,3,0,0.07142857142857142,0.0,,1.414973347970818
Conceição do Tocantins,2020-10-23,31,5,3,0,0.42857142857142855,0.0,,1.4913616938342726
Conceição do Tocantins,2020-10-24,31,0,3,0,0.42857142857142855,0.0,,1.4913616938342726
Conceição do Tocantins,2020-10-25,31,0,3,0,0.42857142857142855,0.0,,1.4913616938342726
Conceição do Tocantins,2020-10-26,31,0,3,0,0.42857142857142855,0.0,,1.4913616938342726
Conceição do Tocantins,2020-10-27,31,0,3,0,0.42857142857142855,0.0,,1.4913616938342726
Conceição do Tocantins,2020-10-28,31,0,3,0,0.42857142857142855,0.0,,1.4913616938342726
Conceição do Tocantins,2020-10-29,33,2,3,0,0.5714285714285714,0.0,,1.5185139398778875
Conceição do Tocantins,2020-10-30,34,1,3,0,0.5714285714285714,0.0,,1.5314789170422551
Conceição do Tocantins,2020-10-31,34,0,3,0,0.5714285714285714,0.0,,1.5314789170422551
Conceição do Tocantins,2020-11-01,34,0,3,0,0.5714285714285714,0.0,,1.5314789170422551
Conceição do Tocantins,2020-11-02,34,0,3,0,0.5714285714285714,0.0,,1.5314789170422551
Conceição do Tocantins,2020-11-03,34,0,3,0,0.5714285714285714,0.0,,1.5314789170422551
Conceição do Tocantins,2020-11-04,34,0,3,0,0.5714285714285714,0.0,,1.5314789170422551
Conceição do Tocantins,2020-11-05,34,0,3,0,0.5714285714285714,0.0,,1.5314789170422551
Conceição do Tocantins,2020-11-06,34,0,3,0,0.21428571428571427,0.0,,1.5314789170422551
Conceição do Tocantins,2020-11-07,34,0,3,0,0.21428571428571427,0.0,,1.5314789170422551
Conceição do Tocantins,2020-11-08,34,0,3,0,0.21428571428571427,0.0,,1.5314789170422551
Conceição do Tocantins,2020-11-09,34,0,3,0,0.21428571428571427,0.0,,1.5314789170422551
Conceição do Tocantins,2020-11-10,34,0,3,0,0.21428571428571427,0.0,,1.5314789170422551
Conceição do Tocantins,2020-11-11,34,0,3,0,0.21428571428571427,0.0,,1.5314789170422551
Conceição do Tocantins,2020-11-12,34,0,3,0,0.07142857142857142,0.0,,1.5314789170422551
Conceição do Tocantins,2020-11-13,34,0,3,0,0.0,0.0,,1.5314789170422551
Conceição do Tocantins,2020-11-14,34,0,3,0,0.0,0.0,,1.5314789170422551
Conceição do Tocantins,2020-11-15,34,0,3,0,0.0,0.0,,1.5314789170422551
Conceição do Tocantins,2020-11-16,34,0,3,0,0.0,0.0,,1.5314789170422551
Conceição do Tocantins,2020-11-17,34,0,3,0,0.0,0.0,,1.5314789170422551
Conceição do Tocantins,2020-11-18,34,0,3,0,0.0,0.0,,1.5314789170422551
Conceição do Tocantins,2020-11-19,34,0,3,0,0.0,0.0,,1.5314789170422551
Conceição do Tocantins,2020-11-20,34,0,3,0,0.0,0.0,,1.5314789170422551
Conceição do Tocantins,2020-11-21,34,0,3,0,0.0,0.0,,1.5314789170422551
Conceição do Tocantins,2020-11-22,34,0,3,0,0.0,0.0,,1.5314789170422551
Conceição do Tocantins,2020-11-23,34,0,3,0,0.0,0.0,,1.5314789170422551
Conceição do Tocantins,2020-11-24,34,0,3,0,0.0,0.0,,1.5314789170422551
Conceição do Tocantins,2020-11-25,34,0,3,0,0.0,0.0,,1.5314789170422551
Conceição do Tocantins,2020-11-26,34,0,3,0,0.0,0.0,,1.5314789170422551
Conceição do Tocantins,2020-11-27,34,0,3,0,0.0,0.0,,1.5314789170422551
Conceição do Tocantins,2020-11-28,34,0,3,0,0.0,0.0,,1.5314789170422551
Conceição do Tocantins,2020-11-29,34,0,3,0,0.0,0.0,,1.5314789170422551
Conceição do Tocantins,2020-11-30,34,0,3,0,0.0,0.0,,1.5314789170422551
Conceição do Tocantins,2020-12-01,34,0,3,0,0.0,0.0,,1.5314789170422551
Conceição do Tocantins,2020-12-02,34,0,3,0,0.0,0.0,,1.5314789170422551
Conceição do Tocantins,2020-12-03,34,0,3,0,0.0,0.0,,1.5314789170422551
Conceição do Tocantins,2020-12-04,34,0,3,0,0.0,0.0,,1.5314789170422551
Conceição do Tocantins,2020-12-05,34,0,3,0,0.0,0.0,,1.5314789170422551
Conceição do Tocantins,2020-12-06,34,0,3,0,0.0,0.0,,1.5314789170422551
Conceição do Tocantins,2020-12-07,34,0,3,0,0.0,0.0,,1.5314789170422551
Conceição do Tocantins,2020-12-08,34,0,3,0,0.0,0.0,,1.5314789170422551
Conceição do Tocantins,2020-12-09,34,0,3,0,0.0,0.0,,1.5314789170422551
Conceição do Tocantins,2020-12-10,34,0,3,0,0.0,0.0,,1.5314789170422551
Conceição do Tocantins,2020-12-11,34,0,3,0,0.0,0.0,,1.5314789170422551
Conceição do Tocantins,2020-12-12,34,0,3,0,0.0,0.0,,1.5314789170422551
Conceição do Tocantins,2020-12-13,34,0,3,0,0.0,0.0,,1.5314789170422551
Conceição do Tocantins,2020-12-14,34,0,3,0,0.0,0.0,,1.5314789170422551
Conceição do Tocantins,2020-12-15,34,0,3,0,0.0,0.0,,1.5314789170422551
Conceição do Tocantins,2020-12-16,34,0,3,0,0.0,0.0,,1.5314789170422551
Conceição do Tocantins,2020-12-17,34,0,3,0,0.0,0.0,,1.5314789170422551
Conceição do Tocantins,2020-12-18,36,2,3,0,0.14285714285714285,0.0,,1.5563025007672873
Conceição do Tocantins,2020-12-19,36,0,3,0,0.14285714285714285,0.0,,1.5563025007672873
Conceição do Tocantins,2020-12-20,36,0,3,0,0.14285714285714285,0.0,,1.5563025007672873
Conceição do Tocantins,2020-12-21,36,0,3,0,0.14285714285714285,0.0,,1.5563025007672873
Conceição do Tocantins,2020-12-22,36,0,3,0,0.14285714285714285,0.0,,1.5563025007672873
Conceição do Tocantins,2020-12-23,36,0,3,0,0.14285714285714285,0.0,,1.5563025007672873
Conceição do Tocantins,2020-12-24,36,0,3,0,0.14285714285714285,0.0,,1.5563025007672873
Conceição do Tocantins,2020-12-25,36,0,3,0,0.14285714285714285,0.0,,1.5563025007672873
Conceição do Tocantins,2020-12-26,36,0,3,0,0.14285714285714285,0.0,,1.5563025007672873
Conceição do Tocantins,2020-12-27,36,0,3,0,0.14285714285714285,0.0,,1.5563025007672873
Conceição do Tocantins,2020-12-28,36,0,3,0,0.14285714285714285,0.0,,1.5563025007672873
Conceição do Tocantins,2020-12-29,36,0,3,0,0.14285714285714285,0.0,,1.5563025007672873
Conceição do Tocantins,2020-12-30,36,0,3,0,0.14285714285714285,0.0,,1.5563025007672873
Conceição do Tocantins,2020-12-31,36,0,3,0,0.14285714285714285,0.0,,1.5563025007672873
Conceição do Tocantins,2021-01-01,36,0,3,0,0.0,0.0,,1.5563025007672873
Conceição do Tocantins,2021-01-02,36,0,3,0,0.0,0.0,,1.5563025007672873
Conceição do Tocantins,2021-01-03,36,0,3,0,0.0,0.0,,1.5563025007672873
Conceição do Tocantins,2021-01-04,36,0,3,0,0.0,0.0,,1.5563025007672873
Conceição do Tocantins,2021-01-05,36,0,3,0,0.0,0.0,,1.5563025007672873
Conceição do Tocantins,2021-01-06,36,0,3,0,0.0,0.0,,1.5563025007672873
Conceição do Tocantins,2021-01-07,52,16,3,0,1.1428571428571428,0.0,,1.7160033436347992
Conceição do Tocantins,2021-01-08,52,0,3,0,1.1428571428571428,0.0,,1.7160033436347992
Conceição do Tocantins,2021-01-09,58,6,4,1,1.5714285714285714,0.07142857142857142,inf,1.7634279935629373
Conceição do Tocantins,2021-01-10,58,0,4,0,1.5714285714285714,0.07142857142857142,inf,1.7634279935629373
Conceição do Tocantins,2021-01-11,58,0,4,0,1.5714285714285714,0.07142857142857142,inf,1.7634279935629373
Conceição do Tocantins,2021-01-12,58,0,4,0,1.5714285714285714,0.07142857142857142,inf,1.7634279935629373
Conceição do Tocantins,2021-01-13,59,1,4,0,1.6428571428571428,0.07142857142857142,inf,1.7708520116421442
Conceição do Tocantins,2021-01-14,59,0,4,0,1.6428571428571428,0.07142857142857142,inf,1.7708520116421442
Conceição do Tocantins,2021-01-15,59,0,4,0,1.6428571428571428,0.07142857142857142,inf,1.7708520116421442
Conceição do Tocantins,2021-01-16,59,0,4,0,1.6428571428571428,0.07142857142857142,inf,1.7708520116421442
Conceição do Tocantins,2021-01-17,60,1,5,1,1.7142857142857142,0.14285714285714285,inf,1.7781512503836436
Conceição do Tocantins,2021-01-18,60,0,5,0,1.7142857142857142,0.14285714285714285,inf,1.7781512503836436
Conceição do Tocantins,2021-01-19,60,0,5,0,1.7142857142857142,0.14285714285714285,inf,1.7781512503836436
Conceição do Tocantins,2021-01-20,60,0,5,0,1.7142857142857142,0.14285714285714285,inf,1.7781512503836436
Couto Magalhães,2020-03-27,0,0,0,0,,,,0.0
Couto Magalhães,2020-03-28,0,0,0,0,,,,0.0
Couto Magalhães,2020-03-29,0,0,0,0,,,,0.0
Couto Magalhães,2020-03-30,0,0,0,0,,,,0.0
Couto Magalhães,2020-03-31,0,0,0,0,,,,0.0
Couto Magalhães,2020-04-01,0,0,0,0,,,,0.0
Couto Magalhães,2020-04-02,0,0,0,0,,,,0.0
Couto Magalhães,2020-04-03,0,0,0,0,,,,0.0
Couto Magalhães,2020-04-04,0,0,0,0,,,,0.0
Couto Magalhães,2020-04-05,0,0,0,0,,,,0.0
Couto Magalhães,2020-04-06,0,0,0,0,,,,0.0
Couto Magalhães,2020-04-07,0,0,0,0,,,,0.0
Couto Magalhães,2020-04-08,0,0,0,0,,,,0.0
Couto Magalhães,2020-04-09,0,0,0,0,0.0,0.0,,0.0
Couto Magalhães,2020-04-10,0,0,0,0,0.0,0.0,,0.0
Couto Magalhães,2020-04-11,0,0,0,0,0.0,0.0,,0.0
Couto Magalhães,2020-04-12,0,0,0,0,0.0,0.0,,0.0
Couto Magalhães,2020-04-13,0,0,0,0,0.0,0.0,,0.0
Couto Magalhães,2020-04-14,0,0,0,0,0.0,0.0,,0.0
Couto Magalhães,2020-04-15,0,0,0,0,0.0,0.0,,0.0
Couto Magalhães,2020-04-16,0,0,0,0,0.0,0.0,,0.0
Couto Magalhães,2020-04-17,0,0,0,0,0.0,0.0,,0.0
Couto Magalhães,2020-04-18,0,0,0,0,0.0,0.0,,0.0
Couto Magalhães,2020-04-19,0,0,0,0,0.0,0.0,,0.0
Couto Magalhães,2020-04-20,0,0,0,0,0.0,0.0,,0.0
Couto Magalhães,2020-04-21,0,0,0,0,0.0,0.0,,0.0
Couto Magalhães,2020-04-22,0,0,0,0,0.0,0.0,,0.0
Couto Magalhães,2020-04-23,0,0,0,0,0.0,0.0,,0.0
Couto Magalhães,2020-04-24,0,0,0,0,0.0,0.0,,0.0
Couto Magalhães,2020-04-25,0,0,0,0,0.0,0.0,,0.0
Couto Magalhães,2020-04-26,1,1,0,0,0.07142857142857142,0.0,,0.0
Couto Magalhães,2020-04-27,1,0,0,0,0.07142857142857142,0.0,,0.0
Couto Magalhães,2020-04-28,1,0,0,0,0.07142857142857142,0.0,,0.0
Couto Magalhães,2020-04-29,3,2,0,0,0.21428571428571427,0.0,,0.47712125471966244
Couto Magalhães,2020-04-30,3,0,0,0,0.21428571428571427,0.0,,0.47712125471966244
Couto Magalhães,2020-05-01,3,0,0,0,0.21428571428571427,0.0,,0.47712125471966244
Couto Magalhães,2020-05-02,4,1,0,0,0.2857142857142857,0.0,,0.6020599913279624
Couto Magalhães,2020-05-03,5,1,0,0,0.35714285714285715,0.0,,0.6989700043360189
Couto Magalhães,2020-05-04,5,0,0,0,0.35714285714285715,0.0,,0.6989700043360189
Couto Magalhães,2020-05-05,6,1,0,0,0.42857142857142855,0.0,,0.7781512503836436
Couto Magalhães,2020-05-06,6,0,0,0,0.42857142857142855,0.0,,0.7781512503836436
Couto Magalhães,2020-05-07,7,1,0,0,0.5,0.0,,0.8450980400142568
Couto Magalhães,2020-05-08,7,0,0,0,0.5,0.0,,0.8450980400142568
Couto Magalhães,2020-05-09,8,1,0,0,0.5714285714285714,0.0,,0.9030899869919435
Couto Magalhães,2020-05-10,8,0,0,0,0.5,0.0,,0.9030899869919435
Couto Magalhães,2020-05-11,8,0,0,0,0.5,0.0,,0.9030899869919435
Couto Magalhães,2020-05-12,8,0,0,0,0.5,0.0,,0.9030899869919435
Couto Magalhães,2020-05-13,8,0,0,0,0.35714285714285715,0.0,,0.9030899869919435
Couto Magalhães,2020-05-14,8,0,0,0,0.35714285714285715,0.0,,0.9030899869919435
Couto Magalhães,2020-05-15,8,0,0,0,0.35714285714285715,0.0,,0.9030899869919435
Couto Magalhães,2020-05-16,8,0,0,0,0.2857142857142857,0.0,,0.9030899869919435
Couto Magalhães,2020-05-17,8,0,0,0,0.21428571428571427,0.0,,0.9030899869919435
Couto Magalhães,2020-05-18,8,0,0,0,0.21428571428571427,0.0,,0.9030899869919435
Couto Magalhães,2020-05-19,8,0,0,0,0.14285714285714285,0.0,,0.9030899869919435
Couto Magalhães,2020-05-20,8,0,0,0,0.14285714285714285,0.0,,0.9030899869919435
Couto Magalhães,2020-05-21,12,4,0,0,0.35714285714285715,0.0,,1.0791812460476249
Couto Magalhães,2020-05-22,12,0,0,0,0.35714285714285715,0.0,,1.0791812460476249
Couto Magalhães,2020-05-23,12,0,0,0,0.2857142857142857,0.0,,1.0791812460476249
Couto Magalhães,2020-05-24,12,0,0,0,0.2857142857142857,0.0,,1.0791812460476249
Couto Magalhães,2020-05-25,12,0,0,0,0.2857142857142857,0.0,,1.0791812460476249
Couto Magalhães,2020-05-26,12,0,0,0,0.2857142857142857,0.0,,1.0791812460476249
Couto Magalhães,2020-05-27,13,1,0,0,0.35714285714285715,0.0,,1.1139433523068367
Couto Magalhães,2020-05-28,13,0,0,0,0.35714285714285715,0.0,,1.1139433523068367
Couto Magalhães,2020-05-29,13,0,0,0,0.35714285714285715,0.0,,1.1139433523068367
Couto Magalhães,2020-05-30,15,2,0,0,0.5,0.0,,1.1760912590556813
Couto Magalhães,2020-05-31,15,0,0,0,0.5,0.0,,1.1760912590556813
Couto Magalhães,2020-06-01,15,0,0,0,0.5,0.0,,1.1760912590556813
Couto Magalhães,2020-06-02,15,0,0,0,0.5,0.0,,1.1760912590556813
Couto Magalhães,2020-06-03,16,1,0,0,0.5714285714285714,0.0,,1.2041199826559248
Couto Magalhães,2020-06-04,18,2,0,0,0.42857142857142855,0.0,,1.255272505103306
Couto Magalhães,2020-06-05,18,0,0,0,0.42857142857142855,0.0,,1.255272505103306
Couto Magalhães,2020-06-06,18,0,0,0,0.42857142857142855,0.0,,1.255272505103306
Couto Magalhães,2020-06-07,18,0,0,0,0.42857142857142855,0.0,,1.255272505103306
Couto Magalhães,2020-06-08,18,0,0,0,0.42857142857142855,0.0,,1.255272505103306
Couto Magalhães,2020-06-09,18,0,0,0,0.42857142857142855,0.0,,1.255272505103306
Couto Magalhães,2020-06-10,18,0,0,0,0.35714285714285715,0.0,,1.255272505103306
Couto Magalhães,2020-06-11,20,2,0,0,0.5,0.0,,1.3010299956639813
Couto Magalhães,2020-06-12,21,1,0,0,0.5714285714285714,0.0,,1.3222192947339193
Couto Magalhães,2020-06-13,21,0,0,0,0.42857142857142855,0.0,,1.3222192947339193
Couto Magalhães,2020-06-14,21,0,0,0,0.42857142857142855,0.0,,1.3222192947339193
Couto Magalhães,2020-06-15,21,0,0,0,0.42857142857142855,0.0,,1.3222192947339193
Couto Magalhães,2020-06-16,21,0,0,0,0.42857142857142855,0.0,,1.3222192947339193
Couto Magalhães,2020-06-17,21,0,0,0,0.35714285714285715,0.0,,1.3222192947339193
Couto Magalhães,2020-06-18,21,0,0,0,0.21428571428571427,0.0,,1.3222192947339193
Couto Magalhães,2020-06-19,21,0,0,0,0.21428571428571427,0.0,,1.3222192947339193
Couto Magalhães,2020-06-20,22,1,0,0,0.2857142857142857,0.0,,1.3424226808222062
Couto Magalhães,2020-06-21,22,0,0,0,0.2857142857142857,0.0,,1.3424226808222062
Couto Magalhães,2020-06-22,22,0,0,0,0.2857142857142857,0.0,,1.3424226808222062
Couto Magalhães,2020-06-23,25,3,0,0,0.5,0.0,,1.3979400086720377
Couto Magalhães,2020-06-24,29,4,1,1,0.7857142857142857,0.07142857142857142,inf,1.462397997898956
Couto Magalhães,2020-06-25,31,2,1,0,0.7857142857142857,0.07142857142857142,inf,1.4913616938342726
Couto Magalhães,2020-06-26,31,0,1,0,0.7142857142857143,0.07142857142857142,inf,1.4913616938342726
Couto Magalhães,2020-06-27,32,1,1,0,0.7857142857142857,0.07142857142857142,inf,1.505149978319906
Couto Magalhães,2020-06-28,32,0,1,0,0.7857142857142857,0.07142857142857142,inf,1.505149978319906
Couto Magalhães,2020-06-29,32,0,1,0,0.7857142857142857,0.07142857142857142,inf,1.505149978319906
Couto Magalhães,2020-06-30,33,1,1,0,0.8571428571428571,0.07142857142857142,inf,1.5185139398778875
Couto Magalhães,2020-07-01,34,1,1,0,0.9285714285714286,0.07142857142857142,inf,1.5314789170422551
Couto Magalhães,2020-07-02,35,1,1,0,1.0,0.07142857142857142,inf,1.5440680443502757
Couto Magalhães,2020-07-03,35,0,1,0,1.0,0.07142857142857142,inf,1.5440680443502757
Couto Magalhães,2020-07-04,35,0,1,0,0.9285714285714286,0.07142857142857142,inf,1.5440680443502757
Couto Magalhães,2020-07-05,35,0,1,0,0.9285714285714286,0.07142857142857142,inf,1.5440680443502757
Couto Magalhães,2020-07-06,35,0,1,0,0.9285714285714286,0.07142857142857142,inf,1.5440680443502757
Couto Magalhães,2020-07-07,36,1,1,0,0.7857142857142857,0.07142857142857142,inf,1.5563025007672873
Couto Magalhães,2020-07-08,39,3,1,0,0.7142857142857143,0.0,-1.0,1.591064607026499
Couto Magalhães,2020-07-09,42,3,1,0,0.7857142857142857,0.0,-1.0,1.6232492903979006
Couto Magalhães,2020-07-10,42,0,1,0,0.7857142857142857,0.0,-1.0,1.6232492903979006
Couto Magalhães,2020-07-11,45,3,1,0,0.9285714285714286,0.0,-1.0,1.6532125137753437
Couto Magalhães,2020-07-12,45,0,1,0,0.9285714285714286,0.0,-1.0,1.6532125137753437
Couto Magalhães,2020-07-13,45,0,1,0,0.9285714285714286,0.0,-1.0,1.6532125137753437
Couto Magalhães,2020-07-14,47,2,1,0,1.0,0.0,-1.0,1.6720978579357175
Couto Magalhães,2020-07-15,47,0,1,0,0.9285714285714286,0.0,-1.0,1.6720978579357175
Couto Magalhães,2020-07-16,49,2,1,0,1.0,0.0,-1.0,1.6901960800285136
Couto Magalhães,2020-07-17,49,0,1,0,1.0,0.0,-1.0,1.6901960800285136
Couto Magalhães,2020-07-18,49,0,1,0,1.0,0.0,-1.0,1.6901960800285136
Couto Magalhães,2020-07-19,49,0,1,0,1.0,0.0,-1.0,1.6901960800285136
Couto Magalhães,2020-07-20,49,0,1,0,1.0,0.0,-1.0,1.6901960800285136
Couto Magalhães,2020-07-21,53,4,1,0,1.2142857142857142,0.0,-1.0,1.7242758696007892
Couto Magalhães,2020-07-22,53,0,1,0,1.0,0.0,,1.7242758696007892
Couto Magalhães,2020-07-23,53,0,2,1,0.7857142857142857,0.07142857142857142,inf,1.7242758696007892
Couto Magalhães,2020-07-24,54,1,2,0,0.8571428571428571,0.07142857142857142,inf,1.7323937598229686
Couto Magalhães,2020-07-25,54,0,2,0,0.6428571428571429,0.07142857142857142,inf,1.7323937598229686
Couto Magalhães,2020-07-26,54,0,2,0,0.6428571428571429,0.07142857142857142,inf,1.7323937598229686
Couto Magalhães,2020-07-27,55,1,2,0,0.7142857142857143,0.07142857142857142,inf,1.7403626894942439
Couto Magalhães,2020-07-28,60,5,2,0,0.9285714285714286,0.07142857142857142,inf,1.7781512503836436
Couto Magalhães,2020-07-29,60,0,2,0,0.9285714285714286,0.07142857142857142,inf,1.7781512503836436
Couto Magalhães,2020-07-30,62,2,2,0,0.9285714285714286,0.07142857142857142,inf,1.792391689498254
Couto Magalhães,2020-07-31,62,0,2,0,0.9285714285714286,0.07142857142857142,inf,1.792391689498254
Couto Magalhães,2020-08-01,62,0,2,0,0.9285714285714286,0.07142857142857142,inf,1.792391689498254
Couto Magalhães,2020-08-02,62,0,2,0,0.9285714285714286,0.07142857142857142,inf,1.792391689498254
Couto Magalhães,2020-08-03,62,0,2,0,0.9285714285714286,0.07142857142857142,inf,1.792391689498254
Couto Magalhães,2020-08-04,62,0,2,0,0.6428571428571429,0.07142857142857142,inf,1.792391689498254
Couto Magalhães,2020-08-05,63,1,2,0,0.7142857142857143,0.07142857142857142,inf,1.7993405494535817
Couto Magalhães,2020-08-06,63,0,2,0,0.7142857142857143,0.0,-1.0,1.7993405494535817
Couto Magalhães,2020-08-07,63,0,2,0,0.6428571428571429,0.0,-1.0,1.7993405494535817
Couto Magalhães,2020-08-08,64,1,2,0,0.7142857142857143,0.0,-1.0,1.806179973983887
Couto Magalhães,2020-08-09,64,0,2,0,0.7142857142857143,0.0,-1.0,1.806179973983887
Couto Magalhães,2020-08-10,65,1,2,0,0.7142857142857143,0.0,-1.0,1.8129133566428555
Couto Magalhães,2020-08-11,65,0,2,0,0.35714285714285715,0.0,-1.0,1.8129133566428555
Couto Magalhães,2020-08-12,66,1,2,0,0.42857142857142855,0.0,-1.0,1.8195439355418688
Couto Magalhães,2020-08-13,67,1,2,0,0.35714285714285715,0.0,-1.0,1.8260748027008264
Couto Magalhães,2020-08-14,67,0,2,0,0.35714285714285715,0.0,-1.0,1.8260748027008264
Couto Magalhães,2020-08-15,70,3,2,0,0.5714285714285714,0.0,-1.0,1.845098040014257
Couto Magalhães,2020-08-16,70,0,2,0,0.5714285714285714,0.0,-1.0,1.845098040014257
Couto Magalhães,2020-08-17,70,0,2,0,0.5714285714285714,0.0,-1.0,1.845098040014257
Couto Magalhães,2020-08-18,74,4,2,0,0.8571428571428571,0.0,-1.0,1.8692317197309762
Couto Magalhães,2020-08-19,74,0,2,0,0.7857142857142857,0.0,-1.0,1.8692317197309762
Couto Magalhães,2020-08-20,74,0,2,0,0.7857142857142857,0.0,,1.8692317197309762
Couto Magalhães,2020-08-21,74,0,2,0,0.7857142857142857,0.0,,1.8692317197309762
Couto Magalhães,2020-08-22,78,4,2,0,1.0,0.0,,1.8920946026904804
Couto Magalhães,2020-08-23,78,0,2,0,1.0,0.0,,1.8920946026904804
Couto Magalhães,2020-08-24,78,0,2,0,0.9285714285714286,0.0,,1.8920946026904804
Couto Magalhães,2020-08-25,78,0,3,1,0.9285714285714286,0.07142857142857142,inf,1.8920946026904804
Couto Magalhães,2020-08-26,79,1,3,0,0.9285714285714286,0.07142857142857142,inf,1.8976270912904414
Couto Magalhães,2020-08-27,80,1,3,0,0.9285714285714286,0.07142857142857142,inf,1.9030899869919435
Couto Magalhães,2020-08-28,81,1,3,0,1.0,0.07142857142857142,inf,1.9084850188786497
Couto Magalhães,2020-08-29,84,3,3,0,1.0,0.07142857142857142,inf,1.9242792860618816
Couto Magalhães,2020-08-30,84,0,3,0,1.0,0.07142857142857142,inf,1.9242792860618816
Couto Magalhães,2020-08-31,84,0,3,0,1.0,0.07142857142857142,inf,1.9242792860618816
Couto Magalhães,2020-09-01,84,0,3,0,0.7142857142857143,0.07142857142857142,inf,1.9242792860618816
Couto Magalhães,2020-09-02,84,0,3,0,0.7142857142857143,0.07142857142857142,inf,1.9242792860618816
Couto Magalhães,2020-09-03,84,0,3,0,0.7142857142857143,0.07142857142857142,inf,1.9242792860618816
Couto Magalhães,2020-09-04,86,2,3,0,0.8571428571428571,0.07142857142857142,inf,1.9344984512435677
Couto Magalhães,2020-09-05,88,2,3,0,0.7142857142857143,0.07142857142857142,inf,1.9444826721501687
Couto Magalhães,2020-09-06,88,0,3,0,0.7142857142857143,0.07142857142857142,inf,1.9444826721501687
Couto Magalhães,2020-09-07,88,0,3,0,0.7142857142857143,0.07142857142857142,inf,1.9444826721501687
Couto Magalhães,2020-09-08,88,0,3,0,0.7142857142857143,0.0,-1.0,1.9444826721501687
Couto Magalhães,2020-09-09,88,0,3,0,0.6428571428571429,0.0,-1.0,1.9444826721501687
Couto Magalhães,2020-09-10,90,2,3,0,0.7142857142857143,0.0,-1.0,1.9542425094393248
Couto Magalhães,2020-09-11,90,0,3,0,0.6428571428571429,0.0,-1.0,1.9542425094393248
Couto Magalhães,2020-09-12,90,0,3,0,0.42857142857142855,0.0,-1.0,1.9542425094393248
Couto Magalhães,2020-09-13,90,0,3,0,0.42857142857142855,0.0,-1.0,1.9542425094393248
Couto Magalhães,2020-09-14,90,0,3,0,0.42857142857142855,0.0,-1.0,1.9542425094393248
Couto Magalhães,2020-09-15,91,1,3,0,0.5,0.0,-1.0,1.9590413923210936
Couto Magalhães,2020-09-16,91,0,3,0,0.5,0.0,-1.0,1.9590413923210936
Couto Magalhães,2020-09-17,92,1,3,0,0.5714285714285714,0.0,-1.0,1.9637878273455553
Couto Magalhães,2020-09-18,92,0,3,0,0.42857142857142855,0.0,-1.0,1.9637878273455553
Couto Magalhães,2020-09-19,93,1,3,0,0.35714285714285715,0.0,-1.0,1.968482948553935
Couto Magalhães,2020-09-20,93,0,3,0,0.35714285714285715,0.0,-1.0,1.968482948553935
Couto Magalhães,2020-09-21,92,-1,3,0,0.2857142857142857,0.0,-1.0,1.9637878273455553
Couto Magalhães,2020-09-22,92,0,3,0,0.2857142857142857,0.0,,1.9637878273455553
Couto Magalhães,2020-09-23,93,1,4,1,0.35714285714285715,0.07142857142857142,inf,1.968482948553935
Couto Magalhães,2020-09-24,93,0,4,0,0.21428571428571427,0.07142857142857142,inf,1.968482948553935
Couto Magalhães,2020-09-25,93,0,4,0,0.21428571428571427,0.07142857142857142,inf,1.968482948553935
Couto Magalhães,2020-09-26,95,2,4,0,0.35714285714285715,0.07142857142857142,inf,1.9777236052888478
Couto Magalhães,2020-09-27,95,0,4,0,0.35714285714285715,0.07142857142857142,inf,1.9777236052888478
Couto Magalhães,2020-09-28,95,0,4,0,0.35714285714285715,0.07142857142857142,inf,1.9777236052888478
Couto Magalhães,2020-09-29,95,0,4,0,0.2857142857142857,0.07142857142857142,inf,1.9777236052888478
Couto Magalhães,2020-09-30,95,0,4,0,0.2857142857142857,0.07142857142857142,inf,1.9777236052888478
Couto Magalhães,2020-10-01,97,2,4,0,0.35714285714285715,0.07142857142857142,inf,1.9867717342662448
Couto Magalhães,2020-10-02,98,1,4,0,0.42857142857142855,0.07142857142857142,inf,1.9912260756924949
Couto Magalhães,2020-10-03,98,0,4,0,0.35714285714285715,0.07142857142857142,inf,1.9912260756924949
Couto Magalhães,2020-10-04,98,0,4,0,0.35714285714285715,0.07142857142857142,inf,1.9912260756924949
Couto Magalhães,2020-10-05,98,0,4,0,0.42857142857142855,0.07142857142857142,inf,1.9912260756924949
Couto Magalhães,2020-10-06,98,0,4,0,0.42857142857142855,0.07142857142857142,inf,1.9912260756924949
Couto Magalhães,2020-10-07,98,0,4,0,0.35714285714285715,0.0,-1.0,1.9912260756924949
Couto Magalhães,2020-10-08,105,7,4,0,0.8571428571428571,0.0,-1.0,2.0211892990699383
Couto Magalhães,2020-10-09,108,3,5,1,1.0714285714285714,0.07142857142857142,0.0,2.03342375548695
Couto Magalhães,2020-10-10,109,1,5,0,1.0,0.07142857142857142,0.0,2.037426497940624
Couto Magalhães,2020-10-11,109,0,5,0,1.0,0.07142857142857142,0.0,2.037426497940624
Couto Magalhães,2020-10-12,109,0,5,0,1.0,0.07142857142857142,0.0,2.037426497940624
Couto Magalhães,2020-10-13,109,0,5,0,1.0,0.07142857142857142,0.0,2.037426497940624
Couto Magalhães,2020-10-14,109,0,5,0,1.0,0.07142857142857142,0.0,2.037426497940624
Couto Magalhães,2020-10-15,109,0,5,0,0.8571428571428571,0.07142857142857142,0.0,2.037426497940624
Couto Magalhães,2020-10-16,110,1,5,0,0.8571428571428571,0.07142857142857142,0.0,2.041392685158225
Couto Magalhães,2020-10-17,110,0,5,0,0.8571428571428571,0.07142857142857142,0.0,2.041392685158225
Couto Magalhães,2020-10-18,110,0,5,0,0.8571428571428571,0.07142857142857142,0.0,2.041392685158225
Couto Magalhães,2020-10-19,110,0,5,0,0.8571428571428571,0.07142857142857142,0.0,2.041392685158225
Couto Magalhães,2020-10-20,111,1,5,0,0.9285714285714286,0.07142857142857142,0.0,2.0453229787866576
Couto Magalhães,2020-10-21,111,0,5,0,0.9285714285714286,0.07142857142857142,inf,2.0453229787866576
Couto Magalhães,2020-10-22,112,1,5,0,0.5,0.07142857142857142,inf,2.0492180226701815
Couto Magalhães,2020-10-23,113,1,5,0,0.35714285714285715,0.0,-1.0,2.05307844348342
Couto Magalhães,2020-10-24,113,0,5,0,0.2857142857142857,0.0,-1.0,2.05307844348342
Couto Magalhães,2020-10-25,113,0,5,0,0.2857142857142857,0.0,-1.0,2.05307844348342
Couto Magalhães,2020-10-26,113,0,5,0,0.2857142857142857,0.0,-1.0,2.05307844348342
Couto Magalhães,2020-10-27,114,1,5,0,0.35714285714285715,0.0,-1.0,2.0569048513364727
Couto Magalhães,2020-10-28,114,0,5,0,0.35714285714285715,0.0,-1.0,2.0569048513364727
Couto Magalhães,2020-10-29,114,0,5,0,0.35714285714285715,0.0,-1.0,2.0569048513364727
Couto Magalhães,2020-10-30,114,0,5,0,0.2857142857142857,0.0,-1.0,2.0569048513364727
Couto Magalhães,2020-10-31,115,1,5,0,0.35714285714285715,0.0,-1.0,2.060697840353612
Couto Magalhães,2020-11-01,115,0,5,0,0.35714285714285715,0.0,-1.0,2.060697840353612
Couto Magalhães,2020-11-02,115,0,5,0,0.35714285714285715,0.0,-1.0,2.060697840353612
Couto Magalhães,2020-11-03,115,0,5,0,0.2857142857142857,0.0,-1.0,2.060697840353612
Couto Magalhães,2020-11-04,115,0,5,0,0.2857142857142857,0.0,-1.0,2.060697840353612
Couto Magalhães,2020-11-05,115,0,5,0,0.21428571428571427,0.0,-1.0,2.060697840353612
Couto Magalhães,2020-11-06,115,0,5,0,0.14285714285714285,0.0,,2.060697840353612
Couto Magalhães,2020-11-07,115,0,5,0,0.14285714285714285,0.0,,2.060697840353612
Couto Magalhães,2020-11-08,115,0,5,0,0.14285714285714285,0.0,,2.060697840353612
Couto Magalhães,2020-11-09,115,0,5,0,0.14285714285714285,0.0,,2.060697840353612
Couto Magalhães,2020-11-10,115,0,5,0,0.07142857142857142,0.0,,2.060697840353612
Couto Magalhães,2020-11-11,115,0,5,0,0.07142857142857142,0.0,,2.060697840353612
Couto Magalhães,2020-11-12,115,0,5,0,0.07142857142857142,0.0,,2.060697840353612
Couto Magalhães,2020-11-13,115,0,5,0,0.07142857142857142,0.0,,2.060697840353612
Couto Magalhães,2020-11-14,116,1,5,0,0.07142857142857142,0.0,,2.0644579892269186
Couto Magalhães,2020-11-15,116,0,5,0,0.07142857142857142,0.0,,2.0644579892269186
Couto Magalhães,2020-11-16,116,0,5,0,0.07142857142857142,0.0,,2.0644579892269186
Couto Magalhães,2020-11-17,116,0,5,0,0.07142857142857142,0.0,,2.0644579892269186
Couto Magalhães,2020-11-18,116,0,5,0,0.07142857142857142,0.0,,2.0644579892269186
Couto Magalhães,2020-11-19,116,0,5,0,0.07142857142857142,0.0,,2.0644579892269186
Couto Magalhães,2020-11-20,116,0,5,0,0.07142857142857142,0.0,,2.0644579892269186
Couto Magalhães,2020-11-21,118,2,5,0,0.21428571428571427,0.0,,2.0718820073061255
Couto Magalhães,2020-11-22,118,0,5,0,0.21428571428571427,0.0,,2.0718820073061255
Couto Magalhães,2020-11-23,118,0,5,0,0.21428571428571427,0.0,,2.0718820073061255
Couto Magalhães,2020-11-24,119,1,5,0,0.2857142857142857,0.0,,2.075546961392531
Couto Magalhães,2020-11-25,120,1,5,0,0.35714285714285715,0.0,,2.0791812460476247
Couto Magalhães,2020-11-26,121,1,5,0,0.42857142857142855,0.0,,2.08278537031645
Couto Magalhães,2020-11-27,121,0,5,0,0.42857142857142855,0.0,,2.08278537031645
Couto Magalhães,2020-11-28,123,2,5,0,0.5,0.0,,2.089905111439398
Couto Magalhães,2020-11-29,123,0,5,0,0.5,0.0,,2.089905111439398
Couto Magalhães,2020-11-30,123,0,5,0,0.5,0.0,,2.089905111439398
Couto Magalhães,2020-12-01,123,0,5,0,0.5,0.0,,2.089905111439398
Couto Magalhães,2020-12-02,123,0,5,0,0.5,0.0,,2.089905111439398
Couto Magalhães,2020-12-03,123,0,5,0,0.5,0.0,,2.089905111439398
Couto Magalhães,2020-12-04,123,0,5,0,0.5,0.0,,2.089905111439398
Couto Magalhães,2020-12-05,125,2,5,0,0.5,0.0,,2.0969100130080562
Couto Magalhães,2020-12-06,125,0,5,0,0.5,0.0,,2.0969100130080562
Couto Magalhães,2020-12-07,125,0,5,0,0.5,0.0,,2.0969100130080562
Couto Magalhães,2020-12-08,125,0,5,0,0.42857142857142855,0.0,,2.0969100130080562
Couto Magalhães,2020-12-09,125,0,5,0,0.35714285714285715,0.0,,2.0969100130080562
Couto Magalhães,2020-12-10,126,1,5,0,0.35714285714285715,0.0,,2.100370545117563
Couto Magalhães,2020-12-11,126,0,5,0,0.35714285714285715,0.0,,2.100370545117563
Couto Magalhães,2020-12-12,127,1,5,0,0.2857142857142857,0.0,,2.103803720955957
Couto Magalhães,2020-12-13,127,0,5,0,0.2857142857142857,0.0,,2.103803720955957
Couto Magalhães,2020-12-14,127,0,5,0,0.2857142857142857,0.0,,2.103803720955957
Couto Magalhães,2020-12-15,128,1,5,0,0.35714285714285715,0.0,,2.1072099696478683
Couto Magalhães,2020-12-16,128,0,5,0,0.35714285714285715,0.0,,2.1072099696478683
Couto Magalhães,2020-12-17,132,4,5,0,0.6428571428571429,0.0,,2.12057393120585
Couto Magalhães,2020-12-18,132,0,5,0,0.6428571428571429,0.0,,2.12057393120585
Couto Magalhães,2020-12-19,132,0,5,0,0.5,0.0,,2.12057393120585
Couto Magalhães,2020-12-20,132,0,5,0,0.5,0.0,,2.12057393120585
Couto Magalhães,2020-12-21,132,0,5,0,0.5,0.0,,2.12057393120585
Couto Magalhães,2020-12-22,132,0,5,0,0.5,0.0,,2.12057393120585
Couto Magalhães,2020-12-23,134,2,5,0,0.6428571428571429,0.0,,2.1271047983648077
Couto Magalhães,2020-12-24,134,0,5,0,0.5714285714285714,0.0,,2.1271047983648077
Couto Magalhães,2020-12-25,134,0,5,0,0.5714285714285714,0.0,,2.1271047983648077
Couto Magalhães,2020-12-26,134,0,5,0,0.5,0.0,,2.1271047983648077
Couto Magalhães,2020-12-27,134,0,5,0,0.5,0.0,,2.1271047983648077
Couto Magalhães,2020-12-28,134,0,5,0,0.5,0.0,,2.1271047983648077
Couto Magalhães,2020-12-29,134,0,5,0,0.42857142857142855,0.0,,2.1271047983648077
Couto Magalhães,2020-12-30,134,0,5,0,0.42857142857142855,0.0,,2.1271047983648077
Couto Magalhães,2020-12-31,136,2,5,0,0.2857142857142857,0.0,,2.1335389083702174
Couto Magalhães,2021-01-01,136,0,5,0,0.2857142857142857,0.0,,2.1335389083702174
Couto Magalhães,2021-01-02,136,0,5,0,0.2857142857142857,0.0,,2.1335389083702174
Couto Magalhães,2021-01-03,136,0,5,0,0.2857142857142857,0.0,,2.1335389083702174
Couto Magalhães,2021-01-04,136,0,5,0,0.2857142857142857,0.0,,2.1335389083702174
Couto Magalhães,2021-01-05,137,1,5,0,0.35714285714285715,0.0,,2.1367205671564067
Couto Magalhães,2021-01-06,137,0,5,0,0.21428571428571427,0.0,,2.1367205671564067
Couto Magalhães,2021-01-07,137,0,5,0,0.21428571428571427,0.0,,2.1367205671564067
Couto Magalhães,2021-01-08,137,0,5,0,0.21428571428571427,0.0,,2.1367205671564067
Couto Magalhães,2021-01-09,137,0,5,0,0.21428571428571427,0.0,,2.1367205671564067
Couto Magalhães,2021-01-10,137,0,5,0,0.21428571428571427,0.0,,2.1367205671564067
Couto Magalhães,2021-01-11,137,0,5,0,0.21428571428571427,0.0,,2.1367205671564067
Couto Magalhães,2021-01-12,138,1,5,0,0.2857142857142857,0.0,,2.1398790864012365
Couto Magalhães,2021-01-13,138,0,5,0,0.2857142857142857,0.0,,2.1398790864012365
Couto Magalhães,2021-01-14,141,3,5,0,0.35714285714285715,0.0,,2.1492191126553797
Couto Magalhães,2021-01-15,141,0,5,0,0.35714285714285715,0.0,,2.1492191126553797
Couto Magalhães,2021-01-16,141,0,5,0,0.35714285714285715,0.0,,2.1492191126553797
Couto Magalhães,2021-01-17,141,0,5,0,0.35714285714285715,0.0,,2.1492191126553797
Couto Magalhães,2021-01-18,141,0,5,0,0.35714285714285715,0.0,,2.1492191126553797
Couto Magalhães,2021-01-19,148,7,5,0,0.7857142857142857,0.0,,2.1702617153949575
Couto Magalhães,2021-01-20,148,0,5,0,0.7857142857142857,0.0,,2.1702617153949575
Cristalândia,2020-03-27,0,0,0,0,,,,0.0
Cristalândia,2020-03-28,0,0,0,0,,,,0.0
Cristalândia,2020-03-29,0,0,0,0,,,,0.0
Cristalândia,2020-03-30,0,0,0,0,,,,0.0
Cristalândia,2020-03-31,0,0,0,0,,,,0.0
Cristalândia,2020-04-01,0,0,0,0,,,,0.0
Cristalândia,2020-04-02,0,0,0,0,,,,0.0
Cristalândia,2020-04-03,0,0,0,0,,,,0.0
Cristalândia,2020-04-04,0,0,0,0,,,,0.0
Cristalândia,2020-04-05,0,0,0,0,,,,0.0
Cristalândia,2020-04-06,0,0,0,0,,,,0.0
Cristalândia,2020-04-07,0,0,0,0,,,,0.0
Cristalândia,2020-04-08,0,0,0,0,,,,0.0
Cristalândia,2020-04-09,0,0,0,0,0.0,0.0,,0.0
Cristalândia,2020-04-10,0,0,0,0,0.0,0.0,,0.0
Cristalândia,2020-04-11,0,0,0,0,0.0,0.0,,0.0
Cristalândia,2020-04-12,0,0,0,0,0.0,0.0,,0.0
Cristalândia,2020-04-13,0,0,0,0,0.0,0.0,,0.0
Cristalândia,2020-04-14,0,0,0,0,0.0,0.0,,0.0
Cristalândia,2020-04-15,0,0,0,0,0.0,0.0,,0.0
Cristalândia,2020-04-16,0,0,0,0,0.0,0.0,,0.0
Cristalândia,2020-04-17,0,0,0,0,0.0,0.0,,0.0
Cristalândia,2020-04-18,0,0,0,0,0.0,0.0,,0.0
Cristalândia,2020-04-19,0,0,0,0,0.0,0.0,,0.0
Cristalândia,2020-04-20,0,0,0,0,0.0,0.0,,0.0
Cristalândia,2020-04-21,0,0,0,0,0.0,0.0,,0.0
Cristalândia,2020-04-22,0,0,0,0,0.0,0.0,,0.0
Cristalândia,2020-04-23,0,0,0,0,0.0,0.0,,0.0
Cristalândia,2020-04-24,0,0,0,0,0.0,0.0,,0.0
Cristalândia,2020-04-25,0,0,0,0,0.0,0.0,,0.0
Cristalândia,2020-04-26,0,0,0,0,0.0,0.0,,0.0
Cristalândia,2020-04-27,0,0,0,0,0.0,0.0,,0.0
Cristalândia,2020-04-28,0,0,0,0,0.0,0.0,,0.0
Cristalândia,2020-04-29,0,0,0,0,0.0,0.0,,0.0
Cristalândia,2020-04-30,0,0,0,0,0.0,0.0,,0.0
Cristalândia,2020-05-01,0,0,0,0,0.0,0.0,,0.0
Cristalândia,2020-05-02,0,0,0,0,0.0,0.0,,0.0
Cristalândia,2020-05-03,0,0,0,0,0.0,0.0,,0.0
Cristalândia,2020-05-04,0,0,0,0,0.0,0.0,,0.0
Cristalândia,2020-05-05,0,0,0,0,0.0,0.0,,0.0
Cristalândia,2020-05-06,0,0,0,0,0.0,0.0,,0.0
Cristalândia,2020-05-07,0,0,0,0,0.0,0.0,,0.0
Cristalândia,2020-05-08,1,1,0,0,0.07142857142857142,0.0,,0.0
Cristalândia,2020-05-09,0,-1,0,0,0.0,0.0,,0.0
Cristalândia,2020-05-10,0,0,0,0,0.0,0.0,,0.0
Cristalândia,2020-05-11,1,1,0,0,0.07142857142857142,0.0,,0.0
Cristalândia,2020-05-12,0,-1,0,0,0.0,0.0,,0.0
Cristalândia,2020-05-13,0,0,0,0,0.0,0.0,,0.0
Cristalândia,2020-05-14,0,0,0,0,0.0,0.0,,0.0
Cristalândia,2020-05-15,0,0,0,0,0.0,0.0,,0.0
Cristalândia,2020-05-16,0,0,0,0,0.0,0.0,,0.0
Cristalândia,2020-05-17,0,0,0,0,0.0,0.0,,0.0
Cristalândia,2020-05-18,0,0,0,0,0.0,0.0,,0.0
Cristalândia,2020-05-19,0,0,0,0,0.0,0.0,,0.0
Cristalândia,2020-05-20,0,0,0,0,0.0,0.0,,0.0
Cristalândia,2020-05-21,0,0,0,0,0.0,0.0,,0.0
Cristalândia,2020-05-22,0,0,0,0,-0.07142857142857142,0.0,,0.0
Cristalândia,2020-05-23,0,0,0,0,0.0,0.0,,0.0
Cristalândia,2020-05-24,0,0,0,0,0.0,0.0,,0.0
Cristalândia,2020-05-25,0,0,0,0,-0.07142857142857142,0.0,,0.0
Cristalândia,2020-05-26,0,0,0,0,0.0,0.0,,0.0
Cristalândia,2020-05-27,0,0,0,0,0.0,0.0,,0.0
Cristalândia,2020-05-28,0,0,0,0,0.0,0.0,,0.0
Cristalândia,2020-05-29,0,0,0,0,0.0,0.0,,0.0
Cristalândia,2020-05-30,0,0,0,0,0.0,0.0,,0.0
Cristalândia,2020-05-31,0,0,0,0,0.0,0.0,,0.0
Cristalândia,2020-06-01,0,0,0,0,0.0,0.0,,0.0
Cristalândia,2020-06-02,0,0,0,0,0.0,0.0,,0.0
Cristalândia,2020-06-03,0,0,0,0,0.0,0.0,,0.0
Cristalândia,2020-06-04,0,0,0,0,0.0,0.0,,0.0
Cristalândia,2020-06-05,0,0,0,0,0.0,0.0,,0.0
Cristalândia,2020-06-06,0,0,0,0,0.0,0.0,,0.0
Cristalândia,2020-06-07,0,0,0,0,0.0,0.0,,0.0
Cristalândia,2020-06-08,0,0,0,0,0.0,0.0,,0.0
Cristalândia,2020-06-09,0,0,0,0,0.0,0.0,,0.0
Cristalândia,2020-06-10,0,0,0,0,0.0,0.0,,0.0
Cristalândia,2020-06-11,0,0,0,0,0.0,0.0,,0.0
Cristalândia,2020-06-12,0,0,0,0,0.0,0.0,,0.0
Cristalândia,2020-06-13,0,0,0,0,0.0,0.0,,0.0
Cristalândia,2020-06-14,0,0,0,0,0.0,0.0,,0.0
Cristalândia,2020-06-15,0,0,0,0,0.0,0.0,,0.0
Cristalândia,2020-06-16,0,0,0,0,0.0,0.0,,0.0
Cristalândia,2020-06-17,0,0,0,0,0.0,0.0,,0.0
Cristalândia,2020-06-18,0,0,0,0,0.0,0.0,,0.0
Cristalândia,2020-06-19,0,0,0,0,0.0,0.0,,0.0
Cristalândia,2020-06-20,0,0,0,0,0.0,0.0,,0.0
Cristalândia,2020-06-21,0,0,0,0,0.0,0.0,,0.0
Cristalândia,2020-06-22,0,0,0,0,0.0,0.0,,0.0
Cristalândia,2020-06-23,0,0,0,0,0.0,0.0,,0.0
Cristalândia,2020-06-24,1,1,0,0,0.07142857142857142,0.0,,0.0
Cristalândia,2020-06-25,0,-1,0,0,0.0,0.0,,0.0
Cristalândia,2020-06-26,0,0,0,0,0.0,0.0,,0.0
Cristalândia,2020-06-27,0,0,0,0,0.0,0.0,,0.0
Cristalândia,2020-06-28,0,0,0,0,0.0,0.0,,0.0
Cristalândia,2020-06-29,0,0,0,0,0.0,0.0,,0.0
Cristalândia,2020-06-30,0,0,0,0,0.0,0.0,,0.0
Cristalândia,2020-07-01,0,0,0,0,0.0,0.0,,0.0
Cristalândia,2020-07-02,1,1,0,0,0.07142857142857142,0.0,,0.0
Cristalândia,2020-07-03,1,0,0,0,0.07142857142857142,0.0,,0.0
Cristalândia,2020-07-04,2,1,0,0,0.14285714285714285,0.0,,0.3010299956639812
Cristalândia,2020-07-05,2,0,0,0,0.14285714285714285,0.0,,0.3010299956639812
Cristalândia,2020-07-06,2,0,0,0,0.14285714285714285,0.0,,0.3010299956639812
Cristalândia,2020-07-07,2,0,0,0,0.14285714285714285,0.0,,0.3010299956639812
Cristalândia,2020-07-08,4,2,0,0,0.21428571428571427,0.0,,0.6020599913279624
Cristalândia,2020-07-09,5,1,0,0,0.35714285714285715,0.0,,0.6989700043360189
Cristalândia,2020-07-10,4,-1,0,0,0.2857142857142857,0.0,,0.6020599913279624
Cristalândia,2020-07-11,5,1,0,0,0.35714285714285715,0.0,,0.6989700043360189
Cristalândia,2020-07-12,5,0,0,0,0.35714285714285715,0.0,,0.6989700043360189
Cristalândia,2020-07-13,6,1,0,0,0.42857142857142855,0.0,,0.7781512503836436
Cristalândia,2020-07-14,6,0,0,0,0.42857142857142855,0.0,,0.7781512503836436
Cristalândia,2020-07-15,6,0,0,0,0.42857142857142855,0.0,,0.7781512503836436
Cristalândia,2020-07-16,6,0,0,0,0.35714285714285715,0.0,,0.7781512503836436
Cristalândia,2020-07-17,6,0,0,0,0.35714285714285715,0.0,,0.7781512503836436
Cristalândia,2020-07-18,6,0,0,0,0.2857142857142857,0.0,,0.7781512503836436
Cristalândia,2020-07-19,7,1,1,1,0.35714285714285715,0.07142857142857142,inf,0.8450980400142568
Cristalândia,2020-07-20,9,2,1,0,0.5,0.07142857142857142,inf,0.9542425094393249
Cristalândia,2020-07-21,9,0,1,0,0.5,0.07142857142857142,inf,0.9542425094393249
Cristalândia,2020-07-22,9,0,1,0,0.35714285714285715,0.07142857142857142,inf,0.9542425094393249
Cristalândia,2020-07-23,9,0,1,0,0.2857142857142857,0.07142857142857142,inf,0.9542425094393249
Cristalândia,2020-07-24,9,0,1,0,0.35714285714285715,0.07142857142857142,inf,0.9542425094393249
Cristalândia,2020-07-25,9,0,1,0,0.2857142857142857,0.07142857142857142,inf,0.9542425094393249
Cristalândia,2020-07-26,9,0,1,0,0.2857142857142857,0.07142857142857142,inf,0.9542425094393249
Cristalândia,2020-07-27,9,0,1,0,0.21428571428571427,0.07142857142857142,inf,0.9542425094393249
Cristalândia,2020-07-28,9,0,1,0,0.21428571428571427,0.07142857142857142,inf,0.9542425094393249
Cristalândia,2020-07-29,9,0,1,0,0.21428571428571427,0.07142857142857142,inf,0.9542425094393249
Cristalândia,2020-07-30,9,0,1,0,0.21428571428571427,0.07142857142857142,inf,0.9542425094393249
Cristalândia,2020-07-31,10,1,1,0,0.2857142857142857,0.07142857142857142,inf,1.0
Cristalândia,2020-08-01,10,0,1,0,0.2857142857142857,0.07142857142857142,inf,1.0
Cristalândia,2020-08-02,12,2,1,0,0.35714285714285715,0.0,-1.0,1.0791812460476249
Cristalândia,2020-08-03,12,0,1,0,0.21428571428571427,0.0,-1.0,1.0791812460476249
Cristalândia,2020-08-04,12,0,1,0,0.21428571428571427,0.0,-1.0,1.0791812460476249
Cristalândia,2020-08-05,12,0,1,0,0.21428571428571427,0.0,-1.0,1.0791812460476249
Cristalândia,2020-08-06,12,0,1,0,0.21428571428571427,0.0,-1.0,1.0791812460476249
Cristalândia,2020-08-07,13,1,1,0,0.2857142857142857,0.0,-1.0,1.1139433523068367
Cristalândia,2020-08-08,15,2,1,0,0.42857142857142855,0.0,-1.0,1.1760912590556813
Cristalândia,2020-08-09,15,0,1,0,0.42857142857142855,0.0,-1.0,1.1760912590556813
Cristalândia,2020-08-10,16,1,1,0,0.5,0.0,-1.0,1.2041199826559248
Cristalândia,2020-08-11,17,1,1,0,0.5714285714285714,0.0,-1.0,1.2304489213782739
Cristalândia,2020-08-12,18,1,2,1,0.6428571428571429,0.07142857142857142,0.0,1.255272505103306
Cristalândia,2020-08-13,19,1,2,0,0.7142857142857143,0.07142857142857142,0.0,1.2787536009528289
Cristalândia,2020-08-14,19,0,2,0,0.6428571428571429,0.07142857142857142,0.0,1.2787536009528289
Cristalândia,2020-08-15,22,3,2,0,0.8571428571428571,0.07142857142857142,0.0,1.3424226808222062
Cristalândia,2020-08-16,22,0,2,0,0.7142857142857143,0.07142857142857142,inf,1.3424226808222062
Cristalândia,2020-08-17,22,0,2,0,0.7142857142857143,0.07142857142857142,inf,1.3424226808222062
Cristalândia,2020-08-18,26,4,2,0,1.0,0.07142857142857142,inf,1.414973347970818
Cristalândia,2020-08-19,26,0,2,0,1.0,0.07142857142857142,inf,1.414973347970818
Cristalândia,2020-08-20,26,0,2,0,1.0,0.07142857142857142,inf,1.414973347970818
Cristalândia,2020-08-21,29,3,2,0,1.1428571428571428,0.07142857142857142,inf,1.462397997898956
Cristalândia,2020-08-22,29,0,2,0,1.0,0.07142857142857142,inf,1.462397997898956
Cristalândia,2020-08-23,29,0,2,0,1.0,0.07142857142857142,inf,1.462397997898956
Cristalândia,2020-08-24,29,0,2,0,0.9285714285714286,0.07142857142857142,inf,1.462397997898956
Cristalândia,2020-08-25,30,1,2,0,0.9285714285714286,0.07142857142857142,inf,1.4771212547196624
Cristalândia,2020-08-26,33,3,2,0,1.0714285714285714,0.0,-1.0,1.5185139398778875
Cristalândia,2020-08-27,34,1,2,0,1.0714285714285714,0.0,-1.0,1.5314789170422551
Cristalândia,2020-08-28,35,1,2,0,1.1428571428571428,0.0,-1.0,1.5440680443502757
Cristalândia,2020-08-29,35,0,2,0,0.9285714285714286,0.0,-1.0,1.5440680443502757
Cristalândia,2020-08-30,35,0,2,0,0.9285714285714286,0.0,-1.0,1.5440680443502757
Cristalândia,2020-08-31,35,0,2,0,0.9285714285714286,0.0,-1.0,1.5440680443502757
Cristalândia,2020-09-01,39,4,2,0,0.9285714285714286,0.0,-1.0,1.591064607026499
Cristalândia,2020-09-02,39,0,2,0,0.9285714285714286,0.0,-1.0,1.591064607026499
Cristalândia,2020-09-03,40,1,2,0,1.0,0.0,-1.0,1.6020599913279625
Cristalândia,2020-09-04,40,0,2,0,0.7857142857142857,0.0,-1.0,1.6020599913279625
Cristalândia,2020-09-05,40,0,2,0,0.7857142857142857,0.0,-1.0,1.6020599913279625
Cristalândia,2020-09-06,41,1,2,0,0.8571428571428571,0.0,-1.0,1.6127838567197355
Cristalândia,2020-09-07,41,0,2,0,0.8571428571428571,0.0,-1.0,1.6127838567197355
Cristalândia,2020-09-08,41,0,2,0,0.7857142857142857,0.0,-1.0,1.6127838567197355
Cristalândia,2020-09-09,45,4,2,0,0.8571428571428571,0.0,,1.6532125137753437
Cristalândia,2020-09-10,46,1,2,0,0.8571428571428571,0.0,,1.662757831681574
Cristalândia,2020-09-11,46,0,2,0,0.7857142857142857,0.0,,1.662757831681574
Cristalândia,2020-09-12,46,0,2,0,0.7857142857142857,0.0,,1.662757831681574
Cristalândia,2020-09-13,46,0,2,0,0.7857142857142857,0.0,,1.662757831681574
Cristalândia,2020-09-14,45,-1,2,0,0.7142857142857143,0.0,,1.6532125137753437
Cristalândia,2020-09-15,45,0,2,0,0.42857142857142855,0.0,,1.6532125137753437
Cristalândia,2020-09-16,46,1,2,0,0.5,0.0,,1.662757831681574
Cristalândia,2020-09-17,47,1,2,0,0.5,0.0,,1.6720978579357175
Cristalândia,2020-09-18,47,0,2,0,0.5,0.0,,1.6720978579357175
Cristalândia,2020-09-19,48,1,2,0,0.5714285714285714,0.0,,1.6812412373755872
Cristalândia,2020-09-20,48,0,2,0,0.5,0.0,,1.6812412373755872
Cristalândia,2020-09-21,48,0,2,0,0.5,0.0,,1.6812412373755872
Cristalândia,2020-09-22,50,2,2,0,0.6428571428571429,0.0,,1.6989700043360187
Cristalândia,2020-09-23,50,0,2,0,0.35714285714285715,0.0,,1.6989700043360187
Cristalândia,2020-09-24,50,0,2,0,0.2857142857142857,0.0,,1.6989700043360187
Cristalândia,2020-09-25,50,0,2,0,0.2857142857142857,0.0,,1.6989700043360187
Cristalândia,2020-09-26,50,0,2,0,0.2857142857142857,0.0,,1.6989700043360187
Cristalândia,2020-09-27,50,0,2,0,0.2857142857142857,0.0,,1.6989700043360187
Cristalândia,2020-09-28,50,0,2,0,0.35714285714285715,0.0,,1.6989700043360187
Cristalândia,2020-09-29,50,0,2,0,0.35714285714285715,0.0,,1.6989700043360187
Cristalândia,2020-09-30,54,4,2,0,0.5714285714285714,0.0,,1.7323937598229686
Cristalândia,2020-10-01,54,0,2,0,0.5,0.0,,1.7323937598229686
Cristalândia,2020-10-02,55,1,2,0,0.5714285714285714,0.0,,1.7403626894942439
Cristalândia,2020-10-03,55,0,2,0,0.5,0.0,,1.7403626894942439
Cristalândia,2020-10-04,55,0,2,0,0.5,0.0,,1.7403626894942439
Cristalândia,2020-10-05,55,0,2,0,0.5,0.0,,1.7403626894942439
Cristalândia,2020-10-06,55,0,2,0,0.35714285714285715,0.0,,1.7403626894942439
Cristalândia,2020-10-07,55,0,2,0,0.35714285714285715,0.0,,1.7403626894942439
Cristalândia,2020-10-08,57,2,2,0,0.5,0.0,,1.7558748556724915
Cristalândia,2020-10-09,60,3,2,0,0.7142857142857143,0.0,,1.7781512503836436
Cristalândia,2020-10-10,65,5,2,0,1.0714285714285714,0.0,,1.8129133566428555
Cristalândia,2020-10-11,65,0,2,0,1.0714285714285714,0.0,,1.8129133566428555
Cristalândia,2020-10-12,65,0,2,0,1.0714285714285714,0.0,,1.8129133566428555
Cristalândia,2020-10-13,65,0,2,0,1.0714285714285714,0.0,,1.8129133566428555
Cristalândia,2020-10-14,72,7,2,0,1.2857142857142858,0.0,,1.8573324964312685
Cristalândia,2020-10-15,72,0,2,0,1.2857142857142858,0.0,,1.8573324964312685
Cristalândia,2020-10-16,75,3,2,0,1.4285714285714286,0.0,,1.8750612633917
Cristalândia,2020-10-17,75,0,2,0,1.4285714285714286,0.0,,1.8750612633917
Cristalândia,2020-10-18,75,0,2,0,1.4285714285714286,0.0,,1.8750612633917
Cristalândia,2020-10-19,75,0,2,0,1.4285714285714286,0.0,,1.8750612633917
Cristalândia,2020-10-20,75,0,2,0,1.4285714285714286,0.0,,1.8750612633917
Cristalândia,2020-10-21,75,0,2,0,1.4285714285714286,0.0,,1.8750612633917
Cristalândia,2020-10-22,76,1,2,0,1.3571428571428572,0.0,,1.8808135922807914
Cristalândia,2020-10-23,76,0,2,0,1.1428571428571428,0.0,,1.8808135922807914
Cristalândia,2020-10-24,78,2,2,0,0.9285714285714286,0.0,,1.8920946026904804
Cristalândia,2020-10-25,78,0,2,0,0.9285714285714286,0.0,,1.8920946026904804
Cristalândia,2020-10-26,78,0,2,0,0.9285714285714286,0.0,,1.8920946026904804
Cristalândia,2020-10-27,79,1,2,0,1.0,0.0,,1.8976270912904414
Cristalândia,2020-10-28,81,2,2,0,0.6428571428571429,0.0,,1.9084850188786497
Cristalândia,2020-10-29,81,0,2,0,0.6428571428571429,0.0,,1.9084850188786497
Cristalândia,2020-10-30,81,0,2,0,0.42857142857142855,0.0,,1.9084850188786497
Cristalândia,2020-10-31,81,0,2,0,0.42857142857142855,0.0,,1.9084850188786497
Cristalândia,2020-11-01,81,0,2,0,0.42857142857142855,0.0,,1.9084850188786497
Cristalândia,2020-11-02,81,0,2,0,0.42857142857142855,0.0,,1.9084850188786497
Cristalândia,2020-11-03,81,0,2,0,0.42857142857142855,0.0,,1.9084850188786497
Cristalândia,2020-11-04,81,0,2,0,0.42857142857142855,0.0,,1.9084850188786497
Cristalândia,2020-11-05,81,0,2,0,0.35714285714285715,0.0,,1.9084850188786497
Cristalândia,2020-11-06,81,0,2,0,0.35714285714285715,0.0,,1.9084850188786497
Cristalândia,2020-11-07,81,0,2,0,0.21428571428571427,0.0,,1.9084850188786497
Cristalândia,2020-11-08,81,0,2,0,0.21428571428571427,0.0,,1.9084850188786497
Cristalândia,2020-11-09,81,0,2,0,0.21428571428571427,0.0,,1.9084850188786497
Cristalândia,2020-11-10,81,0,2,0,0.14285714285714285,0.0,,1.9084850188786497
Cristalândia,2020-11-11,81,0,2,0,0.0,0.0,,1.9084850188786497
Cristalândia,2020-11-12,81,0,2,0,0.0,0.0,,1.9084850188786497
Cristalândia,2020-11-13,81,0,2,0,0.0,0.0,,1.9084850188786497
Cristalândia,2020-11-14,81,0,2,0,0.0,0.0,,1.9084850188786497
Cristalândia,2020-11-15,81,0,2,0,0.0,0.0,,1.9084850188786497
Cristalândia,2020-11-16,81,0,2,0,0.0,0.0,,1.9084850188786497
Cristalândia,2020-11-17,81,0,2,0,0.0,0.0,,1.9084850188786497
Cristalândia,2020-11-18,81,0,2,0,0.0,0.0,,1.9084850188786497
Cristalândia,2020-11-19,82,1,2,0,0.07142857142857142,0.0,,1.9138138523837167
Cristalândia,2020-11-20,82,0,2,0,0.07142857142857142,0.0,,1.9138138523837167
Cristalândia,2020-11-21,82,0,2,0,0.07142857142857142,0.0,,1.9138138523837167
Cristalândia,2020-11-22,82,0,2,0,0.07142857142857142,0.0,,1.9138138523837167
Cristalândia,2020-11-23,82,0,2,0,0.07142857142857142,0.0,,1.9138138523837167
Cristalândia,2020-11-24,84,2,2,0,0.21428571428571427,0.0,,1.9242792860618816
Cristalândia,2020-11-25,84,0,2,0,0.21428571428571427,0.0,,1.9242792860618816
Cristalândia,2020-11-26,84,0,2,0,0.21428571428571427,0.0,,1.9242792860618816
Cristalândia,2020-11-27,88,4,2,0,0.5,0.0,,1.9444826721501687
Cristalândia,2020-11-28,89,1,2,0,0.5714285714285714,0.0,,1.9493900066449128
Cristalândia,2020-11-29,89,0,2,0,0.5714285714285714,0.0,,1.9493900066449128
Cristalândia,2020-11-30,93,4,2,0,0.8571428571428571,0.0,,1.968482948553935
Cristalândia,2020-12-01,100,7,2,0,1.3571428571428572,0.0,,2.0
Cristalândia,2020-12-02,102,2,2,0,1.5,0.0,,2.0086001717619175
Cristalândia,2020-12-03,104,2,2,0,1.5714285714285714,0.0,,2.0170333392987803
Cristalândia,2020-12-04,104,0,2,0,1.5714285714285714,0.0,,2.0170333392987803
Cristalândia,2020-12-05,116,12,2,0,2.4285714285714284,0.0,,2.0644579892269186
Cristalândia,2020-12-06,116,0,2,0,2.4285714285714284,0.0,,2.0644579892269186
Cristalândia,2020-12-07,116,0,2,0,2.4285714285714284,0.0,,2.0644579892269186
Cristalândia,2020-12-08,126,10,2,0,3.0,0.0,,2.100370545117563
Cristalândia,2020-12-09,133,7,2,0,3.5,0.0,,2.123851640967086
Cristalândia,2020-12-10,143,10,2,0,4.214285714285714,0.0,,2.155336037465062
Cristalândia,2020-12-11,147,4,2,0,4.214285714285714,0.0,,2.167317334748176
Cristalândia,2020-12-12,147,0,2,0,4.142857142857143,0.0,,2.167317334748176
Cristalândia,2020-12-13,147,0,2,0,4.142857142857143,0.0,,2.167317334748176
Cristalândia,2020-12-14,149,2,2,0,4.0,0.0,,2.173186268412274
Cristalândia,2020-12-15,151,2,2,0,3.642857142857143,0.0,,2.1789769472931693
Cristalândia,2020-12-16,155,4,2,0,3.7857142857142856,0.0,,2.1903316981702914
Cristalândia,2020-12-17,157,2,2,0,3.7857142857142856,0.0,,2.1958996524092336
Cristalândia,2020-12-18,158,1,2,0,3.857142857142857,0.0,,2.1986570869544226
Cristalândia,2020-12-19,158,0,2,0,3.0,0.0,,2.1986570869544226
Cristalândia,2020-12-20,158,0,2,0,3.0,0.0,,2.1986570869544226
Cristalândia,2020-12-21,160,2,2,0,3.142857142857143,0.0,,2.204119982655925
Cristalândia,2020-12-22,163,3,2,0,2.642857142857143,0.0,,2.2121876044039577
Cristalândia,2020-12-23,163,0,2,0,2.142857142857143,0.0,,2.2121876044039577
Cristalândia,2020-12-24,163,0,2,0,1.4285714285714286,0.0,,2.2121876044039577
Cristalândia,2020-12-25,164,1,2,0,1.2142857142857142,0.0,,2.214843848047698
Cristalândia,2020-12-26,164,0,2,0,1.2142857142857142,0.0,,2.214843848047698
Cristalândia,2020-12-27,164,0,2,0,1.2142857142857142,0.0,,2.214843848047698
Cristalândia,2020-12-28,164,0,2,0,1.0714285714285714,0.0,,2.214843848047698
Cristalândia,2020-12-29,173,9,2,0,1.5714285714285714,0.0,,2.2380461031287955
Cristalândia,2020-12-30,174,1,2,0,1.3571428571428572,0.0,,2.2405492482825995
Cristalândia,2020-12-31,174,0,2,0,1.2142857142857142,0.0,,2.2405492482825995
Cristalândia,2021-01-01,174,0,2,0,1.1428571428571428,0.0,,2.2405492482825995
Cristalândia,2021-01-02,174,0,2,0,1.1428571428571428,0.0,,2.2405492482825995
Cristalândia,2021-01-03,174,0,2,0,1.1428571428571428,0.0,,2.2405492482825995
Cristalândia,2021-01-04,174,0,2,0,1.0,0.0,,2.2405492482825995
Cristalândia,2021-01-05,175,1,3,1,0.8571428571428571,0.07142857142857142,inf,2.2430380486862944
Cristalândia,2021-01-06,174,-1,3,0,0.7857142857142857,0.07142857142857142,inf,2.2405492482825995
Cristalândia,2021-01-07,174,0,3,0,0.7857142857142857,0.07142857142857142,inf,2.2405492482825995
Cristalândia,2021-01-08,174,0,3,0,0.7142857142857143,0.07142857142857142,inf,2.2405492482825995
Cristalândia,2021-01-09,174,0,3,0,0.7142857142857143,0.07142857142857142,inf,2.2405492482825995
Cristalândia,2021-01-10,174,0,3,0,0.7142857142857143,0.07142857142857142,inf,2.2405492482825995
Cristalândia,2021-01-11,174,0,3,0,0.7142857142857143,0.07142857142857142,inf,2.2405492482825995
Cristalândia,2021-01-12,174,0,3,0,0.07142857142857142,0.07142857142857142,inf,2.2405492482825995
Cristalândia,2021-01-13,174,0,3,0,0.0,0.07142857142857142,inf,2.2405492482825995
Cristalândia,2021-01-14,174,0,3,0,0.0,0.07142857142857142,inf,2.2405492482825995
Cristalândia,2021-01-15,176,2,3,0,0.14285714285714285,0.07142857142857142,inf,2.24551266781415
Cristalândia,2021-01-16,176,0,3,0,0.14285714285714285,0.07142857142857142,inf,2.24551266781415
Cristalândia,2021-01-17,176,0,3,0,0.14285714285714285,0.07142857142857142,inf,2.24551266781415
Cristalândia,2021-01-18,177,1,3,0,0.21428571428571427,0.07142857142857142,inf,2.2479732663618064
Cristalândia,2021-01-19,177,0,3,0,0.14285714285714285,0.0,-1.0,2.2479732663618064
Cristalândia,2021-01-20,178,1,3,0,0.2857142857142857,0.0,-1.0,2.250420002308894
Crixás do Tocantins,2020-03-27,0,0,0,0,,,,0.0
Crixás do Tocantins,2020-03-28,0,0,0,0,,,,0.0
Crixás do Tocantins,2020-03-29,0,0,0,0,,,,0.0
Crixás do Tocantins,2020-03-30,0,0,0,0,,,,0.0
Crixás do Tocantins,2020-03-31,0,0,0,0,,,,0.0
Crixás do Tocantins,2020-04-01,0,0,0,0,,,,0.0
Crixás do Tocantins,2020-04-02,0,0,0,0,,,,0.0
Crixás do Tocantins,2020-04-03,0,0,0,0,,,,0.0
Crixás do Tocantins,2020-04-04,0,0,0,0,,,,0.0
Crixás do Tocantins,2020-04-05,0,0,0,0,,,,0.0
Crixás do Tocantins,2020-04-06,0,0,0,0,,,,0.0
Crixás do Tocantins,2020-04-07,0,0,0,0,,,,0.0
Crixás do Tocantins,2020-04-08,0,0,0,0,,,,0.0
Crixás do Tocantins,2020-04-09,0,0,0,0,0.0,0.0,,0.0
Crixás do Tocantins,2020-04-10,0,0,0,0,0.0,0.0,,0.0
Crixás do Tocantins,2020-04-11,0,0,0,0,0.0,0.0,,0.0
Crixás do Tocantins,2020-04-12,0,0,0,0,0.0,0.0,,0.0
Crixás do Tocantins,2020-04-13,0,0,0,0,0.0,0.0,,0.0
Crixás do Tocantins,2020-04-14,0,0,0,0,0.0,0.0,,0.0
Crixás do Tocantins,2020-04-15,0,0,0,0,0.0,0.0,,0.0
Crixás do Tocantins,2020-04-16,0,0,0,0,0.0,0.0,,0.0
Crixás do Tocantins,2020-04-17,0,0,0,0,0.0,0.0,,0.0
Crixás do Tocantins,2020-04-18,0,0,0,0,0.0,0.0,,0.0
Crixás do Tocantins,2020-04-19,0,0,0,0,0.0,0.0,,0.0
Crixás do Tocantins,2020-04-20,0,0,0,0,0.0,0.0,,0.0
Crixás do Tocantins,2020-04-21,0,0,0,0,0.0,0.0,,0.0
Crixás do Tocantins,2020-04-22,0,0,0,0,0.0,0.0,,0.0
Crixás do Tocantins,2020-04-23,0,0,0,0,0.0,0.0,,0.0
Crixás do Tocantins,2020-04-24,0,0,0,0,0.0,0.0,,0.0
Crixás do Tocantins,2020-04-25,0,0,0,0,0.0,0.0,,0.0
Crixás do Tocantins,2020-04-26,0,0,0,0,0.0,0.0,,0.0
Crixás do Tocantins,2020-04-27,0,0,0,0,0.0,0.0,,0.0
Crixás do Tocantins,2020-04-28,0,0,0,0,0.0,0.0,,0.0
Crixás do Tocantins,2020-04-29,0,0,0,0,0.0,0.0,,0.0
Crixás do Tocantins,2020-04-30,0,0,0,0,0.0,0.0,,0.0
Crixás do Tocantins,2020-05-01,0,0,0,0,0.0,0.0,,0.0
Crixás do Tocantins,2020-05-02,0,0,0,0,0.0,0.0,,0.0
Crixás do Tocantins,2020-05-03,0,0,0,0,0.0,0.0,,0.0
Crixás do Tocantins,2020-05-04,0,0,0,0,0.0,0.0,,0.0
Crixás do Tocantins,2020-05-05,0,0,0,0,0.0,0.0,,0.0
Crixás do Tocantins,2020-05-06,0,0,0,0,0.0,0.0,,0.0
Crixás do Tocantins,2020-05-07,0,0,0,0,0.0,0.0,,0.0
Crixás do Tocantins,2020-05-08,0,0,0,0,0.0,0.0,,0.0
Crixás do Tocantins,2020-05-09,0,0,0,0,0.0,0.0,,0.0
Crixás do Tocantins,2020-05-10,0,0,0,0,0.0,0.0,,0.0
Crixás do Tocantins,2020-05-11,0,0,0,0,0.0,0.0,,0.0
Crixás do Tocantins,2020-05-12,0,0,0,0,0.0,0.0,,0.0
Crixás do Tocantins,2020-05-13,0,0,0,0,0.0,0.0,,0.0
Crixás do Tocantins,2020-05-14,0,0,0,0,0.0,0.0,,0.0
Crixás do Tocantins,2020-05-15,0,0,0,0,0.0,0.0,,0.0
Crixás do Tocantins,2020-05-16,0,0,0,0,0.0,0.0,,0.0
Crixás do Tocantins,2020-05-17,0,0,0,0,0.0,0.0,,0.0
Crixás do Tocantins,2020-05-18,0,0,0,0,0.0,0.0,,0.0
Crixás do Tocantins,2020-05-19,0,0,0,0,0.0,0.0,,0.0
Crixás do Tocantins,2020-05-20,0,0,0,0,0.0,0.0,,0.0
Crixás do Tocantins,2020-05-21,1,1,0,0,0.07142857142857142,0.0,,0.0
Crixás do Tocantins,2020-05-22,1,0,0,0,0.07142857142857142,0.0,,0.0
Crixás do Tocantins,2020-05-23,1,0,0,0,0.07142857142857142,0.0,,0.0
Crixás do Tocantins,2020-05-24,1,0,0,0,0.07142857142857142,0.0,,0.0
Crixás do Tocantins,2020-05-25,1,0,0,0,0.07142857142857142,0.0,,0.0
Crixás do Tocantins,2020-05-26,1,0,0,0,0.07142857142857142,0.0,,0.0
Crixás do Tocantins,2020-05-27,1,0,0,0,0.07142857142857142,0.0,,0.0
Crixás do Tocantins,2020-05-28,1,0,0,0,0.07142857142857142,0.0,,0.0
Crixás do Tocantins,2020-05-29,1,0,0,0,0.07142857142857142,0.0,,0.0
Crixás do Tocantins,2020-05-30,1,0,0,0,0.07142857142857142,0.0,,0.0
Crixás do Tocantins,2020-05-31,1,0,0,0,0.07142857142857142,0.0,,0.0
Crixás do Tocantins,2020-06-01,1,0,0,0,0.07142857142857142,0.0,,0.0
Crixás do Tocantins,2020-06-02,1,0,0,0,0.07142857142857142,0.0,,0.0
Crixás do Tocantins,2020-06-03,1,0,0,0,0.07142857142857142,0.0,,0.0
Crixás do Tocantins,2020-06-04,1,0,0,0,0.0,0.0,,0.0
Crixás do Tocantins,2020-06-05,1,0,0,0,0.0,0.0,,0.0
Crixás do Tocantins,2020-06-06,1,0,0,0,0.0,0.0,,0.0
Crixás do Tocantins,2020-06-07,1,0,0,0,0.0,0.0,,0.0
Crixás do Tocantins,2020-06-08,1,0,0,0,0.0,0.0,,0.0
Crixás do Tocantins,2020-06-09,1,0,0,0,0.0,0.0,,0.0
Crixás do Tocantins,2020-06-10,1,0,0,0,0.0,0.0,,0.0
Crixás do Tocantins,2020-06-11,1,0,0,0,0.0,0.0,,0.0
Crixás do Tocantins,2020-06-12,1,0,0,0,0.0,0.0,,0.0
Crixás do Tocantins,2020-06-13,1,0,0,0,0.0,0.0,,0.0
Crixás do Tocantins,2020-06-14,1,0,0,0,0.0,0.0,,0.0
Crixás do Tocantins,2020-06-15,1,0,0,0,0.0,0.0,,0.0
Crixás do Tocantins,2020-06-16,1,0,0,0,0.0,0.0,,0.0
Crixás do Tocantins,2020-06-17,1,0,0,0,0.0,0.0,,0.0
Crixás do Tocantins,2020-06-18,1,0,0,0,0.0,0.0,,0.0
Crixás do Tocantins,2020-06-19,1,0,0,0,0.0,0.0,,0.0
Crixás do Tocantins,2020-06-20,1,0,0,0,0.0,0.0,,0.0
Crixás do Tocantins,2020-06-21,1,0,0,0,0.0,0.0,,0.0
Crixás do Tocantins,2020-06-22,1,0,0,0,0.0,0.0,,0.0
Crixás do Tocantins,2020-06-23,1,0,0,0,0.0,0.0,,0.0
Crixás do Tocantins,2020-06-24,1,0,0,0,0.0,0.0,,0.0
Crixás do Tocantins,2020-06-25,1,0,0,0,0.0,0.0,,0.0
Crixás do Tocantins,2020-06-26,1,0,0,0,0.0,0.0,,0.0
Crixás do Tocantins,2020-06-27,1,0,0,0,0.0,0.0,,0.0
Crixás do Tocantins,2020-06-28,1,0,0,0,0.0,0.0,,0.0
Crixás do Tocantins,2020-06-29,1,0,0,0,0.0,0.0,,0.0
Crixás do Tocantins,2020-06-30,1,0,0,0,0.0,0.0,,0.0
Crixás do Tocantins,2020-07-01,1,0,0,0,0.0,0.0,,0.0
Crixás do Tocantins,2020-07-02,1,0,0,0,0.0,0.0,,0.0
Crixás do Tocantins,2020-07-03,1,0,0,0,0.0,0.0,,0.0
Crixás do Tocantins,2020-07-04,1,0,0,0,0.0,0.0,,0.0
Crixás do Tocantins,2020-07-05,1,0,0,0,0.0,0.0,,0.0
Crixás do Tocantins,2020-07-06,1,0,0,0,0.0,0.0,,0.0
Crixás do Tocantins,2020-07-07,1,0,0,0,0.0,0.0,,0.0
Crixás do Tocantins,2020-07-08,1,0,0,0,0.0,0.0,,0.0
Crixás do Tocantins,2020-07-09,1,0,0,0,0.0,0.0,,0.0
Crixás do Tocantins,2020-07-10,1,0,0,0,0.0,0.0,,0.0
Crixás do Tocantins,2020-07-11,2,1,0,0,0.07142857142857142,0.0,,0.3010299956639812
Crixás do Tocantins,2020-07-12,2,0,0,0,0.07142857142857142,0.0,,0.3010299956639812
Crixás do Tocantins,2020-07-13,2,0,0,0,0.07142857142857142,0.0,,0.3010299956639812
Crixás do Tocantins,2020-07-14,2,0,0,0,0.07142857142857142,0.0,,0.3010299956639812
Crixás do Tocantins,2020-07-15,2,0,0,0,0.07142857142857142,0.0,,0.3010299956639812
Crixás do Tocantins,2020-07-16,2,0,0,0,0.07142857142857142,0.0,,0.3010299956639812
Crixás do Tocantins,2020-07-17,3,1,0,0,0.14285714285714285,0.0,,0.47712125471966244
Crixás do Tocantins,2020-07-18,4,1,0,0,0.21428571428571427,0.0,,0.6020599913279624
Crixás do Tocantins,2020-07-19,5,1,0,0,0.2857142857142857,0.0,,0.6989700043360189
Crixás do Tocantins,2020-07-20,5,0,0,0,0.2857142857142857,0.0,,0.6989700043360189
Crixás do Tocantins,2020-07-21,6,1,0,0,0.35714285714285715,0.0,,0.7781512503836436
Crixás do Tocantins,2020-07-22,6,0,0,0,0.35714285714285715,0.0,,0.7781512503836436
Crixás do Tocantins,2020-07-23,6,0,0,0,0.35714285714285715,0.0,,0.7781512503836436
Crixás do Tocantins,2020-07-24,6,0,0,0,0.35714285714285715,0.0,,0.7781512503836436
Crixás do Tocantins,2020-07-25,6,0,0,0,0.2857142857142857,0.0,,0.7781512503836436
Crixás do Tocantins,2020-07-26,6,0,0,0,0.2857142857142857,0.0,,0.7781512503836436
Crixás do Tocantins,2020-07-27,7,1,0,0,0.35714285714285715,0.0,,0.8450980400142568
Crixás do Tocantins,2020-07-28,7,0,0,0,0.35714285714285715,0.0,,0.8450980400142568
Crixás do Tocantins,2020-07-29,7,0,0,0,0.35714285714285715,0.0,,0.8450980400142568
Crixás do Tocantins,2020-07-30,7,0,0,0,0.35714285714285715,0.0,,0.8450980400142568
Crixás do Tocantins,2020-07-31,7,0,0,0,0.2857142857142857,0.0,,0.8450980400142568
Crixás do Tocantins,2020-08-01,7,0,0,0,0.21428571428571427,0.0,,0.8450980400142568
Crixás do Tocantins,2020-08-02,7,0,0,0,0.14285714285714285,0.0,,0.8450980400142568
Crixás do Tocantins,2020-08-03,8,1,0,0,0.21428571428571427,0.0,,0.9030899869919435
Crixás do Tocantins,2020-08-04,9,1,0,0,0.21428571428571427,0.0,,0.9542425094393249
Crixás do Tocantins,2020-08-05,11,2,0,0,0.35714285714285715,0.0,,1.041392685158225
Crixás do Tocantins,2020-08-06,11,0,0,0,0.35714285714285715,0.0,,1.041392685158225
Crixás do Tocantins,2020-08-07,11,0,0,0,0.35714285714285715,0.0,,1.041392685158225
Crixás do Tocantins,2020-08-08,11,0,0,0,0.35714285714285715,0.0,,1.041392685158225
Crixás do Tocantins,2020-08-09,11,0,0,0,0.35714285714285715,0.0,,1.041392685158225
Crixás do Tocantins,2020-08-10,11,0,0,0,0.2857142857142857,0.0,,1.041392685158225
Crixás do Tocantins,2020-08-11,11,0,0,0,0.2857142857142857,0.0,,1.041392685158225
Crixás do Tocantins,2020-08-12,11,0,0,0,0.2857142857142857,0.0,,1.041392685158225
Crixás do Tocantins,2020-08-13,11,0,0,0,0.2857142857142857,0.0,,1.041392685158225
Crixás do Tocantins,2020-08-14,10,-1,0,0,0.21428571428571427,0.0,,1.0
Crixás do Tocantins,2020-08-15,11,1,0,0,0.2857142857142857,0.0,,1.041392685158225
Crixás do Tocantins,2020-08-16,11,0,0,0,0.2857142857142857,0.0,,1.041392685158225
Crixás do Tocantins,2020-08-17,11,0,0,0,0.21428571428571427,0.0,,1.041392685158225
Crixás do Tocantins,2020-08-18,17,6,0,0,0.5714285714285714,0.0,,1.2304489213782739
Crixás do Tocantins,2020-08-19,18,1,0,0,0.5,0.0,,1.255272505103306
Crixás do Tocantins,2020-08-20,19,1,0,0,0.5714285714285714,0.0,,1.2787536009528289
Crixás do Tocantins,2020-08-21,19,0,0,0,0.5714285714285714,0.0,,1.2787536009528289
Crixás do Tocantins,2020-08-22,19,0,0,0,0.5714285714285714,0.0,,1.2787536009528289
Crixás do Tocantins,2020-08-23,19,0,0,0,0.5714285714285714,0.0,,1.2787536009528289
Crixás do Tocantins,2020-08-24,19,0,0,0,0.5714285714285714,0.0,,1.2787536009528289
Crixás do Tocantins,2020-08-25,34,15,0,0,1.6428571428571428,0.0,,1.5314789170422551
Crixás do Tocantins,2020-08-26,35,1,0,0,1.7142857142857142,0.0,,1.5440680443502757
Crixás do Tocantins,2020-08-27,38,3,0,0,1.9285714285714286,0.0,,1.5797835966168101
Crixás do Tocantins,2020-08-28,38,0,0,0,2.0,0.0,,1.5797835966168101
Crixás do Tocantins,2020-08-29,38,0,0,0,1.9285714285714286,0.0,,1.5797835966168101
Crixás do Tocantins,2020-08-30,38,0,0,0,1.9285714285714286,0.0,,1.5797835966168101
Crixás do Tocantins,2020-08-31,38,0,0,0,1.9285714285714286,0.0,,1.5797835966168101
Crixás do Tocantins,2020-09-01,41,3,0,0,1.7142857142857142,0.0,,1.6127838567197355
Crixás do Tocantins,2020-09-02,41,0,0,0,1.6428571428571428,0.0,,1.6127838567197355
Crixás do Tocantins,2020-09-03,41,0,0,0,1.5714285714285714,0.0,,1.6127838567197355
Crixás do Tocantins,2020-09-04,43,2,0,0,1.7142857142857142,0.0,,1.6334684555795866
Crixás do Tocantins,2020-09-05,43,0,0,0,1.7142857142857142,0.0,,1.6334684555795866
Crixás do Tocantins,2020-09-06,43,0,0,0,1.7142857142857142,0.0,,1.6334684555795866
Crixás do Tocantins,2020-09-07,43,0,0,0,1.7142857142857142,0.0,,1.6334684555795866
Crixás do Tocantins,2020-09-08,43,0,0,0,0.6428571428571429,0.0,,1.6334684555795866
Crixás do Tocantins,2020-09-09,43,0,0,0,0.5714285714285714,0.0,,1.6334684555795866
Crixás do Tocantins,2020-09-10,43,0,0,0,0.35714285714285715,0.0,,1.6334684555795866
Crixás do Tocantins,2020-09-11,43,0,0,0,0.35714285714285715,0.0,,1.6334684555795866
Crixás do Tocantins,2020-09-12,43,0,0,0,0.35714285714285715,0.0,,1.6334684555795866
Crixás do Tocantins,2020-09-13,43,0,0,0,0.35714285714285715,0.0,,1.6334684555795866
Crixás do Tocantins,2020-09-14,43,0,0,0,0.35714285714285715,0.0,,1.6334684555795866
Crixás do Tocantins,2020-09-15,43,0,0,0,0.14285714285714285,0.0,,1.6334684555795866
Crixás do Tocantins,2020-09-16,43,0,0,0,0.14285714285714285,0.0,,1.6334684555795866
Crixás do Tocantins,2020-09-17,43,0,0,0,0.14285714285714285,0.0,,1.6334684555795866
Crixás do Tocantins,2020-09-18,43,0,0,0,0.0,0.0,,1.6334684555795866
Crixás do Tocantins,2020-09-19,43,0,0,0,0.0,0.0,,1.6334684555795866
Crixás do Tocantins,2020-09-20,43,0,0,0,0.0,0.0,,1.6334684555795866
Crixás do Tocantins,2020-09-21,43,0,0,0,0.0,0.0,,1.6334684555795866
Crixás do Tocantins,2020-09-22,43,0,0,0,0.0,0.0,,1.6334684555795866
Crixás do Tocantins,2020-09-23,43,0,0,0,0.0,0.0,,1.6334684555795866
Crixás do Tocantins,2020-09-24,43,0,0,0,0.0,0.0,,1.6334684555795866
Crixás do Tocantins,2020-09-25,43,0,0,0,0.0,0.0,,1.6334684555795866
Crixás do Tocantins,2020-09-26,46,3,0,0,0.21428571428571427,0.0,,1.662757831681574
Crixás do Tocantins,2020-09-27,46,0,0,0,0.21428571428571427,0.0,,1.662757831681574
Crixás do Tocantins,2020-09-28,46,0,0,0,0.21428571428571427,0.0,,1.662757831681574
Crixás do Tocantins,2020-09-29,48,2,0,0,0.35714285714285715,0.0,,1.6812412373755872
Crixás do Tocantins,2020-09-30,48,0,0,0,0.35714285714285715,0.0,,1.6812412373755872
Crixás do Tocantins,2020-10-01,51,3,0,0,0.5714285714285714,0.0,,1.7075701760979363
Crixás do Tocantins,2020-10-02,51,0,0,0,0.5714285714285714,0.0,,1.7075701760979363
Crixás do Tocantins,2020-10-03,57,6,0,0,1.0,0.0,,1.7558748556724915
Crixás do Tocantins,2020-10-04,57,0,0,0,1.0,0.0,,1.7558748556724915
Crixás do Tocantins,2020-10-05,57,0,0,0,1.0,0.0,,1.7558748556724915
Crixás do Tocantins,2020-10-06,57,0,0,0,1.0,0.0,,1.7558748556724915
Crixás do Tocantins,2020-10-07,57,0,0,0,1.0,0.0,,1.7558748556724915
Crixás do Tocantins,2020-10-08,59,2,0,0,1.1428571428571428,0.0,,1.7708520116421442
Crixás do Tocantins,2020-10-09,59,0,0,0,1.1428571428571428,0.0,,1.7708520116421442
Crixás do Tocantins,2020-10-10,62,3,0,0,1.1428571428571428,0.0,,1.792391689498254
Crixás do Tocantins,2020-10-11,62,0,0,0,1.1428571428571428,0.0,,1.792391689498254
Crixás do Tocantins,2020-10-12,62,0,0,0,1.1428571428571428,0.0,,1.792391689498254
Crixás do Tocantins,2020-10-13,62,0,0,0,1.0,0.0,,1.792391689498254
Crixás do Tocantins,2020-10-14,62,0,0,0,1.0,0.0,,1.792391689498254
Crixás do Tocantins,2020-10-15,62,0,0,0,0.7857142857142857,0.0,,1.792391689498254
Crixás do Tocantins,2020-10-16,62,0,0,0,0.7857142857142857,0.0,,1.792391689498254
Crixás do Tocantins,2020-10-17,62,0,0,0,0.35714285714285715,0.0,,1.792391689498254
Crixás do Tocantins,2020-10-18,62,0,0,0,0.35714285714285715,0.0,,1.792391689498254
Crixás do Tocantins,2020-10-19,62,0,0,0,0.35714285714285715,0.0,,1.792391689498254
Crixás do Tocantins,2020-10-20,62,0,0,0,0.35714285714285715,0.0,,1.792391689498254
Crixás do Tocantins,2020-10-21,62,0,0,0,0.35714285714285715,0.0,,1.792391689498254
Crixás do Tocantins,2020-10-22,62,0,0,0,0.21428571428571427,0.0,,1.792391689498254
Crixás do Tocantins,2020-10-23,62,0,0,0,0.21428571428571427,0.0,,1.792391689498254
Crixás do Tocantins,2020-10-24,62,0,0,0,0.0,0.0,,1.792391689498254
Crixás do Tocantins,2020-10-25,62,0,0,0,0.0,0.0,,1.792391689498254
Crixás do Tocantins,2020-10-26,62,0,0,0,0.0,0.0,,1.792391689498254
Crixás do Tocantins,2020-10-27,62,0,0,0,0.0,0.0,,1.792391689498254
Crixás do Tocantins,2020-10-28,62,0,0,0,0.0,0.0,,1.792391689498254
Crixás do Tocantins,2020-10-29,62,0,0,0,0.0,0.0,,1.792391689498254
Crixás do Tocantins,2020-10-30,62,0,0,0,0.0,0.0,,1.792391689498254
Crixás do Tocantins,2020-10-31,62,0,0,0,0.0,0.0,,1.792391689498254
Crixás do Tocantins,2020-11-01,62,0,0,0,0.0,0.0,,1.792391689498254
Crixás do Tocantins,2020-11-02,62,0,0,0,0.0,0.0,,1.792391689498254
Crixás do Tocantins,2020-11-03,62,0,0,0,0.0,0.0,,1.792391689498254
Crixás do Tocantins,2020-11-04,62,0,0,0,0.0,0.0,,1.792391689498254
Crixás do Tocantins,2020-11-05,62,0,0,0,0.0,0.0,,1.792391689498254
Crixás do Tocantins,2020-11-06,62,0,0,0,0.0,0.0,,1.792391689498254
Crixás do Tocantins,2020-11-07,62,0,0,0,0.0,0.0,,1.792391689498254
Crixás do Tocantins,2020-11-08,62,0,0,0,0.0,0.0,,1.792391689498254
Crixás do Tocantins,2020-11-09,62,0,0,0,0.0,0.0,,1.792391689498254
Crixás do Tocantins,2020-11-10,62,0,0,0,0.0,0.0,,1.792391689498254
Crixás do Tocantins,2020-11-11,62,0,0,0,0.0,0.0,,1.792391689498254
Crixás do Tocantins,2020-11-12,62,0,0,0,0.0,0.0,,1.792391689498254
Crixás do Tocantins,2020-11-13,62,0,0,0,0.0,0.0,,1.792391689498254
Crixás do Tocantins,2020-11-14,62,0,0,0,0.0,0.0,,1.792391689498254
Crixás do Tocantins,2020-11-15,62,0,0,0,0.0,0.0,,1.792391689498254
Crixás do Tocantins,2020-11-16,62,0,0,0,0.0,0.0,,1.792391689498254
Crixás do Tocantins,2020-11-17,62,0,0,0,0.0,0.0,,1.792391689498254
Crixás do Tocantins,2020-11-18,62,0,0,0,0.0,0.0,,1.792391689498254
Crixás do Tocantins,2020-11-19,62,0,0,0,0.0,0.0,,1.792391689498254
Crixás do Tocantins,2020-11-20,62,0,0,0,0.0,0.0,,1.792391689498254
Crixás do Tocantins,2020-11-21,62,0,0,0,0.0,0.0,,1.792391689498254
Crixás do Tocantins,2020-11-22,62,0,0,0,0.0,0.0,,1.792391689498254
Crixás do Tocantins,2020-11-23,62,0,0,0,0.0,0.0,,1.792391689498254
Crixás do Tocantins,2020-11-24,62,0,0,0,0.0,0.0,,1.792391689498254
Crixás do Tocantins,2020-11-25,62,0,0,0,0.0,0.0,,1.792391689498254
Crixás do Tocantins,2020-11-26,62,0,0,0,0.0,0.0,,1.792391689498254
Crixás do Tocantins,2020-11-27,62,0,0,0,0.0,0.0,,1.792391689498254
Crixás do Tocantins,2020-11-28,62,0,0,0,0.0,0.0,,1.792391689498254
Crixás do Tocantins,2020-11-29,62,0,0,0,0.0,0.0,,1.792391689498254
Crixás do Tocantins,2020-11-30,62,0,0,0,0.0,0.0,,1.792391689498254
Crixás do Tocantins,2020-12-01,62,0,0,0,0.0,0.0,,1.792391689498254
Crixás do Tocantins,2020-12-02,64,2,0,0,0.14285714285714285,0.0,,1.806179973983887
Crixás do Tocantins,2020-12-03,64,0,0,0,0.14285714285714285,0.0,,1.806179973983887
Crixás do Tocantins,2020-12-04,64,0,0,0,0.14285714285714285,0.0,,1.806179973983887
Crixás do Tocantins,2020-12-05,64,0,0,0,0.14285714285714285,0.0,,1.806179973983887
Crixás do Tocantins,2020-12-06,64,0,0,0,0.14285714285714285,0.0,,1.806179973983887
Crixás do Tocantins,2020-12-07,64,0,0,0,0.14285714285714285,0.0,,1.806179973983887
Crixás do Tocantins,2020-12-08,64,0,0,0,0.14285714285714285,0.0,,1.806179973983887
Crixás do Tocantins,2020-12-09,64,0,0,0,0.14285714285714285,0.0,,1.806179973983887
Crixás do Tocantins,2020-12-10,64,0,0,0,0.14285714285714285,0.0,,1.806179973983887
Crixás do Tocantins,2020-12-11,64,0,0,0,0.14285714285714285,0.0,,1.806179973983887
Crixás do Tocantins,2020-12-12,64,0,0,0,0.14285714285714285,0.0,,1.806179973983887
Crixás do Tocantins,2020-12-13,64,0,0,0,0.14285714285714285,0.0,,1.806179973983887
Crixás do Tocantins,2020-12-14,64,0,0,0,0.14285714285714285,0.0,,1.806179973983887
Crixás do Tocantins,2020-12-15,66,2,0,0,0.2857142857142857,0.0,,1.8195439355418688
Crixás do Tocantins,2020-12-16,66,0,0,0,0.14285714285714285,0.0,,1.8195439355418688
Crixás do Tocantins,2020-12-17,66,0,0,0,0.14285714285714285,0.0,,1.8195439355418688
Crixás do Tocantins,2020-12-18,67,1,0,0,0.21428571428571427,0.0,,1.8260748027008264
Crixás do Tocantins,2020-12-19,68,1,0,0,0.2857142857142857,0.0,,1.8325089127062364
Crixás do Tocantins,2020-12-20,68,0,0,0,0.2857142857142857,0.0,,1.8325089127062364
Crixás do Tocantins,2020-12-21,68,0,0,0,0.2857142857142857,0.0,,1.8325089127062364
Crixás do Tocantins,2020-12-22,68,0,0,0,0.2857142857142857,0.0,,1.8325089127062364
Crixás do Tocantins,2020-12-23,68,0,0,0,0.2857142857142857,0.0,,1.8325089127062364
Crixás do Tocantins,2020-12-24,68,0,0,0,0.2857142857142857,0.0,,1.8325089127062364
Crixás do Tocantins,2020-12-25,68,0,0,0,0.2857142857142857,0.0,,1.8325089127062364
Crixás do Tocantins,2020-12-26,68,0,0,0,0.2857142857142857,0.0,,1.8325089127062364
Crixás do Tocantins,2020-12-27,68,0,0,0,0.2857142857142857,0.0,,1.8325089127062364
Crixás do Tocantins,2020-12-28,68,0,0,0,0.2857142857142857,0.0,,1.8325089127062364
Crixás do Tocantins,2020-12-29,68,0,0,0,0.14285714285714285,0.0,,1.8325089127062364
Crixás do Tocantins,2020-12-30,68,0,0,0,0.14285714285714285,0.0,,1.8325089127062364
Crixás do Tocantins,2020-12-31,68,0,0,0,0.14285714285714285,0.0,,1.8325089127062364
Crixás do Tocantins,2021-01-01,68,0,0,0,0.07142857142857142,0.0,,1.8325089127062364
Crixás do Tocantins,2021-01-02,68,0,0,0,0.0,0.0,,1.8325089127062364
Crixás do Tocantins,2021-01-03,68,0,0,0,0.0,0.0,,1.8325089127062364
Crixás do Tocantins,2021-01-04,68,0,0,0,0.0,0.0,,1.8325089127062364
Crixás do Tocantins,2021-01-05,68,0,0,0,0.0,0.0,,1.8325089127062364
Crixás do Tocantins,2021-01-06,68,0,0,0,0.0,0.0,,1.8325089127062364
Crixás do Tocantins,2021-01-07,68,0,0,0,0.0,0.0,,1.8325089127062364
Crixás do Tocantins,2021-01-08,68,0,0,0,0.0,0.0,,1.8325089127062364
Crixás do Tocantins,2021-01-09,68,0,0,0,0.0,0.0,,1.8325089127062364
Crixás do Tocantins,2021-01-10,68,0,0,0,0.0,0.0,,1.8325089127062364
Crixás do Tocantins,2021-01-11,68,0,0,0,0.0,0.0,,1.8325089127062364
Crixás do Tocantins,2021-01-12,68,0,0,0,0.0,0.0,,1.8325089127062364
Crixás do Tocantins,2021-01-13,68,0,0,0,0.0,0.0,,1.8325089127062364
Crixás do Tocantins,2021-01-14,68,0,0,0,0.0,0.0,,1.8325089127062364
Crixás do Tocantins,2021-01-15,68,0,0,0,0.0,0.0,,1.8325089127062364
Crixás do Tocantins,2021-01-16,68,0,0,0,0.0,0.0,,1.8325089127062364
Crixás do Tocantins,2021-01-17,68,0,0,0,0.0,0.0,,1.8325089127062364
Crixás do Tocantins,2021-01-18,68,0,0,0,0.0,0.0,,1.8325089127062364
Crixás do Tocantins,2021-01-19,68,0,0,0,0.0,0.0,,1.8325089127062364
Crixás do Tocantins,2021-01-20,69,1,0,0,0.07142857142857142,0.0,,1.8388490907372552
Darcinópolis,2020-03-27,0,0,0,0,,,,0.0
Darcinópolis,2020-03-28,0,0,0,0,,,,0.0
Darcinópolis,2020-03-29,0,0,0,0,,,,0.0
Darcinópolis,2020-03-30,0,0,0,0,,,,0.0
Darcinópolis,2020-03-31,0,0,0,0,,,,0.0
Darcinópolis,2020-04-01,0,0,0,0,,,,0.0
Darcinópolis,2020-04-02,0,0,0,0,,,,0.0
Darcinópolis,2020-04-03,0,0,0,0,,,,0.0
Darcinópolis,2020-04-04,0,0,0,0,,,,0.0
Darcinópolis,2020-04-05,0,0,0,0,,,,0.0
Darcinópolis,2020-04-06,0,0,0,0,,,,0.0
Darcinópolis,2020-04-07,0,0,0,0,,,,0.0
Darcinópolis,2020-04-08,0,0,0,0,,,,0.0
Darcinópolis,2020-04-09,0,0,0,0,0.0,0.0,,0.0
Darcinópolis,2020-04-10,0,0,0,0,0.0,0.0,,0.0
Darcinópolis,2020-04-11,0,0,0,0,0.0,0.0,,0.0
Darcinópolis,2020-04-12,0,0,0,0,0.0,0.0,,0.0
Darcinópolis,2020-04-13,0,0,0,0,0.0,0.0,,0.0
Darcinópolis,2020-04-14,0,0,0,0,0.0,0.0,,0.0
Darcinópolis,2020-04-15,0,0,0,0,0.0,0.0,,0.0
Darcinópolis,2020-04-16,0,0,0,0,0.0,0.0,,0.0
Darcinópolis,2020-04-17,0,0,0,0,0.0,0.0,,0.0
Darcinópolis,2020-04-18,0,0,0,0,0.0,0.0,,0.0
Darcinópolis,2020-04-19,0,0,0,0,0.0,0.0,,0.0
Darcinópolis,2020-04-20,0,0,0,0,0.0,0.0,,0.0
Darcinópolis,2020-04-21,0,0,0,0,0.0,0.0,,0.0
Darcinópolis,2020-04-22,0,0,0,0,0.0,0.0,,0.0
Darcinópolis,2020-04-23,0,0,0,0,0.0,0.0,,0.0
Darcinópolis,2020-04-24,0,0,0,0,0.0,0.0,,0.0
Darcinópolis,2020-04-25,0,0,0,0,0.0,0.0,,0.0
Darcinópolis,2020-04-26,0,0,0,0,0.0,0.0,,0.0
Darcinópolis,2020-04-27,0,0,0,0,0.0,0.0,,0.0
Darcinópolis,2020-04-28,0,0,0,0,0.0,0.0,,0.0
Darcinópolis,2020-04-29,0,0,0,0,0.0,0.0,,0.0
Darcinópolis,2020-04-30,0,0,0,0,0.0,0.0,,0.0
Darcinópolis,2020-05-01,0,0,0,0,0.0,0.0,,0.0
Darcinópolis,2020-05-02,0,0,0,0,0.0,0.0,,0.0
Darcinópolis,2020-05-03,0,0,0,0,0.0,0.0,,0.0
Darcinópolis,2020-05-04,0,0,0,0,0.0,0.0,,0.0
Darcinópolis,2020-05-05,0,0,0,0,0.0,0.0,,0.0
Darcinópolis,2020-05-06,0,0,0,0,0.0,0.0,,0.0
Darcinópolis,2020-05-07,2,2,0,0,0.14285714285714285,0.0,,0.3010299956639812
Darcinópolis,2020-05-08,3,1,0,0,0.21428571428571427,0.0,,0.47712125471966244
Darcinópolis,2020-05-09,3,0,0,0,0.21428571428571427,0.0,,0.47712125471966244
Darcinópolis,2020-05-10,5,2,0,0,0.35714285714285715,0.0,,0.6989700043360189
Darcinópolis,2020-05-11,5,0,0,0,0.35714285714285715,0.0,,0.6989700043360189
Darcinópolis,2020-05-12,5,0,0,0,0.35714285714285715,0.0,,0.6989700043360189
Darcinópolis,2020-05-13,7,2,0,0,0.5,0.0,,0.8450980400142568
Darcinópolis,2020-05-14,9,2,0,0,0.6428571428571429,0.0,,0.9542425094393249
Darcinópolis,2020-05-15,9,0,0,0,0.6428571428571429,0.0,,0.9542425094393249
Darcinópolis,2020-05-16,9,0,0,0,0.6428571428571429,0.0,,0.9542425094393249
Darcinópolis,2020-05-17,14,5,0,0,1.0,0.0,,1.146128035678238
Darcinópolis,2020-05-18,14,0,0,0,1.0,0.0,,1.146128035678238
Darcinópolis,2020-05-19,15,1,0,0,1.0714285714285714,0.0,,1.1760912590556813
Darcinópolis,2020-05-20,18,3,0,0,1.2857142857142858,0.0,,1.255272505103306
Darcinópolis,2020-05-21,50,32,0,0,3.4285714285714284,0.0,,1.6989700043360187
Darcinópolis,2020-05-22,52,2,0,0,3.5,0.0,,1.7160033436347992
Darcinópolis,2020-05-23,62,10,0,0,4.214285714285714,0.0,,1.792391689498254
Darcinópolis,2020-05-24,85,23,0,0,5.714285714285714,0.0,,1.9294189257142929
Darcinópolis,2020-05-25,86,1,0,0,5.785714285714286,0.0,,1.9344984512435677
Darcinópolis,2020-05-26,91,5,0,0,6.142857142857143,0.0,,1.9590413923210936
Darcinópolis,2020-05-27,92,1,0,0,6.071428571428571,0.0,,1.9637878273455553
Darcinópolis,2020-05-28,110,18,0,0,7.214285714285714,0.0,,2.041392685158225
Darcinópolis,2020-05-29,113,3,0,0,7.428571428571429,0.0,,2.05307844348342
Darcinópolis,2020-05-30,116,3,0,0,7.642857142857143,0.0,,2.0644579892269186
Darcinópolis,2020-05-31,116,0,0,0,7.285714285714286,0.0,,2.0644579892269186
Darcinópolis,2020-06-01,117,1,0,0,7.357142857142857,0.0,,2.0681858617461617
Darcinópolis,2020-06-02,124,7,0,0,7.785714285714286,0.0,,2.093421685162235
Darcinópolis,2020-06-03,124,0,0,0,7.571428571428571,0.0,,2.093421685162235
Darcinópolis,2020-06-04,127,3,0,0,5.5,0.0,,2.103803720955957
Darcinópolis,2020-06-05,129,2,0,0,5.5,0.0,,2.110589710299249
Darcinópolis,2020-06-06,135,6,0,0,5.214285714285714,0.0,,2.130333768495006
Darcinópolis,2020-06-07,136,1,0,0,3.642857142857143,0.0,,2.1335389083702174
Darcinópolis,2020-06-08,139,3,1,1,3.7857142857142856,0.07142857142857142,inf,2.143014800254095
Darcinópolis,2020-06-09,139,0,1,0,3.4285714285714284,0.07142857142857142,inf,2.143014800254095
Darcinópolis,2020-06-10,142,3,1,0,3.5714285714285716,0.07142857142857142,inf,2.1522883443830563
Darcinópolis,2020-06-11,150,8,1,0,2.857142857142857,0.07142857142857142,inf,2.1760912590556813
Darcinópolis,2020-06-12,151,1,1,0,2.7142857142857144,0.07142857142857142,inf,2.1789769472931693
Darcinópolis,2020-06-13,151,0,1,0,2.5,0.07142857142857142,inf,2.1789769472931693
Darcinópolis,2020-06-14,151,0,1,0,2.5,0.07142857142857142,inf,2.1789769472931693
Darcinópolis,2020-06-15,151,0,1,0,2.4285714285714284,0.07142857142857142,inf,2.1789769472931693
Darcinópolis,2020-06-16,159,8,1,0,2.5,0.07142857142857142,inf,2.2013971243204513
Darcinópolis,2020-06-17,159,0,1,0,2.5,0.07142857142857142,inf,2.2013971243204513
Darcinópolis,2020-06-18,160,1,1,0,2.357142857142857,0.07142857142857142,inf,2.204119982655925
Darcinópolis,2020-06-19,162,2,1,0,2.357142857142857,0.07142857142857142,inf,2.2095150145426308
Darcinópolis,2020-06-20,162,0,1,0,1.9285714285714286,0.07142857142857142,inf,2.2095150145426308
Darcinópolis,2020-06-21,162,0,1,0,1.8571428571428572,0.07142857142857142,inf,2.2095150145426308
Darcinópolis,2020-06-22,162,0,1,0,1.6428571428571428,0.0,-1.0,2.2095150145426308
Darcinópolis,2020-06-23,165,3,1,0,1.8571428571428572,0.0,-1.0,2.2174839442139063
Darcinópolis,2020-06-24,165,0,1,0,1.6428571428571428,0.0,-1.0,2.2174839442139063
Darcinópolis,2020-06-25,165,0,1,0,1.0714285714285714,0.0,-1.0,2.2174839442139063
Darcinópolis,2020-06-26,165,0,1,0,1.0,0.0,-1.0,2.2174839442139063
Darcinópolis,2020-06-27,166,1,1,0,1.0714285714285714,0.0,-1.0,2.220108088040055
Darcinópolis,2020-06-28,167,1,1,0,1.1428571428571428,0.0,-1.0,2.2227164711475833
Darcinópolis,2020-06-29,168,1,1,0,1.2142857142857142,0.0,-1.0,2.225309281725863
Darcinópolis,2020-06-30,168,0,1,0,0.6428571428571429,0.0,-1.0,2.225309281725863
Darcinópolis,2020-07-01,171,3,1,0,0.8571428571428571,0.0,-1.0,2.2329961103921536
Darcinópolis,2020-07-02,171,0,1,0,0.7857142857142857,0.0,-1.0,2.2329961103921536
Darcinópolis,2020-07-03,172,1,1,0,0.7142857142857143,0.0,-1.0,2.2355284469075487
Darcinópolis,2020-07-04,177,5,1,0,1.0714285714285714,0.0,-1.0,2.2479732663618064
Darcinópolis,2020-07-05,181,4,1,0,1.3571428571428572,0.0,-1.0,2.2576785748691846
Darcinópolis,2020-07-06,187,6,1,0,1.7857142857142858,0.0,,2.271841606536499
Darcinópolis,2020-07-07,187,0,1,0,1.5714285714285714,0.0,,2.271841606536499
Darcinópolis,2020-07-08,188,1,1,0,1.6428571428571428,0.0,,2.27415784926368
Darcinópolis,2020-07-09,189,1,1,0,1.7142857142857142,0.0,,2.2764618041732443
Darcinópolis,2020-07-10,190,1,1,0,1.7857142857142858,0.0,,2.278753600952829
Darcinópolis,2020-07-11,193,3,1,0,1.9285714285714286,0.0,,2.285557309007774
Darcinópolis,2020-07-12,198,5,1,0,2.2142857142857144,0.0,,2.296665190261531
Darcinópolis,2020-07-13,198,0,1,0,2.142857142857143,0.0,,2.296665190261531
Darcinópolis,2020-07-14,207,9,1,0,2.7857142857142856,0.0,,2.315970345456918
Darcinópolis,2020-07-15,208,1,1,0,2.642857142857143,0.0,,2.3180633349627615
Darcinópolis,2020-07-16,213,5,1,0,3.0,0.0,,2.3283796034387376
Darcinópolis,2020-07-17,213,0,1,0,2.9285714285714284,0.0,,2.3283796034387376
Darcinópolis,2020-07-18,213,0,1,0,2.5714285714285716,0.0,,2.3283796034387376
Darcinópolis,2020-07-19,219,6,1,0,2.7142857142857144,0.0,,2.3404441148401185
Darcinópolis,2020-07-20,219,0,1,0,2.2857142857142856,0.0,,2.3404441148401185
Darcinópolis,2020-07-21,219,0,1,0,2.2857142857142856,0.0,,2.3404441148401185
Darcinópolis,2020-07-22,220,1,1,0,2.2857142857142856,0.0,,2.342422680822206
Darcinópolis,2020-07-23,220,0,1,0,2.2142857142857144,0.0,,2.342422680822206
Darcinópolis,2020-07-24,220,0,1,0,2.142857142857143,0.0,,2.342422680822206
Darcinópolis,2020-07-25,233,13,1,0,2.857142857142857,0.0,,2.367355921026019
Darcinópolis,2020-07-26,243,10,1,0,3.2142857142857144,0.0,,2.385606273598312
Darcinópolis,2020-07-27,249,6,1,0,3.642857142857143,0.0,,2.3961993470957363
Darcinópolis,2020-07-28,250,1,1,0,3.0714285714285716,0.0,,2.3979400086720375
Darcinópolis,2020-07-29,252,2,2,1,3.142857142857143,0.07142857142857142,inf,2.401400540781544
Darcinópolis,2020-07-30,265,13,2,0,3.7142857142857144,0.07142857142857142,inf,2.423245873936808
Darcinópolis,2020-07-31,266,1,2,0,3.7857142857142856,0.07142857142857142,inf,2.424881636631067
Darcinópolis,2020-08-01,267,1,2,0,3.857142857142857,0.07142857142857142,inf,2.4265112613645754
Darcinópolis,2020-08-02,268,1,2,0,3.5,0.07142857142857142,inf,2.428134794028789
Darcinópolis,2020-08-03,271,3,2,0,3.7142857142857144,0.07142857142857142,inf,2.432969290874406
Darcinópolis,2020-08-04,273,2,2,0,3.857142857142857,0.07142857142857142,inf,2.436162647040756
Darcinópolis,2020-08-05,279,6,3,1,4.214285714285714,0.14285714285714285,inf,2.4456042032735974
Darcinópolis,2020-08-06,279,0,3,0,4.214285714285714,0.14285714285714285,inf,2.4456042032735974
Darcinópolis,2020-08-07,284,5,3,0,4.571428571428571,0.14285714285714285,inf,2.4533183400470375
Darcinópolis,2020-08-08,293,9,3,0,4.285714285714286,0.14285714285714285,inf,2.4668676203541096
Darcinópolis,2020-08-09,293,0,3,0,3.5714285714285716,0.14285714285714285,inf,2.4668676203541096
Darcinópolis,2020-08-10,297,4,3,0,3.4285714285714284,0.14285714285714285,inf,2.4727564493172123
Darcinópolis,2020-08-11,300,3,3,0,3.5714285714285716,0.14285714285714285,inf,2.4771212547196626
Darcinópolis,2020-08-12,300,0,3,0,3.4285714285714284,0.07142857142857142,0.0,2.4771212547196626
Darcinópolis,2020-08-13,300,0,4,1,2.5,0.14285714285714285,1.0,2.4771212547196626
Darcinópolis,2020-08-14,291,-9,4,0,1.7857142857142858,0.14285714285714285,1.0,2.4638929889859074
Darcinópolis,2020-08-15,291,0,4,0,1.7142857142857142,0.14285714285714285,1.0,2.4638929889859074
Darcinópolis,2020-08-16,291,0,4,0,1.6428571428571428,0.14285714285714285,1.0,2.4638929889859074
Darcinópolis,2020-08-17,291,0,4,0,1.4285714285714286,0.14285714285714285,1.0,2.4638929889859074
Darcinópolis,2020-08-18,298,7,4,0,1.7857142857142858,0.14285714285714285,1.0,2.4742162640762553
Darcinópolis,2020-08-19,319,21,4,0,2.857142857142857,0.07142857142857142,-0.5,2.503790683057181
Darcinópolis,2020-08-20,320,1,4,0,2.9285714285714284,0.07142857142857142,-0.5,2.505149978319906
Darcinópolis,2020-08-21,323,3,4,0,2.7857142857142856,0.07142857142857142,-0.5,2.509202522331103
Darcinópolis,2020-08-22,323,0,4,0,2.142857142857143,0.07142857142857142,-0.5,2.509202522331103
Darcinópolis,2020-08-23,324,1,4,0,2.2142857142857144,0.07142857142857142,-0.5,2.510545010206612
Darcinópolis,2020-08-24,326,2,4,0,2.0714285714285716,0.07142857142857142,-0.5,2.513217600067939
Darcinópolis,2020-08-25,329,3,4,0,2.0714285714285716,0.07142857142857142,-0.5,2.5171958979499744
Darcinópolis,2020-08-26,333,4,4,0,2.357142857142857,0.07142857142857142,0.0,2.5224442335063197
Darcinópolis,2020-08-27,334,1,4,0,2.4285714285714284,0.0,-1.0,2.5237464668115646
Darcinópolis,2020-08-28,334,0,4,0,3.0714285714285716,0.0,-1.0,2.5237464668115646
Darcinópolis,2020-08-29,336,2,4,0,3.2142857142857144,0.0,-1.0,2.526339277389844
Darcinópolis,2020-08-30,336,0,4,0,3.2142857142857144,0.0,-1.0,2.526339277389844
Darcinópolis,2020-08-31,336,0,4,0,3.2142857142857144,0.0,-1.0,2.526339277389844
Darcinópolis,2020-09-01,351,15,4,0,3.7857142857142856,0.0,-1.0,2.545307116465824
Darcinópolis,2020-09-02,353,2,4,0,2.4285714285714284,0.0,-1.0,2.5477747053878224
Darcinópolis,2020-09-03,358,5,4,0,2.7142857142857144,0.0,-1.0,2.5538830266438746
Darcinópolis,2020-09-04,361,3,4,0,2.7142857142857144,0.0,-1.0,2.5575072019056577
Darcinópolis,2020-09-05,363,2,4,0,2.857142857142857,0.0,-1.0,2.5599066250361124
Darcinópolis,2020-09-06,363,0,4,0,2.7857142857142856,0.0,-1.0,2.5599066250361124
Darcinópolis,2020-09-07,363,0,4,0,2.642857142857143,0.0,-1.0,2.5599066250361124
Darcinópolis,2020-09-08,363,0,4,0,2.4285714285714284,0.0,-1.0,2.5599066250361124
Darcinópolis,2020-09-09,363,0,4,0,2.142857142857143,0.0,-1.0,2.5599066250361124
Darcinópolis,2020-09-10,370,7,4,0,2.5714285714285716,0.0,,2.568201724066995
Darcinópolis,2020-09-11,370,0,4,0,2.5714285714285716,0.0,,2.568201724066995
Darcinópolis,2020-09-12,373,3,4,0,2.642857142857143,0.0,,2.571708831808688
Darcinópolis,2020-09-13,374,1,4,0,2.7142857142857144,0.0,,2.5728716022004803
Darcinópolis,2020-09-14,374,0,4,0,2.7142857142857144,0.0,,2.5728716022004803
Darcinópolis,2020-09-15,376,2,4,0,1.7857142857142858,0.0,,2.575187844927661
Darcinópolis,2020-09-16,377,1,4,0,1.7142857142857142,0.0,,2.576341350205793
Darcinópolis,2020-09-17,377,0,4,0,1.3571428571428572,0.0,,2.576341350205793
Darcinópolis,2020-09-18,378,1,4,0,1.2142857142857142,0.0,,2.577491799837225
Darcinópolis,2020-09-19,379,1,4,0,1.1428571428571428,0.0,,2.578639209968072
Darcinópolis,2020-09-20,380,1,4,0,1.2142857142857142,0.0,,2.57978359661681
Darcinópolis,2020-09-21,380,0,4,0,1.2142857142857142,0.0,,2.57978359661681
Darcinópolis,2020-09-22,384,4,5,1,1.5,0.07142857142857142,inf,2.584331224367531
Darcinópolis,2020-09-23,384,0,5,0,1.5,0.07142857142857142,inf,2.584331224367531
Darcinópolis,2020-09-24,384,0,5,0,1.0,0.07142857142857142,inf,2.584331224367531
Darcinópolis,2020-09-25,384,0,5,0,1.0,0.07142857142857142,inf,2.584331224367531
Darcinópolis,2020-09-26,386,2,5,0,0.9285714285714286,0.07142857142857142,inf,2.586587304671755
Darcinópolis,2020-09-27,386,0,5,0,0.8571428571428571,0.07142857142857142,inf,2.586587304671755
Darcinópolis,2020-09-28,386,0,5,0,0.8571428571428571,0.07142857142857142,inf,2.586587304671755
Darcinópolis,2020-09-29,387,1,5,0,0.7857142857142857,0.07142857142857142,inf,2.5877109650189114
Darcinópolis,2020-09-30,387,0,5,0,0.7142857142857143,0.07142857142857142,inf,2.5877109650189114
Darcinópolis,2020-10-01,388,1,5,0,0.7857142857142857,0.07142857142857142,inf,2.5888317255942073
Darcinópolis,2020-10-02,389,1,5,0,0.7857142857142857,0.07142857142857142,inf,2.5899496013257077
Darcinópolis,2020-10-03,391,2,5,0,0.8571428571428571,0.07142857142857142,inf,2.5921767573958667
Darcinópolis,2020-10-04,391,0,5,0,0.7857142857142857,0.07142857142857142,inf,2.5921767573958667
Darcinópolis,2020-10-05,391,0,5,0,0.7857142857142857,0.07142857142857142,inf,2.5921767573958667
Darcinópolis,2020-10-06,391,0,5,0,0.5,0.0,-1.0,2.5921767573958667
Darcinópolis,2020-10-07,391,0,5,0,0.5,0.0,-1.0,2.5921767573958667
Darcinópolis,2020-10-08,393,2,5,0,0.6428571428571429,0.0,-1.0,2.5943925503754266
Darcinópolis,2020-10-09,394,1,5,0,0.7142857142857143,0.0,-1.0,2.595496221825574
Darcinópolis,2020-10-10,397,3,5,0,0.7857142857142857,0.0,-1.0,2.598790506763115
Darcinópolis,2020-10-11,398,1,5,0,0.8571428571428571,0.0,-1.0,2.5998830720736876
Darcinópolis,2020-10-12,398,0,5,0,0.8571428571428571,0.0,-1.0,2.5998830720736876
Darcinópolis,2020-10-13,398,0,5,0,0.7857142857142857,0.0,-1.0,2.5998830720736876
Darcinópolis,2020-10-14,401,3,5,0,1.0,0.0,-1.0,2.603144372620182
Darcinópolis,2020-10-15,401,0,5,0,0.9285714285714286,0.0,-1.0,2.603144372620182
Darcinópolis,2020-10-16,400,-1,5,0,0.7857142857142857,0.0,-1.0,2.6020599913279625
Darcinópolis,2020-10-17,401,1,5,0,0.7142857142857143,0.0,-1.0,2.603144372620182
Darcinópolis,2020-10-18,401,0,5,0,0.7142857142857143,0.0,-1.0,2.603144372620182
Darcinópolis,2020-10-19,401,0,5,0,0.7142857142857143,0.0,-1.0,2.603144372620182
Darcinópolis,2020-10-20,403,2,5,0,0.8571428571428571,0.0,,2.6053050461411096
Darcinópolis,2020-10-21,403,0,5,0,0.8571428571428571,0.0,,2.6053050461411096
Darcinópolis,2020-10-22,403,0,5,0,0.7142857142857143,0.0,,2.6053050461411096
Darcinópolis,2020-10-23,407,4,5,0,0.9285714285714286,0.0,,2.60959440922522
Darcinópolis,2020-10-24,412,5,5,0,1.0714285714285714,0.0,,2.6148972160331345
Darcinópolis,2020-10-25,412,0,5,0,1.0,0.0,,2.6148972160331345
Darcinópolis,2020-10-26,412,0,5,0,1.0,0.0,,2.6148972160331345
Darcinópolis,2020-10-27,414,2,5,0,1.1428571428571428,0.0,,2.617000341120899
Darcinópolis,2020-10-28,415,1,5,0,1.0,0.0,,2.6180480967120925
Darcinópolis,2020-10-29,417,2,5,0,1.1428571428571428,0.0,,2.6201360549737576
Darcinópolis,2020-10-30,417,0,5,0,1.2142857142857142,0.0,,2.6201360549737576
Darcinópolis,2020-10-31,417,0,5,0,1.1428571428571428,0.0,,2.6201360549737576
Darcinópolis,2020-11-01,417,0,5,0,1.1428571428571428,0.0,,2.6201360549737576
Darcinópolis,2020-11-02,417,0,5,0,1.1428571428571428,0.0,,2.6201360549737576
Darcinópolis,2020-11-03,417,0,5,0,1.0,0.0,,2.6201360549737576
Darcinópolis,2020-11-04,417,0,5,0,1.0,0.0,,2.6201360549737576
Darcinópolis,2020-11-05,417,0,5,0,1.0,0.0,,2.6201360549737576
Darcinópolis,2020-11-06,417,0,5,0,0.7142857142857143,0.0,,2.6201360549737576
Darcinópolis,2020-11-07,417,0,5,0,0.35714285714285715,0.0,,2.6201360549737576
Darcinópolis,2020-11-08,417,0,5,0,0.35714285714285715,0.0,,2.6201360549737576
Darcinópolis,2020-11-09,417,0,5,0,0.35714285714285715,0.0,,2.6201360549737576
Darcinópolis,2020-11-10,418,1,5,0,0.2857142857142857,0.0,,2.621176281775035
Darcinópolis,2020-11-11,420,2,5,0,0.35714285714285715,0.0,,2.6232492903979003
Darcinópolis,2020-11-12,420,0,5,0,0.21428571428571427,0.0,,2.6232492903979003
Darcinópolis,2020-11-13,420,0,5,0,0.21428571428571427,0.0,,2.6232492903979003
Darcinópolis,2020-11-14,420,0,5,0,0.21428571428571427,0.0,,2.6232492903979003
Darcinópolis,2020-11-15,420,0,5,0,0.21428571428571427,0.0,,2.6232492903979003
Darcinópolis,2020-11-16,420,0,5,0,0.21428571428571427,0.0,,2.6232492903979003
Darcinópolis,2020-11-17,420,0,5,0,0.21428571428571427,0.0,,2.6232492903979003
Darcinópolis,2020-11-18,422,2,5,0,0.35714285714285715,0.0,,2.625312450961674
Darcinópolis,2020-11-19,422,0,5,0,0.35714285714285715,0.0,,2.625312450961674
Darcinópolis,2020-11-20,422,0,5,0,0.35714285714285715,0.0,,2.625312450961674
Darcinópolis,2020-11-21,422,0,5,0,0.35714285714285715,0.0,,2.625312450961674
Darcinópolis,2020-11-22,422,0,5,0,0.35714285714285715,0.0,,2.625312450961674
Darcinópolis,2020-11-23,422,0,5,0,0.35714285714285715,0.0,,2.625312450961674
Darcinópolis,2020-11-24,422,0,5,0,0.2857142857142857,0.0,,2.625312450961674
Darcinópolis,2020-11-25,422,0,5,0,0.14285714285714285,0.0,,2.625312450961674
Darcinópolis,2020-11-26,424,2,5,0,0.2857142857142857,0.0,,2.6273658565927325
Darcinópolis,2020-11-27,432,8,5,0,0.8571428571428571,0.0,,2.635483746814912
Darcinópolis,2020-11-28,433,1,5,0,0.9285714285714286,0.0,,2.6364878963533656
Darcinópolis,2020-11-29,433,0,5,0,0.9285714285714286,0.0,,2.6364878963533656
Darcinópolis,2020-11-30,433,0,5,0,0.9285714285714286,0.0,,2.6364878963533656
Darcinópolis,2020-12-01,434,1,5,0,1.0,0.0,,2.637489729512511
Darcinópolis,2020-12-02,434,0,5,0,0.8571428571428571,0.0,,2.637489729512511
Darcinópolis,2020-12-03,434,0,5,0,0.8571428571428571,0.0,,2.637489729512511
Darcinópolis,2020-12-04,436,2,5,0,1.0,0.0,,2.639486489268586
Darcinópolis,2020-12-05,436,0,5,0,1.0,0.0,,2.639486489268586
Darcinópolis,2020-12-06,436,0,5,0,1.0,0.0,,2.639486489268586
Darcinópolis,2020-12-07,436,0,5,0,1.0,0.0,,2.639486489268586
Darcinópolis,2020-12-08,437,1,5,0,1.0714285714285714,0.0,,2.640481436970422
Darcinópolis,2020-12-09,437,0,5,0,1.0714285714285714,0.0,,2.640481436970422
Darcinópolis,2020-12-10,437,0,5,0,0.9285714285714286,0.0,,2.640481436970422
Darcinópolis,2020-12-11,437,0,5,0,0.35714285714285715,0.0,,2.640481436970422
Darcinópolis,2020-12-12,436,-1,5,0,0.21428571428571427,0.0,,2.639486489268586
Darcinópolis,2020-12-13,436,0,5,0,0.21428571428571427,0.0,,2.639486489268586
Darcinópolis,2020-12-14,439,3,5,0,0.42857142857142855,0.0,,2.6424645202421213
Darcinópolis,2020-12-15,440,1,5,0,0.42857142857142855,0.0,,2.6434526764861874
Darcinópolis,2020-12-16,441,1,5,0,0.5,0.0,,2.6444385894678386
Darcinópolis,2020-12-17,441,0,5,0,0.5,0.0,,2.6444385894678386
Darcinópolis,2020-12-18,442,1,5,0,0.42857142857142855,0.0,,2.645422269349092
Darcinópolis,2020-12-19,442,0,5,0,0.42857142857142855,0.0,,2.645422269349092
Darcinópolis,2020-12-20,443,1,5,0,0.5,0.0,,2.6464037262230695
Darcinópolis,2020-12-21,443,0,5,0,0.5,0.0,,2.6464037262230695
Darcinópolis,2020-12-22,443,0,5,0,0.42857142857142855,0.0,,2.6464037262230695
Darcinópolis,2020-12-23,443,0,5,0,0.42857142857142855,0.0,,2.6464037262230695
Darcinópolis,2020-12-24,443,0,5,0,0.42857142857142855,0.0,,2.6464037262230695
Darcinópolis,2020-12-25,443,0,5,0,0.42857142857142855,0.0,,2.6464037262230695
Darcinópolis,2020-12-26,443,0,5,0,0.5,0.0,,2.6464037262230695
Darcinópolis,2020-12-27,443,0,5,0,0.5,0.0,,2.6464037262230695
Darcinópolis,2020-12-28,443,0,5,0,0.2857142857142857,0.0,,2.6464037262230695
Darcinópolis,2020-12-29,443,0,5,0,0.21428571428571427,0.0,,2.6464037262230695
Darcinópolis,2020-12-30,443,0,5,0,0.14285714285714285,0.0,,2.6464037262230695
Darcinópolis,2020-12-31,445,2,5,0,0.2857142857142857,0.0,,2.6483600109809315
Darcinópolis,2021-01-01,445,0,5,0,0.21428571428571427,0.0,,2.6483600109809315
Darcinópolis,2021-01-02,445,0,5,0,0.21428571428571427,0.0,,2.6483600109809315
Darcinópolis,2021-01-03,445,0,5,0,0.14285714285714285,0.0,,2.6483600109809315
Darcinópolis,2021-01-04,445,0,5,0,0.14285714285714285,0.0,,2.6483600109809315
Darcinópolis,2021-01-05,445,0,5,0,0.14285714285714285,0.0,,2.6483600109809315
Darcinópolis,2021-01-06,445,0,5,0,0.14285714285714285,0.0,,2.6483600109809315
Darcinópolis,2021-01-07,445,0,5,0,0.14285714285714285,0.0,,2.6483600109809315
Darcinópolis,2021-01-08,445,0,5,0,0.14285714285714285,0.0,,2.6483600109809315
Darcinópolis,2021-01-09,444,-1,5,0,0.07142857142857142,0.0,,2.6473829701146196
Darcinópolis,2021-01-10,444,0,5,0,0.07142857142857142,0.0,,2.6473829701146196
Darcinópolis,2021-01-11,444,0,5,0,0.07142857142857142,0.0,,2.6473829701146196
Darcinópolis,2021-01-12,444,0,5,0,0.07142857142857142,0.0,,2.6473829701146196
Darcinópolis,2021-01-13,444,0,5,0,0.07142857142857142,0.0,,2.6473829701146196
Darcinópolis,2021-01-14,444,0,5,0,-0.07142857142857142,0.0,,2.6473829701146196
Darcinópolis,2021-01-15,444,0,5,0,-0.07142857142857142,0.0,,2.6473829701146196
Darcinópolis,2021-01-16,444,0,5,0,-0.07142857142857142,0.0,,2.6473829701146196
Darcinópolis,2021-01-17,444,0,5,0,-0.07142857142857142,0.0,,2.6473829701146196
Darcinópolis,2021-01-18,444,0,5,0,-0.07142857142857142,0.0,,2.6473829701146196
Darcinópolis,2021-01-19,444,0,5,0,-0.07142857142857142,0.0,,2.6473829701146196
Darcinópolis,2021-01-20,444,0,5,0,-0.07142857142857142,0.0,,2.6473829701146196
Dianópolis,2020-03-27,0,0,0,0,,,,0.0
Dianópolis,2020-03-28,0,0,0,0,,,,0.0
Dianópolis,2020-03-29,0,0,0,0,,,,0.0
Dianópolis,2020-03-30,0,0,0,0,,,,0.0
Dianópolis,2020-03-31,0,0,0,0,,,,0.0
Dianópolis,2020-04-01,0,0,0,0,,,,0.0
Dianópolis,2020-04-02,0,0,0,0,,,,0.0
Dianópolis,2020-04-03,0,0,0,0,,,,0.0
Dianópolis,2020-04-04,1,1,0,0,,,,0.0
Dianópolis,2020-04-05,1,0,0,0,,,,0.0
Dianópolis,2020-04-06,1,0,0,0,,,,0.0
Dianópolis,2020-04-07,1,0,0,0,,,,0.0
Dianópolis,2020-04-08,1,0,0,0,,,,0.0
Dianópolis,2020-04-09,1,0,0,0,0.07142857142857142,0.0,,0.0
Dianópolis,2020-04-10,1,0,0,0,0.07142857142857142,0.0,,0.0
Dianópolis,2020-04-11,1,0,0,0,0.07142857142857142,0.0,,0.0
Dianópolis,2020-04-12,1,0,0,0,0.07142857142857142,0.0,,0.0
Dianópolis,2020-04-13,1,0,0,0,0.07142857142857142,0.0,,0.0
Dianópolis,2020-04-14,1,0,0,0,0.07142857142857142,0.0,,0.0
Dianópolis,2020-04-15,1,0,0,0,0.07142857142857142,0.0,,0.0
Dianópolis,2020-04-16,1,0,0,0,0.07142857142857142,0.0,,0.0
Dianópolis,2020-04-17,1,0,0,0,0.07142857142857142,0.0,,0.0
Dianópolis,2020-04-18,1,0,0,0,0.0,0.0,,0.0
Dianópolis,2020-04-19,1,0,0,0,0.0,0.0,,0.0
Dianópolis,2020-04-20,1,0,0,0,0.0,0.0,,0.0
Dianópolis,2020-04-21,1,0,0,0,0.0,0.0,,0.0
Dianópolis,2020-04-22,1,0,0,0,0.0,0.0,,0.0
Dianópolis,2020-04-23,1,0,0,0,0.0,0.0,,0.0
Dianópolis,2020-04-24,1,0,0,0,0.0,0.0,,0.0
Dianópolis,2020-04-25,1,0,0,0,0.0,0.0,,0.0
Dianópolis,2020-04-26,1,0,0,0,0.0,0.0,,0.0
Dianópolis,2020-04-27,1,0,0,0,0.0,0.0,,0.0
Dianópolis,2020-04-28,1,0,0,0,0.0,0.0,,0.0
Dianópolis,2020-04-29,1,0,0,0,0.0,0.0,,0.0
Dianópolis,2020-04-30,1,0,0,0,0.0,0.0,,0.0
Dianópolis,2020-05-01,1,0,0,0,0.0,0.0,,0.0
Dianópolis,2020-05-02,1,0,0,0,0.0,0.0,,0.0
Dianópolis,2020-05-03,1,0,0,0,0.0,0.0,,0.0
Dianópolis,2020-05-04,1,0,0,0,0.0,0.0,,0.0
Dianópolis,2020-05-05,1,0,0,0,0.0,0.0,,0.0
Dianópolis,2020-05-06,1,0,0,0,0.0,0.0,,0.0
Dianópolis,2020-05-07,1,0,0,0,0.0,0.0,,0.0
Dianópolis,2020-05-08,1,0,0,0,0.0,0.0,,0.0
Dianópolis,2020-05-09,1,0,0,0,0.0,0.0,,0.0
Dianópolis,2020-05-10,1,0,0,0,0.0,0.0,,0.0
Dianópolis,2020-05-11,1,0,0,0,0.0,0.0,,0.0
Dianópolis,2020-05-12,1,0,0,0,0.0,0.0,,0.0
Dianópolis,2020-05-13,1,0,0,0,0.0,0.0,,0.0
Dianópolis,2020-05-14,1,0,0,0,0.0,0.0,,0.0
Dianópolis,2020-05-15,1,0,0,0,0.0,0.0,,0.0
Dianópolis,2020-05-16,1,0,0,0,0.0,0.0,,0.0
Dianópolis,2020-05-17,1,0,0,0,0.0,0.0,,0.0
Dianópolis,2020-05-18,1,0,0,0,0.0,0.0,,0.0
Dianópolis,2020-05-19,1,0,0,0,0.0,0.0,,0.0
Dianópolis,2020-05-20,1,0,0,0,0.0,0.0,,0.0
Dianópolis,2020-05-21,1,0,0,0,0.0,0.0,,0.0
Dianópolis,2020-05-22,1,0,0,0,0.0,0.0,,0.0
Dianópolis,2020-05-23,1,0,0,0,0.0,0.0,,0.0
Dianópolis,2020-05-24,1,0,0,0,0.0,0.0,,0.0
Dianópolis,2020-05-25,1,0,0,0,0.0,0.0,,0.0
Dianópolis,2020-05-26,1,0,0,0,0.0,0.0,,0.0
Dianópolis,2020-05-27,1,0,0,0,0.0,0.0,,0.0
Dianópolis,2020-05-28,2,1,0,0,0.07142857142857142,0.0,,0.3010299956639812
Dianópolis,2020-05-29,1,-1,0,0,0.0,0.0,,0.0
Dianópolis,2020-05-30,1,0,0,0,0.0,0.0,,0.0
Dianópolis,2020-05-31,1,0,0,0,0.0,0.0,,0.0
Dianópolis,2020-06-01,1,0,0,0,0.0,0.0,,0.0
Dianópolis,2020-06-02,1,0,0,0,0.0,0.0,,0.0
Dianópolis,2020-06-03,1,0,0,0,0.0,0.0,,0.0
Dianópolis,2020-06-04,2,1,0,0,0.07142857142857142,0.0,,0.3010299956639812
Dianópolis,2020-06-05,2,0,0,0,0.07142857142857142,0.0,,0.3010299956639812
Dianópolis,2020-06-06,2,0,0,0,0.07142857142857142,0.0,,0.3010299956639812
Dianópolis,2020-06-07,2,0,0,0,0.07142857142857142,0.0,,0.3010299956639812
Dianópolis,2020-06-08,2,0,0,0,0.07142857142857142,0.0,,0.3010299956639812
Dianópolis,2020-06-09,2,0,0,0,0.07142857142857142,0.0,,0.3010299956639812
Dianópolis,2020-06-10,2,0,0,0,0.07142857142857142,0.0,,0.3010299956639812
Dianópolis,2020-06-11,2,0,0,0,0.0,0.0,,0.3010299956639812
Dianópolis,2020-06-12,2,0,0,0,0.07142857142857142,0.0,,0.3010299956639812
Dianópolis,2020-06-13,2,0,0,0,0.07142857142857142,0.0,,0.3010299956639812
Dianópolis,2020-06-14,2,0,0,0,0.07142857142857142,0.0,,0.3010299956639812
Dianópolis,2020-06-15,2,0,0,0,0.07142857142857142,0.0,,0.3010299956639812
Dianópolis,2020-06-16,2,0,0,0,0.07142857142857142,0.0,,0.3010299956639812
Dianópolis,2020-06-17,2,0,0,0,0.07142857142857142,0.0,,0.3010299956639812
Dianópolis,2020-06-18,3,1,1,1,0.07142857142857142,0.07142857142857142,inf,0.47712125471966244
Dianópolis,2020-06-19,3,0,1,0,0.07142857142857142,0.07142857142857142,inf,0.47712125471966244
Dianópolis,2020-06-20,3,0,1,0,0.07142857142857142,0.07142857142857142,inf,0.47712125471966244
Dianópolis,2020-06-21,7,4,1,0,0.35714285714285715,0.07142857142857142,inf,0.8450980400142568
Dianópolis,2020-06-22,8,1,1,0,0.42857142857142855,0.07142857142857142,inf,0.9030899869919435
Dianópolis,2020-06-23,9,1,1,0,0.5,0.07142857142857142,inf,0.9542425094393249
Dianópolis,2020-06-24,9,0,1,0,0.5,0.07142857142857142,inf,0.9542425094393249
Dianópolis,2020-06-25,10,1,1,0,0.5714285714285714,0.07142857142857142,inf,1.0
Dianópolis,2020-06-26,11,1,1,0,0.6428571428571429,0.07142857142857142,inf,1.041392685158225
Dianópolis,2020-06-27,12,1,1,0,0.7142857142857143,0.07142857142857142,inf,1.0791812460476249
Dianópolis,2020-06-28,15,3,1,0,0.9285714285714286,0.07142857142857142,inf,1.1760912590556813
Dianópolis,2020-06-29,15,0,1,0,0.9285714285714286,0.07142857142857142,inf,1.1760912590556813
Dianópolis,2020-06-30,17,2,1,0,1.0714285714285714,0.07142857142857142,inf,1.2304489213782739
Dianópolis,2020-07-01,20,3,1,0,1.2857142857142858,0.07142857142857142,inf,1.3010299956639813
Dianópolis,2020-07-02,21,1,1,0,1.2857142857142858,0.0,-1.0,1.3222192947339193
Dianópolis,2020-07-03,21,0,1,0,1.2857142857142858,0.0,-1.0,1.3222192947339193
Dianópolis,2020-07-04,29,8,1,0,1.8571428571428572,0.0,-1.0,1.462397997898956
Dianópolis,2020-07-05,30,1,1,0,1.6428571428571428,0.0,-1.0,1.4771212547196624
Dianópolis,2020-07-06,31,1,2,1,1.6428571428571428,0.07142857142857142,0.0,1.4913616938342726
Dianópolis,2020-07-07,34,3,2,0,1.7857142857142858,0.07142857142857142,0.0,1.5314789170422551
Dianópolis,2020-07-08,42,8,2,0,2.357142857142857,0.07142857142857142,0.0,1.6232492903979006
Dianópolis,2020-07-09,51,9,2,0,2.9285714285714284,0.07142857142857142,0.0,1.7075701760979363
Dianópolis,2020-07-10,57,6,2,0,3.2857142857142856,0.07142857142857142,0.0,1.7558748556724915
Dianópolis,2020-07-11,58,1,2,0,3.2857142857142856,0.07142857142857142,0.0,1.7634279935629373
Dianópolis,2020-07-12,58,0,2,0,3.0714285714285716,0.07142857142857142,0.0,1.7634279935629373
Dianópolis,2020-07-13,58,0,2,0,3.0714285714285716,0.07142857142857142,0.0,1.7634279935629373
Dianópolis,2020-07-14,61,3,2,0,3.142857142857143,0.07142857142857142,0.0,1.7853298350107671
Dianópolis,2020-07-15,67,6,2,0,3.357142857142857,0.07142857142857142,0.0,1.8260748027008264
Dianópolis,2020-07-16,70,3,2,0,3.5,0.07142857142857142,inf,1.845098040014257
Dianópolis,2020-07-17,87,17,2,0,4.714285714285714,0.07142857142857142,inf,1.9395192526186185
Dianópolis,2020-07-18,99,12,2,0,5.0,0.07142857142857142,inf,1.99563519459755
Dianópolis,2020-07-19,100,1,2,0,5.0,0.07142857142857142,inf,2.0
Dianópolis,2020-07-20,100,0,2,0,4.928571428571429,0.0,-1.0,2.0
Dianópolis,2020-07-21,132,32,2,0,7.0,0.0,-1.0,2.12057393120585
Dianópolis,2020-07-22,153,21,2,0,7.928571428571429,0.0,-1.0,2.184691430817599
Dianópolis,2020-07-23,174,21,2,0,8.785714285714286,0.0,-1.0,2.2405492482825995
Dianópolis,2020-07-24,186,12,2,0,9.214285714285714,0.0,-1.0,2.2695129442179165
Dianópolis,2020-07-25,188,2,2,0,9.285714285714286,0.0,-1.0,2.27415784926368
Dianópolis,2020-07-26,190,2,2,0,9.428571428571429,0.0,-1.0,2.278753600952829
Dianópolis,2020-07-27,190,0,2,0,9.428571428571429,0.0,-1.0,2.278753600952829
Dianópolis,2020-07-28,195,5,2,0,9.571428571428571,0.0,-1.0,2.290034611362518
Dianópolis,2020-07-29,198,3,2,0,9.357142857142858,0.0,-1.0,2.296665190261531
Dianópolis,2020-07-30,204,6,2,0,9.571428571428571,0.0,-1.0,2.3096301674258988
Dianópolis,2020-07-31,204,0,3,1,8.357142857142858,0.07142857142857142,0.0,2.3096301674258988
Dianópolis,2020-08-01,203,-1,3,0,7.428571428571429,0.07142857142857142,0.0,2.307496037913213
Dianópolis,2020-08-02,218,15,3,0,8.428571428571429,0.07142857142857142,0.0,2.3384564936046046
Dianópolis,2020-08-03,218,0,3,0,8.428571428571429,0.07142857142857142,inf,2.3384564936046046
Dianópolis,2020-08-04,223,5,3,0,6.5,0.07142857142857142,inf,2.3483048630481607
Dianópolis,2020-08-05,228,5,3,0,5.357142857142857,0.07142857142857142,inf,2.357934847000454
Dianópolis,2020-08-06,232,4,3,0,4.142857142857143,0.07142857142857142,inf,2.3654879848909
Dianópolis,2020-08-07,238,6,3,0,3.7142857142857144,0.07142857142857142,inf,2.376576957056512
Dianópolis,2020-08-08,240,2,3,0,3.7142857142857144,0.07142857142857142,inf,2.380211241711606
Dianópolis,2020-08-09,240,0,4,1,3.5714285714285716,0.14285714285714285,inf,2.380211241711606
Dianópolis,2020-08-10,241,1,5,1,3.642857142857143,0.21428571428571427,inf,2.3820170425748683
Dianópolis,2020-08-11,248,7,5,0,3.7857142857142856,0.21428571428571427,inf,2.3944516808262164
Dianópolis,2020-08-12,251,3,5,0,3.7857142857142856,0.21428571428571427,inf,2.399673721481038
Dianópolis,2020-08-13,256,5,5,0,3.7142857142857144,0.21428571428571427,inf,2.4082399653118496
Dianópolis,2020-08-14,254,-2,5,0,3.5714285714285716,0.14285714285714285,1.0,2.404833716619938
Dianópolis,2020-08-15,257,3,5,0,3.857142857142857,0.14285714285714285,1.0,2.4099331233312946
Dianópolis,2020-08-16,257,0,5,0,2.7857142857142856,0.14285714285714285,1.0,2.4099331233312946
Dianópolis,2020-08-17,257,0,5,0,2.7857142857142856,0.14285714285714285,1.0,2.4099331233312946
Dianópolis,2020-08-18,267,10,6,1,3.142857142857143,0.21428571428571427,2.0,2.4265112613645754
Dianópolis,2020-08-19,269,2,6,0,2.9285714285714284,0.21428571428571427,2.0,2.429752280002408
Dianópolis,2020-08-20,267,-2,6,0,2.5,0.21428571428571427,2.0,2.4265112613645754
Dianópolis,2020-08-21,269,2,6,0,2.2142857142857144,0.21428571428571427,2.0,2.429752280002408
Dianópolis,2020-08-22,275,6,6,0,2.5,0.21428571428571427,2.0,2.439332693830263
Dianópolis,2020-08-23,276,1,6,0,2.5714285714285716,0.14285714285714285,0.0,2.4409090820652177
Dianópolis,2020-08-24,276,0,6,0,2.5,0.07142857142857142,-0.6666666666666666,2.4409090820652177
Dianópolis,2020-08-25,291,15,6,0,3.0714285714285716,0.07142857142857142,-0.6666666666666666,2.4638929889859074
Dianópolis,2020-08-26,293,2,6,0,3.0,0.07142857142857142,-0.6666666666666666,2.4668676203541096
Dianópolis,2020-08-27,295,2,6,0,2.7857142857142856,0.07142857142857142,-0.6666666666666666,2.469822015978163
Dianópolis,2020-08-28,298,3,6,0,3.142857142857143,0.07142857142857142,-0.5,2.4742162640762553
Dianópolis,2020-08-29,300,2,6,0,3.0714285714285716,0.07142857142857142,-0.5,2.4771212547196626
Dianópolis,2020-08-30,300,0,6,0,3.0714285714285716,0.07142857142857142,-0.5,2.4771212547196626
Dianópolis,2020-08-31,300,0,6,0,3.0714285714285716,0.07142857142857142,-0.5,2.4771212547196626
Dianópolis,2020-09-01,308,8,6,0,2.9285714285714284,0.0,-1.0,2.4885507165004443
Dianópolis,2020-09-02,310,2,7,1,2.9285714285714284,0.07142857142857142,-0.6666666666666666,2.4913616938342726
Dianópolis,2020-09-03,315,5,7,0,3.4285714285714284,0.07142857142857142,-0.6666666666666666,2.4983105537896004
Dianópolis,2020-09-04,321,6,7,0,3.7142857142857144,0.07142857142857142,-0.6666666666666666,2.506505032404872
Dianópolis,2020-09-05,325,4,7,0,3.5714285714285716,0.07142857142857142,-0.6666666666666666,2.5118833609788744
Dianópolis,2020-09-06,325,0,7,0,3.5,0.07142857142857142,-0.5,2.5118833609788744
Dianópolis,2020-09-07,325,0,7,0,3.5,0.07142857142857142,0.0,2.5118833609788744
Dianópolis,2020-09-08,328,3,7,0,2.642857142857143,0.07142857142857142,0.0,2.515873843711679
Dianópolis,2020-09-09,330,2,8,1,2.642857142857143,0.14285714285714285,1.0,2.5185139398778875
Dianópolis,2020-09-10,332,2,8,0,2.642857142857143,0.14285714285714285,1.0,2.5211380837040362
Dianópolis,2020-09-11,333,1,8,0,2.5,0.14285714285714285,1.0,2.5224442335063197
Dianópolis,2020-09-12,335,2,8,0,2.5,0.14285714285714285,1.0,2.525044807036845
Dianópolis,2020-09-13,335,0,8,0,2.5,0.14285714285714285,1.0,2.525044807036845
Dianópolis,2020-09-14,335,0,8,0,2.5,0.14285714285714285,1.0,2.525044807036845
Dianópolis,2020-09-15,345,10,8,0,2.642857142857143,0.14285714285714285,inf,2.537819095073274
Dianópolis,2020-09-16,347,2,8,0,2.642857142857143,0.07142857142857142,0.0,2.5403294747908736
Dianópolis,2020-09-17,352,5,8,0,2.642857142857143,0.07142857142857142,0.0,2.546542663478131
Dianópolis,2020-09-18,353,1,8,0,2.2857142857142856,0.07142857142857142,0.0,2.5477747053878224
Dianópolis,2020-09-19,357,4,8,0,2.2857142857142856,0.07142857142857142,0.0,2.552668216112193
Dianópolis,2020-09-20,357,0,8,0,2.2857142857142856,0.07142857142857142,0.0,2.552668216112193
Dianópolis,2020-09-21,357,0,8,0,2.2857142857142856,0.07142857142857142,0.0,2.552668216112193
Dianópolis,2020-09-22,366,9,8,0,2.7142857142857144,0.07142857142857142,0.0,2.5634810853944106
Dianópolis,2020-09-23,367,1,8,0,2.642857142857143,0.0,-1.0,2.5646660642520893
Dianópolis,2020-09-24,375,8,8,0,3.0714285714285716,0.0,-1.0,2.574031267727719
Dianópolis,2020-09-25,376,1,8,0,3.0714285714285716,0.0,-1.0,2.575187844927661
Dianópolis,2020-09-26,381,5,8,0,3.2857142857142856,0.0,-1.0,2.5809249756756194
Dianópolis,2020-09-27,381,0,8,0,3.2857142857142856,0.0,-1.0,2.5809249756756194
Dianópolis,2020-09-28,386,5,8,0,3.642857142857143,0.0,-1.0,2.586587304671755
Dianópolis,2020-09-29,389,3,8,0,3.142857142857143,0.0,-1.0,2.5899496013257077
Dianópolis,2020-09-30,391,2,8,0,3.142857142857143,0.0,-1.0,2.5921767573958667
Dianópolis,2020-10-01,393,2,8,0,2.9285714285714284,0.0,-1.0,2.5943925503754266
Dianópolis,2020-10-02,395,2,8,0,3.0,0.0,-1.0,2.59659709562646
Dianópolis,2020-10-03,400,5,8,0,3.0714285714285716,0.0,-1.0,2.6020599913279625
Dianópolis,2020-10-04,400,0,8,0,3.0714285714285716,0.0,-1.0,2.6020599913279625
Dianópolis,2020-10-05,400,0,8,0,3.0714285714285716,0.0,-1.0,2.6020599913279625
Dianópolis,2020-10-06,400,0,8,0,2.4285714285714284,0.0,-1.0,2.6020599913279625
Dianópolis,2020-10-07,403,3,8,0,2.5714285714285716,0.0,,2.6053050461411096
Dianópolis,2020-10-08,407,4,9,1,2.2857142857142856,0.07142857142857142,inf,2.60959440922522
Dianópolis,2020-10-09,407,0,9,0,2.2142857142857144,0.07142857142857142,inf,2.60959440922522
Dianópolis,2020-10-10,408,1,9,0,1.9285714285714286,0.07142857142857142,inf,2.61066016308988
Dianópolis,2020-10-11,408,0,9,0,1.9285714285714286,0.07142857142857142,inf,2.61066016308988
Dianópolis,2020-10-12,408,0,9,0,1.5714285714285714,0.07142857142857142,inf,2.61066016308988
Dianópolis,2020-10-13,408,0,9,0,1.3571428571428572,0.07142857142857142,inf,2.61066016308988
Dianópolis,2020-10-14,408,0,9,0,1.2142857142857142,0.07142857142857142,inf,2.61066016308988
Dianópolis,2020-10-15,409,1,9,0,1.1428571428571428,0.07142857142857142,inf,2.611723308007342
Dianópolis,2020-10-16,410,1,9,0,1.0714285714285714,0.07142857142857142,inf,2.6127838567197355
Dianópolis,2020-10-17,411,1,9,0,0.7857142857142857,0.07142857142857142,inf,2.6138418218760693
Dianópolis,2020-10-18,411,0,9,0,0.7857142857142857,0.07142857142857142,inf,2.6138418218760693
Dianópolis,2020-10-19,412,1,9,0,0.8571428571428571,0.07142857142857142,inf,2.6148972160331345
Dianópolis,2020-10-20,412,0,9,0,0.8571428571428571,0.07142857142857142,inf,2.6148972160331345
Dianópolis,2020-10-21,412,0,9,0,0.6428571428571429,0.07142857142857142,inf,2.6148972160331345
Dianópolis,2020-10-22,419,7,9,0,0.8571428571428571,0.0,-1.0,2.622214022966295
Dianópolis,2020-10-23,419,0,9,0,0.8571428571428571,0.0,-1.0,2.622214022966295
Dianópolis,2020-10-24,419,0,9,0,0.7857142857142857,0.0,-1.0,2.622214022966295
Dianópolis,2020-10-25,419,0,9,0,0.7857142857142857,0.0,-1.0,2.622214022966295
Dianópolis,2020-10-26,419,0,9,0,0.7857142857142857,0.0,-1.0,2.622214022966295
Dianópolis,2020-10-27,421,2,9,0,0.9285714285714286,0.0,-1.0,2.6242820958356683
Dianópolis,2020-10-28,422,1,9,0,1.0,0.0,-1.0,2.625312450961674
Dianópolis,2020-10-29,423,1,9,0,1.0,0.0,-1.0,2.6263403673750423
Dianópolis,2020-10-30,423,0,9,0,0.9285714285714286,0.0,-1.0,2.6263403673750423
Dianópolis,2020-10-31,423,0,9,0,0.8571428571428571,0.0,-1.0,2.6263403673750423
Dianópolis,2020-11-01,425,2,9,0,1.0,0.0,-1.0,2.6283889300503116
Dianópolis,2020-11-02,425,0,9,0,0.9285714285714286,0.0,-1.0,2.6283889300503116
Dianópolis,2020-11-03,425,0,9,0,0.9285714285714286,0.0,-1.0,2.6283889300503116
Dianópolis,2020-11-04,425,0,9,0,0.9285714285714286,0.0,-1.0,2.6283889300503116
Dianópolis,2020-11-05,425,0,9,0,0.42857142857142855,0.0,,2.6283889300503116
Dianópolis,2020-11-06,425,0,9,0,0.42857142857142855,0.0,,2.6283889300503116
Dianópolis,2020-11-07,425,0,9,0,0.42857142857142855,0.0,,2.6283889300503116
Dianópolis,2020-11-08,426,1,9,0,0.5,0.0,,2.629409599102719
Dianópolis,2020-11-09,426,0,9,0,0.5,0.0,,2.629409599102719
Dianópolis,2020-11-10,427,1,9,0,0.42857142857142855,0.0,,2.630427875025024
Dianópolis,2020-11-11,429,2,9,0,0.5,0.0,,2.632457292184724
Dianópolis,2020-11-12,429,0,9,0,0.42857142857142855,0.0,,2.632457292184724
Dianópolis,2020-11-13,429,0,9,0,0.42857142857142855,0.0,,2.632457292184724
Dianópolis,2020-11-14,429,0,9,0,0.42857142857142855,0.0,,2.632457292184724
Dianópolis,2020-11-15,429,0,9,0,0.2857142857142857,0.0,,2.632457292184724
Dianópolis,2020-11-16,429,0,9,0,0.2857142857142857,0.0,,2.632457292184724
Dianópolis,2020-11-17,430,1,9,0,0.35714285714285715,0.0,,2.6334684555795866
Dianópolis,2020-11-18,431,1,9,0,0.42857142857142855,0.0,,2.6344772701607315
Dianópolis,2020-11-19,431,0,9,0,0.42857142857142855,0.0,,2.6344772701607315
Dianópolis,2020-11-20,432,1,9,0,0.5,0.0,,2.635483746814912
Dianópolis,2020-11-21,432,0,9,0,0.5,0.0,,2.635483746814912
Dianópolis,2020-11-22,432,0,9,0,0.42857142857142855,0.0,,2.635483746814912
Dianópolis,2020-11-23,432,0,9,0,0.42857142857142855,0.0,,2.635483746814912
Dianópolis,2020-11-24,432,0,9,0,0.35714285714285715,0.0,,2.635483746814912
Dianópolis,2020-11-25,432,0,9,0,0.21428571428571427,0.0,,2.635483746814912
Dianópolis,2020-11-26,432,0,9,0,0.21428571428571427,0.0,,2.635483746814912
Dianópolis,2020-11-27,435,3,9,0,0.42857142857142855,0.0,,2.6384892569546374
Dianópolis,2020-11-28,435,0,9,0,0.42857142857142855,0.0,,2.6384892569546374
Dianópolis,2020-11-29,436,1,9,0,0.5,0.0,,2.639486489268586
Dianópolis,2020-11-30,436,0,9,0,0.5,0.0,,2.639486489268586
Dianópolis,2020-12-01,439,3,9,0,0.6428571428571429,0.0,,2.6424645202421213
Dianópolis,2020-12-02,440,1,9,0,0.6428571428571429,0.0,,2.6434526764861874
Dianópolis,2020-12-03,443,3,9,0,0.8571428571428571,0.0,,2.6464037262230695
Dianópolis,2020-12-04,445,2,9,0,0.9285714285714286,0.0,,2.6483600109809315
Dianópolis,2020-12-05,448,3,9,0,1.1428571428571428,0.0,,2.651278013998144
Dianópolis,2020-12-06,448,0,9,0,1.1428571428571428,0.0,,2.651278013998144
Dianópolis,2020-12-07,448,0,9,0,1.1428571428571428,0.0,,2.651278013998144
Dianópolis,2020-12-08,449,1,9,0,1.2142857142857142,0.0,,2.6522463410033232
Dianópolis,2020-12-09,453,4,9,0,1.5,0.0,,2.656098202012832
Dianópolis,2020-12-10,458,5,9,0,1.8571428571428572,0.0,,2.660865478003869
Dianópolis,2020-12-11,458,0,9,0,1.6428571428571428,0.0,,2.660865478003869
Dianópolis,2020-12-12,459,1,9,0,1.7142857142857142,0.0,,2.661812685537261
Dianópolis,2020-12-13,459,0,9,0,1.6428571428571428,0.0,,2.661812685537261
Dianópolis,2020-12-14,461,2,9,0,1.7857142857142858,0.0,,2.663700925389648
Dianópolis,2020-12-15,462,1,9,0,1.6428571428571428,0.0,,2.6646419755561257
Dianópolis,2020-12-16,466,4,9,0,1.8571428571428572,0.0,,2.66838591669
Dianópolis,2020-12-17,467,1,9,0,1.7142857142857142,0.0,,2.6693168805661123
Dianópolis,2020-12-18,467,0,9,0,1.5714285714285714,0.0,,2.6693168805661123
Dianópolis,2020-12-19,478,11,9,0,2.142857142857143,0.0,,2.6794278966121188
Dianópolis,2020-12-20,479,1,9,0,2.2142857142857144,0.0,,2.680335513414563
Dianópolis,2020-12-21,480,1,9,0,2.2857142857142856,0.0,,2.681241237375587
Dianópolis,2020-12-22,484,4,9,0,2.5,0.0,,2.6848453616444123
Dianópolis,2020-12-23,489,5,9,0,2.5714285714285716,0.0,,2.6893088591236203
Dianópolis,2020-12-24,489,0,9,0,2.2142857142857144,0.0,,2.6893088591236203
Dianópolis,2020-12-25,489,0,9,0,2.2142857142857144,0.0,,2.6893088591236203
Dianópolis,2020-12-26,489,0,9,0,2.142857142857143,0.0,,2.6893088591236203
Dianópolis,2020-12-27,489,0,9,0,2.142857142857143,0.0,,2.6893088591236203
Dianópolis,2020-12-28,490,1,9,0,2.0714285714285716,0.0,,2.690196080028514
Dianópolis,2020-12-29,491,1,9,0,2.0714285714285716,0.0,,2.6910814921229687
Dianópolis,2020-12-30,495,4,9,0,2.0714285714285716,0.0,,2.694605198933569
Dianópolis,2020-12-31,497,2,9,0,2.142857142857143,0.0,,2.6963563887333324
Dianópolis,2021-01-01,497,0,9,0,2.142857142857143,0.0,,2.6963563887333324
Dianópolis,2021-01-02,497,0,9,0,1.3571428571428572,0.0,,2.6963563887333324
Dianópolis,2021-01-03,497,0,9,0,1.2857142857142858,0.0,,2.6963563887333324
Dianópolis,2021-01-04,497,0,9,0,1.2142857142857142,0.0,,2.6963563887333324
Dianópolis,2021-01-05,498,1,9,0,1.0,0.0,,2.6972293427597176
Dianópolis,2021-01-06,519,21,9,0,2.142857142857143,0.0,,2.7151673578484576
Dianópolis,2021-01-07,519,0,9,0,2.142857142857143,0.0,,2.7151673578484576
Dianópolis,2021-01-08,520,1,9,0,2.2142857142857144,0.0,,2.716003343634799
Dianópolis,2021-01-09,540,20,9,0,3.642857142857143,0.0,,2.7323937598229686
Dianópolis,2021-01-10,557,17,9,0,4.857142857142857,0.0,,2.745855195173729
Dianópolis,2021-01-11,559,2,9,0,4.928571428571429,0.0,,2.747411807886423
Dianópolis,2021-01-12,571,12,9,0,5.714285714285714,0.0,,2.756636108245848
Dianópolis,2021-01-13,581,10,9,0,6.142857142857143,0.0,,2.7641761323903307
Dianópolis,2021-01-14,595,14,9,0,7.0,0.0,,2.7745169657285498
Dianópolis,2021-01-15,602,7,9,0,7.5,0.0,,2.7795964912578244
Dianópolis,2021-01-16,604,2,9,0,7.642857142857143,0.0,,2.7810369386211318
Dianópolis,2021-01-17,611,7,9,0,8.142857142857142,0.0,,2.786041210242554
Dianópolis,2021-01-18,611,0,9,0,8.142857142857142,0.0,,2.786041210242554
Dianópolis,2021-01-19,625,14,9,0,9.071428571428571,0.0,,2.7958800173440754
Dianópolis,2021-01-20,626,1,9,0,7.642857142857143,0.0,,2.7965743332104296
Divinópolis do Tocantins,2020-03-27,0,0,0,0,,,,0.0
Divinópolis do Tocantins,2020-03-28,0,0,0,0,,,,0.0
Divinópolis do Tocantins,2020-03-29,0,0,0,0,,,,0.0
Divinópolis do Tocantins,2020-03-30,0,0,0,0,,,,0.0
Divinópolis do Tocantins,2020-03-31,0,0,0,0,,,,0.0
Divinópolis do Tocantins,2020-04-01,0,0,0,0,,,,0.0
Divinópolis do Tocantins,2020-04-02,0,0,0,0,,,,0.0
Divinópolis do Tocantins,2020-04-03,0,0,0,0,,,,0.0
Divinópolis do Tocantins,2020-04-04,0,0,0,0,,,,0.0
Divinópolis do Tocantins,2020-04-05,0,0,0,0,,,,0.0
Divinópolis do Tocantins,2020-04-06,0,0,0,0,,,,0.0
Divinópolis do Tocantins,2020-04-07,0,0,0,0,,,,0.0
Divinópolis do Tocantins,2020-04-08,0,0,0,0,,,,0.0
Divinópolis do Tocantins,2020-04-09,0,0,0,0,0.0,0.0,,0.0
Divinópolis do Tocantins,2020-04-10,0,0,0,0,0.0,0.0,,0.0
Divinópolis do Tocantins,2020-04-11,0,0,0,0,0.0,0.0,,0.0
Divinópolis do Tocantins,2020-04-12,0,0,0,0,0.0,0.0,,0.0
Divinópolis do Tocantins,2020-04-13,0,0,0,0,0.0,0.0,,0.0
Divinópolis do Tocantins,2020-04-14,0,0,0,0,0.0,0.0,,0.0
Divinópolis do Tocantins,2020-04-15,0,0,0,0,0.0,0.0,,0.0
Divinópolis do Tocantins,2020-04-16,0,0,0,0,0.0,0.0,,0.0
Divinópolis do Tocantins,2020-04-17,0,0,0,0,0.0,0.0,,0.0
Divinópolis do Tocantins,2020-04-18,0,0,0,0,0.0,0.0,,0.0
Divinópolis do Tocantins,2020-04-19,0,0,0,0,0.0,0.0,,0.0
Divinópolis do Tocantins,2020-04-20,0,0,0,0,0.0,0.0,,0.0
Divinópolis do Tocantins,2020-04-21,0,0,0,0,0.0,0.0,,0.0
Divinópolis do Tocantins,2020-04-22,0,0,0,0,0.0,0.0,,0.0
Divinópolis do Tocantins,2020-04-23,0,0,0,0,0.0,0.0,,0.0
Divinópolis do Tocantins,2020-04-24,0,0,0,0,0.0,0.0,,0.0
Divinópolis do Tocantins,2020-04-25,0,0,0,0,0.0,0.0,,0.0
Divinópolis do Tocantins,2020-04-26,0,0,0,0,0.0,0.0,,0.0
Divinópolis do Tocantins,2020-04-27,0,0,0,0,0.0,0.0,,0.0
Divinópolis do Tocantins,2020-04-28,0,0,0,0,0.0,0.0,,0.0
Divinópolis do Tocantins,2020-04-29,0,0,0,0,0.0,0.0,,0.0
Divinópolis do Tocantins,2020-04-30,0,0,0,0,0.0,0.0,,0.0
Divinópolis do Tocantins,2020-05-01,0,0,0,0,0.0,0.0,,0.0
Divinópolis do Tocantins,2020-05-02,0,0,0,0,0.0,0.0,,0.0
Divinópolis do Tocantins,2020-05-03,0,0,0,0,0.0,0.0,,0.0
Divinópolis do Tocantins,2020-05-04,0,0,0,0,0.0,0.0,,0.0
Divinópolis do Tocantins,2020-05-05,0,0,0,0,0.0,0.0,,0.0
Divinópolis do Tocantins,2020-05-06,0,0,0,0,0.0,0.0,,0.0
Divinópolis do Tocantins,2020-05-07,0,0,0,0,0.0,0.0,,0.0
Divinópolis do Tocantins,2020-05-08,0,0,0,0,0.0,0.0,,0.0
Divinópolis do Tocantins,2020-05-09,0,0,0,0,0.0,0.0,,0.0
Divinópolis do Tocantins,2020-05-10,0,0,0,0,0.0,0.0,,0.0
Divinópolis do Tocantins,2020-05-11,0,0,0,0,0.0,0.0,,0.0
Divinópolis do Tocantins,2020-05-12,0,0,0,0,0.0,0.0,,0.0
Divinópolis do Tocantins,2020-05-13,0,0,0,0,0.0,0.0,,0.0
Divinópolis do Tocantins,2020-05-14,0,0,0,0,0.0,0.0,,0.0
Divinópolis do Tocantins,2020-05-15,0,0,0,0,0.0,0.0,,0.0
Divinópolis do Tocantins,2020-05-16,0,0,0,0,0.0,0.0,,0.0
Divinópolis do Tocantins,2020-05-17,0,0,0,0,0.0,0.0,,0.0
Divinópolis do Tocantins,2020-05-18,0,0,0,0,0.0,0.0,,0.0
Divinópolis do Tocantins,2020-05-19,0,0,0,0,0.0,0.0,,0.0
Divinópolis do Tocantins,2020-05-20,0,0,0,0,0.0,0.0,,0.0
Divinópolis do Tocantins,2020-05-21,0,0,0,0,0.0,0.0,,0.0
Divinópolis do Tocantins,2020-05-22,1,1,0,0,0.07142857142857142,0.0,,0.0
Divinópolis do Tocantins,2020-05-23,1,0,0,0,0.07142857142857142,0.0,,0.0
Divinópolis do Tocantins,2020-05-24,1,0,0,0,0.07142857142857142,0.0,,0.0
Divinópolis do Tocantins,2020-05-25,1,0,0,0,0.07142857142857142,0.0,,0.0
Divinópolis do Tocantins,2020-05-26,1,0,0,0,0.07142857142857142,0.0,,0.0
Divinópolis do Tocantins,2020-05-27,2,1,0,0,0.14285714285714285,0.0,,0.3010299956639812
Divinópolis do Tocantins,2020-05-28,2,0,0,0,0.14285714285714285,0.0,,0.3010299956639812
Divinópolis do Tocantins,2020-05-29,2,0,0,0,0.14285714285714285,0.0,,0.3010299956639812
Divinópolis do Tocantins,2020-05-30,2,0,0,0,0.14285714285714285,0.0,,0.3010299956639812
Divinópolis do Tocantins,2020-05-31,2,0,0,0,0.14285714285714285,0.0,,0.3010299956639812
Divinópolis do Tocantins,2020-06-01,2,0,0,0,0.14285714285714285,0.0,,0.3010299956639812
Divinópolis do Tocantins,2020-06-02,2,0,0,0,0.14285714285714285,0.0,,0.3010299956639812
Divinópolis do Tocantins,2020-06-03,2,0,0,0,0.14285714285714285,0.0,,0.3010299956639812
Divinópolis do Tocantins,2020-06-04,2,0,0,0,0.14285714285714285,0.0,,0.3010299956639812
Divinópolis do Tocantins,2020-06-05,2,0,0,0,0.07142857142857142,0.0,,0.3010299956639812
Divinópolis do Tocantins,2020-06-06,2,0,0,0,0.07142857142857142,0.0,,0.3010299956639812
Divinópolis do Tocantins,2020-06-07,3,1,0,0,0.14285714285714285,0.0,,0.47712125471966244
Divinópolis do Tocantins,2020-06-08,3,0,0,0,0.14285714285714285,0.0,,0.47712125471966244
Divinópolis do Tocantins,2020-06-09,3,0,0,0,0.14285714285714285,0.0,,0.47712125471966244
Divinópolis do Tocantins,2020-06-10,3,0,0,0,0.07142857142857142,0.0,,0.47712125471966244
Divinópolis do Tocantins,2020-06-11,4,1,0,0,0.14285714285714285,0.0,,0.6020599913279624
Divinópolis do Tocantins,2020-06-12,4,0,0,0,0.14285714285714285,0.0,,0.6020599913279624
Divinópolis do Tocantins,2020-06-13,4,0,0,0,0.14285714285714285,0.0,,0.6020599913279624
Divinópolis do Tocantins,2020-06-14,4,0,0,0,0.14285714285714285,0.0,,0.6020599913279624
Divinópolis do Tocantins,2020-06-15,4,0,0,0,0.14285714285714285,0.0,,0.6020599913279624
Divinópolis do Tocantins,2020-06-16,4,0,0,0,0.14285714285714285,0.0,,0.6020599913279624
Divinópolis do Tocantins,2020-06-17,4,0,0,0,0.14285714285714285,0.0,,0.6020599913279624
Divinópolis do Tocantins,2020-06-18,5,1,0,0,0.21428571428571427,0.0,,0.6989700043360189
Divinópolis do Tocantins,2020-06-19,4,-1,0,0,0.14285714285714285,0.0,,0.6020599913279624
Divinópolis do Tocantins,2020-06-20,4,0,0,0,0.14285714285714285,0.0,,0.6020599913279624
Divinópolis do Tocantins,2020-06-21,4,0,0,0,0.07142857142857142,0.0,,0.6020599913279624
Divinópolis do Tocantins,2020-06-22,4,0,0,0,0.07142857142857142,0.0,,0.6020599913279624
Divinópolis do Tocantins,2020-06-23,4,0,0,0,0.07142857142857142,0.0,,0.6020599913279624
Divinópolis do Tocantins,2020-06-24,4,0,0,0,0.07142857142857142,0.0,,0.6020599913279624
Divinópolis do Tocantins,2020-06-25,4,0,0,0,0.0,0.0,,0.6020599913279624
Divinópolis do Tocantins,2020-06-26,4,0,0,0,0.0,0.0,,0.6020599913279624
Divinópolis do Tocantins,2020-06-27,5,1,0,0,0.07142857142857142,0.0,,0.6989700043360189
Divinópolis do Tocantins,2020-06-28,5,0,0,0,0.07142857142857142,0.0,,0.6989700043360189
Divinópolis do Tocantins,2020-06-29,5,0,0,0,0.07142857142857142,0.0,,0.6989700043360189
Divinópolis do Tocantins,2020-06-30,5,0,0,0,0.07142857142857142,0.0,,0.6989700043360189
Divinópolis do Tocantins,2020-07-01,5,0,0,0,0.07142857142857142,0.0,,0.6989700043360189
Divinópolis do Tocantins,2020-07-02,5,0,0,0,0.0,0.0,,0.6989700043360189
Divinópolis do Tocantins,2020-07-03,5,0,0,0,0.07142857142857142,0.0,,0.6989700043360189
Divinópolis do Tocantins,2020-07-04,5,0,0,0,0.07142857142857142,0.0,,0.6989700043360189
Divinópolis do Tocantins,2020-07-05,5,0,0,0,0.07142857142857142,0.0,,0.6989700043360189
Divinópolis do Tocantins,2020-07-06,5,0,0,0,0.07142857142857142,0.0,,0.6989700043360189
Divinópolis do Tocantins,2020-07-07,5,0,0,0,0.07142857142857142,0.0,,0.6989700043360189
Divinópolis do Tocantins,2020-07-08,5,0,0,0,0.07142857142857142,0.0,,0.6989700043360189
Divinópolis do Tocantins,2020-07-09,5,0,0,0,0.07142857142857142,0.0,,0.6989700043360189
Divinópolis do Tocantins,2020-07-10,5,0,0,0,0.07142857142857142,0.0,,0.6989700043360189
Divinópolis do Tocantins,2020-07-11,5,0,0,0,0.0,0.0,,0.6989700043360189
Divinópolis do Tocantins,2020-07-12,5,0,0,0,0.0,0.0,,0.6989700043360189
Divinópolis do Tocantins,2020-07-13,5,0,0,0,0.0,0.0,,0.6989700043360189
Divinópolis do Tocantins,2020-07-14,5,0,0,0,0.0,0.0,,0.6989700043360189
Divinópolis do Tocantins,2020-07-15,5,0,0,0,0.0,0.0,,0.6989700043360189
Divinópolis do Tocantins,2020-07-16,6,1,0,0,0.07142857142857142,0.0,,0.7781512503836436
Divinópolis do Tocantins,2020-07-17,5,-1,0,0,0.0,0.0,,0.6989700043360189
Divinópolis do Tocantins,2020-07-18,5,0,0,0,0.0,0.0,,0.6989700043360189
Divinópolis do Tocantins,2020-07-19,5,0,0,0,0.0,0.0,,0.6989700043360189
Divinópolis do Tocantins,2020-07-20,6,1,0,0,0.07142857142857142,0.0,,0.7781512503836436
Divinópolis do Tocantins,2020-07-21,6,0,0,0,0.07142857142857142,0.0,,0.7781512503836436
Divinópolis do Tocantins,2020-07-22,8,2,0,0,0.21428571428571427,0.0,,0.9030899869919435
Divinópolis do Tocantins,2020-07-23,8,0,0,0,0.21428571428571427,0.0,,0.9030899869919435
Divinópolis do Tocantins,2020-07-24,9,1,0,0,0.2857142857142857,0.0,,0.9542425094393249
Divinópolis do Tocantins,2020-07-25,9,0,0,0,0.2857142857142857,0.0,,0.9542425094393249
Divinópolis do Tocantins,2020-07-26,9,0,0,0,0.2857142857142857,0.0,,0.9542425094393249
Divinópolis do Tocantins,2020-07-27,9,0,0,0,0.2857142857142857,0.0,,0.9542425094393249
Divinópolis do Tocantins,2020-07-28,9,0,0,0,0.2857142857142857,0.0,,0.9542425094393249
Divinópolis do Tocantins,2020-07-29,9,0,0,0,0.2857142857142857,0.0,,0.9542425094393249
Divinópolis do Tocantins,2020-07-30,12,3,0,0,0.42857142857142855,0.0,,1.0791812460476249
Divinópolis do Tocantins,2020-07-31,12,0,0,0,0.5,0.0,,1.0791812460476249
Divinópolis do Tocantins,2020-08-01,15,3,0,0,0.7142857142857143,0.0,,1.1760912590556813
Divinópolis do Tocantins,2020-08-02,22,7,0,0,1.2142857142857142,0.0,,1.3424226808222062
Divinópolis do Tocantins,2020-08-03,26,4,0,0,1.4285714285714286,0.0,,1.414973347970818
Divinópolis do Tocantins,2020-08-04,27,1,0,0,1.5,0.0,,1.4313637641589874
Divinópolis do Tocantins,2020-08-05,27,0,0,0,1.3571428571428572,0.0,,1.4313637641589874
Divinópolis do Tocantins,2020-08-06,33,6,0,0,1.7857142857142858,0.0,,1.5185139398778875
Divinópolis do Tocantins,2020-08-07,33,0,0,0,1.7142857142857142,0.0,,1.5185139398778875
Divinópolis do Tocantins,2020-08-08,35,2,0,0,1.8571428571428572,0.0,,1.5440680443502757
Divinópolis do Tocantins,2020-08-09,36,1,0,0,1.9285714285714286,0.0,,1.5563025007672873
Divinópolis do Tocantins,2020-08-10,40,4,0,0,2.2142857142857144,0.0,,1.6020599913279625
Divinópolis do Tocantins,2020-08-11,40,0,0,0,2.2142857142857144,0.0,,1.6020599913279625
Divinópolis do Tocantins,2020-08-12,39,-1,0,0,2.142857142857143,0.0,,1.591064607026499
Divinópolis do Tocantins,2020-08-13,41,2,0,0,2.0714285714285716,0.0,,1.6127838567197355
Divinópolis do Tocantins,2020-08-14,38,-3,0,0,1.8571428571428572,0.0,,1.5797835966168101
Divinópolis do Tocantins,2020-08-15,45,7,0,0,2.142857142857143,0.0,,1.6532125137753437
Divinópolis do Tocantins,2020-08-16,45,0,0,0,1.6428571428571428,0.0,,1.6532125137753437
Divinópolis do Tocantins,2020-08-17,45,0,0,0,1.3571428571428572,0.0,,1.6532125137753437
Divinópolis do Tocantins,2020-08-18,61,16,0,0,2.4285714285714284,0.0,,1.7853298350107671
Divinópolis do Tocantins,2020-08-19,66,5,0,0,2.7857142857142856,0.0,,1.8195439355418688
Divinópolis do Tocantins,2020-08-20,75,9,0,0,3.0,0.0,,1.8750612633917
Divinópolis do Tocantins,2020-08-21,98,23,0,0,4.642857142857143,0.0,,1.9912260756924949
Divinópolis do Tocantins,2020-08-22,97,-1,0,0,4.428571428571429,0.0,,1.9867717342662448
Divinópolis do Tocantins,2020-08-23,97,0,0,0,4.357142857142857,0.0,,1.9867717342662448
Divinópolis do Tocantins,2020-08-24,97,0,0,0,4.071428571428571,0.0,,1.9867717342662448
Divinópolis do Tocantins,2020-08-25,115,18,0,0,5.357142857142857,0.0,,2.060697840353612
Divinópolis do Tocantins,2020-08-26,132,17,0,0,6.642857142857143,0.0,,2.12057393120585
Divinópolis do Tocantins,2020-08-27,138,6,0,0,6.928571428571429,0.0,,2.1398790864012365
Divinópolis do Tocantins,2020-08-28,140,2,0,0,7.285714285714286,0.0,,2.146128035678238
Divinópolis do Tocantins,2020-08-29,140,0,0,0,6.785714285714286,0.0,,2.146128035678238
Divinópolis do Tocantins,2020-08-30,140,0,0,0,6.785714285714286,0.0,,2.146128035678238
Divinópolis do Tocantins,2020-08-31,142,2,0,0,6.928571428571429,0.0,,2.1522883443830563
Divinópolis do Tocantins,2020-09-01,155,13,0,0,6.714285714285714,0.0,,2.1903316981702914
Divinópolis do Tocantins,2020-09-02,156,1,0,0,6.428571428571429,0.0,,2.1931245983544616
Divinópolis do Tocantins,2020-09-03,165,9,0,0,6.428571428571429,0.0,,2.2174839442139063
Divinópolis do Tocantins,2020-09-04,168,3,0,0,5.0,0.0,,2.225309281725863
Divinópolis do Tocantins,2020-09-05,169,1,0,0,5.142857142857143,0.0,,2.2278867046136734
Divinópolis do Tocantins,2020-09-06,169,0,0,0,5.142857142857143,0.0,,2.2278867046136734
Divinópolis do Tocantins,2020-09-07,169,0,0,0,5.142857142857143,0.0,,2.2278867046136734
Divinópolis do Tocantins,2020-09-08,169,0,0,0,3.857142857142857,0.0,,2.2278867046136734
Divinópolis do Tocantins,2020-09-09,168,-1,0,0,2.5714285714285716,0.0,,2.225309281725863
Divinópolis do Tocantins,2020-09-10,180,12,0,0,3.0,0.0,,2.255272505103306
Divinópolis do Tocantins,2020-09-11,181,1,0,0,2.9285714285714284,0.0,,2.2576785748691846
Divinópolis do Tocantins,2020-09-12,186,5,0,0,3.2857142857142856,0.0,,2.2695129442179165
Divinópolis do Tocantins,2020-09-13,186,0,0,0,3.2857142857142856,0.0,,2.2695129442179165
Divinópolis do Tocantins,2020-09-14,186,0,0,0,3.142857142857143,0.0,,2.2695129442179165
Divinópolis do Tocantins,2020-09-15,193,7,0,0,2.7142857142857144,0.0,,2.285557309007774
Divinópolis do Tocantins,2020-09-16,194,1,0,0,2.7142857142857144,0.0,,2.287801729930226
Divinópolis do Tocantins,2020-09-17,196,2,0,0,2.2142857142857144,0.0,,2.292256071356476
Divinópolis do Tocantins,2020-09-18,199,3,0,0,2.2142857142857144,0.0,,2.298853076409707
Divinópolis do Tocantins,2020-09-19,200,1,0,0,2.2142857142857144,0.0,,2.3010299956639813
Divinópolis do Tocantins,2020-09-20,200,0,0,0,2.2142857142857144,0.0,,2.3010299956639813
Divinópolis do Tocantins,2020-09-21,200,0,0,0,2.2142857142857144,0.0,,2.3010299956639813
Divinópolis do Tocantins,2020-09-22,207,7,0,0,2.7142857142857144,0.0,,2.315970345456918
Divinópolis do Tocantins,2020-09-23,212,5,0,0,3.142857142857143,0.0,,2.3263358609287517
Divinópolis do Tocantins,2020-09-24,215,3,0,0,2.5,0.0,,2.3324384599156054
Divinópolis do Tocantins,2020-09-25,215,0,0,0,2.4285714285714284,0.0,,2.3324384599156054
Divinópolis do Tocantins,2020-09-26,217,2,0,0,2.2142857142857144,0.0,,2.3364597338485296
Divinópolis do Tocantins,2020-09-27,217,0,0,0,2.2142857142857144,0.0,,2.3364597338485296
Divinópolis do Tocantins,2020-09-28,217,0,0,0,2.2142857142857144,0.0,,2.3364597338485296
Divinópolis do Tocantins,2020-09-29,226,9,0,0,2.357142857142857,0.0,,2.3541084391474008
Divinópolis do Tocantins,2020-09-30,227,1,0,0,2.357142857142857,0.0,,2.3560258571931225
Divinópolis do Tocantins,2020-10-01,231,4,0,0,2.5,0.0,,2.3636119798921444
Divinópolis do Tocantins,2020-10-02,233,2,0,0,2.4285714285714284,0.0,,2.367355921026019
Divinópolis do Tocantins,2020-10-03,234,1,0,0,2.4285714285714284,0.0,,2.369215857410143
Divinópolis do Tocantins,2020-10-04,234,0,0,0,2.4285714285714284,0.0,,2.369215857410143
Divinópolis do Tocantins,2020-10-05,234,0,0,0,2.4285714285714284,0.0,,2.369215857410143
Divinópolis do Tocantins,2020-10-06,234,0,0,0,1.9285714285714286,0.0,,2.369215857410143
Divinópolis do Tocantins,2020-10-07,238,4,0,0,1.8571428571428572,0.0,,2.376576957056512
Divinópolis do Tocantins,2020-10-08,238,0,0,0,1.6428571428571428,0.0,,2.376576957056512
Divinópolis do Tocantins,2020-10-09,239,1,0,0,1.7142857142857142,0.0,,2.3783979009481375
Divinópolis do Tocantins,2020-10-10,239,0,0,0,1.5714285714285714,0.0,,2.3783979009481375
Divinópolis do Tocantins,2020-10-11,239,0,0,0,1.5714285714285714,0.0,,2.3783979009481375
Divinópolis do Tocantins,2020-10-12,239,0,0,0,1.5714285714285714,0.0,,2.3783979009481375
Divinópolis do Tocantins,2020-10-13,239,0,0,0,0.9285714285714286,0.0,,2.3783979009481375
Divinópolis do Tocantins,2020-10-14,244,5,0,0,1.2142857142857142,0.0,,2.3873898263387296
Divinópolis do Tocantins,2020-10-15,244,0,0,0,0.9285714285714286,0.0,,2.3873898263387296
Divinópolis do Tocantins,2020-10-16,244,0,0,0,0.7857142857142857,0.0,,2.3873898263387296
Divinópolis do Tocantins,2020-10-17,244,0,0,0,0.7142857142857143,0.0,,2.3873898263387296
Divinópolis do Tocantins,2020-10-18,244,0,0,0,0.7142857142857143,0.0,,2.3873898263387296
Divinópolis do Tocantins,2020-10-19,244,0,0,0,0.7142857142857143,0.0,,2.3873898263387296
Divinópolis do Tocantins,2020-10-20,245,1,0,0,0.7857142857142857,0.0,,2.3891660843645326
Divinópolis do Tocantins,2020-10-21,246,1,0,0,0.5714285714285714,0.0,,2.3909351071033793
Divinópolis do Tocantins,2020-10-22,247,1,0,0,0.6428571428571429,0.0,,2.392696953259666
Divinópolis do Tocantins,2020-10-23,248,1,0,0,0.6428571428571429,0.0,,2.3944516808262164
Divinópolis do Tocantins,2020-10-24,249,1,0,0,0.7142857142857143,0.0,,2.3961993470957363
Divinópolis do Tocantins,2020-10-25,249,0,0,0,0.7142857142857143,0.0,,2.3961993470957363
Divinópolis do Tocantins,2020-10-26,249,0,0,0,0.7142857142857143,0.0,,2.3961993470957363
Divinópolis do Tocantins,2020-10-27,252,3,0,0,0.9285714285714286,0.0,,2.401400540781544
Divinópolis do Tocantins,2020-10-28,252,0,0,0,0.5714285714285714,0.0,,2.401400540781544
Divinópolis do Tocantins,2020-10-29,252,0,0,0,0.5714285714285714,0.0,,2.401400540781544
Divinópolis do Tocantins,2020-10-30,254,2,0,0,0.7142857142857143,0.0,,2.404833716619938
Divinópolis do Tocantins,2020-10-31,254,0,0,0,0.7142857142857143,0.0,,2.404833716619938
Divinópolis do Tocantins,2020-11-01,254,0,0,0,0.7142857142857143,0.0,,2.404833716619938
Divinópolis do Tocantins,2020-11-02,254,0,0,0,0.7142857142857143,0.0,,2.404833716619938
Divinópolis do Tocantins,2020-11-03,254,0,0,0,0.6428571428571429,0.0,,2.404833716619938
Divinópolis do Tocantins,2020-11-04,254,0,0,0,0.5714285714285714,0.0,,2.404833716619938
Divinópolis do Tocantins,2020-11-05,254,0,0,0,0.5,0.0,,2.404833716619938
Divinópolis do Tocantins,2020-11-06,254,0,0,0,0.42857142857142855,0.0,,2.404833716619938
Divinópolis do Tocantins,2020-11-07,254,0,0,0,0.35714285714285715,0.0,,2.404833716619938
Divinópolis do Tocantins,2020-11-08,254,0,0,0,0.35714285714285715,0.0,,2.404833716619938
Divinópolis do Tocantins,2020-11-09,254,0,0,0,0.35714285714285715,0.0,,2.404833716619938
Divinópolis do Tocantins,2020-11-10,257,3,0,0,0.35714285714285715,0.0,,2.4099331233312946
Divinópolis do Tocantins,2020-11-11,258,1,0,0,0.42857142857142855,0.0,,2.41161970596323
Divinópolis do Tocantins,2020-11-12,258,0,0,0,0.42857142857142855,0.0,,2.41161970596323
Divinópolis do Tocantins,2020-11-13,258,0,0,0,0.2857142857142857,0.0,,2.41161970596323
Divinópolis do Tocantins,2020-11-14,260,2,0,0,0.42857142857142855,0.0,,2.4149733479708178
Divinópolis do Tocantins,2020-11-15,260,0,0,0,0.42857142857142855,0.0,,2.4149733479708178
Divinópolis do Tocantins,2020-11-16,260,0,0,0,0.42857142857142855,0.0,,2.4149733479708178
Divinópolis do Tocantins,2020-11-17,261,1,0,0,0.5,0.0,,2.416640507338281
Divinópolis do Tocantins,2020-11-18,262,1,0,0,0.5714285714285714,0.0,,2.4183012913197452
Divinópolis do Tocantins,2020-11-19,267,5,0,0,0.9285714285714286,0.0,,2.4265112613645754
Divinópolis do Tocantins,2020-11-20,267,0,0,0,0.9285714285714286,0.0,,2.4265112613645754
Divinópolis do Tocantins,2020-11-21,267,0,0,0,0.9285714285714286,0.0,,2.4265112613645754
Divinópolis do Tocantins,2020-11-22,267,0,0,0,0.9285714285714286,0.0,,2.4265112613645754
Divinópolis do Tocantins,2020-11-23,267,0,0,0,0.9285714285714286,0.0,,2.4265112613645754
Divinópolis do Tocantins,2020-11-24,276,9,0,0,1.3571428571428572,0.0,,2.4409090820652177
Divinópolis do Tocantins,2020-11-25,280,4,0,0,1.5714285714285714,0.0,,2.4471580313422194
Divinópolis do Tocantins,2020-11-26,280,0,0,0,1.5714285714285714,0.0,,2.4471580313422194
Divinópolis do Tocantins,2020-11-27,280,0,0,0,1.5714285714285714,0.0,,2.4471580313422194
Divinópolis do Tocantins,2020-11-28,282,2,0,0,1.5714285714285714,0.0,,2.450249108319361
Divinópolis do Tocantins,2020-11-29,282,0,0,0,1.5714285714285714,0.0,,2.450249108319361
Divinópolis do Tocantins,2020-11-30,282,0,0,0,1.5714285714285714,0.0,,2.450249108319361
Divinópolis do Tocantins,2020-12-01,286,4,0,0,1.7857142857142858,0.0,,2.456366033129043
Divinópolis do Tocantins,2020-12-02,286,0,0,0,1.7142857142857142,0.0,,2.456366033129043
Divinópolis do Tocantins,2020-12-03,286,0,0,0,1.3571428571428572,0.0,,2.456366033129043
Divinópolis do Tocantins,2020-12-04,286,0,0,0,1.3571428571428572,0.0,,2.456366033129043
Divinópolis do Tocantins,2020-12-05,288,2,0,0,1.5,0.0,,2.459392487759231
Divinópolis do Tocantins,2020-12-06,288,0,0,0,1.5,0.0,,2.459392487759231
Divinópolis do Tocantins,2020-12-07,288,0,0,0,1.5,0.0,,2.459392487759231
Divinópolis do Tocantins,2020-12-08,290,2,0,0,1.0,0.0,,2.462397997898956
Divinópolis do Tocantins,2020-12-09,293,3,0,0,0.9285714285714286,0.0,,2.4668676203541096
Divinópolis do Tocantins,2020-12-10,296,3,0,0,1.1428571428571428,0.0,,2.4712917110589387
Divinópolis do Tocantins,2020-12-11,301,5,0,0,1.5,0.0,,2.478566495593843
Divinópolis do Tocantins,2020-12-12,301,0,0,0,1.3571428571428572,0.0,,2.478566495593843
Divinópolis do Tocantins,2020-12-13,301,0,0,0,1.3571428571428572,0.0,,2.478566495593843
Divinópolis do Tocantins,2020-12-14,301,0,0,0,1.3571428571428572,0.0,,2.478566495593843
Divinópolis do Tocantins,2020-12-15,301,0,0,0,1.0714285714285714,0.0,,2.478566495593843
Divinópolis do Tocantins,2020-12-16,309,8,0,0,1.6428571428571428,0.0,,2.4899584794248346
Divinópolis do Tocantins,2020-12-17,310,1,0,0,1.7142857142857142,0.0,,2.4913616938342726
Divinópolis do Tocantins,2020-12-18,318,8,0,0,2.2857142857142856,0.0,,2.5024271199844326
Divinópolis do Tocantins,2020-12-19,318,0,0,0,2.142857142857143,0.0,,2.5024271199844326
Divinópolis do Tocantins,2020-12-20,318,0,0,0,2.142857142857143,0.0,,2.5024271199844326
Divinópolis do Tocantins,2020-12-21,318,0,0,0,2.142857142857143,0.0,,2.5024271199844326
Divinópolis do Tocantins,2020-12-22,324,6,0,0,2.4285714285714284,0.0,,2.510545010206612
Divinópolis do Tocantins,2020-12-23,327,3,0,0,2.4285714285714284,0.0,,2.514547752660286
Divinópolis do Tocantins,2020-12-24,333,6,0,0,2.642857142857143,0.0,,2.5224442335063197
Divinópolis do Tocantins,2020-12-25,333,0,0,0,2.2857142857142856,0.0,,2.5224442335063197
Divinópolis do Tocantins,2020-12-26,333,0,0,0,2.2857142857142856,0.0,,2.5224442335063197
Divinópolis do Tocantins,2020-12-27,333,0,0,0,2.2857142857142856,0.0,,2.5224442335063197
Divinópolis do Tocantins,2020-12-28,333,0,0,0,2.2857142857142856,0.0,,2.5224442335063197
Divinópolis do Tocantins,2020-12-29,346,13,0,0,3.2142857142857144,0.0,,2.5390760987927767
Divinópolis do Tocantins,2020-12-30,347,1,0,0,2.7142857142857144,0.0,,2.5403294747908736
Divinópolis do Tocantins,2020-12-31,347,0,0,0,2.642857142857143,0.0,,2.5403294747908736
Divinópolis do Tocantins,2021-01-01,347,0,0,0,2.0714285714285716,0.0,,2.5403294747908736
Divinópolis do Tocantins,2021-01-02,347,0,0,0,2.0714285714285716,0.0,,2.5403294747908736
Divinópolis do Tocantins,2021-01-03,347,0,0,0,2.0714285714285716,0.0,,2.5403294747908736
Divinópolis do Tocantins,2021-01-04,347,0,0,0,2.0714285714285716,0.0,,2.5403294747908736
Divinópolis do Tocantins,2021-01-05,373,26,0,0,3.5,0.0,,2.571708831808688
Divinópolis do Tocantins,2021-01-06,376,3,0,0,3.5,0.0,,2.575187844927661
Divinópolis do Tocantins,2021-01-07,387,11,0,0,3.857142857142857,0.0,,2.5877109650189114
Divinópolis do Tocantins,2021-01-08,388,1,0,0,3.9285714285714284,0.0,,2.5888317255942073
Divinópolis do Tocantins,2021-01-09,387,-1,0,0,3.857142857142857,0.0,,2.5877109650189114
Divinópolis do Tocantins,2021-01-10,391,4,0,0,4.142857142857143,0.0,,2.5921767573958667
Divinópolis do Tocantins,2021-01-11,392,1,2,2,4.214285714285714,0.14285714285714285,inf,2.593286067020457
Divinópolis do Tocantins,2021-01-12,392,0,2,0,3.2857142857142856,0.14285714285714285,inf,2.593286067020457
Divinópolis do Tocantins,2021-01-13,399,7,2,0,3.7142857142857144,0.14285714285714285,inf,2.6009728956867484
Divinópolis do Tocantins,2021-01-14,399,0,2,0,3.7142857142857144,0.14285714285714285,inf,2.6009728956867484
Divinópolis do Tocantins,2021-01-15,414,15,2,0,4.785714285714286,0.14285714285714285,inf,2.617000341120899
Divinópolis do Tocantins,2021-01-16,414,0,2,0,4.785714285714286,0.14285714285714285,inf,2.617000341120899
Divinópolis do Tocantins,2021-01-17,414,0,2,0,4.785714285714286,0.14285714285714285,inf,2.617000341120899
Divinópolis do Tocantins,2021-01-18,414,0,2,0,4.785714285714286,0.14285714285714285,inf,2.617000341120899
Divinópolis do Tocantins,2021-01-19,437,23,2,0,4.571428571428571,0.14285714285714285,inf,2.640481436970422
Divinópolis do Tocantins,2021-01-20,447,10,2,0,5.071428571428571,0.14285714285714285,inf,2.6503075231319366
Dois Irmãos do Tocantins,2020-03-27,0,0,0,0,,,,0.0
Dois Irmãos do Tocantins,2020-03-28,0,0,0,0,,,,0.0
Dois Irmãos do Tocantins,2020-03-29,0,0,0,0,,,,0.0
Dois Irmãos do Tocantins,2020-03-30,0,0,0,0,,,,0.0
Dois Irmãos do Tocantins,2020-03-31,0,0,0,0,,,,0.0
Dois Irmãos do Tocantins,2020-04-01,0,0,0,0,,,,0.0
Dois Irmãos do Tocantins,2020-04-02,0,0,0,0,,,,0.0
Dois Irmãos do Tocantins,2020-04-03,0,0,0,0,,,,0.0
Dois Irmãos do Tocantins,2020-04-04,0,0,0,0,,,,0.0
Dois Irmãos do Tocantins,2020-04-05,0,0,0,0,,,,0.0
Dois Irmãos do Tocantins,2020-04-06,0,0,0,0,,,,0.0
Dois Irmãos do Tocantins,2020-04-07,0,0,0,0,,,,0.0
Dois Irmãos do Tocantins,2020-04-08,0,0,0,0,,,,0.0
Dois Irmãos do Tocantins,2020-04-09,0,0,0,0,0.0,0.0,,0.0
Dois Irmãos do Tocantins,2020-04-10,0,0,0,0,0.0,0.0,,0.0
Dois Irmãos do Tocantins,2020-04-11,0,0,0,0,0.0,0.0,,0.0
Dois Irmãos do Tocantins,2020-04-12,0,0,0,0,0.0,0.0,,0.0
Dois Irmãos do Tocantins,2020-04-13,0,0,0,0,0.0,0.0,,0.0
Dois Irmãos do Tocantins,2020-04-14,0,0,0,0,0.0,0.0,,0.0
Dois Irmãos do Tocantins,2020-04-15,0,0,0,0,0.0,0.0,,0.0
Dois Irmãos do Tocantins,2020-04-16,0,0,0,0,0.0,0.0,,0.0
Dois Irmãos do Tocantins,2020-04-17,0,0,0,0,0.0,0.0,,0.0
Dois Irmãos do Tocantins,2020-04-18,0,0,0,0,0.0,0.0,,0.0
Dois Irmãos do Tocantins,2020-04-19,0,0,0,0,0.0,0.0,,0.0
Dois Irmãos do Tocantins,2020-04-20,0,0,0,0,0.0,0.0,,0.0
Dois Irmãos do Tocantins,2020-04-21,0,0,0,0,0.0,0.0,,0.0
Dois Irmãos do Tocantins,2020-04-22,0,0,0,0,0.0,0.0,,0.0
Dois Irmãos do Tocantins,2020-04-23,0,0,0,0,0.0,0.0,,0.0
Dois Irmãos do Tocantins,2020-04-24,0,0,0,0,0.0,0.0,,0.0
Dois Irmãos do Tocantins,2020-04-25,0,0,0,0,0.0,0.0,,0.0
Dois Irmãos do Tocantins,2020-04-26,0,0,0,0,0.0,0.0,,0.0
Dois Irmãos do Tocantins,2020-04-27,0,0,0,0,0.0,0.0,,0.0
Dois Irmãos do Tocantins,2020-04-28,0,0,0,0,0.0,0.0,,0.0
Dois Irmãos do Tocantins,2020-04-29,0,0,0,0,0.0,0.0,,0.0
Dois Irmãos do Tocantins,2020-04-30,0,0,0,0,0.0,0.0,,0.0
Dois Irmãos do Tocantins,2020-05-01,0,0,0,0,0.0,0.0,,0.0
Dois Irmãos do Tocantins,2020-05-02,0,0,0,0,0.0,0.0,,0.0
Dois Irmãos do Tocantins,2020-05-03,0,0,0,0,0.0,0.0,,0.0
Dois Irmãos do Tocantins,2020-05-04,0,0,0,0,0.0,0.0,,0.0
Dois Irmãos do Tocantins,2020-05-05,0,0,0,0,0.0,0.0,,0.0
Dois Irmãos do Tocantins,2020-05-06,0,0,0,0,0.0,0.0,,0.0
Dois Irmãos do Tocantins,2020-05-07,0,0,0,0,0.0,0.0,,0.0
Dois Irmãos do Tocantins,2020-05-08,0,0,0,0,0.0,0.0,,0.0
Dois Irmãos do Tocantins,2020-05-09,0,0,0,0,0.0,0.0,,0.0
Dois Irmãos do Tocantins,2020-05-10,0,0,0,0,0.0,0.0,,0.0
Dois Irmãos do Tocantins,2020-05-11,0,0,0,0,0.0,0.0,,0.0
Dois Irmãos do Tocantins,2020-05-12,0,0,0,0,0.0,0.0,,0.0
Dois Irmãos do Tocantins,2020-05-13,0,0,0,0,0.0,0.0,,0.0
Dois Irmãos do Tocantins,2020-05-14,0,0,0,0,0.0,0.0,,0.0
Dois Irmãos do Tocantins,2020-05-15,0,0,0,0,0.0,0.0,,0.0
Dois Irmãos do Tocantins,2020-05-16,0,0,0,0,0.0,0.0,,0.0
Dois Irmãos do Tocantins,2020-05-17,0,0,0,0,0.0,0.0,,0.0
Dois Irmãos do Tocantins,2020-05-18,0,0,0,0,0.0,0.0,,0.0
Dois Irmãos do Tocantins,2020-05-19,0,0,0,0,0.0,0.0,,0.0
Dois Irmãos do Tocantins,2020-05-20,0,0,0,0,0.0,0.0,,0.0
Dois Irmãos do Tocantins,2020-05-21,0,0,0,0,0.0,0.0,,0.0
Dois Irmãos do Tocantins,2020-05-22,0,0,0,0,0.0,0.0,,0.0
Dois Irmãos do Tocantins,2020-05-23,0,0,0,0,0.0,0.0,,0.0
Dois Irmãos do Tocantins,2020-05-24,0,0,0,0,0.0,0.0,,0.0
Dois Irmãos do Tocantins,2020-05-25,0,0,0,0,0.0,0.0,,0.0
Dois Irmãos do Tocantins,2020-05-26,0,0,0,0,0.0,0.0,,0.0
Dois Irmãos do Tocantins,2020-05-27,0,0,0,0,0.0,0.0,,0.0
Dois Irmãos do Tocantins,2020-05-28,0,0,0,0,0.0,0.0,,0.0
Dois Irmãos do Tocantins,2020-05-29,0,0,0,0,0.0,0.0,,0.0
Dois Irmãos do Tocantins,2020-05-30,0,0,0,0,0.0,0.0,,0.0
Dois Irmãos do Tocantins,2020-05-31,0,0,0,0,0.0,0.0,,0.0
Dois Irmãos do Tocantins,2020-06-01,0,0,0,0,0.0,0.0,,0.0
Dois Irmãos do Tocantins,2020-06-02,0,0,0,0,0.0,0.0,,0.0
Dois Irmãos do Tocantins,2020-06-03,0,0,0,0,0.0,0.0,,0.0
Dois Irmãos do Tocantins,2020-06-04,0,0,0,0,0.0,0.0,,0.0
Dois Irmãos do Tocantins,2020-06-05,0,0,0,0,0.0,0.0,,0.0
Dois Irmãos do Tocantins,2020-06-06,0,0,0,0,0.0,0.0,,0.0
Dois Irmãos do Tocantins,2020-06-07,0,0,0,0,0.0,0.0,,0.0
Dois Irmãos do Tocantins,2020-06-08,0,0,0,0,0.0,0.0,,0.0
Dois Irmãos do Tocantins,2020-06-09,0,0,0,0,0.0,0.0,,0.0
Dois Irmãos do Tocantins,2020-06-10,0,0,0,0,0.0,0.0,,0.0
Dois Irmãos do Tocantins,2020-06-11,0,0,0,0,0.0,0.0,,0.0
Dois Irmãos do Tocantins,2020-06-12,0,0,0,0,0.0,0.0,,0.0
Dois Irmãos do Tocantins,2020-06-13,0,0,0,0,0.0,0.0,,0.0
Dois Irmãos do Tocantins,2020-06-14,0,0,0,0,0.0,0.0,,0.0
Dois Irmãos do Tocantins,2020-06-15,0,0,0,0,0.0,0.0,,0.0
Dois Irmãos do Tocantins,2020-06-16,0,0,0,0,0.0,0.0,,0.0
Dois Irmãos do Tocantins,2020-06-17,0,0,0,0,0.0,0.0,,0.0
Dois Irmãos do Tocantins,2020-06-18,0,0,0,0,0.0,0.0,,0.0
Dois Irmãos do Tocantins,2020-06-19,0,0,0,0,0.0,0.0,,0.0
Dois Irmãos do Tocantins,2020-06-20,2,2,0,0,0.14285714285714285,0.0,,0.3010299956639812
Dois Irmãos do Tocantins,2020-06-21,2,0,0,0,0.14285714285714285,0.0,,0.3010299956639812
Dois Irmãos do Tocantins,2020-06-22,2,0,0,0,0.14285714285714285,0.0,,0.3010299956639812
Dois Irmãos do Tocantins,2020-06-23,2,0,0,0,0.14285714285714285,0.0,,0.3010299956639812
Dois Irmãos do Tocantins,2020-06-24,2,0,0,0,0.14285714285714285,0.0,,0.3010299956639812
Dois Irmãos do Tocantins,2020-06-25,2,0,0,0,0.14285714285714285,0.0,,0.3010299956639812
Dois Irmãos do Tocantins,2020-06-26,2,0,0,0,0.14285714285714285,0.0,,0.3010299956639812
Dois Irmãos do Tocantins,2020-06-27,2,0,0,0,0.14285714285714285,0.0,,0.3010299956639812
Dois Irmãos do Tocantins,2020-06-28,2,0,0,0,0.14285714285714285,0.0,,0.3010299956639812
Dois Irmãos do Tocantins,2020-06-29,2,0,0,0,0.14285714285714285,0.0,,0.3010299956639812
Dois Irmãos do Tocantins,2020-06-30,2,0,0,0,0.14285714285714285,0.0,,0.3010299956639812
Dois Irmãos do Tocantins,2020-07-01,3,1,0,0,0.21428571428571427,0.0,,0.47712125471966244
Dois Irmãos do Tocantins,2020-07-02,3,0,0,0,0.21428571428571427,0.0,,0.47712125471966244
Dois Irmãos do Tocantins,2020-07-03,3,0,0,0,0.21428571428571427,0.0,,0.47712125471966244
Dois Irmãos do Tocantins,2020-07-04,3,0,0,0,0.07142857142857142,0.0,,0.47712125471966244
Dois Irmãos do Tocantins,2020-07-05,3,0,0,0,0.07142857142857142,0.0,,0.47712125471966244
Dois Irmãos do Tocantins,2020-07-06,3,0,0,0,0.07142857142857142,0.0,,0.47712125471966244
Dois Irmãos do Tocantins,2020-07-07,3,0,0,0,0.07142857142857142,0.0,,0.47712125471966244
Dois Irmãos do Tocantins,2020-07-08,3,0,0,0,0.07142857142857142,0.0,,0.47712125471966244
Dois Irmãos do Tocantins,2020-07-09,3,0,0,0,0.07142857142857142,0.0,,0.47712125471966244
Dois Irmãos do Tocantins,2020-07-10,3,0,0,0,0.07142857142857142,0.0,,0.47712125471966244
Dois Irmãos do Tocantins,2020-07-11,3,0,0,0,0.07142857142857142,0.0,,0.47712125471966244
Dois Irmãos do Tocantins,2020-07-12,3,0,0,0,0.07142857142857142,0.0,,0.47712125471966244
Dois Irmãos do Tocantins,2020-07-13,3,0,0,0,0.07142857142857142,0.0,,0.47712125471966244
Dois Irmãos do Tocantins,2020-07-14,3,0,0,0,0.07142857142857142,0.0,,0.47712125471966244
Dois Irmãos do Tocantins,2020-07-15,3,0,0,0,0.0,0.0,,0.47712125471966244
Dois Irmãos do Tocantins,2020-07-16,3,0,0,0,0.0,0.0,,0.47712125471966244
Dois Irmãos do Tocantins,2020-07-17,3,0,0,0,0.0,0.0,,0.47712125471966244
Dois Irmãos do Tocantins,2020-07-18,3,0,0,0,0.0,0.0,,0.47712125471966244
Dois Irmãos do Tocantins,2020-07-19,3,0,0,0,0.0,0.0,,0.47712125471966244
Dois Irmãos do Tocantins,2020-07-20,3,0,0,0,0.0,0.0,,0.47712125471966244
Dois Irmãos do Tocantins,2020-07-21,3,0,0,0,0.0,0.0,,0.47712125471966244
Dois Irmãos do Tocantins,2020-07-22,3,0,0,0,0.0,0.0,,0.47712125471966244
Dois Irmãos do Tocantins,2020-07-23,3,0,0,0,0.0,0.0,,0.47712125471966244
Dois Irmãos do Tocantins,2020-07-24,3,0,0,0,0.0,0.0,,0.47712125471966244
Dois Irmãos do Tocantins,2020-07-25,3,0,0,0,0.0,0.0,,0.47712125471966244
Dois Irmãos do Tocantins,2020-07-26,3,0,0,0,0.0,0.0,,0.47712125471966244
Dois Irmãos do Tocantins,2020-07-27,3,0,0,0,0.0,0.0,,0.47712125471966244
Dois Irmãos do Tocantins,2020-07-28,4,1,0,0,0.07142857142857142,0.0,,0.6020599913279624
Dois Irmãos do Tocantins,2020-07-29,4,0,0,0,0.07142857142857142,0.0,,0.6020599913279624
Dois Irmãos do Tocantins,2020-07-30,6,2,0,0,0.21428571428571427,0.0,,0.7781512503836436
Dois Irmãos do Tocantins,2020-07-31,6,0,0,0,0.21428571428571427,0.0,,0.7781512503836436
Dois Irmãos do Tocantins,2020-08-01,6,0,0,0,0.21428571428571427,0.0,,0.7781512503836436
Dois Irmãos do Tocantins,2020-08-02,6,0,0,0,0.21428571428571427,0.0,,0.7781512503836436
Dois Irmãos do Tocantins,2020-08-03,6,0,0,0,0.21428571428571427,0.0,,0.7781512503836436
Dois Irmãos do Tocantins,2020-08-04,6,0,0,0,0.21428571428571427,0.0,,0.7781512503836436
Dois Irmãos do Tocantins,2020-08-05,6,0,0,0,0.21428571428571427,0.0,,0.7781512503836436
Dois Irmãos do Tocantins,2020-08-06,7,1,0,0,0.2857142857142857,0.0,,0.8450980400142568
Dois Irmãos do Tocantins,2020-08-07,8,1,0,0,0.35714285714285715,0.0,,0.9030899869919435
Dois Irmãos do Tocantins,2020-08-08,12,4,0,0,0.6428571428571429,0.0,,1.0791812460476249
Dois Irmãos do Tocantins,2020-08-09,13,1,0,0,0.7142857142857143,0.0,,1.1139433523068367
Dois Irmãos do Tocantins,2020-08-10,14,1,0,0,0.7857142857142857,0.0,,1.146128035678238
Dois Irmãos do Tocantins,2020-08-11,14,0,0,0,0.7142857142857143,0.0,,1.146128035678238
Dois Irmãos do Tocantins,2020-08-12,16,2,0,0,0.8571428571428571,0.0,,1.2041199826559248
Dois Irmãos do Tocantins,2020-08-13,16,0,0,0,0.7142857142857143,0.0,,1.2041199826559248
Dois Irmãos do Tocantins,2020-08-14,10,-6,0,0,0.2857142857142857,0.0,,1.0
Dois Irmãos do Tocantins,2020-08-15,10,0,0,0,0.2857142857142857,0.0,,1.0
Dois Irmãos do Tocantins,2020-08-16,10,0,0,0,0.2857142857142857,0.0,,1.0
Dois Irmãos do Tocantins,2020-08-17,10,0,0,0,0.2857142857142857,0.0,,1.0
Dois Irmãos do Tocantins,2020-08-18,10,0,0,0,0.2857142857142857,0.0,,1.0
Dois Irmãos do Tocantins,2020-08-19,11,1,0,0,0.35714285714285715,0.0,,1.041392685158225
Dois Irmãos do Tocantins,2020-08-20,13,2,0,0,0.42857142857142855,0.0,,1.1139433523068367
Dois Irmãos do Tocantins,2020-08-21,15,2,0,0,0.5,0.0,,1.1760912590556813
Dois Irmãos do Tocantins,2020-08-22,15,0,0,0,0.21428571428571427,0.0,,1.1760912590556813
Dois Irmãos do Tocantins,2020-08-23,15,0,0,0,0.14285714285714285,0.0,,1.1760912590556813
Dois Irmãos do Tocantins,2020-08-24,15,0,0,0,0.07142857142857142,0.0,,1.1760912590556813
Dois Irmãos do Tocantins,2020-08-25,16,1,0,0,0.14285714285714285,0.0,,1.2041199826559248
Dois Irmãos do Tocantins,2020-08-26,16,0,0,0,0.0,0.0,,1.2041199826559248
Dois Irmãos do Tocantins,2020-08-27,16,0,0,0,0.0,0.0,,1.2041199826559248
Dois Irmãos do Tocantins,2020-08-28,16,0,0,0,0.42857142857142855,0.0,,1.2041199826559248
Dois Irmãos do Tocantins,2020-08-29,17,1,0,0,0.5,0.0,,1.2304489213782739
Dois Irmãos do Tocantins,2020-08-30,17,0,0,0,0.5,0.0,,1.2304489213782739
Dois Irmãos do Tocantins,2020-08-31,17,0,0,0,0.5,0.0,,1.2304489213782739
Dois Irmãos do Tocantins,2020-09-01,20,3,0,0,0.7142857142857143,0.0,,1.3010299956639813
Dois Irmãos do Tocantins,2020-09-02,20,0,0,0,0.6428571428571429,0.0,,1.3010299956639813
Dois Irmãos do Tocantins,2020-09-03,21,1,0,0,0.5714285714285714,0.0,,1.3222192947339193
Dois Irmãos do Tocantins,2020-09-04,21,0,0,0,0.42857142857142855,0.0,,1.3222192947339193
Dois Irmãos do Tocantins,2020-09-05,21,0,0,0,0.42857142857142855,0.0,,1.3222192947339193
Dois Irmãos do Tocantins,2020-09-06,22,1,0,0,0.5,0.0,,1.3424226808222062
Dois Irmãos do Tocantins,2020-09-07,22,0,0,0,0.5,0.0,,1.3424226808222062
Dois Irmãos do Tocantins,2020-09-08,23,1,1,1,0.5,0.07142857142857142,inf,1.3617278360175928
Dois Irmãos do Tocantins,2020-09-09,24,1,1,0,0.5714285714285714,0.07142857142857142,inf,1.380211241711606
Dois Irmãos do Tocantins,2020-09-10,26,2,1,0,0.7142857142857143,0.07142857142857142,inf,1.414973347970818
Dois Irmãos do Tocantins,2020-09-11,28,2,1,0,0.8571428571428571,0.07142857142857142,inf,1.4471580313422192
Dois Irmãos do Tocantins,2020-09-12,28,0,1,0,0.7857142857142857,0.07142857142857142,inf,1.4471580313422192
Dois Irmãos do Tocantins,2020-09-13,30,2,2,1,0.9285714285714286,0.14285714285714285,inf,1.4771212547196624
Dois Irmãos do Tocantins,2020-09-14,31,1,3,1,1.0,0.21428571428571427,inf,1.4913616938342726
Dois Irmãos do Tocantins,2020-09-15,31,0,3,0,0.7857142857142857,0.21428571428571427,inf,1.4913616938342726
Dois Irmãos do Tocantins,2020-09-16,31,0,3,0,0.7857142857142857,0.21428571428571427,inf,1.4913616938342726
Dois Irmãos do Tocantins,2020-09-17,31,0,3,0,0.7142857142857143,0.21428571428571427,inf,1.4913616938342726
Dois Irmãos do Tocantins,2020-09-18,40,9,3,0,1.3571428571428572,0.21428571428571427,inf,1.6020599913279625
Dois Irmãos do Tocantins,2020-09-19,41,1,3,0,1.4285714285714286,0.21428571428571427,inf,1.6127838567197355
Dois Irmãos do Tocantins,2020-09-20,41,0,3,0,1.3571428571428572,0.21428571428571427,inf,1.6127838567197355
Dois Irmãos do Tocantins,2020-09-21,41,0,3,0,1.3571428571428572,0.21428571428571427,inf,1.6127838567197355
Dois Irmãos do Tocantins,2020-09-22,41,0,3,0,1.2857142857142858,0.14285714285714285,1.0,1.6127838567197355
Dois Irmãos do Tocantins,2020-09-23,40,-1,3,0,1.1428571428571428,0.14285714285714285,1.0,1.6020599913279625
Dois Irmãos do Tocantins,2020-09-24,42,2,3,0,1.1428571428571428,0.14285714285714285,1.0,1.6232492903979006
Dois Irmãos do Tocantins,2020-09-25,48,6,3,0,1.4285714285714286,0.14285714285714285,1.0,1.6812412373755872
Dois Irmãos do Tocantins,2020-09-26,48,0,4,1,1.4285714285714286,0.21428571428571427,2.0,1.6812412373755872
Dois Irmãos do Tocantins,2020-09-27,48,0,4,0,1.2857142857142858,0.14285714285714285,0.0,1.6812412373755872
Dois Irmãos do Tocantins,2020-09-28,48,0,4,0,1.2142857142857142,0.07142857142857142,-0.6666666666666666,1.6812412373755872
Dois Irmãos do Tocantins,2020-09-29,48,0,4,0,1.2142857142857142,0.07142857142857142,-0.6666666666666666,1.6812412373755872
Dois Irmãos do Tocantins,2020-09-30,49,1,4,0,1.2857142857142858,0.07142857142857142,-0.6666666666666666,1.6901960800285136
Dois Irmãos do Tocantins,2020-10-01,50,1,4,0,1.3571428571428572,0.07142857142857142,-0.6666666666666666,1.6989700043360187
Dois Irmãos do Tocantins,2020-10-02,50,0,4,0,0.7142857142857143,0.07142857142857142,-0.6666666666666666,1.6989700043360187
Dois Irmãos do Tocantins,2020-10-03,65,15,4,0,1.7142857142857142,0.07142857142857142,-0.6666666666666666,1.8129133566428555
Dois Irmãos do Tocantins,2020-10-04,65,0,4,0,1.7142857142857142,0.07142857142857142,-0.6666666666666666,1.8129133566428555
Dois Irmãos do Tocantins,2020-10-05,65,0,4,0,1.7142857142857142,0.07142857142857142,-0.6666666666666666,1.8129133566428555
Dois Irmãos do Tocantins,2020-10-06,65,0,4,0,1.7142857142857142,0.07142857142857142,-0.5,1.8129133566428555
Dois Irmãos do Tocantins,2020-10-07,66,1,4,0,1.8571428571428572,0.07142857142857142,-0.5,1.8195439355418688
Dois Irmãos do Tocantins,2020-10-08,66,0,4,0,1.7142857142857142,0.07142857142857142,-0.5,1.8195439355418688
Dois Irmãos do Tocantins,2020-10-09,66,0,4,0,1.2857142857142858,0.07142857142857142,-0.5,1.8195439355418688
Dois Irmãos do Tocantins,2020-10-10,65,-1,4,0,1.2142857142857142,0.0,-1.0,1.8129133566428555
Dois Irmãos do Tocantins,2020-10-11,65,0,4,0,1.2142857142857142,0.0,-1.0,1.8129133566428555
Dois Irmãos do Tocantins,2020-10-12,65,0,4,0,1.2142857142857142,0.0,-1.0,1.8129133566428555
Dois Irmãos do Tocantins,2020-10-13,65,0,4,0,1.2142857142857142,0.0,-1.0,1.8129133566428555
Dois Irmãos do Tocantins,2020-10-14,65,0,4,0,1.1428571428571428,0.0,-1.0,1.8129133566428555
Dois Irmãos do Tocantins,2020-10-15,72,7,4,0,1.5714285714285714,0.0,-1.0,1.8573324964312685
Dois Irmãos do Tocantins,2020-10-16,72,0,4,0,1.5714285714285714,0.0,-1.0,1.8573324964312685
Dois Irmãos do Tocantins,2020-10-17,72,0,4,0,0.5,0.0,-1.0,1.8573324964312685
Dois Irmãos do Tocantins,2020-10-18,72,0,4,0,0.5,0.0,-1.0,1.8573324964312685
Dois Irmãos do Tocantins,2020-10-19,72,0,4,0,0.5,0.0,-1.0,1.8573324964312685
Dois Irmãos do Tocantins,2020-10-20,72,0,4,0,0.5,0.0,-1.0,1.8573324964312685
Dois Irmãos do Tocantins,2020-10-21,73,1,5,1,0.5,0.07142857142857142,0.0,1.863322860120456
Dois Irmãos do Tocantins,2020-10-22,73,0,5,0,0.5,0.07142857142857142,0.0,1.863322860120456
Dois Irmãos do Tocantins,2020-10-23,73,0,5,0,0.5,0.07142857142857142,0.0,1.863322860120456
Dois Irmãos do Tocantins,2020-10-24,73,0,5,0,0.5714285714285714,0.07142857142857142,inf,1.863322860120456
Dois Irmãos do Tocantins,2020-10-25,73,0,5,0,0.5714285714285714,0.07142857142857142,inf,1.863322860120456
Dois Irmãos do Tocantins,2020-10-26,73,0,5,0,0.5714285714285714,0.07142857142857142,inf,1.863322860120456
Dois Irmãos do Tocantins,2020-10-27,73,0,5,0,0.5714285714285714,0.07142857142857142,inf,1.863322860120456
Dois Irmãos do Tocantins,2020-10-28,73,0,5,0,0.5714285714285714,0.07142857142857142,inf,1.863322860120456
Dois Irmãos do Tocantins,2020-10-29,80,7,5,0,0.5714285714285714,0.07142857142857142,inf,1.9030899869919435
Dois Irmãos do Tocantins,2020-10-30,83,3,5,0,0.7857142857142857,0.07142857142857142,inf,1.919078092376074
Dois Irmãos do Tocantins,2020-10-31,83,0,5,0,0.7857142857142857,0.07142857142857142,inf,1.919078092376074
Dois Irmãos do Tocantins,2020-11-01,83,0,5,0,0.7857142857142857,0.07142857142857142,inf,1.919078092376074
Dois Irmãos do Tocantins,2020-11-02,83,0,5,0,0.7857142857142857,0.07142857142857142,inf,1.919078092376074
Dois Irmãos do Tocantins,2020-11-03,83,0,5,0,0.7857142857142857,0.07142857142857142,inf,1.919078092376074
Dois Irmãos do Tocantins,2020-11-04,83,0,5,0,0.7142857142857143,0.0,-1.0,1.919078092376074
Dois Irmãos do Tocantins,2020-11-05,83,0,5,0,0.7142857142857143,0.0,-1.0,1.919078092376074
Dois Irmãos do Tocantins,2020-11-06,83,0,5,0,0.7142857142857143,0.0,-1.0,1.919078092376074
Dois Irmãos do Tocantins,2020-11-07,83,0,5,0,0.7142857142857143,0.0,-1.0,1.919078092376074
Dois Irmãos do Tocantins,2020-11-08,83,0,5,0,0.7142857142857143,0.0,-1.0,1.919078092376074
Dois Irmãos do Tocantins,2020-11-09,83,0,5,0,0.7142857142857143,0.0,-1.0,1.919078092376074
Dois Irmãos do Tocantins,2020-11-10,83,0,5,0,0.7142857142857143,0.0,-1.0,1.919078092376074
Dois Irmãos do Tocantins,2020-11-11,83,0,5,0,0.7142857142857143,0.0,-1.0,1.919078092376074
Dois Irmãos do Tocantins,2020-11-12,83,0,5,0,0.21428571428571427,0.0,-1.0,1.919078092376074
Dois Irmãos do Tocantins,2020-11-13,83,0,5,0,0.0,0.0,-1.0,1.919078092376074
Dois Irmãos do Tocantins,2020-11-14,83,0,5,0,0.0,0.0,-1.0,1.919078092376074
Dois Irmãos do Tocantins,2020-11-15,83,0,5,0,0.0,0.0,-1.0,1.919078092376074
Dois Irmãos do Tocantins,2020-11-16,83,0,5,0,0.0,0.0,-1.0,1.919078092376074
Dois Irmãos do Tocantins,2020-11-17,85,2,5,0,0.14285714285714285,0.0,-1.0,1.9294189257142929
Dois Irmãos do Tocantins,2020-11-18,85,0,5,0,0.14285714285714285,0.0,,1.9294189257142929
Dois Irmãos do Tocantins,2020-11-19,86,1,5,0,0.21428571428571427,0.0,,1.9344984512435677
Dois Irmãos do Tocantins,2020-11-20,86,0,5,0,0.21428571428571427,0.0,,1.9344984512435677
Dois Irmãos do Tocantins,2020-11-21,87,1,5,0,0.2857142857142857,0.0,,1.9395192526186185
Dois Irmãos do Tocantins,2020-11-22,87,0,5,0,0.2857142857142857,0.0,,1.9395192526186185
Dois Irmãos do Tocantins,2020-11-23,87,0,5,0,0.2857142857142857,0.0,,1.9395192526186185
Dois Irmãos do Tocantins,2020-11-24,87,0,5,0,0.2857142857142857,0.0,,1.9395192526186185
Dois Irmãos do Tocantins,2020-11-25,87,0,5,0,0.2857142857142857,0.0,,1.9395192526186185
Dois Irmãos do Tocantins,2020-11-26,87,0,5,0,0.2857142857142857,0.0,,1.9395192526186185
Dois Irmãos do Tocantins,2020-11-27,87,0,5,0,0.2857142857142857,0.0,,1.9395192526186185
Dois Irmãos do Tocantins,2020-11-28,87,0,5,0,0.2857142857142857,0.0,,1.9395192526186185
Dois Irmãos do Tocantins,2020-11-29,87,0,5,0,0.2857142857142857,0.0,,1.9395192526186185
Dois Irmãos do Tocantins,2020-11-30,87,0,5,0,0.2857142857142857,0.0,,1.9395192526186185
Dois Irmãos do Tocantins,2020-12-01,87,0,5,0,0.14285714285714285,0.0,,1.9395192526186185
Dois Irmãos do Tocantins,2020-12-02,87,0,5,0,0.14285714285714285,0.0,,1.9395192526186185
Dois Irmãos do Tocantins,2020-12-03,92,5,5,0,0.42857142857142855,0.0,,1.9637878273455553
Dois Irmãos do Tocantins,2020-12-04,96,4,5,0,0.7142857142857143,0.0,,1.9822712330395684
Dois Irmãos do Tocantins,2020-12-05,96,0,5,0,0.6428571428571429,0.0,,1.9822712330395684
Dois Irmãos do Tocantins,2020-12-06,96,0,5,0,0.6428571428571429,0.0,,1.9822712330395684
Dois Irmãos do Tocantins,2020-12-07,96,0,5,0,0.6428571428571429,0.0,,1.9822712330395684
Dois Irmãos do Tocantins,2020-12-08,96,0,5,0,0.6428571428571429,0.0,,1.9822712330395684
Dois Irmãos do Tocantins,2020-12-09,96,0,5,0,0.6428571428571429,0.0,,1.9822712330395684
Dois Irmãos do Tocantins,2020-12-10,96,0,5,0,0.6428571428571429,0.0,,1.9822712330395684
Dois Irmãos do Tocantins,2020-12-11,96,0,5,0,0.6428571428571429,0.0,,1.9822712330395684
Dois Irmãos do Tocantins,2020-12-12,96,0,5,0,0.6428571428571429,0.0,,1.9822712330395684
Dois Irmãos do Tocantins,2020-12-13,96,0,5,0,0.6428571428571429,0.0,,1.9822712330395684
Dois Irmãos do Tocantins,2020-12-14,96,0,5,0,0.6428571428571429,0.0,,1.9822712330395684
Dois Irmãos do Tocantins,2020-12-15,96,0,5,0,0.6428571428571429,0.0,,1.9822712330395684
Dois Irmãos do Tocantins,2020-12-16,96,0,5,0,0.6428571428571429,0.0,,1.9822712330395684
Dois Irmãos do Tocantins,2020-12-17,96,0,5,0,0.2857142857142857,0.0,,1.9822712330395684
Dois Irmãos do Tocantins,2020-12-18,96,0,5,0,0.0,0.0,,1.9822712330395684
Dois Irmãos do Tocantins,2020-12-19,96,0,5,0,0.0,0.0,,1.9822712330395684
Dois Irmãos do Tocantins,2020-12-20,96,0,5,0,0.0,0.0,,1.9822712330395684
Dois Irmãos do Tocantins,2020-12-21,96,0,5,0,0.0,0.0,,1.9822712330395684
Dois Irmãos do Tocantins,2020-12-22,96,0,5,0,0.0,0.0,,1.9822712330395684
Dois Irmãos do Tocantins,2020-12-23,119,23,5,0,1.6428571428571428,0.0,,2.075546961392531
Dois Irmãos do Tocantins,2020-12-24,119,0,5,0,1.6428571428571428,0.0,,2.075546961392531
Dois Irmãos do Tocantins,2020-12-25,119,0,5,0,1.6428571428571428,0.0,,2.075546961392531
Dois Irmãos do Tocantins,2020-12-26,119,0,5,0,1.6428571428571428,0.0,,2.075546961392531
Dois Irmãos do Tocantins,2020-12-27,119,0,5,0,1.6428571428571428,0.0,,2.075546961392531
Dois Irmãos do Tocantins,2020-12-28,119,0,5,0,1.6428571428571428,0.0,,2.075546961392531
Dois Irmãos do Tocantins,2020-12-29,119,0,5,0,1.6428571428571428,0.0,,2.075546961392531
Dois Irmãos do Tocantins,2020-12-30,120,1,5,0,1.7142857142857142,0.0,,2.0791812460476247
Dois Irmãos do Tocantins,2020-12-31,120,0,5,0,1.7142857142857142,0.0,,2.0791812460476247
Dois Irmãos do Tocantins,2021-01-01,120,0,5,0,1.7142857142857142,0.0,,2.0791812460476247
Dois Irmãos do Tocantins,2021-01-02,120,0,5,0,1.7142857142857142,0.0,,2.0791812460476247
Dois Irmãos do Tocantins,2021-01-03,120,0,5,0,1.7142857142857142,0.0,,2.0791812460476247
Dois Irmãos do Tocantins,2021-01-04,120,0,5,0,1.7142857142857142,0.0,,2.0791812460476247
Dois Irmãos do Tocantins,2021-01-05,120,0,5,0,1.7142857142857142,0.0,,2.0791812460476247
Dois Irmãos do Tocantins,2021-01-06,120,0,5,0,0.07142857142857142,0.0,,2.0791812460476247
Dois Irmãos do Tocantins,2021-01-07,120,0,5,0,0.07142857142857142,0.0,,2.0791812460476247
Dois Irmãos do Tocantins,2021-01-08,120,0,5,0,0.07142857142857142,0.0,,2.0791812460476247
Dois Irmãos do Tocantins,2021-01-09,120,0,5,0,0.07142857142857142,0.0,,2.0791812460476247
Dois Irmãos do Tocantins,2021-01-10,120,0,5,0,0.07142857142857142,0.0,,2.0791812460476247
Dois Irmãos do Tocantins,2021-01-11,120,0,5,0,0.07142857142857142,0.0,,2.0791812460476247
Dois Irmãos do Tocantins,2021-01-12,120,0,5,0,0.07142857142857142,0.0,,2.0791812460476247
Dois Irmãos do Tocantins,2021-01-13,120,0,5,0,0.0,0.0,,2.0791812460476247
Dois Irmãos do Tocantins,2021-01-14,120,0,5,0,0.0,0.0,,2.0791812460476247
Dois Irmãos do Tocantins,2021-01-15,120,0,5,0,0.0,0.0,,2.0791812460476247
Dois Irmãos do Tocantins,2021-01-16,120,0,5,0,0.0,0.0,,2.0791812460476247
Dois Irmãos do Tocantins,2021-01-17,120,0,5,0,0.0,0.0,,2.0791812460476247
Dois Irmãos do Tocantins,2021-01-18,121,1,5,0,0.07142857142857142,0.0,,2.08278537031645
Dois Irmãos do Tocantins,2021-01-19,121,0,5,0,0.07142857142857142,0.0,,2.08278537031645
Dois Irmãos do Tocantins,2021-01-20,121,0,5,0,0.07142857142857142,0.0,,2.08278537031645
Combinado,2020-03-27,0,0,0,0,,,,0.0
Combinado,2020-03-28,0,0,0,0,,,,0.0
Combinado,2020-03-29,0,0,0,0,,,,0.0
Combinado,2020-03-30,0,0,0,0,,,,0.0
Combinado,2020-03-31,0,0,0,0,,,,0.0
Combinado,2020-04-01,0,0,0,0,,,,0.0
Combinado,2020-04-02,0,0,0,0,,,,0.0
Combinado,2020-04-03,0,0,0,0,,,,0.0
Combinado,2020-04-04,0,0,0,0,,,,0.0
Combinado,2020-04-05,0,0,0,0,,,,0.0
Combinado,2020-04-06,0,0,0,0,,,,0.0
Combinado,2020-04-07,0,0,0,0,,,,0.0
Combinado,2020-04-08,0,0,0,0,,,,0.0
Combinado,2020-04-09,0,0,0,0,0.0,0.0,,0.0
Combinado,2020-04-10,0,0,0,0,0.0,0.0,,0.0
Combinado,2020-04-11,0,0,0,0,0.0,0.0,,0.0
Combinado,2020-04-12,0,0,0,0,0.0,0.0,,0.0
Combinado,2020-04-13,0,0,0,0,0.0,0.0,,0.0
Combinado,2020-04-14,0,0,0,0,0.0,0.0,,0.0
Combinado,2020-04-15,0,0,0,0,0.0,0.0,,0.0
Combinado,2020-04-16,0,0,0,0,0.0,0.0,,0.0
Combinado,2020-04-17,0,0,0,0,0.0,0.0,,0.0
Combinado,2020-04-18,0,0,0,0,0.0,0.0,,0.0
Combinado,2020-04-19,0,0,0,0,0.0,0.0,,0.0
Combinado,2020-04-20,0,0,0,0,0.0,0.0,,0.0
Combinado,2020-04-21,0,0,0,0,0.0,0.0,,0.0
Combinado,2020-04-22,0,0,0,0,0.0,0.0,,0.0
Combinado,2020-04-23,0,0,0,0,0.0,0.0,,0.0
Combinado,2020-04-24,0,0,0,0,0.0,0.0,,0.0
Combinado,2020-04-25,0,0,0,0,0.0,0.0,,0.0
Combinado,2020-04-26,0,0,0,0,0.0,0.0,,0.0
Combinado,2020-04-27,0,0,0,0,0.0,0.0,,0.0
Combinado,2020-04-28,0,0,0,0,0.0,0.0,,0.0
Combinado,2020-04-29,0,0,0,0,0.0,0.0,,0.0
Combinado,2020-04-30,0,0,0,0,0.0,0.0,,0.0
Combinado,2020-05-01,0,0,0,0,0.0,0.0,,0.0
Combinado,2020-05-02,0,0,0,0,0.0,0.0,,0.0
Combinado,2020-05-03,0,0,0,0,0.0,0.0,,0.0
Combinado,2020-05-04,0,0,0,0,0.0,0.0,,0.0
Combinado,2020-05-05,0,0,0,0,0.0,0.0,,0.0
Combinado,2020-05-06,0,0,0,0,0.0,0.0,,0.0
Combinado,2020-05-07,0,0,0,0,0.0,0.0,,0.0
Combinado,2020-05-08,0,0,0,0,0.0,0.0,,0.0
Combinado,2020-05-09,0,0,0,0,0.0,0.0,,0.0
Combinado,2020-05-10,0,0,0,0,0.0,0.0,,0.0
Combinado,2020-05-11,0,0,0,0,0.0,0.0,,0.0
Combinado,2020-05-12,0,0,0,0,0.0,0.0,,0.0
Combinado,2020-05-13,0,0,0,0,0.0,0.0,,0.0
Combinado,2020-05-14,0,0,0,0,0.0,0.0,,0.0
Combinado,2020-05-15,0,0,0,0,0.0,0.0,,0.0
Combinado,2020-05-16,0,0,0,0,0.0,0.0,,0.0
Combinado,2020-05-17,0,0,0,0,0.0,0.0,,0.0
Combinado,2020-05-18,0,0,0,0,0.0,0.0,,0.0
Combinado,2020-05-19,0,0,0,0,0.0,0.0,,0.0
Combinado,2020-05-20,0,0,0,0,0.0,0.0,,0.0
Combinado,2020-05-21,0,0,0,0,0.0,0.0,,0.0
Combinado,2020-05-22,0,0,0,0,0.0,0.0,,0.0
Combinado,2020-05-23,0,0,0,0,0.0,0.0,,0.0
Combinado,2020-05-24,0,0,0,0,0.0,0.0,,0.0
Combinado,2020-05-25,0,0,0,0,0.0,0.0,,0.0
Combinado,2020-05-26,0,0,0,0,0.0,0.0,,0.0
Combinado,2020-05-27,0,0,0,0,0.0,0.0,,0.0
Combinado,2020-05-28,0,0,0,0,0.0,0.0,,0.0
Combinado,2020-05-29,0,0,0,0,0.0,0.0,,0.0
Combinado,2020-05-30,0,0,0,0,0.0,0.0,,0.0
Combinado,2020-05-31,0,0,0,0,0.0,0.0,,0.0
Combinado,2020-06-01,0,0,0,0,0.0,0.0,,0.0
Combinado,2020-06-02,0,0,0,0,0.0,0.0,,0.0
Combinado,2020-06-03,0,0,0,0,0.0,0.0,,0.0
Combinado,2020-06-04,0,0,0,0,0.0,0.0,,0.0
Combinado,2020-06-05,0,0,0,0,0.0,0.0,,0.0
Combinado,2020-06-06,0,0,0,0,0.0,0.0,,0.0
Combinado,2020-06-07,0,0,0,0,0.0,0.0,,0.0
Combinado,2020-06-08,0,0,0,0,0.0,0.0,,0.0
Combinado,2020-06-09,0,0,0,0,0.0,0.0,,0.0
Combinado,2020-06-10,0,0,0,0,0.0,0.0,,0.0
Combinado,2020-06-11,0,0,0,0,0.0,0.0,,0.0
Combinado,2020-06-12,0,0,0,0,0.0,0.0,,0.0
Combinado,2020-06-13,0,0,0,0,0.0,0.0,,0.0
Combinado,2020-06-14,0,0,0,0,0.0,0.0,,0.0
Combinado,2020-06-15,0,0,0,0,0.0,0.0,,0.0
Combinado,2020-06-16,0,0,0,0,0.0,0.0,,0.0
Combinado,2020-06-17,0,0,0,0,0.0,0.0,,0.0
Combinado,2020-06-18,0,0,0,0,0.0,0.0,,0.0
Combinado,2020-06-19,0,0,0,0,0.0,0.0,,0.0
Combinado,2020-06-20,0,0,0,0,0.0,0.0,,0.0
Combinado,2020-06-21,0,0,0,0,0.0,0.0,,0.0
Combinado,2020-06-22,0,0,0,0,0.0,0.0,,0.0
Combinado,2020-06-23,0,0,0,0,0.0,0.0,,0.0
Combinado,2020-06-24,0,0,0,0,0.0,0.0,,0.0
Combinado,2020-06-25,0,0,0,0,0.0,0.0,,0.0
Combinado,2020-06-26,0,0,0,0,0.0,0.0,,0.0
Combinado,2020-06-27,0,0,0,0,0.0,0.0,,0.0
Combinado,2020-06-28,0,0,0,0,0.0,0.0,,0.0
Combinado,2020-06-29,0,0,0,0,0.0,0.0,,0.0
Combinado,2020-06-30,0,0,0,0,0.0,0.0,,0.0
Combinado,2020-07-01,0,0,0,0,0.0,0.0,,0.0
Combinado,2020-07-02,0,0,0,0,0.0,0.0,,0.0
Combinado,2020-07-03,0,0,0,0,0.0,0.0,,0.0
Combinado,2020-07-04,0,0,0,0,0.0,0.0,,0.0
Combinado,2020-07-05,0,0,0,0,0.0,0.0,,0.0
Combinado,2020-07-06,0,0,0,0,0.0,0.0,,0.0
Combinado,2020-07-07,0,0,0,0,0.0,0.0,,0.0
Combinado,2020-07-08,0,0,0,0,0.0,0.0,,0.0
Combinado,2020-07-09,0,0,0,0,0.0,0.0,,0.0
Combinado,2020-07-10,0,0,0,0,0.0,0.0,,0.0
Combinado,2020-07-11,0,0,0,0,0.0,0.0,,0.0
Combinado,2020-07-12,0,0,0,0,0.0,0.0,,0.0
Combinado,2020-07-13,0,0,0,0,0.0,0.0,,0.0
Combinado,2020-07-14,0,0,0,0,0.0,0.0,,0.0
Combinado,2020-07-15,0,0,0,0,0.0,0.0,,0.0
Combinado,2020-07-16,0,0,0,0,0.0,0.0,,0.0
Combinado,2020-07-17,0,0,0,0,0.0,0.0,,0.0
Combinado,2020-07-18,0,0,0,0,0.0,0.0,,0.0
Combinado,2020-07-19,0,0,0,0,0.0,0.0,,0.0
Combinado,2020-07-20,0,0,0,0,0.0,0.0,,0.0
Combinado,2020-07-21,0,0,0,0,0.0,0.0,,0.0
Combinado,2020-07-22,0,0,0,0,0.0,0.0,,0.0
Combinado,2020-07-23,0,0,0,0,0.0,0.0,,0.0
Combinado,2020-07-24,0,0,0,0,0.0,0.0,,0.0
Combinado,2020-07-25,0,0,0,0,0.0,0.0,,0.0
Combinado,2020-07-26,2,2,0,0,0.14285714285714285,0.0,,0.3010299956639812
Combinado,2020-07-27,2,0,0,0,0.14285714285714285,0.0,,0.3010299956639812
Combinado,2020-07-28,5,3,0,0,0.35714285714285715,0.0,,0.6989700043360189
Combinado,2020-07-29,5,0,0,0,0.35714285714285715,0.0,,0.6989700043360189
Combinado,2020-07-30,5,0,0,0,0.35714285714285715,0.0,,0.6989700043360189
Combinado,2020-07-31,5,0,0,0,0.35714285714285715,0.0,,0.6989700043360189
Combinado,2020-08-01,5,0,0,0,0.35714285714285715,0.0,,0.6989700043360189
Combinado,2020-08-02,6,1,0,0,0.42857142857142855,0.0,,0.7781512503836436
Combinado,2020-08-03,7,1,0,0,0.5,0.0,,0.8450980400142568
Combinado,2020-08-04,7,0,0,0,0.5,0.0,,0.8450980400142568
Combinado,2020-08-05,7,0,0,0,0.5,0.0,,0.8450980400142568
Combinado,2020-08-06,7,0,0,0,0.5,0.0,,0.8450980400142568
Combinado,2020-08-07,7,0,0,0,0.5,0.0,,0.8450980400142568
Combinado,2020-08-08,7,0,0,0,0.5,0.0,,0.8450980400142568
Combinado,2020-08-09,7,0,0,0,0.35714285714285715,0.0,,0.8450980400142568
Combinado,2020-08-10,7,0,0,0,0.35714285714285715,0.0,,0.8450980400142568
Combinado,2020-08-11,7,0,0,0,0.14285714285714285,0.0,,0.8450980400142568
Combinado,2020-08-12,7,0,0,0,0.14285714285714285,0.0,,0.8450980400142568
Combinado,2020-08-13,7,0,0,0,0.14285714285714285,0.0,,0.8450980400142568
Combinado,2020-08-14,10,3,0,0,0.35714285714285715,0.0,,1.0
Combinado,2020-08-15,19,9,0,0,1.0,0.0,,1.2787536009528289
Combinado,2020-08-16,19,0,0,0,0.9285714285714286,0.0,,1.2787536009528289
Combinado,2020-08-17,19,0,0,0,0.8571428571428571,0.0,,1.2787536009528289
Combinado,2020-08-18,19,0,0,0,0.8571428571428571,0.0,,1.2787536009528289
Combinado,2020-08-19,27,8,0,0,1.4285714285714286,0.0,,1.4313637641589874
Combinado,2020-08-20,27,0,0,0,1.4285714285714286,0.0,,1.4313637641589874
Combinado,2020-08-21,33,6,0,0,1.8571428571428572,0.0,,1.5185139398778875
Combinado,2020-08-22,33,0,0,0,1.8571428571428572,0.0,,1.5185139398778875
Combinado,2020-08-23,33,0,0,0,1.8571428571428572,0.0,,1.5185139398778875
Combinado,2020-08-24,33,0,0,0,1.8571428571428572,0.0,,1.5185139398778875
Combinado,2020-08-25,33,0,1,1,1.8571428571428572,0.07142857142857142,inf,1.5185139398778875
Combinado,2020-08-26,38,5,1,0,2.2142857142857144,0.07142857142857142,inf,1.5797835966168101
Combinado,2020-08-27,42,4,1,0,2.5,0.07142857142857142,inf,1.6232492903979006
Combinado,2020-08-28,48,6,1,0,2.7142857142857144,0.07142857142857142,inf,1.6812412373755872
Combinado,2020-08-29,53,5,1,0,2.4285714285714284,0.07142857142857142,inf,1.7242758696007892
Combinado,2020-08-30,53,0,1,0,2.4285714285714284,0.07142857142857142,inf,1.7242758696007892
Combinado,2020-08-31,53,0,1,0,2.4285714285714284,0.07142857142857142,inf,1.7242758696007892
Combinado,2020-09-01,57,4,1,0,2.7142857142857144,0.07142857142857142,inf,1.7558748556724915
Combinado,2020-09-02,57,0,1,0,2.142857142857143,0.07142857142857142,inf,1.7558748556724915
Combinado,2020-09-03,57,0,1,0,2.142857142857143,0.07142857142857142,inf,1.7558748556724915
Combinado,2020-09-04,64,7,1,0,2.2142857142857144,0.07142857142857142,inf,1.806179973983887
Combinado,2020-09-05,66,2,1,0,2.357142857142857,0.07142857142857142,inf,1.8195439355418688
Combinado,2020-09-06,66,0,1,0,2.357142857142857,0.07142857142857142,inf,1.8195439355418688
Combinado,2020-09-07,66,0,1,0,2.357142857142857,0.07142857142857142,inf,1.8195439355418688
Combinado,2020-09-08,66,0,1,0,2.357142857142857,0.0,-1.0,1.8195439355418688
Combinado,2020-09-09,66,0,1,0,2.0,0.0,-1.0,1.8195439355418688
Combinado,2020-09-10,76,10,1,0,2.4285714285714284,0.0,-1.0,1.8808135922807914
Combinado,2020-09-11,76,0,1,0,2.0,0.0,-1.0,1.8808135922807914
Combinado,2020-09-12,76,0,1,0,1.6428571428571428,0.0,-1.0,1.8808135922807914
Combinado,2020-09-13,76,0,1,0,1.6428571428571428,0.0,-1.0,1.8808135922807914
Combinado,2020-09-14,76,0,1,0,1.6428571428571428,0.0,-1.0,1.8808135922807914
Combinado,2020-09-15,82,6,1,0,1.7857142857142858,0.0,-1.0,1.9138138523837167
Combinado,2020-09-16,82,0,1,0,1.7857142857142858,0.0,-1.0,1.9138138523837167
Combinado,2020-09-17,82,0,1,0,1.7857142857142858,0.0,-1.0,1.9138138523837167
Combinado,2020-09-18,107,25,1,0,3.0714285714285716,0.0,-1.0,2.0293837776852097
Combinado,2020-09-19,118,11,2,1,3.7142857142857144,0.07142857142857142,0.0,2.0718820073061255
Combinado,2020-09-20,118,0,2,0,3.7142857142857144,0.07142857142857142,0.0,2.0718820073061255
Combinado,2020-09-21,118,0,2,0,3.7142857142857144,0.07142857142857142,0.0,2.0718820073061255
Combinado,2020-09-22,119,1,2,0,3.7857142857142856,0.07142857142857142,inf,2.075546961392531
Combinado,2020-09-23,123,4,2,0,4.071428571428571,0.07142857142857142,inf,2.089905111439398
Combinado,2020-09-24,134,11,2,0,4.142857142857143,0.07142857142857142,inf,2.1271047983648077
Combinado,2020-09-25,145,11,2,0,4.928571428571429,0.07142857142857142,inf,2.161368002234975
Combinado,2020-09-26,156,11,2,0,5.714285714285714,0.07142857142857142,inf,2.1931245983544616
Combinado,2020-09-27,156,0,2,0,5.714285714285714,0.07142857142857142,inf,2.1931245983544616
Combinado,2020-09-28,156,0,2,0,5.714285714285714,0.07142857142857142,inf,2.1931245983544616
Combinado,2020-09-29,162,6,2,0,5.714285714285714,0.07142857142857142,inf,2.2095150145426308
Combinado,2020-09-30,162,0,2,0,5.714285714285714,0.07142857142857142,inf,2.2095150145426308
Combinado,2020-10-01,163,1,2,0,5.785714285714286,0.07142857142857142,inf,2.2121876044039577
Combinado,2020-10-02,163,0,2,0,4.0,0.07142857142857142,inf,2.2121876044039577
Combinado,2020-10-03,163,0,2,0,3.2142857142857144,0.0,-1.0,2.2121876044039577
Combinado,2020-10-04,163,0,2,0,3.2142857142857144,0.0,-1.0,2.2121876044039577
Combinado,2020-10-05,163,0,2,0,3.2142857142857144,0.0,-1.0,2.2121876044039577
Combinado,2020-10-06,164,1,2,0,3.2142857142857144,0.0,-1.0,2.214843848047698
Combinado,2020-10-07,166,2,2,0,3.0714285714285716,0.0,-1.0,2.220108088040055
Combinado,2020-10-08,166,0,2,0,2.2857142857142856,0.0,-1.0,2.220108088040055
Combinado,2020-10-09,165,-1,2,0,1.4285714285714286,0.0,-1.0,2.2174839442139063
Combinado,2020-10-10,173,8,3,1,1.2142857142857142,0.07142857142857142,0.0,2.2380461031287955
Combinado,2020-10-11,173,0,3,0,1.2142857142857142,0.07142857142857142,0.0,2.2380461031287955
Combinado,2020-10-12,173,0,3,0,1.2142857142857142,0.07142857142857142,0.0,2.2380461031287955
Combinado,2020-10-13,173,0,3,0,0.7857142857142857,0.07142857142857142,0.0,2.2380461031287955
Combinado,2020-10-14,173,0,4,1,0.7857142857142857,0.14285714285714285,1.0,2.2380461031287955
Combinado,2020-10-15,189,16,4,0,1.8571428571428572,0.14285714285714285,1.0,2.2764618041732443
Combinado,2020-10-16,210,21,4,0,3.357142857142857,0.14285714285714285,1.0,2.322219294733919
Combinado,2020-10-17,212,2,4,0,3.5,0.14285714285714285,inf,2.3263358609287517
Combinado,2020-10-18,212,0,4,0,3.5,0.14285714285714285,inf,2.3263358609287517
Combinado,2020-10-19,212,0,4,0,3.5,0.14285714285714285,inf,2.3263358609287517
Combinado,2020-10-20,213,1,4,0,3.5,0.14285714285714285,inf,2.3283796034387376
Combinado,2020-10-21,220,7,4,0,3.857142857142857,0.14285714285714285,inf,2.342422680822206
Combinado,2020-10-22,220,0,4,0,3.857142857142857,0.14285714285714285,inf,2.342422680822206
Combinado,2020-10-23,220,0,4,0,3.9285714285714284,0.14285714285714285,inf,2.342422680822206
Combinado,2020-10-24,220,0,4,0,3.357142857142857,0.07142857142857142,0.0,2.342422680822206
Combinado,2020-10-25,220,0,4,0,3.357142857142857,0.07142857142857142,0.0,2.342422680822206
Combinado,2020-10-26,220,0,4,0,3.357142857142857,0.07142857142857142,0.0,2.342422680822206
Combinado,2020-10-27,220,0,4,0,3.357142857142857,0.07142857142857142,0.0,2.342422680822206
Combinado,2020-10-28,220,0,4,0,3.357142857142857,0.0,-1.0,2.342422680822206
Combinado,2020-10-29,220,0,4,0,2.2142857142857144,0.0,-1.0,2.342422680822206
Combinado,2020-10-30,220,0,4,0,0.7142857142857143,0.0,-1.0,2.342422680822206
Combinado,2020-10-31,220,0,4,0,0.5714285714285714,0.0,-1.0,2.342422680822206
Combinado,2020-11-01,220,0,4,0,0.5714285714285714,0.0,-1.0,2.342422680822206
Combinado,2020-11-02,220,0,4,0,0.5714285714285714,0.0,-1.0,2.342422680822206
Combinado,2020-11-03,220,0,4,0,0.5,0.0,-1.0,2.342422680822206
Combinado,2020-11-04,220,0,4,0,0.0,0.0,-1.0,2.342422680822206
Combinado,2020-11-05,220,0,4,0,0.0,0.0,-1.0,2.342422680822206
Combinado,2020-11-06,220,0,4,0,0.0,0.0,-1.0,2.342422680822206
Combinado,2020-11-07,220,0,4,0,0.0,0.0,-1.0,2.342422680822206
Combinado,2020-11-08,220,0,4,0,0.0,0.0,-1.0,2.342422680822206
Combinado,2020-11-09,220,0,4,0,0.0,0.0,-1.0,2.342422680822206
Combinado,2020-11-10,220,0,4,0,0.0,0.0,-1.0,2.342422680822206
Combinado,2020-11-11,220,0,4,0,0.0,0.0,,2.342422680822206
Combinado,2020-11-12,220,0,4,0,0.0,0.0,,2.342422680822206
Combinado,2020-11-13,220,0,4,0,0.0,0.0,,2.342422680822206
Combinado,2020-11-14,220,0,4,0,0.0,0.0,,2.342422680822206
Combinado,2020-11-15,220,0,4,0,0.0,0.0,,2.342422680822206
Combinado,2020-11-16,220,0,4,0,0.0,0.0,,2.342422680822206
Combinado,2020-11-17,220,0,4,0,0.0,0.0,,2.342422680822206
Combinado,2020-11-18,220,0,4,0,0.0,0.0,,2.342422680822206
Combinado,2020-11-19,220,0,4,0,0.0,0.0,,2.342422680822206
Combinado,2020-11-20,222,2,4,0,0.14285714285714285,0.0,,2.346352974450639
Combinado,2020-11-21,222,0,4,0,0.14285714285714285,0.0,,2.346352974450639
Combinado,2020-11-22,222,0,4,0,0.14285714285714285,0.0,,2.346352974450639
Combinado,2020-11-23,222,0,4,0,0.14285714285714285,0.0,,2.346352974450639
Combinado,2020-11-24,222,0,4,0,0.14285714285714285,0.0,,2.346352974450639
Combinado,2020-11-25,222,0,4,0,0.14285714285714285,0.0,,2.346352974450639
Combinado,2020-11-26,222,0,4,0,0.14285714285714285,0.0,,2.346352974450639
Combinado,2020-11-27,222,0,4,0,0.14285714285714285,0.0,,2.346352974450639
Combinado,2020-11-28,226,4,4,0,0.42857142857142855,0.0,,2.3541084391474008
Combinado,2020-11-29,226,0,4,0,0.42857142857142855,0.0,,2.3541084391474008
Combinado,2020-11-30,226,0,4,0,0.42857142857142855,0.0,,2.3541084391474008
Combinado,2020-12-01,226,0,4,0,0.42857142857142855,0.0,,2.3541084391474008
Combinado,2020-12-02,226,0,4,0,0.42857142857142855,0.0,,2.3541084391474008
Combinado,2020-12-03,226,0,4,0,0.42857142857142855,0.0,,2.3541084391474008
Combinado,2020-12-04,226,0,4,0,0.2857142857142857,0.0,,2.3541084391474008
Combinado,2020-12-05,226,0,4,0,0.2857142857142857,0.0,,2.3541084391474008
Combinado,2020-12-06,226,0,4,0,0.2857142857142857,0.0,,2.3541084391474008
Combinado,2020-12-07,226,0,4,0,0.2857142857142857,0.0,,2.3541084391474008
Combinado,2020-12-08,226,0,4,0,0.2857142857142857,0.0,,2.3541084391474008
Combinado,2020-12-09,226,0,4,0,0.2857142857142857,0.0,,2.3541084391474008
Combinado,2020-12-10,226,0,4,0,0.2857142857142857,0.0,,2.3541084391474008
Combinado,2020-12-11,226,0,4,0,0.2857142857142857,0.0,,2.3541084391474008
Combinado,2020-12-12,226,0,4,0,0.0,0.0,,2.3541084391474008
Combinado,2020-12-13,226,0,4,0,0.0,0.0,,2.3541084391474008
Combinado,2020-12-14,226,0,4,0,0.0,0.0,,2.3541084391474008
Combinado,2020-12-15,226,0,4,0,0.0,0.0,,2.3541084391474008
Combinado,2020-12-16,226,0,4,0,0.0,0.0,,2.3541084391474008
Combinado,2020-12-17,226,0,4,0,0.0,0.0,,2.3541084391474008
Combinado,2020-12-18,226,0,4,0,0.0,0.0,,2.3541084391474008
Combinado,2020-12-19,226,0,4,0,0.0,0.0,,2.3541084391474008
Combinado,2020-12-20,226,0,4,0,0.0,0.0,,2.3541084391474008
Combinado,2020-12-21,226,0,4,0,0.0,0.0,,2.3541084391474008
Combinado,2020-12-22,226,0,4,0,0.0,0.0,,2.3541084391474008
Combinado,2020-12-23,226,0,4,0,0.0,0.0,,2.3541084391474008
Combinado,2020-12-24,243,17,4,0,1.2142857142857142,0.0,,2.385606273598312
Combinado,2020-12-25,243,0,4,0,1.2142857142857142,0.0,,2.385606273598312
Combinado,2020-12-26,243,0,4,0,1.2142857142857142,0.0,,2.385606273598312
Combinado,2020-12-27,243,0,4,0,1.2142857142857142,0.0,,2.385606273598312
Combinado,2020-12-28,243,0,4,0,1.2142857142857142,0.0,,2.385606273598312
Combinado,2020-12-29,244,1,4,0,1.2857142857142858,0.0,,2.3873898263387296
Combinado,2020-12-30,244,0,4,0,1.2857142857142858,0.0,,2.3873898263387296
Combinado,2020-12-31,244,0,4,0,1.2857142857142858,0.0,,2.3873898263387296
Combinado,2021-01-01,244,0,4,0,1.2857142857142858,0.0,,2.3873898263387296
Combinado,2021-01-02,244,0,4,0,1.2857142857142858,0.0,,2.3873898263387296
Combinado,2021-01-03,244,0,4,0,1.2857142857142858,0.0,,2.3873898263387296
Combinado,2021-01-04,244,0,4,0,1.2857142857142858,0.0,,2.3873898263387296
Combinado,2021-01-05,244,0,4,0,1.2857142857142858,0.0,,2.3873898263387296
Combinado,2021-01-06,244,0,4,0,1.2857142857142858,0.0,,2.3873898263387296
Combinado,2021-01-07,244,0,4,0,0.07142857142857142,0.0,,2.3873898263387296
Combinado,2021-01-08,244,0,4,0,0.07142857142857142,0.0,,2.3873898263387296
Combinado,2021-01-09,256,12,4,0,0.9285714285714286,0.0,,2.4082399653118496
Combinado,2021-01-10,256,0,4,0,0.9285714285714286,0.0,,2.4082399653118496
Combinado,2021-01-11,256,0,4,0,0.9285714285714286,0.0,,2.4082399653118496
Combinado,2021-01-12,256,0,4,0,0.8571428571428571,0.0,,2.4082399653118496
Combinado,2021-01-13,256,0,4,0,0.8571428571428571,0.0,,2.4082399653118496
Combinado,2021-01-14,258,2,4,0,1.0,0.0,,2.41161970596323
Combinado,2021-01-15,266,8,4,0,1.5714285714285714,0.0,,2.424881636631067
Combinado,2021-01-16,266,0,4,0,1.5714285714285714,0.0,,2.424881636631067
Combinado,2021-01-17,266,0,4,0,1.5714285714285714,0.0,,2.424881636631067
Combinado,2021-01-18,267,1,4,0,1.6428571428571428,0.0,,2.4265112613645754
Combinado,2021-01-19,267,0,4,0,1.6428571428571428,0.0,,2.4265112613645754
Combinado,2021-01-20,267,0,4,0,1.6428571428571428,0.0,,2.4265112613645754
Colinas do Tocantins,2020-03-27,0,0,0,0,,,,0.0
Colinas do Tocantins,2020-03-28,0,0,0,0,,,,0.0
Colinas do Tocantins,2020-03-29,0,0,0,0,,,,0.0
Colinas do Tocantins,2020-03-30,0,0,0,0,,,,0.0
Colinas do Tocantins,2020-03-31,0,0,0,0,,,,0.0
Colinas do Tocantins,2020-04-01,0,0,0,0,,,,0.0
Colinas do Tocantins,2020-04-02,0,0,0,0,,,,0.0
Colinas do Tocantins,2020-04-03,0,0,0,0,,,,0.0
Colinas do Tocantins,2020-04-04,0,0,0,0,,,,0.0
Colinas do Tocantins,2020-04-05,0,0,0,0,,,,0.0
Colinas do Tocantins,2020-04-06,0,0,0,0,,,,0.0
Colinas do Tocantins,2020-04-07,0,0,0,0,,,,0.0
Colinas do Tocantins,2020-04-08,0,0,0,0,,,,0.0
Colinas do Tocantins,2020-04-09,0,0,0,0,0.0,0.0,,0.0
Colinas do Tocantins,2020-04-10,0,0,0,0,0.0,0.0,,0.0
Colinas do Tocantins,2020-04-11,0,0,0,0,0.0,0.0,,0.0
Colinas do Tocantins,2020-04-12,0,0,0,0,0.0,0.0,,0.0
Colinas do Tocantins,2020-04-13,0,0,0,0,0.0,0.0,,0.0
Colinas do Tocantins,2020-04-14,0,0,0,0,0.0,0.0,,0.0
Colinas do Tocantins,2020-04-15,0,0,0,0,0.0,0.0,,0.0
Colinas do Tocantins,2020-04-16,0,0,0,0,0.0,0.0,,0.0
Colinas do Tocantins,2020-04-17,0,0,0,0,0.0,0.0,,0.0
Colinas do Tocantins,2020-04-18,0,0,0,0,0.0,0.0,,0.0
Colinas do Tocantins,2020-04-19,0,0,0,0,0.0,0.0,,0.0
Colinas do Tocantins,2020-04-20,0,0,0,0,0.0,0.0,,0.0
Colinas do Tocantins,2020-04-21,0,0,0,0,0.0,0.0,,0.0
Colinas do Tocantins,2020-04-22,0,0,0,0,0.0,0.0,,0.0
Colinas do Tocantins,2020-04-23,0,0,0,0,0.0,0.0,,0.0
Colinas do Tocantins,2020-04-24,0,0,0,0,0.0,0.0,,0.0
Colinas do Tocantins,2020-04-25,0,0,0,0,0.0,0.0,,0.0
Colinas do Tocantins,2020-04-26,0,0,0,0,0.0,0.0,,0.0
Colinas do Tocantins,2020-04-27,0,0,0,0,0.0,0.0,,0.0
Colinas do Tocantins,2020-04-28,0,0,0,0,0.0,0.0,,0.0
Colinas do Tocantins,2020-04-29,0,0,0,0,0.0,0.0,,0.0
Colinas do Tocantins,2020-04-30,0,0,0,0,0.0,0.0,,0.0
Colinas do Tocantins,2020-05-01,2,2,0,0,0.14285714285714285,0.0,,0.3010299956639812
Colinas do Tocantins,2020-05-02,2,0,0,0,0.14285714285714285,0.0,,0.3010299956639812
Colinas do Tocantins,2020-05-03,2,0,0,0,0.14285714285714285,0.0,,0.3010299956639812
Colinas do Tocantins,2020-05-04,2,0,0,0,0.14285714285714285,0.0,,0.3010299956639812
Colinas do Tocantins,2020-05-05,2,0,0,0,0.14285714285714285,0.0,,0.3010299956639812
Colinas do Tocantins,2020-05-06,3,1,0,0,0.21428571428571427,0.0,,0.47712125471966244
Colinas do Tocantins,2020-05-07,3,0,0,0,0.21428571428571427,0.0,,0.47712125471966244
Colinas do Tocantins,2020-05-08,4,1,0,0,0.2857142857142857,0.0,,0.6020599913279624
Colinas do Tocantins,2020-05-09,8,4,0,0,0.5714285714285714,0.0,,0.9030899869919435
Colinas do Tocantins,2020-05-10,9,1,0,0,0.6428571428571429,0.0,,0.9542425094393249
Colinas do Tocantins,2020-05-11,12,3,0,0,0.8571428571428571,0.0,,1.0791812460476249
Colinas do Tocantins,2020-05-12,16,4,0,0,1.1428571428571428,0.0,,1.2041199826559248
Colinas do Tocantins,2020-05-13,14,-2,0,0,1.0,0.0,,1.146128035678238
Colinas do Tocantins,2020-05-14,14,0,0,0,1.0,0.0,,1.146128035678238
Colinas do Tocantins,2020-05-15,17,3,0,0,1.0714285714285714,0.0,,1.2304489213782739
Colinas do Tocantins,2020-05-16,21,4,0,0,1.3571428571428572,0.0,,1.3222192947339193
Colinas do Tocantins,2020-05-17,21,0,0,0,1.3571428571428572,0.0,,1.3222192947339193
Colinas do Tocantins,2020-05-18,23,2,0,0,1.5,0.0,,1.3617278360175928
Colinas do Tocantins,2020-05-19,28,5,0,0,1.8571428571428572,0.0,,1.4471580313422192
Colinas do Tocantins,2020-05-20,28,0,0,0,1.7857142857142858,0.0,,1.4471580313422192
Colinas do Tocantins,2020-05-21,39,11,0,0,2.5714285714285716,0.0,,1.591064607026499
Colinas do Tocantins,2020-05-22,45,6,1,1,2.9285714285714284,0.07142857142857142,inf,1.6532125137753437
Colinas do Tocantins,2020-05-23,47,2,1,0,2.7857142857142856,0.07142857142857142,inf,1.6720978579357175
Colinas do Tocantins,2020-05-24,54,7,1,0,3.2142857142857144,0.07142857142857142,inf,1.7323937598229686
Colinas do Tocantins,2020-05-25,51,-3,1,0,2.7857142857142856,0.07142857142857142,inf,1.7075701760979363
Colinas do Tocantins,2020-05-26,56,5,1,0,2.857142857142857,0.07142857142857142,inf,1.7481880270062005
Colinas do Tocantins,2020-05-27,61,5,1,0,3.357142857142857,0.07142857142857142,inf,1.7853298350107671
Colinas do Tocantins,2020-05-28,62,1,1,0,3.4285714285714284,0.07142857142857142,inf,1.792391689498254
Colinas do Tocantins,2020-05-29,74,12,1,0,4.071428571428571,0.07142857142857142,inf,1.8692317197309762
Colinas do Tocantins,2020-05-30,79,5,1,0,4.142857142857143,0.07142857142857142,inf,1.8976270912904414
Colinas do Tocantins,2020-05-31,84,5,1,0,4.5,0.07142857142857142,inf,1.9242792860618816
Colinas do Tocantins,2020-06-01,89,5,1,0,4.714285714285714,0.07142857142857142,inf,1.9493900066449128
Colinas do Tocantins,2020-06-02,89,0,1,0,4.357142857142857,0.07142857142857142,inf,1.9493900066449128
Colinas do Tocantins,2020-06-03,89,0,1,0,4.357142857142857,0.07142857142857142,inf,1.9493900066449128
Colinas do Tocantins,2020-06-04,99,10,1,0,4.285714285714286,0.07142857142857142,inf,1.99563519459755
Colinas do Tocantins,2020-06-05,107,8,1,0,4.428571428571429,0.0,-1.0,2.0293837776852097
Colinas do Tocantins,2020-06-06,117,10,1,0,5.0,0.0,-1.0,2.0681858617461617
Colinas do Tocantins,2020-06-07,118,1,1,0,4.571428571428571,0.0,-1.0,2.0718820073061255
Colinas do Tocantins,2020-06-08,119,1,1,0,4.857142857142857,0.0,-1.0,2.075546961392531
Colinas do Tocantins,2020-06-09,124,5,2,1,4.857142857142857,0.07142857142857142,0.0,2.093421685162235
Colinas do Tocantins,2020-06-10,124,0,2,0,4.5,0.07142857142857142,0.0,2.093421685162235
Colinas do Tocantins,2020-06-11,134,10,2,0,5.142857142857143,0.07142857142857142,0.0,2.1271047983648077
Colinas do Tocantins,2020-06-12,138,4,2,0,4.571428571428571,0.07142857142857142,0.0,2.1398790864012365
Colinas do Tocantins,2020-06-13,145,7,2,0,4.714285714285714,0.07142857142857142,0.0,2.161368002234975
Colinas do Tocantins,2020-06-14,146,1,2,0,4.428571428571429,0.07142857142857142,0.0,2.164352855784437
Colinas do Tocantins,2020-06-15,148,2,2,0,4.214285714285714,0.07142857142857142,0.0,2.1702617153949575
Colinas do Tocantins,2020-06-16,148,0,3,1,4.214285714285714,0.14285714285714285,1.0,2.1702617153949575
Colinas do Tocantins,2020-06-17,152,4,3,0,4.5,0.14285714285714285,1.0,2.1818435879447726
Colinas do Tocantins,2020-06-18,155,3,3,0,4.0,0.14285714285714285,1.0,2.1903316981702914
Colinas do Tocantins,2020-06-19,167,12,3,0,4.285714285714286,0.14285714285714285,inf,2.2227164711475833
Colinas do Tocantins,2020-06-20,176,9,3,0,4.214285714285714,0.14285714285714285,inf,2.24551266781415
Colinas do Tocantins,2020-06-21,176,0,3,0,4.142857142857143,0.14285714285714285,inf,2.24551266781415
Colinas do Tocantins,2020-06-22,176,0,3,0,4.071428571428571,0.14285714285714285,inf,2.24551266781415
Colinas do Tocantins,2020-06-23,181,5,3,0,4.071428571428571,0.07142857142857142,0.0,2.2576785748691846
Colinas do Tocantins,2020-06-24,192,11,3,0,4.857142857142857,0.07142857142857142,0.0,2.2833012287035497
Colinas do Tocantins,2020-06-25,197,5,3,0,4.5,0.07142857142857142,0.0,2.294466226161593
Colinas do Tocantins,2020-06-26,206,9,3,0,4.857142857142857,0.07142857142857142,0.0,2.3138672203691533
Colinas do Tocantins,2020-06-27,208,2,3,0,4.5,0.07142857142857142,0.0,2.3180633349627615
Colinas do Tocantins,2020-06-28,208,0,3,0,4.428571428571429,0.07142857142857142,0.0,2.3180633349627615
Colinas do Tocantins,2020-06-29,208,0,3,0,4.285714285714286,0.07142857142857142,0.0,2.3180633349627615
Colinas do Tocantins,2020-06-30,210,2,3,0,4.428571428571429,0.0,-1.0,2.322219294733919
Colinas do Tocantins,2020-07-01,227,17,3,0,5.357142857142857,0.0,-1.0,2.3560258571931225
Colinas do Tocantins,2020-07-02,228,1,3,0,5.214285714285714,0.0,-1.0,2.357934847000454
Colinas do Tocantins,2020-07-03,242,14,3,0,5.357142857142857,0.0,-1.0,2.383815365980431
Colinas do Tocantins,2020-07-04,244,2,3,0,4.857142857142857,0.0,-1.0,2.3873898263387296
Colinas do Tocantins,2020-07-05,245,1,3,0,4.928571428571429,0.0,-1.0,2.3891660843645326
Colinas do Tocantins,2020-07-06,247,2,3,0,5.071428571428571,0.0,-1.0,2.392696953259666
Colinas do Tocantins,2020-07-07,266,19,3,0,6.071428571428571,0.0,-1.0,2.424881636631067
Colinas do Tocantins,2020-07-08,274,8,3,0,5.857142857142857,0.0,-1.0,2.437750562820388
Colinas do Tocantins,2020-07-09,283,9,3,0,6.142857142857143,0.0,-1.0,2.45178643552429
Colinas do Tocantins,2020-07-10,293,10,3,0,6.214285714285714,0.0,-1.0,2.4668676203541096
Colinas do Tocantins,2020-07-11,293,0,3,0,6.071428571428571,0.0,-1.0,2.4668676203541096
Colinas do Tocantins,2020-07-12,295,2,3,0,6.214285714285714,0.0,-1.0,2.469822015978163
Colinas do Tocantins,2020-07-13,295,0,3,0,6.214285714285714,0.0,-1.0,2.469822015978163
Colinas do Tocantins,2020-07-14,304,9,3,0,6.714285714285714,0.0,,2.482873583608754
Colinas do Tocantins,2020-07-15,304,0,3,0,5.5,0.0,,2.482873583608754
Colinas do Tocantins,2020-07-16,305,1,5,2,5.5,0.14285714285714285,inf,2.484299839346786
Colinas do Tocantins,2020-07-17,306,1,5,0,4.571428571428571,0.14285714285714285,inf,2.48572142648158
Colinas do Tocantins,2020-07-18,306,0,5,0,4.428571428571429,0.14285714285714285,inf,2.48572142648158
Colinas do Tocantins,2020-07-19,306,0,5,0,4.357142857142857,0.14285714285714285,inf,2.48572142648158
Colinas do Tocantins,2020-07-20,305,-1,4,-1,4.142857142857143,0.07142857142857142,inf,2.484299839346786
Colinas do Tocantins,2020-07-21,317,12,4,0,3.642857142857143,0.07142857142857142,inf,2.5010592622177517
Colinas do Tocantins,2020-07-22,317,0,4,0,3.0714285714285716,0.07142857142857142,inf,2.5010592622177517
Colinas do Tocantins,2020-07-23,321,4,4,0,2.7142857142857144,0.07142857142857142,inf,2.506505032404872
Colinas do Tocantins,2020-07-24,323,2,4,0,2.142857142857143,0.07142857142857142,inf,2.509202522331103
Colinas do Tocantins,2020-07-25,323,0,4,0,2.142857142857143,0.07142857142857142,inf,2.509202522331103
Colinas do Tocantins,2020-07-26,334,11,5,1,2.7857142857142856,0.14285714285714285,inf,2.5237464668115646
Colinas do Tocantins,2020-07-27,340,6,5,0,3.2142857142857144,0.14285714285714285,inf,2.531478917042255
Colinas do Tocantins,2020-07-28,404,64,5,0,7.142857142857143,0.14285714285714285,inf,2.606381365110605
Colinas do Tocantins,2020-07-29,411,7,5,0,7.642857142857143,0.14285714285714285,inf,2.6138418218760693
Colinas do Tocantins,2020-07-30,411,0,5,0,7.571428571428571,0.0,-1.0,2.6138418218760693
Colinas do Tocantins,2020-07-31,412,1,6,1,7.571428571428571,0.07142857142857142,-0.5,2.6148972160331345
Colinas do Tocantins,2020-08-01,412,0,6,0,7.571428571428571,0.07142857142857142,-0.5,2.6148972160331345
Colinas do Tocantins,2020-08-02,577,165,6,0,19.357142857142858,0.07142857142857142,-0.5,2.7611758131557314
Colinas do Tocantins,2020-08-03,578,1,6,0,19.5,0.14285714285714285,1.0,2.761927838420529
Colinas do Tocantins,2020-08-04,616,38,6,0,21.357142857142858,0.14285714285714285,1.0,2.7895807121644256
Colinas do Tocantins,2020-08-05,671,55,6,0,25.285714285714285,0.14285714285714285,1.0,2.826722520168992
Colinas do Tocantins,2020-08-06,748,77,8,2,30.5,0.2857142857142857,3.0,2.8739015978644615
Colinas do Tocantins,2020-08-07,896,148,8,0,40.92857142857143,0.2857142857142857,3.0,2.9523080096621253
Colinas do Tocantins,2020-08-08,950,54,8,0,44.785714285714285,0.2857142857142857,3.0,2.9777236052888476
Colinas do Tocantins,2020-08-09,954,4,8,0,44.285714285714285,0.21428571428571427,0.5,2.979548374704095
Colinas do Tocantins,2020-08-10,955,1,8,0,43.92857142857143,0.21428571428571427,0.5,2.9800033715837464
Colinas do Tocantins,2020-08-11,996,41,8,0,42.285714285714285,0.21428571428571427,0.5,2.998259338423699
Colinas do Tocantins,2020-08-12,1050,54,8,0,45.642857142857146,0.21428571428571427,0.5,3.0211892990699383
Colinas do Tocantins,2020-08-13,1135,85,8,0,51.714285714285715,0.21428571428571427,inf,3.0549958615291417
Colinas do Tocantins,2020-08-14,1187,52,8,0,55.357142857142854,0.14285714285714285,1.0,3.074450718954591
Colinas do Tocantins,2020-08-15,1190,3,9,1,55.57142857142857,0.21428571428571427,2.0,3.0755469613925306
Colinas do Tocantins,2020-08-16,1191,1,9,0,43.857142857142854,0.21428571428571427,2.0,3.0759117614827773
Colinas do Tocantins,2020-08-17,1191,0,9,0,43.785714285714285,0.21428571428571427,0.5,3.0759117614827773
Colinas do Tocantins,2020-08-18,1280,89,9,0,47.42857142857143,0.21428571428571427,0.5,3.1072099696478683
Colinas do Tocantins,2020-08-19,1401,121,10,1,52.142857142857146,0.2857142857142857,1.0,3.1464381352857744
Colinas do Tocantins,2020-08-20,1440,39,11,1,49.42857142857143,0.21428571428571427,-0.25,3.1583624920952498
Colinas do Tocantins,2020-08-21,1500,60,11,0,43.142857142857146,0.21428571428571427,-0.25,3.1760912590556813
Colinas do Tocantins,2020-08-22,1509,9,11,0,39.92857142857143,0.21428571428571427,-0.25,3.17868923977559
Colinas do Tocantins,2020-08-23,1509,0,11,0,39.642857142857146,0.21428571428571427,0.0,3.17868923977559
Colinas do Tocantins,2020-08-24,1518,9,11,0,40.214285714285715,0.21428571428571427,0.0,3.1812717715594614
Colinas do Tocantins,2020-08-25,1535,17,12,1,38.5,0.2857142857142857,0.3333333333333333,3.1861083798132053
Colinas do Tocantins,2020-08-26,1605,70,13,1,39.642857142857146,0.35714285714285715,0.6666666666666669,3.205475036740891
Colinas do Tocantins,2020-08-27,1666,61,15,2,37.92857142857143,0.5,1.3333333333333333,3.2216749970707688
Colinas do Tocantins,2020-08-28,1737,71,15,0,39.285714285714285,0.5,2.5,3.2397998184470986
Colinas do Tocantins,2020-08-29,1805,68,15,0,43.92857142857143,0.42857142857142855,1.0,3.256477206241677
Colinas do Tocantins,2020-08-30,1807,2,15,0,44.0,0.42857142857142855,1.0,3.256958152560932
Colinas do Tocantins,2020-08-31,1807,0,15,0,44.0,0.42857142857142855,1.0,3.256958152560932
Colinas do Tocantins,2020-09-01,1908,101,15,0,44.857142857142854,0.42857142857142855,1.0,3.2805783703680764
Colinas do Tocantins,2020-09-02,1947,39,16,1,39.0,0.42857142857142855,0.5,3.2893659515200318
Colinas do Tocantins,2020-09-03,1987,40,16,0,39.07142857142857,0.35714285714285715,0.6666666666666669,3.298197867109815
Colinas do Tocantins,2020-09-04,2029,42,17,1,37.785714285714285,0.42857142857142855,1.0,3.307282047033346
Colinas do Tocantins,2020-09-05,2054,25,17,0,38.92857142857143,0.42857142857142855,1.0,3.3126004392612596
Colinas do Tocantins,2020-09-06,2055,1,17,0,39.0,0.42857142857142855,1.0,3.312811826212088
Colinas do Tocantins,2020-09-07,2055,0,17,0,38.357142857142854,0.42857142857142855,1.0,3.312811826212088
Colinas do Tocantins,2020-09-08,2055,0,17,0,37.142857142857146,0.35714285714285715,0.2500000000000001,3.312811826212088
Colinas do Tocantins,2020-09-09,2076,21,17,0,33.642857142857146,0.2857142857142857,-0.20000000000000007,3.31722734917642
Colinas do Tocantins,2020-09-10,2111,35,17,0,31.785714285714285,0.14285714285714285,-0.7142857142857143,3.3244882333076564
Colinas do Tocantins,2020-09-11,2162,51,17,0,30.357142857142858,0.14285714285714285,-0.7142857142857143,3.3348556896172914
Colinas do Tocantins,2020-09-12,2223,61,17,0,29.857142857142858,0.14285714285714285,-0.6666666666666666,3.3469394626989906
Colinas do Tocantins,2020-09-13,2225,2,19,2,29.857142857142858,0.2857142857142857,-0.3333333333333333,3.3473300153169503
Colinas do Tocantins,2020-09-14,2227,2,20,1,30.0,0.35714285714285715,-0.1666666666666666,3.347720217034038
Colinas do Tocantins,2020-09-15,2267,40,20,0,25.642857142857142,0.35714285714285715,-0.1666666666666666,3.3554515201265174
Colinas do Tocantins,2020-09-16,2316,49,20,0,26.357142857142858,0.2857142857142857,-0.3333333333333333,3.3647385550553985
Colinas do Tocantins,2020-09-17,2330,14,20,0,24.5,0.2857142857142857,-0.20000000000000007,3.367355921026019
Colinas do Tocantins,2020-09-18,2369,39,21,1,24.285714285714285,0.2857142857142857,-0.3333333333333333,3.374565060722765
Colinas do Tocantins,2020-09-19,2415,46,21,0,25.785714285714285,0.2857142857142857,-0.3333333333333333,3.382917135087531
Colinas do Tocantins,2020-09-20,2416,1,21,0,25.785714285714285,0.2857142857142857,-0.3333333333333333,3.3830969299490943
Colinas do Tocantins,2020-09-21,2418,2,21,0,25.928571428571427,0.2857142857142857,-0.3333333333333333,3.383456296524753
Colinas do Tocantins,2020-09-22,2445,27,21,0,27.857142857142858,0.2857142857142857,-0.20000000000000007,3.388278863459639
Colinas do Tocantins,2020-09-23,2476,31,21,0,28.571428571428573,0.2857142857142857,0.0,3.39375064034808
Colinas do Tocantins,2020-09-24,2498,22,23,2,27.642857142857142,0.42857142857142855,2.0,3.3975924340381165
Colinas do Tocantins,2020-09-25,2524,26,23,0,25.857142857142858,0.42857142857142855,2.0,3.402089350572097
Colinas do Tocantins,2020-09-26,2564,40,23,0,24.357142857142858,0.42857142857142855,2.0,3.4089180208467798
Colinas do Tocantins,2020-09-27,2580,16,23,0,25.357142857142858,0.2857142857142857,0.0,3.41161970596323
Colinas do Tocantins,2020-09-28,2587,7,23,0,25.714285714285715,0.21428571428571427,-0.4,3.4127964287165433
Colinas do Tocantins,2020-09-29,2660,73,24,1,28.071428571428573,0.2857142857142857,-0.20000000000000007,3.424881636631067
Colinas do Tocantins,2020-09-30,2708,48,25,1,28.0,0.35714285714285715,0.2500000000000001,3.4326486600131068
Colinas do Tocantins,2020-10-01,2729,21,25,0,28.5,0.35714285714285715,0.2500000000000001,3.4360035356698964
Colinas do Tocantins,2020-10-02,2743,14,25,0,26.714285714285715,0.2857142857142857,0.0,3.4382258076045296
Colinas do Tocantins,2020-10-03,2767,24,25,0,25.142857142857142,0.2857142857142857,0.0,3.442009159140952
Colinas do Tocantins,2020-10-04,2767,0,25,0,25.071428571428573,0.2857142857142857,0.0,3.442009159140952
Colinas do Tocantins,2020-10-05,2767,0,26,1,24.928571428571427,0.35714285714285715,0.2500000000000001,3.442009159140952
Colinas do Tocantins,2020-10-06,2768,1,26,0,23.071428571428573,0.35714285714285715,0.2500000000000001,3.44216608578472
Colinas do Tocantins,2020-10-07,2805,37,26,0,23.5,0.35714285714285715,0.2500000000000001,3.4479328655921804
Colinas do Tocantins,2020-10-08,2849,44,26,0,25.071428571428573,0.21428571428571427,-0.5,3.454692449239477
Colinas do Tocantins,2020-10-09,2880,31,26,0,25.428571428571427,0.21428571428571427,-0.5,3.459392487759231
Colinas do Tocantins,2020-10-10,2941,61,27,1,26.928571428571427,0.2857142857142857,-0.3333333333333333,3.468495024507069
Colinas do Tocantins,2020-10-11,2941,0,27,0,25.785714285714285,0.2857142857142857,0.0,3.468495024507069
Colinas do Tocantins,2020-10-12,2941,0,27,0,25.285714285714285,0.2857142857142857,0.3333333333333333,3.468495024507069
Colinas do Tocantins,2020-10-13,2942,1,27,0,20.142857142857142,0.21428571428571427,-0.25,3.4686426683915115
Colinas do Tocantins,2020-10-14,2980,38,28,1,19.428571428571427,0.21428571428571427,-0.4,3.4742162640762553
Colinas do Tocantins,2020-10-15,3073,93,30,2,24.571428571428573,0.35714285714285715,0.0,3.4875625602563782
Colinas do Tocantins,2020-10-16,3159,86,31,1,29.714285714285715,0.42857142857142855,0.5,3.499549625905149
Colinas do Tocantins,2020-10-17,3182,23,32,1,29.642857142857142,0.5,0.7500000000000001,3.502700175310563
Colinas do Tocantins,2020-10-18,3184,2,34,2,29.785714285714285,0.6428571428571429,1.2500000000000002,3.5029730590656314
Colinas do Tocantins,2020-10-19,3204,20,37,3,31.214285714285715,0.7857142857142857,1.2,3.5056925074122
Colinas do Tocantins,2020-10-20,3224,20,39,2,32.57142857142857,0.9285714285714286,1.5999999999999999,3.508395033133053
Colinas do Tocantins,2020-10-21,3260,36,41,2,32.5,1.0714285714285714,1.9999999999999998,3.513217600067939
Colinas do Tocantins,2020-10-22,3272,12,41,0,30.214285714285715,1.0714285714285714,4.0,3.514813294999285
Colinas do Tocantins,2020-10-23,3311,39,41,0,30.785714285714285,1.0714285714285714,4.0,3.5199591807520685
Colinas do Tocantins,2020-10-24,3330,19,41,0,27.785714285714285,1.0,2.5,3.5224442335063197
Colinas do Tocantins,2020-10-25,3331,1,41,0,27.857142857142858,1.0,2.5,3.522574632691177
Colinas do Tocantins,2020-10-26,3331,0,41,0,27.857142857142858,1.0,2.5,3.522574632691177
Colinas do Tocantins,2020-10-27,3338,7,41,0,28.285714285714285,1.0,3.666666666666667,3.5234863323432277
Colinas do Tocantins,2020-10-28,3421,83,41,0,31.5,0.9285714285714286,3.3333333333333335,3.5341530741850624
Colinas do Tocantins,2020-10-29,3484,63,41,0,29.357142857142858,0.7857142857142857,1.2,3.5420781463356255
Colinas do Tocantins,2020-10-30,3544,60,41,0,27.5,0.7142857142857143,0.6666666666666669,3.5494937132150133
Colinas do Tocantins,2020-10-31,3544,0,41,0,25.857142857142858,0.6428571428571429,0.2857142857142858,3.5494937132150133
Colinas do Tocantins,2020-11-01,3564,20,41,0,27.142857142857142,0.5,-0.2222222222222223,3.5519376953648374
Colinas do Tocantins,2020-11-02,3564,0,41,0,25.714285714285715,0.2857142857142857,-0.6363636363636364,3.5519376953648374
Colinas do Tocantins,2020-11-03,3564,0,41,0,24.285714285714285,0.14285714285714285,-0.8461538461538463,3.5519376953648374
Colinas do Tocantins,2020-11-04,3616,52,42,1,25.428571428571427,0.07142857142857142,-0.9333333333333333,3.5582284218033258
Colinas do Tocantins,2020-11-05,3643,27,42,0,26.5,0.07142857142857142,-0.9333333333333333,3.561459171241916
Colinas do Tocantins,2020-11-06,3706,63,42,0,28.214285714285715,0.07142857142857142,-0.9333333333333333,3.5689054149828787
Colinas do Tocantins,2020-11-07,3718,12,42,0,27.714285714285715,0.07142857142857142,-0.9285714285714286,3.5703093854358796
Colinas do Tocantins,2020-11-08,3737,19,42,0,29.0,0.07142857142857142,-0.9285714285714286,3.5725230978496376
Colinas do Tocantins,2020-11-09,3737,0,42,0,29.0,0.07142857142857142,-0.9285714285714286,3.5725230978496376
Colinas do Tocantins,2020-11-10,3793,56,42,0,32.5,0.07142857142857142,-0.9285714285714286,3.5789828427027905
Colinas do Tocantins,2020-11-11,3868,75,42,0,31.928571428571427,0.07142857142857142,-0.9230769230769231,3.587486465410964
Colinas do Tocantins,2020-11-12,3931,63,42,0,31.928571428571427,0.07142857142857142,-0.9090909090909092,3.5945030438200893
Colinas do Tocantins,2020-11-13,4001,70,42,0,32.642857142857146,0.07142857142857142,-0.9,3.602168551378997
Colinas do Tocantins,2020-11-14,4022,21,42,0,34.142857142857146,0.07142857142857142,-0.888888888888889,3.6044420662607233
Colinas do Tocantins,2020-11-15,4022,0,42,0,32.714285714285715,0.07142857142857142,-0.8571428571428572,3.6044420662607233
Colinas do Tocantins,2020-11-16,4023,1,42,0,32.785714285714285,0.07142857142857142,-0.75,3.6045500325712614
Colinas do Tocantins,2020-11-17,4063,40,42,0,35.642857142857146,0.07142857142857142,-0.5,3.6088468223264116
Colinas do Tocantins,2020-11-18,4093,30,43,1,34.07142857142857,0.07142857142857142,0.0,3.6120417446452695
Colinas do Tocantins,2020-11-19,4107,14,43,0,33.142857142857146,0.07142857142857142,0.0,3.6135247028536526
Colinas do Tocantins,2020-11-20,4138,31,44,1,30.857142857142858,0.14285714285714285,1.0,3.616790486329716
Colinas do Tocantins,2020-11-21,4159,21,45,1,31.5,0.21428571428571427,2.0,3.6189889203649335
Colinas do Tocantins,2020-11-22,4159,0,45,0,30.142857142857142,0.21428571428571427,2.0,3.6189889203649335
Colinas do Tocantins,2020-11-23,4159,0,45,0,30.142857142857142,0.21428571428571427,2.0,3.6189889203649335
Colinas do Tocantins,2020-11-24,4196,37,45,0,28.785714285714285,0.21428571428571427,2.0,3.62283547952152
Colinas do Tocantins,2020-11-25,4220,24,45,0,25.142857142857142,0.21428571428571427,2.0,3.625312450961674
Colinas do Tocantins,2020-11-26,4226,6,45,0,21.071428571428573,0.21428571428571427,2.0,3.6259294927162946
Colinas do Tocantins,2020-11-27,4266,40,46,1,18.928571428571427,0.2857142857142857,3.0,3.63002085111341
Colinas do Tocantins,2020-11-28,4417,151,46,0,28.214285714285715,0.2857142857142857,3.0,3.6451273992583912
Colinas do Tocantins,2020-11-29,4437,20,46,0,29.642857142857142,0.2857142857142857,3.0,3.647089428716555
Colinas do Tocantins,2020-11-30,4438,1,46,0,29.642857142857142,0.2857142857142857,3.0,3.6471872978959894
Colinas do Tocantins,2020-12-01,4449,11,46,0,27.571428571428573,0.2857142857142857,3.0,3.6482624057480444
Colinas do Tocantins,2020-12-02,4528,79,46,0,31.071428571428573,0.21428571428571427,2.0,3.6559064181802152
Colinas do Tocantins,2020-12-03,4617,89,46,0,36.42857142857143,0.21428571428571427,2.0,3.664359874551141
Colinas do Tocantins,2020-12-04,4660,43,46,0,37.285714285714285,0.14285714285714285,0.0,3.66838591669
Colinas do Tocantins,2020-12-05,4663,3,46,0,36.0,0.07142857142857142,-0.6666666666666666,3.668665415454492
Colinas do Tocantins,2020-12-06,4668,5,47,1,36.357142857142854,0.14285714285714285,-0.3333333333333333,3.6691308473733324
Colinas do Tocantins,2020-12-07,4668,0,47,0,36.357142857142854,0.14285714285714285,-0.3333333333333333,3.6691308473733324
Colinas do Tocantins,2020-12-08,4694,26,47,0,35.57142857142857,0.14285714285714285,-0.3333333333333333,3.6715430852625737
Colinas do Tocantins,2020-12-09,4702,8,47,0,34.42857142857143,0.14285714285714285,-0.3333333333333333,3.6722826247889206
Colinas do Tocantins,2020-12-10,4732,30,47,0,36.142857142857146,0.14285714285714285,-0.3333333333333333,3.675044735955893
Colinas do Tocantins,2020-12-11,4748,16,47,0,34.42857142857143,0.07142857142857142,-0.75,3.6765107102825536
Colinas do Tocantins,2020-12-12,4772,24,47,0,25.357142857142858,0.07142857142857142,-0.75,3.678700434998304
Colinas do Tocantins,2020-12-13,4772,0,47,0,23.928571428571427,0.07142857142857142,-0.75,3.678700434998304
Colinas do Tocantins,2020-12-14,4772,0,47,0,23.857142857142858,0.07142857142857142,-0.75,3.678700434998304
Colinas do Tocantins,2020-12-15,4771,-1,47,0,23.0,0.07142857142857142,-0.75,3.6786094165589263
Colinas do Tocantins,2020-12-16,4790,19,47,0,18.714285714285715,0.07142857142857142,-0.6666666666666666,3.680335513414563
Colinas do Tocantins,2020-12-17,4829,39,47,0,15.142857142857142,0.07142857142857142,-0.6666666666666666,3.6838572054003462
Colinas do Tocantins,2020-12-18,4854,25,47,0,13.857142857142858,0.07142857142857142,-0.5,3.686099771995916
Colinas do Tocantins,2020-12-19,4873,19,47,0,15.0,0.07142857142857142,0.0,3.6877964113812944
Colinas do Tocantins,2020-12-20,4886,13,47,0,15.571428571428571,0.0,-1.0,3.688953462637418
Colinas do Tocantins,2020-12-21,4887,1,47,0,15.642857142857142,0.0,-1.0,3.689042339028172
Colinas do Tocantins,2020-12-22,4887,0,47,0,13.785714285714286,0.0,-1.0,3.689042339028172
Colinas do Tocantins,2020-12-23,4900,13,47,0,14.142857142857142,0.0,-1.0,3.690196080028514
Colinas do Tocantins,2020-12-24,4935,35,47,0,14.5,0.0,-1.0,3.6932871570056554
Colinas do Tocantins,2020-12-25,4936,1,47,0,13.428571428571429,0.0,-1.0,3.6933751510251853
Colinas do Tocantins,2020-12-26,4936,0,47,0,11.714285714285714,0.0,-1.0,3.6933751510251853
Colinas do Tocantins,2020-12-27,4944,8,47,0,12.285714285714286,0.0,-1.0,3.6940784620807596
Colinas do Tocantins,2020-12-28,4944,0,47,0,12.285714285714286,0.0,-1.0,3.6940784620807596
Colinas do Tocantins,2020-12-29,4947,3,47,0,12.571428571428571,0.0,-1.0,3.694341910364181
Colinas do Tocantins,2020-12-30,4949,2,47,0,11.357142857142858,0.0,-1.0,3.694517453811156
Colinas do Tocantins,2020-12-31,4954,5,47,0,8.928571428571429,0.0,-1.0,3.694956002249818
Colinas do Tocantins,2021-01-01,4959,5,47,0,7.5,0.0,-1.0,3.6953941082911097
Colinas do Tocantins,2021-01-02,4959,0,47,0,6.142857142857143,0.0,-1.0,3.6953941082911097
Colinas do Tocantins,2021-01-03,4959,0,47,0,5.214285714285714,0.0,,3.6953941082911097
Colinas do Tocantins,2021-01-04,4959,0,47,0,5.142857142857143,0.0,,3.6953941082911097
Colinas do Tocantins,2021-01-05,4960,1,47,0,5.214285714285714,0.0,,3.6954816764901977
Colinas do Tocantins,2021-01-06,4960,0,47,0,4.285714285714286,0.0,,3.6954816764901977
Colinas do Tocantins,2021-01-07,4957,-3,47,0,1.5714285714285714,0.0,,3.6952189189051508
Colinas do Tocantins,2021-01-08,4959,2,47,0,1.6428571428571428,0.0,,3.6953941082911097
Colinas do Tocantins,2021-01-09,4960,1,47,0,1.7142857142857142,0.0,,3.6954816764901977
Colinas do Tocantins,2021-01-10,4962,2,47,0,1.2857142857142858,0.0,,3.6956567599361905
Colinas do Tocantins,2021-01-11,4962,0,47,0,1.2857142857142858,0.0,,3.6956567599361905
Colinas do Tocantins,2021-01-12,4968,6,47,0,1.5,0.0,,3.6961815871685237
Colinas do Tocantins,2021-01-13,4982,14,47,0,2.357142857142857,0.0,,3.6974037232004875
Colinas do Tocantins,2021-01-14,4994,12,47,0,2.857142857142857,0.0,,3.698448538015329
Colinas do Tocantins,2021-01-15,5007,13,47,0,3.4285714285714284,0.0,,3.699577591398909
Colinas do Tocantins,2021-01-16,5024,17,47,0,4.642857142857143,0.0,,3.70104963072914
Colinas do Tocantins,2021-01-17,5031,7,47,0,5.142857142857143,0.0,,3.7016543173257483
Colinas do Tocantins,2021-01-18,5031,0,47,0,5.142857142857143,0.0,,3.7016543173257483
Colinas do Tocantins,2021-01-19,5046,15,47,0,6.142857142857143,0.0,,3.702947246181556
Colinas do Tocantins,2021-01-20,5063,17,47,0,7.357142857142857,0.0,,3.704407927386841
Cachoeirinha,2020-03-27,0,0,0,0,,,,0.0
Cachoeirinha,2020-03-28,0,0,0,0,,,,0.0
Cachoeirinha,2020-03-29,0,0,0,0,,,,0.0
Cachoeirinha,2020-03-30,0,0,0,0,,,,0.0
Cachoeirinha,2020-03-31,0,0,0,0,,,,0.0
Cachoeirinha,2020-04-01,0,0,0,0,,,,0.0
Cachoeirinha,2020-04-02,0,0,0,0,,,,0.0
Cachoeirinha,2020-04-03,0,0,0,0,,,,0.0
Cachoeirinha,2020-04-04,0,0,0,0,,,,0.0
Cachoeirinha,2020-04-05,0,0,0,0,,,,0.0
Cachoeirinha,2020-04-06,0,0,0,0,,,,0.0
Cachoeirinha,2020-04-07,0,0,0,0,,,,0.0
Cachoeirinha,2020-04-08,0,0,0,0,,,,0.0
Cachoeirinha,2020-04-09,0,0,0,0,0.0,0.0,,0.0
Cachoeirinha,2020-04-10,0,0,0,0,0.0,0.0,,0.0
Cachoeirinha,2020-04-11,0,0,0,0,0.0,0.0,,0.0
Cachoeirinha,2020-04-12,0,0,0,0,0.0,0.0,,0.0
Cachoeirinha,2020-04-13,0,0,0,0,0.0,0.0,,0.0
Cachoeirinha,2020-04-14,0,0,0,0,0.0,0.0,,0.0
Cachoeirinha,2020-04-15,0,0,0,0,0.0,0.0,,0.0
Cachoeirinha,2020-04-16,0,0,0,0,0.0,0.0,,0.0
Cachoeirinha,2020-04-17,0,0,0,0,0.0,0.0,,0.0
Cachoeirinha,2020-04-18,0,0,0,0,0.0,0.0,,0.0
Cachoeirinha,2020-04-19,0,0,0,0,0.0,0.0,,0.0
Cachoeirinha,2020-04-20,0,0,0,0,0.0,0.0,,0.0
Cachoeirinha,2020-04-21,0,0,0,0,0.0,0.0,,0.0
Cachoeirinha,2020-04-22,0,0,0,0,0.0,0.0,,0.0
Cachoeirinha,2020-04-23,0,0,0,0,0.0,0.0,,0.0
Cachoeirinha,2020-04-24,0,0,0,0,0.0,0.0,,0.0
Cachoeirinha,2020-04-25,0,0,0,0,0.0,0.0,,0.0
Cachoeirinha,2020-04-26,0,0,0,0,0.0,0.0,,0.0
Cachoeirinha,2020-04-27,0,0,0,0,0.0,0.0,,0.0
Cachoeirinha,2020-04-28,0,0,0,0,0.0,0.0,,0.0
Cachoeirinha,2020-04-29,0,0,0,0,0.0,0.0,,0.0
Cachoeirinha,2020-04-30,0,0,0,0,0.0,0.0,,0.0
Cachoeirinha,2020-05-01,0,0,0,0,0.0,0.0,,0.0
Cachoeirinha,2020-05-02,0,0,0,0,0.0,0.0,,0.0
Cachoeirinha,2020-05-03,0,0,0,0,0.0,0.0,,0.0
Cachoeirinha,2020-05-04,0,0,0,0,0.0,0.0,,0.0
Cachoeirinha,2020-05-05,0,0,0,0,0.0,0.0,,0.0
Cachoeirinha,2020-05-06,0,0,0,0,0.0,0.0,,0.0
Cachoeirinha,2020-05-07,0,0,0,0,0.0,0.0,,0.0
Cachoeirinha,2020-05-08,0,0,0,0,0.0,0.0,,0.0
Cachoeirinha,2020-05-09,0,0,0,0,0.0,0.0,,0.0
Cachoeirinha,2020-05-10,0,0,0,0,0.0,0.0,,0.0
Cachoeirinha,2020-05-11,0,0,0,0,0.0,0.0,,0.0
Cachoeirinha,2020-05-12,0,0,0,0,0.0,0.0,,0.0
Cachoeirinha,2020-05-13,0,0,0,0,0.0,0.0,,0.0
Cachoeirinha,2020-05-14,0,0,0,0,0.0,0.0,,0.0
Cachoeirinha,2020-05-15,0,0,0,0,0.0,0.0,,0.0
Cachoeirinha,2020-05-16,0,0,0,0,0.0,0.0,,0.0
Cachoeirinha,2020-05-17,0,0,0,0,0.0,0.0,,0.0
Cachoeirinha,2020-05-18,0,0,0,0,0.0,0.0,,0.0
Cachoeirinha,2020-05-19,2,2,0,0,0.14285714285714285,0.0,,0.3010299956639812
Cachoeirinha,2020-05-20,2,0,0,0,0.14285714285714285,0.0,,0.3010299956639812
Cachoeirinha,2020-05-21,2,0,0,0,0.14285714285714285,0.0,,0.3010299956639812
Cachoeirinha,2020-05-22,5,3,0,0,0.35714285714285715,0.0,,0.6989700043360189
Cachoeirinha,2020-05-23,5,0,0,0,0.35714285714285715,0.0,,0.6989700043360189
Cachoeirinha,2020-05-24,6,1,0,0,0.42857142857142855,0.0,,0.7781512503836436
Cachoeirinha,2020-05-25,6,0,0,0,0.42857142857142855,0.0,,0.7781512503836436
Cachoeirinha,2020-05-26,6,0,0,0,0.42857142857142855,0.0,,0.7781512503836436
Cachoeirinha,2020-05-27,6,0,0,0,0.42857142857142855,0.0,,0.7781512503836436
Cachoeirinha,2020-05-28,6,0,0,0,0.42857142857142855,0.0,,0.7781512503836436
Cachoeirinha,2020-05-29,8,2,0,0,0.5714285714285714,0.0,,0.9030899869919435
Cachoeirinha,2020-05-30,8,0,0,0,0.5714285714285714,0.0,,0.9030899869919435
Cachoeirinha,2020-05-31,8,0,0,0,0.5714285714285714,0.0,,0.9030899869919435
Cachoeirinha,2020-06-01,8,0,0,0,0.5714285714285714,0.0,,0.9030899869919435
Cachoeirinha,2020-06-02,8,0,0,0,0.42857142857142855,0.0,,0.9030899869919435
Cachoeirinha,2020-06-03,8,0,0,0,0.42857142857142855,0.0,,0.9030899869919435
Cachoeirinha,2020-06-04,9,1,0,0,0.5,0.0,,0.9542425094393249
Cachoeirinha,2020-06-05,9,0,0,0,0.2857142857142857,0.0,,0.9542425094393249
Cachoeirinha,2020-06-06,9,0,0,0,0.2857142857142857,0.0,,0.9542425094393249
Cachoeirinha,2020-06-07,9,0,0,0,0.21428571428571427,0.0,,0.9542425094393249
Cachoeirinha,2020-06-08,9,0,0,0,0.21428571428571427,0.0,,0.9542425094393249
Cachoeirinha,2020-06-09,9,0,0,0,0.21428571428571427,0.0,,0.9542425094393249
Cachoeirinha,2020-06-10,9,0,0,0,0.21428571428571427,0.0,,0.9542425094393249
Cachoeirinha,2020-06-11,9,0,0,0,0.21428571428571427,0.0,,0.9542425094393249
Cachoeirinha,2020-06-12,9,0,0,0,0.07142857142857142,0.0,,0.9542425094393249
Cachoeirinha,2020-06-13,9,0,0,0,0.07142857142857142,0.0,,0.9542425094393249
Cachoeirinha,2020-06-14,9,0,0,0,0.07142857142857142,0.0,,0.9542425094393249
Cachoeirinha,2020-06-15,9,0,0,0,0.07142857142857142,0.0,,0.9542425094393249
Cachoeirinha,2020-06-16,9,0,0,0,0.07142857142857142,0.0,,0.9542425094393249
Cachoeirinha,2020-06-17,9,0,0,0,0.07142857142857142,0.0,,0.9542425094393249
Cachoeirinha,2020-06-18,9,0,0,0,0.0,0.0,,0.9542425094393249
Cachoeirinha,2020-06-19,9,0,0,0,0.0,0.0,,0.9542425094393249
Cachoeirinha,2020-06-20,9,0,0,0,0.0,0.0,,0.9542425094393249
Cachoeirinha,2020-06-21,9,0,0,0,0.0,0.0,,0.9542425094393249
Cachoeirinha,2020-06-22,9,0,0,0,0.0,0.0,,0.9542425094393249
Cachoeirinha,2020-06-23,9,0,0,0,0.0,0.0,,0.9542425094393249
Cachoeirinha,2020-06-24,9,0,0,0,0.0,0.0,,0.9542425094393249
Cachoeirinha,2020-06-25,9,0,0,0,0.0,0.0,,0.9542425094393249
Cachoeirinha,2020-06-26,9,0,0,0,0.0,0.0,,0.9542425094393249
Cachoeirinha,2020-06-27,9,0,0,0,0.0,0.0,,0.9542425094393249
Cachoeirinha,2020-06-28,9,0,0,0,0.0,0.0,,0.9542425094393249
Cachoeirinha,2020-06-29,9,0,0,0,0.0,0.0,,0.9542425094393249
Cachoeirinha,2020-06-30,9,0,0,0,0.0,0.0,,0.9542425094393249
Cachoeirinha,2020-07-01,9,0,0,0,0.0,0.0,,0.9542425094393249
Cachoeirinha,2020-07-02,9,0,0,0,0.0,0.0,,0.9542425094393249
Cachoeirinha,2020-07-03,9,0,0,0,0.0,0.0,,0.9542425094393249
Cachoeirinha,2020-07-04,9,0,0,0,0.0,0.0,,0.9542425094393249
Cachoeirinha,2020-07-05,9,0,0,0,0.0,0.0,,0.9542425094393249
Cachoeirinha,2020-07-06,9,0,0,0,0.0,0.0,,0.9542425094393249
Cachoeirinha,2020-07-07,9,0,0,0,0.0,0.0,,0.9542425094393249
Cachoeirinha,2020-07-08,9,0,0,0,0.0,0.0,,0.9542425094393249
Cachoeirinha,2020-07-09,9,0,0,0,0.0,0.0,,0.9542425094393249
Cachoeirinha,2020-07-10,9,0,0,0,0.0,0.0,,0.9542425094393249
Cachoeirinha,2020-07-11,9,0,0,0,0.0,0.0,,0.9542425094393249
Cachoeirinha,2020-07-12,9,0,0,0,0.0,0.0,,0.9542425094393249
Cachoeirinha,2020-07-13,9,0,0,0,0.0,0.0,,0.9542425094393249
Cachoeirinha,2020-07-14,9,0,0,0,0.0,0.0,,0.9542425094393249
Cachoeirinha,2020-07-15,9,0,0,0,0.0,0.0,,0.9542425094393249
Cachoeirinha,2020-07-16,9,0,0,0,0.0,0.0,,0.9542425094393249
Cachoeirinha,2020-07-17,9,0,0,0,0.0,0.0,,0.9542425094393249
Cachoeirinha,2020-07-18,9,0,0,0,0.0,0.0,,0.9542425094393249
Cachoeirinha,2020-07-19,10,1,0,0,0.07142857142857142,0.0,,1.0
Cachoeirinha,2020-07-20,10,0,0,0,0.07142857142857142,0.0,,1.0
Cachoeirinha,2020-07-21,10,0,0,0,0.07142857142857142,0.0,,1.0
Cachoeirinha,2020-07-22,10,0,0,0,0.07142857142857142,0.0,,1.0
Cachoeirinha,2020-07-23,10,0,0,0,0.07142857142857142,0.0,,1.0
Cachoeirinha,2020-07-24,10,0,0,0,0.07142857142857142,0.0,,1.0
Cachoeirinha,2020-07-25,10,0,0,0,0.07142857142857142,0.0,,1.0
Cachoeirinha,2020-07-26,10,0,0,0,0.07142857142857142,0.0,,1.0
Cachoeirinha,2020-07-27,10,0,0,0,0.07142857142857142,0.0,,1.0
Cachoeirinha,2020-07-28,10,0,0,0,0.07142857142857142,0.0,,1.0
Cachoeirinha,2020-07-29,10,0,0,0,0.07142857142857142,0.0,,1.0
Cachoeirinha,2020-07-30,10,0,0,0,0.07142857142857142,0.0,,1.0
Cachoeirinha,2020-07-31,10,0,0,0,0.07142857142857142,0.0,,1.0
Cachoeirinha,2020-08-01,11,1,0,0,0.14285714285714285,0.0,,1.041392685158225
Cachoeirinha,2020-08-02,13,2,0,0,0.21428571428571427,0.0,,1.1139433523068367
Cachoeirinha,2020-08-03,13,0,0,0,0.21428571428571427,0.0,,1.1139433523068367
Cachoeirinha,2020-08-04,13,0,0,0,0.21428571428571427,0.0,,1.1139433523068367
Cachoeirinha,2020-08-05,17,4,0,0,0.5,0.0,,1.2304489213782739
Cachoeirinha,2020-08-06,17,0,0,0,0.5,0.0,,1.2304489213782739
Cachoeirinha,2020-08-07,17,0,0,0,0.5,0.0,,1.2304489213782739
Cachoeirinha,2020-08-08,17,0,0,0,0.5,0.0,,1.2304489213782739
Cachoeirinha,2020-08-09,17,0,0,0,0.5,0.0,,1.2304489213782739
Cachoeirinha,2020-08-10,17,0,0,0,0.5,0.0,,1.2304489213782739
Cachoeirinha,2020-08-11,18,1,0,0,0.5714285714285714,0.0,,1.255272505103306
Cachoeirinha,2020-08-12,18,0,0,0,0.5714285714285714,0.0,,1.255272505103306
Cachoeirinha,2020-08-13,18,0,0,0,0.5714285714285714,0.0,,1.255272505103306
Cachoeirinha,2020-08-14,22,4,0,0,0.8571428571428571,0.0,,1.3424226808222062
Cachoeirinha,2020-08-15,23,1,0,0,0.8571428571428571,0.0,,1.3617278360175928
Cachoeirinha,2020-08-16,23,0,0,0,0.7142857142857143,0.0,,1.3617278360175928
Cachoeirinha,2020-08-17,23,0,0,0,0.7142857142857143,0.0,,1.3617278360175928
Cachoeirinha,2020-08-18,23,0,0,0,0.7142857142857143,0.0,,1.3617278360175928
Cachoeirinha,2020-08-19,23,0,0,0,0.42857142857142855,0.0,,1.3617278360175928
Cachoeirinha,2020-08-20,23,0,0,0,0.42857142857142855,0.0,,1.3617278360175928
Cachoeirinha,2020-08-21,23,0,0,0,0.42857142857142855,0.0,,1.3617278360175928
Cachoeirinha,2020-08-22,23,0,0,0,0.42857142857142855,0.0,,1.3617278360175928
Cachoeirinha,2020-08-23,23,0,0,0,0.42857142857142855,0.0,,1.3617278360175928
Cachoeirinha,2020-08-24,23,0,0,0,0.42857142857142855,0.0,,1.3617278360175928
Cachoeirinha,2020-08-25,23,0,0,0,0.35714285714285715,0.0,,1.3617278360175928
Cachoeirinha,2020-08-26,23,0,0,0,0.35714285714285715,0.0,,1.3617278360175928
Cachoeirinha,2020-08-27,23,0,0,0,0.35714285714285715,0.0,,1.3617278360175928
Cachoeirinha,2020-08-28,23,0,0,0,0.07142857142857142,0.0,,1.3617278360175928
Cachoeirinha,2020-08-29,23,0,0,0,0.0,0.0,,1.3617278360175928
Cachoeirinha,2020-08-30,23,0,0,0,0.0,0.0,,1.3617278360175928
Cachoeirinha,2020-08-31,23,0,0,0,0.0,0.0,,1.3617278360175928
Cachoeirinha,2020-09-01,23,0,0,0,0.0,0.0,,1.3617278360175928
Cachoeirinha,2020-09-02,23,0,0,0,0.0,0.0,,1.3617278360175928
Cachoeirinha,2020-09-03,23,0,0,0,0.0,0.0,,1.3617278360175928
Cachoeirinha,2020-09-04,23,0,0,0,0.0,0.0,,1.3617278360175928
Cachoeirinha,2020-09-05,23,0,0,0,0.0,0.0,,1.3617278360175928
Cachoeirinha,2020-09-06,23,0,0,0,0.0,0.0,,1.3617278360175928
Cachoeirinha,2020-09-07,23,0,0,0,0.0,0.0,,1.3617278360175928
Cachoeirinha,2020-09-08,23,0,0,0,0.0,0.0,,1.3617278360175928
Cachoeirinha,2020-09-09,23,0,0,0,0.0,0.0,,1.3617278360175928
Cachoeirinha,2020-09-10,24,1,0,0,0.07142857142857142,0.0,,1.380211241711606
Cachoeirinha,2020-09-11,24,0,0,0,0.07142857142857142,0.0,,1.380211241711606
Cachoeirinha,2020-09-12,24,0,0,0,0.07142857142857142,0.0,,1.380211241711606
Cachoeirinha,2020-09-13,24,0,0,0,0.07142857142857142,0.0,,1.380211241711606
Cachoeirinha,2020-09-14,24,0,0,0,0.07142857142857142,0.0,,1.380211241711606
Cachoeirinha,2020-09-15,24,0,0,0,0.07142857142857142,0.0,,1.380211241711606
Cachoeirinha,2020-09-16,24,0,0,0,0.07142857142857142,0.0,,1.380211241711606
Cachoeirinha,2020-09-17,24,0,0,0,0.07142857142857142,0.0,,1.380211241711606
Cachoeirinha,2020-09-18,24,0,0,0,0.07142857142857142,0.0,,1.380211241711606
Cachoeirinha,2020-09-19,24,0,0,0,0.07142857142857142,0.0,,1.380211241711606
Cachoeirinha,2020-09-20,24,0,0,0,0.07142857142857142,0.0,,1.380211241711606
Cachoeirinha,2020-09-21,24,0,0,0,0.07142857142857142,0.0,,1.380211241711606
Cachoeirinha,2020-09-22,24,0,0,0,0.07142857142857142,0.0,,1.380211241711606
Cachoeirinha,2020-09-23,24,0,0,0,0.07142857142857142,0.0,,1.380211241711606
Cachoeirinha,2020-09-24,27,3,0,0,0.21428571428571427,0.0,,1.4313637641589874
Cachoeirinha,2020-09-25,27,0,0,0,0.21428571428571427,0.0,,1.4313637641589874
Cachoeirinha,2020-09-26,27,0,0,0,0.21428571428571427,0.0,,1.4313637641589874
Cachoeirinha,2020-09-27,27,0,0,0,0.21428571428571427,0.0,,1.4313637641589874
Cachoeirinha,2020-09-28,27,0,0,0,0.21428571428571427,0.0,,1.4313637641589874
Cachoeirinha,2020-09-29,27,0,0,0,0.21428571428571427,0.0,,1.4313637641589874
Cachoeirinha,2020-09-30,27,0,0,0,0.21428571428571427,0.0,,1.4313637641589874
Cachoeirinha,2020-10-01,28,1,0,0,0.2857142857142857,0.0,,1.4471580313422192
Cachoeirinha,2020-10-02,28,0,0,0,0.2857142857142857,0.0,,1.4471580313422192
Cachoeirinha,2020-10-03,28,0,0,0,0.2857142857142857,0.0,,1.4471580313422192
Cachoeirinha,2020-10-04,28,0,0,0,0.2857142857142857,0.0,,1.4471580313422192
Cachoeirinha,2020-10-05,28,0,0,0,0.2857142857142857,0.0,,1.4471580313422192
Cachoeirinha,2020-10-06,28,0,0,0,0.2857142857142857,0.0,,1.4471580313422192
Cachoeirinha,2020-10-07,28,0,0,0,0.2857142857142857,0.0,,1.4471580313422192
Cachoeirinha,2020-10-08,28,0,0,0,0.07142857142857142,0.0,,1.4471580313422192
Cachoeirinha,2020-10-09,28,0,0,0,0.07142857142857142,0.0,,1.4471580313422192
Cachoeirinha,2020-10-10,28,0,0,0,0.07142857142857142,0.0,,1.4471580313422192
Cachoeirinha,2020-10-11,28,0,0,0,0.07142857142857142,0.0,,1.4471580313422192
Cachoeirinha,2020-10-12,28,0,0,0,0.07142857142857142,0.0,,1.4471580313422192
Cachoeirinha,2020-10-13,28,0,0,0,0.07142857142857142,0.0,,1.4471580313422192
Cachoeirinha,2020-10-14,28,0,0,0,0.07142857142857142,0.0,,1.4471580313422192
Cachoeirinha,2020-10-15,28,0,0,0,0.0,0.0,,1.4471580313422192
Cachoeirinha,2020-10-16,28,0,0,0,0.0,0.0,,1.4471580313422192
Cachoeirinha,2020-10-17,28,0,0,0,0.0,0.0,,1.4471580313422192
Cachoeirinha,2020-10-18,28,0,0,0,0.0,0.0,,1.4471580313422192
Cachoeirinha,2020-10-19,28,0,0,0,0.0,0.0,,1.4471580313422192
Cachoeirinha,2020-10-20,28,0,0,0,0.0,0.0,,1.4471580313422192
Cachoeirinha,2020-10-21,28,0,0,0,0.0,0.0,,1.4471580313422192
Cachoeirinha,2020-10-22,28,0,0,0,0.0,0.0,,1.4471580313422192
Cachoeirinha,2020-10-23,28,0,0,0,0.0,0.0,,1.4471580313422192
Cachoeirinha,2020-10-24,28,0,0,0,0.0,0.0,,1.4471580313422192
Cachoeirinha,2020-10-25,28,0,0,0,0.0,0.0,,1.4471580313422192
Cachoeirinha,2020-10-26,28,0,0,0,0.0,0.0,,1.4471580313422192
Cachoeirinha,2020-10-27,28,0,0,0,0.0,0.0,,1.4471580313422192
Cachoeirinha,2020-10-28,28,0,0,0,0.0,0.0,,1.4471580313422192
Cachoeirinha,2020-10-29,28,0,0,0,0.0,0.0,,1.4471580313422192
Cachoeirinha,2020-10-30,28,0,0,0,0.0,0.0,,1.4471580313422192
Cachoeirinha,2020-10-31,28,0,0,0,0.0,0.0,,1.4471580313422192
Cachoeirinha,2020-11-01,28,0,0,0,0.0,0.0,,1.4471580313422192
Cachoeirinha,2020-11-02,28,0,0,0,0.0,0.0,,1.4471580313422192
Cachoeirinha,2020-11-03,28,0,0,0,0.0,0.0,,1.4471580313422192
Cachoeirinha,2020-11-04,28,0,0,0,0.0,0.0,,1.4471580313422192
Cachoeirinha,2020-11-05,28,0,0,0,0.0,0.0,,1.4471580313422192
Cachoeirinha,2020-11-06,28,0,0,0,0.0,0.0,,1.4471580313422192
Cachoeirinha,2020-11-07,28,0,0,0,0.0,0.0,,1.4471580313422192
Cachoeirinha,2020-11-08,28,0,0,0,0.0,0.0,,1.4471580313422192
Cachoeirinha,2020-11-09,28,0,0,0,0.0,0.0,,1.4471580313422192
Cachoeirinha,2020-11-10,28,0,0,0,0.0,0.0,,1.4471580313422192
Cachoeirinha,2020-11-11,28,0,0,0,0.0,0.0,,1.4471580313422192
Cachoeirinha,2020-11-12,28,0,0,0,0.0,0.0,,1.4471580313422192
Cachoeirinha,2020-11-13,28,0,0,0,0.0,0.0,,1.4471580313422192
Cachoeirinha,2020-11-14,28,0,0,0,0.0,0.0,,1.4471580313422192
Cachoeirinha,2020-11-15,28,0,0,0,0.0,0.0,,1.4471580313422192
Cachoeirinha,2020-11-16,28,0,0,0,0.0,0.0,,1.4471580313422192
Cachoeirinha,2020-11-17,28,0,0,0,0.0,0.0,,1.4471580313422192
Cachoeirinha,2020-11-18,28,0,0,0,0.0,0.0,,1.4471580313422192
Cachoeirinha,2020-11-19,28,0,0,0,0.0,0.0,,1.4471580313422192
Cachoeirinha,2020-11-20,28,0,0,0,0.0,0.0,,1.4471580313422192
Cachoeirinha,2020-11-21,28,0,0,0,0.0,0.0,,1.4471580313422192
Cachoeirinha,2020-11-22,28,0,0,0,0.0,0.0,,1.4471580313422192
Cachoeirinha,2020-11-23,28,0,0,0,0.0,0.0,,1.4471580313422192
Cachoeirinha,2020-11-24,39,11,0,0,0.7857142857142857,0.0,,1.591064607026499
Cachoeirinha,2020-11-25,39,0,0,0,0.7857142857142857,0.0,,1.591064607026499
Cachoeirinha,2020-11-26,39,0,0,0,0.7857142857142857,0.0,,1.591064607026499
Cachoeirinha,2020-11-27,39,0,0,0,0.7857142857142857,0.0,,1.591064607026499
Cachoeirinha,2020-11-28,39,0,0,0,0.7857142857142857,0.0,,1.591064607026499
Cachoeirinha,2020-11-29,39,0,0,0,0.7857142857142857,0.0,,1.591064607026499
Cachoeirinha,2020-11-30,39,0,0,0,0.7857142857142857,0.0,,1.591064607026499
Cachoeirinha,2020-12-01,39,0,0,0,0.7857142857142857,0.0,,1.591064607026499
Cachoeirinha,2020-12-02,39,0,0,0,0.7857142857142857,0.0,,1.591064607026499
Cachoeirinha,2020-12-03,39,0,0,0,0.7857142857142857,0.0,,1.591064607026499
Cachoeirinha,2020-12-04,40,1,0,0,0.8571428571428571,0.0,,1.6020599913279625
Cachoeirinha,2020-12-05,40,0,0,0,0.8571428571428571,0.0,,1.6020599913279625
Cachoeirinha,2020-12-06,40,0,0,0,0.8571428571428571,0.0,,1.6020599913279625
Cachoeirinha,2020-12-07,40,0,0,0,0.8571428571428571,0.0,,1.6020599913279625
Cachoeirinha,2020-12-08,40,0,0,0,0.07142857142857142,0.0,,1.6020599913279625
Cachoeirinha,2020-12-09,40,0,0,0,0.07142857142857142,0.0,,1.6020599913279625
Cachoeirinha,2020-12-10,40,0,0,0,0.07142857142857142,0.0,,1.6020599913279625
Cachoeirinha,2020-12-11,41,1,0,0,0.14285714285714285,0.0,,1.6127838567197355
Cachoeirinha,2020-12-12,41,0,0,0,0.14285714285714285,0.0,,1.6127838567197355
Cachoeirinha,2020-12-13,41,0,0,0,0.14285714285714285,0.0,,1.6127838567197355
Cachoeirinha,2020-12-14,41,0,0,0,0.14285714285714285,0.0,,1.6127838567197355
Cachoeirinha,2020-12-15,41,0,0,0,0.14285714285714285,0.0,,1.6127838567197355
Cachoeirinha,2020-12-16,41,0,0,0,0.14285714285714285,0.0,,1.6127838567197355
Cachoeirinha,2020-12-17,41,0,0,0,0.14285714285714285,0.0,,1.6127838567197355
Cachoeirinha,2020-12-18,41,0,0,0,0.07142857142857142,0.0,,1.6127838567197355
Cachoeirinha,2020-12-19,41,0,0,0,0.07142857142857142,0.0,,1.6127838567197355
Cachoeirinha,2020-12-20,41,0,0,0,0.07142857142857142,0.0,,1.6127838567197355
Cachoeirinha,2020-12-21,41,0,0,0,0.07142857142857142,0.0,,1.6127838567197355
Cachoeirinha,2020-12-22,41,0,2,2,0.07142857142857142,0.14285714285714285,inf,1.6127838567197355
Cachoeirinha,2020-12-23,41,0,0,-2,0.07142857142857142,0.0,,1.6127838567197355
Cachoeirinha,2020-12-24,41,0,0,0,0.07142857142857142,0.0,,1.6127838567197355
Cachoeirinha,2020-12-25,41,0,0,0,0.0,0.0,,1.6127838567197355
Cachoeirinha,2020-12-26,41,0,0,0,0.0,0.0,,1.6127838567197355
Cachoeirinha,2020-12-27,41,0,0,0,0.0,0.0,,1.6127838567197355
Cachoeirinha,2020-12-28,41,0,0,0,0.0,0.0,,1.6127838567197355
Cachoeirinha,2020-12-29,41,0,0,0,0.0,0.0,,1.6127838567197355
Cachoeirinha,2020-12-30,41,0,0,0,0.0,0.0,,1.6127838567197355
Cachoeirinha,2020-12-31,41,0,0,0,0.0,0.0,,1.6127838567197355
Cachoeirinha,2021-01-01,41,0,0,0,0.0,0.0,,1.6127838567197355
Cachoeirinha,2021-01-02,41,0,0,0,0.0,0.0,,1.6127838567197355
Cachoeirinha,2021-01-03,41,0,0,0,0.0,0.0,,1.6127838567197355
Cachoeirinha,2021-01-04,41,0,0,0,0.0,0.0,,1.6127838567197355
Cachoeirinha,2021-01-05,42,1,1,1,0.07142857142857142,-0.07142857142857142,-1.5,1.6232492903979006
Cachoeirinha,2021-01-06,42,0,1,0,0.07142857142857142,0.07142857142857142,inf,1.6232492903979006
Cachoeirinha,2021-01-07,42,0,1,0,0.07142857142857142,0.07142857142857142,inf,1.6232492903979006
Cachoeirinha,2021-01-08,42,0,1,0,0.07142857142857142,0.07142857142857142,inf,1.6232492903979006
Cachoeirinha,2021-01-09,43,1,2,1,0.14285714285714285,0.14285714285714285,inf,1.6334684555795866
Cachoeirinha,2021-01-10,43,0,2,0,0.14285714285714285,0.14285714285714285,inf,1.6334684555795866
Cachoeirinha,2021-01-11,43,0,2,0,0.14285714285714285,0.14285714285714285,inf,1.6334684555795866
Cachoeirinha,2021-01-12,82,39,2,0,2.9285714285714284,0.14285714285714285,inf,1.9138138523837167
Cachoeirinha,2021-01-13,82,0,2,0,2.9285714285714284,0.14285714285714285,inf,1.9138138523837167
Cachoeirinha,2021-01-14,85,3,2,0,3.142857142857143,0.14285714285714285,inf,1.9294189257142929
Cachoeirinha,2021-01-15,85,0,2,0,3.142857142857143,0.14285714285714285,inf,1.9294189257142929
Cachoeirinha,2021-01-16,85,0,2,0,3.142857142857143,0.14285714285714285,inf,1.9294189257142929
Cachoeirinha,2021-01-17,85,0,2,0,3.142857142857143,0.14285714285714285,inf,1.9294189257142929
Cachoeirinha,2021-01-18,85,0,2,0,3.142857142857143,0.14285714285714285,inf,1.9294189257142929
Cachoeirinha,2021-01-19,90,5,2,0,3.4285714285714284,0.07142857142857142,-2.0,1.9542425094393248
Cachoeirinha,2021-01-20,109,19,2,0,4.785714285714286,0.07142857142857142,0.0,2.037426497940624
Campos Lindos,2020-03-27,0,0,0,0,,,,0.0
Campos Lindos,2020-03-28,0,0,0,0,,,,0.0
Campos Lindos,2020-03-29,0,0,0,0,,,,0.0
Campos Lindos,2020-03-30,0,0,0,0,,,,0.0
Campos Lindos,2020-03-31,0,0,0,0,,,,0.0
Campos Lindos,2020-04-01,0,0,0,0,,,,0.0
Campos Lindos,2020-04-02,0,0,0,0,,,,0.0
Campos Lindos,2020-04-03,0,0,0,0,,,,0.0
Campos Lindos,2020-04-04,0,0,0,0,,,,0.0
Campos Lindos,2020-04-05,0,0,0,0,,,,0.0
Campos Lindos,2020-04-06,0,0,0,0,,,,0.0
Campos Lindos,2020-04-07,0,0,0,0,,,,0.0
Campos Lindos,2020-04-08,0,0,0,0,,,,0.0
Campos Lindos,2020-04-09,0,0,0,0,0.0,0.0,,0.0
Campos Lindos,2020-04-10,0,0,0,0,0.0,0.0,,0.0
Campos Lindos,2020-04-11,0,0,0,0,0.0,0.0,,0.0
Campos Lindos,2020-04-12,0,0,0,0,0.0,0.0,,0.0
Campos Lindos,2020-04-13,0,0,0,0,0.0,0.0,,0.0
Campos Lindos,2020-04-14,0,0,0,0,0.0,0.0,,0.0
Campos Lindos,2020-04-15,0,0,0,0,0.0,0.0,,0.0
Campos Lindos,2020-04-16,0,0,0,0,0.0,0.0,,0.0
Campos Lindos,2020-04-17,0,0,0,0,0.0,0.0,,0.0
Campos Lindos,2020-04-18,0,0,0,0,0.0,0.0,,0.0
Campos Lindos,2020-04-19,0,0,0,0,0.0,0.0,,0.0
Campos Lindos,2020-04-20,0,0,0,0,0.0,0.0,,0.0
Campos Lindos,2020-04-21,0,0,0,0,0.0,0.0,,0.0
Campos Lindos,2020-04-22,0,0,0,0,0.0,0.0,,0.0
Campos Lindos,2020-04-23,0,0,0,0,0.0,0.0,,0.0
Campos Lindos,2020-04-24,0,0,0,0,0.0,0.0,,0.0
Campos Lindos,2020-04-25,0,0,0,0,0.0,0.0,,0.0
Campos Lindos,2020-04-26,0,0,0,0,0.0,0.0,,0.0
Campos Lindos,2020-04-27,0,0,0,0,0.0,0.0,,0.0
Campos Lindos,2020-04-28,0,0,0,0,0.0,0.0,,0.0
Campos Lindos,2020-04-29,0,0,0,0,0.0,0.0,,0.0
Campos Lindos,2020-04-30,0,0,0,0,0.0,0.0,,0.0
Campos Lindos,2020-05-01,0,0,0,0,0.0,0.0,,0.0
Campos Lindos,2020-05-02,0,0,0,0,0.0,0.0,,0.0
Campos Lindos,2020-05-03,0,0,0,0,0.0,0.0,,0.0
Campos Lindos,2020-05-04,0,0,0,0,0.0,0.0,,0.0
Campos Lindos,2020-05-05,0,0,0,0,0.0,0.0,,0.0
Campos Lindos,2020-05-06,0,0,0,0,0.0,0.0,,0.0
Campos Lindos,2020-05-07,0,0,0,0,0.0,0.0,,0.0
Campos Lindos,2020-05-08,0,0,0,0,0.0,0.0,,0.0
Campos Lindos,2020-05-09,0,0,0,0,0.0,0.0,,0.0
Campos Lindos,2020-05-10,0,0,0,0,0.0,0.0,,0.0
Campos Lindos,2020-05-11,0,0,0,0,0.0,0.0,,0.0
Campos Lindos,2020-05-12,0,0,0,0,0.0,0.0,,0.0
Campos Lindos,2020-05-13,0,0,0,0,0.0,0.0,,0.0
Campos Lindos,2020-05-14,0,0,0,0,0.0,0.0,,0.0
Campos Lindos,2020-05-15,0,0,0,0,0.0,0.0,,0.0
Campos Lindos,2020-05-16,0,0,0,0,0.0,0.0,,0.0
Campos Lindos,2020-05-17,0,0,0,0,0.0,0.0,,0.0
Campos Lindos,2020-05-18,0,0,0,0,0.0,0.0,,0.0
Campos Lindos,2020-05-19,0,0,0,0,0.0,0.0,,0.0
Campos Lindos,2020-05-20,1,1,0,0,0.07142857142857142,0.0,,0.0
Campos Lindos,2020-05-21,1,0,0,0,0.07142857142857142,0.0,,0.0
Campos Lindos,2020-05-22,1,0,0,0,0.07142857142857142,0.0,,0.0
Campos Lindos,2020-05-23,1,0,0,0,0.07142857142857142,0.0,,0.0
Campos Lindos,2020-05-24,1,0,0,0,0.07142857142857142,0.0,,0.0
Campos Lindos,2020-05-25,1,0,0,0,0.07142857142857142,0.0,,0.0
Campos Lindos,2020-05-26,1,0,0,0,0.07142857142857142,0.0,,0.0
Campos Lindos,2020-05-27,1,0,0,0,0.07142857142857142,0.0,,0.0
Campos Lindos,2020-05-28,1,0,0,0,0.07142857142857142,0.0,,0.0
Campos Lindos,2020-05-29,1,0,0,0,0.07142857142857142,0.0,,0.0
Campos Lindos,2020-05-30,1,0,0,0,0.07142857142857142,0.0,,0.0
Campos Lindos,2020-05-31,1,0,0,0,0.07142857142857142,0.0,,0.0
Campos Lindos,2020-06-01,1,0,0,0,0.07142857142857142,0.0,,0.0
Campos Lindos,2020-06-02,2,1,0,0,0.14285714285714285,0.0,,0.3010299956639812
Campos Lindos,2020-06-03,2,0,0,0,0.07142857142857142,0.0,,0.3010299956639812
Campos Lindos,2020-06-04,2,0,0,0,0.07142857142857142,0.0,,0.3010299956639812
Campos Lindos,2020-06-05,2,0,0,0,0.07142857142857142,0.0,,0.3010299956639812
Campos Lindos,2020-06-06,2,0,0,0,0.07142857142857142,0.0,,0.3010299956639812
Campos Lindos,2020-06-07,2,0,0,0,0.07142857142857142,0.0,,0.3010299956639812
Campos Lindos,2020-06-08,2,0,0,0,0.07142857142857142,0.0,,0.3010299956639812
Campos Lindos,2020-06-09,2,0,0,0,0.07142857142857142,0.0,,0.3010299956639812
Campos Lindos,2020-06-10,2,0,0,0,0.07142857142857142,0.0,,0.3010299956639812
Campos Lindos,2020-06-11,2,0,0,0,0.07142857142857142,0.0,,0.3010299956639812
Campos Lindos,2020-06-12,2,0,0,0,0.07142857142857142,0.0,,0.3010299956639812
Campos Lindos,2020-06-13,2,0,0,0,0.07142857142857142,0.0,,0.3010299956639812
Campos Lindos,2020-06-14,3,1,0,0,0.14285714285714285,0.0,,0.47712125471966244
Campos Lindos,2020-06-15,3,0,0,0,0.14285714285714285,0.0,,0.47712125471966244
Campos Lindos,2020-06-16,2,-1,0,0,0.0,0.0,,0.3010299956639812
Campos Lindos,2020-06-17,2,0,0,0,0.0,0.0,,0.3010299956639812
Campos Lindos,2020-06-18,2,0,0,0,0.0,0.0,,0.3010299956639812
Campos Lindos,2020-06-19,2,0,0,0,0.0,0.0,,0.3010299956639812
Campos Lindos,2020-06-20,2,0,0,0,0.0,0.0,,0.3010299956639812
Campos Lindos,2020-06-21,2,0,0,0,0.0,0.0,,0.3010299956639812
Campos Lindos,2020-06-22,2,0,0,0,0.0,0.0,,0.3010299956639812
Campos Lindos,2020-06-23,2,0,0,0,0.0,0.0,,0.3010299956639812
Campos Lindos,2020-06-24,2,0,0,0,0.0,0.0,,0.3010299956639812
Campos Lindos,2020-06-25,2,0,0,0,0.0,0.0,,0.3010299956639812
Campos Lindos,2020-06-26,2,0,0,0,0.0,0.0,,0.3010299956639812
Campos Lindos,2020-06-27,2,0,0,0,0.0,0.0,,0.3010299956639812
Campos Lindos,2020-06-28,2,0,0,0,-0.07142857142857142,0.0,,0.3010299956639812
Campos Lindos,2020-06-29,2,0,0,0,-0.07142857142857142,0.0,,0.3010299956639812
Campos Lindos,2020-06-30,2,0,0,0,0.0,0.0,,0.3010299956639812
Campos Lindos,2020-07-01,2,0,0,0,0.0,0.0,,0.3010299956639812
Campos Lindos,2020-07-02,2,0,0,0,0.0,0.0,,0.3010299956639812
Campos Lindos,2020-07-03,2,0,0,0,0.0,0.0,,0.3010299956639812
Campos Lindos,2020-07-04,2,0,0,0,0.0,0.0,,0.3010299956639812
Campos Lindos,2020-07-05,2,0,0,0,0.0,0.0,,0.3010299956639812
Campos Lindos,2020-07-06,2,0,0,0,0.0,0.0,,0.3010299956639812
Campos Lindos,2020-07-07,3,1,0,0,0.07142857142857142,0.0,,0.47712125471966244
Campos Lindos,2020-07-08,3,0,0,0,0.07142857142857142,0.0,,0.47712125471966244
Campos Lindos,2020-07-09,3,0,0,0,0.07142857142857142,0.0,,0.47712125471966244
Campos Lindos,2020-07-10,3,0,0,0,0.07142857142857142,0.0,,0.47712125471966244
Campos Lindos,2020-07-11,3,0,0,0,0.07142857142857142,0.0,,0.47712125471966244
Campos Lindos,2020-07-12,3,0,0,0,0.07142857142857142,0.0,,0.47712125471966244
Campos Lindos,2020-07-13,3,0,0,0,0.07142857142857142,0.0,,0.47712125471966244
Campos Lindos,2020-07-14,3,0,0,0,0.07142857142857142,0.0,,0.47712125471966244
Campos Lindos,2020-07-15,3,0,0,0,0.07142857142857142,0.0,,0.47712125471966244
Campos Lindos,2020-07-16,4,1,0,0,0.14285714285714285,0.0,,0.6020599913279624
Campos Lindos,2020-07-17,5,1,0,0,0.21428571428571427,0.0,,0.6989700043360189
Campos Lindos,2020-07-18,5,0,0,0,0.21428571428571427,0.0,,0.6989700043360189
Campos Lindos,2020-07-19,5,0,0,0,0.21428571428571427,0.0,,0.6989700043360189
Campos Lindos,2020-07-20,11,6,0,0,0.6428571428571429,0.0,,1.041392685158225
Campos Lindos,2020-07-21,11,0,0,0,0.5714285714285714,0.0,,1.041392685158225
Campos Lindos,2020-07-22,11,0,0,0,0.5714285714285714,0.0,,1.041392685158225
Campos Lindos,2020-07-23,11,0,0,0,0.5714285714285714,0.0,,1.041392685158225
Campos Lindos,2020-07-24,11,0,0,0,0.5714285714285714,0.0,,1.041392685158225
Campos Lindos,2020-07-25,18,7,0,0,1.0714285714285714,0.0,,1.255272505103306
Campos Lindos,2020-07-26,18,0,0,0,1.0714285714285714,0.0,,1.255272505103306
Campos Lindos,2020-07-27,20,2,0,0,1.2142857142857142,0.0,,1.3010299956639813
Campos Lindos,2020-07-28,21,1,0,0,1.2857142857142858,0.0,,1.3222192947339193
Campos Lindos,2020-07-29,34,13,1,1,2.2142857142857144,0.07142857142857142,inf,1.5314789170422551
Campos Lindos,2020-07-30,40,6,1,0,2.5714285714285716,0.07142857142857142,inf,1.6020599913279625
Campos Lindos,2020-07-31,40,0,1,0,2.5,0.07142857142857142,inf,1.6020599913279625
Campos Lindos,2020-08-01,40,0,1,0,2.5,0.07142857142857142,inf,1.6020599913279625
Campos Lindos,2020-08-02,51,11,1,0,3.2857142857142856,0.07142857142857142,inf,1.7075701760979363
Campos Lindos,2020-08-03,67,16,1,0,4.0,0.07142857142857142,inf,1.8260748027008264
Campos Lindos,2020-08-04,67,0,1,0,4.0,0.07142857142857142,inf,1.8260748027008264
Campos Lindos,2020-08-05,67,0,1,0,4.0,0.07142857142857142,inf,1.8260748027008264
Campos Lindos,2020-08-06,67,0,1,0,4.0,0.07142857142857142,inf,1.8260748027008264
Campos Lindos,2020-08-07,67,0,1,0,4.0,0.07142857142857142,inf,1.8260748027008264
Campos Lindos,2020-08-08,67,0,1,0,3.5,0.07142857142857142,inf,1.8260748027008264
Campos Lindos,2020-08-09,67,0,1,0,3.5,0.07142857142857142,inf,1.8260748027008264
Campos Lindos,2020-08-10,68,1,1,0,3.4285714285714284,0.07142857142857142,inf,1.8325089127062364
Campos Lindos,2020-08-11,68,0,1,0,3.357142857142857,0.07142857142857142,inf,1.8325089127062364
Campos Lindos,2020-08-12,68,0,1,0,2.4285714285714284,0.0,-1.0,1.8325089127062364
Campos Lindos,2020-08-13,68,0,1,0,2.0,0.0,-1.0,1.8325089127062364
Campos Lindos,2020-08-14,71,3,1,0,2.2142857142857144,0.0,-1.0,1.8512583487190752
Campos Lindos,2020-08-15,71,0,1,0,2.2142857142857144,0.0,-1.0,1.8512583487190752
Campos Lindos,2020-08-16,71,0,1,0,1.4285714285714286,0.0,-1.0,1.8512583487190752
Campos Lindos,2020-08-17,71,0,1,0,0.2857142857142857,0.0,-1.0,1.8512583487190752
Campos Lindos,2020-08-18,72,1,1,0,0.35714285714285715,0.0,-1.0,1.8573324964312685
Campos Lindos,2020-08-19,72,0,1,0,0.35714285714285715,0.0,-1.0,1.8573324964312685
Campos Lindos,2020-08-20,73,1,2,1,0.42857142857142855,0.07142857142857142,0.0,1.863322860120456
Campos Lindos,2020-08-21,100,27,2,0,2.357142857142857,0.07142857142857142,0.0,2.0
Campos Lindos,2020-08-22,111,11,2,0,3.142857142857143,0.07142857142857142,0.0,2.0453229787866576
Campos Lindos,2020-08-23,112,1,2,0,3.2142857142857144,0.07142857142857142,0.0,2.0492180226701815
Campos Lindos,2020-08-24,112,0,2,0,3.142857142857143,0.07142857142857142,0.0,2.0492180226701815
Campos Lindos,2020-08-25,137,25,2,0,4.928571428571429,0.07142857142857142,0.0,2.1367205671564067
Campos Lindos,2020-08-26,180,43,2,0,8.0,0.07142857142857142,inf,2.255272505103306
Campos Lindos,2020-08-27,192,12,2,0,8.857142857142858,0.07142857142857142,inf,2.2833012287035497
Campos Lindos,2020-08-28,200,8,2,0,9.214285714285714,0.07142857142857142,inf,2.3010299956639813
Campos Lindos,2020-08-29,221,21,2,0,10.714285714285714,0.07142857142857142,inf,2.3443922736851106
Campos Lindos,2020-08-30,221,0,2,0,10.714285714285714,0.07142857142857142,inf,2.3443922736851106
Campos Lindos,2020-08-31,221,0,2,0,10.714285714285714,0.07142857142857142,inf,2.3443922736851106
Campos Lindos,2020-09-01,222,1,2,0,10.714285714285714,0.07142857142857142,inf,2.346352974450639
Campos Lindos,2020-09-02,222,0,2,0,10.714285714285714,0.07142857142857142,inf,2.346352974450639
Campos Lindos,2020-09-03,230,8,2,0,11.214285714285714,0.0,-1.0,2.361727836017593
Campos Lindos,2020-09-04,242,12,2,0,10.142857142857142,0.0,-1.0,2.383815365980431
Campos Lindos,2020-09-05,242,0,2,0,9.357142857142858,0.0,-1.0,2.383815365980431
Campos Lindos,2020-09-06,242,0,2,0,9.285714285714286,0.0,-1.0,2.383815365980431
Campos Lindos,2020-09-07,242,0,2,0,9.285714285714286,0.0,-1.0,2.383815365980431
Campos Lindos,2020-09-08,242,0,2,0,7.5,0.0,-1.0,2.383815365980431
Campos Lindos,2020-09-09,242,0,2,0,4.428571428571429,0.0,-1.0,2.383815365980431
Campos Lindos,2020-09-10,242,0,2,0,3.5714285714285716,0.0,-1.0,2.383815365980431
Campos Lindos,2020-09-11,242,0,2,0,3.0,0.0,-1.0,2.383815365980431
Campos Lindos,2020-09-12,242,0,2,0,1.5,0.0,-1.0,2.383815365980431
Campos Lindos,2020-09-13,242,0,2,0,1.5,0.0,-1.0,2.383815365980431
Campos Lindos,2020-09-14,242,0,2,0,1.5,0.0,-1.0,2.383815365980431
Campos Lindos,2020-09-15,242,0,2,0,1.4285714285714286,0.0,-1.0,2.383815365980431
Campos Lindos,2020-09-16,268,26,2,0,3.2857142857142856,0.0,-1.0,2.428134794028789
Campos Lindos,2020-09-17,268,0,2,0,2.7142857142857144,0.0,,2.428134794028789
Campos Lindos,2020-09-18,268,0,2,0,1.8571428571428572,0.0,,2.428134794028789
Campos Lindos,2020-09-19,268,0,2,0,1.8571428571428572,0.0,,2.428134794028789
Campos Lindos,2020-09-20,268,0,2,0,1.8571428571428572,0.0,,2.428134794028789
Campos Lindos,2020-09-21,268,0,2,0,1.8571428571428572,0.0,,2.428134794028789
Campos Lindos,2020-09-22,268,0,2,0,1.8571428571428572,0.0,,2.428134794028789
Campos Lindos,2020-09-23,268,0,2,0,1.8571428571428572,0.0,,2.428134794028789
Campos Lindos,2020-09-24,269,1,2,0,1.9285714285714286,0.0,,2.429752280002408
Campos Lindos,2020-09-25,269,0,2,0,1.9285714285714286,0.0,,2.429752280002408
Campos Lindos,2020-09-26,269,0,2,0,1.9285714285714286,0.0,,2.429752280002408
Campos Lindos,2020-09-27,269,0,2,0,1.9285714285714286,0.0,,2.429752280002408
Campos Lindos,2020-09-28,269,0,2,0,1.9285714285714286,0.0,,2.429752280002408
Campos Lindos,2020-09-29,269,0,2,0,1.9285714285714286,0.0,,2.429752280002408
Campos Lindos,2020-09-30,269,0,2,0,0.07142857142857142,0.0,,2.429752280002408
Campos Lindos,2020-10-01,269,0,2,0,0.07142857142857142,0.0,,2.429752280002408
Campos Lindos,2020-10-02,268,-1,2,0,0.0,0.0,,2.428134794028789
Campos Lindos,2020-10-03,276,8,2,0,0.5714285714285714,0.0,,2.4409090820652177
Campos Lindos,2020-10-04,276,0,2,0,0.5714285714285714,0.0,,2.4409090820652177
Campos Lindos,2020-10-05,276,0,2,0,0.5714285714285714,0.0,,2.4409090820652177
Campos Lindos,2020-10-06,276,0,2,0,0.5714285714285714,0.0,,2.4409090820652177
Campos Lindos,2020-10-07,276,0,2,0,0.5714285714285714,0.0,,2.4409090820652177
Campos Lindos,2020-10-08,277,1,2,0,0.5714285714285714,0.0,,2.4424797690644486
Campos Lindos,2020-10-09,281,4,2,0,0.8571428571428571,0.0,,2.44870631990508
Campos Lindos,2020-10-10,282,1,2,0,0.9285714285714286,0.0,,2.450249108319361
Campos Lindos,2020-10-11,282,0,2,0,0.9285714285714286,0.0,,2.450249108319361
Campos Lindos,2020-10-12,282,0,2,0,0.9285714285714286,0.0,,2.450249108319361
Campos Lindos,2020-10-13,282,0,2,0,0.9285714285714286,0.0,,2.450249108319361
Campos Lindos,2020-10-14,282,0,2,0,0.9285714285714286,0.0,,2.450249108319361
Campos Lindos,2020-10-15,282,0,2,0,0.9285714285714286,0.0,,2.450249108319361
Campos Lindos,2020-10-16,286,4,2,0,1.2857142857142858,0.0,,2.456366033129043
Campos Lindos,2020-10-17,286,0,2,0,0.7142857142857143,0.0,,2.456366033129043
Campos Lindos,2020-10-18,286,0,2,0,0.7142857142857143,0.0,,2.456366033129043
Campos Lindos,2020-10-19,286,0,2,0,0.7142857142857143,0.0,,2.456366033129043
Campos Lindos,2020-10-20,286,0,2,0,0.7142857142857143,0.0,,2.456366033129043
Campos Lindos,2020-10-21,286,0,2,0,0.7142857142857143,0.0,,2.456366033129043
Campos Lindos,2020-10-22,287,1,2,0,0.7142857142857143,0.0,,2.4578818967339924
Campos Lindos,2020-10-23,287,0,2,0,0.42857142857142855,0.0,,2.4578818967339924
Campos Lindos,2020-10-24,287,0,2,0,0.35714285714285715,0.0,,2.4578818967339924
Campos Lindos,2020-10-25,287,0,2,0,0.35714285714285715,0.0,,2.4578818967339924
Campos Lindos,2020-10-26,287,0,2,0,0.35714285714285715,0.0,,2.4578818967339924
Campos Lindos,2020-10-27,287,0,2,0,0.35714285714285715,0.0,,2.4578818967339924
Campos Lindos,2020-10-28,287,0,2,0,0.35714285714285715,0.0,,2.4578818967339924
Campos Lindos,2020-10-29,287,0,2,0,0.35714285714285715,0.0,,2.4578818967339924
Campos Lindos,2020-10-30,287,0,2,0,0.07142857142857142,0.0,,2.4578818967339924
Campos Lindos,2020-10-31,287,0,2,0,0.07142857142857142,0.0,,2.4578818967339924
Campos Lindos,2020-11-01,287,0,2,0,0.07142857142857142,0.0,,2.4578818967339924
Campos Lindos,2020-11-02,287,0,2,0,0.07142857142857142,0.0,,2.4578818967339924
Campos Lindos,2020-11-03,287,0,2,0,0.07142857142857142,0.0,,2.4578818967339924
Campos Lindos,2020-11-04,287,0,2,0,0.07142857142857142,0.0,,2.4578818967339924
Campos Lindos,2020-11-05,287,0,2,0,0.0,0.0,,2.4578818967339924
Campos Lindos,2020-11-06,287,0,2,0,0.0,0.0,,2.4578818967339924
Campos Lindos,2020-11-07,292,5,2,0,0.35714285714285715,0.0,,2.4653828514484184
Campos Lindos,2020-11-08,292,0,2,0,0.35714285714285715,0.0,,2.4653828514484184
Campos Lindos,2020-11-09,292,0,2,0,0.35714285714285715,0.0,,2.4653828514484184
Campos Lindos,2020-11-10,292,0,2,0,0.35714285714285715,0.0,,2.4653828514484184
Campos Lindos,2020-11-11,292,0,2,0,0.35714285714285715,0.0,,2.4653828514484184
Campos Lindos,2020-11-12,292,0,2,0,0.35714285714285715,0.0,,2.4653828514484184
Campos Lindos,2020-11-13,292,0,2,0,0.35714285714285715,0.0,,2.4653828514484184
Campos Lindos,2020-11-14,292,0,2,0,0.35714285714285715,0.0,,2.4653828514484184
Campos Lindos,2020-11-15,292,0,2,0,0.35714285714285715,0.0,,2.4653828514484184
Campos Lindos,2020-11-16,292,0,2,0,0.35714285714285715,0.0,,2.4653828514484184
Campos Lindos,2020-11-17,292,0,2,0,0.35714285714285715,0.0,,2.4653828514484184
Campos Lindos,2020-11-18,292,0,2,0,0.35714285714285715,0.0,,2.4653828514484184
Campos Lindos,2020-11-19,292,0,2,0,0.35714285714285715,0.0,,2.4653828514484184
Campos Lindos,2020-11-20,292,0,2,0,0.35714285714285715,0.0,,2.4653828514484184
Campos Lindos,2020-11-21,292,0,2,0,0.0,0.0,,2.4653828514484184
Campos Lindos,2020-11-22,292,0,2,0,0.0,0.0,,2.4653828514484184
Campos Lindos,2020-11-23,292,0,2,0,0.0,0.0,,2.4653828514484184
Campos Lindos,2020-11-24,292,0,2,0,0.0,0.0,,2.4653828514484184
Campos Lindos,2020-11-25,292,0,0,-2,0.0,-0.14285714285714285,-inf,2.4653828514484184
Campos Lindos,2020-11-26,292,0,2,2,0.0,0.0,,2.4653828514484184
Campos Lindos,2020-11-27,292,0,2,0,0.0,0.0,,2.4653828514484184
Campos Lindos,2020-11-28,292,0,2,0,0.0,0.0,,2.4653828514484184
Campos Lindos,2020-11-29,292,0,2,0,0.0,0.0,,2.4653828514484184
Campos Lindos,2020-11-30,292,0,2,0,0.0,0.0,,2.4653828514484184
Campos Lindos,2020-12-01,292,0,2,0,0.0,0.0,,2.4653828514484184
Campos Lindos,2020-12-02,292,0,2,0,0.0,0.0,,2.4653828514484184
Campos Lindos,2020-12-03,292,0,2,0,0.0,0.0,,2.4653828514484184
Campos Lindos,2020-12-04,292,0,2,0,0.0,0.0,,2.4653828514484184
Campos Lindos,2020-12-05,292,0,2,0,0.0,0.0,,2.4653828514484184
Campos Lindos,2020-12-06,292,0,2,0,0.0,0.0,,2.4653828514484184
Campos Lindos,2020-12-07,292,0,2,0,0.0,0.0,,2.4653828514484184
Campos Lindos,2020-12-08,292,0,2,0,0.0,0.0,,2.4653828514484184
Campos Lindos,2020-12-09,292,0,2,0,0.0,0.14285714285714285,-2.0,2.4653828514484184
Campos Lindos,2020-12-10,292,0,2,0,0.0,0.0,,2.4653828514484184
Campos Lindos,2020-12-11,292,0,2,0,0.0,0.0,,2.4653828514484184
Campos Lindos,2020-12-12,292,0,2,0,0.0,0.0,,2.4653828514484184
Campos Lindos,2020-12-13,292,0,2,0,0.0,0.0,,2.4653828514484184
Campos Lindos,2020-12-14,292,0,2,0,0.0,0.0,,2.4653828514484184
Campos Lindos,2020-12-15,292,0,2,0,0.0,0.0,,2.4653828514484184
Campos Lindos,2020-12-16,292,0,2,0,0.0,0.0,,2.4653828514484184
Campos Lindos,2020-12-17,292,0,2,0,0.0,0.0,,2.4653828514484184
Campos Lindos,2020-12-18,292,0,2,0,0.0,0.0,,2.4653828514484184
Campos Lindos,2020-12-19,292,0,2,0,0.0,0.0,,2.4653828514484184
Campos Lindos,2020-12-20,292,0,2,0,0.0,0.0,,2.4653828514484184
Campos Lindos,2020-12-21,292,0,2,0,0.0,0.0,,2.4653828514484184
Campos Lindos,2020-12-22,292,0,0,-2,0.0,-0.14285714285714285,-inf,2.4653828514484184
Campos Lindos,2020-12-23,294,2,2,2,0.14285714285714285,0.0,-1.0,2.4683473304121573
Campos Lindos,2020-12-24,294,0,2,0,0.14285714285714285,0.0,,2.4683473304121573
Campos Lindos,2020-12-25,294,0,2,0,0.14285714285714285,0.0,,2.4683473304121573
Campos Lindos,2020-12-26,294,0,2,0,0.14285714285714285,0.0,,2.4683473304121573
Campos Lindos,2020-12-27,294,0,2,0,0.14285714285714285,0.0,,2.4683473304121573
Campos Lindos,2020-12-28,294,0,2,0,0.14285714285714285,0.0,,2.4683473304121573
Campos Lindos,2020-12-29,294,0,2,0,0.14285714285714285,0.0,,2.4683473304121573
Campos Lindos,2020-12-30,297,3,2,0,0.35714285714285715,0.0,,2.4727564493172123
Campos Lindos,2020-12-31,297,0,2,0,0.35714285714285715,0.0,,2.4727564493172123
Campos Lindos,2021-01-01,297,0,2,0,0.35714285714285715,0.0,,2.4727564493172123
Campos Lindos,2021-01-02,297,0,2,0,0.35714285714285715,0.0,,2.4727564493172123
Campos Lindos,2021-01-03,297,0,2,0,0.35714285714285715,0.0,,2.4727564493172123
Campos Lindos,2021-01-04,297,0,2,0,0.35714285714285715,0.0,,2.4727564493172123
Campos Lindos,2021-01-05,297,0,2,0,0.35714285714285715,0.14285714285714285,-2.0,2.4727564493172123
Campos Lindos,2021-01-06,297,0,2,0,0.21428571428571427,0.0,,2.4727564493172123
Campos Lindos,2021-01-07,297,0,2,0,0.21428571428571427,0.0,,2.4727564493172123
Campos Lindos,2021-01-08,297,0,2,0,0.21428571428571427,0.0,,2.4727564493172123
Campos Lindos,2021-01-09,297,0,2,0,0.21428571428571427,0.0,,2.4727564493172123
Campos Lindos,2021-01-10,297,0,2,0,0.21428571428571427,0.0,,2.4727564493172123
Campos Lindos,2021-01-11,297,0,2,0,0.21428571428571427,0.0,,2.4727564493172123
Campos Lindos,2021-01-12,297,0,2,0,0.21428571428571427,0.0,,2.4727564493172123
Campos Lindos,2021-01-13,297,0,2,0,0.0,0.0,,2.4727564493172123
Campos Lindos,2021-01-14,297,0,2,0,0.0,0.0,,2.4727564493172123
Campos Lindos,2021-01-15,297,0,2,0,0.0,0.0,,2.4727564493172123
Campos Lindos,2021-01-16,297,0,2,0,0.0,0.0,,2.4727564493172123
Campos Lindos,2021-01-17,299,2,2,0,0.14285714285714285,0.0,,2.4756711883244296
Campos Lindos,2021-01-18,299,0,2,0,0.14285714285714285,0.0,,2.4756711883244296
Campos Lindos,2021-01-19,299,0,2,0,0.14285714285714285,0.0,-1.0,2.4756711883244296
Campos Lindos,2021-01-20,299,0,2,0,0.14285714285714285,0.0,,2.4756711883244296
Cariri do Tocantins,2020-03-27,0,0,0,0,,,,0.0
Cariri do Tocantins,2020-03-28,0,0,0,0,,,,0.0
Cariri do Tocantins,2020-03-29,0,0,0,0,,,,0.0
Cariri do Tocantins,2020-03-30,0,0,0,0,,,,0.0
Cariri do Tocantins,2020-03-31,0,0,0,0,,,,0.0
Cariri do Tocantins,2020-04-01,0,0,0,0,,,,0.0
Cariri do Tocantins,2020-04-02,0,0,0,0,,,,0.0
Cariri do Tocantins,2020-04-03,0,0,0,0,,,,0.0
Cariri do Tocantins,2020-04-04,0,0,0,0,,,,0.0
Cariri do Tocantins,2020-04-05,0,0,0,0,,,,0.0
Cariri do Tocantins,2020-04-06,0,0,0,0,,,,0.0
Cariri do Tocantins,2020-04-07,0,0,0,0,,,,0.0
Cariri do Tocantins,2020-04-08,0,0,0,0,,,,0.0
Cariri do Tocantins,2020-04-09,0,0,0,0,0.0,0.0,,0.0
Cariri do Tocantins,2020-04-10,0,0,0,0,0.0,0.0,,0.0
Cariri do Tocantins,2020-04-11,0,0,0,0,0.0,0.0,,0.0
Cariri do Tocantins,2020-04-12,1,1,0,0,0.07142857142857142,0.0,,0.0
Cariri do Tocantins,2020-04-13,1,0,0,0,0.07142857142857142,0.0,,0.0
Cariri do Tocantins,2020-04-14,1,0,0,0,0.07142857142857142,0.0,,0.0
Cariri do Tocantins,2020-04-15,1,0,0,0,0.07142857142857142,0.0,,0.0
Cariri do Tocantins,2020-04-16,1,0,0,0,0.07142857142857142,0.0,,0.0
Cariri do Tocantins,2020-04-17,1,0,0,0,0.07142857142857142,0.0,,0.0
Cariri do Tocantins,2020-04-18,1,0,0,0,0.07142857142857142,0.0,,0.0
Cariri do Tocantins,2020-04-19,1,0,0,0,0.07142857142857142,0.0,,0.0
Cariri do Tocantins,2020-04-20,1,0,0,0,0.07142857142857142,0.0,,0.0
Cariri do Tocantins,2020-04-21,1,0,0,0,0.07142857142857142,0.0,,0.0
Cariri do Tocantins,2020-04-22,1,0,0,0,0.07142857142857142,0.0,,0.0
Cariri do Tocantins,2020-04-23,1,0,0,0,0.07142857142857142,0.0,,0.0
Cariri do Tocantins,2020-04-24,1,0,0,0,0.07142857142857142,0.0,,0.0
Cariri do Tocantins,2020-04-25,1,0,0,0,0.07142857142857142,0.0,,0.0
Cariri do Tocantins,2020-04-26,1,0,0,0,0.0,0.0,,0.0
Cariri do Tocantins,2020-04-27,1,0,0,0,0.0,0.0,,0.0
Cariri do Tocantins,2020-04-28,1,0,0,0,0.0,0.0,,0.0
Cariri do Tocantins,2020-04-29,1,0,0,0,0.0,0.0,,0.0
Cariri do Tocantins,2020-04-30,1,0,0,0,0.0,0.0,,0.0
Cariri do Tocantins,2020-05-01,2,1,0,0,0.07142857142857142,0.0,,0.3010299956639812
Cariri do Tocantins,2020-05-02,2,0,0,0,0.07142857142857142,0.0,,0.3010299956639812
Cariri do Tocantins,2020-05-03,6,4,0,0,0.35714285714285715,0.0,,0.7781512503836436
Cariri do Tocantins,2020-05-04,6,0,0,0,0.35714285714285715,0.0,,0.7781512503836436
Cariri do Tocantins,2020-05-05,7,1,0,0,0.42857142857142855,0.0,,0.8450980400142568
Cariri do Tocantins,2020-05-06,11,4,0,0,0.7142857142857143,0.0,,1.041392685158225
Cariri do Tocantins,2020-05-07,14,3,0,0,0.9285714285714286,0.0,,1.146128035678238
Cariri do Tocantins,2020-05-08,17,3,0,0,1.1428571428571428,0.0,,1.2304489213782739
Cariri do Tocantins,2020-05-09,18,1,0,0,1.2142857142857142,0.0,,1.255272505103306
Cariri do Tocantins,2020-05-10,18,0,0,0,1.2142857142857142,0.0,,1.255272505103306
Cariri do Tocantins,2020-05-11,29,11,0,0,2.0,0.0,,1.462397997898956
Cariri do Tocantins,2020-05-12,31,2,0,0,2.142857142857143,0.0,,1.4913616938342726
Cariri do Tocantins,2020-05-13,36,5,0,0,2.5,0.0,,1.5563025007672873
Cariri do Tocantins,2020-05-14,37,1,0,0,2.5714285714285716,0.0,,1.568201724066995
Cariri do Tocantins,2020-05-15,41,4,0,0,2.7857142857142856,0.0,,1.6127838567197355
Cariri do Tocantins,2020-05-16,43,2,0,0,2.9285714285714284,0.0,,1.6334684555795866
Cariri do Tocantins,2020-05-17,46,3,0,0,2.857142857142857,0.0,,1.662757831681574
Cariri do Tocantins,2020-05-18,46,0,0,0,2.857142857142857,0.0,,1.662757831681574
Cariri do Tocantins,2020-05-19,48,2,0,0,2.9285714285714284,0.0,,1.6812412373755872
Cariri do Tocantins,2020-05-20,49,1,1,1,2.7142857142857144,0.07142857142857142,inf,1.6901960800285136
Cariri do Tocantins,2020-05-21,49,0,1,0,2.5,0.07142857142857142,inf,1.6901960800285136
Cariri do Tocantins,2020-05-22,49,0,1,0,2.2857142857142856,0.07142857142857142,inf,1.6901960800285136
Cariri do Tocantins,2020-05-23,49,0,1,0,2.2142857142857144,0.07142857142857142,inf,1.6901960800285136
Cariri do Tocantins,2020-05-24,49,0,1,0,2.2142857142857144,0.07142857142857142,inf,1.6901960800285136
Cariri do Tocantins,2020-05-25,49,0,1,0,1.4285714285714286,0.07142857142857142,inf,1.6901960800285136
Cariri do Tocantins,2020-05-26,49,0,1,0,1.2857142857142858,0.07142857142857142,inf,1.6901960800285136
Cariri do Tocantins,2020-05-27,50,1,1,0,1.0,0.07142857142857142,inf,1.6989700043360187
Cariri do Tocantins,2020-05-28,50,0,1,0,0.9285714285714286,0.07142857142857142,inf,1.6989700043360187
Cariri do Tocantins,2020-05-29,50,0,1,0,0.6428571428571429,0.07142857142857142,inf,1.6989700043360187
Cariri do Tocantins,2020-05-30,52,2,1,0,0.6428571428571429,0.07142857142857142,inf,1.7160033436347992
Cariri do Tocantins,2020-05-31,53,1,1,0,0.5,0.07142857142857142,inf,1.7242758696007892
Cariri do Tocantins,2020-06-01,54,1,1,0,0.5714285714285714,0.07142857142857142,inf,1.7323937598229686
Cariri do Tocantins,2020-06-02,54,0,1,0,0.42857142857142855,0.07142857142857142,inf,1.7323937598229686
Cariri do Tocantins,2020-06-03,57,3,1,0,0.5714285714285714,0.0,-1.0,1.7558748556724915
Cariri do Tocantins,2020-06-04,57,0,1,0,0.5714285714285714,0.0,-1.0,1.7558748556724915
Cariri do Tocantins,2020-06-05,57,0,1,0,0.5714285714285714,0.0,-1.0,1.7558748556724915
Cariri do Tocantins,2020-06-06,57,0,1,0,0.5714285714285714,0.0,-1.0,1.7558748556724915
Cariri do Tocantins,2020-06-07,57,0,1,0,0.5714285714285714,0.0,-1.0,1.7558748556724915
Cariri do Tocantins,2020-06-08,57,0,1,0,0.5714285714285714,0.0,-1.0,1.7558748556724915
Cariri do Tocantins,2020-06-09,57,0,1,0,0.5714285714285714,0.0,-1.0,1.7558748556724915
Cariri do Tocantins,2020-06-10,57,0,1,0,0.5,0.0,-1.0,1.7558748556724915
Cariri do Tocantins,2020-06-11,57,0,1,0,0.5,0.0,-1.0,1.7558748556724915
Cariri do Tocantins,2020-06-12,57,0,1,0,0.5,0.0,-1.0,1.7558748556724915
Cariri do Tocantins,2020-06-13,57,0,1,0,0.35714285714285715,0.0,-1.0,1.7558748556724915
Cariri do Tocantins,2020-06-14,57,0,1,0,0.2857142857142857,0.0,-1.0,1.7558748556724915
Cariri do Tocantins,2020-06-15,57,0,1,0,0.21428571428571427,0.0,-1.0,1.7558748556724915
Cariri do Tocantins,2020-06-16,57,0,1,0,0.21428571428571427,0.0,-1.0,1.7558748556724915
Cariri do Tocantins,2020-06-17,57,0,1,0,0.0,0.0,,1.7558748556724915
Cariri do Tocantins,2020-06-18,57,0,1,0,0.0,0.0,,1.7558748556724915
Cariri do Tocantins,2020-06-19,57,0,1,0,0.0,0.0,,1.7558748556724915
Cariri do Tocantins,2020-06-20,57,0,1,0,0.0,0.0,,1.7558748556724915
Cariri do Tocantins,2020-06-21,57,0,1,0,0.0,0.0,,1.7558748556724915
Cariri do Tocantins,2020-06-22,58,1,1,0,0.07142857142857142,0.0,,1.7634279935629373
Cariri do Tocantins,2020-06-23,57,-1,1,0,0.0,0.0,,1.7558748556724915
Cariri do Tocantins,2020-06-24,57,0,1,0,0.0,0.0,,1.7558748556724915
Cariri do Tocantins,2020-06-25,57,0,1,0,0.0,0.0,,1.7558748556724915
Cariri do Tocantins,2020-06-26,60,3,1,0,0.21428571428571427,0.0,,1.7781512503836436
Cariri do Tocantins,2020-06-27,60,0,1,0,0.21428571428571427,0.0,,1.7781512503836436
Cariri do Tocantins,2020-06-28,61,1,1,0,0.2857142857142857,0.0,,1.7853298350107671
Cariri do Tocantins,2020-06-29,62,1,1,0,0.35714285714285715,0.0,,1.792391689498254
Cariri do Tocantins,2020-06-30,62,0,1,0,0.35714285714285715,0.0,,1.792391689498254
Cariri do Tocantins,2020-07-01,62,0,1,0,0.35714285714285715,0.0,,1.792391689498254
Cariri do Tocantins,2020-07-02,62,0,1,0,0.35714285714285715,0.0,,1.792391689498254
Cariri do Tocantins,2020-07-03,62,0,1,0,0.35714285714285715,0.0,,1.792391689498254
Cariri do Tocantins,2020-07-04,62,0,1,0,0.35714285714285715,0.0,,1.792391689498254
Cariri do Tocantins,2020-07-05,62,0,1,0,0.35714285714285715,0.0,,1.792391689498254
Cariri do Tocantins,2020-07-06,62,0,1,0,0.2857142857142857,0.0,,1.792391689498254
Cariri do Tocantins,2020-07-07,62,0,1,0,0.35714285714285715,0.0,,1.792391689498254
Cariri do Tocantins,2020-07-08,63,1,1,0,0.42857142857142855,0.0,,1.7993405494535817
Cariri do Tocantins,2020-07-09,63,0,1,0,0.42857142857142855,0.0,,1.7993405494535817
Cariri do Tocantins,2020-07-10,63,0,1,0,0.21428571428571427,0.0,,1.7993405494535817
Cariri do Tocantins,2020-07-11,63,0,1,0,0.21428571428571427,0.0,,1.7993405494535817
Cariri do Tocantins,2020-07-12,63,0,1,0,0.14285714285714285,0.0,,1.7993405494535817
Cariri do Tocantins,2020-07-13,63,0,1,0,0.07142857142857142,0.0,,1.7993405494535817
Cariri do Tocantins,2020-07-14,66,3,1,0,0.2857142857142857,0.0,,1.8195439355418688
Cariri do Tocantins,2020-07-15,66,0,1,0,0.2857142857142857,0.0,,1.8195439355418688
Cariri do Tocantins,2020-07-16,67,1,1,0,0.35714285714285715,0.0,,1.8260748027008264
Cariri do Tocantins,2020-07-17,67,0,1,0,0.35714285714285715,0.0,,1.8260748027008264
Cariri do Tocantins,2020-07-18,67,0,1,0,0.35714285714285715,0.0,,1.8260748027008264
Cariri do Tocantins,2020-07-19,68,1,1,0,0.42857142857142855,0.0,,1.8325089127062364
Cariri do Tocantins,2020-07-20,68,0,1,0,0.42857142857142855,0.0,,1.8325089127062364
Cariri do Tocantins,2020-07-21,71,3,1,0,0.6428571428571429,0.0,,1.8512583487190752
Cariri do Tocantins,2020-07-22,73,2,1,0,0.7142857142857143,0.0,,1.863322860120456
Cariri do Tocantins,2020-07-23,71,-2,1,0,0.5714285714285714,0.0,,1.8512583487190752
Cariri do Tocantins,2020-07-24,71,0,1,0,0.5714285714285714,0.0,,1.8512583487190752
Cariri do Tocantins,2020-07-25,73,2,1,0,0.7142857142857143,0.0,,1.863322860120456
Cariri do Tocantins,2020-07-26,78,5,1,0,1.0714285714285714,0.0,,1.8920946026904804
Cariri do Tocantins,2020-07-27,78,0,1,0,1.0714285714285714,0.0,,1.8920946026904804
Cariri do Tocantins,2020-07-28,77,-1,1,0,0.7857142857142857,0.0,,1.8864907251724818
Cariri do Tocantins,2020-07-29,78,1,1,0,0.8571428571428571,0.0,,1.8920946026904804
Cariri do Tocantins,2020-07-30,80,2,1,0,0.9285714285714286,0.0,,1.9030899869919435
Cariri do Tocantins,2020-07-31,80,0,2,1,0.9285714285714286,0.07142857142857142,inf,1.9030899869919435
Cariri do Tocantins,2020-08-01,87,7,2,0,1.4285714285714286,0.07142857142857142,inf,1.9395192526186185
Cariri do Tocantins,2020-08-02,88,1,2,0,1.4285714285714286,0.07142857142857142,inf,1.9444826721501687
Cariri do Tocantins,2020-08-03,94,6,2,0,1.8571428571428572,0.07142857142857142,inf,1.9731278535996986
Cariri do Tocantins,2020-08-04,93,-1,2,0,1.5714285714285714,0.07142857142857142,inf,1.968482948553935
Cariri do Tocantins,2020-08-05,95,2,2,0,1.5714285714285714,0.07142857142857142,inf,1.9777236052888478
Cariri do Tocantins,2020-08-06,97,2,2,0,1.8571428571428572,0.07142857142857142,inf,1.9867717342662448
Cariri do Tocantins,2020-08-07,98,1,2,0,1.9285714285714286,0.07142857142857142,inf,1.9912260756924949
Cariri do Tocantins,2020-08-08,96,-2,2,0,1.6428571428571428,0.07142857142857142,inf,1.9822712330395684
Cariri do Tocantins,2020-08-09,96,0,2,0,1.2857142857142858,0.07142857142857142,inf,1.9822712330395684
Cariri do Tocantins,2020-08-10,100,4,2,0,1.5714285714285714,0.07142857142857142,inf,2.0
Cariri do Tocantins,2020-08-11,98,-2,2,0,1.5,0.07142857142857142,inf,1.9912260756924949
Cariri do Tocantins,2020-08-12,98,0,2,0,1.4285714285714286,0.07142857142857142,inf,1.9912260756924949
Cariri do Tocantins,2020-08-13,99,1,2,0,1.3571428571428572,0.07142857142857142,inf,1.99563519459755
Cariri do Tocantins,2020-08-14,99,0,2,0,1.3571428571428572,0.0,-1.0,1.99563519459755
Cariri do Tocantins,2020-08-15,99,0,2,0,0.8571428571428571,0.0,-1.0,1.99563519459755
Cariri do Tocantins,2020-08-16,99,0,2,0,0.7857142857142857,0.0,-1.0,1.99563519459755
Cariri do Tocantins,2020-08-17,104,5,2,0,0.7142857142857143,0.0,-1.0,2.0170333392987803
Cariri do Tocantins,2020-08-18,104,0,2,0,0.7857142857142857,0.0,-1.0,2.0170333392987803
Cariri do Tocantins,2020-08-19,104,0,2,0,0.6428571428571429,0.0,-1.0,2.0170333392987803
Cariri do Tocantins,2020-08-20,107,3,2,0,0.7142857142857143,0.0,-1.0,2.0293837776852097
Cariri do Tocantins,2020-08-21,108,1,2,0,0.7142857142857143,0.0,-1.0,2.03342375548695
Cariri do Tocantins,2020-08-22,109,1,2,0,0.9285714285714286,0.0,-1.0,2.037426497940624
Cariri do Tocantins,2020-08-23,112,3,2,0,1.1428571428571428,0.0,-1.0,2.0492180226701815
Cariri do Tocantins,2020-08-24,112,0,2,0,0.8571428571428571,0.0,-1.0,2.0492180226701815
Cariri do Tocantins,2020-08-25,112,0,2,0,1.0,0.0,-1.0,2.0492180226701815
Cariri do Tocantins,2020-08-26,112,0,2,0,1.0,0.0,-1.0,2.0492180226701815
Cariri do Tocantins,2020-08-27,112,0,2,0,0.9285714285714286,0.0,-1.0,2.0492180226701815
Cariri do Tocantins,2020-08-28,113,1,2,0,1.0,0.0,,2.05307844348342
Cariri do Tocantins,2020-08-29,113,0,2,0,1.0,0.0,,2.05307844348342
Cariri do Tocantins,2020-08-30,119,6,2,0,1.4285714285714286,0.0,,2.075546961392531
Cariri do Tocantins,2020-08-31,125,6,2,0,1.5,0.0,,2.0969100130080562
Cariri do Tocantins,2020-09-01,126,1,2,0,1.5714285714285714,0.0,,2.100370545117563
Cariri do Tocantins,2020-09-02,129,3,2,0,1.7857142857142858,0.0,,2.110589710299249
Cariri do Tocantins,2020-09-03,130,1,2,0,1.6428571428571428,0.0,,2.113943352306837
Cariri do Tocantins,2020-09-04,134,4,2,0,1.8571428571428572,0.0,,2.1271047983648077
Cariri do Tocantins,2020-09-05,135,1,2,0,1.8571428571428572,0.0,,2.130333768495006
Cariri do Tocantins,2020-09-06,138,3,2,0,1.8571428571428572,0.0,,2.1398790864012365
Cariri do Tocantins,2020-09-07,143,5,2,0,2.2142857142857144,0.0,,2.155336037465062
Cariri do Tocantins,2020-09-08,143,0,2,0,2.2142857142857144,0.0,,2.155336037465062
Cariri do Tocantins,2020-09-09,150,7,2,0,2.7142857142857144,0.0,,2.1760912590556813
Cariri do Tocantins,2020-09-10,150,0,2,0,2.7142857142857144,0.0,,2.1760912590556813
Cariri do Tocantins,2020-09-11,151,1,3,1,2.7142857142857144,0.07142857142857142,inf,2.1789769472931693
Cariri do Tocantins,2020-09-12,155,4,3,0,3.0,0.07142857142857142,inf,2.1903316981702914
Cariri do Tocantins,2020-09-13,156,1,3,0,2.642857142857143,0.07142857142857142,inf,2.1931245983544616
Cariri do Tocantins,2020-09-14,156,0,3,0,2.2142857142857144,0.07142857142857142,inf,2.1931245983544616
Cariri do Tocantins,2020-09-15,173,17,3,0,3.357142857142857,0.07142857142857142,inf,2.2380461031287955
Cariri do Tocantins,2020-09-16,174,1,3,0,3.2142857142857144,0.07142857142857142,inf,2.2405492482825995
Cariri do Tocantins,2020-09-17,178,4,3,0,3.4285714285714284,0.07142857142857142,inf,2.250420002308894
Cariri do Tocantins,2020-09-18,179,1,3,0,3.2142857142857144,0.07142857142857142,inf,2.2528530309798933
Cariri do Tocantins,2020-09-19,180,1,3,0,3.2142857142857144,0.07142857142857142,inf,2.255272505103306
Cariri do Tocantins,2020-09-20,184,4,3,0,3.2857142857142856,0.07142857142857142,inf,2.2648178230095364
Cariri do Tocantins,2020-09-21,183,-1,3,0,2.857142857142857,0.07142857142857142,inf,2.2624510897304293
Cariri do Tocantins,2020-09-22,183,0,3,0,2.857142857142857,0.07142857142857142,inf,2.2624510897304293
Cariri do Tocantins,2020-09-23,183,0,3,0,2.357142857142857,0.07142857142857142,inf,2.2624510897304293
Cariri do Tocantins,2020-09-24,183,0,3,0,2.357142857142857,0.07142857142857142,inf,2.2624510897304293
Cariri do Tocantins,2020-09-25,184,1,3,0,2.357142857142857,0.0,-1.0,2.2648178230095364
Cariri do Tocantins,2020-09-26,185,1,3,0,2.142857142857143,0.0,-1.0,2.2671717284030137
Cariri do Tocantins,2020-09-27,186,1,3,0,2.142857142857143,0.0,-1.0,2.2695129442179165
Cariri do Tocantins,2020-09-28,188,2,3,0,2.2857142857142856,0.0,-1.0,2.27415784926368
Cariri do Tocantins,2020-09-29,189,1,3,0,1.1428571428571428,0.0,-1.0,2.2764618041732443
Cariri do Tocantins,2020-09-30,190,1,3,0,1.1428571428571428,0.0,-1.0,2.278753600952829
Cariri do Tocantins,2020-10-01,189,-1,3,0,0.7857142857142857,0.0,-1.0,2.2764618041732443
Cariri do Tocantins,2020-10-02,189,0,3,0,0.7142857142857143,0.0,-1.0,2.2764618041732443
Cariri do Tocantins,2020-10-03,189,0,3,0,0.6428571428571429,0.0,-1.0,2.2764618041732443
Cariri do Tocantins,2020-10-04,189,0,3,0,0.35714285714285715,0.0,-1.0,2.2764618041732443
Cariri do Tocantins,2020-10-05,189,0,3,0,0.42857142857142855,0.0,-1.0,2.2764618041732443
Cariri do Tocantins,2020-10-06,189,0,3,0,0.42857142857142855,0.0,-1.0,2.2764618041732443
Cariri do Tocantins,2020-10-07,189,0,3,0,0.42857142857142855,0.0,-1.0,2.2764618041732443
Cariri do Tocantins,2020-10-08,189,0,3,0,0.42857142857142855,0.0,-1.0,2.2764618041732443
Cariri do Tocantins,2020-10-09,190,1,3,0,0.42857142857142855,0.0,,2.278753600952829
Cariri do Tocantins,2020-10-10,191,1,3,0,0.42857142857142855,0.0,,2.2810333672477277
Cariri do Tocantins,2020-10-11,193,2,3,0,0.5,0.0,,2.285557309007774
Cariri do Tocantins,2020-10-12,193,0,3,0,0.35714285714285715,0.0,,2.285557309007774
Cariri do Tocantins,2020-10-13,196,3,3,0,0.5,0.0,,2.292256071356476
Cariri do Tocantins,2020-10-14,198,2,4,1,0.5714285714285714,0.07142857142857142,inf,2.296665190261531
Cariri do Tocantins,2020-10-15,198,0,4,0,0.6428571428571429,0.07142857142857142,inf,2.296665190261531
Cariri do Tocantins,2020-10-16,200,2,4,0,0.7857142857142857,0.07142857142857142,inf,2.3010299956639813
Cariri do Tocantins,2020-10-17,201,1,4,0,0.8571428571428571,0.07142857142857142,inf,2.303196057420489
Cariri do Tocantins,2020-10-18,201,0,4,0,0.8571428571428571,0.07142857142857142,inf,2.303196057420489
Cariri do Tocantins,2020-10-19,201,0,4,0,0.8571428571428571,0.07142857142857142,inf,2.303196057420489
Cariri do Tocantins,2020-10-20,201,0,4,0,0.8571428571428571,0.07142857142857142,inf,2.303196057420489
Cariri do Tocantins,2020-10-21,201,0,4,0,0.8571428571428571,0.07142857142857142,inf,2.303196057420489
Cariri do Tocantins,2020-10-22,202,1,4,0,0.9285714285714286,0.07142857142857142,inf,2.305351369446624
Cariri do Tocantins,2020-10-23,202,0,4,0,0.8571428571428571,0.07142857142857142,inf,2.305351369446624
Cariri do Tocantins,2020-10-24,202,0,4,0,0.7857142857142857,0.07142857142857142,inf,2.305351369446624
Cariri do Tocantins,2020-10-25,203,1,4,0,0.7142857142857143,0.07142857142857142,inf,2.307496037913213
Cariri do Tocantins,2020-10-26,203,0,4,0,0.7142857142857143,0.07142857142857142,inf,2.307496037913213
Cariri do Tocantins,2020-10-27,203,0,4,0,0.5,0.07142857142857142,inf,2.307496037913213
Cariri do Tocantins,2020-10-28,204,1,4,0,0.42857142857142855,0.0,-1.0,2.3096301674258988
Cariri do Tocantins,2020-10-29,204,0,4,0,0.42857142857142855,0.0,-1.0,2.3096301674258988
Cariri do Tocantins,2020-10-30,204,0,4,0,0.2857142857142857,0.0,-1.0,2.3096301674258988
Cariri do Tocantins,2020-10-31,204,0,4,0,0.21428571428571427,0.0,-1.0,2.3096301674258988
Cariri do Tocantins,2020-11-01,204,0,4,0,0.21428571428571427,0.0,-1.0,2.3096301674258988
Cariri do Tocantins,2020-11-02,204,0,4,0,0.21428571428571427,0.0,-1.0,2.3096301674258988
Cariri do Tocantins,2020-11-03,204,0,4,0,0.21428571428571427,0.0,-1.0,2.3096301674258988
Cariri do Tocantins,2020-11-04,204,0,4,0,0.21428571428571427,0.0,-1.0,2.3096301674258988
Cariri do Tocantins,2020-11-05,204,0,4,0,0.14285714285714285,0.0,-1.0,2.3096301674258988
Cariri do Tocantins,2020-11-06,204,0,4,0,0.14285714285714285,0.0,-1.0,2.3096301674258988
Cariri do Tocantins,2020-11-07,204,0,4,0,0.14285714285714285,0.0,-1.0,2.3096301674258988
Cariri do Tocantins,2020-11-08,204,0,4,0,0.07142857142857142,0.0,-1.0,2.3096301674258988
Cariri do Tocantins,2020-11-09,204,0,4,0,0.07142857142857142,0.0,-1.0,2.3096301674258988
Cariri do Tocantins,2020-11-10,204,0,4,0,0.07142857142857142,0.0,-1.0,2.3096301674258988
Cariri do Tocantins,2020-11-11,204,0,4,0,0.0,0.0,,2.3096301674258988
Cariri do Tocantins,2020-11-12,205,1,4,0,0.07142857142857142,0.0,,2.311753861055754
Cariri do Tocantins,2020-11-13,205,0,4,0,0.07142857142857142,0.0,,2.311753861055754
Cariri do Tocantins,2020-11-14,205,0,4,0,0.07142857142857142,0.0,,2.311753861055754
Cariri do Tocantins,2020-11-15,205,0,4,0,0.07142857142857142,0.0,,2.311753861055754
Cariri do Tocantins,2020-11-16,205,0,4,0,0.07142857142857142,0.0,,2.311753861055754
Cariri do Tocantins,2020-11-17,205,0,4,0,0.07142857142857142,0.0,,2.311753861055754
Cariri do Tocantins,2020-11-18,206,1,4,0,0.14285714285714285,0.0,,2.3138672203691533
Cariri do Tocantins,2020-11-19,206,0,4,0,0.14285714285714285,0.0,,2.3138672203691533
Cariri do Tocantins,2020-11-20,207,1,4,0,0.21428571428571427,0.0,,2.315970345456918
Cariri do Tocantins,2020-11-21,207,0,4,0,0.21428571428571427,0.0,,2.315970345456918
Cariri do Tocantins,2020-11-22,207,0,4,0,0.21428571428571427,0.0,,2.315970345456918
Cariri do Tocantins,2020-11-23,207,0,4,0,0.21428571428571427,0.0,,2.315970345456918
Cariri do Tocantins,2020-11-24,208,1,4,0,0.2857142857142857,0.0,,2.3180633349627615
Cariri do Tocantins,2020-11-25,209,1,4,0,0.35714285714285715,0.0,,2.320146286111054
Cariri do Tocantins,2020-11-26,210,1,4,0,0.35714285714285715,0.0,,2.322219294733919
Cariri do Tocantins,2020-11-27,210,0,4,0,0.35714285714285715,0.0,,2.322219294733919
Cariri do Tocantins,2020-11-28,212,2,4,0,0.5,0.0,,2.3263358609287517
Cariri do Tocantins,2020-11-29,212,0,4,0,0.5,0.0,,2.3263358609287517
Cariri do Tocantins,2020-11-30,212,0,4,0,0.5,0.0,,2.3263358609287517
Cariri do Tocantins,2020-12-01,212,0,4,0,0.5,0.0,,2.3263358609287517
Cariri do Tocantins,2020-12-02,213,1,4,0,0.5,0.0,,2.3283796034387376
Cariri do Tocantins,2020-12-03,213,0,4,0,0.5,0.0,,2.3283796034387376
Cariri do Tocantins,2020-12-04,213,0,4,0,0.42857142857142855,0.0,,2.3283796034387376
Cariri do Tocantins,2020-12-05,217,4,4,0,0.7142857142857143,0.0,,2.3364597338485296
Cariri do Tocantins,2020-12-06,217,0,4,0,0.7142857142857143,0.0,,2.3364597338485296
Cariri do Tocantins,2020-12-07,217,0,4,0,0.7142857142857143,0.0,,2.3364597338485296
Cariri do Tocantins,2020-12-08,217,0,4,0,0.6428571428571429,0.0,,2.3364597338485296
Cariri do Tocantins,2020-12-09,217,0,4,0,0.5714285714285714,0.0,,2.3364597338485296
Cariri do Tocantins,2020-12-10,217,0,4,0,0.5,0.0,,2.3364597338485296
Cariri do Tocantins,2020-12-11,217,0,4,0,0.5,0.0,,2.3364597338485296
Cariri do Tocantins,2020-12-12,217,0,4,0,0.35714285714285715,0.0,,2.3364597338485296
Cariri do Tocantins,2020-12-13,217,0,4,0,0.35714285714285715,0.0,,2.3364597338485296
Cariri do Tocantins,2020-12-14,217,0,4,0,0.35714285714285715,0.0,,2.3364597338485296
Cariri do Tocantins,2020-12-15,217,0,4,0,0.35714285714285715,0.0,,2.3364597338485296
Cariri do Tocantins,2020-12-16,222,5,4,0,0.6428571428571429,0.0,,2.346352974450639
Cariri do Tocantins,2020-12-17,224,2,4,0,0.7857142857142857,0.0,,2.3502480183341627
Cariri do Tocantins,2020-12-18,231,7,4,0,1.2857142857142858,0.0,,2.3636119798921444
Cariri do Tocantins,2020-12-19,231,0,4,0,1.0,0.0,,2.3636119798921444
Cariri do Tocantins,2020-12-20,231,0,4,0,1.0,0.0,,2.3636119798921444
Cariri do Tocantins,2020-12-21,231,0,4,0,1.0,0.0,,2.3636119798921444
Cariri do Tocantins,2020-12-22,231,0,4,0,1.0,0.0,,2.3636119798921444
Cariri do Tocantins,2020-12-23,232,1,4,0,1.0714285714285714,0.0,,2.3654879848909
Cariri do Tocantins,2020-12-24,232,0,4,0,1.0714285714285714,0.0,,2.3654879848909
Cariri do Tocantins,2020-12-25,233,1,4,0,1.1428571428571428,0.0,,2.367355921026019
Cariri do Tocantins,2020-12-26,234,1,4,0,1.2142857142857142,0.0,,2.369215857410143
Cariri do Tocantins,2020-12-27,237,3,4,0,1.4285714285714286,0.0,,2.374748346010104
Cariri do Tocantins,2020-12-28,237,0,4,0,1.4285714285714286,0.0,,2.374748346010104
Cariri do Tocantins,2020-12-29,239,2,4,0,1.5714285714285714,0.0,,2.3783979009481375
Cariri do Tocantins,2020-12-30,239,0,4,0,1.2142857142857142,0.0,,2.3783979009481375
Cariri do Tocantins,2020-12-31,240,1,4,0,1.1428571428571428,0.0,,2.380211241711606
Cariri do Tocantins,2021-01-01,241,1,4,0,0.7142857142857143,0.0,,2.3820170425748683
Cariri do Tocantins,2021-01-02,241,0,4,0,0.7142857142857143,0.0,,2.3820170425748683
Cariri do Tocantins,2021-01-03,241,0,4,0,0.7142857142857143,0.0,,2.3820170425748683
Cariri do Tocantins,2021-01-04,242,1,4,0,0.7857142857142857,0.0,,2.383815365980431
Cariri do Tocantins,2021-01-05,243,1,4,0,0.8571428571428571,0.0,,2.385606273598312
Cariri do Tocantins,2021-01-06,244,1,4,0,0.8571428571428571,0.0,,2.3873898263387296
Cariri do Tocantins,2021-01-07,244,0,4,0,0.8571428571428571,0.0,,2.3873898263387296
Cariri do Tocantins,2021-01-08,245,1,4,0,0.8571428571428571,0.0,,2.3891660843645326
Cariri do Tocantins,2021-01-09,245,0,4,0,0.7857142857142857,0.0,,2.3891660843645326
Cariri do Tocantins,2021-01-10,245,0,4,0,0.5714285714285714,0.0,,2.3891660843645326
Cariri do Tocantins,2021-01-11,247,2,4,0,0.7142857142857143,0.0,,2.392696953259666
Cariri do Tocantins,2021-01-12,248,1,4,0,0.6428571428571429,0.0,,2.3944516808262164
Cariri do Tocantins,2021-01-13,248,0,4,0,0.6428571428571429,0.0,,2.3944516808262164
Cariri do Tocantins,2021-01-14,252,4,4,0,0.8571428571428571,0.0,,2.401400540781544
Cariri do Tocantins,2021-01-15,252,0,4,0,0.7857142857142857,0.0,,2.401400540781544
Cariri do Tocantins,2021-01-16,254,2,4,0,0.9285714285714286,0.0,,2.404833716619938
Cariri do Tocantins,2021-01-17,254,0,4,0,0.9285714285714286,0.0,,2.404833716619938
Cariri do Tocantins,2021-01-18,254,0,4,0,0.8571428571428571,0.0,,2.404833716619938
Cariri do Tocantins,2021-01-19,255,1,4,0,0.8571428571428571,0.0,,2.406540180433955
Cariri do Tocantins,2021-01-20,257,2,4,0,0.9285714285714286,0.0,,2.4099331233312946
Carmolândia,2020-03-27,0,0,0,0,,,,0.0
Carmolândia,2020-03-28,0,0,0,0,,,,0.0
Carmolândia,2020-03-29,0,0,0,0,,,,0.0
Carmolândia,2020-03-30,0,0,0,0,,,,0.0
Carmolândia,2020-03-31,0,0,0,0,,,,0.0
Carmolândia,2020-04-01,0,0,0,0,,,,0.0
Carmolândia,2020-04-02,0,0,0,0,,,,0.0
Carmolândia,2020-04-03,0,0,0,0,,,,0.0
Carmolândia,2020-04-04,0,0,0,0,,,,0.0
Carmolândia,2020-04-05,0,0,0,0,,,,0.0
Carmolândia,2020-04-06,0,0,0,0,,,,0.0
Carmolândia,2020-04-07,0,0,0,0,,,,0.0
Carmolândia,2020-04-08,0,0,0,0,,,,0.0
Carmolândia,2020-04-09,0,0,0,0,0.0,0.0,,0.0
Carmolândia,2020-04-10,0,0,0,0,0.0,0.0,,0.0
Carmolândia,2020-04-11,0,0,0,0,0.0,0.0,,0.0
Carmolândia,2020-04-12,0,0,0,0,0.0,0.0,,0.0
Carmolândia,2020-04-13,0,0,0,0,0.0,0.0,,0.0
Carmolândia,2020-04-14,0,0,0,0,0.0,0.0,,0.0
Carmolândia,2020-04-15,0,0,0,0,0.0,0.0,,0.0
Carmolândia,2020-04-16,0,0,0,0,0.0,0.0,,0.0
Carmolândia,2020-04-17,0,0,0,0,0.0,0.0,,0.0
Carmolândia,2020-04-18,0,0,0,0,0.0,0.0,,0.0
Carmolândia,2020-04-19,0,0,0,0,0.0,0.0,,0.0
Carmolândia,2020-04-20,0,0,0,0,0.0,0.0,,0.0
Carmolândia,2020-04-21,0,0,0,0,0.0,0.0,,0.0
Carmolândia,2020-04-22,0,0,0,0,0.0,0.0,,0.0
Carmolândia,2020-04-23,0,0,0,0,0.0,0.0,,0.0
Carmolândia,2020-04-24,0,0,0,0,0.0,0.0,,0.0
Carmolândia,2020-04-25,0,0,0,0,0.0,0.0,,0.0
Carmolândia,2020-04-26,0,0,0,0,0.0,0.0,,0.0
Carmolândia,2020-04-27,0,0,0,0,0.0,0.0,,0.0
Carmolândia,2020-04-28,0,0,0,0,0.0,0.0,,0.0
Carmolândia,2020-04-29,0,0,0,0,0.0,0.0,,0.0
Carmolândia,2020-04-30,0,0,0,0,0.0,0.0,,0.0
Carmolândia,2020-05-01,0,0,0,0,0.0,0.0,,0.0
Carmolândia,2020-05-02,0,0,0,0,0.0,0.0,,0.0
Carmolândia,2020-05-03,0,0,0,0,0.0,0.0,,0.0
Carmolândia,2020-05-04,0,0,0,0,0.0,0.0,,0.0
Carmolândia,2020-05-05,0,0,0,0,0.0,0.0,,0.0
Carmolândia,2020-05-06,0,0,0,0,0.0,0.0,,0.0
Carmolândia,2020-05-07,0,0,0,0,0.0,0.0,,0.0
Carmolândia,2020-05-08,0,0,0,0,0.0,0.0,,0.0
Carmolândia,2020-05-09,0,0,0,0,0.0,0.0,,0.0
Carmolândia,2020-05-10,0,0,0,0,0.0,0.0,,0.0
Carmolândia,2020-05-11,0,0,0,0,0.0,0.0,,0.0
Carmolândia,2020-05-12,0,0,0,0,0.0,0.0,,0.0
Carmolândia,2020-05-13,0,0,0,0,0.0,0.0,,0.0
Carmolândia,2020-05-14,0,0,0,0,0.0,0.0,,0.0
Carmolândia,2020-05-15,0,0,0,0,0.0,0.0,,0.0
Carmolândia,2020-05-16,0,0,0,0,0.0,0.0,,0.0
Carmolândia,2020-05-17,0,0,0,0,0.0,0.0,,0.0
Carmolândia,2020-05-18,0,0,0,0,0.0,0.0,,0.0
Carmolândia,2020-05-19,0,0,0,0,0.0,0.0,,0.0
Carmolândia,2020-05-20,0,0,0,0,0.0,0.0,,0.0
Carmolândia,2020-05-21,0,0,0,0,0.0,0.0,,0.0
Carmolândia,2020-05-22,0,0,0,0,0.0,0.0,,0.0
Carmolândia,2020-05-23,0,0,0,0,0.0,0.0,,0.0
Carmolândia,2020-05-24,0,0,0,0,0.0,0.0,,0.0
Carmolândia,2020-05-25,0,0,0,0,0.0,0.0,,0.0
Carmolândia,2020-05-26,0,0,0,0,0.0,0.0,,0.0
Carmolândia,2020-05-27,0,0,0,0,0.0,0.0,,0.0
Carmolândia,2020-05-28,1,1,0,0,0.07142857142857142,0.0,,0.0
Carmolândia,2020-05-29,1,0,0,0,0.07142857142857142,0.0,,0.0
Carmolândia,2020-05-30,1,0,0,0,0.07142857142857142,0.0,,0.0
Carmolândia,2020-05-31,1,0,0,0,0.07142857142857142,0.0,,0.0
Carmolândia,2020-06-01,2,1,0,0,0.14285714285714285,0.0,,0.3010299956639812
Carmolândia,2020-06-02,2,0,0,0,0.14285714285714285,0.0,,0.3010299956639812
Carmolândia,2020-06-03,2,0,0,0,0.14285714285714285,0.0,,0.3010299956639812
Carmolândia,2020-06-04,2,0,1,1,0.14285714285714285,0.07142857142857142,inf,0.3010299956639812
Carmolândia,2020-06-05,3,1,1,0,0.21428571428571427,0.07142857142857142,inf,0.47712125471966244
Carmolândia,2020-06-06,7,4,1,0,0.5,0.07142857142857142,inf,0.8450980400142568
Carmolândia,2020-06-07,8,1,1,0,0.5714285714285714,0.07142857142857142,inf,0.9030899869919435
Carmolândia,2020-06-08,8,0,1,0,0.5714285714285714,0.07142857142857142,inf,0.9030899869919435
Carmolândia,2020-06-09,8,0,1,0,0.5714285714285714,0.07142857142857142,inf,0.9030899869919435
Carmolândia,2020-06-10,8,0,1,0,0.5714285714285714,0.07142857142857142,inf,0.9030899869919435
Carmolândia,2020-06-11,8,0,1,0,0.5,0.07142857142857142,inf,0.9030899869919435
Carmolândia,2020-06-12,8,0,1,0,0.5,0.07142857142857142,inf,0.9030899869919435
Carmolândia,2020-06-13,8,0,1,0,0.5,0.07142857142857142,inf,0.9030899869919435
Carmolândia,2020-06-14,8,0,1,0,0.5,0.07142857142857142,inf,0.9030899869919435
Carmolândia,2020-06-15,8,0,1,0,0.42857142857142855,0.07142857142857142,inf,0.9030899869919435
Carmolândia,2020-06-16,8,0,1,0,0.42857142857142855,0.07142857142857142,inf,0.9030899869919435
Carmolândia,2020-06-17,9,1,1,0,0.5,0.07142857142857142,inf,0.9542425094393249
Carmolândia,2020-06-18,9,0,1,0,0.5,0.0,-1.0,0.9542425094393249
Carmolândia,2020-06-19,9,0,1,0,0.42857142857142855,0.0,-1.0,0.9542425094393249
Carmolândia,2020-06-20,9,0,1,0,0.14285714285714285,0.0,-1.0,0.9542425094393249
Carmolândia,2020-06-21,9,0,1,0,0.07142857142857142,0.0,-1.0,0.9542425094393249
Carmolândia,2020-06-22,9,0,1,0,0.07142857142857142,0.0,-1.0,0.9542425094393249
Carmolândia,2020-06-23,9,0,1,0,0.07142857142857142,0.0,-1.0,0.9542425094393249
Carmolândia,2020-06-24,9,0,1,0,0.07142857142857142,0.0,-1.0,0.9542425094393249
Carmolândia,2020-06-25,9,0,1,0,0.07142857142857142,0.0,-1.0,0.9542425094393249
Carmolândia,2020-06-26,10,1,1,0,0.14285714285714285,0.0,-1.0,1.0
Carmolândia,2020-06-27,13,3,1,0,0.35714285714285715,0.0,-1.0,1.1139433523068367
Carmolândia,2020-06-28,13,0,1,0,0.35714285714285715,0.0,-1.0,1.1139433523068367
Carmolândia,2020-06-29,14,1,1,0,0.42857142857142855,0.0,-1.0,1.146128035678238
Carmolândia,2020-06-30,14,0,1,0,0.42857142857142855,0.0,-1.0,1.146128035678238
Carmolândia,2020-07-01,14,0,1,0,0.35714285714285715,0.0,-1.0,1.146128035678238
Carmolândia,2020-07-02,15,1,1,0,0.42857142857142855,0.0,,1.1760912590556813
Carmolândia,2020-07-03,15,0,1,0,0.42857142857142855,0.0,,1.1760912590556813
Carmolândia,2020-07-04,15,0,1,0,0.42857142857142855,0.0,,1.1760912590556813
Carmolândia,2020-07-05,15,0,1,0,0.42857142857142855,0.0,,1.1760912590556813
Carmolândia,2020-07-06,15,0,1,0,0.42857142857142855,0.0,,1.1760912590556813
Carmolândia,2020-07-07,15,0,1,0,0.42857142857142855,0.0,,1.1760912590556813
Carmolândia,2020-07-08,15,0,1,0,0.42857142857142855,0.0,,1.1760912590556813
Carmolândia,2020-07-09,15,0,1,0,0.42857142857142855,0.0,,1.1760912590556813
Carmolândia,2020-07-10,15,0,1,0,0.35714285714285715,0.0,,1.1760912590556813
Carmolândia,2020-07-11,15,0,1,0,0.14285714285714285,0.0,,1.1760912590556813
Carmolândia,2020-07-12,15,0,1,0,0.14285714285714285,0.0,,1.1760912590556813
Carmolândia,2020-07-13,16,1,1,0,0.14285714285714285,0.0,,1.2041199826559248
Carmolândia,2020-07-14,16,0,1,0,0.14285714285714285,0.0,,1.2041199826559248
Carmolândia,2020-07-15,16,0,1,0,0.14285714285714285,0.0,,1.2041199826559248
Carmolândia,2020-07-16,16,0,1,0,0.07142857142857142,0.0,,1.2041199826559248
Carmolândia,2020-07-17,16,0,1,0,0.07142857142857142,0.0,,1.2041199826559248
Carmolândia,2020-07-18,16,0,1,0,0.07142857142857142,0.0,,1.2041199826559248
Carmolândia,2020-07-19,16,0,1,0,0.07142857142857142,0.0,,1.2041199826559248
Carmolândia,2020-07-20,16,0,1,0,0.07142857142857142,0.0,,1.2041199826559248
Carmolândia,2020-07-21,16,0,1,0,0.07142857142857142,0.0,,1.2041199826559248
Carmolândia,2020-07-22,16,0,1,0,0.07142857142857142,0.0,,1.2041199826559248
Carmolândia,2020-07-23,16,0,1,0,0.07142857142857142,0.0,,1.2041199826559248
Carmolândia,2020-07-24,16,0,1,0,0.07142857142857142,0.0,,1.2041199826559248
Carmolândia,2020-07-25,16,0,1,0,0.07142857142857142,0.0,,1.2041199826559248
Carmolândia,2020-07-26,17,1,1,0,0.14285714285714285,0.0,,1.2304489213782739
Carmolândia,2020-07-27,17,0,1,0,0.07142857142857142,0.0,,1.2304489213782739
Carmolândia,2020-07-28,18,1,1,0,0.14285714285714285,0.0,,1.255272505103306
Carmolândia,2020-07-29,18,0,1,0,0.14285714285714285,0.0,,1.255272505103306
Carmolândia,2020-07-30,18,0,1,0,0.14285714285714285,0.0,,1.255272505103306
Carmolândia,2020-07-31,21,3,1,0,0.35714285714285715,0.0,,1.3222192947339193
Carmolândia,2020-08-01,21,0,1,0,0.35714285714285715,0.0,,1.3222192947339193
Carmolândia,2020-08-02,26,5,1,0,0.7142857142857143,0.0,,1.414973347970818
Carmolândia,2020-08-03,25,-1,1,0,0.6428571428571429,0.0,,1.3979400086720377
Carmolândia,2020-08-04,25,0,1,0,0.6428571428571429,0.0,,1.3979400086720377
Carmolândia,2020-08-05,28,3,1,0,0.8571428571428571,0.0,,1.4471580313422192
Carmolândia,2020-08-06,28,0,1,0,0.8571428571428571,0.0,,1.4471580313422192
Carmolândia,2020-08-07,28,0,1,0,0.8571428571428571,0.0,,1.4471580313422192
Carmolândia,2020-08-08,28,0,1,0,0.8571428571428571,0.0,,1.4471580313422192
Carmolândia,2020-08-09,28,0,1,0,0.7857142857142857,0.0,,1.4471580313422192
Carmolândia,2020-08-10,28,0,1,0,0.7857142857142857,0.0,,1.4471580313422192
Carmolândia,2020-08-11,29,1,1,0,0.7857142857142857,0.0,,1.462397997898956
Carmolândia,2020-08-12,29,0,1,0,0.7857142857142857,0.0,,1.462397997898956
Carmolândia,2020-08-13,29,0,1,0,0.7857142857142857,0.0,,1.462397997898956
Carmolândia,2020-08-14,31,2,1,0,0.7142857142857143,0.0,,1.4913616938342726
Carmolândia,2020-08-15,31,0,1,0,0.7142857142857143,0.0,,1.4913616938342726
Carmolândia,2020-08-16,31,0,1,0,0.35714285714285715,0.0,,1.4913616938342726
Carmolândia,2020-08-17,31,0,1,0,0.42857142857142855,0.0,,1.4913616938342726
Carmolândia,2020-08-18,31,0,1,0,0.42857142857142855,0.0,,1.4913616938342726
Carmolândia,2020-08-19,31,0,1,0,0.21428571428571427,0.0,,1.4913616938342726
Carmolândia,2020-08-20,32,1,1,0,0.2857142857142857,0.0,,1.505149978319906
Carmolândia,2020-08-21,34,2,1,0,0.42857142857142855,0.0,,1.5314789170422551
Carmolândia,2020-08-22,34,0,1,0,0.42857142857142855,0.0,,1.5314789170422551
Carmolândia,2020-08-23,34,0,1,0,0.42857142857142855,0.0,,1.5314789170422551
Carmolândia,2020-08-24,34,0,1,0,0.42857142857142855,0.0,,1.5314789170422551
Carmolândia,2020-08-25,35,1,1,0,0.42857142857142855,0.0,,1.5440680443502757
Carmolândia,2020-08-26,37,2,1,0,0.5714285714285714,0.0,,1.568201724066995
Carmolândia,2020-08-27,46,9,1,0,1.2142857142857142,0.0,,1.662757831681574
Carmolândia,2020-08-28,50,4,1,0,1.3571428571428572,0.0,,1.6989700043360187
Carmolândia,2020-08-29,51,1,1,0,1.4285714285714286,0.0,,1.7075701760979363
Carmolândia,2020-08-30,51,0,1,0,1.4285714285714286,0.0,,1.7075701760979363
Carmolândia,2020-08-31,51,0,1,0,1.4285714285714286,0.0,,1.7075701760979363
Carmolândia,2020-09-01,51,0,1,0,1.4285714285714286,0.0,,1.7075701760979363
Carmolândia,2020-09-02,52,1,1,0,1.5,0.0,,1.7160033436347992
Carmolândia,2020-09-03,52,0,1,0,1.4285714285714286,0.0,,1.7160033436347992
Carmolândia,2020-09-04,56,4,1,0,1.5714285714285714,0.0,,1.7481880270062005
Carmolândia,2020-09-05,57,1,1,0,1.6428571428571428,0.0,,1.7558748556724915
Carmolândia,2020-09-06,57,0,1,0,1.6428571428571428,0.0,,1.7558748556724915
Carmolândia,2020-09-07,58,1,1,0,1.7142857142857142,0.0,,1.7634279935629373
Carmolândia,2020-09-08,58,0,1,0,1.6428571428571428,0.0,,1.7634279935629373
Carmolândia,2020-09-09,58,0,1,0,1.5,0.0,,1.7634279935629373
Carmolândia,2020-09-10,60,2,1,0,1.0,0.0,,1.7781512503836436
Carmolândia,2020-09-11,60,0,1,0,0.7142857142857143,0.0,,1.7781512503836436
Carmolândia,2020-09-12,61,1,1,0,0.7142857142857143,0.0,,1.7853298350107671
Carmolândia,2020-09-13,61,0,1,0,0.7142857142857143,0.0,,1.7853298350107671
Carmolândia,2020-09-14,61,0,1,0,0.7142857142857143,0.0,,1.7853298350107671
Carmolândia,2020-09-15,62,1,1,0,0.7857142857142857,0.0,,1.792391689498254
Carmolândia,2020-09-16,62,0,1,0,0.7142857142857143,0.0,,1.792391689498254
Carmolândia,2020-09-17,63,1,1,0,0.7857142857142857,0.0,,1.7993405494535817
Carmolândia,2020-09-18,63,0,1,0,0.5,0.0,,1.7993405494535817
Carmolândia,2020-09-19,69,6,1,0,0.8571428571428571,0.0,,1.8388490907372552
Carmolândia,2020-09-20,69,0,1,0,0.8571428571428571,0.0,,1.8388490907372552
Carmolândia,2020-09-21,69,0,1,0,0.7857142857142857,0.0,,1.8388490907372552
Carmolândia,2020-09-22,70,1,1,0,0.8571428571428571,0.0,,1.845098040014257
Carmolândia,2020-09-23,71,1,1,0,0.9285714285714286,0.0,,1.8512583487190752
Carmolândia,2020-09-24,71,0,1,0,0.7857142857142857,0.0,,1.8512583487190752
Carmolândia,2020-09-25,71,0,1,0,0.7857142857142857,0.0,,1.8512583487190752
Carmolândia,2020-09-26,74,3,1,0,0.9285714285714286,0.0,,1.8692317197309762
Carmolândia,2020-09-27,74,0,1,0,0.9285714285714286,0.0,,1.8692317197309762
Carmolândia,2020-09-28,74,0,1,0,0.9285714285714286,0.0,,1.8692317197309762
Carmolândia,2020-09-29,78,4,1,0,1.1428571428571428,0.0,,1.8920946026904804
Carmolândia,2020-09-30,78,0,1,0,1.1428571428571428,0.0,,1.8920946026904804
Carmolândia,2020-10-01,78,0,1,0,1.0714285714285714,0.0,,1.8920946026904804
Carmolândia,2020-10-02,79,1,1,0,1.1428571428571428,0.0,,1.8976270912904414
Carmolândia,2020-10-03,79,0,1,0,0.7142857142857143,0.0,,1.8976270912904414
Carmolândia,2020-10-04,79,0,1,0,0.7142857142857143,0.0,,1.8976270912904414
Carmolândia,2020-10-05,79,0,1,0,0.7142857142857143,0.0,,1.8976270912904414
Carmolândia,2020-10-06,79,0,1,0,0.6428571428571429,0.0,,1.8976270912904414
Carmolândia,2020-10-07,79,0,1,0,0.5714285714285714,0.0,,1.8976270912904414
Carmolândia,2020-10-08,79,0,1,0,0.5714285714285714,0.0,,1.8976270912904414
Carmolândia,2020-10-09,79,0,1,0,0.5714285714285714,0.0,,1.8976270912904414
Carmolândia,2020-10-10,80,1,1,0,0.42857142857142855,0.0,,1.9030899869919435
Carmolândia,2020-10-11,80,0,1,0,0.42857142857142855,0.0,,1.9030899869919435
Carmolândia,2020-10-12,80,0,1,0,0.42857142857142855,0.0,,1.9030899869919435
Carmolândia,2020-10-13,80,0,1,0,0.14285714285714285,0.0,,1.9030899869919435
Carmolândia,2020-10-14,81,1,1,0,0.21428571428571427,0.0,,1.9084850188786497
Carmolândia,2020-10-15,81,0,1,0,0.21428571428571427,0.0,,1.9084850188786497
Carmolândia,2020-10-16,82,1,1,0,0.21428571428571427,0.0,,1.9138138523837167
Carmolândia,2020-10-17,82,0,1,0,0.21428571428571427,0.0,,1.9138138523837167
Carmolândia,2020-10-18,82,0,1,0,0.21428571428571427,0.0,,1.9138138523837167
Carmolândia,2020-10-19,82,0,1,0,0.21428571428571427,0.0,,1.9138138523837167
Carmolândia,2020-10-20,83,1,1,0,0.2857142857142857,0.0,,1.919078092376074
Carmolândia,2020-10-21,84,1,1,0,0.35714285714285715,0.0,,1.9242792860618816
Carmolândia,2020-10-22,85,1,1,0,0.42857142857142855,0.0,,1.9294189257142929
Carmolândia,2020-10-23,85,0,1,0,0.42857142857142855,0.0,,1.9294189257142929
Carmolândia,2020-10-24,85,0,1,0,0.35714285714285715,0.0,,1.9294189257142929
Carmolândia,2020-10-25,85,0,1,0,0.35714285714285715,0.0,,1.9294189257142929
Carmolândia,2020-10-26,85,0,1,0,0.35714285714285715,0.0,,1.9294189257142929
Carmolândia,2020-10-27,85,0,1,0,0.35714285714285715,0.0,,1.9294189257142929
Carmolândia,2020-10-28,86,1,1,0,0.35714285714285715,0.0,,1.9344984512435677
Carmolândia,2020-10-29,86,0,1,0,0.35714285714285715,0.0,,1.9344984512435677
Carmolândia,2020-10-30,86,0,1,0,0.2857142857142857,0.0,,1.9344984512435677
Carmolândia,2020-10-31,86,0,1,0,0.2857142857142857,0.0,,1.9344984512435677
Carmolândia,2020-11-01,86,0,1,0,0.2857142857142857,0.0,,1.9344984512435677
Carmolândia,2020-11-02,86,0,1,0,0.2857142857142857,0.0,,1.9344984512435677
Carmolândia,2020-11-03,86,0,1,0,0.21428571428571427,0.0,,1.9344984512435677
Carmolândia,2020-11-04,86,0,1,0,0.14285714285714285,0.0,,1.9344984512435677
Carmolândia,2020-11-05,86,0,1,0,0.07142857142857142,0.0,,1.9344984512435677
Carmolândia,2020-11-06,86,0,1,0,0.07142857142857142,0.0,,1.9344984512435677
Carmolândia,2020-11-07,86,0,1,0,0.07142857142857142,0.0,,1.9344984512435677
Carmolândia,2020-11-08,86,0,1,0,0.07142857142857142,0.0,,1.9344984512435677
Carmolândia,2020-11-09,86,0,1,0,0.07142857142857142,0.0,,1.9344984512435677
Carmolândia,2020-11-10,86,0,1,0,0.07142857142857142,0.0,,1.9344984512435677
Carmolândia,2020-11-11,86,0,1,0,0.0,0.0,,1.9344984512435677
Carmolândia,2020-11-12,86,0,1,0,0.0,0.0,,1.9344984512435677
Carmolândia,2020-11-13,86,0,1,0,0.0,0.0,,1.9344984512435677
Carmolândia,2020-11-14,86,0,1,0,0.0,0.0,,1.9344984512435677
Carmolândia,2020-11-15,86,0,1,0,0.0,0.0,,1.9344984512435677
Carmolândia,2020-11-16,86,0,1,0,0.0,0.0,,1.9344984512435677
Carmolândia,2020-11-17,86,0,1,0,0.0,0.0,,1.9344984512435677
Carmolândia,2020-11-18,86,0,1,0,0.0,0.0,,1.9344984512435677
Carmolândia,2020-11-19,86,0,1,0,0.0,0.0,,1.9344984512435677
Carmolândia,2020-11-20,86,0,1,0,0.0,0.0,,1.9344984512435677
Carmolândia,2020-11-21,86,0,1,0,0.0,0.0,,1.9344984512435677
Carmolândia,2020-11-22,86,0,1,0,0.0,0.0,,1.9344984512435677
Carmolândia,2020-11-23,86,0,1,0,0.0,0.0,,1.9344984512435677
Carmolândia,2020-11-24,86,0,1,0,0.0,0.0,,1.9344984512435677
Carmolândia,2020-11-25,87,1,1,0,0.07142857142857142,0.0,,1.9395192526186185
Carmolândia,2020-11-26,87,0,1,0,0.07142857142857142,0.0,,1.9395192526186185
Carmolândia,2020-11-27,87,0,1,0,0.07142857142857142,0.0,,1.9395192526186185
Carmolândia,2020-11-28,87,0,1,0,0.07142857142857142,0.0,,1.9395192526186185
Carmolândia,2020-11-29,87,0,1,0,0.07142857142857142,0.0,,1.9395192526186185
Carmolândia,2020-11-30,87,0,1,0,0.07142857142857142,0.0,,1.9395192526186185
Carmolândia,2020-12-01,89,2,1,0,0.21428571428571427,0.0,,1.9493900066449128
Carmolândia,2020-12-02,89,0,1,0,0.21428571428571427,0.0,,1.9493900066449128
Carmolândia,2020-12-03,89,0,1,0,0.21428571428571427,0.0,,1.9493900066449128
Carmolândia,2020-12-04,91,2,1,0,0.35714285714285715,0.0,,1.9590413923210936
Carmolândia,2020-12-05,91,0,1,0,0.35714285714285715,0.0,,1.9590413923210936
Carmolândia,2020-12-06,91,0,1,0,0.35714285714285715,0.0,,1.9590413923210936
Carmolândia,2020-12-07,91,0,1,0,0.35714285714285715,0.0,,1.9590413923210936
Carmolândia,2020-12-08,94,3,1,0,0.5714285714285714,0.0,,1.9731278535996986
Carmolândia,2020-12-09,94,0,1,0,0.5,0.0,,1.9731278535996986
Carmolândia,2020-12-10,94,0,1,0,0.5,0.0,,1.9731278535996986
Carmolândia,2020-12-11,95,1,1,0,0.5714285714285714,0.0,,1.9777236052888478
Carmolândia,2020-12-12,95,0,1,0,0.5714285714285714,0.0,,1.9777236052888478
Carmolândia,2020-12-13,95,0,1,0,0.5714285714285714,0.0,,1.9777236052888478
Carmolândia,2020-12-14,95,0,1,0,0.5714285714285714,0.0,,1.9777236052888478
Carmolândia,2020-12-15,95,0,1,0,0.42857142857142855,0.0,,1.9777236052888478
Carmolândia,2020-12-16,95,0,1,0,0.42857142857142855,0.0,,1.9777236052888478
Carmolândia,2020-12-17,97,2,1,0,0.5714285714285714,0.0,,1.9867717342662448
Carmolândia,2020-12-18,97,0,1,0,0.42857142857142855,0.0,,1.9867717342662448
Carmolândia,2020-12-19,97,0,1,0,0.42857142857142855,0.0,,1.9867717342662448
Carmolândia,2020-12-20,97,0,1,0,0.42857142857142855,0.0,,1.9867717342662448
Carmolândia,2020-12-21,98,1,1,0,0.5,0.0,,1.9912260756924949
Carmolândia,2020-12-22,98,0,1,0,0.2857142857142857,0.0,,1.9912260756924949
Carmolândia,2020-12-23,98,0,1,0,0.2857142857142857,0.0,,1.9912260756924949
Carmolândia,2020-12-24,98,0,1,0,0.2857142857142857,0.0,,1.9912260756924949
Carmolândia,2020-12-25,98,0,1,0,0.21428571428571427,0.0,,1.9912260756924949
Carmolândia,2020-12-26,98,0,1,0,0.21428571428571427,0.0,,1.9912260756924949
Carmolândia,2020-12-27,98,0,1,0,0.21428571428571427,0.0,,1.9912260756924949
Carmolândia,2020-12-28,98,0,1,0,0.21428571428571427,0.0,,1.9912260756924949
Carmolândia,2020-12-29,98,0,1,0,0.21428571428571427,0.0,,1.9912260756924949
Carmolândia,2020-12-30,100,2,1,0,0.35714285714285715,0.0,,2.0
Carmolândia,2020-12-31,101,1,1,0,0.2857142857142857,0.0,,2.0043213737826426
Carmolândia,2021-01-01,101,0,1,0,0.2857142857142857,0.0,,2.0043213737826426
Carmolândia,2021-01-02,101,0,1,0,0.2857142857142857,0.0,,2.0043213737826426
Carmolândia,2021-01-03,101,0,1,0,0.2857142857142857,0.0,,2.0043213737826426
Carmolândia,2021-01-04,101,0,1,0,0.21428571428571427,0.0,,2.0043213737826426
Carmolândia,2021-01-05,107,6,1,0,0.6428571428571429,0.0,,2.0293837776852097
Carmolândia,2021-01-06,107,0,2,1,0.6428571428571429,0.07142857142857142,inf,2.0293837776852097
Carmolândia,2021-01-07,107,0,2,0,0.6428571428571429,0.07142857142857142,inf,2.0293837776852097
Carmolândia,2021-01-08,107,0,2,0,0.6428571428571429,0.07142857142857142,inf,2.0293837776852097
Carmolândia,2021-01-09,107,0,2,0,0.6428571428571429,0.07142857142857142,inf,2.0293837776852097
Carmolândia,2021-01-10,107,0,2,0,0.6428571428571429,0.07142857142857142,inf,2.0293837776852097
Carmolândia,2021-01-11,107,0,2,0,0.6428571428571429,0.07142857142857142,inf,2.0293837776852097
Carmolândia,2021-01-12,108,1,2,0,0.7142857142857143,0.07142857142857142,inf,2.03342375548695
Carmolândia,2021-01-13,108,0,2,0,0.5714285714285714,0.07142857142857142,inf,2.03342375548695
Carmolândia,2021-01-14,108,0,2,0,0.5,0.07142857142857142,inf,2.03342375548695
Carmolândia,2021-01-15,108,0,2,0,0.5,0.07142857142857142,inf,2.03342375548695
Carmolândia,2021-01-16,108,0,2,0,0.5,0.07142857142857142,inf,2.03342375548695
Carmolândia,2021-01-17,108,0,2,0,0.5,0.07142857142857142,inf,2.03342375548695
Carmolândia,2021-01-18,108,0,2,0,0.5,0.07142857142857142,inf,2.03342375548695
Carmolândia,2021-01-19,110,2,2,0,0.21428571428571427,0.07142857142857142,inf,2.041392685158225
Carmolândia,2021-01-20,111,1,2,0,0.2857142857142857,0.0,-1.0,2.0453229787866576
Caseara,2020-03-27,0,0,0,0,,,,0.0
Caseara,2020-03-28,0,0,0,0,,,,0.0
Caseara,2020-03-29,0,0,0,0,,,,0.0
Caseara,2020-03-30,0,0,0,0,,,,0.0
Caseara,2020-03-31,0,0,0,0,,,,0.0
Caseara,2020-04-01,0,0,0,0,,,,0.0
Caseara,2020-04-02,0,0,0,0,,,,0.0
Caseara,2020-04-03,0,0,0,0,,,,0.0
Caseara,2020-04-04,0,0,0,0,,,,0.0
Caseara,2020-04-05,0,0,0,0,,,,0.0
Caseara,2020-04-06,0,0,0,0,,,,0.0
Caseara,2020-04-07,0,0,0,0,,,,0.0
Caseara,2020-04-08,0,0,0,0,,,,0.0
Caseara,2020-04-09,0,0,0,0,0.0,0.0,,0.0
Caseara,2020-04-10,0,0,0,0,0.0,0.0,,0.0
Caseara,2020-04-11,0,0,0,0,0.0,0.0,,0.0
Caseara,2020-04-12,0,0,0,0,0.0,0.0,,0.0
Caseara,2020-04-13,0,0,0,0,0.0,0.0,,0.0
Caseara,2020-04-14,0,0,0,0,0.0,0.0,,0.0
Caseara,2020-04-15,0,0,0,0,0.0,0.0,,0.0
Caseara,2020-04-16,0,0,0,0,0.0,0.0,,0.0
Caseara,2020-04-17,0,0,0,0,0.0,0.0,,0.0
Caseara,2020-04-18,0,0,0,0,0.0,0.0,,0.0
Caseara,2020-04-19,0,0,0,0,0.0,0.0,,0.0
Caseara,2020-04-20,0,0,0,0,0.0,0.0,,0.0
Caseara,2020-04-21,0,0,0,0,0.0,0.0,,0.0
Caseara,2020-04-22,0,0,0,0,0.0,0.0,,0.0
Caseara,2020-04-23,0,0,0,0,0.0,0.0,,0.0
Caseara,2020-04-24,0,0,0,0,0.0,0.0,,0.0
Caseara,2020-04-25,0,0,0,0,0.0,0.0,,0.0
Caseara,2020-04-26,0,0,0,0,0.0,0.0,,0.0
Caseara,2020-04-27,0,0,0,0,0.0,0.0,,0.0
Caseara,2020-04-28,0,0,0,0,0.0,0.0,,0.0
Caseara,2020-04-29,0,0,0,0,0.0,0.0,,0.0
Caseara,2020-04-30,0,0,0,0,0.0,0.0,,0.0
Caseara,2020-05-01,0,0,0,0,0.0,0.0,,0.0
Caseara,2020-05-02,0,0,0,0,0.0,0.0,,0.0
Caseara,2020-05-03,0,0,0,0,0.0,0.0,,0.0
Caseara,2020-05-04,0,0,0,0,0.0,0.0,,0.0
Caseara,2020-05-05,0,0,0,0,0.0,0.0,,0.0
Caseara,2020-05-06,0,0,0,0,0.0,0.0,,0.0
Caseara,2020-05-07,0,0,0,0,0.0,0.0,,0.0
Caseara,2020-05-08,0,0,0,0,0.0,0.0,,0.0
Caseara,2020-05-09,0,0,0,0,0.0,0.0,,0.0
Caseara,2020-05-10,0,0,0,0,0.0,0.0,,0.0
Caseara,2020-05-11,0,0,0,0,0.0,0.0,,0.0
Caseara,2020-05-12,0,0,0,0,0.0,0.0,,0.0
Caseara,2020-05-13,0,0,0,0,0.0,0.0,,0.0
Caseara,2020-05-14,1,1,0,0,0.07142857142857142,0.0,,0.0
Caseara,2020-05-15,1,0,0,0,0.07142857142857142,0.0,,0.0
Caseara,2020-05-16,1,0,0,0,0.07142857142857142,0.0,,0.0
Caseara,2020-05-17,1,0,0,0,0.07142857142857142,0.0,,0.0
Caseara,2020-05-18,1,0,0,0,0.07142857142857142,0.0,,0.0
Caseara,2020-05-19,1,0,0,0,0.07142857142857142,0.0,,0.0
Caseara,2020-05-20,1,0,0,0,0.07142857142857142,0.0,,0.0
Caseara,2020-05-21,1,0,0,0,0.07142857142857142,0.0,,0.0
Caseara,2020-05-22,1,0,0,0,0.07142857142857142,0.0,,0.0
Caseara,2020-05-23,1,0,0,0,0.07142857142857142,0.0,,0.0
Caseara,2020-05-24,1,0,0,0,0.07142857142857142,0.0,,0.0
Caseara,2020-05-25,1,0,0,0,0.07142857142857142,0.0,,0.0
Caseara,2020-05-26,1,0,0,0,0.07142857142857142,0.0,,0.0
Caseara,2020-05-27,1,0,0,0,0.07142857142857142,0.0,,0.0
Caseara,2020-05-28,1,0,0,0,0.0,0.0,,0.0
Caseara,2020-05-29,1,0,0,0,0.0,0.0,,0.0
Caseara,2020-05-30,1,0,0,0,0.0,0.0,,0.0
Caseara,2020-05-31,2,1,0,0,0.07142857142857142,0.0,,0.3010299956639812
Caseara,2020-06-01,2,0,0,0,0.07142857142857142,0.0,,0.3010299956639812
Caseara,2020-06-02,2,0,0,0,0.07142857142857142,0.0,,0.3010299956639812
Caseara,2020-06-03,2,0,0,0,0.07142857142857142,0.0,,0.3010299956639812
Caseara,2020-06-04,2,0,0,0,0.07142857142857142,0.0,,0.3010299956639812
Caseara,2020-06-05,2,0,0,0,0.07142857142857142,0.0,,0.3010299956639812
Caseara,2020-06-06,2,0,0,0,0.07142857142857142,0.0,,0.3010299956639812
Caseara,2020-06-07,2,0,0,0,0.07142857142857142,0.0,,0.3010299956639812
Caseara,2020-06-08,2,0,0,0,0.07142857142857142,0.0,,0.3010299956639812
Caseara,2020-06-09,2,0,0,0,0.07142857142857142,0.0,,0.3010299956639812
Caseara,2020-06-10,2,0,0,0,0.07142857142857142,0.0,,0.3010299956639812
Caseara,2020-06-11,2,0,0,0,0.07142857142857142,0.0,,0.3010299956639812
Caseara,2020-06-12,2,0,0,0,0.07142857142857142,0.0,,0.3010299956639812
Caseara,2020-06-13,2,0,0,0,0.07142857142857142,0.0,,0.3010299956639812
Caseara,2020-06-14,2,0,1,1,0.0,0.07142857142857142,inf,0.3010299956639812
Caseara,2020-06-15,2,0,1,0,0.0,0.07142857142857142,inf,0.3010299956639812
Caseara,2020-06-16,2,0,1,0,0.0,0.07142857142857142,inf,0.3010299956639812
Caseara,2020-06-17,2,0,1,0,0.0,0.07142857142857142,inf,0.3010299956639812
Caseara,2020-06-18,2,0,1,0,0.0,0.07142857142857142,inf,0.3010299956639812
Caseara,2020-06-19,2,0,1,0,0.0,0.07142857142857142,inf,0.3010299956639812
Caseara,2020-06-20,2,0,1,0,0.0,0.07142857142857142,inf,0.3010299956639812
Caseara,2020-06-21,2,0,1,0,0.0,0.07142857142857142,inf,0.3010299956639812
Caseara,2020-06-22,2,0,1,0,0.0,0.07142857142857142,inf,0.3010299956639812
Caseara,2020-06-23,2,0,1,0,0.0,0.07142857142857142,inf,0.3010299956639812
Caseara,2020-06-24,2,0,1,0,0.0,0.07142857142857142,inf,0.3010299956639812
Caseara,2020-06-25,2,0,1,0,0.0,0.07142857142857142,inf,0.3010299956639812
Caseara,2020-06-26,2,0,1,0,0.0,0.07142857142857142,inf,0.3010299956639812
Caseara,2020-06-27,3,1,1,0,0.07142857142857142,0.07142857142857142,inf,0.47712125471966244
Caseara,2020-06-28,3,0,1,0,0.07142857142857142,0.0,-1.0,0.47712125471966244
Caseara,2020-06-29,4,1,1,0,0.14285714285714285,0.0,-1.0,0.6020599913279624
Caseara,2020-06-30,6,2,1,0,0.2857142857142857,0.0,-1.0,0.7781512503836436
Caseara,2020-07-01,6,0,1,0,0.2857142857142857,0.0,-1.0,0.7781512503836436
Caseara,2020-07-02,6,0,1,0,0.2857142857142857,0.0,-1.0,0.7781512503836436
Caseara,2020-07-03,6,0,1,0,0.2857142857142857,0.0,-1.0,0.7781512503836436
Caseara,2020-07-04,6,0,1,0,0.2857142857142857,0.0,-1.0,0.7781512503836436
Caseara,2020-07-05,6,0,1,0,0.2857142857142857,0.0,-1.0,0.7781512503836436
Caseara,2020-07-06,6,0,1,0,0.2857142857142857,0.0,-1.0,0.7781512503836436
Caseara,2020-07-07,6,0,1,0,0.2857142857142857,0.0,-1.0,0.7781512503836436
Caseara,2020-07-08,6,0,1,0,0.2857142857142857,0.0,-1.0,0.7781512503836436
Caseara,2020-07-09,6,0,1,0,0.2857142857142857,0.0,-1.0,0.7781512503836436
Caseara,2020-07-10,6,0,1,0,0.2857142857142857,0.0,-1.0,0.7781512503836436
Caseara,2020-07-11,6,0,1,0,0.21428571428571427,0.0,-1.0,0.7781512503836436
Caseara,2020-07-12,6,0,1,0,0.21428571428571427,0.0,,0.7781512503836436
Caseara,2020-07-13,6,0,1,0,0.14285714285714285,0.0,,0.7781512503836436
Caseara,2020-07-14,6,0,1,0,0.0,0.0,,0.7781512503836436
Caseara,2020-07-15,6,0,1,0,0.0,0.0,,0.7781512503836436
Caseara,2020-07-16,6,0,1,0,0.0,0.0,,0.7781512503836436
Caseara,2020-07-17,6,0,1,0,0.0,0.0,,0.7781512503836436
Caseara,2020-07-18,6,0,1,0,0.0,0.0,,0.7781512503836436
Caseara,2020-07-19,6,0,1,0,0.0,0.0,,0.7781512503836436
Caseara,2020-07-20,6,0,1,0,0.0,0.0,,0.7781512503836436
Caseara,2020-07-21,6,0,1,0,0.0,0.0,,0.7781512503836436
Caseara,2020-07-22,6,0,1,0,0.0,0.0,,0.7781512503836436
Caseara,2020-07-23,8,2,1,0,0.14285714285714285,0.0,,0.9030899869919435
Caseara,2020-07-24,9,1,1,0,0.21428571428571427,0.0,,0.9542425094393249
Caseara,2020-07-25,9,0,1,0,0.21428571428571427,0.0,,0.9542425094393249
Caseara,2020-07-26,9,0,1,0,0.21428571428571427,0.0,,0.9542425094393249
Caseara,2020-07-27,10,1,1,0,0.2857142857142857,0.0,,1.0
Caseara,2020-07-28,10,0,1,0,0.2857142857142857,0.0,,1.0
Caseara,2020-07-29,12,2,1,0,0.42857142857142855,0.0,,1.0791812460476249
Caseara,2020-07-30,12,0,1,0,0.42857142857142855,0.0,,1.0791812460476249
Caseara,2020-07-31,14,2,1,0,0.5714285714285714,0.0,,1.146128035678238
Caseara,2020-08-01,14,0,1,0,0.5714285714285714,0.0,,1.146128035678238
Caseara,2020-08-02,14,0,1,0,0.5714285714285714,0.0,,1.146128035678238
Caseara,2020-08-03,18,4,1,0,0.8571428571428571,0.0,,1.255272505103306
Caseara,2020-08-04,19,1,1,0,0.9285714285714286,0.0,,1.2787536009528289
Caseara,2020-08-05,23,4,1,0,1.2142857142857142,0.0,,1.3617278360175928
Caseara,2020-08-06,23,0,1,0,1.0714285714285714,0.0,,1.3617278360175928
Caseara,2020-08-07,23,0,1,0,1.0,0.0,,1.3617278360175928
Caseara,2020-08-08,23,0,1,0,1.0,0.0,,1.3617278360175928
Caseara,2020-08-09,23,0,1,0,1.0,0.0,,1.3617278360175928
Caseara,2020-08-10,23,0,1,0,0.9285714285714286,0.0,,1.3617278360175928
Caseara,2020-08-11,24,1,1,0,1.0,0.0,,1.380211241711606
Caseara,2020-08-12,24,0,1,0,0.8571428571428571,0.0,,1.380211241711606
Caseara,2020-08-13,24,0,1,0,0.8571428571428571,0.0,,1.380211241711606
Caseara,2020-08-14,24,0,1,0,0.7142857142857143,0.0,,1.380211241711606
Caseara,2020-08-15,24,0,1,0,0.7142857142857143,0.0,,1.380211241711606
Caseara,2020-08-16,25,1,1,0,0.7857142857142857,0.0,,1.3979400086720377
Caseara,2020-08-17,25,0,1,0,0.5,0.0,,1.3979400086720377
Caseara,2020-08-18,25,0,1,0,0.42857142857142855,0.0,,1.3979400086720377
Caseara,2020-08-19,25,0,1,0,0.14285714285714285,0.0,,1.3979400086720377
Caseara,2020-08-20,25,0,1,0,0.14285714285714285,0.0,,1.3979400086720377
Caseara,2020-08-21,25,0,1,0,0.14285714285714285,0.0,,1.3979400086720377
Caseara,2020-08-22,32,7,1,0,0.6428571428571429,0.0,,1.505149978319906
Caseara,2020-08-23,32,0,1,0,0.6428571428571429,0.0,,1.505149978319906
Caseara,2020-08-24,33,1,1,0,0.7142857142857143,0.0,,1.5185139398778875
Caseara,2020-08-25,33,0,1,0,0.6428571428571429,0.0,,1.5185139398778875
Caseara,2020-08-26,33,0,1,0,0.6428571428571429,0.0,,1.5185139398778875
Caseara,2020-08-27,34,1,1,0,0.7142857142857143,0.0,,1.5314789170422551
Caseara,2020-08-28,34,0,1,0,0.7142857142857143,0.0,,1.5314789170422551
Caseara,2020-08-29,34,0,1,0,0.7142857142857143,0.0,,1.5314789170422551
Caseara,2020-08-30,34,0,1,0,0.6428571428571429,0.0,,1.5314789170422551
Caseara,2020-08-31,34,0,1,0,0.6428571428571429,0.0,,1.5314789170422551
Caseara,2020-09-01,37,3,1,0,0.8571428571428571,0.0,,1.568201724066995
Caseara,2020-09-02,37,0,1,0,0.8571428571428571,0.0,,1.568201724066995
Caseara,2020-09-03,37,0,1,0,0.8571428571428571,0.0,,1.568201724066995
Caseara,2020-09-04,38,1,1,0,0.9285714285714286,0.0,,1.5797835966168101
Caseara,2020-09-05,38,0,1,0,0.42857142857142855,0.0,,1.5797835966168101
Caseara,2020-09-06,38,0,1,0,0.42857142857142855,0.0,,1.5797835966168101
Caseara,2020-09-07,38,0,1,0,0.35714285714285715,0.0,,1.5797835966168101
Caseara,2020-09-08,38,0,1,0,0.35714285714285715,0.0,,1.5797835966168101
Caseara,2020-09-09,38,0,1,0,0.35714285714285715,0.0,,1.5797835966168101
Caseara,2020-09-10,39,1,1,0,0.35714285714285715,0.0,,1.591064607026499
Caseara,2020-09-11,40,1,1,0,0.42857142857142855,0.0,,1.6020599913279625
Caseara,2020-09-12,40,0,1,0,0.42857142857142855,0.0,,1.6020599913279625
Caseara,2020-09-13,40,0,1,0,0.42857142857142855,0.0,,1.6020599913279625
Caseara,2020-09-14,40,0,1,0,0.42857142857142855,0.0,,1.6020599913279625
Caseara,2020-09-15,40,0,1,0,0.21428571428571427,0.0,,1.6020599913279625
Caseara,2020-09-16,40,0,1,0,0.21428571428571427,0.0,,1.6020599913279625
Caseara,2020-09-17,40,0,1,0,0.21428571428571427,0.0,,1.6020599913279625
Caseara,2020-09-18,40,0,1,0,0.14285714285714285,0.0,,1.6020599913279625
Caseara,2020-09-19,41,1,1,0,0.21428571428571427,0.0,,1.6127838567197355
Caseara,2020-09-20,41,0,1,0,0.21428571428571427,0.0,,1.6127838567197355
Caseara,2020-09-21,43,2,1,0,0.35714285714285715,0.0,,1.6334684555795866
Caseara,2020-09-22,52,9,1,0,1.0,0.0,,1.7160033436347992
Caseara,2020-09-23,52,0,1,0,1.0,0.0,,1.7160033436347992
Caseara,2020-09-24,52,0,1,0,0.9285714285714286,0.0,,1.7160033436347992
Caseara,2020-09-25,60,8,1,0,1.4285714285714286,0.0,,1.7781512503836436
Caseara,2020-09-26,60,0,1,0,1.4285714285714286,0.0,,1.7781512503836436
Caseara,2020-09-27,60,0,1,0,1.4285714285714286,0.0,,1.7781512503836436
Caseara,2020-09-28,60,0,1,0,1.4285714285714286,0.0,,1.7781512503836436
Caseara,2020-09-29,68,8,1,0,2.0,0.0,,1.8325089127062364
Caseara,2020-09-30,71,3,1,0,2.2142857142857144,0.0,,1.8512583487190752
Caseara,2020-10-01,72,1,1,0,2.2857142857142856,0.0,,1.8573324964312685
Caseara,2020-10-02,77,5,1,0,2.642857142857143,0.0,,1.8864907251724818
Caseara,2020-10-03,77,0,1,0,2.5714285714285716,0.0,,1.8864907251724818
Caseara,2020-10-04,77,0,1,0,2.5714285714285716,0.0,,1.8864907251724818
Caseara,2020-10-05,77,0,1,0,2.4285714285714284,0.0,,1.8864907251724818
Caseara,2020-10-06,77,0,1,0,1.7857142857142858,0.0,,1.8864907251724818
Caseara,2020-10-07,77,0,1,0,1.7857142857142858,0.0,,1.8864907251724818
Caseara,2020-10-08,86,9,2,1,2.4285714285714284,0.07142857142857142,inf,1.9344984512435677
Caseara,2020-10-09,86,0,2,0,1.8571428571428572,0.07142857142857142,inf,1.9344984512435677
Caseara,2020-10-10,86,0,2,0,1.8571428571428572,0.07142857142857142,inf,1.9344984512435677
Caseara,2020-10-11,86,0,2,0,1.8571428571428572,0.07142857142857142,inf,1.9344984512435677
Caseara,2020-10-12,91,5,2,0,2.2142857142857144,0.07142857142857142,inf,1.9590413923210936
Caseara,2020-10-13,91,0,2,0,1.6428571428571428,0.07142857142857142,inf,1.9590413923210936
Caseara,2020-10-14,97,6,2,0,1.8571428571428572,0.07142857142857142,inf,1.9867717342662448
Caseara,2020-10-15,100,3,2,0,2.0,0.07142857142857142,inf,2.0
Caseara,2020-10-16,100,0,2,0,1.6428571428571428,0.07142857142857142,inf,2.0
Caseara,2020-10-17,100,0,2,0,1.6428571428571428,0.07142857142857142,inf,2.0
Caseara,2020-10-18,100,0,2,0,1.6428571428571428,0.07142857142857142,inf,2.0
Caseara,2020-10-19,100,0,2,0,1.6428571428571428,0.07142857142857142,inf,2.0
Caseara,2020-10-20,104,4,2,0,1.9285714285714286,0.07142857142857142,inf,2.0170333392987803
Caseara,2020-10-21,104,0,2,0,1.9285714285714286,0.07142857142857142,inf,2.0170333392987803
Caseara,2020-10-22,104,0,2,0,1.2857142857142858,0.0,-1.0,2.0170333392987803
Caseara,2020-10-23,104,0,2,0,1.2857142857142858,0.0,-1.0,2.0170333392987803
Caseara,2020-10-24,109,5,3,1,1.6428571428571428,0.07142857142857142,0.0,2.037426497940624
Caseara,2020-10-25,109,0,3,0,1.6428571428571428,0.07142857142857142,0.0,2.037426497940624
Caseara,2020-10-26,109,0,3,0,1.2857142857142858,0.07142857142857142,0.0,2.037426497940624
Caseara,2020-10-27,109,0,3,0,1.2857142857142858,0.07142857142857142,0.0,2.037426497940624
Caseara,2020-10-28,109,0,3,0,0.8571428571428571,0.07142857142857142,0.0,2.037426497940624
Caseara,2020-10-29,109,0,3,0,0.6428571428571429,0.07142857142857142,0.0,2.037426497940624
Caseara,2020-10-30,116,7,3,0,1.1428571428571428,0.07142857142857142,0.0,2.0644579892269186
Caseara,2020-10-31,116,0,3,0,1.1428571428571428,0.07142857142857142,0.0,2.0644579892269186
Caseara,2020-11-01,116,0,3,0,1.1428571428571428,0.07142857142857142,0.0,2.0644579892269186
Caseara,2020-11-02,116,0,3,0,1.1428571428571428,0.07142857142857142,0.0,2.0644579892269186
Caseara,2020-11-03,116,0,3,0,0.8571428571428571,0.07142857142857142,0.0,2.0644579892269186
Caseara,2020-11-04,117,1,3,0,0.9285714285714286,0.07142857142857142,0.0,2.0681858617461617
Caseara,2020-11-05,117,0,3,0,0.9285714285714286,0.07142857142857142,inf,2.0681858617461617
Caseara,2020-11-06,115,-2,3,0,0.7857142857142857,0.07142857142857142,inf,2.060697840353612
Caseara,2020-11-07,115,0,3,0,0.42857142857142855,0.0,-1.0,2.060697840353612
Caseara,2020-11-08,115,0,3,0,0.42857142857142855,0.0,-1.0,2.060697840353612
Caseara,2020-11-09,115,0,3,0,0.42857142857142855,0.0,-1.0,2.060697840353612
Caseara,2020-11-10,115,0,3,0,0.42857142857142855,0.0,-1.0,2.060697840353612
Caseara,2020-11-11,115,0,3,0,0.42857142857142855,0.0,-1.0,2.060697840353612
Caseara,2020-11-12,115,0,3,0,0.42857142857142855,0.0,-1.0,2.060697840353612
Caseara,2020-11-13,115,0,3,0,-0.07142857142857142,0.0,-1.0,2.060697840353612
Caseara,2020-11-14,115,0,3,0,-0.07142857142857142,0.0,-1.0,2.060697840353612
Caseara,2020-11-15,115,0,3,0,-0.07142857142857142,0.0,-1.0,2.060697840353612
Caseara,2020-11-16,115,0,3,0,-0.07142857142857142,0.0,-1.0,2.060697840353612
Caseara,2020-11-17,115,0,3,0,-0.07142857142857142,0.0,-1.0,2.060697840353612
Caseara,2020-11-18,115,0,3,0,-0.14285714285714285,0.0,-1.0,2.060697840353612
Caseara,2020-11-19,115,0,3,0,-0.14285714285714285,0.0,-1.0,2.060697840353612
Caseara,2020-11-20,116,1,3,0,0.07142857142857142,0.0,-1.0,2.0644579892269186
Caseara,2020-11-21,116,0,3,0,0.07142857142857142,0.0,,2.0644579892269186
Caseara,2020-11-22,116,0,3,0,0.07142857142857142,0.0,,2.0644579892269186
Caseara,2020-11-23,116,0,3,0,0.07142857142857142,0.0,,2.0644579892269186
Caseara,2020-11-24,116,0,3,0,0.07142857142857142,0.0,,2.0644579892269186
Caseara,2020-11-25,116,0,3,0,0.07142857142857142,0.0,,2.0644579892269186
Caseara,2020-11-26,117,1,3,0,0.14285714285714285,0.0,,2.0681858617461617
Caseara,2020-11-27,117,0,3,0,0.14285714285714285,0.0,,2.0681858617461617
Caseara,2020-11-28,120,3,3,0,0.35714285714285715,0.0,,2.0791812460476247
Caseara,2020-11-29,120,0,3,0,0.35714285714285715,0.0,,2.0791812460476247
Caseara,2020-11-30,120,0,3,0,0.35714285714285715,0.0,,2.0791812460476247
Caseara,2020-12-01,127,7,3,0,0.8571428571428571,0.0,,2.103803720955957
Caseara,2020-12-02,127,0,3,0,0.8571428571428571,0.0,,2.103803720955957
Caseara,2020-12-03,127,0,3,0,0.8571428571428571,0.0,,2.103803720955957
Caseara,2020-12-04,127,0,3,0,0.7857142857142857,0.0,,2.103803720955957
Caseara,2020-12-05,127,0,3,0,0.7857142857142857,0.0,,2.103803720955957
Caseara,2020-12-06,127,0,3,0,0.7857142857142857,0.0,,2.103803720955957
Caseara,2020-12-07,127,0,3,0,0.7857142857142857,0.0,,2.103803720955957
Caseara,2020-12-08,130,3,3,0,1.0,0.0,,2.113943352306837
Caseara,2020-12-09,130,0,3,0,1.0,0.0,,2.113943352306837
Caseara,2020-12-10,130,0,3,0,0.9285714285714286,0.0,,2.113943352306837
Caseara,2020-12-11,130,0,3,0,0.9285714285714286,0.0,,2.113943352306837
Caseara,2020-12-12,130,0,3,0,0.7142857142857143,0.0,,2.113943352306837
Caseara,2020-12-13,130,0,3,0,0.7142857142857143,0.0,,2.113943352306837
Caseara,2020-12-14,130,0,3,0,0.7142857142857143,0.0,,2.113943352306837
Caseara,2020-12-15,130,0,3,0,0.21428571428571427,0.0,,2.113943352306837
Caseara,2020-12-16,131,1,3,0,0.2857142857142857,0.0,,2.1172712956557644
Caseara,2020-12-17,131,0,3,0,0.2857142857142857,0.0,,2.1172712956557644
Caseara,2020-12-18,131,0,3,0,0.2857142857142857,0.0,,2.1172712956557644
Caseara,2020-12-19,131,0,3,0,0.2857142857142857,0.0,,2.1172712956557644
Caseara,2020-12-20,131,0,3,0,0.2857142857142857,0.0,,2.1172712956557644
Caseara,2020-12-21,131,0,3,0,0.2857142857142857,0.0,,2.1172712956557644
Caseara,2020-12-22,132,1,3,0,0.14285714285714285,0.0,,2.12057393120585
Caseara,2020-12-23,134,2,3,0,0.2857142857142857,0.0,,2.1271047983648077
Caseara,2020-12-24,134,0,3,0,0.2857142857142857,0.0,,2.1271047983648077
Caseara,2020-12-25,134,0,3,0,0.2857142857142857,0.0,,2.1271047983648077
Caseara,2020-12-26,134,0,3,0,0.2857142857142857,0.0,,2.1271047983648077
Caseara,2020-12-27,134,0,3,0,0.2857142857142857,0.0,,2.1271047983648077
Caseara,2020-12-28,134,0,3,0,0.2857142857142857,0.0,,2.1271047983648077
Caseara,2020-12-29,136,2,3,0,0.42857142857142855,0.0,,2.1335389083702174
Caseara,2020-12-30,137,1,3,0,0.42857142857142855,0.0,,2.1367205671564067
Caseara,2020-12-31,137,0,3,0,0.42857142857142855,0.0,,2.1367205671564067
Caseara,2021-01-01,137,0,3,0,0.42857142857142855,0.0,,2.1367205671564067
Caseara,2021-01-02,137,0,3,0,0.42857142857142855,0.0,,2.1367205671564067
Caseara,2021-01-03,137,0,3,0,0.42857142857142855,0.0,,2.1367205671564067
Caseara,2021-01-04,137,0,3,0,0.42857142857142855,0.0,,2.1367205671564067
Caseara,2021-01-05,137,0,3,0,0.35714285714285715,0.0,,2.1367205671564067
Caseara,2021-01-06,137,0,3,0,0.21428571428571427,0.0,,2.1367205671564067
Caseara,2021-01-07,137,0,3,0,0.21428571428571427,0.0,,2.1367205671564067
Caseara,2021-01-08,138,1,3,0,0.2857142857142857,0.0,,2.1398790864012365
Caseara,2021-01-09,140,2,3,0,0.42857142857142855,0.0,,2.146128035678238
Caseara,2021-01-10,140,0,3,0,0.42857142857142855,0.0,,2.146128035678238
Caseara,2021-01-11,142,2,3,0,0.5714285714285714,0.0,,2.1522883443830563
Caseara,2021-01-12,142,0,3,0,0.42857142857142855,0.0,,2.1522883443830563
Caseara,2021-01-13,142,0,3,0,0.35714285714285715,0.0,,2.1522883443830563
Caseara,2021-01-14,142,0,3,0,0.35714285714285715,0.0,,2.1522883443830563
Caseara,2021-01-15,142,0,3,0,0.35714285714285715,0.0,,2.1522883443830563
Caseara,2021-01-16,143,1,3,0,0.42857142857142855,0.0,,2.155336037465062
Caseara,2021-01-17,143,0,3,0,0.42857142857142855,0.0,,2.155336037465062
Caseara,2021-01-18,143,0,3,0,0.42857142857142855,0.0,,2.155336037465062
Caseara,2021-01-19,145,2,4,1,0.5714285714285714,0.07142857142857142,inf,2.161368002234975
Caseara,2021-01-20,155,10,4,0,1.2857142857142858,0.07142857142857142,inf,2.1903316981702914
Centenário,2020-03-27,0,0,0,0,,,,0.0
Centenário,2020-03-28,0,0,0,0,,,,0.0
Centenário,2020-03-29,0,0,0,0,,,,0.0
Centenário,2020-03-30,0,0,0,0,,,,0.0
Centenário,2020-03-31,0,0,0,0,,,,0.0
Centenário,2020-04-01,0,0,0,0,,,,0.0
Centenário,2020-04-02,0,0,0,0,,,,0.0
Centenário,2020-04-03,0,0,0,0,,,,0.0
Centenário,2020-04-04,0,0,0,0,,,,0.0
Centenário,2020-04-05,0,0,0,0,,,,0.0
Centenário,2020-04-06,0,0,0,0,,,,0.0
Centenário,2020-04-07,0,0,0,0,,,,0.0
Centenário,2020-04-08,0,0,0,0,,,,0.0
Centenário,2020-04-09,0,0,0,0,0.0,0.0,,0.0
Centenário,2020-04-10,0,0,0,0,0.0,0.0,,0.0
Centenário,2020-04-11,0,0,0,0,0.0,0.0,,0.0
Centenário,2020-04-12,0,0,0,0,0.0,0.0,,0.0
Centenário,2020-04-13,0,0,0,0,0.0,0.0,,0.0
Centenário,2020-04-14,0,0,0,0,0.0,0.0,,0.0
Centenário,2020-04-15,0,0,0,0,0.0,0.0,,0.0
Centenário,2020-04-16,0,0,0,0,0.0,0.0,,0.0
Centenário,2020-04-17,0,0,0,0,0.0,0.0,,0.0
Centenário,2020-04-18,0,0,0,0,0.0,0.0,,0.0
Centenário,2020-04-19,0,0,0,0,0.0,0.0,,0.0
Centenário,2020-04-20,0,0,0,0,0.0,0.0,,0.0
Centenário,2020-04-21,0,0,0,0,0.0,0.0,,0.0
Centenário,2020-04-22,0,0,0,0,0.0,0.0,,0.0
Centenário,2020-04-23,0,0,0,0,0.0,0.0,,0.0
Centenário,2020-04-24,0,0,0,0,0.0,0.0,,0.0
Centenário,2020-04-25,0,0,0,0,0.0,0.0,,0.0
Centenário,2020-04-26,0,0,0,0,0.0,0.0,,0.0
Centenário,2020-04-27,0,0,0,0,0.0,0.0,,0.0
Centenário,2020-04-28,0,0,0,0,0.0,0.0,,0.0
Centenário,2020-04-29,0,0,0,0,0.0,0.0,,0.0
Centenário,2020-04-30,0,0,0,0,0.0,0.0,,0.0
Centenário,2020-05-01,0,0,0,0,0.0,0.0,,0.0
Centenário,2020-05-02,0,0,0,0,0.0,0.0,,0.0
Centenário,2020-05-03,0,0,0,0,0.0,0.0,,0.0
Centenário,2020-05-04,0,0,0,0,0.0,0.0,,0.0
Centenário,2020-05-05,0,0,0,0,0.0,0.0,,0.0
Centenário,2020-05-06,0,0,0,0,0.0,0.0,,0.0
Centenário,2020-05-07,0,0,0,0,0.0,0.0,,0.0
Centenário,2020-05-08,0,0,0,0,0.0,0.0,,0.0
Centenário,2020-05-09,0,0,0,0,0.0,0.0,,0.0
Centenário,2020-05-10,0,0,0,0,0.0,0.0,,0.0
Centenário,2020-05-11,0,0,0,0,0.0,0.0,,0.0
Centenário,2020-05-12,0,0,0,0,0.0,0.0,,0.0
Centenário,2020-05-13,0,0,0,0,0.0,0.0,,0.0
Centenário,2020-05-14,0,0,0,0,0.0,0.0,,0.0
Centenário,2020-05-15,0,0,0,0,0.0,0.0,,0.0
Centenário,2020-05-16,0,0,0,0,0.0,0.0,,0.0
Centenário,2020-05-17,0,0,0,0,0.0,0.0,,0.0
Centenário,2020-05-18,0,0,0,0,0.0,0.0,,0.0
Centenário,2020-05-19,0,0,0,0,0.0,0.0,,0.0
Centenário,2020-05-20,0,0,0,0,0.0,0.0,,0.0
Centenário,2020-05-21,0,0,0,0,0.0,0.0,,0.0
Centenário,2020-05-22,0,0,0,0,0.0,0.0,,0.0
Centenário,2020-05-23,0,0,0,0,0.0,0.0,,0.0
Centenário,2020-05-24,0,0,0,0,0.0,0.0,,0.0
Centenário,2020-05-25,0,0,0,0,0.0,0.0,,0.0
Centenário,2020-05-26,0,0,0,0,0.0,0.0,,0.0
Centenário,2020-05-27,0,0,0,0,0.0,0.0,,0.0
Centenário,2020-05-28,0,0,0,0,0.0,0.0,,0.0
Centenário,2020-05-29,0,0,0,0,0.0,0.0,,0.0
Centenário,2020-05-30,0,0,0,0,0.0,0.0,,0.0
Centenário,2020-05-31,0,0,0,0,0.0,0.0,,0.0
Centenário,2020-06-01,0,0,0,0,0.0,0.0,,0.0
Centenário,2020-06-02,0,0,0,0,0.0,0.0,,0.0
Centenário,2020-06-03,0,0,0,0,0.0,0.0,,0.0
Centenário,2020-06-04,0,0,0,0,0.0,0.0,,0.0
Centenário,2020-06-05,0,0,0,0,0.0,0.0,,0.0
Centenário,2020-06-06,0,0,0,0,0.0,0.0,,0.0
Centenário,2020-06-07,0,0,0,0,0.0,0.0,,0.0
Centenário,2020-06-08,0,0,0,0,0.0,0.0,,0.0
Centenário,2020-06-09,0,0,0,0,0.0,0.0,,0.0
Centenário,2020-06-10,0,0,0,0,0.0,0.0,,0.0
Centenário,2020-06-11,0,0,0,0,0.0,0.0,,0.0
Centenário,2020-06-12,0,0,0,0,0.0,0.0,,0.0
Centenário,2020-06-13,0,0,0,0,0.0,0.0,,0.0
Centenário,2020-06-14,0,0,0,0,0.0,0.0,,0.0
Centenário,2020-06-15,0,0,0,0,0.0,0.0,,0.0
Centenário,2020-06-16,0,0,0,0,0.0,0.0,,0.0
Centenário,2020-06-17,0,0,0,0,0.0,0.0,,0.0
Centenário,2020-06-18,0,0,0,0,0.0,0.0,,0.0
Centenário,2020-06-19,0,0,0,0,0.0,0.0,,0.0
Centenário,2020-06-20,0,0,0,0,0.0,0.0,,0.0
Centenário,2020-06-21,0,0,0,0,0.0,0.0,,0.0
Centenário,2020-06-22,0,0,0,0,0.0,0.0,,0.0
Centenário,2020-06-23,0,0,0,0,0.0,0.0,,0.0
Centenário,2020-06-24,0,0,0,0,0.0,0.0,,0.0
Centenário,2020-06-25,1,1,0,0,0.07142857142857142,0.0,,0.0
Centenário,2020-06-26,0,-1,0,0,0.0,0.0,,0.0
Centenário,2020-06-27,0,0,0,0,0.0,0.0,,0.0
Centenário,2020-06-28,0,0,0,0,0.0,0.0,,0.0
Centenário,2020-06-29,0,0,0,0,0.0,0.0,,0.0
Centenário,2020-06-30,0,0,0,0,0.0,0.0,,0.0
Centenário,2020-07-01,0,0,0,0,0.0,0.0,,0.0
Centenário,2020-07-02,0,0,0,0,0.0,0.0,,0.0
Centenário,2020-07-03,0,0,0,0,0.0,0.0,,0.0
Centenário,2020-07-04,0,0,0,0,0.0,0.0,,0.0
Centenário,2020-07-05,0,0,0,0,0.0,0.0,,0.0
Centenário,2020-07-06,0,0,0,0,0.0,0.0,,0.0
Centenário,2020-07-07,0,0,0,0,0.0,0.0,,0.0
Centenário,2020-07-08,0,0,0,0,0.0,0.0,,0.0
Centenário,2020-07-09,1,1,0,0,0.0,0.0,,0.0
Centenário,2020-07-10,1,0,0,0,0.07142857142857142,0.0,,0.0
Centenário,2020-07-11,1,0,0,0,0.07142857142857142,0.0,,0.0
Centenário,2020-07-12,1,0,0,0,0.07142857142857142,0.0,,0.0
Centenário,2020-07-13,1,0,0,0,0.07142857142857142,0.0,,0.0
Centenário,2020-07-14,1,0,0,0,0.07142857142857142,0.0,,0.0
Centenário,2020-07-15,1,0,0,0,0.07142857142857142,0.0,,0.0
Centenário,2020-07-16,1,0,0,0,0.07142857142857142,0.0,,0.0
Centenário,2020-07-17,1,0,0,0,0.07142857142857142,0.0,,0.0
Centenário,2020-07-18,1,0,0,0,0.07142857142857142,0.0,,0.0
Centenário,2020-07-19,1,0,0,0,0.07142857142857142,0.0,,0.0
Centenário,2020-07-20,1,0,0,0,0.07142857142857142,0.0,,0.0
Centenário,2020-07-21,1,0,0,0,0.07142857142857142,0.0,,0.0
Centenário,2020-07-22,1,0,0,0,0.07142857142857142,0.0,,0.0
Centenário,2020-07-23,1,0,0,0,0.0,0.0,,0.0
Centenário,2020-07-24,1,0,0,0,0.0,0.0,,0.0
Centenário,2020-07-25,4,3,0,0,0.21428571428571427,0.0,,0.6020599913279624
Centenário,2020-07-26,4,0,0,0,0.21428571428571427,0.0,,0.6020599913279624
Centenário,2020-07-27,4,0,0,0,0.21428571428571427,0.0,,0.6020599913279624
Centenário,2020-07-28,3,-1,0,0,0.14285714285714285,0.0,,0.47712125471966244
Centenário,2020-07-29,3,0,0,0,0.14285714285714285,0.0,,0.47712125471966244
Centenário,2020-07-30,3,0,0,0,0.14285714285714285,0.0,,0.47712125471966244
Centenário,2020-07-31,3,0,0,0,0.14285714285714285,0.0,,0.47712125471966244
Centenário,2020-08-01,3,0,0,0,0.14285714285714285,0.0,,0.47712125471966244
Centenário,2020-08-02,3,0,0,0,0.14285714285714285,0.0,,0.47712125471966244
Centenário,2020-08-03,11,8,0,0,0.7142857142857143,0.0,,1.041392685158225
Centenário,2020-08-04,11,0,0,0,0.7142857142857143,0.0,,1.041392685158225
Centenário,2020-08-05,11,0,0,0,0.7142857142857143,0.0,,1.041392685158225
Centenário,2020-08-06,11,0,0,0,0.7142857142857143,0.0,,1.041392685158225
Centenário,2020-08-07,11,0,0,0,0.7142857142857143,0.0,,1.041392685158225
Centenário,2020-08-08,11,0,0,0,0.5,0.0,,1.041392685158225
Centenário,2020-08-09,11,0,0,0,0.5,0.0,,1.041392685158225
Centenário,2020-08-10,14,3,0,0,0.7142857142857143,0.0,,1.146128035678238
Centenário,2020-08-11,14,0,0,0,0.7857142857142857,0.0,,1.146128035678238
Centenário,2020-08-12,14,0,0,0,0.7857142857142857,0.0,,1.146128035678238
Centenário,2020-08-13,14,0,0,0,0.7857142857142857,0.0,,1.146128035678238
Centenário,2020-08-14,14,0,0,0,0.7857142857142857,0.0,,1.146128035678238
Centenário,2020-08-15,22,8,0,0,1.3571428571428572,0.0,,1.3424226808222062
Centenário,2020-08-16,25,3,1,1,1.5714285714285714,0.07142857142857142,inf,1.3979400086720377
Centenário,2020-08-17,27,2,1,0,1.1428571428571428,0.07142857142857142,inf,1.4313637641589874
Centenário,2020-08-18,27,0,1,0,1.1428571428571428,0.07142857142857142,inf,1.4313637641589874
Centenário,2020-08-19,27,0,1,0,1.1428571428571428,0.07142857142857142,inf,1.4313637641589874
Centenário,2020-08-20,27,0,1,0,1.1428571428571428,0.07142857142857142,inf,1.4313637641589874
Centenário,2020-08-21,27,0,1,0,1.1428571428571428,0.07142857142857142,inf,1.4313637641589874
Centenário,2020-08-22,30,3,1,0,1.3571428571428572,0.07142857142857142,inf,1.4771212547196624
Centenário,2020-08-23,34,4,1,0,1.6428571428571428,0.07142857142857142,inf,1.5314789170422551
Centenário,2020-08-24,34,0,1,0,1.4285714285714286,0.07142857142857142,inf,1.5314789170422551
Centenário,2020-08-25,37,3,1,0,1.6428571428571428,0.07142857142857142,inf,1.568201724066995
Centenário,2020-08-26,43,6,1,0,2.0714285714285716,0.07142857142857142,inf,1.6334684555795866
Centenário,2020-08-27,45,2,1,0,2.2142857142857144,0.07142857142857142,inf,1.6532125137753437
Centenário,2020-08-28,47,2,2,1,2.357142857142857,0.14285714285714285,inf,1.6720978579357175
Centenário,2020-08-29,48,1,2,0,1.8571428571428572,0.14285714285714285,inf,1.6812412373755872
Centenário,2020-08-30,48,0,2,0,1.6428571428571428,0.07142857142857142,0.0,1.6812412373755872
Centenário,2020-08-31,48,0,2,0,1.5,0.07142857142857142,0.0,1.6812412373755872
Centenário,2020-09-01,56,8,2,0,2.0714285714285716,0.07142857142857142,0.0,1.7481880270062005
Centenário,2020-09-02,56,0,2,0,2.0714285714285716,0.07142857142857142,0.0,1.7481880270062005
Centenário,2020-09-03,57,1,2,0,2.142857142857143,0.07142857142857142,0.0,1.7558748556724915
Centenário,2020-09-04,67,10,2,0,2.857142857142857,0.07142857142857142,0.0,1.8260748027008264
Centenário,2020-09-05,68,1,2,0,2.7142857142857144,0.07142857142857142,0.0,1.8325089127062364
Centenário,2020-09-06,68,0,2,0,2.4285714285714284,0.07142857142857142,0.0,1.8325089127062364
Centenário,2020-09-07,68,0,3,1,2.4285714285714284,0.14285714285714285,1.0,1.8325089127062364
Centenário,2020-09-08,68,0,3,0,2.2142857142857144,0.14285714285714285,1.0,1.8325089127062364
Centenário,2020-09-09,68,0,3,0,1.7857142857142858,0.14285714285714285,1.0,1.8325089127062364
Centenário,2020-09-10,74,6,3,0,2.0714285714285716,0.14285714285714285,1.0,1.8692317197309762
Centenário,2020-09-11,75,1,3,0,2.0,0.07142857142857142,-0.5,1.8750612633917
Centenário,2020-09-12,82,7,3,0,2.4285714285714284,0.07142857142857142,-0.5,1.9138138523837167
Centenário,2020-09-13,82,0,3,0,2.4285714285714284,0.07142857142857142,0.0,1.9138138523837167
Centenário,2020-09-14,82,0,3,0,2.4285714285714284,0.07142857142857142,0.0,1.9138138523837167
Centenário,2020-09-15,85,3,3,0,2.0714285714285716,0.07142857142857142,0.0,1.9294189257142929
Centenário,2020-09-16,85,0,3,0,2.0714285714285716,0.07142857142857142,0.0,1.9294189257142929
Centenário,2020-09-17,86,1,3,0,2.0714285714285716,0.07142857142857142,0.0,1.9344984512435677
Centenário,2020-09-18,97,11,3,0,2.142857142857143,0.07142857142857142,0.0,1.9867717342662448
Centenário,2020-09-19,97,0,3,0,2.0714285714285716,0.07142857142857142,0.0,1.9867717342662448
Centenário,2020-09-20,97,0,3,0,2.0714285714285716,0.07142857142857142,0.0,1.9867717342662448
Centenário,2020-09-21,97,0,3,0,2.0714285714285716,0.0,-1.0,1.9867717342662448
Centenário,2020-09-22,98,1,3,0,2.142857142857143,0.0,-1.0,1.9912260756924949
Centenário,2020-09-23,98,0,3,0,2.142857142857143,0.0,-1.0,1.9912260756924949
Centenário,2020-09-24,99,1,3,0,1.7857142857142858,0.0,-1.0,1.99563519459755
Centenário,2020-09-25,99,0,3,0,1.7142857142857142,0.0,-1.0,1.99563519459755
Centenário,2020-09-26,99,0,3,0,1.2142857142857142,0.0,-1.0,1.99563519459755
Centenário,2020-09-27,99,0,3,0,1.2142857142857142,0.0,-1.0,1.99563519459755
Centenário,2020-09-28,99,0,3,0,1.2142857142857142,0.0,-1.0,1.99563519459755
Centenário,2020-09-29,99,0,3,0,1.0,0.0,-1.0,1.99563519459755
Centenário,2020-09-30,99,0,3,0,1.0,0.0,-1.0,1.99563519459755
Centenário,2020-10-01,99,0,3,0,0.9285714285714286,0.0,-1.0,1.99563519459755
Centenário,2020-10-02,100,1,4,1,0.21428571428571427,0.07142857142857142,0.0,2.0
Centenário,2020-10-03,100,0,4,0,0.21428571428571427,0.07142857142857142,0.0,2.0
Centenário,2020-10-04,100,0,4,0,0.21428571428571427,0.07142857142857142,0.0,2.0
Centenário,2020-10-05,100,0,4,0,0.21428571428571427,0.07142857142857142,inf,2.0
Centenário,2020-10-06,100,0,4,0,0.14285714285714285,0.07142857142857142,inf,2.0
Centenário,2020-10-07,101,1,4,0,0.21428571428571427,0.07142857142857142,inf,2.0043213737826426
Centenário,2020-10-08,101,0,4,0,0.14285714285714285,0.07142857142857142,inf,2.0043213737826426
Centenário,2020-10-09,102,1,4,0,0.21428571428571427,0.07142857142857142,inf,2.0086001717619175
Centenário,2020-10-10,102,0,4,0,0.21428571428571427,0.07142857142857142,inf,2.0086001717619175
Centenário,2020-10-11,102,0,4,0,0.21428571428571427,0.07142857142857142,inf,2.0086001717619175
Centenário,2020-10-12,102,0,4,0,0.21428571428571427,0.07142857142857142,inf,2.0086001717619175
Centenário,2020-10-13,102,0,4,0,0.21428571428571427,0.07142857142857142,inf,2.0086001717619175
Centenário,2020-10-14,102,0,4,0,0.21428571428571427,0.07142857142857142,inf,2.0086001717619175
Centenário,2020-10-15,103,1,4,0,0.2857142857142857,0.07142857142857142,inf,2.012837224705172
Centenário,2020-10-16,103,0,4,0,0.21428571428571427,0.0,-1.0,2.012837224705172
Centenário,2020-10-17,104,1,4,0,0.2857142857142857,0.0,-1.0,2.0170333392987803
Centenário,2020-10-18,104,0,4,0,0.2857142857142857,0.0,-1.0,2.0170333392987803
Centenário,2020-10-19,104,0,4,0,0.2857142857142857,0.0,-1.0,2.0170333392987803
Centenário,2020-10-20,105,1,4,0,0.35714285714285715,0.0,-1.0,2.0211892990699383
Centenário,2020-10-21,105,0,4,0,0.2857142857142857,0.0,-1.0,2.0211892990699383
Centenário,2020-10-22,105,0,4,0,0.2857142857142857,0.0,-1.0,2.0211892990699383
Centenário,2020-10-23,106,1,4,0,0.2857142857142857,0.0,-1.0,2.0253058652647704
Centenário,2020-10-24,106,0,4,0,0.2857142857142857,0.0,-1.0,2.0253058652647704
Centenário,2020-10-25,106,0,4,0,0.2857142857142857,0.0,-1.0,2.0253058652647704
Centenário,2020-10-26,106,0,4,0,0.2857142857142857,0.0,-1.0,2.0253058652647704
Centenário,2020-10-27,107,1,4,0,0.35714285714285715,0.0,-1.0,2.0293837776852097
Centenário,2020-10-28,107,0,4,0,0.35714285714285715,0.0,-1.0,2.0293837776852097
Centenário,2020-10-29,110,3,4,0,0.5,0.0,-1.0,2.041392685158225
Centenário,2020-10-30,111,1,4,0,0.5714285714285714,0.0,,2.0453229787866576
Centenário,2020-10-31,111,0,4,0,0.5,0.0,,2.0453229787866576
Centenário,2020-11-01,111,0,4,0,0.5,0.0,,2.0453229787866576
Centenário,2020-11-02,111,0,4,0,0.5,0.0,,2.0453229787866576
Centenário,2020-11-03,111,0,4,0,0.42857142857142855,0.0,,2.0453229787866576
Centenário,2020-11-04,112,1,4,0,0.5,0.0,,2.0492180226701815
Centenário,2020-11-05,113,1,4,0,0.5714285714285714,0.0,,2.05307844348342
Centenário,2020-11-06,114,1,4,0,0.5714285714285714,0.0,,2.0569048513364727
Centenário,2020-11-07,114,0,4,0,0.5714285714285714,0.0,,2.0569048513364727
Centenário,2020-11-08,114,0,4,0,0.5714285714285714,0.0,,2.0569048513364727
Centenário,2020-11-09,114,0,4,0,0.5714285714285714,0.0,,2.0569048513364727
Centenário,2020-11-10,114,0,4,0,0.5,0.0,,2.0569048513364727
Centenário,2020-11-11,114,0,4,0,0.5,0.0,,2.0569048513364727
Centenário,2020-11-12,114,0,4,0,0.2857142857142857,0.0,,2.0569048513364727
Centenário,2020-11-13,114,0,4,0,0.21428571428571427,0.0,,2.0569048513364727
Centenário,2020-11-14,114,0,4,0,0.21428571428571427,0.0,,2.0569048513364727
Centenário,2020-11-15,114,0,4,0,0.21428571428571427,0.0,,2.0569048513364727
Centenário,2020-11-16,114,0,4,0,0.21428571428571427,0.0,,2.0569048513364727
Centenário,2020-11-17,114,0,4,0,0.21428571428571427,0.0,,2.0569048513364727
Centenário,2020-11-18,114,0,4,0,0.14285714285714285,0.0,,2.0569048513364727
Centenário,2020-11-19,114,0,4,0,0.07142857142857142,0.0,,2.0569048513364727
Centenário,2020-11-20,114,0,4,0,0.0,0.0,,2.0569048513364727
Centenário,2020-11-21,114,0,4,0,0.0,0.0,,2.0569048513364727
Centenário,2020-11-22,114,0,4,0,0.0,0.0,,2.0569048513364727
Centenário,2020-11-23,114,0,4,0,0.0,0.0,,2.0569048513364727
Centenário,2020-11-24,114,0,4,0,0.0,0.0,,2.0569048513364727
Centenário,2020-11-25,114,0,4,0,0.0,0.0,,2.0569048513364727
Centenário,2020-11-26,114,0,4,0,0.0,0.0,,2.0569048513364727
Centenário,2020-11-27,114,0,4,0,0.0,0.0,,2.0569048513364727
Centenário,2020-11-28,114,0,4,0,0.0,0.0,,2.0569048513364727
Centenário,2020-11-29,114,0,4,0,0.0,0.0,,2.0569048513364727
Centenário,2020-11-30,114,0,4,0,0.0,0.0,,2.0569048513364727
Centenário,2020-12-01,114,0,4,0,0.0,0.0,,2.0569048513364727
Centenário,2020-12-02,114,0,4,0,0.0,0.0,,2.0569048513364727
Centenário,2020-12-03,116,2,4,0,0.14285714285714285,0.0,,2.0644579892269186
Centenário,2020-12-04,116,0,4,0,0.14285714285714285,0.0,,2.0644579892269186
Centenário,2020-12-05,116,0,4,0,0.14285714285714285,0.0,,2.0644579892269186
Centenário,2020-12-06,116,0,4,0,0.14285714285714285,0.0,,2.0644579892269186
Centenário,2020-12-07,116,0,4,0,0.14285714285714285,0.0,,2.0644579892269186
Centenário,2020-12-08,116,0,4,0,0.14285714285714285,0.0,,2.0644579892269186
Centenário,2020-12-09,119,3,4,0,0.35714285714285715,0.0,,2.075546961392531
Centenário,2020-12-10,119,0,4,0,0.35714285714285715,0.0,,2.075546961392531
Centenário,2020-12-11,119,0,4,0,0.35714285714285715,0.0,,2.075546961392531
Centenário,2020-12-12,119,0,4,0,0.35714285714285715,0.0,,2.075546961392531
Centenário,2020-12-13,119,0,4,0,0.35714285714285715,0.0,,2.075546961392531
Centenário,2020-12-14,119,0,4,0,0.35714285714285715,0.0,,2.075546961392531
Centenário,2020-12-15,119,0,4,0,0.35714285714285715,0.0,,2.075546961392531
Centenário,2020-12-16,119,0,4,0,0.35714285714285715,0.0,,2.075546961392531
Centenário,2020-12-17,119,0,4,0,0.21428571428571427,0.0,,2.075546961392531
Centenário,2020-12-18,119,0,4,0,0.21428571428571427,0.0,,2.075546961392531
Centenário,2020-12-19,119,0,4,0,0.21428571428571427,0.0,,2.075546961392531
Centenário,2020-12-20,119,0,4,0,0.21428571428571427,0.0,,2.075546961392531
Centenário,2020-12-21,119,0,4,0,0.21428571428571427,0.0,,2.075546961392531
Centenário,2020-12-22,119,0,4,0,0.21428571428571427,0.0,,2.075546961392531
Centenário,2020-12-23,119,0,4,0,0.0,0.0,,2.075546961392531
Centenário,2020-12-24,119,0,4,0,0.0,0.0,,2.075546961392531
Centenário,2020-12-25,119,0,4,0,0.0,0.0,,2.075546961392531
Centenário,2020-12-26,119,0,4,0,0.0,0.0,,2.075546961392531
Centenário,2020-12-27,119,0,4,0,0.0,0.0,,2.075546961392531
Centenário,2020-12-28,119,0,4,0,0.0,0.0,,2.075546961392531
Centenário,2020-12-29,119,0,4,0,0.0,0.0,,2.075546961392531
Centenário,2020-12-30,119,0,4,0,0.0,0.0,,2.075546961392531
Centenário,2020-12-31,119,0,4,0,0.0,0.0,,2.075546961392531
Centenário,2021-01-01,119,0,4,0,0.0,0.0,,2.075546961392531
Centenário,2021-01-02,119,0,4,0,0.0,0.0,,2.075546961392531
Centenário,2021-01-03,119,0,4,0,0.0,0.0,,2.075546961392531
Centenário,2021-01-04,119,0,4,0,0.0,0.0,,2.075546961392531
Centenário,2021-01-05,119,0,4,0,0.0,0.0,,2.075546961392531
Centenário,2021-01-06,119,0,4,0,0.0,0.0,,2.075546961392531
Centenário,2021-01-07,119,0,4,0,0.0,0.0,,2.075546961392531
Centenário,2021-01-08,120,1,4,0,0.07142857142857142,0.0,,2.0791812460476247
Centenário,2021-01-09,120,0,4,0,0.07142857142857142,0.0,,2.0791812460476247
Centenário,2021-01-10,120,0,4,0,0.07142857142857142,0.0,,2.0791812460476247
Centenário,2021-01-11,120,0,4,0,0.07142857142857142,0.0,,2.0791812460476247
Centenário,2021-01-12,120,0,4,0,0.07142857142857142,0.0,,2.0791812460476247
Centenário,2021-01-13,120,0,4,0,0.07142857142857142,0.0,,2.0791812460476247
Centenário,2021-01-14,120,0,4,0,0.07142857142857142,0.0,,2.0791812460476247
Centenário,2021-01-15,120,0,4,0,0.07142857142857142,0.0,,2.0791812460476247
Centenário,2021-01-16,120,0,4,0,0.07142857142857142,0.0,,2.0791812460476247
Centenário,2021-01-17,120,0,4,0,0.07142857142857142,0.0,,2.0791812460476247
Centenário,2021-01-18,120,0,4,0,0.07142857142857142,0.0,,2.0791812460476247
Centenário,2021-01-19,122,2,4,0,0.21428571428571427,0.0,,2.0863598306747484
Centenário,2021-01-20,124,2,4,0,0.35714285714285715,0.0,,2.093421685162235
Chapada de Areia,2020-03-27,0,0,0,0,,,,0.0
Chapada de Areia,2020-03-28,0,0,0,0,,,,0.0
Chapada de Areia,2020-03-29,0,0,0,0,,,,0.0
Chapada de Areia,2020-03-30,0,0,0,0,,,,0.0
Chapada de Areia,2020-03-31,0,0,0,0,,,,0.0
Chapada de Areia,2020-04-01,0,0,0,0,,,,0.0
Chapada de Areia,2020-04-02,0,0,0,0,,,,0.0
Chapada de Areia,2020-04-03,0,0,0,0,,,,0.0
Chapada de Areia,2020-04-04,0,0,0,0,,,,0.0
Chapada de Areia,2020-04-05,0,0,0,0,,,,0.0
Chapada de Areia,2020-04-06,0,0,0,0,,,,0.0
Chapada de Areia,2020-04-07,0,0,0,0,,,,0.0
Chapada de Areia,2020-04-08,0,0,0,0,,,,0.0
Chapada de Areia,2020-04-09,0,0,0,0,0.0,0.0,,0.0
Chapada de Areia,2020-04-10,0,0,0,0,0.0,0.0,,0.0
Chapada de Areia,2020-04-11,0,0,0,0,0.0,0.0,,0.0
Chapada de Areia,2020-04-12,0,0,0,0,0.0,0.0,,0.0
Chapada de Areia,2020-04-13,0,0,0,0,0.0,0.0,,0.0
Chapada de Areia,2020-04-14,0,0,0,0,0.0,0.0,,0.0
Chapada de Areia,2020-04-15,0,0,0,0,0.0,0.0,,0.0
Chapada de Areia,2020-04-16,0,0,0,0,0.0,0.0,,0.0
Chapada de Areia,2020-04-17,0,0,0,0,0.0,0.0,,0.0
Chapada de Areia,2020-04-18,0,0,0,0,0.0,0.0,,0.0
Chapada de Areia,2020-04-19,0,0,0,0,0.0,0.0,,0.0
Chapada de Areia,2020-04-20,0,0,0,0,0.0,0.0,,0.0
Chapada de Areia,2020-04-21,0,0,0,0,0.0,0.0,,0.0
Chapada de Areia,2020-04-22,0,0,0,0,0.0,0.0,,0.0
Chapada de Areia,2020-04-23,0,0,0,0,0.0,0.0,,0.0
Chapada de Areia,2020-04-24,0,0,0,0,0.0,0.0,,0.0
Chapada de Areia,2020-04-25,0,0,0,0,0.0,0.0,,0.0
Chapada de Areia,2020-04-26,0,0,0,0,0.0,0.0,,0.0
Chapada de Areia,2020-04-27,0,0,0,0,0.0,0.0,,0.0
Chapada de Areia,2020-04-28,0,0,0,0,0.0,0.0,,0.0
Chapada de Areia,2020-04-29,0,0,0,0,0.0,0.0,,0.0
Chapada de Areia,2020-04-30,0,0,0,0,0.0,0.0,,0.0
Chapada de Areia,2020-05-01,0,0,0,0,0.0,0.0,,0.0
Chapada de Areia,2020-05-02,0,0,0,0,0.0,0.0,,0.0
Chapada de Areia,2020-05-03,0,0,0,0,0.0,0.0,,0.0
Chapada de Areia,2020-05-04,0,0,0,0,0.0,0.0,,0.0
Chapada de Areia,2020-05-05,0,0,0,0,0.0,0.0,,0.0
Chapada de Areia,2020-05-06,0,0,0,0,0.0,0.0,,0.0
Chapada de Areia,2020-05-07,0,0,0,0,0.0,0.0,,0.0
Chapada de Areia,2020-05-08,0,0,0,0,0.0,0.0,,0.0
Chapada de Areia,2020-05-09,0,0,0,0,0.0,0.0,,0.0
Chapada de Areia,2020-05-10,0,0,0,0,0.0,0.0,,0.0
Chapada de Areia,2020-05-11,0,0,0,0,0.0,0.0,,0.0
Chapada de Areia,2020-05-12,0,0,0,0,0.0,0.0,,0.0
Chapada de Areia,2020-05-13,0,0,0,0,0.0,0.0,,0.0
Chapada de Areia,2020-05-14,0,0,0,0,0.0,0.0,,0.0
Chapada de Areia,2020-05-15,0,0,0,0,0.0,0.0,,0.0
Chapada de Areia,2020-05-16,0,0,0,0,0.0,0.0,,0.0
Chapada de Areia,2020-05-17,0,0,0,0,0.0,0.0,,0.0
Chapada de Areia,2020-05-18,0,0,0,0,0.0,0.0,,0.0
Chapada de Areia,2020-05-19,0,0,0,0,0.0,0.0,,0.0
Chapada de Areia,2020-05-20,0,0,0,0,0.0,0.0,,0.0
Chapada de Areia,2020-05-21,0,0,0,0,0.0,0.0,,0.0
Chapada de Areia,2020-05-22,0,0,0,0,0.0,0.0,,0.0
Chapada de Areia,2020-05-23,0,0,0,0,0.0,0.0,,0.0
Chapada de Areia,2020-05-24,0,0,0,0,0.0,0.0,,0.0
Chapada de Areia,2020-05-25,0,0,0,0,0.0,0.0,,0.0
Chapada de Areia,2020-05-26,0,0,0,0,0.0,0.0,,0.0
Chapada de Areia,2020-05-27,0,0,0,0,0.0,0.0,,0.0
Chapada de Areia,2020-05-28,0,0,0,0,0.0,0.0,,0.0
Chapada de Areia,2020-05-29,0,0,0,0,0.0,0.0,,0.0
Chapada de Areia,2020-05-30,0,0,0,0,0.0,0.0,,0.0
Chapada de Areia,2020-05-31,0,0,0,0,0.0,0.0,,0.0
Chapada de Areia,2020-06-01,0,0,0,0,0.0,0.0,,0.0
Chapada de Areia,2020-06-02,0,0,0,0,0.0,0.0,,0.0
Chapada de Areia,2020-06-03,0,0,0,0,0.0,0.0,,0.0
Chapada de Areia,2020-06-04,0,0,0,0,0.0,0.0,,0.0
Chapada de Areia,2020-06-05,0,0,0,0,0.0,0.0,,0.0
Chapada de Areia,2020-06-06,0,0,0,0,0.0,0.0,,0.0
Chapada de Areia,2020-06-07,0,0,0,0,0.0,0.0,,0.0
Chapada de Areia,2020-06-08,0,0,0,0,0.0,0.0,,0.0
Chapada de Areia,2020-06-09,0,0,0,0,0.0,0.0,,0.0
Chapada de Areia,2020-06-10,0,0,0,0,0.0,0.0,,0.0
Chapada de Areia,2020-06-11,0,0,0,0,0.0,0.0,,0.0
Chapada de Areia,2020-06-12,0,0,0,0,0.0,0.0,,0.0
Chapada de Areia,2020-06-13,0,0,0,0,0.0,0.0,,0.0
Chapada de Areia,2020-06-14,0,0,0,0,0.0,0.0,,0.0
Chapada de Areia,2020-06-15,0,0,0,0,0.0,0.0,,0.0
Chapada de Areia,2020-06-16,0,0,0,0,0.0,0.0,,0.0
Chapada de Areia,2020-06-17,0,0,0,0,0.0,0.0,,0.0
Chapada de Areia,2020-06-18,0,0,0,0,0.0,0.0,,0.0
Chapada de Areia,2020-06-19,0,0,0,0,0.0,0.0,,0.0
Chapada de Areia,2020-06-20,0,0,0,0,0.0,0.0,,0.0
Chapada de Areia,2020-06-21,0,0,0,0,0.0,0.0,,0.0
Chapada de Areia,2020-06-22,0,0,0,0,0.0,0.0,,0.0
Chapada de Areia,2020-06-23,0,0,0,0,0.0,0.0,,0.0
Chapada de Areia,2020-06-24,0,0,0,0,0.0,0.0,,0.0
Chapada de Areia,2020-06-25,0,0,0,0,0.0,0.0,,0.0
Chapada de Areia,2020-06-26,0,0,0,0,0.0,0.0,,0.0
Chapada de Areia,2020-06-27,1,1,0,0,0.07142857142857142,0.0,,0.0
Chapada de Areia,2020-06-28,1,0,0,0,0.07142857142857142,0.0,,0.0
Chapada de Areia,2020-06-29,1,0,0,0,0.07142857142857142,0.0,,0.0
Chapada de Areia,2020-06-30,1,0,0,0,0.07142857142857142,0.0,,0.0
Chapada de Areia,2020-07-01,1,0,0,0,0.07142857142857142,0.0,,0.0
Chapada de Areia,2020-07-02,1,0,0,0,0.07142857142857142,0.0,,0.0
Chapada de Areia,2020-07-03,1,0,0,0,0.07142857142857142,0.0,,0.0
Chapada de Areia,2020-07-04,1,0,0,0,0.07142857142857142,0.0,,0.0
Chapada de Areia,2020-07-05,2,1,0,0,0.14285714285714285,0.0,,0.3010299956639812
Chapada de Areia,2020-07-06,2,0,0,0,0.14285714285714285,0.0,,0.3010299956639812
Chapada de Areia,2020-07-07,2,0,0,0,0.14285714285714285,0.0,,0.3010299956639812
Chapada de Areia,2020-07-08,2,0,0,0,0.14285714285714285,0.0,,0.3010299956639812
Chapada de Areia,2020-07-09,2,0,0,0,0.14285714285714285,0.0,,0.3010299956639812
Chapada de Areia,2020-07-10,2,0,0,0,0.14285714285714285,0.0,,0.3010299956639812
Chapada de Areia,2020-07-11,2,0,0,0,0.07142857142857142,0.0,,0.3010299956639812
Chapada de Areia,2020-07-12,2,0,0,0,0.07142857142857142,0.0,,0.3010299956639812
Chapada de Areia,2020-07-13,2,0,0,0,0.07142857142857142,0.0,,0.3010299956639812
Chapada de Areia,2020-07-14,2,0,0,0,0.07142857142857142,0.0,,0.3010299956639812
Chapada de Areia,2020-07-15,3,1,0,0,0.14285714285714285,0.0,,0.47712125471966244
Chapada de Areia,2020-07-16,3,0,0,0,0.14285714285714285,0.0,,0.47712125471966244
Chapada de Areia,2020-07-17,3,0,0,0,0.14285714285714285,0.0,,0.47712125471966244
Chapada de Areia,2020-07-18,3,0,0,0,0.14285714285714285,0.0,,0.47712125471966244
Chapada de Areia,2020-07-19,4,1,0,0,0.14285714285714285,0.0,,0.6020599913279624
Chapada de Areia,2020-07-20,4,0,0,0,0.14285714285714285,0.0,,0.6020599913279624
Chapada de Areia,2020-07-21,4,0,0,0,0.14285714285714285,0.0,,0.6020599913279624
Chapada de Areia,2020-07-22,4,0,0,0,0.14285714285714285,0.0,,0.6020599913279624
Chapada de Areia,2020-07-23,4,0,0,0,0.14285714285714285,0.0,,0.6020599913279624
Chapada de Areia,2020-07-24,4,0,0,0,0.14285714285714285,0.0,,0.6020599913279624
Chapada de Areia,2020-07-25,5,1,0,0,0.21428571428571427,0.0,,0.6989700043360189
Chapada de Areia,2020-07-26,7,2,0,0,0.35714285714285715,0.0,,0.8450980400142568
Chapada de Areia,2020-07-27,7,0,0,0,0.35714285714285715,0.0,,0.8450980400142568
Chapada de Areia,2020-07-28,7,0,0,0,0.35714285714285715,0.0,,0.8450980400142568
Chapada de Areia,2020-07-29,7,0,0,0,0.2857142857142857,0.0,,0.8450980400142568
Chapada de Areia,2020-07-30,11,4,0,0,0.5714285714285714,0.0,,1.041392685158225
Chapada de Areia,2020-07-31,11,0,0,0,0.5714285714285714,0.0,,1.041392685158225
Chapada de Areia,2020-08-01,11,0,0,0,0.5714285714285714,0.0,,1.041392685158225
Chapada de Areia,2020-08-02,12,1,0,0,0.5714285714285714,0.0,,1.0791812460476249
Chapada de Areia,2020-08-03,12,0,0,0,0.5714285714285714,0.0,,1.0791812460476249
Chapada de Areia,2020-08-04,12,0,0,0,0.5714285714285714,0.0,,1.0791812460476249
Chapada de Areia,2020-08-05,12,0,0,0,0.5714285714285714,0.0,,1.0791812460476249
Chapada de Areia,2020-08-06,12,0,0,0,0.5714285714285714,0.0,,1.0791812460476249
Chapada de Areia,2020-08-07,13,1,1,1,0.6428571428571429,0.07142857142857142,inf,1.1139433523068367
Chapada de Areia,2020-08-08,14,1,1,0,0.6428571428571429,0.07142857142857142,inf,1.146128035678238
Chapada de Areia,2020-08-09,14,0,1,0,0.5,0.07142857142857142,inf,1.146128035678238
Chapada de Areia,2020-08-10,14,0,1,0,0.5,0.07142857142857142,inf,1.146128035678238
Chapada de Areia,2020-08-11,14,0,1,0,0.5,0.07142857142857142,inf,1.146128035678238
Chapada de Areia,2020-08-12,14,0,1,0,0.5,0.07142857142857142,inf,1.146128035678238
Chapada de Areia,2020-08-13,15,1,1,0,0.2857142857142857,0.07142857142857142,inf,1.1760912590556813
Chapada de Areia,2020-08-14,15,0,1,0,0.2857142857142857,0.07142857142857142,inf,1.1760912590556813
Chapada de Areia,2020-08-15,15,0,1,0,0.2857142857142857,0.07142857142857142,inf,1.1760912590556813
Chapada de Areia,2020-08-16,17,2,1,0,0.35714285714285715,0.07142857142857142,inf,1.2304489213782739
Chapada de Areia,2020-08-17,19,2,1,0,0.5,0.07142857142857142,inf,1.2787536009528289
Chapada de Areia,2020-08-18,19,0,1,0,0.5,0.07142857142857142,inf,1.2787536009528289
Chapada de Areia,2020-08-19,19,0,1,0,0.5,0.07142857142857142,inf,1.2787536009528289
Chapada de Areia,2020-08-20,20,1,1,0,0.5714285714285714,0.07142857142857142,inf,1.3010299956639813
Chapada de Areia,2020-08-21,20,0,1,0,0.5,0.0,-1.0,1.3010299956639813
Chapada de Areia,2020-08-22,22,2,1,0,0.5714285714285714,0.0,-1.0,1.3424226808222062
Chapada de Areia,2020-08-23,24,2,1,0,0.7142857142857143,0.0,-1.0,1.380211241711606
Chapada de Areia,2020-08-24,25,1,1,0,0.7857142857142857,0.0,-1.0,1.3979400086720377
Chapada de Areia,2020-08-25,25,0,1,0,0.7857142857142857,0.0,-1.0,1.3979400086720377
Chapada de Areia,2020-08-26,25,0,1,0,0.7857142857142857,0.0,-1.0,1.3979400086720377
Chapada de Areia,2020-08-27,25,0,1,0,0.7142857142857143,0.0,-1.0,1.3979400086720377
Chapada de Areia,2020-08-28,26,1,1,0,0.7857142857142857,0.0,-1.0,1.414973347970818
Chapada de Areia,2020-08-29,26,0,1,0,0.7857142857142857,0.0,-1.0,1.414973347970818
Chapada de Areia,2020-08-30,26,0,1,0,0.6428571428571429,0.0,-1.0,1.414973347970818
Chapada de Areia,2020-08-31,28,2,1,0,0.6428571428571429,0.0,-1.0,1.4471580313422192
Chapada de Areia,2020-09-01,28,0,1,0,0.6428571428571429,0.0,-1.0,1.4471580313422192
Chapada de Areia,2020-09-02,28,0,1,0,0.6428571428571429,0.0,-1.0,1.4471580313422192
Chapada de Areia,2020-09-03,28,0,1,0,0.5714285714285714,0.0,-1.0,1.4471580313422192
Chapada de Areia,2020-09-04,31,3,1,0,0.7857142857142857,0.0,,1.4913616938342726
Chapada de Areia,2020-09-05,31,0,1,0,0.6428571428571429,0.0,,1.4913616938342726
Chapada de Areia,2020-09-06,31,0,1,0,0.5,0.0,,1.4913616938342726
Chapada de Areia,2020-09-07,31,0,1,0,0.42857142857142855,0.0,,1.4913616938342726
Chapada de Areia,2020-09-08,31,0,1,0,0.42857142857142855,0.0,,1.4913616938342726
Chapada de Areia,2020-09-09,31,0,1,0,0.42857142857142855,0.0,,1.4913616938342726
Chapada de Areia,2020-09-10,32,1,1,0,0.5,0.0,,1.505149978319906
Chapada de Areia,2020-09-11,32,0,1,0,0.42857142857142855,0.0,,1.505149978319906
Chapada de Areia,2020-09-12,33,1,1,0,0.5,0.0,,1.5185139398778875
Chapada de Areia,2020-09-13,33,0,1,0,0.5,0.0,,1.5185139398778875
Chapada de Areia,2020-09-14,33,0,1,0,0.35714285714285715,0.0,,1.5185139398778875
Chapada de Areia,2020-09-15,33,0,1,0,0.35714285714285715,0.0,,1.5185139398778875
Chapada de Areia,2020-09-16,33,0,1,0,0.35714285714285715,0.0,,1.5185139398778875
Chapada de Areia,2020-09-17,36,3,1,0,0.5714285714285714,0.0,,1.5563025007672873
Chapada de Areia,2020-09-18,37,1,1,0,0.42857142857142855,0.0,,1.568201724066995
Chapada de Areia,2020-09-19,37,0,1,0,0.42857142857142855,0.0,,1.568201724066995
Chapada de Areia,2020-09-20,37,0,1,0,0.42857142857142855,0.0,,1.568201724066995
Chapada de Areia,2020-09-21,37,0,1,0,0.42857142857142855,0.0,,1.568201724066995
Chapada de Areia,2020-09-22,36,-1,1,0,0.35714285714285715,0.0,,1.5563025007672873
Chapada de Areia,2020-09-23,37,1,2,1,0.42857142857142855,0.07142857142857142,inf,1.568201724066995
Chapada de Areia,2020-09-24,37,0,2,0,0.35714285714285715,0.07142857142857142,inf,1.568201724066995
Chapada de Areia,2020-09-25,37,0,2,0,0.35714285714285715,0.07142857142857142,inf,1.568201724066995
Chapada de Areia,2020-09-26,38,1,2,0,0.35714285714285715,0.07142857142857142,inf,1.5797835966168101
Chapada de Areia,2020-09-27,38,0,2,0,0.35714285714285715,0.07142857142857142,inf,1.5797835966168101
Chapada de Areia,2020-09-28,38,0,2,0,0.35714285714285715,0.07142857142857142,inf,1.5797835966168101
Chapada de Areia,2020-09-29,38,0,2,0,0.35714285714285715,0.07142857142857142,inf,1.5797835966168101
Chapada de Areia,2020-09-30,38,0,2,0,0.35714285714285715,0.07142857142857142,inf,1.5797835966168101
Chapada de Areia,2020-10-01,38,0,2,0,0.14285714285714285,0.07142857142857142,inf,1.5797835966168101
Chapada de Areia,2020-10-02,38,0,2,0,0.07142857142857142,0.07142857142857142,inf,1.5797835966168101
Chapada de Areia,2020-10-03,38,0,2,0,0.07142857142857142,0.07142857142857142,inf,1.5797835966168101
Chapada de Areia,2020-10-04,38,0,2,0,0.07142857142857142,0.07142857142857142,inf,1.5797835966168101
Chapada de Areia,2020-10-05,38,0,2,0,0.07142857142857142,0.07142857142857142,inf,1.5797835966168101
Chapada de Areia,2020-10-06,38,0,2,0,0.14285714285714285,0.07142857142857142,inf,1.5797835966168101
Chapada de Areia,2020-10-07,38,0,2,0,0.07142857142857142,0.0,-1.0,1.5797835966168101
Chapada de Areia,2020-10-08,38,0,2,0,0.07142857142857142,0.0,-1.0,1.5797835966168101
Chapada de Areia,2020-10-09,38,0,2,0,0.07142857142857142,0.0,-1.0,1.5797835966168101
Chapada de Areia,2020-10-10,38,0,2,0,0.0,0.0,-1.0,1.5797835966168101
Chapada de Areia,2020-10-11,38,0,2,0,0.0,0.0,-1.0,1.5797835966168101
Chapada de Areia,2020-10-12,38,0,2,0,0.0,0.0,-1.0,1.5797835966168101
Chapada de Areia,2020-10-13,38,0,2,0,0.0,0.0,-1.0,1.5797835966168101
Chapada de Areia,2020-10-14,38,0,2,0,0.0,0.0,-1.0,1.5797835966168101
Chapada de Areia,2020-10-15,38,0,2,0,0.0,0.0,-1.0,1.5797835966168101
Chapada de Areia,2020-10-16,41,3,2,0,0.21428571428571427,0.0,-1.0,1.6127838567197355
Chapada de Areia,2020-10-17,41,0,2,0,0.21428571428571427,0.0,-1.0,1.6127838567197355
Chapada de Areia,2020-10-18,41,0,2,0,0.21428571428571427,0.0,-1.0,1.6127838567197355
Chapada de Areia,2020-10-19,41,0,2,0,0.21428571428571427,0.0,-1.0,1.6127838567197355
Chapada de Areia,2020-10-20,41,0,2,0,0.21428571428571427,0.0,-1.0,1.6127838567197355
Chapada de Areia,2020-10-21,41,0,2,0,0.21428571428571427,0.0,,1.6127838567197355
Chapada de Areia,2020-10-22,42,1,2,0,0.2857142857142857,0.0,,1.6232492903979006
Chapada de Areia,2020-10-23,43,1,2,0,0.35714285714285715,0.0,,1.6334684555795866
Chapada de Areia,2020-10-24,43,0,2,0,0.35714285714285715,0.0,,1.6334684555795866
Chapada de Areia,2020-10-25,43,0,2,0,0.35714285714285715,0.0,,1.6334684555795866
Chapada de Areia,2020-10-26,43,0,2,0,0.35714285714285715,0.0,,1.6334684555795866
Chapada de Areia,2020-10-27,54,11,2,0,1.1428571428571428,0.0,,1.7323937598229686
Chapada de Areia,2020-10-28,57,3,2,0,1.3571428571428572,0.0,,1.7558748556724915
Chapada de Areia,2020-10-29,60,3,2,0,1.5714285714285714,0.0,,1.7781512503836436
Chapada de Areia,2020-10-30,60,0,2,0,1.3571428571428572,0.0,,1.7781512503836436
Chapada de Areia,2020-10-31,60,0,2,0,1.3571428571428572,0.0,,1.7781512503836436
Chapada de Areia,2020-11-01,60,0,2,0,1.3571428571428572,0.0,,1.7781512503836436
Chapada de Areia,2020-11-02,60,0,2,0,1.3571428571428572,0.0,,1.7781512503836436
Chapada de Areia,2020-11-03,60,0,2,0,1.3571428571428572,0.0,,1.7781512503836436
Chapada de Areia,2020-11-04,67,7,2,0,1.8571428571428572,0.0,,1.8260748027008264
Chapada de Areia,2020-11-05,68,1,2,0,1.8571428571428572,0.0,,1.8325089127062364
Chapada de Areia,2020-11-06,68,0,2,0,1.7857142857142858,0.0,,1.8325089127062364
Chapada de Areia,2020-11-07,68,0,2,0,1.7857142857142858,0.0,,1.8325089127062364
Chapada de Areia,2020-11-08,68,0,2,0,1.7857142857142858,0.0,,1.8325089127062364
Chapada de Areia,2020-11-09,68,0,2,0,1.7857142857142858,0.0,,1.8325089127062364
Chapada de Areia,2020-11-10,68,0,2,0,1.0,0.0,,1.8325089127062364
Chapada de Areia,2020-11-11,68,0,2,0,0.7857142857142857,0.0,,1.8325089127062364
Chapada de Areia,2020-11-12,68,0,2,0,0.5714285714285714,0.0,,1.8325089127062364
Chapada de Areia,2020-11-13,68,0,2,0,0.5714285714285714,0.0,,1.8325089127062364
Chapada de Areia,2020-11-14,68,0,2,0,0.5714285714285714,0.0,,1.8325089127062364
Chapada de Areia,2020-11-15,68,0,2,0,0.5714285714285714,0.0,,1.8325089127062364
Chapada de Areia,2020-11-16,68,0,2,0,0.5714285714285714,0.0,,1.8325089127062364
Chapada de Areia,2020-11-17,68,0,2,0,0.5714285714285714,0.0,,1.8325089127062364
Chapada de Areia,2020-11-18,69,1,2,0,0.14285714285714285,0.0,,1.8388490907372552
Chapada de Areia,2020-11-19,74,5,2,0,0.42857142857142855,0.0,,1.8692317197309762
Chapada de Areia,2020-11-20,76,2,2,0,0.5714285714285714,0.0,,1.8808135922807914
Chapada de Areia,2020-11-21,76,0,2,0,0.5714285714285714,0.0,,1.8808135922807914
Chapada de Areia,2020-11-22,76,0,2,0,0.5714285714285714,0.0,,1.8808135922807914
Chapada de Areia,2020-11-23,76,0,2,0,0.5714285714285714,0.0,,1.8808135922807914
Chapada de Areia,2020-11-24,77,1,2,0,0.6428571428571429,0.0,,1.8864907251724818
Chapada de Areia,2020-11-25,77,0,2,0,0.6428571428571429,0.0,,1.8864907251724818
Chapada de Areia,2020-11-26,77,0,2,0,0.6428571428571429,0.0,,1.8864907251724818
Chapada de Areia,2020-11-27,77,0,2,0,0.6428571428571429,0.0,,1.8864907251724818
Chapada de Areia,2020-11-28,78,1,2,0,0.7142857142857143,0.0,,1.8920946026904804
Chapada de Areia,2020-11-29,78,0,2,0,0.7142857142857143,0.0,,1.8920946026904804
Chapada de Areia,2020-11-30,78,0,2,0,0.7142857142857143,0.0,,1.8920946026904804
Chapada de Areia,2020-12-01,78,0,2,0,0.7142857142857143,0.0,,1.8920946026904804
Chapada de Areia,2020-12-02,78,0,2,0,0.6428571428571429,0.0,,1.8920946026904804
Chapada de Areia,2020-12-03,78,0,2,0,0.2857142857142857,0.0,,1.8920946026904804
Chapada de Areia,2020-12-04,78,0,2,0,0.14285714285714285,0.0,,1.8920946026904804
Chapada de Areia,2020-12-05,79,1,2,0,0.21428571428571427,0.0,,1.8976270912904414
Chapada de Areia,2020-12-06,79,0,2,0,0.21428571428571427,0.0,,1.8976270912904414
Chapada de Areia,2020-12-07,79,0,2,0,0.21428571428571427,0.0,,1.8976270912904414
Chapada de Areia,2020-12-08,80,1,2,0,0.21428571428571427,0.0,,1.9030899869919435
Chapada de Areia,2020-12-09,80,0,2,0,0.21428571428571427,0.0,,1.9030899869919435
Chapada de Areia,2020-12-10,80,0,2,0,0.21428571428571427,0.0,,1.9030899869919435
Chapada de Areia,2020-12-11,81,1,2,0,0.2857142857142857,0.0,,1.9084850188786497
Chapada de Areia,2020-12-12,81,0,2,0,0.21428571428571427,0.0,,1.9084850188786497
Chapada de Areia,2020-12-13,81,0,2,0,0.21428571428571427,0.0,,1.9084850188786497
Chapada de Areia,2020-12-14,81,0,2,0,0.21428571428571427,0.0,,1.9084850188786497
Chapada de Areia,2020-12-15,81,0,2,0,0.21428571428571427,0.0,,1.9084850188786497
Chapada de Areia,2020-12-16,81,0,2,0,0.21428571428571427,0.0,,1.9084850188786497
Chapada de Areia,2020-12-17,81,0,2,0,0.21428571428571427,0.0,,1.9084850188786497
Chapada de Areia,2020-12-18,82,1,2,0,0.2857142857142857,0.0,,1.9138138523837167
Chapada de Areia,2020-12-19,82,0,2,0,0.21428571428571427,0.0,,1.9138138523837167
Chapada de Areia,2020-12-20,82,0,2,0,0.21428571428571427,0.0,,1.9138138523837167
Chapada de Areia,2020-12-21,82,0,2,0,0.21428571428571427,0.0,,1.9138138523837167
Chapada de Areia,2020-12-22,82,0,2,0,0.14285714285714285,0.0,,1.9138138523837167
Chapada de Areia,2020-12-23,82,0,2,0,0.14285714285714285,0.0,,1.9138138523837167
Chapada de Areia,2020-12-24,82,0,2,0,0.14285714285714285,0.0,,1.9138138523837167
Chapada de Areia,2020-12-25,82,0,2,0,0.07142857142857142,0.0,,1.9138138523837167
Chapada de Areia,2020-12-26,82,0,2,0,0.07142857142857142,0.0,,1.9138138523837167
Chapada de Areia,2020-12-27,82,0,2,0,0.07142857142857142,0.0,,1.9138138523837167
Chapada de Areia,2020-12-28,82,0,2,0,0.07142857142857142,0.0,,1.9138138523837167
Chapada de Areia,2020-12-29,82,0,2,0,0.07142857142857142,0.0,,1.9138138523837167
Chapada de Areia,2020-12-30,82,0,2,0,0.07142857142857142,0.0,,1.9138138523837167
Chapada de Areia,2020-12-31,83,1,2,0,0.14285714285714285,0.0,,1.919078092376074
Chapada de Areia,2021-01-01,83,0,2,0,0.07142857142857142,0.0,,1.919078092376074
Chapada de Areia,2021-01-02,83,0,2,0,0.07142857142857142,0.0,,1.919078092376074
Chapada de Areia,2021-01-03,83,0,2,0,0.07142857142857142,0.0,,1.919078092376074
Chapada de Areia,2021-01-04,83,0,2,0,0.07142857142857142,0.0,,1.919078092376074
Chapada de Areia,2021-01-05,83,0,2,0,0.07142857142857142,0.0,,1.919078092376074
Chapada de Areia,2021-01-06,83,0,2,0,0.07142857142857142,0.0,,1.919078092376074
Chapada de Areia,2021-01-07,83,0,2,0,0.07142857142857142,0.0,,1.919078092376074
Chapada de Areia,2021-01-08,83,0,2,0,0.07142857142857142,0.0,,1.919078092376074
Chapada de Areia,2021-01-09,83,0,2,0,0.07142857142857142,0.0,,1.919078092376074
Chapada de Areia,2021-01-10,83,0,2,0,0.07142857142857142,0.0,,1.919078092376074
Chapada de Areia,2021-01-11,83,0,2,0,0.07142857142857142,0.0,,1.919078092376074
Chapada de Areia,2021-01-12,86,3,2,0,0.2857142857142857,0.0,,1.9344984512435677
Chapada de Areia,2021-01-13,86,0,2,0,0.2857142857142857,0.0,,1.9344984512435677
Chapada de Areia,2021-01-14,86,0,2,0,0.21428571428571427,0.0,,1.9344984512435677
Chapada de Areia,2021-01-15,86,0,2,0,0.21428571428571427,0.0,,1.9344984512435677
Chapada de Areia,2021-01-16,86,0,2,0,0.21428571428571427,0.0,,1.9344984512435677
Chapada de Areia,2021-01-17,86,0,2,0,0.21428571428571427,0.0,,1.9344984512435677
Chapada de Areia,2021-01-18,87,1,2,0,0.2857142857142857,0.0,,1.9395192526186185
Chapada de Areia,2021-01-19,87,0,2,0,0.2857142857142857,0.0,,1.9395192526186185
Chapada de Areia,2021-01-20,87,0,2,0,0.2857142857142857,0.0,,1.9395192526186185
Chapada da Natividade,2020-03-27,0,0,0,0,,,,0.0
Chapada da Natividade,2020-03-28,0,0,0,0,,,,0.0
Chapada da Natividade,2020-03-29,0,0,0,0,,,,0.0
Chapada da Natividade,2020-03-30,0,0,0,0,,,,0.0
Chapada da Natividade,2020-03-31,0,0,0,0,,,,0.0
Chapada da Natividade,2020-04-01,0,0,0,0,,,,0.0
Chapada da Natividade,2020-04-02,0,0,0,0,,,,0.0
Chapada da Natividade,2020-04-03,0,0,0,0,,,,0.0
Chapada da Natividade,2020-04-04,0,0,0,0,,,,0.0
Chapada da Natividade,2020-04-05,0,0,0,0,,,,0.0
Chapada da Natividade,2020-04-06,0,0,0,0,,,,0.0
Chapada da Natividade,2020-04-07,0,0,0,0,,,,0.0
Chapada da Natividade,2020-04-08,0,0,0,0,,,,0.0
Chapada da Natividade,2020-04-09,0,0,0,0,0.0,0.0,,0.0
Chapada da Natividade,2020-04-10,0,0,0,0,0.0,0.0,,0.0
Chapada da Natividade,2020-04-11,0,0,0,0,0.0,0.0,,0.0
Chapada da Natividade,2020-04-12,0,0,0,0,0.0,0.0,,0.0
Chapada da Natividade,2020-04-13,0,0,0,0,0.0,0.0,,0.0
Chapada da Natividade,2020-04-14,0,0,0,0,0.0,0.0,,0.0
Chapada da Natividade,2020-04-15,0,0,0,0,0.0,0.0,,0.0
Chapada da Natividade,2020-04-16,0,0,0,0,0.0,0.0,,0.0
Chapada da Natividade,2020-04-17,0,0,0,0,0.0,0.0,,0.0
Chapada da Natividade,2020-04-18,0,0,0,0,0.0,0.0,,0.0
Chapada da Natividade,2020-04-19,0,0,0,0,0.0,0.0,,0.0
Chapada da Natividade,2020-04-20,0,0,0,0,0.0,0.0,,0.0
Chapada da Natividade,2020-04-21,0,0,0,0,0.0,0.0,,0.0
Chapada da Natividade,2020-04-22,0,0,0,0,0.0,0.0,,0.0
Chapada da Natividade,2020-04-23,0,0,0,0,0.0,0.0,,0.0
Chapada da Natividade,2020-04-24,0,0,0,0,0.0,0.0,,0.0
Chapada da Natividade,2020-04-25,0,0,0,0,0.0,0.0,,0.0
Chapada da Natividade,2020-04-26,0,0,0,0,0.0,0.0,,0.0
Chapada da Natividade,2020-04-27,0,0,0,0,0.0,0.0,,0.0
Chapada da Natividade,2020-04-28,0,0,0,0,0.0,0.0,,0.0
Chapada da Natividade,2020-04-29,0,0,0,0,0.0,0.0,,0.0
Chapada da Natividade,2020-04-30,0,0,0,0,0.0,0.0,,0.0
Chapada da Natividade,2020-05-01,0,0,0,0,0.0,0.0,,0.0
Chapada da Natividade,2020-05-02,0,0,0,0,0.0,0.0,,0.0
Chapada da Natividade,2020-05-03,0,0,0,0,0.0,0.0,,0.0
Chapada da Natividade,2020-05-04,0,0,0,0,0.0,0.0,,0.0
Chapada da Natividade,2020-05-05,0,0,0,0,0.0,0.0,,0.0
Chapada da Natividade,2020-05-06,0,0,0,0,0.0,0.0,,0.0
Chapada da Natividade,2020-05-07,0,0,0,0,0.0,0.0,,0.0
Chapada da Natividade,2020-05-08,0,0,0,0,0.0,0.0,,0.0
Chapada da Natividade,2020-05-09,0,0,0,0,0.0,0.0,,0.0
Chapada da Natividade,2020-05-10,0,0,0,0,0.0,0.0,,0.0
Chapada da Natividade,2020-05-11,0,0,0,0,0.0,0.0,,0.0
Chapada da Natividade,2020-05-12,0,0,0,0,0.0,0.0,,0.0
Chapada da Natividade,2020-05-13,0,0,0,0,0.0,0.0,,0.0
Chapada da Natividade,2020-05-14,0,0,0,0,0.0,0.0,,0.0
Chapada da Natividade,2020-05-15,0,0,0,0,0.0,0.0,,0.0
Chapada da Natividade,2020-05-16,0,0,0,0,0.0,0.0,,0.0
Chapada da Natividade,2020-05-17,0,0,0,0,0.0,0.0,,0.0
Chapada da Natividade,2020-05-18,0,0,0,0,0.0,0.0,,0.0
Chapada da Natividade,2020-05-19,0,0,0,0,0.0,0.0,,0.0
Chapada da Natividade,2020-05-20,0,0,0,0,0.0,0.0,,0.0
Chapada da Natividade,2020-05-21,0,0,0,0,0.0,0.0,,0.0
Chapada da Natividade,2020-05-22,0,0,0,0,0.0,0.0,,0.0
Chapada da Natividade,2020-05-23,0,0,0,0,0.0,0.0,,0.0
Chapada da Natividade,2020-05-24,0,0,0,0,0.0,0.0,,0.0
Chapada da Natividade,2020-05-25,0,0,0,0,0.0,0.0,,0.0
Chapada da Natividade,2020-05-26,0,0,0,0,0.0,0.0,,0.0
Chapada da Natividade,2020-05-27,0,0,0,0,0.0,0.0,,0.0
Chapada da Natividade,2020-05-28,0,0,0,0,0.0,0.0,,0.0
Chapada da Natividade,2020-05-29,0,0,0,0,0.0,0.0,,0.0
Chapada da Natividade,2020-05-30,0,0,0,0,0.0,0.0,,0.0
Chapada da Natividade,2020-05-31,0,0,0,0,0.0,0.0,,0.0
Chapada da Natividade,2020-06-01,0,0,0,0,0.0,0.0,,0.0
Chapada da Natividade,2020-06-02,0,0,0,0,0.0,0.0,,0.0
Chapada da Natividade,2020-06-03,0,0,0,0,0.0,0.0,,0.0
Chapada da Natividade,2020-06-04,0,0,0,0,0.0,0.0,,0.0
Chapada da Natividade,2020-06-05,0,0,0,0,0.0,0.0,,0.0
Chapada da Natividade,2020-06-06,0,0,0,0,0.0,0.0,,0.0
Chapada da Natividade,2020-06-07,0,0,0,0,0.0,0.0,,0.0
Chapada da Natividade,2020-06-08,0,0,0,0,0.0,0.0,,0.0
Chapada da Natividade,2020-06-09,0,0,0,0,0.0,0.0,,0.0
Chapada da Natividade,2020-06-10,0,0,0,0,0.0,0.0,,0.0
Chapada da Natividade,2020-06-11,0,0,0,0,0.0,0.0,,0.0
Chapada da Natividade,2020-06-12,0,0,0,0,0.0,0.0,,0.0
Chapada da Natividade,2020-06-13,0,0,0,0,0.0,0.0,,0.0
Chapada da Natividade,2020-06-14,0,0,0,0,0.0,0.0,,0.0
Chapada da Natividade,2020-06-15,0,0,0,0,0.0,0.0,,0.0
Chapada da Natividade,2020-06-16,0,0,0,0,0.0,0.0,,0.0
Chapada da Natividade,2020-06-17,0,0,0,0,0.0,0.0,,0.0
Chapada da Natividade,2020-06-18,0,0,0,0,0.0,0.0,,0.0
Chapada da Natividade,2020-06-19,0,0,0,0,0.0,0.0,,0.0
Chapada da Natividade,2020-06-20,0,0,0,0,0.0,0.0,,0.0
Chapada da Natividade,2020-06-21,0,0,0,0,0.0,0.0,,0.0
Chapada da Natividade,2020-06-22,0,0,0,0,0.0,0.0,,0.0
Chapada da Natividade,2020-06-23,0,0,0,0,0.0,0.0,,0.0
Chapada da Natividade,2020-06-24,0,0,0,0,0.0,0.0,,0.0
Chapada da Natividade,2020-06-25,0,0,0,0,0.0,0.0,,0.0
Chapada da Natividade,2020-06-26,0,0,0,0,0.0,0.0,,0.0
Chapada da Natividade,2020-06-27,0,0,0,0,0.0,0.0,,0.0
Chapada da Natividade,2020-06-28,0,0,0,0,0.0,0.0,,0.0
Chapada da Natividade,2020-06-29,0,0,0,0,0.0,0.0,,0.0
Chapada da Natividade,2020-06-30,0,0,0,0,0.0,0.0,,0.0
Chapada da Natividade,2020-07-01,0,0,0,0,0.0,0.0,,0.0
Chapada da Natividade,2020-07-02,0,0,0,0,0.0,0.0,,0.0
Chapada da Natividade,2020-07-03,0,0,0,0,0.0,0.0,,0.0
Chapada da Natividade,2020-07-04,0,0,0,0,0.0,0.0,,0.0
Chapada da Natividade,2020-07-05,0,0,0,0,0.0,0.0,,0.0
Chapada da Natividade,2020-07-06,0,0,0,0,0.0,0.0,,0.0
Chapada da Natividade,2020-07-07,0,0,0,0,0.0,0.0,,0.0
Chapada da Natividade,2020-07-08,0,0,0,0,0.0,0.0,,0.0
Chapada da Natividade,2020-07-09,0,0,0,0,0.0,0.0,,0.0
Chapada da Natividade,2020-07-10,0,0,0,0,0.0,0.0,,0.0
Chapada da Natividade,2020-07-11,0,0,0,0,0.0,0.0,,0.0
Chapada da Natividade,2020-07-12,0,0,0,0,0.0,0.0,,0.0
Chapada da Natividade,2020-07-13,1,1,0,0,0.07142857142857142,0.0,,0.0
Chapada da Natividade,2020-07-14,1,0,0,0,0.07142857142857142,0.0,,0.0
Chapada da Natividade,2020-07-15,1,0,0,0,0.07142857142857142,0.0,,0.0
Chapada da Natividade,2020-07-16,2,1,0,0,0.14285714285714285,0.0,,0.3010299956639812
Chapada da Natividade,2020-07-17,2,0,0,0,0.14285714285714285,0.0,,0.3010299956639812
Chapada da Natividade,2020-07-18,2,0,0,0,0.14285714285714285,0.0,,0.3010299956639812
Chapada da Natividade,2020-07-19,2,0,0,0,0.14285714285714285,0.0,,0.3010299956639812
Chapada da Natividade,2020-07-20,2,0,0,0,0.14285714285714285,0.0,,0.3010299956639812
Chapada da Natividade,2020-07-21,2,0,0,0,0.14285714285714285,0.0,,0.3010299956639812
Chapada da Natividade,2020-07-22,4,2,0,0,0.2857142857142857,0.0,,0.6020599913279624
Chapada da Natividade,2020-07-23,6,2,0,0,0.42857142857142855,0.0,,0.7781512503836436
Chapada da Natividade,2020-07-24,7,1,0,0,0.5,0.0,,0.8450980400142568
Chapada da Natividade,2020-07-25,7,0,0,0,0.5,0.0,,0.8450980400142568
Chapada da Natividade,2020-07-26,6,-1,0,0,0.42857142857142855,0.0,,0.7781512503836436
Chapada da Natividade,2020-07-27,6,0,0,0,0.35714285714285715,0.0,,0.7781512503836436
Chapada da Natividade,2020-07-28,9,3,0,0,0.5714285714285714,0.0,,0.9542425094393249
Chapada da Natividade,2020-07-29,10,1,0,0,0.6428571428571429,0.0,,1.0
Chapada da Natividade,2020-07-30,11,1,0,0,0.6428571428571429,0.0,,1.041392685158225
Chapada da Natividade,2020-07-31,14,3,0,0,0.8571428571428571,0.0,,1.146128035678238
Chapada da Natividade,2020-08-01,14,0,0,0,0.8571428571428571,0.0,,1.146128035678238
Chapada da Natividade,2020-08-02,18,4,0,0,1.1428571428571428,0.0,,1.255272505103306
Chapada da Natividade,2020-08-03,19,1,0,0,1.2142857142857142,0.0,,1.2787536009528289
Chapada da Natividade,2020-08-04,21,2,0,0,1.3571428571428572,0.0,,1.3222192947339193
Chapada da Natividade,2020-08-05,22,1,0,0,1.2857142857142858,0.0,,1.3424226808222062
Chapada da Natividade,2020-08-06,22,0,0,0,1.1428571428571428,0.0,,1.3424226808222062
Chapada da Natividade,2020-08-07,22,0,0,0,1.0714285714285714,0.0,,1.3424226808222062
Chapada da Natividade,2020-08-08,23,1,0,0,1.1428571428571428,0.0,,1.3617278360175928
Chapada da Natividade,2020-08-09,23,0,0,0,1.2142857142857142,0.0,,1.3617278360175928
Chapada da Natividade,2020-08-10,23,0,0,0,1.2142857142857142,0.0,,1.3617278360175928
Chapada da Natividade,2020-08-11,23,0,0,0,1.0,0.0,,1.3617278360175928
Chapada da Natividade,2020-08-12,23,0,0,0,0.9285714285714286,0.0,,1.3617278360175928
Chapada da Natividade,2020-08-13,24,1,0,0,0.9285714285714286,0.0,,1.380211241711606
Chapada da Natividade,2020-08-14,24,0,0,0,0.7142857142857143,0.0,,1.380211241711606
Chapada da Natividade,2020-08-15,24,0,0,0,0.7142857142857143,0.0,,1.380211241711606
Chapada da Natividade,2020-08-16,24,0,0,0,0.42857142857142855,0.0,,1.380211241711606
Chapada da Natividade,2020-08-17,25,1,0,0,0.42857142857142855,0.0,,1.3979400086720377
Chapada da Natividade,2020-08-18,26,1,0,0,0.35714285714285715,0.0,,1.414973347970818
Chapada da Natividade,2020-08-19,28,2,0,0,0.42857142857142855,0.0,,1.4471580313422192
Chapada da Natividade,2020-08-20,31,3,0,0,0.6428571428571429,0.0,,1.4913616938342726
Chapada da Natividade,2020-08-21,31,0,0,0,0.6428571428571429,0.0,,1.4913616938342726
Chapada da Natividade,2020-08-22,33,2,0,0,0.7142857142857143,0.0,,1.5185139398778875
Chapada da Natividade,2020-08-23,33,0,0,0,0.7142857142857143,0.0,,1.5185139398778875
Chapada da Natividade,2020-08-24,33,0,0,0,0.7142857142857143,0.0,,1.5185139398778875
Chapada da Natividade,2020-08-25,33,0,0,0,0.7142857142857143,0.0,,1.5185139398778875
Chapada da Natividade,2020-08-26,34,1,0,0,0.7857142857142857,0.0,,1.5314789170422551
Chapada da Natividade,2020-08-27,34,0,0,0,0.7142857142857143,0.0,,1.5314789170422551
Chapada da Natividade,2020-08-28,35,1,0,0,0.7857142857142857,0.0,,1.5440680443502757
Chapada da Natividade,2020-08-29,39,4,0,0,1.0714285714285714,0.0,,1.591064607026499
Chapada da Natividade,2020-08-30,39,0,0,0,1.0714285714285714,0.0,,1.591064607026499
Chapada da Natividade,2020-08-31,39,0,0,0,1.0,0.0,,1.591064607026499
Chapada da Natividade,2020-09-01,42,3,0,0,1.1428571428571428,0.0,,1.6232492903979006
Chapada da Natividade,2020-09-02,42,0,0,0,1.0,0.0,,1.6232492903979006
Chapada da Natividade,2020-09-03,42,0,0,0,0.7857142857142857,0.0,,1.6232492903979006
Chapada da Natividade,2020-09-04,42,0,0,0,0.7857142857142857,0.0,,1.6232492903979006
Chapada da Natividade,2020-09-05,43,1,0,0,0.7142857142857143,0.0,,1.6334684555795866
Chapada da Natividade,2020-09-06,43,0,0,0,0.7142857142857143,0.0,,1.6334684555795866
Chapada da Natividade,2020-09-07,43,0,0,0,0.7142857142857143,0.0,,1.6334684555795866
Chapada da Natividade,2020-09-08,43,0,0,0,0.7142857142857143,0.0,,1.6334684555795866
Chapada da Natividade,2020-09-09,44,1,0,0,0.7142857142857143,0.0,,1.6434526764861874
Chapada da Natividade,2020-09-10,48,4,1,1,1.0,0.07142857142857142,inf,1.6812412373755872
Chapada da Natividade,2020-09-11,48,0,1,0,0.9285714285714286,0.07142857142857142,inf,1.6812412373755872
Chapada da Natividade,2020-09-12,52,4,1,0,0.9285714285714286,0.07142857142857142,inf,1.7160033436347992
Chapada da Natividade,2020-09-13,52,0,1,0,0.9285714285714286,0.07142857142857142,inf,1.7160033436347992
Chapada da Natividade,2020-09-14,52,0,1,0,0.9285714285714286,0.07142857142857142,inf,1.7160033436347992
Chapada da Natividade,2020-09-15,52,0,1,0,0.7142857142857143,0.07142857142857142,inf,1.7160033436347992
Chapada da Natividade,2020-09-16,52,0,1,0,0.7142857142857143,0.07142857142857142,inf,1.7160033436347992
Chapada da Natividade,2020-09-17,52,0,1,0,0.7142857142857143,0.07142857142857142,inf,1.7160033436347992
Chapada da Natividade,2020-09-18,52,0,1,0,0.7142857142857143,0.07142857142857142,inf,1.7160033436347992
Chapada da Natividade,2020-09-19,52,0,1,0,0.6428571428571429,0.07142857142857142,inf,1.7160033436347992
Chapada da Natividade,2020-09-20,52,0,1,0,0.6428571428571429,0.07142857142857142,inf,1.7160033436347992
Chapada da Natividade,2020-09-21,52,0,1,0,0.6428571428571429,0.07142857142857142,inf,1.7160033436347992
Chapada da Natividade,2020-09-22,53,1,1,0,0.7142857142857143,0.07142857142857142,inf,1.7242758696007892
Chapada da Natividade,2020-09-23,53,0,1,0,0.6428571428571429,0.07142857142857142,inf,1.7242758696007892
Chapada da Natividade,2020-09-24,54,1,1,0,0.42857142857142855,0.0,-1.0,1.7323937598229686
Chapada da Natividade,2020-09-25,54,0,1,0,0.42857142857142855,0.0,-1.0,1.7323937598229686
Chapada da Natividade,2020-09-26,58,4,1,0,0.42857142857142855,0.0,-1.0,1.7634279935629373
Chapada da Natividade,2020-09-27,59,1,1,0,0.5,0.0,-1.0,1.7708520116421442
Chapada da Natividade,2020-09-28,59,0,1,0,0.5,0.0,-1.0,1.7708520116421442
Chapada da Natividade,2020-09-29,59,0,1,0,0.5,0.0,-1.0,1.7708520116421442
Chapada da Natividade,2020-09-30,59,0,1,0,0.5,0.0,-1.0,1.7708520116421442
Chapada da Natividade,2020-10-01,59,0,1,0,0.5,0.0,-1.0,1.7708520116421442
Chapada da Natividade,2020-10-02,59,0,1,0,0.5,0.0,-1.0,1.7708520116421442
Chapada da Natividade,2020-10-03,61,2,1,0,0.6428571428571429,0.0,-1.0,1.7853298350107671
Chapada da Natividade,2020-10-04,61,0,1,0,0.6428571428571429,0.0,-1.0,1.7853298350107671
Chapada da Natividade,2020-10-05,61,0,1,0,0.6428571428571429,0.0,-1.0,1.7853298350107671
Chapada da Natividade,2020-10-06,61,0,1,0,0.5714285714285714,0.0,-1.0,1.7853298350107671
Chapada da Natividade,2020-10-07,61,0,1,0,0.5714285714285714,0.0,-1.0,1.7853298350107671
Chapada da Natividade,2020-10-08,61,0,1,0,0.5,0.0,,1.7853298350107671
Chapada da Natividade,2020-10-09,62,1,1,0,0.5714285714285714,0.0,,1.792391689498254
Chapada da Natividade,2020-10-10,62,0,1,0,0.2857142857142857,0.0,,1.792391689498254
Chapada da Natividade,2020-10-11,62,0,1,0,0.21428571428571427,0.0,,1.792391689498254
Chapada da Natividade,2020-10-12,62,0,1,0,0.21428571428571427,0.0,,1.792391689498254
Chapada da Natividade,2020-10-13,62,0,1,0,0.21428571428571427,0.0,,1.792391689498254
Chapada da Natividade,2020-10-14,62,0,1,0,0.21428571428571427,0.0,,1.792391689498254
Chapada da Natividade,2020-10-15,62,0,1,0,0.21428571428571427,0.0,,1.792391689498254
Chapada da Natividade,2020-10-16,62,0,1,0,0.21428571428571427,0.0,,1.792391689498254
Chapada da Natividade,2020-10-17,62,0,1,0,0.07142857142857142,0.0,,1.792391689498254
Chapada da Natividade,2020-10-18,62,0,1,0,0.07142857142857142,0.0,,1.792391689498254
Chapada da Natividade,2020-10-19,62,0,1,0,0.07142857142857142,0.0,,1.792391689498254
Chapada da Natividade,2020-10-20,62,0,1,0,0.07142857142857142,0.0,,1.792391689498254
Chapada da Natividade,2020-10-21,62,0,1,0,0.07142857142857142,0.0,,1.792391689498254
Chapada da Natividade,2020-10-22,62,0,1,0,0.07142857142857142,0.0,,1.792391689498254
Chapada da Natividade,2020-10-23,62,0,1,0,0.0,0.0,,1.792391689498254
Chapada da Natividade,2020-10-24,62,0,1,0,0.0,0.0,,1.792391689498254
Chapada da Natividade,2020-10-25,62,0,1,0,0.0,0.0,,1.792391689498254
Chapada da Natividade,2020-10-26,62,0,1,0,0.0,0.0,,1.792391689498254
Chapada da Natividade,2020-10-27,62,0,1,0,0.0,0.0,,1.792391689498254
Chapada da Natividade,2020-10-28,62,0,1,0,0.0,0.0,,1.792391689498254
Chapada da Natividade,2020-10-29,62,0,1,0,0.0,0.0,,1.792391689498254
Chapada da Natividade,2020-10-30,63,1,1,0,0.07142857142857142,0.0,,1.7993405494535817
Chapada da Natividade,2020-10-31,63,0,1,0,0.07142857142857142,0.0,,1.7993405494535817
Chapada da Natividade,2020-11-01,63,0,1,0,0.07142857142857142,0.0,,1.7993405494535817
Chapada da Natividade,2020-11-02,63,0,1,0,0.07142857142857142,0.0,,1.7993405494535817
Chapada da Natividade,2020-11-03,63,0,1,0,0.07142857142857142,0.0,,1.7993405494535817
Chapada da Natividade,2020-11-04,63,0,1,0,0.07142857142857142,0.0,,1.7993405494535817
Chapada da Natividade,2020-11-05,63,0,1,0,0.07142857142857142,0.0,,1.7993405494535817
Chapada da Natividade,2020-11-06,63,0,1,0,0.07142857142857142,0.0,,1.7993405494535817
Chapada da Natividade,2020-11-07,63,0,1,0,0.07142857142857142,0.0,,1.7993405494535817
Chapada da Natividade,2020-11-08,63,0,1,0,0.07142857142857142,0.0,,1.7993405494535817
Chapada da Natividade,2020-11-09,63,0,1,0,0.07142857142857142,0.0,,1.7993405494535817
Chapada da Natividade,2020-11-10,63,0,1,0,0.07142857142857142,0.0,,1.7993405494535817
Chapada da Natividade,2020-11-11,63,0,1,0,0.07142857142857142,0.0,,1.7993405494535817
Chapada da Natividade,2020-11-12,63,0,1,0,0.07142857142857142,0.0,,1.7993405494535817
Chapada da Natividade,2020-11-13,63,0,1,0,0.0,0.0,,1.7993405494535817
Chapada da Natividade,2020-11-14,63,0,1,0,0.0,0.0,,1.7993405494535817
Chapada da Natividade,2020-11-15,63,0,1,0,0.0,0.0,,1.7993405494535817
Chapada da Natividade,2020-11-16,63,0,1,0,0.0,0.0,,1.7993405494535817
Chapada da Natividade,2020-11-17,63,0,1,0,0.0,0.0,,1.7993405494535817
Chapada da Natividade,2020-11-18,63,0,1,0,0.0,0.0,,1.7993405494535817
Chapada da Natividade,2020-11-19,63,0,1,0,0.0,0.0,,1.7993405494535817
Chapada da Natividade,2020-11-20,63,0,1,0,0.0,0.0,,1.7993405494535817
Chapada da Natividade,2020-11-21,63,0,1,0,0.0,0.0,,1.7993405494535817
Chapada da Natividade,2020-11-22,63,0,1,0,0.0,0.0,,1.7993405494535817
Chapada da Natividade,2020-11-23,63,0,1,0,0.0,0.0,,1.7993405494535817
Chapada da Natividade,2020-11-24,63,0,1,0,0.0,0.0,,1.7993405494535817
Chapada da Natividade,2020-11-25,63,0,1,0,0.0,0.0,,1.7993405494535817
Chapada da Natividade,2020-11-26,63,0,1,0,0.0,0.0,,1.7993405494535817
Chapada da Natividade,2020-11-27,63,0,1,0,0.0,0.0,,1.7993405494535817
Chapada da Natividade,2020-11-28,63,0,1,0,0.0,0.0,,1.7993405494535817
Chapada da Natividade,2020-11-29,63,0,1,0,0.0,0.0,,1.7993405494535817
Chapada da Natividade,2020-11-30,63,0,1,0,0.0,0.0,,1.7993405494535817
Chapada da Natividade,2020-12-01,63,0,1,0,0.0,0.0,,1.7993405494535817
Chapada da Natividade,2020-12-02,64,1,1,0,0.07142857142857142,0.0,,1.806179973983887
Chapada da Natividade,2020-12-03,64,0,1,0,0.07142857142857142,0.0,,1.806179973983887
Chapada da Natividade,2020-12-04,64,0,1,0,0.07142857142857142,0.0,,1.806179973983887
Chapada da Natividade,2020-12-05,64,0,1,0,0.07142857142857142,0.0,,1.806179973983887
Chapada da Natividade,2020-12-06,64,0,1,0,0.07142857142857142,0.0,,1.806179973983887
Chapada da Natividade,2020-12-07,64,0,1,0,0.07142857142857142,0.0,,1.806179973983887
Chapada da Natividade,2020-12-08,64,0,1,0,0.07142857142857142,0.0,,1.806179973983887
Chapada da Natividade,2020-12-09,64,0,1,0,0.07142857142857142,0.0,,1.806179973983887
Chapada da Natividade,2020-12-10,64,0,1,0,0.07142857142857142,0.0,,1.806179973983887
Chapada da Natividade,2020-12-11,64,0,1,0,0.07142857142857142,0.0,,1.806179973983887
Chapada da Natividade,2020-12-12,64,0,1,0,0.07142857142857142,0.0,,1.806179973983887
Chapada da Natividade,2020-12-13,64,0,1,0,0.07142857142857142,0.0,,1.806179973983887
Chapada da Natividade,2020-12-14,64,0,1,0,0.07142857142857142,0.0,,1.806179973983887
Chapada da Natividade,2020-12-15,64,0,1,0,0.07142857142857142,0.0,,1.806179973983887
Chapada da Natividade,2020-12-16,64,0,1,0,0.0,0.0,,1.806179973983887
Chapada da Natividade,2020-12-17,64,0,1,0,0.0,0.0,,1.806179973983887
Chapada da Natividade,2020-12-18,64,0,1,0,0.0,0.0,,1.806179973983887
Chapada da Natividade,2020-12-19,64,0,1,0,0.0,0.0,,1.806179973983887
Chapada da Natividade,2020-12-20,64,0,1,0,0.0,0.0,,1.806179973983887
Chapada da Natividade,2020-12-21,64,0,1,0,0.0,0.0,,1.806179973983887
Chapada da Natividade,2020-12-22,64,0,1,0,0.0,0.0,,1.806179973983887
Chapada da Natividade,2020-12-23,64,0,1,0,0.0,0.0,,1.806179973983887
Chapada da Natividade,2020-12-24,64,0,1,0,0.0,0.0,,1.806179973983887
Chapada da Natividade,2020-12-25,64,0,1,0,0.0,0.0,,1.806179973983887
Chapada da Natividade,2020-12-26,64,0,1,0,0.0,0.0,,1.806179973983887
Chapada da Natividade,2020-12-27,64,0,1,0,0.0,0.0,,1.806179973983887
Chapada da Natividade,2020-12-28,64,0,1,0,0.0,0.0,,1.806179973983887
Chapada da Natividade,2020-12-29,64,0,1,0,0.0,0.0,,1.806179973983887
Chapada da Natividade,2020-12-30,64,0,1,0,0.0,0.0,,1.806179973983887
Chapada da Natividade,2020-12-31,64,0,1,0,0.0,0.0,,1.806179973983887
Chapada da Natividade,2021-01-01,64,0,1,0,0.0,0.0,,1.806179973983887
Chapada da Natividade,2021-01-02,64,0,1,0,0.0,0.0,,1.806179973983887
Chapada da Natividade,2021-01-03,64,0,1,0,0.0,0.0,,1.806179973983887
Chapada da Natividade,2021-01-04,64,0,1,0,0.0,0.0,,1.806179973983887
Chapada da Natividade,2021-01-05,64,0,1,0,0.0,0.0,,1.806179973983887
Chapada da Natividade,2021-01-06,64,0,1,0,0.0,0.0,,1.806179973983887
Chapada da Natividade,2021-01-07,64,0,1,0,0.0,0.0,,1.806179973983887
Chapada da Natividade,2021-01-08,64,0,1,0,0.0,0.0,,1.806179973983887
Chapada da Natividade,2021-01-09,66,2,1,0,0.14285714285714285,0.0,,1.8195439355418688
Chapada da Natividade,2021-01-10,66,0,1,0,0.14285714285714285,0.0,,1.8195439355418688
Chapada da Natividade,2021-01-11,66,0,1,0,0.14285714285714285,0.0,,1.8195439355418688
Chapada da Natividade,2021-01-12,66,0,1,0,0.14285714285714285,0.0,,1.8195439355418688
Chapada da Natividade,2021-01-13,66,0,1,0,0.14285714285714285,0.0,,1.8195439355418688
Chapada da Natividade,2021-01-14,66,0,1,0,0.14285714285714285,0.0,,1.8195439355418688
Chapada da Natividade,2021-01-15,66,0,1,0,0.14285714285714285,0.0,,1.8195439355418688
Chapada da Natividade,2021-01-16,67,1,1,0,0.21428571428571427,0.0,,1.8260748027008264
Chapada da Natividade,2021-01-17,67,0,1,0,0.21428571428571427,0.0,,1.8260748027008264
Chapada da Natividade,2021-01-18,68,1,1,0,0.2857142857142857,0.0,,1.8325089127062364
Chapada da Natividade,2021-01-19,68,0,1,0,0.2857142857142857,0.0,,1.8325089127062364
Chapada da Natividade,2021-01-20,70,2,1,0,0.42857142857142855,0.0,,1.845098040014257
Carrasco Bonito,2020-03-27,0,0,0,0,,,,0.0
Carrasco Bonito,2020-03-28,0,0,0,0,,,,0.0
Carrasco Bonito,2020-03-29,0,0,0,0,,,,0.0
Carrasco Bonito,2020-03-30,0,0,0,0,,,,0.0
Carrasco Bonito,2020-03-31,0,0,0,0,,,,0.0
Carrasco Bonito,2020-04-01,0,0,0,0,,,,0.0
Carrasco Bonito,2020-04-02,0,0,0,0,,,,0.0
Carrasco Bonito,2020-04-03,0,0,0,0,,,,0.0
Carrasco Bonito,2020-04-04,0,0,0,0,,,,0.0
Carrasco Bonito,2020-04-05,0,0,0,0,,,,0.0
Carrasco Bonito,2020-04-06,0,0,0,0,,,,0.0
Carrasco Bonito,2020-04-07,0,0,0,0,,,,0.0
Carrasco Bonito,2020-04-08,0,0,0,0,,,,0.0
Carrasco Bonito,2020-04-09,0,0,0,0,0.0,0.0,,0.0
Carrasco Bonito,2020-04-10,0,0,0,0,0.0,0.0,,0.0
Carrasco Bonito,2020-04-11,0,0,0,0,0.0,0.0,,0.0
Carrasco Bonito,2020-04-12,0,0,0,0,0.0,0.0,,0.0
Carrasco Bonito,2020-04-13,0,0,0,0,0.0,0.0,,0.0
Carrasco Bonito,2020-04-14,0,0,0,0,0.0,0.0,,0.0
Carrasco Bonito,2020-04-15,0,0,0,0,0.0,0.0,,0.0
Carrasco Bonito,2020-04-16,0,0,0,0,0.0,0.0,,0.0
Carrasco Bonito,2020-04-17,0,0,0,0,0.0,0.0,,0.0
Carrasco Bonito,2020-04-18,0,0,0,0,0.0,0.0,,0.0
Carrasco Bonito,2020-04-19,0,0,0,0,0.0,0.0,,0.0
Carrasco Bonito,2020-04-20,0,0,0,0,0.0,0.0,,0.0
Carrasco Bonito,2020-04-21,0,0,0,0,0.0,0.0,,0.0
Carrasco Bonito,2020-04-22,0,0,0,0,0.0,0.0,,0.0
Carrasco Bonito,2020-04-23,0,0,0,0,0.0,0.0,,0.0
Carrasco Bonito,2020-04-24,0,0,0,0,0.0,0.0,,0.0
Carrasco Bonito,2020-04-25,0,0,0,0,0.0,0.0,,0.0
Carrasco Bonito,2020-04-26,0,0,0,0,0.0,0.0,,0.0
Carrasco Bonito,2020-04-27,0,0,0,0,0.0,0.0,,0.0
Carrasco Bonito,2020-04-28,0,0,0,0,0.0,0.0,,0.0
Carrasco Bonito,2020-04-29,0,0,0,0,0.0,0.0,,0.0
Carrasco Bonito,2020-04-30,0,0,0,0,0.0,0.0,,0.0
Carrasco Bonito,2020-05-01,0,0,0,0,0.0,0.0,,0.0
Carrasco Bonito,2020-05-02,0,0,0,0,0.0,0.0,,0.0
Carrasco Bonito,2020-05-03,0,0,0,0,0.0,0.0,,0.0
Carrasco Bonito,2020-05-04,0,0,0,0,0.0,0.0,,0.0
Carrasco Bonito,2020-05-05,0,0,0,0,0.0,0.0,,0.0
Carrasco Bonito,2020-05-06,0,0,0,0,0.0,0.0,,0.0
Carrasco Bonito,2020-05-07,0,0,0,0,0.0,0.0,,0.0
Carrasco Bonito,2020-05-08,0,0,0,0,0.0,0.0,,0.0
Carrasco Bonito,2020-05-09,0,0,0,0,0.0,0.0,,0.0
Carrasco Bonito,2020-05-10,0,0,0,0,0.0,0.0,,0.0
Carrasco Bonito,2020-05-11,0,0,0,0,0.0,0.0,,0.0
Carrasco Bonito,2020-05-12,0,0,0,0,0.0,0.0,,0.0
Carrasco Bonito,2020-05-13,0,0,0,0,0.0,0.0,,0.0
Carrasco Bonito,2020-05-14,0,0,0,0,0.0,0.0,,0.0
Carrasco Bonito,2020-05-15,0,0,0,0,0.0,0.0,,0.0
Carrasco Bonito,2020-05-16,0,0,0,0,0.0,0.0,,0.0
Carrasco Bonito,2020-05-17,0,0,0,0,0.0,0.0,,0.0
Carrasco Bonito,2020-05-18,0,0,0,0,0.0,0.0,,0.0
Carrasco Bonito,2020-05-19,0,0,0,0,0.0,0.0,,0.0
Carrasco Bonito,2020-05-20,0,0,0,0,0.0,0.0,,0.0
Carrasco Bonito,2020-05-21,0,0,0,0,0.0,0.0,,0.0
Carrasco Bonito,2020-05-22,0,0,0,0,0.0,0.0,,0.0
Carrasco Bonito,2020-05-23,0,0,0,0,0.0,0.0,,0.0
Carrasco Bonito,2020-05-24,0,0,0,0,0.0,0.0,,0.0
Carrasco Bonito,2020-05-25,0,0,0,0,0.0,0.0,,0.0
Carrasco Bonito,2020-05-26,0,0,0,0,0.0,0.0,,0.0
Carrasco Bonito,2020-05-27,0,0,0,0,0.0,0.0,,0.0
Carrasco Bonito,2020-05-28,0,0,0,0,0.0,0.0,,0.0
Carrasco Bonito,2020-05-29,0,0,0,0,0.0,0.0,,0.0
Carrasco Bonito,2020-05-30,0,0,0,0,0.0,0.0,,0.0
Carrasco Bonito,2020-05-31,0,0,0,0,0.0,0.0,,0.0
Carrasco Bonito,2020-06-01,0,0,0,0,0.0,0.0,,0.0
Carrasco Bonito,2020-06-02,0,0,0,0,0.0,0.0,,0.0
Carrasco Bonito,2020-06-03,0,0,0,0,0.0,0.0,,0.0
Carrasco Bonito,2020-06-04,0,0,0,0,0.0,0.0,,0.0
Carrasco Bonito,2020-06-05,0,0,0,0,0.0,0.0,,0.0
Carrasco Bonito,2020-06-06,0,0,0,0,0.0,0.0,,0.0
Carrasco Bonito,2020-06-07,0,0,0,0,0.0,0.0,,0.0
Carrasco Bonito,2020-06-08,0,0,0,0,0.0,0.0,,0.0
Carrasco Bonito,2020-06-09,2,2,0,0,0.14285714285714285,0.0,,0.3010299956639812
Carrasco Bonito,2020-06-10,2,0,0,0,0.14285714285714285,0.0,,0.3010299956639812
Carrasco Bonito,2020-06-11,2,0,0,0,0.14285714285714285,0.0,,0.3010299956639812
Carrasco Bonito,2020-06-12,2,0,0,0,0.14285714285714285,0.0,,0.3010299956639812
Carrasco Bonito,2020-06-13,2,0,0,0,0.14285714285714285,0.0,,0.3010299956639812
Carrasco Bonito,2020-06-14,2,0,0,0,0.14285714285714285,0.0,,0.3010299956639812
Carrasco Bonito,2020-06-15,2,0,0,0,0.14285714285714285,0.0,,0.3010299956639812
Carrasco Bonito,2020-06-16,2,0,0,0,0.14285714285714285,0.0,,0.3010299956639812
Carrasco Bonito,2020-06-17,2,0,0,0,0.14285714285714285,0.0,,0.3010299956639812
Carrasco Bonito,2020-06-18,2,0,0,0,0.14285714285714285,0.0,,0.3010299956639812
Carrasco Bonito,2020-06-19,3,1,0,0,0.21428571428571427,0.0,,0.47712125471966244
Carrasco Bonito,2020-06-20,4,1,0,0,0.2857142857142857,0.0,,0.6020599913279624
Carrasco Bonito,2020-06-21,4,0,0,0,0.2857142857142857,0.0,,0.6020599913279624
Carrasco Bonito,2020-06-22,4,0,0,0,0.2857142857142857,0.0,,0.6020599913279624
Carrasco Bonito,2020-06-23,4,0,0,0,0.14285714285714285,0.0,,0.6020599913279624
Carrasco Bonito,2020-06-24,6,2,0,0,0.2857142857142857,0.0,,0.7781512503836436
Carrasco Bonito,2020-06-25,6,0,0,0,0.2857142857142857,0.0,,0.7781512503836436
Carrasco Bonito,2020-06-26,6,0,0,0,0.2857142857142857,0.0,,0.7781512503836436
Carrasco Bonito,2020-06-27,12,6,0,0,0.7142857142857143,0.0,,1.0791812460476249
Carrasco Bonito,2020-06-28,12,0,0,0,0.7142857142857143,0.0,,1.0791812460476249
Carrasco Bonito,2020-06-29,12,0,0,0,0.7142857142857143,0.0,,1.0791812460476249
Carrasco Bonito,2020-06-30,14,2,0,0,0.8571428571428571,0.0,,1.146128035678238
Carrasco Bonito,2020-07-01,14,0,0,0,0.8571428571428571,0.0,,1.146128035678238
Carrasco Bonito,2020-07-02,14,0,0,0,0.8571428571428571,0.0,,1.146128035678238
Carrasco Bonito,2020-07-03,14,0,0,0,0.7857142857142857,0.0,,1.146128035678238
Carrasco Bonito,2020-07-04,19,5,0,0,1.0714285714285714,0.0,,1.2787536009528289
Carrasco Bonito,2020-07-05,19,0,0,0,1.0714285714285714,0.0,,1.2787536009528289
Carrasco Bonito,2020-07-06,19,0,0,0,1.0714285714285714,0.0,,1.2787536009528289
Carrasco Bonito,2020-07-07,21,2,0,0,1.2142857142857142,0.0,,1.3222192947339193
Carrasco Bonito,2020-07-08,21,0,0,0,1.0714285714285714,0.0,,1.3222192947339193
Carrasco Bonito,2020-07-09,21,0,0,0,1.0714285714285714,0.0,,1.3222192947339193
Carrasco Bonito,2020-07-10,21,0,0,0,1.0714285714285714,0.0,,1.3222192947339193
Carrasco Bonito,2020-07-11,21,0,0,0,0.6428571428571429,0.0,,1.3222192947339193
Carrasco Bonito,2020-07-12,21,0,0,0,0.6428571428571429,0.0,,1.3222192947339193
Carrasco Bonito,2020-07-13,21,0,0,0,0.6428571428571429,0.0,,1.3222192947339193
Carrasco Bonito,2020-07-14,21,0,0,0,0.5,0.0,,1.3222192947339193
Carrasco Bonito,2020-07-15,25,4,0,0,0.7857142857142857,0.0,,1.3979400086720377
Carrasco Bonito,2020-07-16,26,1,0,0,0.8571428571428571,0.0,,1.414973347970818
Carrasco Bonito,2020-07-17,27,1,0,0,0.9285714285714286,0.0,,1.4313637641589874
Carrasco Bonito,2020-07-18,27,0,0,0,0.5714285714285714,0.0,,1.4313637641589874
Carrasco Bonito,2020-07-19,27,0,0,0,0.5714285714285714,0.0,,1.4313637641589874
Carrasco Bonito,2020-07-20,34,7,0,0,1.0714285714285714,0.0,,1.5314789170422551
Carrasco Bonito,2020-07-21,39,5,0,0,1.2857142857142858,0.0,,1.591064607026499
Carrasco Bonito,2020-07-22,41,2,0,0,1.4285714285714286,0.0,,1.6127838567197355
Carrasco Bonito,2020-07-23,42,1,0,0,1.5,0.0,,1.6232492903979006
Carrasco Bonito,2020-07-24,53,11,0,0,2.2857142857142856,0.0,,1.7242758696007892
Carrasco Bonito,2020-07-25,60,7,0,0,2.7857142857142856,0.0,,1.7781512503836436
Carrasco Bonito,2020-07-26,60,0,0,0,2.7857142857142856,0.0,,1.7781512503836436
Carrasco Bonito,2020-07-27,61,1,0,0,2.857142857142857,0.0,,1.7853298350107671
Carrasco Bonito,2020-07-28,71,10,0,0,3.5714285714285716,0.0,,1.8512583487190752
Carrasco Bonito,2020-07-29,79,8,0,0,3.857142857142857,0.0,,1.8976270912904414
Carrasco Bonito,2020-07-30,79,0,0,0,3.7857142857142856,0.0,,1.8976270912904414
Carrasco Bonito,2020-07-31,80,1,0,0,3.7857142857142856,0.0,,1.9030899869919435
Carrasco Bonito,2020-08-01,80,0,0,0,3.7857142857142856,0.0,,1.9030899869919435
Carrasco Bonito,2020-08-02,93,13,0,0,4.714285714285714,0.0,,1.968482948553935
Carrasco Bonito,2020-08-03,93,0,0,0,4.214285714285714,0.0,,1.968482948553935
Carrasco Bonito,2020-08-04,93,0,0,0,3.857142857142857,0.0,,1.968482948553935
Carrasco Bonito,2020-08-05,93,0,0,0,3.7142857142857144,0.0,,1.968482948553935
Carrasco Bonito,2020-08-06,113,20,0,0,5.071428571428571,0.0,,2.05307844348342
Carrasco Bonito,2020-08-07,115,2,0,0,4.428571428571429,0.0,,2.060697840353612
Carrasco Bonito,2020-08-08,122,7,0,0,4.428571428571429,0.0,,2.0863598306747484
Carrasco Bonito,2020-08-09,122,0,0,0,4.428571428571429,0.0,,2.0863598306747484
Carrasco Bonito,2020-08-10,122,0,0,0,4.357142857142857,0.0,,2.0863598306747484
Carrasco Bonito,2020-08-11,125,3,0,0,3.857142857142857,0.0,,2.0969100130080562
Carrasco Bonito,2020-08-12,136,11,0,0,4.071428571428571,0.0,,2.1335389083702174
Carrasco Bonito,2020-08-13,138,2,0,0,4.214285714285714,0.0,,2.1398790864012365
Carrasco Bonito,2020-08-14,142,4,0,0,4.428571428571429,0.0,,2.1522883443830563
Carrasco Bonito,2020-08-15,146,4,0,0,4.714285714285714,0.0,,2.164352855784437
Carrasco Bonito,2020-08-16,146,0,0,0,3.7857142857142856,0.0,,2.164352855784437
Carrasco Bonito,2020-08-17,146,0,0,0,3.7857142857142856,0.0,,2.164352855784437
Carrasco Bonito,2020-08-18,146,0,0,0,3.7857142857142856,0.0,,2.164352855784437
Carrasco Bonito,2020-08-19,161,15,0,0,4.857142857142857,0.0,,2.2068258760318495
Carrasco Bonito,2020-08-20,161,0,0,0,3.4285714285714284,0.0,,2.2068258760318495
Carrasco Bonito,2020-08-21,165,4,0,0,3.5714285714285716,0.0,,2.2174839442139063
Carrasco Bonito,2020-08-22,170,5,0,0,3.4285714285714284,0.0,,2.230448921378274
Carrasco Bonito,2020-08-23,170,0,0,0,3.4285714285714284,0.0,,2.230448921378274
Carrasco Bonito,2020-08-24,170,0,0,0,3.4285714285714284,0.0,,2.230448921378274
Carrasco Bonito,2020-08-25,170,0,0,0,3.2142857142857144,0.0,,2.230448921378274
Carrasco Bonito,2020-08-26,179,9,0,0,3.0714285714285716,0.0,,2.2528530309798933
Carrasco Bonito,2020-08-27,181,2,0,0,3.0714285714285716,0.0,,2.2576785748691846
Carrasco Bonito,2020-08-28,181,0,0,0,2.7857142857142856,0.0,,2.2576785748691846
Carrasco Bonito,2020-08-29,191,10,0,0,3.2142857142857144,0.0,,2.2810333672477277
Carrasco Bonito,2020-08-30,191,0,0,0,3.2142857142857144,0.0,,2.2810333672477277
Carrasco Bonito,2020-08-31,191,0,0,0,3.2142857142857144,0.0,,2.2810333672477277
Carrasco Bonito,2020-09-01,191,0,0,0,3.2142857142857144,0.0,,2.2810333672477277
Carrasco Bonito,2020-09-02,208,17,0,0,3.357142857142857,0.0,,2.3180633349627615
Carrasco Bonito,2020-09-03,208,0,0,0,3.357142857142857,0.0,,2.3180633349627615
Carrasco Bonito,2020-09-04,208,0,0,0,3.0714285714285716,0.0,,2.3180633349627615
Carrasco Bonito,2020-09-05,214,6,0,0,3.142857142857143,0.0,,2.330413773349191
Carrasco Bonito,2020-09-06,214,0,0,0,3.142857142857143,0.0,,2.330413773349191
Carrasco Bonito,2020-09-07,214,0,0,0,3.142857142857143,0.0,,2.330413773349191
Carrasco Bonito,2020-09-08,214,0,0,0,3.142857142857143,0.0,,2.330413773349191
Carrasco Bonito,2020-09-09,214,0,0,0,2.5,0.0,,2.330413773349191
Carrasco Bonito,2020-09-10,214,0,0,0,2.357142857142857,0.0,,2.330413773349191
Carrasco Bonito,2020-09-11,214,0,0,0,2.357142857142857,0.0,,2.330413773349191
Carrasco Bonito,2020-09-12,219,5,0,0,2.0,0.0,,2.3404441148401185
Carrasco Bonito,2020-09-13,219,0,0,0,2.0,0.0,,2.3404441148401185
Carrasco Bonito,2020-09-14,219,0,0,0,2.0,0.0,,2.3404441148401185
Carrasco Bonito,2020-09-15,223,4,0,0,2.2857142857142856,0.0,,2.3483048630481607
Carrasco Bonito,2020-09-16,222,-1,0,0,1.0,0.0,,2.346352974450639
Carrasco Bonito,2020-09-17,222,0,0,0,1.0,0.0,,2.346352974450639
Carrasco Bonito,2020-09-18,223,1,0,0,1.0714285714285714,0.0,,2.3483048630481607
Carrasco Bonito,2020-09-19,223,0,0,0,0.6428571428571429,0.0,,2.3483048630481607
Carrasco Bonito,2020-09-20,225,2,0,0,0.7857142857142857,0.0,,2.3521825181113627
Carrasco Bonito,2020-09-21,225,0,0,0,0.7857142857142857,0.0,,2.3521825181113627
Carrasco Bonito,2020-09-22,225,0,0,0,0.7857142857142857,0.0,,2.3521825181113627
Carrasco Bonito,2020-09-23,228,3,0,0,1.0,0.0,,2.357934847000454
Carrasco Bonito,2020-09-24,229,1,0,0,1.0714285714285714,0.0,,2.359835482339888
Carrasco Bonito,2020-09-25,229,0,0,0,1.0714285714285714,0.0,,2.359835482339888
Carrasco Bonito,2020-09-26,229,0,0,0,0.7142857142857143,0.0,,2.359835482339888
Carrasco Bonito,2020-09-27,229,0,0,0,0.7142857142857143,0.0,,2.359835482339888
Carrasco Bonito,2020-09-28,229,0,0,0,0.7142857142857143,0.0,,2.359835482339888
Carrasco Bonito,2020-09-29,234,5,0,0,0.7857142857142857,0.0,,2.369215857410143
Carrasco Bonito,2020-09-30,234,0,0,0,0.8571428571428571,0.0,,2.369215857410143
Carrasco Bonito,2020-10-01,234,0,0,0,0.8571428571428571,0.0,,2.369215857410143
Carrasco Bonito,2020-10-02,237,3,0,0,1.0,0.0,,2.374748346010104
Carrasco Bonito,2020-10-03,240,3,0,0,1.2142857142857142,0.0,,2.380211241711606
Carrasco Bonito,2020-10-04,240,0,0,0,1.0714285714285714,0.0,,2.380211241711606
Carrasco Bonito,2020-10-05,240,0,0,0,1.0714285714285714,0.0,,2.380211241711606
Carrasco Bonito,2020-10-06,240,0,0,0,1.0714285714285714,0.0,,2.380211241711606
Carrasco Bonito,2020-10-07,242,2,0,0,1.0,0.0,,2.383815365980431
Carrasco Bonito,2020-10-08,242,0,0,0,0.9285714285714286,0.0,,2.383815365980431
Carrasco Bonito,2020-10-09,243,1,0,0,1.0,0.0,,2.385606273598312
Carrasco Bonito,2020-10-10,245,2,0,0,1.1428571428571428,0.0,,2.3891660843645326
Carrasco Bonito,2020-10-11,245,0,0,0,1.1428571428571428,0.0,,2.3891660843645326
Carrasco Bonito,2020-10-12,245,0,0,0,1.1428571428571428,0.0,,2.3891660843645326
Carrasco Bonito,2020-10-13,245,0,0,0,0.7857142857142857,0.0,,2.3891660843645326
Carrasco Bonito,2020-10-14,245,0,0,0,0.7857142857142857,0.0,,2.3891660843645326
Carrasco Bonito,2020-10-15,245,0,0,0,0.7857142857142857,0.0,,2.3891660843645326
Carrasco Bonito,2020-10-16,252,7,0,0,1.0714285714285714,0.0,,2.401400540781544
Carrasco Bonito,2020-10-17,252,0,0,0,0.8571428571428571,0.0,,2.401400540781544
Carrasco Bonito,2020-10-18,252,0,0,0,0.8571428571428571,0.0,,2.401400540781544
Carrasco Bonito,2020-10-19,252,0,0,0,0.8571428571428571,0.0,,2.401400540781544
Carrasco Bonito,2020-10-20,254,2,0,0,1.0,0.0,,2.404833716619938
Carrasco Bonito,2020-10-21,255,1,0,0,0.9285714285714286,0.0,,2.406540180433955
Carrasco Bonito,2020-10-22,257,2,0,0,1.0714285714285714,0.0,,2.4099331233312946
Carrasco Bonito,2020-10-23,257,0,0,0,1.0,0.0,,2.4099331233312946
Carrasco Bonito,2020-10-24,257,0,0,0,0.8571428571428571,0.0,,2.4099331233312946
Carrasco Bonito,2020-10-25,257,0,0,0,0.8571428571428571,0.0,,2.4099331233312946
Carrasco Bonito,2020-10-26,257,0,0,0,0.8571428571428571,0.0,,2.4099331233312946
Carrasco Bonito,2020-10-27,257,0,0,0,0.8571428571428571,0.0,,2.4099331233312946
Carrasco Bonito,2020-10-28,257,0,0,0,0.8571428571428571,0.0,,2.4099331233312946
Carrasco Bonito,2020-10-29,257,0,0,0,0.8571428571428571,0.0,,2.4099331233312946
Carrasco Bonito,2020-10-30,259,2,0,0,0.5,0.0,,2.413299764081252
Carrasco Bonito,2020-10-31,259,0,0,0,0.5,0.0,,2.413299764081252
Carrasco Bonito,2020-11-01,259,0,0,0,0.5,0.0,,2.413299764081252
Carrasco Bonito,2020-11-02,259,0,0,0,0.5,0.0,,2.413299764081252
Carrasco Bonito,2020-11-03,259,0,0,0,0.35714285714285715,0.0,,2.413299764081252
Carrasco Bonito,2020-11-04,259,0,0,0,0.2857142857142857,0.0,,2.413299764081252
Carrasco Bonito,2020-11-05,259,0,0,0,0.14285714285714285,0.0,,2.413299764081252
Carrasco Bonito,2020-11-06,259,0,0,0,0.14285714285714285,0.0,,2.413299764081252
Carrasco Bonito,2020-11-07,259,0,0,0,0.14285714285714285,0.0,,2.413299764081252
Carrasco Bonito,2020-11-08,259,0,0,0,0.14285714285714285,0.0,,2.413299764081252
Carrasco Bonito,2020-11-09,259,0,0,0,0.14285714285714285,0.0,,2.413299764081252
Carrasco Bonito,2020-11-10,259,0,0,0,0.14285714285714285,0.0,,2.413299764081252
Carrasco Bonito,2020-11-11,259,0,0,0,0.14285714285714285,0.0,,2.413299764081252
Carrasco Bonito,2020-11-12,259,0,0,0,0.14285714285714285,0.0,,2.413299764081252
Carrasco Bonito,2020-11-13,259,0,0,0,0.0,0.0,,2.413299764081252
Carrasco Bonito,2020-11-14,259,0,0,0,0.0,0.0,,2.413299764081252
Carrasco Bonito,2020-11-15,259,0,0,0,0.0,0.0,,2.413299764081252
Carrasco Bonito,2020-11-16,259,0,0,0,0.0,0.0,,2.413299764081252
Carrasco Bonito,2020-11-17,259,0,0,0,0.0,0.0,,2.413299764081252
Carrasco Bonito,2020-11-18,259,0,0,0,0.0,0.0,,2.413299764081252
Carrasco Bonito,2020-11-19,260,1,0,0,0.07142857142857142,0.0,,2.4149733479708178
Carrasco Bonito,2020-11-20,260,0,0,0,0.07142857142857142,0.0,,2.4149733479708178
Carrasco Bonito,2020-11-21,260,0,0,0,0.07142857142857142,0.0,,2.4149733479708178
Carrasco Bonito,2020-11-22,260,0,0,0,0.07142857142857142,0.0,,2.4149733479708178
Carrasco Bonito,2020-11-23,260,0,0,0,0.07142857142857142,0.0,,2.4149733479708178
Carrasco Bonito,2020-11-24,260,0,0,0,0.07142857142857142,0.0,,2.4149733479708178
Carrasco Bonito,2020-11-25,260,0,0,0,0.07142857142857142,0.0,,2.4149733479708178
Carrasco Bonito,2020-11-26,260,0,0,0,0.07142857142857142,0.0,,2.4149733479708178
Carrasco Bonito,2020-11-27,260,0,0,0,0.07142857142857142,0.0,,2.4149733479708178
Carrasco Bonito,2020-11-28,261,1,0,0,0.14285714285714285,0.0,,2.416640507338281
Carrasco Bonito,2020-11-29,261,0,0,0,0.14285714285714285,0.0,,2.416640507338281
Carrasco Bonito,2020-11-30,261,0,0,0,0.14285714285714285,0.0,,2.416640507338281
Carrasco Bonito,2020-12-01,263,2,1,1,0.2857142857142857,0.07142857142857142,inf,2.419955748489758
Carrasco Bonito,2020-12-02,263,0,1,0,0.2857142857142857,0.07142857142857142,inf,2.419955748489758
Carrasco Bonito,2020-12-03,263,0,1,0,0.21428571428571427,0.07142857142857142,inf,2.419955748489758
Carrasco Bonito,2020-12-04,263,0,1,0,0.21428571428571427,0.07142857142857142,inf,2.419955748489758
Carrasco Bonito,2020-12-05,263,0,2,1,0.21428571428571427,0.14285714285714285,inf,2.419955748489758
Carrasco Bonito,2020-12-06,263,0,2,0,0.21428571428571427,0.14285714285714285,inf,2.419955748489758
Carrasco Bonito,2020-12-07,263,0,2,0,0.21428571428571427,0.14285714285714285,inf,2.419955748489758
Carrasco Bonito,2020-12-08,263,0,2,0,0.21428571428571427,0.14285714285714285,inf,2.419955748489758
Carrasco Bonito,2020-12-09,263,0,2,0,0.21428571428571427,0.14285714285714285,inf,2.419955748489758
Carrasco Bonito,2020-12-10,263,0,2,0,0.21428571428571427,0.14285714285714285,inf,2.419955748489758
Carrasco Bonito,2020-12-11,263,0,2,0,0.21428571428571427,0.14285714285714285,inf,2.419955748489758
Carrasco Bonito,2020-12-12,264,1,2,0,0.21428571428571427,0.14285714285714285,inf,2.4216039268698313
Carrasco Bonito,2020-12-13,265,1,3,1,0.2857142857142857,0.21428571428571427,inf,2.423245873936808
Carrasco Bonito,2020-12-14,265,0,3,0,0.2857142857142857,0.21428571428571427,inf,2.423245873936808
Carrasco Bonito,2020-12-15,265,0,3,0,0.14285714285714285,0.14285714285714285,1.0,2.423245873936808
Carrasco Bonito,2020-12-16,266,1,3,0,0.21428571428571427,0.14285714285714285,1.0,2.424881636631067
Carrasco Bonito,2020-12-17,266,0,3,0,0.21428571428571427,0.14285714285714285,1.0,2.424881636631067
Carrasco Bonito,2020-12-18,266,0,3,0,0.21428571428571427,0.14285714285714285,1.0,2.424881636631067
Carrasco Bonito,2020-12-19,268,2,3,0,0.35714285714285715,0.07142857142857142,-0.5,2.428134794028789
Carrasco Bonito,2020-12-20,268,0,3,0,0.35714285714285715,0.07142857142857142,-0.5,2.428134794028789
Carrasco Bonito,2020-12-21,268,0,3,0,0.35714285714285715,0.07142857142857142,-0.5,2.428134794028789
Carrasco Bonito,2020-12-22,268,0,3,0,0.35714285714285715,0.07142857142857142,-0.5,2.428134794028789
Carrasco Bonito,2020-12-23,268,0,3,0,0.35714285714285715,0.07142857142857142,-0.5,2.428134794028789
Carrasco Bonito,2020-12-24,268,0,3,0,0.35714285714285715,0.07142857142857142,-0.5,2.428134794028789
Carrasco Bonito,2020-12-25,268,0,3,0,0.35714285714285715,0.07142857142857142,-0.5,2.428134794028789
Carrasco Bonito,2020-12-26,268,0,3,0,0.2857142857142857,0.07142857142857142,-0.5,2.428134794028789
Carrasco Bonito,2020-12-27,268,0,3,0,0.21428571428571427,0.0,-1.0,2.428134794028789
Carrasco Bonito,2020-12-28,269,1,3,0,0.2857142857142857,0.0,-1.0,2.429752280002408
Carrasco Bonito,2020-12-29,270,1,3,0,0.35714285714285715,0.0,-1.0,2.4313637641589874
Carrasco Bonito,2020-12-30,270,0,3,0,0.2857142857142857,0.0,-1.0,2.4313637641589874
Carrasco Bonito,2020-12-31,270,0,3,0,0.2857142857142857,0.0,-1.0,2.4313637641589874
Carrasco Bonito,2021-01-01,270,0,3,0,0.2857142857142857,0.0,-1.0,2.4313637641589874
Carrasco Bonito,2021-01-02,270,0,3,0,0.14285714285714285,0.0,-1.0,2.4313637641589874
Carrasco Bonito,2021-01-03,270,0,3,0,0.14285714285714285,0.0,-1.0,2.4313637641589874
Carrasco Bonito,2021-01-04,270,0,3,0,0.14285714285714285,0.0,-1.0,2.4313637641589874
Carrasco Bonito,2021-01-05,270,0,3,0,0.14285714285714285,0.0,-1.0,2.4313637641589874
Carrasco Bonito,2021-01-06,270,0,3,0,0.14285714285714285,0.0,-1.0,2.4313637641589874
Carrasco Bonito,2021-01-07,270,0,3,0,0.14285714285714285,0.0,-1.0,2.4313637641589874
Carrasco Bonito,2021-01-08,270,0,3,0,0.14285714285714285,0.0,-1.0,2.4313637641589874
Carrasco Bonito,2021-01-09,270,0,3,0,0.14285714285714285,0.0,-1.0,2.4313637641589874
Carrasco Bonito,2021-01-10,270,0,3,0,0.14285714285714285,0.0,,2.4313637641589874
Carrasco Bonito,2021-01-11,270,0,3,0,0.07142857142857142,0.0,,2.4313637641589874
Carrasco Bonito,2021-01-12,270,0,3,0,0.0,0.0,,2.4313637641589874
Carrasco Bonito,2021-01-13,270,0,3,0,0.0,0.0,,2.4313637641589874
Carrasco Bonito,2021-01-14,270,0,3,0,0.0,0.0,,2.4313637641589874
Carrasco Bonito,2021-01-15,270,0,3,0,0.0,0.0,,2.4313637641589874
Carrasco Bonito,2021-01-16,270,0,3,0,0.0,0.0,,2.4313637641589874
Carrasco Bonito,2021-01-17,270,0,3,0,0.0,0.0,,2.4313637641589874
Carrasco Bonito,2021-01-18,270,0,3,0,0.0,0.0,,2.4313637641589874
Carrasco Bonito,2021-01-19,270,0,3,0,0.0,0.0,,2.4313637641589874
Carrasco Bonito,2021-01-20,270,0,3,0,0.0,0.0,,2.4313637641589874
Ananás,2020-03-27,0,0,0,0,,,,0.0
Ananás,2020-03-28,0,0,0,0,,,,0.0
Ananás,2020-03-29,0,0,0,0,,,,0.0
Ananás,2020-03-30,0,0,0,0,,,,0.0
Ananás,2020-03-31,0,0,0,0,,,,0.0
Ananás,2020-04-01,0,0,0,0,,,,0.0
Ananás,2020-04-02,0,0,0,0,,,,0.0
Ananás,2020-04-03,0,0,0,0,,,,0.0
Ananás,2020-04-04,0,0,0,0,,,,0.0
Ananás,2020-04-05,0,0,0,0,,,,0.0
Ananás,2020-04-06,0,0,0,0,,,,0.0
Ananás,2020-04-07,0,0,0,0,,,,0.0
Ananás,2020-04-08,0,0,0,0,,,,0.0
Ananás,2020-04-09,0,0,0,0,0.0,0.0,,0.0
Ananás,2020-04-10,0,0,0,0,0.0,0.0,,0.0
Ananás,2020-04-11,0,0,0,0,0.0,0.0,,0.0
Ananás,2020-04-12,0,0,0,0,0.0,0.0,,0.0
Ananás,2020-04-13,0,0,0,0,0.0,0.0,,0.0
Ananás,2020-04-14,0,0,0,0,0.0,0.0,,0.0
Ananás,2020-04-15,0,0,0,0,0.0,0.0,,0.0
Ananás,2020-04-16,0,0,0,0,0.0,0.0,,0.0
Ananás,2020-04-17,0,0,0,0,0.0,0.0,,0.0
Ananás,2020-04-18,0,0,0,0,0.0,0.0,,0.0
Ananás,2020-04-19,0,0,0,0,0.0,0.0,,0.0
Ananás,2020-04-20,0,0,0,0,0.0,0.0,,0.0
Ananás,2020-04-21,0,0,0,0,0.0,0.0,,0.0
Ananás,2020-04-22,0,0,0,0,0.0,0.0,,0.0
Ananás,2020-04-23,0,0,0,0,0.0,0.0,,0.0
Ananás,2020-04-24,0,0,0,0,0.0,0.0,,0.0
Ananás,2020-04-25,0,0,0,0,0.0,0.0,,0.0
Ananás,2020-04-26,0,0,0,0,0.0,0.0,,0.0
Ananás,2020-04-27,0,0,0,0,0.0,0.0,,0.0
Ananás,2020-04-28,0,0,0,0,0.0,0.0,,0.0
Ananás,2020-04-29,0,0,0,0,0.0,0.0,,0.0
Ananás,2020-04-30,0,0,0,0,0.0,0.0,,0.0
Ananás,2020-05-01,0,0,0,0,0.0,0.0,,0.0
Ananás,2020-05-02,0,0,0,0,0.0,0.0,,0.0
Ananás,2020-05-03,1,1,0,0,0.07142857142857142,0.0,,0.0
Ananás,2020-05-04,1,0,0,0,0.07142857142857142,0.0,,0.0
Ananás,2020-05-05,1,0,0,0,0.07142857142857142,0.0,,0.0
Ananás,2020-05-06,1,0,0,0,0.07142857142857142,0.0,,0.0
Ananás,2020-05-07,1,0,0,0,0.07142857142857142,0.0,,0.0
Ananás,2020-05-08,1,0,0,0,0.07142857142857142,0.0,,0.0
Ananás,2020-05-09,1,0,0,0,0.07142857142857142,0.0,,0.0
Ananás,2020-05-10,1,0,0,0,0.07142857142857142,0.0,,0.0
Ananás,2020-05-11,1,0,0,0,0.07142857142857142,0.0,,0.0
Ananás,2020-05-12,1,0,0,0,0.07142857142857142,0.0,,0.0
Ananás,2020-05-13,1,0,0,0,0.07142857142857142,0.0,,0.0
Ananás,2020-05-14,1,0,0,0,0.07142857142857142,0.0,,0.0
Ananás,2020-05-15,1,0,0,0,0.07142857142857142,0.0,,0.0
Ananás,2020-05-16,1,0,0,0,0.07142857142857142,0.0,,0.0
Ananás,2020-05-17,1,0,0,0,0.0,0.0,,0.0
Ananás,2020-05-18,1,0,0,0,0.0,0.0,,0.0
Ananás,2020-05-19,2,1,0,0,0.07142857142857142,0.0,,0.3010299956639812
Ananás,2020-05-20,3,1,0,0,0.14285714285714285,0.0,,0.47712125471966244
Ananás,2020-05-21,2,-1,0,0,0.07142857142857142,0.0,,0.3010299956639812
Ananás,2020-05-22,2,0,0,0,0.07142857142857142,0.0,,0.3010299956639812
Ananás,2020-05-23,2,0,0,0,0.07142857142857142,0.0,,0.3010299956639812
Ananás,2020-05-24,2,0,0,0,0.07142857142857142,0.0,,0.3010299956639812
Ananás,2020-05-25,2,0,0,0,0.07142857142857142,0.0,,0.3010299956639812
Ananás,2020-05-26,2,0,0,0,0.07142857142857142,0.0,,0.3010299956639812
Ananás,2020-05-27,2,0,0,0,0.07142857142857142,0.0,,0.3010299956639812
Ananás,2020-05-28,2,0,0,0,0.07142857142857142,0.0,,0.3010299956639812
Ananás,2020-05-29,2,0,0,0,0.07142857142857142,0.0,,0.3010299956639812
Ananás,2020-05-30,4,2,0,0,0.21428571428571427,0.0,,0.6020599913279624
Ananás,2020-05-31,4,0,0,0,0.21428571428571427,0.0,,0.6020599913279624
Ananás,2020-06-01,6,2,0,0,0.35714285714285715,0.0,,0.7781512503836436
Ananás,2020-06-02,5,-1,0,0,0.21428571428571427,0.0,,0.6989700043360189
Ananás,2020-06-03,6,1,0,0,0.21428571428571427,0.0,,0.7781512503836436
Ananás,2020-06-04,9,3,0,0,0.5,0.0,,0.9542425094393249
Ananás,2020-06-05,9,0,0,0,0.5,0.0,,0.9542425094393249
Ananás,2020-06-06,10,1,0,0,0.5714285714285714,0.0,,1.0
Ananás,2020-06-07,10,0,0,0,0.5714285714285714,0.0,,1.0
Ananás,2020-06-08,11,1,0,0,0.6428571428571429,0.0,,1.041392685158225
Ananás,2020-06-09,15,4,0,0,0.9285714285714286,0.0,,1.1760912590556813
Ananás,2020-06-10,16,1,0,0,1.0,0.0,,1.2041199826559248
Ananás,2020-06-11,16,0,0,0,1.0,0.0,,1.2041199826559248
Ananás,2020-06-12,16,0,0,0,1.0,0.0,,1.2041199826559248
Ananás,2020-06-13,16,0,0,0,0.8571428571428571,0.0,,1.2041199826559248
Ananás,2020-06-14,16,0,0,0,0.8571428571428571,0.0,,1.2041199826559248
Ananás,2020-06-15,16,0,0,0,0.7142857142857143,0.0,,1.2041199826559248
Ananás,2020-06-16,19,3,0,0,1.0,0.0,,1.2787536009528289
Ananás,2020-06-17,19,0,0,0,0.9285714285714286,0.0,,1.2787536009528289
Ananás,2020-06-18,22,3,0,0,0.9285714285714286,0.0,,1.3424226808222062
Ananás,2020-06-19,22,0,0,0,0.9285714285714286,0.0,,1.3424226808222062
Ananás,2020-06-20,22,0,0,0,0.8571428571428571,0.0,,1.3424226808222062
Ananás,2020-06-21,23,1,0,0,0.9285714285714286,0.0,,1.3617278360175928
Ananás,2020-06-22,23,0,0,0,0.8571428571428571,0.0,,1.3617278360175928
Ananás,2020-06-23,27,4,0,0,0.8571428571428571,0.0,,1.4313637641589874
Ananás,2020-06-24,27,0,0,0,0.7857142857142857,0.0,,1.4313637641589874
Ananás,2020-06-25,27,0,0,0,0.7857142857142857,0.0,,1.4313637641589874
Ananás,2020-06-26,30,3,0,0,1.0,0.0,,1.4771212547196624
Ananás,2020-06-27,31,1,0,0,1.0714285714285714,0.0,,1.4913616938342726
Ananás,2020-06-28,31,0,0,0,1.0714285714285714,0.0,,1.4913616938342726
Ananás,2020-06-29,31,0,0,0,1.0714285714285714,0.0,,1.4913616938342726
Ananás,2020-06-30,31,0,0,0,0.8571428571428571,0.0,,1.4913616938342726
Ananás,2020-07-01,36,5,0,0,1.2142857142857142,0.0,,1.5563025007672873
Ananás,2020-07-02,37,1,0,0,1.0714285714285714,0.0,,1.568201724066995
Ananás,2020-07-03,41,4,0,0,1.3571428571428572,0.0,,1.6127838567197355
Ananás,2020-07-04,42,1,0,0,1.4285714285714286,0.0,,1.6232492903979006
Ananás,2020-07-05,43,1,0,0,1.4285714285714286,0.0,,1.6334684555795866
Ananás,2020-07-06,43,0,0,0,1.4285714285714286,0.0,,1.6334684555795866
Ananás,2020-07-07,45,2,0,0,1.2857142857142858,0.0,,1.6532125137753437
Ananás,2020-07-08,46,1,0,0,1.3571428571428572,0.0,,1.662757831681574
Ananás,2020-07-09,48,2,1,1,1.5,0.07142857142857142,inf,1.6812412373755872
Ananás,2020-07-10,49,1,1,0,1.3571428571428572,0.07142857142857142,inf,1.6901960800285136
Ananás,2020-07-11,53,4,1,0,1.5714285714285714,0.07142857142857142,inf,1.7242758696007892
Ananás,2020-07-12,53,0,1,0,1.5714285714285714,0.07142857142857142,inf,1.7242758696007892
Ananás,2020-07-13,53,0,1,0,1.5714285714285714,0.07142857142857142,inf,1.7242758696007892
Ananás,2020-07-14,57,4,1,0,1.8571428571428572,0.07142857142857142,inf,1.7558748556724915
Ananás,2020-07-15,64,7,1,0,2.0,0.07142857142857142,inf,1.806179973983887
Ananás,2020-07-16,67,3,2,1,2.142857142857143,0.14285714285714285,inf,1.8260748027008264
Ananás,2020-07-17,70,3,2,0,2.0714285714285716,0.14285714285714285,inf,1.845098040014257
Ananás,2020-07-18,71,1,2,0,2.0714285714285716,0.14285714285714285,inf,1.8512583487190752
Ananás,2020-07-19,71,0,2,0,2.0,0.14285714285714285,inf,1.8512583487190752
Ananás,2020-07-20,73,2,2,0,2.142857142857143,0.14285714285714285,inf,1.863322860120456
Ananás,2020-07-21,74,1,2,0,2.0714285714285716,0.14285714285714285,inf,1.8692317197309762
Ananás,2020-07-22,76,2,2,0,2.142857142857143,0.14285714285714285,inf,1.8808135922807914
Ananás,2020-07-23,83,7,2,0,2.5,0.07142857142857142,0.0,1.919078092376074
Ananás,2020-07-24,96,13,3,1,3.357142857142857,0.14285714285714285,1.0,1.9822712330395684
Ananás,2020-07-25,99,3,3,0,3.2857142857142856,0.14285714285714285,1.0,1.99563519459755
Ananás,2020-07-26,99,0,3,0,3.2857142857142856,0.14285714285714285,1.0,1.99563519459755
Ananás,2020-07-27,99,0,3,0,3.2857142857142856,0.14285714285714285,1.0,1.99563519459755
Ananás,2020-07-28,100,1,3,0,3.0714285714285716,0.14285714285714285,1.0,2.0
Ananás,2020-07-29,100,0,3,0,2.5714285714285716,0.14285714285714285,1.0,2.0
Ananás,2020-07-30,100,0,3,0,2.357142857142857,0.07142857142857142,-0.5,2.0
Ananás,2020-07-31,100,0,3,0,2.142857142857143,0.07142857142857142,-0.5,2.0
Ananás,2020-08-01,100,0,3,0,2.0714285714285716,0.07142857142857142,-0.5,2.0
Ananás,2020-08-02,101,1,3,0,2.142857142857143,0.07142857142857142,-0.5,2.0043213737826426
Ananás,2020-08-03,101,0,3,0,2.0,0.07142857142857142,-0.5,2.0043213737826426
Ananás,2020-08-04,106,5,3,0,2.2857142857142856,0.07142857142857142,-0.5,2.0253058652647704
Ananás,2020-08-05,111,5,3,0,2.5,0.07142857142857142,-0.5,2.0453229787866576
Ananás,2020-08-06,113,2,3,0,2.142857142857143,0.07142857142857142,0.0,2.05307844348342
Ananás,2020-08-07,114,1,3,0,1.2857142857142858,0.0,-1.0,2.0569048513364727
Ananás,2020-08-08,115,1,3,0,1.1428571428571428,0.0,-1.0,2.060697840353612
Ananás,2020-08-09,115,0,3,0,1.1428571428571428,0.0,-1.0,2.060697840353612
Ananás,2020-08-10,116,1,3,0,1.2142857142857142,0.0,-1.0,2.0644579892269186
Ananás,2020-08-11,119,3,6,3,1.3571428571428572,0.21428571428571427,0.5,2.075546961392531
Ananás,2020-08-12,123,4,6,0,1.6428571428571428,0.21428571428571427,0.5,2.089905111439398
Ananás,2020-08-13,129,6,6,0,2.0714285714285716,0.21428571428571427,2.0,2.110589710299249
Ananás,2020-08-14,129,0,6,0,2.0714285714285716,0.21428571428571427,2.0,2.110589710299249
Ananás,2020-08-15,129,0,6,0,2.0714285714285716,0.21428571428571427,2.0,2.110589710299249
Ananás,2020-08-16,128,-1,6,0,1.9285714285714286,0.21428571428571427,2.0,2.1072099696478683
Ananás,2020-08-17,128,0,6,0,1.9285714285714286,0.21428571428571427,2.0,2.1072099696478683
Ananás,2020-08-18,129,1,6,0,1.6428571428571428,0.21428571428571427,2.0,2.110589710299249
Ananás,2020-08-19,129,0,6,0,1.2857142857142858,0.21428571428571427,2.0,2.110589710299249
Ananás,2020-08-20,140,11,6,0,1.9285714285714286,0.21428571428571427,2.0,2.146128035678238
Ananás,2020-08-21,140,0,6,0,1.8571428571428572,0.21428571428571427,inf,2.146128035678238
Ananás,2020-08-22,161,21,6,0,3.2857142857142856,0.21428571428571427,inf,2.2068258760318495
Ananás,2020-08-23,161,0,6,0,3.2857142857142856,0.21428571428571427,inf,2.2068258760318495
Ananás,2020-08-24,161,0,6,0,3.2142857142857144,0.21428571428571427,inf,2.2068258760318495
Ananás,2020-08-25,163,2,6,0,3.142857142857143,0.0,-1.0,2.2121876044039577
Ananás,2020-08-26,163,0,6,0,2.857142857142857,0.0,-1.0,2.2121876044039577
Ananás,2020-08-27,163,0,6,0,2.4285714285714284,0.0,-1.0,2.2121876044039577
Ananás,2020-08-28,190,27,6,0,4.357142857142857,0.0,-1.0,2.278753600952829
Ananás,2020-08-29,197,7,6,0,4.857142857142857,0.0,-1.0,2.294466226161593
Ananás,2020-08-30,197,0,6,0,4.928571428571429,0.0,-1.0,2.294466226161593
Ananás,2020-08-31,197,0,6,0,4.928571428571429,0.0,-1.0,2.294466226161593
Ananás,2020-09-01,202,5,6,0,5.214285714285714,0.0,-1.0,2.305351369446624
Ananás,2020-09-02,203,1,6,0,5.285714285714286,0.0,-1.0,2.307496037913213
Ananás,2020-09-03,204,1,6,0,4.571428571428571,0.0,-1.0,2.3096301674258988
Ananás,2020-09-04,204,0,6,0,4.571428571428571,0.0,-1.0,2.3096301674258988
Ananás,2020-09-05,214,10,6,0,3.7857142857142856,0.0,-1.0,2.330413773349191
Ananás,2020-09-06,214,0,6,0,3.7857142857142856,0.0,-1.0,2.330413773349191
Ananás,2020-09-07,214,0,6,0,3.7857142857142856,0.0,-1.0,2.330413773349191
Ananás,2020-09-08,214,0,6,0,3.642857142857143,0.0,,2.330413773349191
Ananás,2020-09-09,215,1,6,0,3.7142857142857144,0.0,,2.3324384599156054
Ananás,2020-09-10,227,12,6,0,4.571428571428571,0.0,,2.3560258571931225
Ananás,2020-09-11,228,1,6,0,2.7142857142857144,0.0,,2.357934847000454
Ananás,2020-09-12,228,0,6,0,2.2142857142857144,0.0,,2.357934847000454
Ananás,2020-09-13,229,1,6,0,2.2857142857142856,0.0,,2.359835482339888
Ananás,2020-09-14,229,0,6,0,2.2857142857142856,0.0,,2.359835482339888
Ananás,2020-09-15,235,6,6,0,2.357142857142857,0.0,,2.3710678622717363
Ananás,2020-09-16,235,0,6,0,2.2857142857142856,0.0,,2.3710678622717363
Ananás,2020-09-17,236,1,7,1,2.2857142857142856,0.07142857142857142,inf,2.3729120029701067
Ananás,2020-09-18,257,21,11,4,3.7857142857142856,0.35714285714285715,inf,2.4099331233312946
Ananás,2020-09-19,258,1,11,0,3.142857142857143,0.35714285714285715,inf,2.41161970596323
Ananás,2020-09-20,258,0,11,0,3.142857142857143,0.35714285714285715,inf,2.41161970596323
Ananás,2020-09-21,258,0,11,0,3.142857142857143,0.35714285714285715,inf,2.41161970596323
Ananás,2020-09-22,274,16,11,0,4.285714285714286,0.35714285714285715,inf,2.437750562820388
Ananás,2020-09-23,276,2,11,0,4.357142857142857,0.35714285714285715,inf,2.4409090820652177
Ananás,2020-09-24,278,2,11,0,3.642857142857143,0.35714285714285715,inf,2.444044795918076
Ananás,2020-09-25,290,12,11,0,4.428571428571429,0.35714285714285715,inf,2.462397997898956
Ananás,2020-09-26,292,2,11,0,4.571428571428571,0.35714285714285715,inf,2.4653828514484184
Ananás,2020-09-27,292,0,11,0,4.5,0.35714285714285715,inf,2.4653828514484184
Ananás,2020-09-28,292,0,11,0,4.5,0.35714285714285715,inf,2.4653828514484184
Ananás,2020-09-29,312,20,11,0,5.5,0.35714285714285715,inf,2.494154594018443
Ananás,2020-09-30,318,6,11,0,5.928571428571429,0.35714285714285715,inf,2.5024271199844326
Ananás,2020-10-01,319,1,11,0,5.928571428571429,0.2857142857142857,3.0,2.503790683057181
Ananás,2020-10-02,326,7,11,0,4.928571428571429,0.0,-1.0,2.513217600067939
Ananás,2020-10-03,333,7,11,0,5.357142857142857,0.0,-1.0,2.5224442335063197
Ananás,2020-10-04,333,0,11,0,5.357142857142857,0.0,-1.0,2.5224442335063197
Ananás,2020-10-05,333,0,11,0,5.357142857142857,0.0,-1.0,2.5224442335063197
Ananás,2020-10-06,333,0,11,0,4.214285714285714,0.0,-1.0,2.5224442335063197
Ananás,2020-10-07,341,8,11,0,4.642857142857143,0.0,-1.0,2.5327543789924976
Ananás,2020-10-08,341,0,11,0,4.5,0.0,-1.0,2.5327543789924976
Ananás,2020-10-09,341,0,11,0,3.642857142857143,0.0,-1.0,2.5327543789924976
Ananás,2020-10-10,341,0,11,0,3.5,0.0,-1.0,2.5327543789924976
Ananás,2020-10-11,341,0,11,0,3.5,0.0,-1.0,2.5327543789924976
Ananás,2020-10-12,341,0,11,0,3.5,0.0,-1.0,2.5327543789924976
Ananás,2020-10-13,341,0,11,0,2.0714285714285716,0.0,-1.0,2.5327543789924976
Ananás,2020-10-14,341,0,11,0,1.6428571428571428,0.0,-1.0,2.5327543789924976
Ananás,2020-10-15,346,5,11,0,1.9285714285714286,0.0,-1.0,2.5390760987927767
Ananás,2020-10-16,347,1,11,0,1.5,0.0,,2.5403294747908736
Ananás,2020-10-17,352,5,11,0,1.3571428571428572,0.0,,2.546542663478131
Ananás,2020-10-18,352,0,11,0,1.3571428571428572,0.0,,2.546542663478131
Ananás,2020-10-19,353,1,11,0,1.4285714285714286,0.0,,2.5477747053878224
Ananás,2020-10-20,353,0,11,0,1.4285714285714286,0.0,,2.5477747053878224
Ananás,2020-10-21,359,6,11,0,1.2857142857142858,0.0,,2.5550944485783194
Ananás,2020-10-22,363,4,11,0,1.5714285714285714,0.0,,2.5599066250361124
Ananás,2020-10-23,367,4,11,0,1.8571428571428572,0.0,,2.5646660642520893
Ananás,2020-10-24,367,0,11,0,1.8571428571428572,0.0,,2.5646660642520893
Ananás,2020-10-25,367,0,11,0,1.8571428571428572,0.0,,2.5646660642520893
Ananás,2020-10-26,367,0,11,0,1.8571428571428572,0.0,,2.5646660642520893
Ananás,2020-10-27,367,0,11,0,1.8571428571428572,0.0,,2.5646660642520893
Ananás,2020-10-28,367,0,11,0,1.8571428571428572,0.0,,2.5646660642520893
Ananás,2020-10-29,374,7,11,0,2.0,0.0,,2.5728716022004803
Ananás,2020-10-30,374,0,11,0,1.9285714285714286,0.0,,2.5728716022004803
Ananás,2020-10-31,377,3,11,0,1.7857142857142858,0.0,,2.576341350205793
Ananás,2020-11-01,377,0,11,0,1.7857142857142858,0.0,,2.576341350205793
Ananás,2020-11-02,377,0,11,0,1.7142857142857142,0.0,,2.576341350205793
Ananás,2020-11-03,377,0,11,0,1.7142857142857142,0.0,,2.576341350205793
Ananás,2020-11-04,393,16,11,0,2.4285714285714284,0.0,,2.5943925503754266
Ananás,2020-11-05,395,2,11,0,2.2857142857142856,0.0,,2.59659709562646
Ananás,2020-11-06,396,1,11,0,2.0714285714285716,0.0,,2.597695185925512
Ananás,2020-11-07,398,2,11,0,2.2142857142857144,0.0,,2.5998830720736876
Ananás,2020-11-08,398,0,11,0,2.2142857142857144,0.0,,2.5998830720736876
Ananás,2020-11-09,398,0,11,0,2.2142857142857144,0.0,,2.5998830720736876
Ananás,2020-11-10,407,9,11,0,2.857142857142857,0.0,,2.60959440922522
Ananás,2020-11-11,409,2,11,0,3.0,0.0,,2.611723308007342
Ananás,2020-11-12,419,10,11,0,3.2142857142857144,0.0,,2.622214022966295
Ananás,2020-11-13,421,2,11,0,3.357142857142857,0.0,,2.6242820958356683
Ananás,2020-11-14,421,0,11,0,3.142857142857143,0.0,,2.6242820958356683
Ananás,2020-11-15,421,0,11,0,3.142857142857143,0.0,,2.6242820958356683
Ananás,2020-11-16,421,0,11,0,3.142857142857143,0.0,,2.6242820958356683
Ananás,2020-11-17,421,0,11,0,3.142857142857143,0.0,,2.6242820958356683
Ananás,2020-11-18,422,1,11,0,2.0714285714285716,0.0,,2.625312450961674
Ananás,2020-11-19,437,15,11,0,3.0,0.0,,2.640481436970422
Ananás,2020-11-20,439,2,11,0,3.0714285714285716,0.0,,2.6424645202421213
Ananás,2020-11-21,449,10,11,0,3.642857142857143,0.0,,2.6522463410033232
Ananás,2020-11-22,449,0,11,0,3.642857142857143,0.0,,2.6522463410033232
Ananás,2020-11-23,449,0,11,0,3.642857142857143,0.0,,2.6522463410033232
Ananás,2020-11-24,454,5,11,0,3.357142857142857,0.0,,2.6570558528571038
Ananás,2020-11-25,465,11,11,0,4.0,0.0,,2.667452952889954
Ananás,2020-11-26,486,21,11,0,4.785714285714286,0.0,,2.6866362692622934
Ananás,2020-11-27,501,15,11,0,5.714285714285714,0.0,,2.699837725867246
Ananás,2020-11-28,510,9,12,1,6.357142857142857,0.07142857142857142,inf,2.7075701760979363
Ananás,2020-11-29,510,0,12,0,6.357142857142857,0.07142857142857142,inf,2.7075701760979363
Ananás,2020-11-30,517,7,12,0,6.857142857142857,0.07142857142857142,inf,2.7134905430939424
Ananás,2020-12-01,521,4,12,0,7.142857142857143,0.07142857142857142,inf,2.7168377232995247
Ananás,2020-12-02,521,0,12,0,7.071428571428571,0.07142857142857142,inf,2.7168377232995247
Ananás,2020-12-03,521,0,12,0,6.0,0.07142857142857142,inf,2.7168377232995247
Ananás,2020-12-04,534,13,12,0,6.785714285714286,0.07142857142857142,inf,2.727541257028556
Ananás,2020-12-05,548,14,12,0,7.071428571428571,0.07142857142857142,inf,2.738780558484369
Ananás,2020-12-06,548,0,12,0,7.071428571428571,0.07142857142857142,inf,2.738780558484369
Ananás,2020-12-07,548,0,13,1,7.071428571428571,0.14285714285714285,inf,2.738780558484369
Ananás,2020-12-08,563,15,13,0,7.785714285714286,0.14285714285714285,inf,2.7505083948513462
Ananás,2020-12-09,575,12,13,0,7.857142857142857,0.14285714285714285,inf,2.7596678446896306
Ananás,2020-12-10,588,13,13,0,7.285714285714286,0.14285714285714285,inf,2.7693773260761385
Ananás,2020-12-11,588,0,13,0,6.214285714285714,0.14285714285714285,inf,2.7693773260761385
Ananás,2020-12-12,589,1,13,0,5.642857142857143,0.07142857142857142,0.0,2.7701152947871015
Ananás,2020-12-13,589,0,13,0,5.642857142857143,0.07142857142857142,0.0,2.7701152947871015
Ananás,2020-12-14,589,0,13,0,5.142857142857143,0.07142857142857142,0.0,2.7701152947871015
Ananás,2020-12-15,591,2,13,0,5.0,0.07142857142857142,0.0,2.7715874808812555
Ananás,2020-12-16,612,21,13,0,6.5,0.07142857142857142,0.0,2.7867514221455614
Ananás,2020-12-17,623,11,13,0,7.285714285714286,0.07142857142857142,0.0,2.7944880466591697
Ananás,2020-12-18,632,9,14,1,7.0,0.14285714285714285,1.0,2.800717078282385
Ananás,2020-12-19,634,2,14,0,6.142857142857143,0.14285714285714285,1.0,2.8020892578817325
Ananás,2020-12-20,634,0,14,0,6.142857142857143,0.14285714285714285,1.0,2.8020892578817325
Ananás,2020-12-21,634,0,14,0,6.142857142857143,0.07142857142857142,-0.5,2.8020892578817325
Ananás,2020-12-22,647,13,14,0,6.0,0.07142857142857142,-0.5,2.8109042806687006
Ananás,2020-12-23,647,0,14,0,5.142857142857143,0.07142857142857142,-0.5,2.8109042806687006
Ananás,2020-12-24,647,0,14,0,4.214285714285714,0.07142857142857142,-0.5,2.8109042806687006
Ananás,2020-12-25,660,13,14,0,5.142857142857143,0.07142857142857142,-0.5,2.8195439355418688
Ananás,2020-12-26,660,0,14,0,5.071428571428571,0.07142857142857142,0.0,2.8195439355418688
Ananás,2020-12-27,677,17,14,0,6.285714285714286,0.07142857142857142,0.0,2.8305886686851442
Ananás,2020-12-28,677,0,14,0,6.285714285714286,0.07142857142857142,0.0,2.8305886686851442
Ananás,2020-12-29,677,0,14,0,6.142857142857143,0.07142857142857142,0.0,2.8305886686851442
Ananás,2020-12-30,682,5,14,0,5.0,0.07142857142857142,0.0,2.833784374656479
Ananás,2020-12-31,682,0,14,0,4.214285714285714,0.07142857142857142,0.0,2.833784374656479
Ananás,2021-01-01,704,22,14,0,5.142857142857143,0.0,-1.0,2.847572659142112
Ananás,2021-01-02,704,0,15,1,5.0,0.07142857142857142,-0.5,2.847572659142112
Ananás,2021-01-03,704,0,15,0,5.0,0.07142857142857142,-0.5,2.847572659142112
Ananás,2021-01-04,704,0,15,0,5.0,0.07142857142857142,0.0,2.847572659142112
Ananás,2021-01-05,704,0,15,0,4.071428571428571,0.07142857142857142,0.0,2.847572659142112
Ananás,2021-01-06,710,6,15,0,4.5,0.07142857142857142,0.0,2.8512583487190755
Ananás,2021-01-07,727,17,15,0,5.714285714285714,0.07142857142857142,0.0,2.8615344108590377
Ananás,2021-01-08,738,11,15,0,5.571428571428571,0.07142857142857142,0.0,2.8680563618230415
Ananás,2021-01-09,739,1,15,0,5.642857142857143,0.07142857142857142,0.0,2.8686444383948255
Ananás,2021-01-10,739,0,15,0,4.428571428571429,0.07142857142857142,0.0,2.8686444383948255
Ananás,2021-01-11,739,0,15,0,4.428571428571429,0.07142857142857142,0.0,2.8686444383948255
Ananás,2021-01-12,754,15,16,1,5.5,0.14285714285714285,1.0,2.877371345869774
Ananás,2021-01-13,766,12,16,0,6.0,0.14285714285714285,1.0,2.884228769632604
Ananás,2021-01-14,769,3,16,0,6.214285714285714,0.14285714285714285,1.0,2.885926339801431
Ananás,2021-01-15,778,9,16,0,5.285714285714286,0.14285714285714285,inf,2.890979596989689
Ananás,2021-01-16,778,0,16,0,5.285714285714286,0.07142857142857142,0.0,2.890979596989689
Ananás,2021-01-17,778,0,16,0,5.285714285714286,0.07142857142857142,0.0,2.890979596989689
Ananás,2021-01-18,778,0,16,0,5.285714285714286,0.07142857142857142,0.0,2.890979596989689
Ananás,2021-01-19,794,16,16,0,6.428571428571429,0.07142857142857142,0.0,2.8998205024270964
Ananás,2021-01-20,801,7,17,1,6.5,0.14285714285714285,1.0,2.9036325160842376
Aguiarnópolis,2020-03-27,0,0,0,0,,,,0.0
Aguiarnópolis,2020-03-28,0,0,0,0,,,,0.0
Aguiarnópolis,2020-03-29,0,0,0,0,,,,0.0
Aguiarnópolis,2020-03-30,0,0,0,0,,,,0.0
Aguiarnópolis,2020-03-31,0,0,0,0,,,,0.0
Aguiarnópolis,2020-04-01,0,0,0,0,,,,0.0
Aguiarnópolis,2020-04-02,0,0,0,0,,,,0.0
Aguiarnópolis,2020-04-03,0,0,0,0,,,,0.0
Aguiarnópolis,2020-04-04,0,0,0,0,,,,0.0
Aguiarnópolis,2020-04-05,0,0,0,0,,,,0.0
Aguiarnópolis,2020-04-06,0,0,0,0,,,,0.0
Aguiarnópolis,2020-04-07,0,0,0,0,,,,0.0
Aguiarnópolis,2020-04-08,0,0,0,0,,,,0.0
Aguiarnópolis,2020-04-09,0,0,0,0,0.0,0.0,,0.0
Aguiarnópolis,2020-04-10,0,0,0,0,0.0,0.0,,0.0
Aguiarnópolis,2020-04-11,0,0,0,0,0.0,0.0,,0.0
Aguiarnópolis,2020-04-12,0,0,0,0,0.0,0.0,,0.0
Aguiarnópolis,2020-04-13,0,0,0,0,0.0,0.0,,0.0
Aguiarnópolis,2020-04-14,0,0,0,0,0.0,0.0,,0.0
Aguiarnópolis,2020-04-15,0,0,0,0,0.0,0.0,,0.0
Aguiarnópolis,2020-04-16,0,0,0,0,0.0,0.0,,0.0
Aguiarnópolis,2020-04-17,0,0,0,0,0.0,0.0,,0.0
Aguiarnópolis,2020-04-18,0,0,0,0,0.0,0.0,,0.0
Aguiarnópolis,2020-04-19,0,0,0,0,0.0,0.0,,0.0
Aguiarnópolis,2020-04-20,0,0,0,0,0.0,0.0,,0.0
Aguiarnópolis,2020-04-21,0,0,0,0,0.0,0.0,,0.0
Aguiarnópolis,2020-04-22,0,0,0,0,0.0,0.0,,0.0
Aguiarnópolis,2020-04-23,0,0,0,0,0.0,0.0,,0.0
Aguiarnópolis,2020-04-24,0,0,0,0,0.0,0.0,,0.0
Aguiarnópolis,2020-04-25,0,0,0,0,0.0,0.0,,0.0
Aguiarnópolis,2020-04-26,0,0,0,0,0.0,0.0,,0.0
Aguiarnópolis,2020-04-27,0,0,0,0,0.0,0.0,,0.0
Aguiarnópolis,2020-04-28,0,0,0,0,0.0,0.0,,0.0
Aguiarnópolis,2020-04-29,0,0,0,0,0.0,0.0,,0.0
Aguiarnópolis,2020-04-30,0,0,0,0,0.0,0.0,,0.0
Aguiarnópolis,2020-05-01,0,0,0,0,0.0,0.0,,0.0
Aguiarnópolis,2020-05-02,0,0,0,0,0.0,0.0,,0.0
Aguiarnópolis,2020-05-03,1,1,0,0,0.07142857142857142,0.0,,0.0
Aguiarnópolis,2020-05-04,1,0,1,1,0.07142857142857142,0.07142857142857142,inf,0.0
Aguiarnópolis,2020-05-05,1,0,1,0,0.07142857142857142,0.07142857142857142,inf,0.0
Aguiarnópolis,2020-05-06,1,0,1,0,0.07142857142857142,0.07142857142857142,inf,0.0
Aguiarnópolis,2020-05-07,2,1,1,0,0.14285714285714285,0.07142857142857142,inf,0.3010299956639812
Aguiarnópolis,2020-05-08,2,0,1,0,0.14285714285714285,0.07142857142857142,inf,0.3010299956639812
Aguiarnópolis,2020-05-09,2,0,1,0,0.14285714285714285,0.07142857142857142,inf,0.3010299956639812
Aguiarnópolis,2020-05-10,2,0,1,0,0.14285714285714285,0.07142857142857142,inf,0.3010299956639812
Aguiarnópolis,2020-05-11,2,0,1,0,0.14285714285714285,0.07142857142857142,inf,0.3010299956639812
Aguiarnópolis,2020-05-12,2,0,1,0,0.14285714285714285,0.07142857142857142,inf,0.3010299956639812
Aguiarnópolis,2020-05-13,2,0,1,0,0.14285714285714285,0.07142857142857142,inf,0.3010299956639812
Aguiarnópolis,2020-05-14,2,0,1,0,0.14285714285714285,0.07142857142857142,inf,0.3010299956639812
Aguiarnópolis,2020-05-15,3,1,1,0,0.21428571428571427,0.07142857142857142,inf,0.47712125471966244
Aguiarnópolis,2020-05-16,4,1,1,0,0.2857142857142857,0.07142857142857142,inf,0.6020599913279624
Aguiarnópolis,2020-05-17,5,1,1,0,0.2857142857142857,0.07142857142857142,inf,0.6989700043360189
Aguiarnópolis,2020-05-18,5,0,1,0,0.2857142857142857,0.0,-1.0,0.6989700043360189
Aguiarnópolis,2020-05-19,7,2,1,0,0.42857142857142855,0.0,-1.0,0.8450980400142568
Aguiarnópolis,2020-05-20,9,2,1,0,0.5714285714285714,0.0,-1.0,0.9542425094393249
Aguiarnópolis,2020-05-21,10,1,1,0,0.5714285714285714,0.0,-1.0,1.0
Aguiarnópolis,2020-05-22,10,0,1,0,0.5714285714285714,0.0,-1.0,1.0
Aguiarnópolis,2020-05-23,12,2,1,0,0.7142857142857143,0.0,-1.0,1.0791812460476249
Aguiarnópolis,2020-05-24,12,0,1,0,0.7142857142857143,0.0,-1.0,1.0791812460476249
Aguiarnópolis,2020-05-25,12,0,1,0,0.7142857142857143,0.0,-1.0,1.0791812460476249
Aguiarnópolis,2020-05-26,19,7,1,0,1.2142857142857142,0.0,-1.0,1.2787536009528289
Aguiarnópolis,2020-05-27,21,2,1,0,1.3571428571428572,0.0,-1.0,1.3222192947339193
Aguiarnópolis,2020-05-28,28,7,1,0,1.8571428571428572,0.0,-1.0,1.4471580313422192
Aguiarnópolis,2020-05-29,31,3,1,0,2.0,0.0,-1.0,1.4913616938342726
Aguiarnópolis,2020-05-30,35,4,1,0,2.2142857142857144,0.0,-1.0,1.5440680443502757
Aguiarnópolis,2020-05-31,37,2,1,0,2.2857142857142856,0.0,-1.0,1.568201724066995
Aguiarnópolis,2020-06-01,36,-1,1,0,2.2142857142857144,0.0,,1.5563025007672873
Aguiarnópolis,2020-06-02,39,3,1,0,2.2857142857142856,0.0,,1.591064607026499
Aguiarnópolis,2020-06-03,41,2,1,0,2.2857142857142856,0.0,,1.6127838567197355
Aguiarnópolis,2020-06-04,45,4,1,0,2.5,0.0,,1.6532125137753437
Aguiarnópolis,2020-06-05,48,3,1,0,2.7142857142857144,0.0,,1.6812412373755872
Aguiarnópolis,2020-06-06,55,7,1,0,3.0714285714285716,0.0,,1.7403626894942439
Aguiarnópolis,2020-06-07,55,0,1,0,3.0714285714285716,0.0,,1.7403626894942439
Aguiarnópolis,2020-06-08,55,0,1,0,3.0714285714285716,0.0,,1.7403626894942439
Aguiarnópolis,2020-06-09,70,15,1,0,3.642857142857143,0.0,,1.845098040014257
Aguiarnópolis,2020-06-10,73,3,2,1,3.7142857142857144,0.07142857142857142,inf,1.863322860120456
Aguiarnópolis,2020-06-11,79,6,2,0,3.642857142857143,0.07142857142857142,inf,1.8976270912904414
Aguiarnópolis,2020-06-12,80,1,2,0,3.5,0.07142857142857142,inf,1.9030899869919435
Aguiarnópolis,2020-06-13,81,1,2,0,3.2857142857142856,0.07142857142857142,inf,1.9084850188786497
Aguiarnópolis,2020-06-14,81,0,2,0,3.142857142857143,0.07142857142857142,inf,1.9084850188786497
Aguiarnópolis,2020-06-15,88,7,2,0,3.7142857142857144,0.07142857142857142,inf,1.9444826721501687
Aguiarnópolis,2020-06-16,94,6,2,0,3.9285714285714284,0.07142857142857142,inf,1.9731278535996986
Aguiarnópolis,2020-06-17,95,1,3,1,3.857142857142857,0.14285714285714285,inf,1.9777236052888478
Aguiarnópolis,2020-06-18,97,2,3,0,3.7142857142857144,0.14285714285714285,inf,1.9867717342662448
Aguiarnópolis,2020-06-19,103,6,3,0,3.9285714285714284,0.14285714285714285,inf,2.012837224705172
Aguiarnópolis,2020-06-20,104,1,4,1,3.5,0.21428571428571427,inf,2.0170333392987803
Aguiarnópolis,2020-06-21,104,0,4,0,3.5,0.21428571428571427,inf,2.0170333392987803
Aguiarnópolis,2020-06-22,104,0,4,0,3.5,0.21428571428571427,inf,2.0170333392987803
Aguiarnópolis,2020-06-23,111,7,4,0,2.9285714285714284,0.21428571428571427,inf,2.0453229787866576
Aguiarnópolis,2020-06-24,112,1,4,0,2.7857142857142856,0.14285714285714285,1.0,2.0492180226701815
Aguiarnópolis,2020-06-25,112,0,4,0,2.357142857142857,0.14285714285714285,1.0,2.0492180226701815
Aguiarnópolis,2020-06-26,117,5,4,0,2.642857142857143,0.14285714285714285,1.0,2.0681858617461617
Aguiarnópolis,2020-06-27,123,6,4,0,3.0,0.14285714285714285,1.0,2.089905111439398
Aguiarnópolis,2020-06-28,123,0,4,0,3.0,0.14285714285714285,1.0,2.089905111439398
Aguiarnópolis,2020-06-29,123,0,4,0,2.5,0.14285714285714285,1.0,2.089905111439398
Aguiarnópolis,2020-06-30,139,16,4,0,3.2142857142857144,0.14285714285714285,1.0,2.143014800254095
Aguiarnópolis,2020-07-01,143,4,4,0,3.4285714285714284,0.07142857142857142,-0.5,2.155336037465062
Aguiarnópolis,2020-07-02,151,8,4,0,3.857142857142857,0.07142857142857142,-0.5,2.1789769472931693
Aguiarnópolis,2020-07-03,155,4,4,0,3.7142857142857144,0.07142857142857142,-0.5,2.1903316981702914
Aguiarnópolis,2020-07-04,159,4,4,0,3.9285714285714284,0.0,-1.0,2.2013971243204513
Aguiarnópolis,2020-07-05,159,0,4,0,3.9285714285714284,0.0,-1.0,2.2013971243204513
Aguiarnópolis,2020-07-06,159,0,4,0,3.9285714285714284,0.0,-1.0,2.2013971243204513
Aguiarnópolis,2020-07-07,170,11,4,0,4.214285714285714,0.0,-1.0,2.230448921378274
Aguiarnópolis,2020-07-08,187,17,4,0,5.357142857142857,0.0,-1.0,2.271841606536499
Aguiarnópolis,2020-07-09,191,4,4,0,5.642857142857143,0.0,-1.0,2.2810333672477277
Aguiarnópolis,2020-07-10,196,5,4,0,5.642857142857143,0.0,-1.0,2.292256071356476
Aguiarnópolis,2020-07-11,202,6,4,0,5.642857142857143,0.0,-1.0,2.305351369446624
Aguiarnópolis,2020-07-12,203,1,4,0,5.714285714285714,0.0,-1.0,2.307496037913213
Aguiarnópolis,2020-07-13,203,0,4,0,5.714285714285714,0.0,-1.0,2.307496037913213
Aguiarnópolis,2020-07-14,216,13,5,1,5.5,0.07142857142857142,-0.5,2.3344537511509307
Aguiarnópolis,2020-07-15,222,6,5,0,5.642857142857143,0.07142857142857142,0.0,2.346352974450639
Aguiarnópolis,2020-07-16,222,0,5,0,5.071428571428571,0.07142857142857142,0.0,2.346352974450639
Aguiarnópolis,2020-07-17,222,0,5,0,4.785714285714286,0.07142857142857142,0.0,2.346352974450639
Aguiarnópolis,2020-07-18,229,7,5,0,5.0,0.07142857142857142,inf,2.359835482339888
Aguiarnópolis,2020-07-19,231,2,5,0,5.142857142857143,0.07142857142857142,inf,2.3636119798921444
Aguiarnópolis,2020-07-20,234,3,6,1,5.357142857142857,0.14285714285714285,inf,2.369215857410143
Aguiarnópolis,2020-07-21,242,8,6,0,5.142857142857143,0.14285714285714285,inf,2.383815365980431
Aguiarnópolis,2020-07-22,245,3,6,0,4.142857142857143,0.14285714285714285,inf,2.3891660843645326
Aguiarnópolis,2020-07-23,248,3,6,0,4.071428571428571,0.14285714285714285,inf,2.3944516808262164
Aguiarnópolis,2020-07-24,251,3,6,0,3.9285714285714284,0.14285714285714285,inf,2.399673721481038
Aguiarnópolis,2020-07-25,260,9,6,0,4.142857142857143,0.14285714285714285,inf,2.4149733479708178
Aguiarnópolis,2020-07-26,261,1,6,0,4.142857142857143,0.14285714285714285,inf,2.416640507338281
Aguiarnópolis,2020-07-27,261,0,6,0,4.142857142857143,0.14285714285714285,inf,2.416640507338281
Aguiarnópolis,2020-07-28,274,13,6,0,4.142857142857143,0.07142857142857142,0.0,2.437750562820388
Aguiarnópolis,2020-07-29,276,2,6,0,3.857142857142857,0.07142857142857142,0.0,2.4409090820652177
Aguiarnópolis,2020-07-30,278,2,6,0,4.0,0.07142857142857142,0.0,2.444044795918076
Aguiarnópolis,2020-07-31,279,1,6,0,4.071428571428571,0.07142857142857142,0.0,2.4456042032735974
Aguiarnópolis,2020-08-01,279,0,6,0,3.5714285714285716,0.07142857142857142,0.0,2.4456042032735974
Aguiarnópolis,2020-08-02,289,10,6,0,4.142857142857143,0.07142857142857142,0.0,2.4608978427565478
Aguiarnópolis,2020-08-03,291,2,6,0,4.071428571428571,0.0,-1.0,2.4638929889859074
Aguiarnópolis,2020-08-04,303,12,6,0,4.357142857142857,0.0,-1.0,2.481442628502305
Aguiarnópolis,2020-08-05,306,3,6,0,4.357142857142857,0.0,-1.0,2.48572142648158
Aguiarnópolis,2020-08-06,310,4,6,0,4.428571428571429,0.0,-1.0,2.4913616938342726
Aguiarnópolis,2020-08-07,315,5,6,0,4.571428571428571,0.0,-1.0,2.4983105537896004
Aguiarnópolis,2020-08-08,319,4,6,0,4.214285714285714,0.0,-1.0,2.503790683057181
Aguiarnópolis,2020-08-09,321,2,6,0,4.285714285714286,0.0,-1.0,2.506505032404872
Aguiarnópolis,2020-08-10,327,6,6,0,4.714285714285714,0.0,-1.0,2.514547752660286
Aguiarnópolis,2020-08-11,330,3,6,0,4.0,0.0,-1.0,2.5185139398778875
Aguiarnópolis,2020-08-12,334,4,6,0,4.142857142857143,0.0,-1.0,2.5237464668115646
Aguiarnópolis,2020-08-13,335,1,6,0,4.071428571428571,0.0,-1.0,2.525044807036845
Aguiarnópolis,2020-08-14,342,7,6,0,4.5,0.0,-1.0,2.534026106056135
Aguiarnópolis,2020-08-15,346,4,6,0,4.785714285714286,0.0,-1.0,2.5390760987927767
Aguiarnópolis,2020-08-16,351,5,6,0,4.428571428571429,0.0,-1.0,2.545307116465824
Aguiarnópolis,2020-08-17,353,2,6,0,4.428571428571429,0.0,,2.5477747053878224
Aguiarnópolis,2020-08-18,356,3,6,0,3.7857142857142856,0.0,,2.5514499979728753
Aguiarnópolis,2020-08-19,360,4,6,0,3.857142857142857,0.0,,2.5563025007672873
Aguiarnópolis,2020-08-20,363,3,6,0,3.7857142857142856,0.0,,2.5599066250361124
Aguiarnópolis,2020-08-21,366,3,6,0,3.642857142857143,0.0,,2.5634810853944106
Aguiarnópolis,2020-08-22,367,1,6,0,3.4285714285714284,0.0,,2.5646660642520893
Aguiarnópolis,2020-08-23,369,2,6,0,3.4285714285714284,0.0,,2.56702636615906
Aguiarnópolis,2020-08-24,369,0,6,0,3.0,0.0,,2.56702636615906
Aguiarnópolis,2020-08-25,371,2,7,1,2.9285714285714284,0.07142857142857142,inf,2.569373909615046
Aguiarnópolis,2020-08-26,376,5,7,0,3.0,0.07142857142857142,inf,2.575187844927661
Aguiarnópolis,2020-08-27,377,1,7,0,3.0,0.07142857142857142,inf,2.576341350205793
Aguiarnópolis,2020-08-28,378,1,8,1,2.5714285714285716,0.14285714285714285,inf,2.577491799837225
Aguiarnópolis,2020-08-29,378,0,8,0,2.2857142857142856,0.14285714285714285,inf,2.577491799837225
Aguiarnópolis,2020-08-30,379,1,8,0,2.0,0.14285714285714285,inf,2.578639209968072
Aguiarnópolis,2020-08-31,379,0,8,0,1.8571428571428572,0.14285714285714285,inf,2.578639209968072
Aguiarnópolis,2020-09-01,381,2,8,0,1.7857142857142858,0.14285714285714285,inf,2.5809249756756194
Aguiarnópolis,2020-09-02,386,5,8,0,1.8571428571428572,0.14285714285714285,inf,2.586587304671755
Aguiarnópolis,2020-09-03,388,2,8,0,1.7857142857142858,0.14285714285714285,inf,2.5888317255942073
Aguiarnópolis,2020-09-04,393,5,8,0,1.9285714285714286,0.14285714285714285,inf,2.5943925503754266
Aguiarnópolis,2020-09-05,403,10,8,0,2.5714285714285716,0.14285714285714285,inf,2.6053050461411096
Aguiarnópolis,2020-09-06,404,1,8,0,2.5,0.14285714285714285,inf,2.606381365110605
Aguiarnópolis,2020-09-07,404,0,8,0,2.5,0.14285714285714285,inf,2.606381365110605
Aguiarnópolis,2020-09-08,404,0,8,0,2.357142857142857,0.07142857142857142,0.0,2.606381365110605
Aguiarnópolis,2020-09-09,405,1,8,0,2.0714285714285716,0.07142857142857142,0.0,2.6074550232146687
Aguiarnópolis,2020-09-10,405,0,8,0,2.0,0.07142857142857142,0.0,2.6074550232146687
Aguiarnópolis,2020-09-11,405,0,8,0,1.9285714285714286,0.0,-1.0,2.6074550232146687
Aguiarnópolis,2020-09-12,405,0,8,0,1.9285714285714286,0.0,-1.0,2.6074550232146687
Aguiarnópolis,2020-09-13,406,1,8,0,1.9285714285714286,0.0,-1.0,2.6085260335771943
Aguiarnópolis,2020-09-14,406,0,8,0,1.9285714285714286,0.0,-1.0,2.6085260335771943
Aguiarnópolis,2020-09-15,408,2,8,0,1.9285714285714286,0.0,-1.0,2.61066016308988
Aguiarnópolis,2020-09-16,408,0,8,0,1.5714285714285714,0.0,-1.0,2.61066016308988
Aguiarnópolis,2020-09-17,408,0,8,0,1.4285714285714286,0.0,-1.0,2.61066016308988
Aguiarnópolis,2020-09-18,408,0,8,0,1.0714285714285714,0.0,-1.0,2.61066016308988
Aguiarnópolis,2020-09-19,408,0,8,0,0.35714285714285715,0.0,-1.0,2.61066016308988
Aguiarnópolis,2020-09-20,408,0,8,0,0.2857142857142857,0.0,-1.0,2.61066016308988
Aguiarnópolis,2020-09-21,408,0,8,0,0.2857142857142857,0.0,-1.0,2.61066016308988
Aguiarnópolis,2020-09-22,409,1,8,0,0.35714285714285715,0.0,-1.0,2.611723308007342
Aguiarnópolis,2020-09-23,410,1,8,0,0.35714285714285715,0.0,-1.0,2.6127838567197355
Aguiarnópolis,2020-09-24,411,1,8,0,0.42857142857142855,0.0,-1.0,2.6138418218760693
Aguiarnópolis,2020-09-25,411,0,8,0,0.42857142857142855,0.0,,2.6138418218760693
Aguiarnópolis,2020-09-26,411,0,8,0,0.42857142857142855,0.0,,2.6138418218760693
Aguiarnópolis,2020-09-27,411,0,8,0,0.35714285714285715,0.0,,2.6138418218760693
Aguiarnópolis,2020-09-28,411,0,8,0,0.35714285714285715,0.0,,2.6138418218760693
Aguiarnópolis,2020-09-29,413,2,8,0,0.35714285714285715,0.0,,2.615950051656401
Aguiarnópolis,2020-09-30,415,2,8,0,0.5,0.0,,2.6180480967120925
Aguiarnópolis,2020-10-01,415,0,8,0,0.5,0.0,,2.6180480967120925
Aguiarnópolis,2020-10-02,416,1,9,1,0.5714285714285714,0.07142857142857142,inf,2.6190933306267428
Aguiarnópolis,2020-10-03,418,2,9,0,0.7142857142857143,0.07142857142857142,inf,2.621176281775035
Aguiarnópolis,2020-10-04,418,0,9,0,0.7142857142857143,0.07142857142857142,inf,2.621176281775035
Aguiarnópolis,2020-10-05,418,0,9,0,0.7142857142857143,0.07142857142857142,inf,2.621176281775035
Aguiarnópolis,2020-10-06,420,2,9,0,0.7857142857142857,0.07142857142857142,inf,2.6232492903979003
Aguiarnópolis,2020-10-07,421,1,9,0,0.7857142857142857,0.07142857142857142,inf,2.6242820958356683
Aguiarnópolis,2020-10-08,421,0,9,0,0.7142857142857143,0.07142857142857142,inf,2.6242820958356683
Aguiarnópolis,2020-10-09,421,0,9,0,0.7142857142857143,0.07142857142857142,inf,2.6242820958356683
Aguiarnópolis,2020-10-10,421,0,9,0,0.7142857142857143,0.07142857142857142,inf,2.6242820958356683
Aguiarnópolis,2020-10-11,421,0,9,0,0.7142857142857143,0.07142857142857142,inf,2.6242820958356683
Aguiarnópolis,2020-10-12,421,0,9,0,0.7142857142857143,0.07142857142857142,inf,2.6242820958356683
Aguiarnópolis,2020-10-13,421,0,9,0,0.5714285714285714,0.07142857142857142,inf,2.6242820958356683
Aguiarnópolis,2020-10-14,421,0,9,0,0.42857142857142855,0.07142857142857142,inf,2.6242820958356683
Aguiarnópolis,2020-10-15,421,0,9,0,0.42857142857142855,0.07142857142857142,inf,2.6242820958356683
Aguiarnópolis,2020-10-16,421,0,9,0,0.35714285714285715,0.0,-1.0,2.6242820958356683
Aguiarnópolis,2020-10-17,421,0,9,0,0.21428571428571427,0.0,-1.0,2.6242820958356683
Aguiarnópolis,2020-10-18,421,0,9,0,0.21428571428571427,0.0,-1.0,2.6242820958356683
Aguiarnópolis,2020-10-19,422,1,9,0,0.2857142857142857,0.0,-1.0,2.625312450961674
Aguiarnópolis,2020-10-20,422,0,9,0,0.14285714285714285,0.0,-1.0,2.625312450961674
Aguiarnópolis,2020-10-21,423,1,9,0,0.14285714285714285,0.0,-1.0,2.6263403673750423
Aguiarnópolis,2020-10-22,424,1,9,0,0.21428571428571427,0.0,-1.0,2.6273658565927325
Aguiarnópolis,2020-10-23,425,1,9,0,0.2857142857142857,0.0,-1.0,2.6283889300503116
Aguiarnópolis,2020-10-24,425,0,9,0,0.2857142857142857,0.0,-1.0,2.6283889300503116
Aguiarnópolis,2020-10-25,425,0,9,0,0.2857142857142857,0.0,-1.0,2.6283889300503116
Aguiarnópolis,2020-10-26,425,0,9,0,0.2857142857142857,0.0,-1.0,2.6283889300503116
Aguiarnópolis,2020-10-27,425,0,9,0,0.2857142857142857,0.0,-1.0,2.6283889300503116
Aguiarnópolis,2020-10-28,425,0,9,0,0.2857142857142857,0.0,-1.0,2.6283889300503116
Aguiarnópolis,2020-10-29,427,2,9,0,0.42857142857142855,0.0,-1.0,2.630427875025024
Aguiarnópolis,2020-10-30,430,3,9,0,0.6428571428571429,0.0,,2.6334684555795866
Aguiarnópolis,2020-10-31,431,1,9,0,0.7142857142857143,0.0,,2.6344772701607315
Aguiarnópolis,2020-11-01,431,0,9,0,0.7142857142857143,0.0,,2.6344772701607315
Aguiarnópolis,2020-11-02,431,0,9,0,0.6428571428571429,0.0,,2.6344772701607315
Aguiarnópolis,2020-11-03,431,0,9,0,0.6428571428571429,0.0,,2.6344772701607315
Aguiarnópolis,2020-11-04,431,0,9,0,0.5714285714285714,0.0,,2.6344772701607315
Aguiarnópolis,2020-11-05,431,0,9,0,0.5,0.0,,2.6344772701607315
Aguiarnópolis,2020-11-06,431,0,9,0,0.42857142857142855,0.0,,2.6344772701607315
Aguiarnópolis,2020-11-07,432,1,9,0,0.5,0.0,,2.635483746814912
Aguiarnópolis,2020-11-08,432,0,9,0,0.5,0.0,,2.635483746814912
Aguiarnópolis,2020-11-09,432,0,9,0,0.5,0.0,,2.635483746814912
Aguiarnópolis,2020-11-10,431,-1,9,0,0.42857142857142855,0.0,,2.6344772701607315
Aguiarnópolis,2020-11-11,431,0,9,0,0.42857142857142855,0.0,,2.6344772701607315
Aguiarnópolis,2020-11-12,431,0,9,0,0.2857142857142857,0.0,,2.6344772701607315
Aguiarnópolis,2020-11-13,432,1,9,0,0.14285714285714285,0.0,,2.635483746814912
Aguiarnópolis,2020-11-14,434,2,9,0,0.21428571428571427,0.0,,2.637489729512511
Aguiarnópolis,2020-11-15,434,0,9,0,0.21428571428571427,0.0,,2.637489729512511
Aguiarnópolis,2020-11-16,435,1,9,0,0.2857142857142857,0.0,,2.6384892569546374
Aguiarnópolis,2020-11-17,435,0,9,0,0.2857142857142857,0.0,,2.6384892569546374
Aguiarnópolis,2020-11-18,435,0,9,0,0.2857142857142857,0.0,,2.6384892569546374
Aguiarnópolis,2020-11-19,436,1,9,0,0.35714285714285715,0.0,,2.639486489268586
Aguiarnópolis,2020-11-20,437,1,9,0,0.42857142857142855,0.0,,2.640481436970422
Aguiarnópolis,2020-11-21,438,1,9,0,0.42857142857142855,0.0,,2.6414741105040993
Aguiarnópolis,2020-11-22,439,1,9,0,0.5,0.0,,2.6424645202421213
Aguiarnópolis,2020-11-23,439,0,9,0,0.5,0.0,,2.6424645202421213
Aguiarnópolis,2020-11-24,439,0,9,0,0.5714285714285714,0.0,,2.6424645202421213
Aguiarnópolis,2020-11-25,440,1,9,0,0.6428571428571429,0.0,,2.6434526764861874
Aguiarnópolis,2020-11-26,441,1,9,0,0.7142857142857143,0.0,,2.6444385894678386
Aguiarnópolis,2020-11-27,442,1,9,0,0.7142857142857143,0.0,,2.645422269349092
Aguiarnópolis,2020-11-28,441,-1,9,0,0.5,0.0,,2.6444385894678386
Aguiarnópolis,2020-11-29,441,0,9,0,0.5,0.0,,2.6444385894678386
Aguiarnópolis,2020-11-30,441,0,9,0,0.42857142857142855,0.0,,2.6444385894678386
Aguiarnópolis,2020-12-01,446,5,9,0,0.7857142857142857,0.0,,2.649334858712142
Aguiarnópolis,2020-12-02,446,0,9,0,0.7857142857142857,0.0,,2.649334858712142
Aguiarnópolis,2020-12-03,447,1,9,0,0.7857142857142857,0.0,,2.6503075231319366
Aguiarnópolis,2020-12-04,447,0,9,0,0.7142857142857143,0.0,,2.6503075231319366
Aguiarnópolis,2020-12-05,448,1,9,0,0.7142857142857143,0.0,,2.651278013998144
Aguiarnópolis,2020-12-06,448,0,9,0,0.6428571428571429,0.0,,2.651278013998144
Aguiarnópolis,2020-12-07,448,0,9,0,0.6428571428571429,0.0,,2.651278013998144
Aguiarnópolis,2020-12-08,448,0,9,0,0.6428571428571429,0.0,,2.651278013998144
Aguiarnópolis,2020-12-09,453,5,9,0,0.9285714285714286,0.0,,2.656098202012832
Aguiarnópolis,2020-12-10,454,1,9,0,0.9285714285714286,0.0,,2.6570558528571038
Aguiarnópolis,2020-12-11,456,2,9,0,1.0,0.0,,2.6589648426644352
Aguiarnópolis,2020-12-12,456,0,9,0,1.0714285714285714,0.0,,2.6589648426644352
Aguiarnópolis,2020-12-13,456,0,9,0,1.0714285714285714,0.0,,2.6589648426644352
Aguiarnópolis,2020-12-14,457,1,9,0,1.1428571428571428,0.0,,2.6599162000698504
Aguiarnópolis,2020-12-15,457,0,9,0,0.7857142857142857,0.0,,2.6599162000698504
Aguiarnópolis,2020-12-16,459,2,9,0,0.9285714285714286,0.0,,2.661812685537261
Aguiarnópolis,2020-12-17,459,0,9,0,0.8571428571428571,0.0,,2.661812685537261
Aguiarnópolis,2020-12-18,460,1,9,0,0.9285714285714286,0.0,,2.6627578316815743
Aguiarnópolis,2020-12-19,460,0,9,0,0.8571428571428571,0.0,,2.6627578316815743
Aguiarnópolis,2020-12-20,460,0,9,0,0.8571428571428571,0.0,,2.6627578316815743
Aguiarnópolis,2020-12-21,460,0,9,0,0.8571428571428571,0.0,,2.6627578316815743
Aguiarnópolis,2020-12-22,461,1,9,0,0.9285714285714286,0.0,,2.663700925389648
Aguiarnópolis,2020-12-23,463,2,9,0,0.7142857142857143,0.0,,2.6655809910179533
Aguiarnópolis,2020-12-24,463,0,9,0,0.6428571428571429,0.0,,2.6655809910179533
Aguiarnópolis,2020-12-25,463,0,9,0,0.5,0.0,,2.6655809910179533
Aguiarnópolis,2020-12-26,463,0,9,0,0.5,0.0,,2.6655809910179533
Aguiarnópolis,2020-12-27,463,0,9,0,0.5,0.0,,2.6655809910179533
Aguiarnópolis,2020-12-28,465,2,9,0,0.5714285714285714,0.0,,2.667452952889954
Aguiarnópolis,2020-12-29,466,1,9,0,0.6428571428571429,0.0,,2.66838591669
Aguiarnópolis,2020-12-30,466,0,9,0,0.5,0.0,,2.66838591669
Aguiarnópolis,2020-12-31,467,1,9,0,0.5714285714285714,0.0,,2.6693168805661123
Aguiarnópolis,2021-01-01,467,0,9,0,0.5,0.0,,2.6693168805661123
Aguiarnópolis,2021-01-02,467,0,9,0,0.5,0.0,,2.6693168805661123
Aguiarnópolis,2021-01-03,467,0,9,0,0.5,0.0,,2.6693168805661123
Aguiarnópolis,2021-01-04,467,0,9,0,0.5,0.0,,2.6693168805661123
Aguiarnópolis,2021-01-05,467,0,9,0,0.42857142857142855,0.0,,2.6693168805661123
Aguiarnópolis,2021-01-06,466,-1,9,0,0.21428571428571427,0.0,,2.66838591669
Aguiarnópolis,2021-01-07,466,0,9,0,0.21428571428571427,0.0,,2.66838591669
Aguiarnópolis,2021-01-08,466,0,9,0,0.21428571428571427,0.0,,2.66838591669
Aguiarnópolis,2021-01-09,466,0,9,0,0.21428571428571427,0.0,,2.66838591669
Aguiarnópolis,2021-01-10,466,0,9,0,0.21428571428571427,0.0,,2.66838591669
Aguiarnópolis,2021-01-11,466,0,9,0,0.07142857142857142,0.0,,2.66838591669
Aguiarnópolis,2021-01-12,466,0,9,0,0.0,0.0,,2.66838591669
Aguiarnópolis,2021-01-13,466,0,9,0,0.0,0.0,,2.66838591669
Aguiarnópolis,2021-01-14,466,0,9,0,-0.07142857142857142,0.0,,2.66838591669
Aguiarnópolis,2021-01-15,467,1,9,0,0.0,0.0,,2.6693168805661123
Aguiarnópolis,2021-01-16,468,1,9,0,0.07142857142857142,0.0,,2.670245853074124
Aguiarnópolis,2021-01-17,468,0,9,0,0.07142857142857142,0.0,,2.670245853074124
Aguiarnópolis,2021-01-18,468,0,9,0,0.07142857142857142,0.0,,2.670245853074124
Aguiarnópolis,2021-01-19,468,0,9,0,0.07142857142857142,0.0,,2.670245853074124
Aguiarnópolis,2021-01-20,468,0,9,0,0.14285714285714285,0.0,,2.670245853074124
Aliança do Tocantins,2020-03-27,0,0,0,0,,,,0.0
Aliança do Tocantins,2020-03-28,0,0,0,0,,,,0.0
Aliança do Tocantins,2020-03-29,0,0,0,0,,,,0.0
Aliança do Tocantins,2020-03-30,0,0,0,0,,,,0.0
Aliança do Tocantins,2020-03-31,0,0,0,0,,,,0.0
Aliança do Tocantins,2020-04-01,0,0,0,0,,,,0.0
Aliança do Tocantins,2020-04-02,0,0,0,0,,,,0.0
Aliança do Tocantins,2020-04-03,0,0,0,0,,,,0.0
Aliança do Tocantins,2020-04-04,0,0,0,0,,,,0.0
Aliança do Tocantins,2020-04-05,0,0,0,0,,,,0.0
Aliança do Tocantins,2020-04-06,0,0,0,0,,,,0.0
Aliança do Tocantins,2020-04-07,0,0,0,0,,,,0.0
Aliança do Tocantins,2020-04-08,0,0,0,0,,,,0.0
Aliança do Tocantins,2020-04-09,0,0,0,0,0.0,0.0,,0.0
Aliança do Tocantins,2020-04-10,0,0,0,0,0.0,0.0,,0.0
Aliança do Tocantins,2020-04-11,0,0,0,0,0.0,0.0,,0.0
Aliança do Tocantins,2020-04-12,0,0,0,0,0.0,0.0,,0.0
Aliança do Tocantins,2020-04-13,0,0,0,0,0.0,0.0,,0.0
Aliança do Tocantins,2020-04-14,0,0,0,0,0.0,0.0,,0.0
Aliança do Tocantins,2020-04-15,0,0,0,0,0.0,0.0,,0.0
Aliança do Tocantins,2020-04-16,0,0,0,0,0.0,0.0,,0.0
Aliança do Tocantins,2020-04-17,0,0,0,0,0.0,0.0,,0.0
Aliança do Tocantins,2020-04-18,0,0,0,0,0.0,0.0,,0.0
Aliança do Tocantins,2020-04-19,0,0,0,0,0.0,0.0,,0.0
Aliança do Tocantins,2020-04-20,0,0,0,0,0.0,0.0,,0.0
Aliança do Tocantins,2020-04-21,0,0,0,0,0.0,0.0,,0.0
Aliança do Tocantins,2020-04-22,0,0,0,0,0.0,0.0,,0.0
Aliança do Tocantins,2020-04-23,0,0,0,0,0.0,0.0,,0.0
Aliança do Tocantins,2020-04-24,0,0,0,0,0.0,0.0,,0.0
Aliança do Tocantins,2020-04-25,0,0,0,0,0.0,0.0,,0.0
Aliança do Tocantins,2020-04-26,0,0,0,0,0.0,0.0,,0.0
Aliança do Tocantins,2020-04-27,0,0,0,0,0.0,0.0,,0.0
Aliança do Tocantins,2020-04-28,0,0,0,0,0.0,0.0,,0.0
Aliança do Tocantins,2020-04-29,0,0,0,0,0.0,0.0,,0.0
Aliança do Tocantins,2020-04-30,0,0,0,0,0.0,0.0,,0.0
Aliança do Tocantins,2020-05-01,0,0,0,0,0.0,0.0,,0.0
Aliança do Tocantins,2020-05-02,0,0,0,0,0.0,0.0,,0.0
Aliança do Tocantins,2020-05-03,0,0,0,0,0.0,0.0,,0.0
Aliança do Tocantins,2020-05-04,0,0,0,0,0.0,0.0,,0.0
Aliança do Tocantins,2020-05-05,0,0,0,0,0.0,0.0,,0.0
Aliança do Tocantins,2020-05-06,0,0,0,0,0.0,0.0,,0.0
Aliança do Tocantins,2020-05-07,1,1,0,0,0.07142857142857142,0.0,,0.0
Aliança do Tocantins,2020-05-08,1,0,0,0,0.07142857142857142,0.0,,0.0
Aliança do Tocantins,2020-05-09,1,0,0,0,0.07142857142857142,0.0,,0.0
Aliança do Tocantins,2020-05-10,2,1,0,0,0.14285714285714285,0.0,,0.3010299956639812
Aliança do Tocantins,2020-05-11,1,-1,0,0,0.07142857142857142,0.0,,0.0
Aliança do Tocantins,2020-05-12,2,1,0,0,0.14285714285714285,0.0,,0.3010299956639812
Aliança do Tocantins,2020-05-13,2,0,0,0,0.14285714285714285,0.0,,0.3010299956639812
Aliança do Tocantins,2020-05-14,2,0,0,0,0.14285714285714285,0.0,,0.3010299956639812
Aliança do Tocantins,2020-05-15,2,0,0,0,0.14285714285714285,0.0,,0.3010299956639812
Aliança do Tocantins,2020-05-16,2,0,0,0,0.14285714285714285,0.0,,0.3010299956639812
Aliança do Tocantins,2020-05-17,2,0,0,0,0.14285714285714285,0.0,,0.3010299956639812
Aliança do Tocantins,2020-05-18,2,0,0,0,0.14285714285714285,0.0,,0.3010299956639812
Aliança do Tocantins,2020-05-19,2,0,0,0,0.14285714285714285,0.0,,0.3010299956639812
Aliança do Tocantins,2020-05-20,2,0,0,0,0.14285714285714285,0.0,,0.3010299956639812
Aliança do Tocantins,2020-05-21,2,0,0,0,0.07142857142857142,0.0,,0.3010299956639812
Aliança do Tocantins,2020-05-22,2,0,0,0,0.07142857142857142,0.0,,0.3010299956639812
Aliança do Tocantins,2020-05-23,3,1,0,0,0.14285714285714285,0.0,,0.47712125471966244
Aliança do Tocantins,2020-05-24,3,0,0,0,0.07142857142857142,0.0,,0.47712125471966244
Aliança do Tocantins,2020-05-25,3,0,0,0,0.14285714285714285,0.0,,0.47712125471966244
Aliança do Tocantins,2020-05-26,3,0,0,0,0.07142857142857142,0.0,,0.47712125471966244
Aliança do Tocantins,2020-05-27,3,0,0,0,0.07142857142857142,0.0,,0.47712125471966244
Aliança do Tocantins,2020-05-28,3,0,0,0,0.07142857142857142,0.0,,0.47712125471966244
Aliança do Tocantins,2020-05-29,3,0,0,0,0.07142857142857142,0.0,,0.47712125471966244
Aliança do Tocantins,2020-05-30,3,0,0,0,0.07142857142857142,0.0,,0.47712125471966244
Aliança do Tocantins,2020-05-31,3,0,0,0,0.07142857142857142,0.0,,0.47712125471966244
Aliança do Tocantins,2020-06-01,3,0,0,0,0.07142857142857142,0.0,,0.47712125471966244
Aliança do Tocantins,2020-06-02,3,0,0,0,0.07142857142857142,0.0,,0.47712125471966244
Aliança do Tocantins,2020-06-03,3,0,0,0,0.07142857142857142,0.0,,0.47712125471966244
Aliança do Tocantins,2020-06-04,3,0,0,0,0.07142857142857142,0.0,,0.47712125471966244
Aliança do Tocantins,2020-06-05,3,0,0,0,0.07142857142857142,0.0,,0.47712125471966244
Aliança do Tocantins,2020-06-06,3,0,0,0,0.0,0.0,,0.47712125471966244
Aliança do Tocantins,2020-06-07,3,0,0,0,0.0,0.0,,0.47712125471966244
Aliança do Tocantins,2020-06-08,4,1,0,0,0.07142857142857142,0.0,,0.6020599913279624
Aliança do Tocantins,2020-06-09,3,-1,0,0,0.0,0.0,,0.47712125471966244
Aliança do Tocantins,2020-06-10,3,0,0,0,0.0,0.0,,0.47712125471966244
Aliança do Tocantins,2020-06-11,3,0,0,0,0.0,0.0,,0.47712125471966244
Aliança do Tocantins,2020-06-12,3,0,0,0,0.0,0.0,,0.47712125471966244
Aliança do Tocantins,2020-06-13,3,0,0,0,0.0,0.0,,0.47712125471966244
Aliança do Tocantins,2020-06-14,3,0,0,0,0.0,0.0,,0.47712125471966244
Aliança do Tocantins,2020-06-15,3,0,0,0,0.0,0.0,,0.47712125471966244
Aliança do Tocantins,2020-06-16,3,0,0,0,0.0,0.0,,0.47712125471966244
Aliança do Tocantins,2020-06-17,4,1,0,0,0.07142857142857142,0.0,,0.6020599913279624
Aliança do Tocantins,2020-06-18,4,0,0,0,0.07142857142857142,0.0,,0.6020599913279624
Aliança do Tocantins,2020-06-19,4,0,0,0,0.07142857142857142,0.0,,0.6020599913279624
Aliança do Tocantins,2020-06-20,4,0,0,0,0.07142857142857142,0.0,,0.6020599913279624
Aliança do Tocantins,2020-06-21,6,2,0,0,0.21428571428571427,0.0,,0.7781512503836436
Aliança do Tocantins,2020-06-22,6,0,0,0,0.14285714285714285,0.0,,0.7781512503836436
Aliança do Tocantins,2020-06-23,6,0,0,0,0.21428571428571427,0.0,,0.7781512503836436
Aliança do Tocantins,2020-06-24,6,0,0,0,0.21428571428571427,0.0,,0.7781512503836436
Aliança do Tocantins,2020-06-25,6,0,0,0,0.21428571428571427,0.0,,0.7781512503836436
Aliança do Tocantins,2020-06-26,6,0,0,0,0.21428571428571427,0.0,,0.7781512503836436
Aliança do Tocantins,2020-06-27,6,0,0,0,0.21428571428571427,0.0,,0.7781512503836436
Aliança do Tocantins,2020-06-28,6,0,0,0,0.21428571428571427,0.0,,0.7781512503836436
Aliança do Tocantins,2020-06-29,6,0,0,0,0.21428571428571427,0.0,,0.7781512503836436
Aliança do Tocantins,2020-06-30,8,2,0,0,0.35714285714285715,0.0,,0.9030899869919435
Aliança do Tocantins,2020-07-01,9,1,0,0,0.35714285714285715,0.0,,0.9542425094393249
Aliança do Tocantins,2020-07-02,9,0,0,0,0.35714285714285715,0.0,,0.9542425094393249
Aliança do Tocantins,2020-07-03,8,-1,0,0,0.2857142857142857,0.0,,0.9030899869919435
Aliança do Tocantins,2020-07-04,8,0,0,0,0.2857142857142857,0.0,,0.9030899869919435
Aliança do Tocantins,2020-07-05,9,1,0,0,0.21428571428571427,0.0,,0.9542425094393249
Aliança do Tocantins,2020-07-06,9,0,0,0,0.21428571428571427,0.0,,0.9542425094393249
Aliança do Tocantins,2020-07-07,9,0,0,0,0.21428571428571427,0.0,,0.9542425094393249
Aliança do Tocantins,2020-07-08,9,0,0,0,0.21428571428571427,0.0,,0.9542425094393249
Aliança do Tocantins,2020-07-09,10,1,0,0,0.2857142857142857,0.0,,1.0
Aliança do Tocantins,2020-07-10,10,0,0,0,0.2857142857142857,0.0,,1.0
Aliança do Tocantins,2020-07-11,10,0,0,0,0.2857142857142857,0.0,,1.0
Aliança do Tocantins,2020-07-12,11,1,0,0,0.35714285714285715,0.0,,1.041392685158225
Aliança do Tocantins,2020-07-13,11,0,0,0,0.35714285714285715,0.0,,1.041392685158225
Aliança do Tocantins,2020-07-14,12,1,0,0,0.2857142857142857,0.0,,1.0791812460476249
Aliança do Tocantins,2020-07-15,12,0,0,0,0.21428571428571427,0.0,,1.0791812460476249
Aliança do Tocantins,2020-07-16,12,0,0,0,0.21428571428571427,0.0,,1.0791812460476249
Aliança do Tocantins,2020-07-17,13,1,0,0,0.35714285714285715,0.0,,1.1139433523068367
Aliança do Tocantins,2020-07-18,13,0,0,0,0.35714285714285715,0.0,,1.1139433523068367
Aliança do Tocantins,2020-07-19,14,1,0,0,0.35714285714285715,0.0,,1.146128035678238
Aliança do Tocantins,2020-07-20,14,0,0,0,0.35714285714285715,0.0,,1.146128035678238
Aliança do Tocantins,2020-07-21,15,1,0,0,0.42857142857142855,0.0,,1.1760912590556813
Aliança do Tocantins,2020-07-22,15,0,0,0,0.42857142857142855,0.0,,1.1760912590556813
Aliança do Tocantins,2020-07-23,16,1,0,0,0.42857142857142855,0.0,,1.2041199826559248
Aliança do Tocantins,2020-07-24,15,-1,0,0,0.35714285714285715,0.0,,1.1760912590556813
Aliança do Tocantins,2020-07-25,15,0,0,0,0.35714285714285715,0.0,,1.1760912590556813
Aliança do Tocantins,2020-07-26,15,0,0,0,0.2857142857142857,0.0,,1.1760912590556813
Aliança do Tocantins,2020-07-27,15,0,0,0,0.2857142857142857,0.0,,1.1760912590556813
Aliança do Tocantins,2020-07-28,15,0,0,0,0.21428571428571427,0.0,,1.1760912590556813
Aliança do Tocantins,2020-07-29,15,0,0,0,0.21428571428571427,0.0,,1.1760912590556813
Aliança do Tocantins,2020-07-30,15,0,0,0,0.21428571428571427,0.0,,1.1760912590556813
Aliança do Tocantins,2020-07-31,16,1,0,0,0.21428571428571427,0.0,,1.2041199826559248
Aliança do Tocantins,2020-08-01,17,1,0,0,0.2857142857142857,0.0,,1.2304489213782739
Aliança do Tocantins,2020-08-02,17,0,0,0,0.21428571428571427,0.0,,1.2304489213782739
Aliança do Tocantins,2020-08-03,21,4,0,0,0.5,0.0,,1.3222192947339193
Aliança do Tocantins,2020-08-04,22,1,0,0,0.5,0.0,,1.3424226808222062
Aliança do Tocantins,2020-08-05,23,1,0,0,0.5714285714285714,0.0,,1.3617278360175928
Aliança do Tocantins,2020-08-06,23,0,0,0,0.5,0.0,,1.3617278360175928
Aliança do Tocantins,2020-08-07,24,1,0,0,0.6428571428571429,0.0,,1.380211241711606
Aliança do Tocantins,2020-08-08,24,0,0,0,0.6428571428571429,0.0,,1.380211241711606
Aliança do Tocantins,2020-08-09,27,3,0,0,0.8571428571428571,0.0,,1.4313637641589874
Aliança do Tocantins,2020-08-10,28,1,0,0,0.9285714285714286,0.0,,1.4471580313422192
Aliança do Tocantins,2020-08-11,28,0,0,0,0.9285714285714286,0.0,,1.4471580313422192
Aliança do Tocantins,2020-08-12,29,1,0,0,1.0,0.0,,1.462397997898956
Aliança do Tocantins,2020-08-13,31,2,0,0,1.1428571428571428,0.0,,1.4913616938342726
Aliança do Tocantins,2020-08-14,31,0,0,0,1.0714285714285714,0.0,,1.4913616938342726
Aliança do Tocantins,2020-08-15,30,-1,0,0,0.9285714285714286,0.0,,1.4771212547196624
Aliança do Tocantins,2020-08-16,34,4,0,0,1.2142857142857142,0.0,,1.5314789170422551
Aliança do Tocantins,2020-08-17,34,0,0,0,0.9285714285714286,0.0,,1.5314789170422551
Aliança do Tocantins,2020-08-18,35,1,0,0,0.9285714285714286,0.0,,1.5440680443502757
Aliança do Tocantins,2020-08-19,37,2,0,0,1.0,0.0,,1.568201724066995
Aliança do Tocantins,2020-08-20,37,0,0,0,1.0,0.0,,1.568201724066995
Aliança do Tocantins,2020-08-21,37,0,0,0,0.9285714285714286,0.0,,1.568201724066995
Aliança do Tocantins,2020-08-22,37,0,0,0,0.9285714285714286,0.0,,1.568201724066995
Aliança do Tocantins,2020-08-23,40,3,0,0,0.9285714285714286,0.0,,1.6020599913279625
Aliança do Tocantins,2020-08-24,43,3,1,1,1.0714285714285714,0.07142857142857142,inf,1.6334684555795866
Aliança do Tocantins,2020-08-25,45,2,1,0,1.2142857142857142,0.07142857142857142,inf,1.6532125137753437
Aliança do Tocantins,2020-08-26,51,6,1,0,1.5714285714285714,0.07142857142857142,inf,1.7075701760979363
Aliança do Tocantins,2020-08-27,55,4,1,0,1.7142857142857142,0.07142857142857142,inf,1.7403626894942439
Aliança do Tocantins,2020-08-28,61,6,1,0,2.142857142857143,0.07142857142857142,inf,1.7853298350107671
Aliança do Tocantins,2020-08-29,64,3,1,0,2.4285714285714284,0.07142857142857142,inf,1.806179973983887
Aliança do Tocantins,2020-08-30,67,3,1,0,2.357142857142857,0.07142857142857142,inf,1.8260748027008264
Aliança do Tocantins,2020-08-31,70,3,1,0,2.5714285714285716,0.07142857142857142,inf,1.845098040014257
Aliança do Tocantins,2020-09-01,77,7,1,0,3.0,0.07142857142857142,inf,1.8864907251724818
Aliança do Tocantins,2020-09-02,79,2,1,0,3.0,0.07142857142857142,inf,1.8976270912904414
Aliança do Tocantins,2020-09-03,80,1,1,0,3.0714285714285716,0.07142857142857142,inf,1.9030899869919435
Aliança do Tocantins,2020-09-04,79,-1,1,0,3.0,0.07142857142857142,inf,1.8976270912904414
Aliança do Tocantins,2020-09-05,88,9,1,0,3.642857142857143,0.07142857142857142,inf,1.9444826721501687
Aliança do Tocantins,2020-09-06,90,2,1,0,3.5714285714285716,0.07142857142857142,inf,1.9542425094393248
Aliança do Tocantins,2020-09-07,91,1,1,0,3.4285714285714284,0.0,-1.0,1.9590413923210936
Aliança do Tocantins,2020-09-08,91,0,1,0,3.2857142857142856,0.0,-1.0,1.9590413923210936
Aliança do Tocantins,2020-09-09,98,7,1,0,3.357142857142857,0.0,-1.0,1.9912260756924949
Aliança do Tocantins,2020-09-10,99,1,1,0,3.142857142857143,0.0,-1.0,1.99563519459755
Aliança do Tocantins,2020-09-11,103,4,2,1,3.0,0.07142857142857142,0.0,2.012837224705172
Aliança do Tocantins,2020-09-12,107,4,2,0,3.0714285714285716,0.07142857142857142,0.0,2.0293837776852097
Aliança do Tocantins,2020-09-13,111,4,2,0,3.142857142857143,0.07142857142857142,0.0,2.0453229787866576
Aliança do Tocantins,2020-09-14,111,0,2,0,2.9285714285714284,0.07142857142857142,0.0,2.0453229787866576
Aliança do Tocantins,2020-09-15,111,0,2,0,2.4285714285714284,0.07142857142857142,0.0,2.0453229787866576
Aliança do Tocantins,2020-09-16,114,3,2,0,2.5,0.07142857142857142,0.0,2.0569048513364727
Aliança do Tocantins,2020-09-17,117,3,2,0,2.642857142857143,0.07142857142857142,0.0,2.0681858617461617
Aliança do Tocantins,2020-09-18,124,7,2,0,3.2142857142857144,0.07142857142857142,0.0,2.093421685162235
Aliança do Tocantins,2020-09-19,131,7,2,0,3.0714285714285716,0.07142857142857142,0.0,2.1172712956557644
Aliança do Tocantins,2020-09-20,138,7,2,0,3.4285714285714284,0.07142857142857142,0.0,2.1398790864012365
Aliança do Tocantins,2020-09-21,138,0,2,0,3.357142857142857,0.07142857142857142,inf,2.1398790864012365
Aliança do Tocantins,2020-09-22,138,0,2,0,3.357142857142857,0.07142857142857142,inf,2.1398790864012365
Aliança do Tocantins,2020-09-23,141,3,2,0,3.0714285714285716,0.07142857142857142,inf,2.1492191126553797
Aliança do Tocantins,2020-09-24,143,2,2,0,3.142857142857143,0.07142857142857142,inf,2.155336037465062
Aliança do Tocantins,2020-09-25,144,1,2,0,2.9285714285714284,0.0,-1.0,2.1583624920952498
Aliança do Tocantins,2020-09-26,144,0,2,0,2.642857142857143,0.0,-1.0,2.1583624920952498
Aliança do Tocantins,2020-09-27,144,0,2,0,2.357142857142857,0.0,-1.0,2.1583624920952498
Aliança do Tocantins,2020-09-28,145,1,2,0,2.4285714285714284,0.0,-1.0,2.161368002234975
Aliança do Tocantins,2020-09-29,146,1,2,0,2.5,0.0,-1.0,2.164352855784437
Aliança do Tocantins,2020-09-30,146,0,2,0,2.2857142857142856,0.0,-1.0,2.164352855784437
Aliança do Tocantins,2020-10-01,146,0,2,0,2.0714285714285716,0.0,-1.0,2.164352855784437
Aliança do Tocantins,2020-10-02,146,0,2,0,1.5714285714285714,0.0,-1.0,2.164352855784437
Aliança do Tocantins,2020-10-03,149,3,2,0,1.2857142857142858,0.0,-1.0,2.173186268412274
Aliança do Tocantins,2020-10-04,149,0,2,0,0.7857142857142857,0.0,-1.0,2.173186268412274
Aliança do Tocantins,2020-10-05,149,0,2,0,0.7857142857142857,0.0,-1.0,2.173186268412274
Aliança do Tocantins,2020-10-06,149,0,2,0,0.7857142857142857,0.0,-1.0,2.173186268412274
Aliança do Tocantins,2020-10-07,156,7,2,0,1.0714285714285714,0.0,-1.0,2.1931245983544616
Aliança do Tocantins,2020-10-08,157,1,2,0,1.0,0.0,-1.0,2.1958996524092336
Aliança do Tocantins,2020-10-09,159,2,2,0,1.0714285714285714,0.0,,2.2013971243204513
Aliança do Tocantins,2020-10-10,161,2,2,0,1.2142857142857142,0.0,,2.2068258760318495
Aliança do Tocantins,2020-10-11,161,0,2,0,1.2142857142857142,0.0,,2.2068258760318495
Aliança do Tocantins,2020-10-12,161,0,2,0,1.1428571428571428,0.0,,2.2068258760318495
Aliança do Tocantins,2020-10-13,162,1,2,0,1.1428571428571428,0.0,,2.2095150145426308
Aliança do Tocantins,2020-10-14,162,0,2,0,1.1428571428571428,0.0,,2.2095150145426308
Aliança do Tocantins,2020-10-15,162,0,2,0,1.1428571428571428,0.0,,2.2095150145426308
Aliança do Tocantins,2020-10-16,168,6,2,0,1.5714285714285714,0.0,,2.225309281725863
Aliança do Tocantins,2020-10-17,172,4,2,0,1.6428571428571428,0.0,,2.2355284469075487
Aliança do Tocantins,2020-10-18,172,0,2,0,1.6428571428571428,0.0,,2.2355284469075487
Aliança do Tocantins,2020-10-19,172,0,2,0,1.6428571428571428,0.0,,2.2355284469075487
Aliança do Tocantins,2020-10-20,171,-1,2,0,1.5714285714285714,0.0,,2.2329961103921536
Aliança do Tocantins,2020-10-21,173,2,2,0,1.2142857142857142,0.0,,2.2380461031287955
Aliança do Tocantins,2020-10-22,174,1,3,1,1.2142857142857142,0.07142857142857142,inf,2.2405492482825995
Aliança do Tocantins,2020-10-23,175,1,3,0,1.1428571428571428,0.07142857142857142,inf,2.2430380486862944
Aliança do Tocantins,2020-10-24,176,1,3,0,1.0714285714285714,0.07142857142857142,inf,2.24551266781415
Aliança do Tocantins,2020-10-25,176,0,3,0,1.0714285714285714,0.07142857142857142,inf,2.24551266781415
Aliança do Tocantins,2020-10-26,176,0,3,0,1.0714285714285714,0.07142857142857142,inf,2.24551266781415
Aliança do Tocantins,2020-10-27,177,1,3,0,1.0714285714285714,0.07142857142857142,inf,2.2479732663618064
Aliança do Tocantins,2020-10-28,178,1,3,0,1.1428571428571428,0.07142857142857142,inf,2.250420002308894
Aliança do Tocantins,2020-10-29,179,1,3,0,1.2142857142857142,0.07142857142857142,inf,2.2528530309798933
Aliança do Tocantins,2020-10-30,180,1,3,0,0.8571428571428571,0.07142857142857142,inf,2.255272505103306
Aliança do Tocantins,2020-10-31,180,0,3,0,0.5714285714285714,0.07142857142857142,inf,2.255272505103306
Aliança do Tocantins,2020-11-01,180,0,3,0,0.5714285714285714,0.07142857142857142,inf,2.255272505103306
Aliança do Tocantins,2020-11-02,180,0,3,0,0.5714285714285714,0.07142857142857142,inf,2.255272505103306
Aliança do Tocantins,2020-11-03,180,0,3,0,0.6428571428571429,0.07142857142857142,inf,2.255272505103306
Aliança do Tocantins,2020-11-04,181,1,3,0,0.5714285714285714,0.07142857142857142,inf,2.2576785748691846
Aliança do Tocantins,2020-11-05,181,0,3,0,0.5,0.0,-1.0,2.2576785748691846
Aliança do Tocantins,2020-11-06,181,0,3,0,0.42857142857142855,0.0,-1.0,2.2576785748691846
Aliança do Tocantins,2020-11-07,182,1,3,0,0.42857142857142855,0.0,-1.0,2.2600713879850747
Aliança do Tocantins,2020-11-08,182,0,3,0,0.42857142857142855,0.0,-1.0,2.2600713879850747
Aliança do Tocantins,2020-11-09,182,0,3,0,0.42857142857142855,0.0,-1.0,2.2600713879850747
Aliança do Tocantins,2020-11-10,182,0,3,0,0.35714285714285715,0.0,-1.0,2.2600713879850747
Aliança do Tocantins,2020-11-11,182,0,3,0,0.2857142857142857,0.0,-1.0,2.2600713879850747
Aliança do Tocantins,2020-11-12,182,0,3,0,0.21428571428571427,0.0,-1.0,2.2600713879850747
Aliança do Tocantins,2020-11-13,182,0,3,0,0.14285714285714285,0.0,-1.0,2.2600713879850747
Aliança do Tocantins,2020-11-14,182,0,3,0,0.14285714285714285,0.0,-1.0,2.2600713879850747
Aliança do Tocantins,2020-11-15,182,0,3,0,0.14285714285714285,0.0,-1.0,2.2600713879850747
Aliança do Tocantins,2020-11-16,182,0,3,0,0.14285714285714285,0.0,-1.0,2.2600713879850747
Aliança do Tocantins,2020-11-17,182,0,3,0,0.14285714285714285,0.0,-1.0,2.2600713879850747
Aliança do Tocantins,2020-11-18,182,0,3,0,0.07142857142857142,0.0,-1.0,2.2600713879850747
Aliança do Tocantins,2020-11-19,182,0,3,0,0.07142857142857142,0.0,,2.2600713879850747
Aliança do Tocantins,2020-11-20,183,1,3,0,0.14285714285714285,0.0,,2.2624510897304293
Aliança do Tocantins,2020-11-21,183,0,3,0,0.07142857142857142,0.0,,2.2624510897304293
Aliança do Tocantins,2020-11-22,183,0,3,0,0.07142857142857142,0.0,,2.2624510897304293
Aliança do Tocantins,2020-11-23,183,0,3,0,0.07142857142857142,0.0,,2.2624510897304293
Aliança do Tocantins,2020-11-24,183,0,3,0,0.07142857142857142,0.0,,2.2624510897304293
Aliança do Tocantins,2020-11-25,185,2,3,0,0.21428571428571427,0.0,,2.2671717284030137
Aliança do Tocantins,2020-11-26,185,0,3,0,0.21428571428571427,0.0,,2.2671717284030137
Aliança do Tocantins,2020-11-27,185,0,3,0,0.21428571428571427,0.0,,2.2671717284030137
Aliança do Tocantins,2020-11-28,189,4,3,0,0.5,0.0,,2.2764618041732443
Aliança do Tocantins,2020-11-29,189,0,3,0,0.5,0.0,,2.2764618041732443
Aliança do Tocantins,2020-11-30,189,0,3,0,0.5,0.0,,2.2764618041732443
Aliança do Tocantins,2020-12-01,189,0,3,0,0.5,0.0,,2.2764618041732443
Aliança do Tocantins,2020-12-02,189,0,3,0,0.5,0.0,,2.2764618041732443
Aliança do Tocantins,2020-12-03,191,2,3,0,0.6428571428571429,0.0,,2.2810333672477277
Aliança do Tocantins,2020-12-04,191,0,3,0,0.5714285714285714,0.0,,2.2810333672477277
Aliança do Tocantins,2020-12-05,192,1,3,0,0.6428571428571429,0.0,,2.2833012287035497
Aliança do Tocantins,2020-12-06,192,0,3,0,0.6428571428571429,0.0,,2.2833012287035497
Aliança do Tocantins,2020-12-07,192,0,3,0,0.6428571428571429,0.0,,2.2833012287035497
Aliança do Tocantins,2020-12-08,192,0,3,0,0.6428571428571429,0.0,,2.2833012287035497
Aliança do Tocantins,2020-12-09,192,0,3,0,0.5,0.0,,2.2833012287035497
Aliança do Tocantins,2020-12-10,192,0,3,0,0.5,0.0,,2.2833012287035497
Aliança do Tocantins,2020-12-11,192,0,3,0,0.5,0.0,,2.2833012287035497
Aliança do Tocantins,2020-12-12,193,1,3,0,0.2857142857142857,0.0,,2.285557309007774
Aliança do Tocantins,2020-12-13,193,0,3,0,0.2857142857142857,0.0,,2.285557309007774
Aliança do Tocantins,2020-12-14,193,0,3,0,0.2857142857142857,0.0,,2.285557309007774
Aliança do Tocantins,2020-12-15,193,0,3,0,0.2857142857142857,0.0,,2.285557309007774
Aliança do Tocantins,2020-12-16,193,0,3,0,0.2857142857142857,0.0,,2.285557309007774
Aliança do Tocantins,2020-12-17,194,1,3,0,0.21428571428571427,0.0,,2.287801729930226
Aliança do Tocantins,2020-12-18,194,0,3,0,0.21428571428571427,0.0,,2.287801729930226
Aliança do Tocantins,2020-12-19,195,1,3,0,0.21428571428571427,0.0,,2.290034611362518
Aliança do Tocantins,2020-12-20,195,0,3,0,0.21428571428571427,0.0,,2.290034611362518
Aliança do Tocantins,2020-12-21,195,0,3,0,0.21428571428571427,0.0,,2.290034611362518
Aliança do Tocantins,2020-12-22,195,0,3,0,0.21428571428571427,0.0,,2.290034611362518
Aliança do Tocantins,2020-12-23,195,0,3,0,0.21428571428571427,0.0,,2.290034611362518
Aliança do Tocantins,2020-12-24,196,1,3,0,0.2857142857142857,0.0,,2.292256071356476
Aliança do Tocantins,2020-12-25,196,0,3,0,0.2857142857142857,0.0,,2.292256071356476
Aliança do Tocantins,2020-12-26,196,0,3,0,0.21428571428571427,0.0,,2.292256071356476
Aliança do Tocantins,2020-12-27,196,0,3,0,0.21428571428571427,0.0,,2.292256071356476
Aliança do Tocantins,2020-12-28,197,1,3,0,0.2857142857142857,0.0,,2.294466226161593
Aliança do Tocantins,2020-12-29,197,0,3,0,0.2857142857142857,0.0,,2.294466226161593
Aliança do Tocantins,2020-12-30,197,0,3,0,0.2857142857142857,0.0,,2.294466226161593
Aliança do Tocantins,2020-12-31,198,1,3,0,0.2857142857142857,0.0,,2.296665190261531
Aliança do Tocantins,2021-01-01,198,0,3,0,0.2857142857142857,0.0,,2.296665190261531
Aliança do Tocantins,2021-01-02,198,0,3,0,0.21428571428571427,0.0,,2.296665190261531
Aliança do Tocantins,2021-01-03,198,0,3,0,0.21428571428571427,0.0,,2.296665190261531
Aliança do Tocantins,2021-01-04,199,1,3,0,0.2857142857142857,0.0,,2.298853076409707
Aliança do Tocantins,2021-01-05,198,-1,3,0,0.21428571428571427,0.0,,2.296665190261531
Aliança do Tocantins,2021-01-06,198,0,3,0,0.21428571428571427,0.0,,2.296665190261531
Aliança do Tocantins,2021-01-07,198,0,3,0,0.14285714285714285,0.0,,2.296665190261531
Aliança do Tocantins,2021-01-08,199,1,3,0,0.21428571428571427,0.0,,2.298853076409707
Aliança do Tocantins,2021-01-09,201,2,3,0,0.35714285714285715,0.0,,2.303196057420489
Aliança do Tocantins,2021-01-10,203,2,4,1,0.5,0.07142857142857142,inf,2.307496037913213
Aliança do Tocantins,2021-01-11,203,0,4,0,0.42857142857142855,0.07142857142857142,inf,2.307496037913213
Aliança do Tocantins,2021-01-12,204,1,4,0,0.5,0.07142857142857142,inf,2.3096301674258988
Aliança do Tocantins,2021-01-13,207,3,4,0,0.7142857142857143,0.07142857142857142,inf,2.315970345456918
Aliança do Tocantins,2021-01-14,209,2,4,0,0.7857142857142857,0.07142857142857142,inf,2.320146286111054
Aliança do Tocantins,2021-01-15,213,4,4,0,1.0714285714285714,0.07142857142857142,inf,2.3283796034387376
Aliança do Tocantins,2021-01-16,219,6,4,0,1.5,0.07142857142857142,inf,2.3404441148401185
Aliança do Tocantins,2021-01-17,219,0,4,0,1.5,0.07142857142857142,inf,2.3404441148401185
Aliança do Tocantins,2021-01-18,219,0,4,0,1.4285714285714286,0.07142857142857142,inf,2.3404441148401185
Aliança do Tocantins,2021-01-19,222,3,4,0,1.7142857142857142,0.07142857142857142,inf,2.346352974450639
Aliança do Tocantins,2021-01-20,225,3,4,0,1.9285714285714286,0.07142857142857142,inf,2.3521825181113627
Almas,2020-03-27,0,0,0,0,,,,0.0
Almas,2020-03-28,0,0,0,0,,,,0.0
Almas,2020-03-29,0,0,0,0,,,,0.0
Almas,2020-03-30,0,0,0,0,,,,0.0
Almas,2020-03-31,0,0,0,0,,,,0.0
Almas,2020-04-01,0,0,0,0,,,,0.0
Almas,2020-04-02,0,0,0,0,,,,0.0
Almas,2020-04-03,0,0,0,0,,,,0.0
Almas,2020-04-04,0,0,0,0,,,,0.0
Almas,2020-04-05,0,0,0,0,,,,0.0
Almas,2020-04-06,0,0,0,0,,,,0.0
Almas,2020-04-07,0,0,0,0,,,,0.0
Almas,2020-04-08,0,0,0,0,,,,0.0
Almas,2020-04-09,0,0,0,0,0.0,0.0,,0.0
Almas,2020-04-10,0,0,0,0,0.0,0.0,,0.0
Almas,2020-04-11,0,0,0,0,0.0,0.0,,0.0
Almas,2020-04-12,0,0,0,0,0.0,0.0,,0.0
Almas,2020-04-13,0,0,0,0,0.0,0.0,,0.0
Almas,2020-04-14,0,0,0,0,0.0,0.0,,0.0
Almas,2020-04-15,0,0,0,0,0.0,0.0,,0.0
Almas,2020-04-16,0,0,0,0,0.0,0.0,,0.0
Almas,2020-04-17,0,0,0,0,0.0,0.0,,0.0
Almas,2020-04-18,0,0,0,0,0.0,0.0,,0.0
Almas,2020-04-19,0,0,0,0,0.0,0.0,,0.0
Almas,2020-04-20,0,0,0,0,0.0,0.0,,0.0
Almas,2020-04-21,0,0,0,0,0.0,0.0,,0.0
Almas,2020-04-22,0,0,0,0,0.0,0.0,,0.0
Almas,2020-04-23,0,0,0,0,0.0,0.0,,0.0
Almas,2020-04-24,0,0,0,0,0.0,0.0,,0.0
Almas,2020-04-25,0,0,0,0,0.0,0.0,,0.0
Almas,2020-04-26,0,0,0,0,0.0,0.0,,0.0
Almas,2020-04-27,0,0,0,0,0.0,0.0,,0.0
Almas,2020-04-28,0,0,0,0,0.0,0.0,,0.0
Almas,2020-04-29,0,0,0,0,0.0,0.0,,0.0
Almas,2020-04-30,0,0,0,0,0.0,0.0,,0.0
Almas,2020-05-01,0,0,0,0,0.0,0.0,,0.0
Almas,2020-05-02,0,0,0,0,0.0,0.0,,0.0
Almas,2020-05-03,0,0,0,0,0.0,0.0,,0.0
Almas,2020-05-04,0,0,0,0,0.0,0.0,,0.0
Almas,2020-05-05,0,0,0,0,0.0,0.0,,0.0
Almas,2020-05-06,0,0,0,0,0.0,0.0,,0.0
Almas,2020-05-07,0,0,0,0,0.0,0.0,,0.0
Almas,2020-05-08,0,0,0,0,0.0,0.0,,0.0
Almas,2020-05-09,0,0,0,0,0.0,0.0,,0.0
Almas,2020-05-10,0,0,0,0,0.0,0.0,,0.0
Almas,2020-05-11,0,0,0,0,0.0,0.0,,0.0
Almas,2020-05-12,0,0,0,0,0.0,0.0,,0.0
Almas,2020-05-13,0,0,0,0,0.0,0.0,,0.0
Almas,2020-05-14,0,0,0,0,0.0,0.0,,0.0
Almas,2020-05-15,0,0,0,0,0.0,0.0,,0.0
Almas,2020-05-16,0,0,0,0,0.0,0.0,,0.0
Almas,2020-05-17,0,0,0,0,0.0,0.0,,0.0
Almas,2020-05-18,0,0,0,0,0.0,0.0,,0.0
Almas,2020-05-19,0,0,0,0,0.0,0.0,,0.0
Almas,2020-05-20,0,0,0,0,0.0,0.0,,0.0
Almas,2020-05-21,0,0,0,0,0.0,0.0,,0.0
Almas,2020-05-22,0,0,0,0,0.0,0.0,,0.0
Almas,2020-05-23,0,0,0,0,0.0,0.0,,0.0
Almas,2020-05-24,0,0,0,0,0.0,0.0,,0.0
Almas,2020-05-25,0,0,0,0,0.0,0.0,,0.0
Almas,2020-05-26,0,0,0,0,0.0,0.0,,0.0
Almas,2020-05-27,0,0,0,0,0.0,0.0,,0.0
Almas,2020-05-28,0,0,0,0,0.0,0.0,,0.0
Almas,2020-05-29,0,0,0,0,0.0,0.0,,0.0
Almas,2020-05-30,0,0,0,0,0.0,0.0,,0.0
Almas,2020-05-31,0,0,0,0,0.0,0.0,,0.0
Almas,2020-06-01,0,0,0,0,0.0,0.0,,0.0
Almas,2020-06-02,0,0,0,0,0.0,0.0,,0.0
Almas,2020-06-03,0,0,0,0,0.0,0.0,,0.0
Almas,2020-06-04,0,0,0,0,0.0,0.0,,0.0
Almas,2020-06-05,0,0,0,0,0.0,0.0,,0.0
Almas,2020-06-06,0,0,0,0,0.0,0.0,,0.0
Almas,2020-06-07,0,0,0,0,0.0,0.0,,0.0
Almas,2020-06-08,0,0,0,0,0.0,0.0,,0.0
Almas,2020-06-09,0,0,0,0,0.0,0.0,,0.0
Almas,2020-06-10,0,0,0,0,0.0,0.0,,0.0
Almas,2020-06-11,0,0,0,0,0.0,0.0,,0.0
Almas,2020-06-12,0,0,0,0,0.0,0.0,,0.0
Almas,2020-06-13,0,0,0,0,0.0,0.0,,0.0
Almas,2020-06-14,0,0,0,0,0.0,0.0,,0.0
Almas,2020-06-15,0,0,0,0,0.0,0.0,,0.0
Almas,2020-06-16,0,0,0,0,0.0,0.0,,0.0
Almas,2020-06-17,0,0,0,0,0.0,0.0,,0.0
Almas,2020-06-18,0,0,0,0,0.0,0.0,,0.0
Almas,2020-06-19,0,0,0,0,0.0,0.0,,0.0
Almas,2020-06-20,0,0,0,0,0.0,0.0,,0.0
Almas,2020-06-21,1,1,0,0,0.07142857142857142,0.0,,0.0
Almas,2020-06-22,2,1,0,0,0.14285714285714285,0.0,,0.3010299956639812
Almas,2020-06-23,2,0,0,0,0.14285714285714285,0.0,,0.3010299956639812
Almas,2020-06-24,3,1,0,0,0.21428571428571427,0.0,,0.47712125471966244
Almas,2020-06-25,2,-1,0,0,0.14285714285714285,0.0,,0.3010299956639812
Almas,2020-06-26,2,0,0,0,0.14285714285714285,0.0,,0.3010299956639812
Almas,2020-06-27,2,0,0,0,0.14285714285714285,0.0,,0.3010299956639812
Almas,2020-06-28,2,0,0,0,0.14285714285714285,0.0,,0.3010299956639812
Almas,2020-06-29,2,0,0,0,0.14285714285714285,0.0,,0.3010299956639812
Almas,2020-06-30,3,1,1,1,0.21428571428571427,0.07142857142857142,inf,0.47712125471966244
Almas,2020-07-01,3,0,1,0,0.21428571428571427,0.07142857142857142,inf,0.47712125471966244
Almas,2020-07-02,3,0,1,0,0.21428571428571427,0.07142857142857142,inf,0.47712125471966244
Almas,2020-07-03,4,1,1,0,0.2857142857142857,0.07142857142857142,inf,0.6020599913279624
Almas,2020-07-04,4,0,1,0,0.2857142857142857,0.07142857142857142,inf,0.6020599913279624
Almas,2020-07-05,4,0,1,0,0.21428571428571427,0.07142857142857142,inf,0.6020599913279624
Almas,2020-07-06,4,0,1,0,0.14285714285714285,0.07142857142857142,inf,0.6020599913279624
Almas,2020-07-07,4,0,1,0,0.14285714285714285,0.07142857142857142,inf,0.6020599913279624
Almas,2020-07-08,4,0,1,0,0.07142857142857142,0.07142857142857142,inf,0.6020599913279624
Almas,2020-07-09,4,0,1,0,0.14285714285714285,0.07142857142857142,inf,0.6020599913279624
Almas,2020-07-10,6,2,1,0,0.2857142857142857,0.07142857142857142,inf,0.7781512503836436
Almas,2020-07-11,9,3,1,0,0.5,0.07142857142857142,inf,0.9542425094393249
Almas,2020-07-12,9,0,1,0,0.5,0.07142857142857142,inf,0.9542425094393249
Almas,2020-07-13,9,0,1,0,0.5,0.07142857142857142,inf,0.9542425094393249
Almas,2020-07-14,11,2,1,0,0.5714285714285714,0.0,-1.0,1.041392685158225
Almas,2020-07-15,11,0,1,0,0.5714285714285714,0.0,-1.0,1.041392685158225
Almas,2020-07-16,11,0,1,0,0.5714285714285714,0.0,-1.0,1.041392685158225
Almas,2020-07-17,12,1,2,1,0.5714285714285714,0.07142857142857142,0.0,1.0791812460476249
Almas,2020-07-18,12,0,2,0,0.5714285714285714,0.07142857142857142,0.0,1.0791812460476249
Almas,2020-07-19,12,0,2,0,0.5714285714285714,0.07142857142857142,0.0,1.0791812460476249
Almas,2020-07-20,12,0,2,0,0.5714285714285714,0.07142857142857142,0.0,1.0791812460476249
Almas,2020-07-21,12,0,2,0,0.5714285714285714,0.07142857142857142,0.0,1.0791812460476249
Almas,2020-07-22,15,3,2,0,0.7857142857142857,0.07142857142857142,0.0,1.1760912590556813
Almas,2020-07-23,15,0,2,0,0.7857142857142857,0.07142857142857142,0.0,1.1760912590556813
Almas,2020-07-24,15,0,2,0,0.6428571428571429,0.07142857142857142,0.0,1.1760912590556813
Almas,2020-07-25,17,2,2,0,0.5714285714285714,0.07142857142857142,0.0,1.2304489213782739
Almas,2020-07-26,17,0,2,0,0.5714285714285714,0.07142857142857142,0.0,1.2304489213782739
Almas,2020-07-27,17,0,2,0,0.5714285714285714,0.07142857142857142,0.0,1.2304489213782739
Almas,2020-07-28,18,1,2,0,0.5,0.07142857142857142,inf,1.255272505103306
Almas,2020-07-29,19,1,2,0,0.5714285714285714,0.07142857142857142,inf,1.2787536009528289
Almas,2020-07-30,19,0,2,0,0.5714285714285714,0.07142857142857142,inf,1.2787536009528289
Almas,2020-07-31,19,0,2,0,0.5,0.0,-1.0,1.2787536009528289
Almas,2020-08-01,19,0,2,0,0.5,0.0,-1.0,1.2787536009528289
Almas,2020-08-02,19,0,2,0,0.5,0.0,-1.0,1.2787536009528289
Almas,2020-08-03,19,0,2,0,0.5,0.0,-1.0,1.2787536009528289
Almas,2020-08-04,20,1,2,0,0.5714285714285714,0.0,-1.0,1.3010299956639813
Almas,2020-08-05,23,3,2,0,0.5714285714285714,0.0,-1.0,1.3617278360175928
Almas,2020-08-06,28,5,2,0,0.9285714285714286,0.0,-1.0,1.4471580313422192
Almas,2020-08-07,28,0,2,0,0.9285714285714286,0.0,-1.0,1.4471580313422192
Almas,2020-08-08,28,0,2,0,0.7857142857142857,0.0,-1.0,1.4471580313422192
Almas,2020-08-09,28,0,2,0,0.7857142857142857,0.0,-1.0,1.4471580313422192
Almas,2020-08-10,28,0,2,0,0.7857142857142857,0.0,-1.0,1.4471580313422192
Almas,2020-08-11,28,0,2,0,0.7142857142857143,0.0,-1.0,1.4471580313422192
Almas,2020-08-12,32,4,2,0,0.9285714285714286,0.0,-1.0,1.505149978319906
Almas,2020-08-13,32,0,2,0,0.9285714285714286,0.0,-1.0,1.505149978319906
Almas,2020-08-14,41,9,2,0,1.5714285714285714,0.0,,1.6127838567197355
Almas,2020-08-15,47,6,2,0,2.0,0.0,,1.6720978579357175
Almas,2020-08-16,47,0,2,0,2.0,0.0,,1.6720978579357175
Almas,2020-08-17,47,0,2,0,2.0,0.0,,1.6720978579357175
Almas,2020-08-18,51,4,2,0,2.2142857142857144,0.0,,1.7075701760979363
Almas,2020-08-19,64,13,2,0,2.9285714285714284,0.0,,1.806179973983887
Almas,2020-08-20,68,4,2,0,2.857142857142857,0.0,,1.8325089127062364
Almas,2020-08-21,68,0,2,0,2.857142857142857,0.0,,1.8325089127062364
Almas,2020-08-22,68,0,2,0,2.857142857142857,0.0,,1.8325089127062364
Almas,2020-08-23,68,0,2,0,2.857142857142857,0.0,,1.8325089127062364
Almas,2020-08-24,73,5,2,0,3.2142857142857144,0.0,,1.863322860120456
Almas,2020-08-25,73,0,2,0,3.2142857142857144,0.0,,1.863322860120456
Almas,2020-08-26,74,1,2,0,3.0,0.0,,1.8692317197309762
Almas,2020-08-27,74,0,2,0,3.0,0.0,,1.8692317197309762
Almas,2020-08-28,74,0,2,0,2.357142857142857,0.0,,1.8692317197309762
Almas,2020-08-29,74,0,2,0,1.9285714285714286,0.0,,1.8692317197309762
Almas,2020-08-30,75,1,2,0,2.0,0.0,,1.8750612633917
Almas,2020-08-31,75,0,2,0,2.0,0.0,,1.8750612633917
Almas,2020-09-01,76,1,2,0,1.7857142857142858,0.0,,1.8808135922807914
Almas,2020-09-02,76,0,2,0,0.8571428571428571,0.0,,1.8808135922807914
Almas,2020-09-03,77,1,2,0,0.6428571428571429,0.0,,1.8864907251724818
Almas,2020-09-04,77,0,2,0,0.6428571428571429,0.0,,1.8864907251724818
Almas,2020-09-05,78,1,2,0,0.7142857142857143,0.0,,1.8920946026904804
Almas,2020-09-06,78,0,2,0,0.7142857142857143,0.0,,1.8920946026904804
Almas,2020-09-07,78,0,2,0,0.35714285714285715,0.0,,1.8920946026904804
Almas,2020-09-08,78,0,2,0,0.35714285714285715,0.0,,1.8920946026904804
Almas,2020-09-09,78,0,2,0,0.2857142857142857,0.0,,1.8920946026904804
Almas,2020-09-10,78,0,2,0,0.2857142857142857,0.0,,1.8920946026904804
Almas,2020-09-11,78,0,2,0,0.2857142857142857,0.0,,1.8920946026904804
Almas,2020-09-12,79,1,2,0,0.35714285714285715,0.0,,1.8976270912904414
Almas,2020-09-13,79,0,2,0,0.2857142857142857,0.0,,1.8976270912904414
Almas,2020-09-14,79,0,2,0,0.2857142857142857,0.0,,1.8976270912904414
Almas,2020-09-15,79,0,2,0,0.21428571428571427,0.0,,1.8976270912904414
Almas,2020-09-16,79,0,2,0,0.21428571428571427,0.0,,1.8976270912904414
Almas,2020-09-17,78,-1,2,0,0.07142857142857142,0.0,,1.8920946026904804
Almas,2020-09-18,79,1,2,0,0.14285714285714285,0.0,,1.8976270912904414
Almas,2020-09-19,79,0,2,0,0.07142857142857142,0.0,,1.8976270912904414
Almas,2020-09-20,79,0,2,0,0.07142857142857142,0.0,,1.8976270912904414
Almas,2020-09-21,79,0,2,0,0.07142857142857142,0.0,,1.8976270912904414
Almas,2020-09-22,79,0,2,0,0.07142857142857142,0.0,,1.8976270912904414
Almas,2020-09-23,80,1,2,0,0.14285714285714285,0.0,,1.9030899869919435
Almas,2020-09-24,80,0,2,0,0.14285714285714285,0.0,,1.9030899869919435
Almas,2020-09-25,80,0,2,0,0.14285714285714285,0.0,,1.9030899869919435
Almas,2020-09-26,80,0,2,0,0.07142857142857142,0.0,,1.9030899869919435
Almas,2020-09-27,80,0,2,0,0.07142857142857142,0.0,,1.9030899869919435
Almas,2020-09-28,80,0,2,0,0.07142857142857142,0.0,,1.9030899869919435
Almas,2020-09-29,80,0,2,0,0.07142857142857142,0.0,,1.9030899869919435
Almas,2020-09-30,80,0,2,0,0.07142857142857142,0.0,,1.9030899869919435
Almas,2020-10-01,81,1,2,0,0.21428571428571427,0.0,,1.9084850188786497
Almas,2020-10-02,81,0,2,0,0.14285714285714285,0.0,,1.9084850188786497
Almas,2020-10-03,81,0,2,0,0.14285714285714285,0.0,,1.9084850188786497
Almas,2020-10-04,81,0,2,0,0.14285714285714285,0.0,,1.9084850188786497
Almas,2020-10-05,81,0,2,0,0.14285714285714285,0.0,,1.9084850188786497
Almas,2020-10-06,81,0,2,0,0.14285714285714285,0.0,,1.9084850188786497
Almas,2020-10-07,81,0,2,0,0.07142857142857142,0.0,,1.9084850188786497
Almas,2020-10-08,83,2,2,0,0.21428571428571427,0.0,,1.919078092376074
Almas,2020-10-09,83,0,2,0,0.21428571428571427,0.0,,1.919078092376074
Almas,2020-10-10,83,0,2,0,0.21428571428571427,0.0,,1.919078092376074
Almas,2020-10-11,83,0,2,0,0.21428571428571427,0.0,,1.919078092376074
Almas,2020-10-12,83,0,2,0,0.21428571428571427,0.0,,1.919078092376074
Almas,2020-10-13,83,0,2,0,0.21428571428571427,0.0,,1.919078092376074
Almas,2020-10-14,83,0,2,0,0.21428571428571427,0.0,,1.919078092376074
Almas,2020-10-15,83,0,2,0,0.14285714285714285,0.0,,1.919078092376074
Almas,2020-10-16,84,1,2,0,0.21428571428571427,0.0,,1.9242792860618816
Almas,2020-10-17,84,0,2,0,0.21428571428571427,0.0,,1.9242792860618816
Almas,2020-10-18,84,0,2,0,0.21428571428571427,0.0,,1.9242792860618816
Almas,2020-10-19,84,0,2,0,0.21428571428571427,0.0,,1.9242792860618816
Almas,2020-10-20,84,0,2,0,0.21428571428571427,0.0,,1.9242792860618816
Almas,2020-10-21,84,0,2,0,0.21428571428571427,0.0,,1.9242792860618816
Almas,2020-10-22,84,0,2,0,0.07142857142857142,0.0,,1.9242792860618816
Almas,2020-10-23,84,0,2,0,0.07142857142857142,0.0,,1.9242792860618816
Almas,2020-10-24,84,0,2,0,0.07142857142857142,0.0,,1.9242792860618816
Almas,2020-10-25,84,0,2,0,0.07142857142857142,0.0,,1.9242792860618816
Almas,2020-10-26,84,0,2,0,0.07142857142857142,0.0,,1.9242792860618816
Almas,2020-10-27,85,1,2,0,0.14285714285714285,0.0,,1.9294189257142929
Almas,2020-10-28,87,2,2,0,0.2857142857142857,0.0,,1.9395192526186185
Almas,2020-10-29,87,0,2,0,0.2857142857142857,0.0,,1.9395192526186185
Almas,2020-10-30,87,0,2,0,0.21428571428571427,0.0,,1.9395192526186185
Almas,2020-10-31,87,0,2,0,0.21428571428571427,0.0,,1.9395192526186185
Almas,2020-11-01,87,0,2,0,0.21428571428571427,0.0,,1.9395192526186185
Almas,2020-11-02,87,0,2,0,0.21428571428571427,0.0,,1.9395192526186185
Almas,2020-11-03,87,0,2,0,0.21428571428571427,0.0,,1.9395192526186185
Almas,2020-11-04,90,3,2,0,0.42857142857142855,0.0,,1.9542425094393248
Almas,2020-11-05,90,0,2,0,0.42857142857142855,0.0,,1.9542425094393248
Almas,2020-11-06,91,1,2,0,0.5,0.0,,1.9590413923210936
Almas,2020-11-07,91,0,2,0,0.5,0.0,,1.9590413923210936
Almas,2020-11-08,91,0,2,0,0.5,0.0,,1.9590413923210936
Almas,2020-11-09,91,0,2,0,0.5,0.0,,1.9590413923210936
Almas,2020-11-10,92,1,2,0,0.5,0.0,,1.9637878273455553
Almas,2020-11-11,92,0,2,0,0.35714285714285715,0.0,,1.9637878273455553
Almas,2020-11-12,92,0,2,0,0.35714285714285715,0.0,,1.9637878273455553
Almas,2020-11-13,92,0,2,0,0.35714285714285715,0.0,,1.9637878273455553
Almas,2020-11-14,92,0,2,0,0.35714285714285715,0.0,,1.9637878273455553
Almas,2020-11-15,92,0,2,0,0.35714285714285715,0.0,,1.9637878273455553
Almas,2020-11-16,92,0,2,0,0.35714285714285715,0.0,,1.9637878273455553
Almas,2020-11-17,93,1,2,0,0.42857142857142855,0.0,,1.968482948553935
Almas,2020-11-18,93,0,2,0,0.21428571428571427,0.0,,1.968482948553935
Almas,2020-11-19,93,0,2,0,0.21428571428571427,0.0,,1.968482948553935
Almas,2020-11-20,93,0,2,0,0.14285714285714285,0.0,,1.968482948553935
Almas,2020-11-21,93,0,2,0,0.14285714285714285,0.0,,1.968482948553935
Almas,2020-11-22,93,0,2,0,0.14285714285714285,0.0,,1.968482948553935
Almas,2020-11-23,93,0,2,0,0.14285714285714285,0.0,,1.968482948553935
Almas,2020-11-24,97,4,2,0,0.35714285714285715,0.0,,1.9867717342662448
Almas,2020-11-25,97,0,2,0,0.35714285714285715,0.0,,1.9867717342662448
Almas,2020-11-26,97,0,2,0,0.35714285714285715,0.0,,1.9867717342662448
Almas,2020-11-27,99,2,2,0,0.5,0.0,,1.99563519459755
Almas,2020-11-28,100,1,2,0,0.5714285714285714,0.0,,2.0
Almas,2020-11-29,100,0,2,0,0.5714285714285714,0.0,,2.0
Almas,2020-11-30,100,0,2,0,0.5714285714285714,0.0,,2.0
Almas,2020-12-01,102,2,2,0,0.6428571428571429,0.0,,2.0086001717619175
Almas,2020-12-02,103,1,2,0,0.7142857142857143,0.0,,2.012837224705172
Almas,2020-12-03,104,1,2,0,0.7857142857142857,0.0,,2.0170333392987803
Almas,2020-12-04,104,0,2,0,0.7857142857142857,0.0,,2.0170333392987803
Almas,2020-12-05,106,2,2,0,0.9285714285714286,0.0,,2.0253058652647704
Almas,2020-12-06,106,0,2,0,0.9285714285714286,0.0,,2.0253058652647704
Almas,2020-12-07,106,0,2,0,0.9285714285714286,0.0,,2.0253058652647704
Almas,2020-12-08,107,1,2,0,0.7142857142857143,0.0,,2.0293837776852097
Almas,2020-12-09,107,0,2,0,0.7142857142857143,0.0,,2.0293837776852097
Almas,2020-12-10,110,3,2,0,0.9285714285714286,0.0,,2.041392685158225
Almas,2020-12-11,110,0,2,0,0.7857142857142857,0.0,,2.041392685158225
Almas,2020-12-12,110,0,2,0,0.7142857142857143,0.0,,2.041392685158225
Almas,2020-12-13,110,0,2,0,0.7142857142857143,0.0,,2.041392685158225
Almas,2020-12-14,110,0,2,0,0.7142857142857143,0.0,,2.041392685158225
Almas,2020-12-15,110,0,2,0,0.5714285714285714,0.0,,2.041392685158225
Almas,2020-12-16,110,0,2,0,0.5,0.0,,2.041392685158225
Almas,2020-12-17,115,5,2,0,0.7857142857142857,0.0,,2.060697840353612
Almas,2020-12-18,120,5,2,0,1.1428571428571428,0.0,,2.0791812460476247
Almas,2020-12-19,124,4,2,0,1.2857142857142858,0.0,,2.093421685162235
Almas,2020-12-20,124,0,2,0,1.2857142857142858,0.0,,2.093421685162235
Almas,2020-12-21,124,0,2,0,1.2857142857142858,0.0,,2.093421685162235
Almas,2020-12-22,124,0,2,0,1.2142857142857142,0.0,,2.093421685162235
Almas,2020-12-23,124,0,2,0,1.2142857142857142,0.0,,2.093421685162235
Almas,2020-12-24,124,0,2,0,1.0,0.0,,2.093421685162235
Almas,2020-12-25,124,0,2,0,1.0,0.0,,2.093421685162235
Almas,2020-12-26,124,0,2,0,1.0,0.0,,2.093421685162235
Almas,2020-12-27,124,0,2,0,1.0,0.0,,2.093421685162235
Almas,2020-12-28,124,0,2,0,1.0,0.0,,2.093421685162235
Almas,2020-12-29,127,3,2,0,1.2142857142857142,0.0,,2.103803720955957
Almas,2020-12-30,127,0,2,0,1.2142857142857142,0.0,,2.103803720955957
Almas,2020-12-31,127,0,2,0,0.8571428571428571,0.0,,2.103803720955957
Almas,2021-01-01,127,0,2,0,0.5,0.0,,2.103803720955957
Almas,2021-01-02,127,0,2,0,0.21428571428571427,0.0,,2.103803720955957
Almas,2021-01-03,127,0,2,0,0.21428571428571427,0.0,,2.103803720955957
Almas,2021-01-04,127,0,2,0,0.21428571428571427,0.0,,2.103803720955957
Almas,2021-01-05,131,4,2,0,0.5,0.0,,2.1172712956557644
Almas,2021-01-06,131,0,2,0,0.5,0.0,,2.1172712956557644
Almas,2021-01-07,131,0,2,0,0.5,0.0,,2.1172712956557644
Almas,2021-01-08,132,1,2,0,0.5714285714285714,0.0,,2.12057393120585
Almas,2021-01-09,132,0,2,0,0.5714285714285714,0.0,,2.12057393120585
Almas,2021-01-10,132,0,2,0,0.5714285714285714,0.0,,2.12057393120585
Almas,2021-01-11,132,0,2,0,0.5714285714285714,0.0,,2.12057393120585
Almas,2021-01-12,132,0,2,0,0.35714285714285715,0.0,,2.12057393120585
Almas,2021-01-13,132,0,2,0,0.35714285714285715,0.0,,2.12057393120585
Almas,2021-01-14,132,0,2,0,0.35714285714285715,0.0,,2.12057393120585
Almas,2021-01-15,133,1,2,0,0.42857142857142855,0.0,,2.123851640967086
Almas,2021-01-16,138,5,2,0,0.7857142857142857,0.0,,2.1398790864012365
Almas,2021-01-17,138,0,2,0,0.7857142857142857,0.0,,2.1398790864012365
Almas,2021-01-18,138,0,2,0,0.7857142857142857,0.0,,2.1398790864012365
Almas,2021-01-19,138,0,2,0,0.5,0.0,,2.1398790864012365
Almas,2021-01-20,139,1,2,0,0.5714285714285714,0.0,,2.143014800254095
Alvorada,2020-03-27,0,0,0,0,,,,0.0
Alvorada,2020-03-28,0,0,0,0,,,,0.0
Alvorada,2020-03-29,0,0,0,0,,,,0.0
Alvorada,2020-03-30,0,0,0,0,,,,0.0
Alvorada,2020-03-31,0,0,0,0,,,,0.0
Alvorada,2020-04-01,0,0,0,0,,,,0.0
Alvorada,2020-04-02,0,0,0,0,,,,0.0
Alvorada,2020-04-03,0,0,0,0,,,,0.0
Alvorada,2020-04-04,0,0,0,0,,,,0.0
Alvorada,2020-04-05,0,0,0,0,,,,0.0
Alvorada,2020-04-06,0,0,0,0,,,,0.0
Alvorada,2020-04-07,0,0,0,0,,,,0.0
Alvorada,2020-04-08,0,0,0,0,,,,0.0
Alvorada,2020-04-09,0,0,0,0,0.0,0.0,,0.0
Alvorada,2020-04-10,0,0,0,0,0.0,0.0,,0.0
Alvorada,2020-04-11,0,0,0,0,0.0,0.0,,0.0
Alvorada,2020-04-12,0,0,0,0,0.0,0.0,,0.0
Alvorada,2020-04-13,0,0,0,0,0.0,0.0,,0.0
Alvorada,2020-04-14,0,0,0,0,0.0,0.0,,0.0
Alvorada,2020-04-15,0,0,0,0,0.0,0.0,,0.0
Alvorada,2020-04-16,0,0,0,0,0.0,0.0,,0.0
Alvorada,2020-04-17,0,0,0,0,0.0,0.0,,0.0
Alvorada,2020-04-18,0,0,0,0,0.0,0.0,,0.0
Alvorada,2020-04-19,0,0,0,0,0.0,0.0,,0.0
Alvorada,2020-04-20,0,0,0,0,0.0,0.0,,0.0
Alvorada,2020-04-21,0,0,0,0,0.0,0.0,,0.0
Alvorada,2020-04-22,0,0,0,0,0.0,0.0,,0.0
Alvorada,2020-04-23,0,0,0,0,0.0,0.0,,0.0
Alvorada,2020-04-24,0,0,0,0,0.0,0.0,,0.0
Alvorada,2020-04-25,0,0,0,0,0.0,0.0,,0.0
Alvorada,2020-04-26,0,0,0,0,0.0,0.0,,0.0
Alvorada,2020-04-27,0,0,0,0,0.0,0.0,,0.0
Alvorada,2020-04-28,0,0,0,0,0.0,0.0,,0.0
Alvorada,2020-04-29,0,0,0,0,0.0,0.0,,0.0
Alvorada,2020-04-30,0,0,0,0,0.0,0.0,,0.0
Alvorada,2020-05-01,0,0,0,0,0.0,0.0,,0.0
Alvorada,2020-05-02,0,0,0,0,0.0,0.0,,0.0
Alvorada,2020-05-03,0,0,0,0,0.0,0.0,,0.0
Alvorada,2020-05-04,0,0,0,0,0.0,0.0,,0.0
Alvorada,2020-05-05,0,0,0,0,0.0,0.0,,0.0
Alvorada,2020-05-06,0,0,0,0,0.0,0.0,,0.0
Alvorada,2020-05-07,0,0,0,0,0.0,0.0,,0.0
Alvorada,2020-05-08,1,1,0,0,0.07142857142857142,0.0,,0.0
Alvorada,2020-05-09,1,0,0,0,0.07142857142857142,0.0,,0.0
Alvorada,2020-05-10,1,0,0,0,0.07142857142857142,0.0,,0.0
Alvorada,2020-05-11,1,0,0,0,0.07142857142857142,0.0,,0.0
Alvorada,2020-05-12,1,0,0,0,0.07142857142857142,0.0,,0.0
Alvorada,2020-05-13,1,0,0,0,0.07142857142857142,0.0,,0.0
Alvorada,2020-05-14,1,0,0,0,0.07142857142857142,0.0,,0.0
Alvorada,2020-05-15,3,2,0,0,0.21428571428571427,0.0,,0.47712125471966244
Alvorada,2020-05-16,3,0,0,0,0.21428571428571427,0.0,,0.47712125471966244
Alvorada,2020-05-17,5,2,0,0,0.35714285714285715,0.0,,0.6989700043360189
Alvorada,2020-05-18,5,0,0,0,0.35714285714285715,0.0,,0.6989700043360189
Alvorada,2020-05-19,5,0,0,0,0.35714285714285715,0.0,,0.6989700043360189
Alvorada,2020-05-20,5,0,0,0,0.35714285714285715,0.0,,0.6989700043360189
Alvorada,2020-05-21,5,0,0,0,0.35714285714285715,0.0,,0.6989700043360189
Alvorada,2020-05-22,6,1,0,0,0.35714285714285715,0.0,,0.7781512503836436
Alvorada,2020-05-23,6,0,0,0,0.35714285714285715,0.0,,0.7781512503836436
Alvorada,2020-05-24,7,1,0,0,0.42857142857142855,0.0,,0.8450980400142568
Alvorada,2020-05-25,7,0,0,0,0.42857142857142855,0.0,,0.8450980400142568
Alvorada,2020-05-26,7,0,0,0,0.42857142857142855,0.0,,0.8450980400142568
Alvorada,2020-05-27,7,0,0,0,0.42857142857142855,0.0,,0.8450980400142568
Alvorada,2020-05-28,8,1,0,0,0.5,0.0,,0.9030899869919435
Alvorada,2020-05-29,8,0,0,0,0.35714285714285715,0.0,,0.9030899869919435
Alvorada,2020-05-30,8,0,0,0,0.35714285714285715,0.0,,0.9030899869919435
Alvorada,2020-05-31,9,1,0,0,0.2857142857142857,0.0,,0.9542425094393249
Alvorada,2020-06-01,8,-1,0,0,0.21428571428571427,0.0,,0.9030899869919435
Alvorada,2020-06-02,8,0,0,0,0.21428571428571427,0.0,,0.9030899869919435
Alvorada,2020-06-03,8,0,0,0,0.21428571428571427,0.0,,0.9030899869919435
Alvorada,2020-06-04,8,0,0,0,0.21428571428571427,0.0,,0.9030899869919435
Alvorada,2020-06-05,8,0,0,0,0.14285714285714285,0.0,,0.9030899869919435
Alvorada,2020-06-06,8,0,0,0,0.14285714285714285,0.0,,0.9030899869919435
Alvorada,2020-06-07,8,0,0,0,0.07142857142857142,0.0,,0.9030899869919435
Alvorada,2020-06-08,8,0,0,0,0.07142857142857142,0.0,,0.9030899869919435
Alvorada,2020-06-09,8,0,0,0,0.07142857142857142,0.0,,0.9030899869919435
Alvorada,2020-06-10,8,0,0,0,0.07142857142857142,0.0,,0.9030899869919435
Alvorada,2020-06-11,8,0,0,0,0.0,0.0,,0.9030899869919435
Alvorada,2020-06-12,8,0,0,0,0.0,0.0,,0.9030899869919435
Alvorada,2020-06-13,8,0,0,0,0.0,0.0,,0.9030899869919435
Alvorada,2020-06-14,8,0,0,0,-0.07142857142857142,0.0,,0.9030899869919435
Alvorada,2020-06-15,8,0,0,0,0.0,0.0,,0.9030899869919435
Alvorada,2020-06-16,8,0,0,0,0.0,0.0,,0.9030899869919435
Alvorada,2020-06-17,8,0,0,0,0.0,0.0,,0.9030899869919435
Alvorada,2020-06-18,8,0,0,0,0.0,0.0,,0.9030899869919435
Alvorada,2020-06-19,8,0,0,0,0.0,0.0,,0.9030899869919435
Alvorada,2020-06-20,8,0,0,0,0.0,0.0,,0.9030899869919435
Alvorada,2020-06-21,8,0,0,0,0.0,0.0,,0.9030899869919435
Alvorada,2020-06-22,8,0,0,0,0.0,0.0,,0.9030899869919435
Alvorada,2020-06-23,8,0,0,0,0.0,0.0,,0.9030899869919435
Alvorada,2020-06-24,8,0,0,0,0.0,0.0,,0.9030899869919435
Alvorada,2020-06-25,8,0,0,0,0.0,0.0,,0.9030899869919435
Alvorada,2020-06-26,11,3,0,0,0.21428571428571427,0.0,,1.041392685158225
Alvorada,2020-06-27,11,0,0,0,0.21428571428571427,0.0,,1.041392685158225
Alvorada,2020-06-28,16,5,0,0,0.5714285714285714,0.0,,1.2041199826559248
Alvorada,2020-06-29,16,0,0,0,0.5714285714285714,0.0,,1.2041199826559248
Alvorada,2020-06-30,16,0,0,0,0.5714285714285714,0.0,,1.2041199826559248
Alvorada,2020-07-01,17,1,0,0,0.6428571428571429,0.0,,1.2304489213782739
Alvorada,2020-07-02,20,3,0,0,0.8571428571428571,0.0,,1.3010299956639813
Alvorada,2020-07-03,20,0,0,0,0.8571428571428571,0.0,,1.3010299956639813
Alvorada,2020-07-04,23,3,0,0,1.0714285714285714,0.0,,1.3617278360175928
Alvorada,2020-07-05,24,1,0,0,1.1428571428571428,0.0,,1.380211241711606
Alvorada,2020-07-06,24,0,0,0,1.1428571428571428,0.0,,1.380211241711606
Alvorada,2020-07-07,24,0,0,0,1.1428571428571428,0.0,,1.380211241711606
Alvorada,2020-07-08,25,1,0,0,1.2142857142857142,0.0,,1.3979400086720377
Alvorada,2020-07-09,25,0,0,0,1.2142857142857142,0.0,,1.3979400086720377
Alvorada,2020-07-10,25,0,0,0,1.0,0.0,,1.3979400086720377
Alvorada,2020-07-11,25,0,0,0,1.0,0.0,,1.3979400086720377
Alvorada,2020-07-12,25,0,0,0,0.6428571428571429,0.0,,1.3979400086720377
Alvorada,2020-07-13,25,0,0,0,0.6428571428571429,0.0,,1.3979400086720377
Alvorada,2020-07-14,25,0,0,0,0.6428571428571429,0.0,,1.3979400086720377
Alvorada,2020-07-15,25,0,0,0,0.5714285714285714,0.0,,1.3979400086720377
Alvorada,2020-07-16,27,2,0,0,0.5,0.0,,1.4313637641589874
Alvorada,2020-07-17,27,0,0,0,0.5,0.0,,1.4313637641589874
Alvorada,2020-07-18,27,0,0,0,0.2857142857142857,0.0,,1.4313637641589874
Alvorada,2020-07-19,28,1,0,0,0.2857142857142857,0.0,,1.4471580313422192
Alvorada,2020-07-20,28,0,0,0,0.2857142857142857,0.0,,1.4471580313422192
Alvorada,2020-07-21,27,-1,0,0,0.21428571428571427,0.0,,1.4313637641589874
Alvorada,2020-07-22,36,9,0,0,0.7857142857142857,0.0,,1.5563025007672873
Alvorada,2020-07-23,43,7,1,1,1.2857142857142858,0.07142857142857142,inf,1.6334684555795866
Alvorada,2020-07-24,43,0,1,0,1.2857142857142858,0.07142857142857142,inf,1.6334684555795866
Alvorada,2020-07-25,62,19,1,0,2.642857142857143,0.07142857142857142,inf,1.792391689498254
Alvorada,2020-07-26,109,47,1,0,6.0,0.07142857142857142,inf,2.037426497940624
Alvorada,2020-07-27,109,0,1,0,6.0,0.07142857142857142,inf,2.037426497940624
Alvorada,2020-07-28,126,17,1,0,7.214285714285714,0.07142857142857142,inf,2.100370545117563
Alvorada,2020-07-29,144,18,1,0,8.5,0.07142857142857142,inf,2.1583624920952498
Alvorada,2020-07-30,170,26,1,0,10.214285714285714,0.07142857142857142,inf,2.230448921378274
Alvorada,2020-07-31,171,1,2,1,10.285714285714286,0.14285714285714285,inf,2.2329961103921536
Alvorada,2020-08-01,185,14,2,0,11.285714285714286,0.14285714285714285,inf,2.2671717284030137
Alvorada,2020-08-02,185,0,2,0,11.214285714285714,0.14285714285714285,inf,2.2671717284030137
Alvorada,2020-08-03,185,0,2,0,11.214285714285714,0.14285714285714285,inf,2.2671717284030137
Alvorada,2020-08-04,186,1,2,0,11.357142857142858,0.14285714285714285,inf,2.2695129442179165
Alvorada,2020-08-05,188,2,2,0,10.857142857142858,0.14285714285714285,inf,2.27415784926368
Alvorada,2020-08-06,259,71,2,0,15.428571428571429,0.07142857142857142,0.0,2.413299764081252
Alvorada,2020-08-07,272,13,2,0,16.357142857142858,0.07142857142857142,0.0,2.4345689040341987
Alvorada,2020-08-08,275,3,2,0,15.214285714285714,0.07142857142857142,0.0,2.439332693830263
Alvorada,2020-08-09,300,25,2,0,13.642857142857142,0.07142857142857142,0.0,2.4771212547196626
Alvorada,2020-08-10,310,10,2,0,14.357142857142858,0.07142857142857142,0.0,2.4913616938342726
Alvorada,2020-08-11,312,2,2,0,13.285714285714286,0.07142857142857142,0.0,2.494154594018443
Alvorada,2020-08-12,320,8,2,0,12.571428571428571,0.07142857142857142,0.0,2.505149978319906
Alvorada,2020-08-13,322,2,3,1,10.857142857142858,0.14285714285714285,1.0,2.507855871695831
Alvorada,2020-08-14,345,23,3,0,12.428571428571429,0.07142857142857142,-0.5,2.537819095073274
Alvorada,2020-08-15,359,14,3,0,12.428571428571429,0.07142857142857142,-0.5,2.5550944485783194
Alvorada,2020-08-16,365,6,3,0,12.857142857142858,0.07142857142857142,-0.5,2.5622928644564746
Alvorada,2020-08-17,374,9,3,0,13.5,0.07142857142857142,-0.5,2.5728716022004803
Alvorada,2020-08-18,376,2,4,1,13.571428571428571,0.14285714285714285,0.0,2.575187844927661
Alvorada,2020-08-19,383,7,4,0,13.928571428571429,0.14285714285714285,0.0,2.583198773968623
Alvorada,2020-08-20,403,20,4,0,10.285714285714286,0.14285714285714285,1.0,2.6053050461411096
Alvorada,2020-08-21,404,1,4,0,9.428571428571429,0.14285714285714285,1.0,2.606381365110605
Alvorada,2020-08-22,421,17,4,0,10.428571428571429,0.14285714285714285,1.0,2.6242820958356683
Alvorada,2020-08-23,421,0,4,0,8.642857142857142,0.14285714285714285,1.0,2.6242820958356683
Alvorada,2020-08-24,426,5,4,0,8.285714285714286,0.14285714285714285,1.0,2.629409599102719
Alvorada,2020-08-25,437,11,4,0,8.928571428571429,0.14285714285714285,1.0,2.640481436970422
Alvorada,2020-08-26,441,4,4,0,8.642857142857142,0.14285714285714285,1.0,2.6444385894678386
Alvorada,2020-08-27,443,2,5,1,8.642857142857142,0.14285714285714285,0.0,2.6464037262230695
Alvorada,2020-08-28,444,1,6,1,7.071428571428571,0.21428571428571427,2.0,2.6473829701146196
Alvorada,2020-08-29,449,5,6,0,6.428571428571429,0.21428571428571427,2.0,2.6522463410033232
Alvorada,2020-08-30,449,0,6,0,6.0,0.21428571428571427,2.0,2.6522463410033232
Alvorada,2020-08-31,452,3,6,0,5.571428571428571,0.21428571428571427,2.0,2.655138434811382
Alvorada,2020-09-01,434,-18,6,0,4.142857142857143,0.14285714285714285,0.0,2.637489729512511
Alvorada,2020-09-02,446,12,6,0,4.5,0.14285714285714285,0.0,2.649334858712142
Alvorada,2020-09-03,452,6,6,0,3.5,0.14285714285714285,0.0,2.655138434811382
Alvorada,2020-09-04,452,0,6,0,3.4285714285714284,0.14285714285714285,0.0,2.655138434811382
Alvorada,2020-09-05,469,17,6,0,3.4285714285714284,0.14285714285714285,0.0,2.6711728427150834
Alvorada,2020-09-06,469,0,6,0,3.4285714285714284,0.14285714285714285,0.0,2.6711728427150834
Alvorada,2020-09-07,469,0,6,0,3.0714285714285716,0.14285714285714285,0.0,2.6711728427150834
Alvorada,2020-09-08,469,0,6,0,2.2857142857142856,0.14285714285714285,0.0,2.6711728427150834
Alvorada,2020-09-09,469,0,6,0,2.0,0.14285714285714285,0.0,2.6711728427150834
Alvorada,2020-09-10,483,14,6,0,2.857142857142857,0.07142857142857142,-0.5,2.683947130751512
Alvorada,2020-09-11,488,5,6,0,3.142857142857143,0.0,-1.0,2.6884198220027105
Alvorada,2020-09-12,489,1,6,0,2.857142857142857,0.0,-1.0,2.6893088591236203
Alvorada,2020-09-13,490,1,7,1,2.9285714285714284,0.07142857142857142,-0.6666666666666666,2.690196080028514
Alvorada,2020-09-14,490,0,7,0,2.7142857142857144,0.07142857142857142,-0.6666666666666666,2.690196080028514
Alvorada,2020-09-15,495,5,7,0,4.357142857142857,0.07142857142857142,-0.5,2.694605198933569
Alvorada,2020-09-16,499,4,7,0,3.7857142857142856,0.07142857142857142,-0.5,2.6981005456233897
Alvorada,2020-09-17,502,3,7,0,3.5714285714285716,0.07142857142857142,-0.5,2.7007037171450192
Alvorada,2020-09-18,502,0,7,0,3.5714285714285716,0.07142857142857142,-0.5,2.7007037171450192
Alvorada,2020-09-19,504,2,7,0,2.5,0.07142857142857142,-0.5,2.7024305364455254
Alvorada,2020-09-20,504,0,7,0,2.5,0.07142857142857142,-0.5,2.7024305364455254
Alvorada,2020-09-21,504,0,7,0,2.5,0.07142857142857142,-0.5,2.7024305364455254
Alvorada,2020-09-22,507,3,7,0,2.7142857142857144,0.07142857142857142,-0.5,2.705007959333336
Alvorada,2020-09-23,510,3,7,0,2.9285714285714284,0.07142857142857142,-0.5,2.7075701760979363
Alvorada,2020-09-24,513,3,7,0,2.142857142857143,0.07142857142857142,0.0,2.7101173651118162
Alvorada,2020-09-25,514,1,7,0,1.8571428571428572,0.07142857142857142,inf,2.710963118995276
Alvorada,2020-09-26,516,2,8,1,1.9285714285714286,0.14285714285714285,inf,2.7126497016272113
Alvorada,2020-09-27,516,0,8,0,1.8571428571428572,0.07142857142857142,0.0,2.7126497016272113
Alvorada,2020-09-28,516,0,8,0,1.8571428571428572,0.07142857142857142,0.0,2.7126497016272113
Alvorada,2020-09-29,516,0,8,0,1.5,0.07142857142857142,0.0,2.7126497016272113
Alvorada,2020-09-30,518,2,8,0,1.3571428571428572,0.07142857142857142,0.0,2.714329759745233
Alvorada,2020-10-01,520,2,8,0,1.2857142857142858,0.07142857142857142,0.0,2.716003343634799
Alvorada,2020-10-02,521,1,8,0,1.3571428571428572,0.07142857142857142,0.0,2.7168377232995247
Alvorada,2020-10-03,525,4,9,1,1.5,0.14285714285714285,1.0,2.720159303405957
Alvorada,2020-10-04,525,0,9,0,1.5,0.14285714285714285,1.0,2.720159303405957
Alvorada,2020-10-05,525,0,9,0,1.5,0.14285714285714285,1.0,2.720159303405957
Alvorada,2020-10-06,525,0,9,0,1.2857142857142858,0.14285714285714285,1.0,2.720159303405957
Alvorada,2020-10-07,526,1,9,0,1.1428571428571428,0.14285714285714285,1.0,2.7209857441537393
Alvorada,2020-10-08,528,2,9,0,1.0714285714285714,0.14285714285714285,1.0,2.722633922533812
Alvorada,2020-10-09,528,0,9,0,1.0,0.14285714285714285,1.0,2.722633922533812
Alvorada,2020-10-10,528,0,9,0,0.8571428571428571,0.07142857142857142,-0.5,2.722633922533812
Alvorada,2020-10-11,528,0,9,0,0.8571428571428571,0.07142857142857142,0.0,2.722633922533812
Alvorada,2020-10-12,528,0,9,0,0.8571428571428571,0.07142857142857142,0.0,2.722633922533812
Alvorada,2020-10-13,528,0,9,0,0.8571428571428571,0.07142857142857142,0.0,2.722633922533812
Alvorada,2020-10-14,529,1,9,0,0.7857142857142857,0.07142857142857142,0.0,2.7234556720351857
Alvorada,2020-10-15,532,3,9,0,0.8571428571428571,0.07142857142857142,0.0,2.7259116322950483
Alvorada,2020-10-16,534,2,9,0,0.9285714285714286,0.07142857142857142,0.0,2.727541257028556
Alvorada,2020-10-17,535,1,9,0,0.7142857142857143,0.0,-1.0,2.7283537820212285
Alvorada,2020-10-18,535,0,9,0,0.7142857142857143,0.0,-1.0,2.7283537820212285
Alvorada,2020-10-19,535,0,9,0,0.7142857142857143,0.0,-1.0,2.7283537820212285
Alvorada,2020-10-20,535,0,9,0,0.7142857142857143,0.0,-1.0,2.7283537820212285
Alvorada,2020-10-21,536,1,10,1,0.7142857142857143,0.07142857142857142,-0.5,2.72916478969277
Alvorada,2020-10-22,536,0,10,0,0.5714285714285714,0.07142857142857142,-0.5,2.72916478969277
Alvorada,2020-10-23,539,3,10,0,0.7857142857142857,0.07142857142857142,-0.5,2.7315887651867388
Alvorada,2020-10-24,541,2,10,0,0.9285714285714286,0.07142857142857142,0.0,2.7331972651065692
Alvorada,2020-10-25,541,0,10,0,0.9285714285714286,0.07142857142857142,0.0,2.7331972651065692
Alvorada,2020-10-26,541,0,10,0,0.9285714285714286,0.07142857142857142,0.0,2.7331972651065692
Alvorada,2020-10-27,543,2,10,0,1.0714285714285714,0.07142857142857142,0.0,2.734799829588847
Alvorada,2020-10-28,547,4,10,0,1.2857142857142858,0.07142857142857142,0.0,2.737987326333431
Alvorada,2020-10-29,547,0,10,0,1.0714285714285714,0.07142857142857142,0.0,2.737987326333431
Alvorada,2020-10-30,548,1,10,0,1.0,0.07142857142857142,0.0,2.738780558484369
Alvorada,2020-10-31,550,2,10,0,1.0714285714285714,0.07142857142857142,inf,2.7403626894942437
Alvorada,2020-11-01,550,0,10,0,1.0714285714285714,0.07142857142857142,inf,2.7403626894942437
Alvorada,2020-11-02,550,0,10,0,1.0714285714285714,0.07142857142857142,inf,2.7403626894942437
Alvorada,2020-11-03,550,0,10,0,1.0714285714285714,0.07142857142857142,inf,2.7403626894942437
Alvorada,2020-11-04,550,0,10,0,1.0,0.0,-1.0,2.7403626894942437
Alvorada,2020-11-05,550,0,10,0,1.0,0.0,-1.0,2.7403626894942437
Alvorada,2020-11-06,550,0,10,0,0.7857142857142857,0.0,-1.0,2.7403626894942437
Alvorada,2020-11-07,550,0,10,0,0.6428571428571429,0.0,-1.0,2.7403626894942437
Alvorada,2020-11-08,550,0,10,0,0.6428571428571429,0.0,-1.0,2.7403626894942437
Alvorada,2020-11-09,550,0,10,0,0.6428571428571429,0.0,-1.0,2.7403626894942437
Alvorada,2020-11-10,551,1,10,0,0.5714285714285714,0.0,-1.0,2.741151598851785
Alvorada,2020-11-11,551,0,10,0,0.2857142857142857,0.0,-1.0,2.741151598851785
Alvorada,2020-11-12,551,0,10,0,0.2857142857142857,0.0,-1.0,2.741151598851785
Alvorada,2020-11-13,551,0,10,0,0.21428571428571427,0.0,-1.0,2.741151598851785
Alvorada,2020-11-14,551,0,10,0,0.07142857142857142,0.0,-1.0,2.741151598851785
Alvorada,2020-11-15,551,0,10,0,0.07142857142857142,0.0,-1.0,2.741151598851785
Alvorada,2020-11-16,551,0,10,0,0.07142857142857142,0.0,-1.0,2.741151598851785
Alvorada,2020-11-17,551,0,10,0,0.07142857142857142,0.0,-1.0,2.741151598851785
Alvorada,2020-11-18,551,0,10,0,0.07142857142857142,0.0,,2.741151598851785
Alvorada,2020-11-19,551,0,10,0,0.07142857142857142,0.0,,2.741151598851785
Alvorada,2020-11-20,551,0,10,0,0.07142857142857142,0.0,,2.741151598851785
Alvorada,2020-11-21,551,0,10,0,0.07142857142857142,0.0,,2.741151598851785
Alvorada,2020-11-22,551,0,10,0,0.07142857142857142,0.0,,2.741151598851785
Alvorada,2020-11-23,551,0,10,0,0.07142857142857142,0.0,,2.741151598851785
Alvorada,2020-11-24,552,1,10,0,0.07142857142857142,0.0,,2.741939077729199
Alvorada,2020-11-25,552,0,10,0,0.07142857142857142,0.0,,2.741939077729199
Alvorada,2020-11-26,552,0,10,0,0.07142857142857142,0.0,,2.741939077729199
Alvorada,2020-11-27,552,0,10,0,0.07142857142857142,0.0,,2.741939077729199
Alvorada,2020-11-28,552,0,10,0,0.07142857142857142,0.0,,2.741939077729199
Alvorada,2020-11-29,552,0,10,0,0.07142857142857142,0.0,,2.741939077729199
Alvorada,2020-11-30,552,0,10,0,0.07142857142857142,0.0,,2.741939077729199
Alvorada,2020-12-01,552,0,10,0,0.07142857142857142,0.0,,2.741939077729199
Alvorada,2020-12-02,553,1,10,0,0.14285714285714285,0.0,,2.7427251313046983
Alvorada,2020-12-03,554,1,10,0,0.21428571428571427,0.0,,2.74350976472843
Alvorada,2020-12-04,554,0,10,0,0.21428571428571427,0.0,,2.74350976472843
Alvorada,2020-12-05,557,3,10,0,0.42857142857142855,0.0,,2.745855195173729
Alvorada,2020-12-06,557,0,10,0,0.42857142857142855,0.0,,2.745855195173729
Alvorada,2020-12-07,557,0,10,0,0.42857142857142855,0.0,,2.745855195173729
Alvorada,2020-12-08,558,1,10,0,0.42857142857142855,0.0,,2.7466341989375787
Alvorada,2020-12-09,558,0,10,0,0.42857142857142855,0.0,,2.7466341989375787
Alvorada,2020-12-10,560,2,10,0,0.5714285714285714,0.0,,2.7481880270062002
Alvorada,2020-12-11,560,0,10,0,0.5714285714285714,0.0,,2.7481880270062002
Alvorada,2020-12-12,560,0,10,0,0.5714285714285714,0.0,,2.7481880270062002
Alvorada,2020-12-13,560,0,10,0,0.5714285714285714,0.0,,2.7481880270062002
Alvorada,2020-12-14,560,0,10,0,0.5714285714285714,0.0,,2.7481880270062002
Alvorada,2020-12-15,560,0,10,0,0.5714285714285714,0.0,,2.7481880270062002
Alvorada,2020-12-16,560,0,10,0,0.5,0.0,,2.7481880270062002
Alvorada,2020-12-17,562,2,10,0,0.5714285714285714,0.0,,2.749736315569061
Alvorada,2020-12-18,562,0,10,0,0.5714285714285714,0.0,,2.749736315569061
Alvorada,2020-12-19,565,3,10,0,0.5714285714285714,0.0,,2.7520484478194387
Alvorada,2020-12-20,565,0,10,0,0.5714285714285714,0.0,,2.7520484478194387
Alvorada,2020-12-21,565,0,10,0,0.5714285714285714,0.0,,2.7520484478194387
Alvorada,2020-12-22,569,4,10,0,0.7857142857142857,0.0,,2.7551122663950713
Alvorada,2020-12-23,569,0,10,0,0.7857142857142857,0.0,,2.7551122663950713
Alvorada,2020-12-24,572,3,10,0,0.8571428571428571,0.0,,2.7573960287930244
Alvorada,2020-12-25,572,0,10,0,0.8571428571428571,0.0,,2.7573960287930244
Alvorada,2020-12-26,572,0,10,0,0.8571428571428571,0.0,,2.7573960287930244
Alvorada,2020-12-27,572,0,10,0,0.8571428571428571,0.0,,2.7573960287930244
Alvorada,2020-12-28,572,0,10,0,0.8571428571428571,0.0,,2.7573960287930244
Alvorada,2020-12-29,580,8,10,0,1.4285714285714286,0.0,,2.7634279935629373
Alvorada,2020-12-30,576,-4,10,0,1.1428571428571428,0.0,,2.760422483423212
Alvorada,2020-12-31,581,5,10,0,1.3571428571428572,0.0,,2.7641761323903307
Alvorada,2021-01-01,581,0,10,0,1.3571428571428572,0.0,,2.7641761323903307
Alvorada,2021-01-02,581,0,10,0,1.1428571428571428,0.0,,2.7641761323903307
Alvorada,2021-01-03,581,0,10,0,1.1428571428571428,0.0,,2.7641761323903307
Alvorada,2021-01-04,581,0,10,0,1.1428571428571428,0.0,,2.7641761323903307
Alvorada,2021-01-05,581,0,10,0,0.8571428571428571,0.0,,2.7641761323903307
Alvorada,2021-01-06,581,0,10,0,0.8571428571428571,0.0,,2.7641761323903307
Alvorada,2021-01-07,582,1,10,0,0.7142857142857143,0.0,,2.7649229846498886
Alvorada,2021-01-08,585,3,10,0,0.9285714285714286,0.0,,2.7671558660821804
Alvorada,2021-01-09,591,6,10,0,1.3571428571428572,0.0,,2.7715874808812555
Alvorada,2021-01-10,591,0,10,0,1.3571428571428572,0.0,,2.7715874808812555
Alvorada,2021-01-11,591,0,10,0,1.3571428571428572,0.0,,2.7715874808812555
Alvorada,2021-01-12,594,3,10,0,1.0,0.0,,2.7737864449811935
Alvorada,2021-01-13,595,1,10,0,1.3571428571428572,0.0,,2.7745169657285498
Alvorada,2021-01-14,598,3,10,0,1.2142857142857142,0.0,,2.776701183988411
Alvorada,2021-01-15,598,0,10,0,1.2142857142857142,0.0,,2.776701183988411
Alvorada,2021-01-16,598,0,10,0,1.2142857142857142,0.0,,2.776701183988411
Alvorada,2021-01-17,598,0,10,0,1.2142857142857142,0.0,,2.776701183988411
Alvorada,2021-01-18,598,0,10,0,1.2142857142857142,0.0,,2.776701183988411
Alvorada,2021-01-19,599,1,10,0,1.2857142857142858,0.0,,2.7774268223893115
Alvorada,2021-01-20,603,4,11,1,1.5714285714285714,0.07142857142857142,inf,2.780317312140151
Abreulândia,2020-03-27,0,0,0,0,,,,0.0
Abreulândia,2020-03-28,0,0,0,0,,,,0.0
Abreulândia,2020-03-29,0,0,0,0,,,,0.0
Abreulândia,2020-03-30,0,0,0,0,,,,0.0
Abreulândia,2020-03-31,0,0,0,0,,,,0.0
Abreulândia,2020-04-01,0,0,0,0,,,,0.0
Abreulândia,2020-04-02,0,0,0,0,,,,0.0
Abreulândia,2020-04-03,0,0,0,0,,,,0.0
Abreulândia,2020-04-04,0,0,0,0,,,,0.0
Abreulândia,2020-04-05,0,0,0,0,,,,0.0
Abreulândia,2020-04-06,0,0,0,0,,,,0.0
Abreulândia,2020-04-07,0,0,0,0,,,,0.0
Abreulândia,2020-04-08,0,0,0,0,,,,0.0
Abreulândia,2020-04-09,0,0,0,0,0.0,0.0,,0.0
Abreulândia,2020-04-10,0,0,0,0,0.0,0.0,,0.0
Abreulândia,2020-04-11,0,0,0,0,0.0,0.0,,0.0
Abreulândia,2020-04-12,0,0,0,0,0.0,0.0,,0.0
Abreulândia,2020-04-13,0,0,0,0,0.0,0.0,,0.0
Abreulândia,2020-04-14,0,0,0,0,0.0,0.0,,0.0
Abreulândia,2020-04-15,0,0,0,0,0.0,0.0,,0.0
Abreulândia,2020-04-16,0,0,0,0,0.0,0.0,,0.0
Abreulândia,2020-04-17,0,0,0,0,0.0,0.0,,0.0
Abreulândia,2020-04-18,0,0,0,0,0.0,0.0,,0.0
Abreulândia,2020-04-19,0,0,0,0,0.0,0.0,,0.0
Abreulândia,2020-04-20,0,0,0,0,0.0,0.0,,0.0
Abreulândia,2020-04-21,0,0,0,0,0.0,0.0,,0.0
Abreulândia,2020-04-22,0,0,0,0,0.0,0.0,,0.0
Abreulândia,2020-04-23,0,0,0,0,0.0,0.0,,0.0
Abreulândia,2020-04-24,0,0,0,0,0.0,0.0,,0.0
Abreulândia,2020-04-25,0,0,0,0,0.0,0.0,,0.0
Abreulândia,2020-04-26,0,0,0,0,0.0,0.0,,0.0
Abreulândia,2020-04-27,0,0,0,0,0.0,0.0,,0.0
Abreulândia,2020-04-28,0,0,0,0,0.0,0.0,,0.0
Abreulândia,2020-04-29,0,0,0,0,0.0,0.0,,0.0
Abreulândia,2020-04-30,0,0,0,0,0.0,0.0,,0.0
Abreulândia,2020-05-01,0,0,0,0,0.0,0.0,,0.0
Abreulândia,2020-05-02,0,0,0,0,0.0,0.0,,0.0
Abreulândia,2020-05-03,0,0,0,0,0.0,0.0,,0.0
Abreulândia,2020-05-04,0,0,0,0,0.0,0.0,,0.0
Abreulândia,2020-05-05,0,0,0,0,0.0,0.0,,0.0
Abreulândia,2020-05-06,1,1,0,0,0.07142857142857142,0.0,,0.0
Abreulândia,2020-05-07,1,0,0,0,0.07142857142857142,0.0,,0.0
Abreulândia,2020-05-08,1,0,0,0,0.07142857142857142,0.0,,0.0
Abreulândia,2020-05-09,1,0,0,0,0.07142857142857142,0.0,,0.0
Abreulândia,2020-05-10,2,1,0,0,0.14285714285714285,0.0,,0.3010299956639812
Abreulândia,2020-05-11,2,0,0,0,0.14285714285714285,0.0,,0.3010299956639812
Abreulândia,2020-05-12,2,0,0,0,0.14285714285714285,0.0,,0.3010299956639812
Abreulândia,2020-05-13,2,0,0,0,0.14285714285714285,0.0,,0.3010299956639812
Abreulândia,2020-05-14,2,0,0,0,0.14285714285714285,0.0,,0.3010299956639812
Abreulândia,2020-05-15,2,0,0,0,0.14285714285714285,0.0,,0.3010299956639812
Abreulândia,2020-05-16,2,0,0,0,0.14285714285714285,0.0,,0.3010299956639812
Abreulândia,2020-05-17,2,0,0,0,0.14285714285714285,0.0,,0.3010299956639812
Abreulândia,2020-05-18,2,0,0,0,0.14285714285714285,0.0,,0.3010299956639812
Abreulândia,2020-05-19,2,0,0,0,0.14285714285714285,0.0,,0.3010299956639812
Abreulândia,2020-05-20,2,0,0,0,0.07142857142857142,0.0,,0.3010299956639812
Abreulândia,2020-05-21,2,0,0,0,0.07142857142857142,0.0,,0.3010299956639812
Abreulândia,2020-05-22,2,0,0,0,0.07142857142857142,0.0,,0.3010299956639812
Abreulândia,2020-05-23,2,0,0,0,0.07142857142857142,0.0,,0.3010299956639812
Abreulândia,2020-05-24,2,0,0,0,0.0,0.0,,0.3010299956639812
Abreulândia,2020-05-25,2,0,0,0,0.0,0.0,,0.3010299956639812
Abreulândia,2020-05-26,2,0,0,0,0.0,0.0,,0.3010299956639812
Abreulândia,2020-05-27,2,0,0,0,0.0,0.0,,0.3010299956639812
Abreulândia,2020-05-28,2,0,0,0,0.0,0.0,,0.3010299956639812
Abreulândia,2020-05-29,2,0,0,0,0.0,0.0,,0.3010299956639812
Abreulândia,2020-05-30,2,0,0,0,0.0,0.0,,0.3010299956639812
Abreulândia,2020-05-31,2,0,0,0,0.0,0.0,,0.3010299956639812
Abreulândia,2020-06-01,2,0,0,0,0.0,0.0,,0.3010299956639812
Abreulândia,2020-06-02,2,0,0,0,0.0,0.0,,0.3010299956639812
Abreulândia,2020-06-03,2,0,0,0,0.0,0.0,,0.3010299956639812
Abreulândia,2020-06-04,2,0,0,0,0.0,0.0,,0.3010299956639812
Abreulândia,2020-06-05,2,0,0,0,0.0,0.0,,0.3010299956639812
Abreulândia,2020-06-06,2,0,0,0,0.0,0.0,,0.3010299956639812
Abreulândia,2020-06-07,2,0,0,0,0.0,0.0,,0.3010299956639812
Abreulândia,2020-06-08,2,0,0,0,0.0,0.0,,0.3010299956639812
Abreulândia,2020-06-09,2,0,0,0,0.0,0.0,,0.3010299956639812
Abreulândia,2020-06-10,2,0,0,0,0.0,0.0,,0.3010299956639812
Abreulândia,2020-06-11,2,0,0,0,0.0,0.0,,0.3010299956639812
Abreulândia,2020-06-12,2,0,0,0,0.0,0.0,,0.3010299956639812
Abreulândia,2020-06-13,2,0,0,0,0.0,0.0,,0.3010299956639812
Abreulândia,2020-06-14,3,1,0,0,0.07142857142857142,0.0,,0.47712125471966244
Abreulândia,2020-06-15,3,0,0,0,0.07142857142857142,0.0,,0.47712125471966244
Abreulândia,2020-06-16,3,0,0,0,0.07142857142857142,0.0,,0.47712125471966244
Abreulândia,2020-06-17,3,0,0,0,0.07142857142857142,0.0,,0.47712125471966244
Abreulândia,2020-06-18,3,0,0,0,0.07142857142857142,0.0,,0.47712125471966244
Abreulândia,2020-06-19,3,0,0,0,0.07142857142857142,0.0,,0.47712125471966244
Abreulândia,2020-06-20,3,0,0,0,0.07142857142857142,0.0,,0.47712125471966244
Abreulândia,2020-06-21,3,0,0,0,0.07142857142857142,0.0,,0.47712125471966244
Abreulândia,2020-06-22,3,0,0,0,0.07142857142857142,0.0,,0.47712125471966244
Abreulândia,2020-06-23,3,0,0,0,0.07142857142857142,0.0,,0.47712125471966244
Abreulândia,2020-06-24,3,0,0,0,0.07142857142857142,0.0,,0.47712125471966244
Abreulândia,2020-06-25,3,0,0,0,0.07142857142857142,0.0,,0.47712125471966244
Abreulândia,2020-06-26,3,0,1,1,0.07142857142857142,0.07142857142857142,inf,0.47712125471966244
Abreulândia,2020-06-27,4,1,1,0,0.14285714285714285,0.07142857142857142,inf,0.6020599913279624
Abreulândia,2020-06-28,4,0,1,0,0.07142857142857142,0.07142857142857142,inf,0.6020599913279624
Abreulândia,2020-06-29,4,0,1,0,0.07142857142857142,0.07142857142857142,inf,0.6020599913279624
Abreulândia,2020-06-30,4,0,1,0,0.07142857142857142,0.07142857142857142,inf,0.6020599913279624
Abreulândia,2020-07-01,4,0,1,0,0.07142857142857142,0.07142857142857142,inf,0.6020599913279624
Abreulândia,2020-07-02,4,0,1,0,0.07142857142857142,0.07142857142857142,inf,0.6020599913279624
Abreulândia,2020-07-03,4,0,1,0,0.07142857142857142,0.07142857142857142,inf,0.6020599913279624
Abreulândia,2020-07-04,4,0,1,0,0.07142857142857142,0.07142857142857142,inf,0.6020599913279624
Abreulândia,2020-07-05,4,0,1,0,0.07142857142857142,0.07142857142857142,inf,0.6020599913279624
Abreulândia,2020-07-06,4,0,1,0,0.07142857142857142,0.07142857142857142,inf,0.6020599913279624
Abreulândia,2020-07-07,4,0,1,0,0.07142857142857142,0.07142857142857142,inf,0.6020599913279624
Abreulândia,2020-07-08,5,1,1,0,0.14285714285714285,0.07142857142857142,inf,0.6989700043360189
Abreulândia,2020-07-09,7,2,2,1,0.2857142857142857,0.14285714285714285,inf,0.8450980400142568
Abreulândia,2020-07-10,7,0,2,0,0.2857142857142857,0.07142857142857142,0.0,0.8450980400142568
Abreulândia,2020-07-11,7,0,2,0,0.21428571428571427,0.07142857142857142,0.0,0.8450980400142568
Abreulândia,2020-07-12,7,0,2,0,0.21428571428571427,0.07142857142857142,0.0,0.8450980400142568
Abreulândia,2020-07-13,7,0,2,0,0.21428571428571427,0.07142857142857142,0.0,0.8450980400142568
Abreulândia,2020-07-14,7,0,2,0,0.21428571428571427,0.07142857142857142,0.0,0.8450980400142568
Abreulândia,2020-07-15,7,0,2,0,0.21428571428571427,0.07142857142857142,0.0,0.8450980400142568
Abreulândia,2020-07-16,7,0,2,0,0.21428571428571427,0.07142857142857142,0.0,0.8450980400142568
Abreulândia,2020-07-17,7,0,2,0,0.21428571428571427,0.07142857142857142,0.0,0.8450980400142568
Abreulândia,2020-07-18,7,0,2,0,0.21428571428571427,0.07142857142857142,0.0,0.8450980400142568
Abreulândia,2020-07-19,7,0,2,0,0.21428571428571427,0.07142857142857142,0.0,0.8450980400142568
Abreulândia,2020-07-20,7,0,2,0,0.21428571428571427,0.07142857142857142,0.0,0.8450980400142568
Abreulândia,2020-07-21,7,0,2,0,0.21428571428571427,0.07142857142857142,0.0,0.8450980400142568
Abreulândia,2020-07-22,9,2,2,0,0.2857142857142857,0.07142857142857142,0.0,0.9542425094393249
Abreulândia,2020-07-23,9,0,2,0,0.14285714285714285,0.0,-1.0,0.9542425094393249
Abreulândia,2020-07-24,11,2,2,0,0.2857142857142857,0.0,-1.0,1.041392685158225
Abreulândia,2020-07-25,11,0,2,0,0.2857142857142857,0.0,-1.0,1.041392685158225
Abreulândia,2020-07-26,12,1,2,0,0.35714285714285715,0.0,-1.0,1.0791812460476249
Abreulândia,2020-07-27,12,0,2,0,0.35714285714285715,0.0,-1.0,1.0791812460476249
Abreulândia,2020-07-28,12,0,2,0,0.35714285714285715,0.0,-1.0,1.0791812460476249
Abreulândia,2020-07-29,12,0,2,0,0.35714285714285715,0.0,-1.0,1.0791812460476249
Abreulândia,2020-07-30,12,0,2,0,0.35714285714285715,0.0,-1.0,1.0791812460476249
Abreulândia,2020-07-31,12,0,2,0,0.35714285714285715,0.0,-1.0,1.0791812460476249
Abreulândia,2020-08-01,12,0,2,0,0.35714285714285715,0.0,-1.0,1.0791812460476249
Abreulândia,2020-08-02,13,1,2,0,0.42857142857142855,0.0,-1.0,1.1139433523068367
Abreulândia,2020-08-03,13,0,2,0,0.42857142857142855,0.0,-1.0,1.1139433523068367
Abreulândia,2020-08-04,15,2,2,0,0.5714285714285714,0.0,-1.0,1.1760912590556813
Abreulândia,2020-08-05,15,0,2,0,0.42857142857142855,0.0,-1.0,1.1760912590556813
Abreulândia,2020-08-06,15,0,2,0,0.42857142857142855,0.0,,1.1760912590556813
Abreulândia,2020-08-07,15,0,2,0,0.2857142857142857,0.0,,1.1760912590556813
Abreulândia,2020-08-08,15,0,2,0,0.2857142857142857,0.0,,1.1760912590556813
Abreulândia,2020-08-09,15,0,2,0,0.21428571428571427,0.0,,1.1760912590556813
Abreulândia,2020-08-10,17,2,2,0,0.35714285714285715,0.0,,1.2304489213782739
Abreulândia,2020-08-11,20,3,2,0,0.5714285714285714,0.0,,1.3010299956639813
Abreulândia,2020-08-12,22,2,2,0,0.7142857142857143,0.0,,1.3424226808222062
Abreulândia,2020-08-13,22,0,2,0,0.7142857142857143,0.0,,1.3424226808222062
Abreulândia,2020-08-14,22,0,2,0,0.7142857142857143,0.0,,1.3424226808222062
Abreulândia,2020-08-15,22,0,2,0,0.7142857142857143,0.0,,1.3424226808222062
Abreulândia,2020-08-16,22,0,2,0,0.6428571428571429,0.0,,1.3424226808222062
Abreulândia,2020-08-17,22,0,2,0,0.6428571428571429,0.0,,1.3424226808222062
Abreulândia,2020-08-18,28,6,2,0,0.9285714285714286,0.0,,1.4471580313422192
Abreulândia,2020-08-19,31,3,2,0,1.1428571428571428,0.0,,1.4913616938342726
Abreulândia,2020-08-20,34,3,2,0,1.3571428571428572,0.0,,1.5314789170422551
Abreulândia,2020-08-21,35,1,2,0,1.4285714285714286,0.0,,1.5440680443502757
Abreulândia,2020-08-22,36,1,3,1,1.5,0.07142857142857142,inf,1.5563025007672873
Abreulândia,2020-08-23,36,0,3,0,1.5,0.07142857142857142,inf,1.5563025007672873
Abreulândia,2020-08-24,40,4,3,0,1.6428571428571428,0.07142857142857142,inf,1.6020599913279625
Abreulândia,2020-08-25,40,0,3,0,1.4285714285714286,0.07142857142857142,inf,1.6020599913279625
Abreulândia,2020-08-26,40,0,3,0,1.2857142857142858,0.07142857142857142,inf,1.6020599913279625
Abreulândia,2020-08-27,42,2,3,0,1.4285714285714286,0.07142857142857142,inf,1.6232492903979006
Abreulândia,2020-08-28,42,0,3,0,1.4285714285714286,0.07142857142857142,inf,1.6232492903979006
Abreulândia,2020-08-29,42,0,3,0,1.4285714285714286,0.07142857142857142,inf,1.6232492903979006
Abreulândia,2020-08-30,42,0,3,0,1.4285714285714286,0.07142857142857142,inf,1.6232492903979006
Abreulândia,2020-08-31,48,6,3,0,1.8571428571428572,0.07142857142857142,inf,1.6812412373755872
Abreulândia,2020-09-01,50,2,3,0,1.5714285714285714,0.07142857142857142,inf,1.6989700043360187
Abreulândia,2020-09-02,50,0,3,0,1.3571428571428572,0.07142857142857142,inf,1.6989700043360187
Abreulândia,2020-09-03,54,4,3,0,1.4285714285714286,0.07142857142857142,inf,1.7323937598229686
Abreulândia,2020-09-04,54,0,3,0,1.3571428571428572,0.07142857142857142,inf,1.7323937598229686
Abreulândia,2020-09-05,57,3,3,0,1.5,0.0,-1.0,1.7558748556724915
Abreulândia,2020-09-06,57,0,3,0,1.5,0.0,-1.0,1.7558748556724915
Abreulândia,2020-09-07,60,3,3,0,1.4285714285714286,0.0,-1.0,1.7781512503836436
Abreulândia,2020-09-08,61,1,3,0,1.5,0.0,-1.0,1.7853298350107671
Abreulândia,2020-09-09,62,1,3,0,1.5714285714285714,0.0,-1.0,1.792391689498254
Abreulândia,2020-09-10,62,0,3,0,1.4285714285714286,0.0,-1.0,1.792391689498254
Abreulândia,2020-09-11,63,1,3,0,1.5,0.0,-1.0,1.7993405494535817
Abreulândia,2020-09-12,63,0,3,0,1.5,0.0,-1.0,1.7993405494535817
Abreulândia,2020-09-13,62,-1,3,0,1.4285714285714286,0.0,-1.0,1.792391689498254
Abreulândia,2020-09-14,65,3,3,0,1.2142857142857142,0.0,-1.0,1.8129133566428555
Abreulândia,2020-09-15,67,2,3,0,1.2142857142857142,0.0,-1.0,1.8260748027008264
Abreulândia,2020-09-16,67,0,3,0,1.2142857142857142,0.0,-1.0,1.8260748027008264
Abreulândia,2020-09-17,68,1,3,0,1.0,0.0,-1.0,1.8325089127062364
Abreulândia,2020-09-18,70,2,3,0,1.1428571428571428,0.0,-1.0,1.845098040014257
Abreulândia,2020-09-19,70,0,3,0,0.9285714285714286,0.0,,1.845098040014257
Abreulândia,2020-09-20,70,0,3,0,0.9285714285714286,0.0,,1.845098040014257
Abreulândia,2020-09-21,70,0,3,0,0.7142857142857143,0.0,,1.845098040014257
Abreulândia,2020-09-22,70,0,3,0,0.6428571428571429,0.0,,1.845098040014257
Abreulândia,2020-09-23,71,1,3,0,0.6428571428571429,0.0,,1.8512583487190752
Abreulândia,2020-09-24,73,2,3,0,0.7857142857142857,0.0,,1.863322860120456
Abreulândia,2020-09-25,74,1,3,0,0.7857142857142857,0.0,,1.8692317197309762
Abreulândia,2020-09-26,74,0,3,0,0.7857142857142857,0.0,,1.8692317197309762
Abreulândia,2020-09-27,74,0,3,0,0.8571428571428571,0.0,,1.8692317197309762
Abreulândia,2020-09-28,74,0,3,0,0.6428571428571429,0.0,,1.8692317197309762
Abreulândia,2020-09-29,79,5,3,0,0.8571428571428571,0.0,,1.8976270912904414
Abreulândia,2020-09-30,79,0,3,0,0.8571428571428571,0.0,,1.8976270912904414
Abreulândia,2020-10-01,83,4,3,0,1.0714285714285714,0.0,,1.919078092376074
Abreulândia,2020-10-02,85,2,3,0,1.0714285714285714,0.0,,1.9294189257142929
Abreulândia,2020-10-03,86,1,3,0,1.1428571428571428,0.0,,1.9344984512435677
Abreulândia,2020-10-04,86,0,3,0,1.1428571428571428,0.0,,1.9344984512435677
Abreulândia,2020-10-05,86,0,3,0,1.1428571428571428,0.0,,1.9344984512435677
Abreulândia,2020-10-06,86,0,3,0,1.1428571428571428,0.0,,1.9344984512435677
Abreulândia,2020-10-07,86,0,3,0,1.0714285714285714,0.0,,1.9344984512435677
Abreulândia,2020-10-08,87,1,3,0,1.0,0.0,,1.9395192526186185
Abreulândia,2020-10-09,88,1,3,0,1.0,0.0,,1.9444826721501687
Abreulândia,2020-10-10,90,2,3,0,1.1428571428571428,0.0,,1.9542425094393248
Abreulândia,2020-10-11,90,0,3,0,1.1428571428571428,0.0,,1.9542425094393248
Abreulândia,2020-10-12,90,0,3,0,1.1428571428571428,0.0,,1.9542425094393248
Abreulândia,2020-10-13,90,0,3,0,0.7857142857142857,0.0,,1.9542425094393248
Abreulândia,2020-10-14,90,0,3,0,0.7857142857142857,0.0,,1.9542425094393248
Abreulândia,2020-10-15,90,0,3,0,0.5,0.0,,1.9542425094393248
Abreulândia,2020-10-16,90,0,4,1,0.35714285714285715,0.07142857142857142,inf,1.9542425094393248
Abreulândia,2020-10-17,90,0,4,0,0.2857142857142857,0.07142857142857142,inf,1.9542425094393248
Abreulândia,2020-10-18,90,0,4,0,0.2857142857142857,0.07142857142857142,inf,1.9542425094393248
Abreulândia,2020-10-19,90,0,4,0,0.2857142857142857,0.07142857142857142,inf,1.9542425094393248
Abreulândia,2020-10-20,90,0,4,0,0.2857142857142857,0.07142857142857142,inf,1.9542425094393248
Abreulândia,2020-10-21,90,0,4,0,0.2857142857142857,0.07142857142857142,inf,1.9542425094393248
Abreulândia,2020-10-22,90,0,4,0,0.21428571428571427,0.07142857142857142,inf,1.9542425094393248
Abreulândia,2020-10-23,90,0,4,0,0.14285714285714285,0.07142857142857142,inf,1.9542425094393248
Abreulândia,2020-10-24,91,1,4,0,0.07142857142857142,0.07142857142857142,inf,1.9590413923210936
Abreulândia,2020-10-25,91,0,4,0,0.07142857142857142,0.07142857142857142,inf,1.9590413923210936
Abreulândia,2020-10-26,91,0,4,0,0.07142857142857142,0.07142857142857142,inf,1.9590413923210936
Abreulândia,2020-10-27,91,0,4,0,0.07142857142857142,0.07142857142857142,inf,1.9590413923210936
Abreulândia,2020-10-28,91,0,4,0,0.07142857142857142,0.07142857142857142,inf,1.9590413923210936
Abreulândia,2020-10-29,92,1,4,0,0.14285714285714285,0.07142857142857142,inf,1.9637878273455553
Abreulândia,2020-10-30,92,0,4,0,0.14285714285714285,0.0,-1.0,1.9637878273455553
Abreulândia,2020-10-31,92,0,4,0,0.14285714285714285,0.0,-1.0,1.9637878273455553
Abreulândia,2020-11-01,92,0,4,0,0.14285714285714285,0.0,-1.0,1.9637878273455553
Abreulândia,2020-11-02,92,0,4,0,0.14285714285714285,0.0,-1.0,1.9637878273455553
Abreulândia,2020-11-03,92,0,4,0,0.14285714285714285,0.0,-1.0,1.9637878273455553
Abreulândia,2020-11-04,92,0,4,0,0.14285714285714285,0.0,-1.0,1.9637878273455553
Abreulândia,2020-11-05,92,0,4,0,0.14285714285714285,0.0,-1.0,1.9637878273455553
Abreulândia,2020-11-06,92,0,4,0,0.14285714285714285,0.0,-1.0,1.9637878273455553
Abreulândia,2020-11-07,92,0,4,0,0.07142857142857142,0.0,-1.0,1.9637878273455553
Abreulândia,2020-11-08,92,0,4,0,0.07142857142857142,0.0,-1.0,1.9637878273455553
Abreulândia,2020-11-09,92,0,4,0,0.07142857142857142,0.0,-1.0,1.9637878273455553
Abreulândia,2020-11-10,92,0,4,0,0.07142857142857142,0.0,-1.0,1.9637878273455553
Abreulândia,2020-11-11,92,0,4,0,0.07142857142857142,0.0,-1.0,1.9637878273455553
Abreulândia,2020-11-12,92,0,4,0,0.0,0.0,-1.0,1.9637878273455553
Abreulândia,2020-11-13,93,1,4,0,0.07142857142857142,0.0,,1.968482948553935
Abreulândia,2020-11-14,93,0,4,0,0.07142857142857142,0.0,,1.968482948553935
Abreulândia,2020-11-15,93,0,4,0,0.07142857142857142,0.0,,1.968482948553935
Abreulândia,2020-11-16,93,0,4,0,0.07142857142857142,0.0,,1.968482948553935
Abreulândia,2020-11-17,95,2,4,0,0.21428571428571427,0.0,,1.9777236052888478
Abreulândia,2020-11-18,95,0,4,0,0.21428571428571427,0.0,,1.9777236052888478
Abreulândia,2020-11-19,95,0,4,0,0.21428571428571427,0.0,,1.9777236052888478
Abreulândia,2020-11-20,94,-1,4,0,0.14285714285714285,0.0,,1.9731278535996986
Abreulândia,2020-11-21,94,0,4,0,0.14285714285714285,0.0,,1.9731278535996986
Abreulândia,2020-11-22,94,0,4,0,0.14285714285714285,0.0,,1.9731278535996986
Abreulândia,2020-11-23,94,0,4,0,0.14285714285714285,0.0,,1.9731278535996986
Abreulândia,2020-11-24,94,0,4,0,0.14285714285714285,0.0,,1.9731278535996986
Abreulândia,2020-11-25,94,0,4,0,0.14285714285714285,0.0,,1.9731278535996986
Abreulândia,2020-11-26,94,0,4,0,0.14285714285714285,0.0,,1.9731278535996986
Abreulândia,2020-11-27,94,0,4,0,0.07142857142857142,0.0,,1.9731278535996986
Abreulândia,2020-11-28,94,0,4,0,0.07142857142857142,0.0,,1.9731278535996986
Abreulândia,2020-11-29,94,0,4,0,0.07142857142857142,0.0,,1.9731278535996986
Abreulândia,2020-11-30,94,0,4,0,0.07142857142857142,0.0,,1.9731278535996986
Abreulândia,2020-12-01,94,0,4,0,-0.07142857142857142,0.0,,1.9731278535996986
Abreulândia,2020-12-02,94,0,4,0,-0.07142857142857142,0.0,,1.9731278535996986
Abreulândia,2020-12-03,94,0,4,0,-0.07142857142857142,0.0,,1.9731278535996986
Abreulândia,2020-12-04,94,0,4,0,0.0,0.0,,1.9731278535996986
Abreulândia,2020-12-05,94,0,4,0,0.0,0.0,,1.9731278535996986
Abreulândia,2020-12-06,94,0,4,0,0.0,0.0,,1.9731278535996986
Abreulândia,2020-12-07,94,0,4,0,0.0,0.0,,1.9731278535996986
Abreulândia,2020-12-08,94,0,4,0,0.0,0.0,,1.9731278535996986
Abreulândia,2020-12-09,94,0,4,0,0.0,0.0,,1.9731278535996986
Abreulândia,2020-12-10,94,0,4,0,0.0,0.0,,1.9731278535996986
Abreulândia,2020-12-11,94,0,4,0,0.0,0.0,,1.9731278535996986
Abreulândia,2020-12-12,95,1,4,0,0.07142857142857142,0.0,,1.9777236052888478
Abreulândia,2020-12-13,95,0,4,0,0.07142857142857142,0.0,,1.9777236052888478
Abreulândia,2020-12-14,96,1,4,0,0.14285714285714285,0.0,,1.9822712330395684
Abreulândia,2020-12-15,96,0,4,0,0.14285714285714285,0.0,,1.9822712330395684
Abreulândia,2020-12-16,97,1,4,0,0.21428571428571427,0.0,,1.9867717342662448
Abreulândia,2020-12-17,100,3,4,0,0.42857142857142855,0.0,,2.0
Abreulândia,2020-12-18,100,0,4,0,0.42857142857142855,0.0,,2.0
Abreulândia,2020-12-19,100,0,4,0,0.42857142857142855,0.0,,2.0
Abreulândia,2020-12-20,100,0,4,0,0.42857142857142855,0.0,,2.0
Abreulândia,2020-12-21,100,0,4,0,0.42857142857142855,0.0,,2.0
Abreulândia,2020-12-22,100,0,4,0,0.42857142857142855,0.0,,2.0
Abreulândia,2020-12-23,101,1,4,0,0.5,0.0,,2.0043213737826426
Abreulândia,2020-12-24,101,0,4,0,0.5,0.0,,2.0043213737826426
Abreulândia,2020-12-25,101,0,4,0,0.5,0.0,,2.0043213737826426
Abreulândia,2020-12-26,101,0,4,0,0.42857142857142855,0.0,,2.0043213737826426
Abreulândia,2020-12-27,101,0,4,0,0.42857142857142855,0.0,,2.0043213737826426
Abreulândia,2020-12-28,101,0,4,0,0.35714285714285715,0.0,,2.0043213737826426
Abreulândia,2020-12-29,103,2,4,0,0.5,0.0,,2.012837224705172
Abreulândia,2020-12-30,102,-1,4,0,0.35714285714285715,0.0,,2.0086001717619175
Abreulândia,2020-12-31,102,0,4,0,0.14285714285714285,0.0,,2.0086001717619175
Abreulândia,2021-01-01,102,0,4,0,0.14285714285714285,0.0,,2.0086001717619175
Abreulândia,2021-01-02,102,0,4,0,0.14285714285714285,0.0,,2.0086001717619175
Abreulândia,2021-01-03,102,0,4,0,0.14285714285714285,0.0,,2.0086001717619175
Abreulândia,2021-01-04,102,0,4,0,0.14285714285714285,0.0,,2.0086001717619175
Abreulândia,2021-01-05,102,0,4,0,0.14285714285714285,0.0,,2.0086001717619175
Abreulândia,2021-01-06,102,0,4,0,0.07142857142857142,0.0,,2.0086001717619175
Abreulândia,2021-01-07,102,0,4,0,0.07142857142857142,0.0,,2.0086001717619175
Abreulândia,2021-01-08,103,1,4,0,0.14285714285714285,0.0,,2.012837224705172
Abreulândia,2021-01-09,103,0,4,0,0.14285714285714285,0.0,,2.012837224705172
Abreulândia,2021-01-10,105,2,4,0,0.2857142857142857,0.0,,2.0211892990699383
Abreulândia,2021-01-11,105,0,4,0,0.2857142857142857,0.0,,2.0211892990699383
Abreulândia,2021-01-12,106,1,4,0,0.21428571428571427,0.0,,2.0253058652647704
Abreulândia,2021-01-13,106,0,4,0,0.2857142857142857,0.0,,2.0253058652647704
Abreulândia,2021-01-14,106,0,4,0,0.2857142857142857,0.0,,2.0253058652647704
Abreulândia,2021-01-15,106,0,4,0,0.2857142857142857,0.0,,2.0253058652647704
Abreulândia,2021-01-16,106,0,4,0,0.2857142857142857,0.0,,2.0253058652647704
Abreulândia,2021-01-17,106,0,4,0,0.2857142857142857,0.0,,2.0253058652647704
Abreulândia,2021-01-18,106,0,4,0,0.2857142857142857,0.0,,2.0253058652647704
Abreulândia,2021-01-19,106,0,4,0,0.2857142857142857,0.0,,2.0253058652647704
Abreulândia,2021-01-20,106,0,4,0,0.2857142857142857,0.0,,2.0253058652647704
Dueré,2020-03-27,0,0,0,0,,,,0.0
Dueré,2020-03-28,0,0,0,0,,,,0.0
Dueré,2020-03-29,0,0,0,0,,,,0.0
Dueré,2020-03-30,0,0,0,0,,,,0.0
Dueré,2020-03-31,0,0,0,0,,,,0.0
Dueré,2020-04-01,0,0,0,0,,,,0.0
Dueré,2020-04-02,0,0,0,0,,,,0.0
Dueré,2020-04-03,0,0,0,0,,,,0.0
Dueré,2020-04-04,0,0,0,0,,,,0.0
Dueré,2020-04-05,0,0,0,0,,,,0.0
Dueré,2020-04-06,0,0,0,0,,,,0.0
Dueré,2020-04-07,0,0,0,0,,,,0.0
Dueré,2020-04-08,0,0,0,0,,,,0.0
Dueré,2020-04-09,0,0,0,0,0.0,0.0,,0.0
Dueré,2020-04-10,0,0,0,0,0.0,0.0,,0.0
Dueré,2020-04-11,0,0,0,0,0.0,0.0,,0.0
Dueré,2020-04-12,0,0,0,0,0.0,0.0,,0.0
Dueré,2020-04-13,0,0,0,0,0.0,0.0,,0.0
Dueré,2020-04-14,0,0,0,0,0.0,0.0,,0.0
Dueré,2020-04-15,0,0,0,0,0.0,0.0,,0.0
Dueré,2020-04-16,0,0,0,0,0.0,0.0,,0.0
Dueré,2020-04-17,0,0,0,0,0.0,0.0,,0.0
Dueré,2020-04-18,0,0,0,0,0.0,0.0,,0.0
Dueré,2020-04-19,0,0,0,0,0.0,0.0,,0.0
Dueré,2020-04-20,0,0,0,0,0.0,0.0,,0.0
Dueré,2020-04-21,0,0,0,0,0.0,0.0,,0.0
Dueré,2020-04-22,0,0,0,0,0.0,0.0,,0.0
Dueré,2020-04-23,0,0,0,0,0.0,0.0,,0.0
Dueré,2020-04-24,0,0,0,0,0.0,0.0,,0.0
Dueré,2020-04-25,0,0,0,0,0.0,0.0,,0.0
Dueré,2020-04-26,0,0,0,0,0.0,0.0,,0.0
Dueré,2020-04-27,0,0,0,0,0.0,0.0,,0.0
Dueré,2020-04-28,0,0,0,0,0.0,0.0,,0.0
Dueré,2020-04-29,0,0,0,0,0.0,0.0,,0.0
Dueré,2020-04-30,0,0,0,0,0.0,0.0,,0.0
Dueré,2020-05-01,0,0,0,0,0.0,0.0,,0.0
Dueré,2020-05-02,0,0,0,0,0.0,0.0,,0.0
Dueré,2020-05-03,0,0,0,0,0.0,0.0,,0.0
Dueré,2020-05-04,0,0,0,0,0.0,0.0,,0.0
Dueré,2020-05-05,0,0,0,0,0.0,0.0,,0.0
Dueré,2020-05-06,0,0,0,0,0.0,0.0,,0.0
Dueré,2020-05-07,0,0,0,0,0.0,0.0,,0.0
Dueré,2020-05-08,0,0,0,0,0.0,0.0,,0.0
Dueré,2020-05-09,0,0,0,0,0.0,0.0,,0.0
Dueré,2020-05-10,3,3,0,0,0.21428571428571427,0.0,,0.47712125471966244
Dueré,2020-05-11,3,0,0,0,0.21428571428571427,0.0,,0.47712125471966244
Dueré,2020-05-12,3,0,0,0,0.21428571428571427,0.0,,0.47712125471966244
Dueré,2020-05-13,3,0,0,0,0.21428571428571427,0.0,,0.47712125471966244
Dueré,2020-05-14,4,1,0,0,0.2857142857142857,0.0,,0.6020599913279624
Dueré,2020-05-15,4,0,0,0,0.2857142857142857,0.0,,0.6020599913279624
Dueré,2020-05-16,4,0,0,0,0.2857142857142857,0.0,,0.6020599913279624
Dueré,2020-05-17,4,0,0,0,0.2857142857142857,0.0,,0.6020599913279624
Dueré,2020-05-18,4,0,0,0,0.2857142857142857,0.0,,0.6020599913279624
Dueré,2020-05-19,5,1,0,0,0.35714285714285715,0.0,,0.6989700043360189
Dueré,2020-05-20,5,0,0,0,0.35714285714285715,0.0,,0.6989700043360189
Dueré,2020-05-21,5,0,0,0,0.35714285714285715,0.0,,0.6989700043360189
Dueré,2020-05-22,5,0,0,0,0.35714285714285715,0.0,,0.6989700043360189
Dueré,2020-05-23,5,0,0,0,0.35714285714285715,0.0,,0.6989700043360189
Dueré,2020-05-24,5,0,0,0,0.14285714285714285,0.0,,0.6989700043360189
Dueré,2020-05-25,5,0,0,0,0.14285714285714285,0.0,,0.6989700043360189
Dueré,2020-05-26,5,0,0,0,0.14285714285714285,0.0,,0.6989700043360189
Dueré,2020-05-27,5,0,0,0,0.14285714285714285,0.0,,0.6989700043360189
Dueré,2020-05-28,5,0,0,0,0.07142857142857142,0.0,,0.6989700043360189
Dueré,2020-05-29,5,0,0,0,0.07142857142857142,0.0,,0.6989700043360189
Dueré,2020-05-30,5,0,0,0,0.07142857142857142,0.0,,0.6989700043360189
Dueré,2020-05-31,5,0,0,0,0.07142857142857142,0.0,,0.6989700043360189
Dueré,2020-06-01,5,0,0,0,0.07142857142857142,0.0,,0.6989700043360189
Dueré,2020-06-02,5,0,0,0,0.0,0.0,,0.6989700043360189
Dueré,2020-06-03,5,0,0,0,0.0,0.0,,0.6989700043360189
Dueré,2020-06-04,5,0,0,0,0.0,0.0,,0.6989700043360189
Dueré,2020-06-05,5,0,0,0,0.0,0.0,,0.6989700043360189
Dueré,2020-06-06,5,0,0,0,0.0,0.0,,0.6989700043360189
Dueré,2020-06-07,5,0,0,0,0.0,0.0,,0.6989700043360189
Dueré,2020-06-08,5,0,0,0,0.0,0.0,,0.6989700043360189
Dueré,2020-06-09,5,0,0,0,0.0,0.0,,0.6989700043360189
Dueré,2020-06-10,5,0,0,0,0.0,0.0,,0.6989700043360189
Dueré,2020-06-11,5,0,0,0,0.0,0.0,,0.6989700043360189
Dueré,2020-06-12,5,0,0,0,0.0,0.0,,0.6989700043360189
Dueré,2020-06-13,5,0,0,0,0.0,0.0,,0.6989700043360189
Dueré,2020-06-14,5,0,0,0,0.0,0.0,,0.6989700043360189
Dueré,2020-06-15,5,0,0,0,0.0,0.0,,0.6989700043360189
Dueré,2020-06-16,5,0,0,0,0.0,0.0,,0.6989700043360189
Dueré,2020-06-17,5,0,0,0,0.0,0.0,,0.6989700043360189
Dueré,2020-06-18,5,0,0,0,0.0,0.0,,0.6989700043360189
Dueré,2020-06-19,5,0,0,0,0.0,0.0,,0.6989700043360189
Dueré,2020-06-20,5,0,0,0,0.0,0.0,,0.6989700043360189
Dueré,2020-06-21,5,0,0,0,0.0,0.0,,0.6989700043360189
Dueré,2020-06-22,6,1,0,0,0.07142857142857142,0.0,,0.7781512503836436
Dueré,2020-06-23,6,0,0,0,0.07142857142857142,0.0,,0.7781512503836436
Dueré,2020-06-24,6,0,0,0,0.07142857142857142,0.0,,0.7781512503836436
Dueré,2020-06-25,6,0,0,0,0.07142857142857142,0.0,,0.7781512503836436
Dueré,2020-06-26,6,0,0,0,0.07142857142857142,0.0,,0.7781512503836436
Dueré,2020-06-27,6,0,0,0,0.07142857142857142,0.0,,0.7781512503836436
Dueré,2020-06-28,6,0,0,0,0.07142857142857142,0.0,,0.7781512503836436
Dueré,2020-06-29,6,0,0,0,0.07142857142857142,0.0,,0.7781512503836436
Dueré,2020-06-30,6,0,0,0,0.07142857142857142,0.0,,0.7781512503836436
Dueré,2020-07-01,6,0,0,0,0.07142857142857142,0.0,,0.7781512503836436
Dueré,2020-07-02,6,0,0,0,0.07142857142857142,0.0,,0.7781512503836436
Dueré,2020-07-03,6,0,0,0,0.07142857142857142,0.0,,0.7781512503836436
Dueré,2020-07-04,6,0,0,0,0.07142857142857142,0.0,,0.7781512503836436
Dueré,2020-07-05,6,0,0,0,0.07142857142857142,0.0,,0.7781512503836436
Dueré,2020-07-06,6,0,0,0,0.0,0.0,,0.7781512503836436
Dueré,2020-07-07,6,0,0,0,0.0,0.0,,0.7781512503836436
Dueré,2020-07-08,7,1,0,0,0.07142857142857142,0.0,,0.8450980400142568
Dueré,2020-07-09,6,-1,0,0,0.0,0.0,,0.7781512503836436
Dueré,2020-07-10,6,0,0,0,0.0,0.0,,0.7781512503836436
Dueré,2020-07-11,6,0,0,0,0.0,0.0,,0.7781512503836436
Dueré,2020-07-12,6,0,0,0,0.0,0.0,,0.7781512503836436
Dueré,2020-07-13,6,0,0,0,0.0,0.0,,0.7781512503836436
Dueré,2020-07-14,6,0,0,0,0.0,0.0,,0.7781512503836436
Dueré,2020-07-15,6,0,0,0,0.0,0.0,,0.7781512503836436
Dueré,2020-07-16,6,0,0,0,0.0,0.0,,0.7781512503836436
Dueré,2020-07-17,6,0,0,0,0.0,0.0,,0.7781512503836436
Dueré,2020-07-18,6,0,0,0,0.0,0.0,,0.7781512503836436
Dueré,2020-07-19,6,0,0,0,0.0,0.0,,0.7781512503836436
Dueré,2020-07-20,6,0,0,0,0.0,0.0,,0.7781512503836436
Dueré,2020-07-21,8,2,0,0,0.14285714285714285,0.0,,0.9030899869919435
Dueré,2020-07-22,8,0,0,0,0.07142857142857142,0.0,,0.9030899869919435
Dueré,2020-07-23,8,0,0,0,0.14285714285714285,0.0,,0.9030899869919435
Dueré,2020-07-24,8,0,0,0,0.14285714285714285,0.0,,0.9030899869919435
Dueré,2020-07-25,11,3,0,0,0.35714285714285715,0.0,,1.041392685158225
Dueré,2020-07-26,16,5,0,0,0.7142857142857143,0.0,,1.2041199826559248
Dueré,2020-07-27,16,0,0,0,0.7142857142857143,0.0,,1.2041199826559248
Dueré,2020-07-28,17,1,0,0,0.7857142857142857,0.0,,1.2304489213782739
Dueré,2020-07-29,16,-1,0,0,0.7142857142857143,0.0,,1.2041199826559248
Dueré,2020-07-30,17,1,0,0,0.7857142857142857,0.0,,1.2304489213782739
Dueré,2020-07-31,20,3,0,0,1.0,0.0,,1.3010299956639813
Dueré,2020-08-01,20,0,0,0,1.0,0.0,,1.3010299956639813
Dueré,2020-08-02,22,2,0,0,1.1428571428571428,0.0,,1.3424226808222062
Dueré,2020-08-03,22,0,0,0,1.1428571428571428,0.0,,1.3424226808222062
Dueré,2020-08-04,25,3,0,0,1.2142857142857142,0.0,,1.3979400086720377
Dueré,2020-08-05,27,2,0,0,1.3571428571428572,0.0,,1.4313637641589874
Dueré,2020-08-06,28,1,0,0,1.4285714285714286,0.0,,1.4471580313422192
Dueré,2020-08-07,28,0,0,0,1.4285714285714286,0.0,,1.4471580313422192
Dueré,2020-08-08,30,2,0,0,1.3571428571428572,0.0,,1.4771212547196624
Dueré,2020-08-09,28,-2,0,0,0.8571428571428571,0.0,,1.4471580313422192
Dueré,2020-08-10,29,1,0,0,0.9285714285714286,0.0,,1.462397997898956
Dueré,2020-08-11,31,2,0,0,1.0,0.0,,1.4913616938342726
Dueré,2020-08-12,31,0,0,0,1.0714285714285714,0.0,,1.4913616938342726
Dueré,2020-08-13,31,0,0,0,1.0,0.0,,1.4913616938342726
Dueré,2020-08-14,32,1,0,0,0.8571428571428571,0.0,,1.505149978319906
Dueré,2020-08-15,34,2,1,1,1.0,0.07142857142857142,inf,1.5314789170422551
Dueré,2020-08-16,35,1,1,0,0.9285714285714286,0.07142857142857142,inf,1.5440680443502757
Dueré,2020-08-17,37,2,1,0,1.0714285714285714,0.07142857142857142,inf,1.568201724066995
Dueré,2020-08-18,39,2,1,0,1.0,0.07142857142857142,inf,1.591064607026499
Dueré,2020-08-19,39,0,1,0,0.8571428571428571,0.07142857142857142,inf,1.591064607026499
Dueré,2020-08-20,41,2,1,0,0.9285714285714286,0.07142857142857142,inf,1.6127838567197355
Dueré,2020-08-21,40,-1,1,0,0.8571428571428571,0.07142857142857142,inf,1.6020599913279625
Dueré,2020-08-22,40,0,1,0,0.7142857142857143,0.07142857142857142,inf,1.6020599913279625
Dueré,2020-08-23,45,5,1,0,1.2142857142857142,0.07142857142857142,inf,1.6532125137753437
Dueré,2020-08-24,51,6,1,0,1.5714285714285714,0.07142857142857142,inf,1.7075701760979363
Dueré,2020-08-25,52,1,1,0,1.5,0.07142857142857142,inf,1.7160033436347992
Dueré,2020-08-26,52,0,1,0,1.5,0.07142857142857142,inf,1.7160033436347992
Dueré,2020-08-27,53,1,1,0,1.5714285714285714,0.07142857142857142,inf,1.7242758696007892
Dueré,2020-08-28,57,4,1,0,1.7857142857142858,0.07142857142857142,inf,1.7558748556724915
Dueré,2020-08-29,60,3,1,0,1.8571428571428572,0.0,-1.0,1.7781512503836436
Dueré,2020-08-30,70,10,1,0,2.5,0.0,-1.0,1.845098040014257
Dueré,2020-08-31,73,3,1,0,2.5714285714285716,0.0,-1.0,1.863322860120456
Dueré,2020-09-01,75,2,1,0,2.5714285714285716,0.0,-1.0,1.8750612633917
Dueré,2020-09-02,75,0,1,0,2.5714285714285716,0.0,-1.0,1.8750612633917
Dueré,2020-09-03,75,0,1,0,2.4285714285714284,0.0,-1.0,1.8750612633917
Dueré,2020-09-04,75,0,1,0,2.5,0.0,-1.0,1.8750612633917
Dueré,2020-09-05,75,0,1,0,2.5,0.0,-1.0,1.8750612633917
Dueré,2020-09-06,75,0,1,0,2.142857142857143,0.0,-1.0,1.8750612633917
Dueré,2020-09-07,75,0,1,0,1.7142857142857142,0.0,-1.0,1.8750612633917
Dueré,2020-09-08,75,0,1,0,1.6428571428571428,0.0,-1.0,1.8750612633917
Dueré,2020-09-09,75,0,1,0,1.6428571428571428,0.0,-1.0,1.8750612633917
Dueré,2020-09-10,77,2,1,0,1.7142857142857142,0.0,-1.0,1.8864907251724818
Dueré,2020-09-11,96,19,1,0,2.7857142857142856,0.0,-1.0,1.9822712330395684
Dueré,2020-09-12,96,0,1,0,2.5714285714285716,0.0,,1.9822712330395684
Dueré,2020-09-13,97,1,1,0,1.9285714285714286,0.0,,1.9867717342662448
Dueré,2020-09-14,97,0,1,0,1.7142857142857142,0.0,,1.9867717342662448
Dueré,2020-09-15,97,0,1,0,1.5714285714285714,0.0,,1.9867717342662448
Dueré,2020-09-16,97,0,1,0,1.5714285714285714,0.0,,1.9867717342662448
Dueré,2020-09-17,100,3,1,0,1.7857142857142858,0.0,,2.0
Dueré,2020-09-18,100,0,1,0,1.7857142857142858,0.0,,2.0
Dueré,2020-09-19,100,0,1,0,1.7857142857142858,0.0,,2.0
Dueré,2020-09-20,100,0,1,0,1.7857142857142858,0.0,,2.0
Dueré,2020-09-21,103,3,1,0,2.0,0.0,,2.012837224705172
Dueré,2020-09-22,103,0,1,0,2.0,0.0,,2.012837224705172
Dueré,2020-09-23,103,0,1,0,2.0,0.0,,2.012837224705172
Dueré,2020-09-24,103,0,1,0,1.8571428571428572,0.0,,2.012837224705172
Dueré,2020-09-25,108,5,1,0,0.8571428571428571,0.0,,2.03342375548695
Dueré,2020-09-26,108,0,1,0,0.8571428571428571,0.0,,2.03342375548695
Dueré,2020-09-27,108,0,1,0,0.7857142857142857,0.0,,2.03342375548695
Dueré,2020-09-28,108,0,1,0,0.7857142857142857,0.0,,2.03342375548695
Dueré,2020-09-29,109,1,1,0,0.8571428571428571,0.0,,2.037426497940624
Dueré,2020-09-30,109,0,1,0,0.8571428571428571,0.0,,2.037426497940624
Dueré,2020-10-01,110,1,1,0,0.7142857142857143,0.0,,2.041392685158225
Dueré,2020-10-02,110,0,1,0,0.7142857142857143,0.0,,2.041392685158225
Dueré,2020-10-03,110,0,1,0,0.7142857142857143,0.0,,2.041392685158225
Dueré,2020-10-04,110,0,1,0,0.7142857142857143,0.0,,2.041392685158225
Dueré,2020-10-05,110,0,1,0,0.5,0.0,,2.041392685158225
Dueré,2020-10-06,110,0,1,0,0.5,0.0,,2.041392685158225
Dueré,2020-10-07,110,0,1,0,0.5,0.0,,2.041392685158225
Dueré,2020-10-08,112,2,1,0,0.6428571428571429,0.0,,2.0492180226701815
Dueré,2020-10-09,112,0,1,0,0.2857142857142857,0.0,,2.0492180226701815
Dueré,2020-10-10,112,0,1,0,0.2857142857142857,0.0,,2.0492180226701815
Dueré,2020-10-11,112,0,1,0,0.2857142857142857,0.0,,2.0492180226701815
Dueré,2020-10-12,112,0,1,0,0.2857142857142857,0.0,,2.0492180226701815
Dueré,2020-10-13,112,0,1,0,0.21428571428571427,0.0,,2.0492180226701815
Dueré,2020-10-14,113,1,2,1,0.2857142857142857,0.07142857142857142,inf,2.05307844348342
Dueré,2020-10-15,113,0,2,0,0.21428571428571427,0.07142857142857142,inf,2.05307844348342
Dueré,2020-10-16,113,0,2,0,0.21428571428571427,0.07142857142857142,inf,2.05307844348342
Dueré,2020-10-17,114,1,3,1,0.2857142857142857,0.14285714285714285,inf,2.0569048513364727
Dueré,2020-10-18,114,0,3,0,0.2857142857142857,0.14285714285714285,inf,2.0569048513364727
Dueré,2020-10-19,114,0,3,0,0.2857142857142857,0.14285714285714285,inf,2.0569048513364727
Dueré,2020-10-20,114,0,3,0,0.2857142857142857,0.14285714285714285,inf,2.0569048513364727
Dueré,2020-10-21,114,0,3,0,0.2857142857142857,0.14285714285714285,inf,2.0569048513364727
Dueré,2020-10-22,114,0,3,0,0.14285714285714285,0.14285714285714285,inf,2.0569048513364727
Dueré,2020-10-23,114,0,3,0,0.14285714285714285,0.14285714285714285,inf,2.0569048513364727
Dueré,2020-10-24,114,0,3,0,0.14285714285714285,0.14285714285714285,inf,2.0569048513364727
Dueré,2020-10-25,114,0,3,0,0.14285714285714285,0.14285714285714285,inf,2.0569048513364727
Dueré,2020-10-26,114,0,3,0,0.14285714285714285,0.14285714285714285,inf,2.0569048513364727
Dueré,2020-10-27,115,1,3,0,0.21428571428571427,0.14285714285714285,inf,2.060697840353612
Dueré,2020-10-28,115,0,3,0,0.14285714285714285,0.07142857142857142,0.0,2.060697840353612
Dueré,2020-10-29,115,0,3,0,0.14285714285714285,0.07142857142857142,0.0,2.060697840353612
Dueré,2020-10-30,115,0,3,0,0.14285714285714285,0.07142857142857142,0.0,2.060697840353612
Dueré,2020-10-31,115,0,3,0,0.07142857142857142,0.0,-1.0,2.060697840353612
Dueré,2020-11-01,115,0,3,0,0.07142857142857142,0.0,-1.0,2.060697840353612
Dueré,2020-11-02,115,0,3,0,0.07142857142857142,0.0,-1.0,2.060697840353612
Dueré,2020-11-03,115,0,3,0,0.07142857142857142,0.0,-1.0,2.060697840353612
Dueré,2020-11-04,115,0,3,0,0.07142857142857142,0.0,-1.0,2.060697840353612
Dueré,2020-11-05,115,0,3,0,0.07142857142857142,0.0,-1.0,2.060697840353612
Dueré,2020-11-06,115,0,3,0,0.07142857142857142,0.0,-1.0,2.060697840353612
Dueré,2020-11-07,115,0,3,0,0.07142857142857142,0.0,-1.0,2.060697840353612
Dueré,2020-11-08,115,0,3,0,0.07142857142857142,0.0,-1.0,2.060697840353612
Dueré,2020-11-09,115,0,3,0,0.07142857142857142,0.0,-1.0,2.060697840353612
Dueré,2020-11-10,115,0,3,0,0.0,0.0,-1.0,2.060697840353612
Dueré,2020-11-11,115,0,3,0,0.0,0.0,-1.0,2.060697840353612
Dueré,2020-11-12,115,0,3,0,0.0,0.0,-1.0,2.060697840353612
Dueré,2020-11-13,115,0,3,0,0.0,0.0,-1.0,2.060697840353612
Dueré,2020-11-14,115,0,3,0,0.0,0.0,,2.060697840353612
Dueré,2020-11-15,115,0,3,0,0.0,0.0,,2.060697840353612
Dueré,2020-11-16,115,0,3,0,0.0,0.0,,2.060697840353612
Dueré,2020-11-17,115,0,3,0,0.0,0.0,,2.060697840353612
Dueré,2020-11-18,115,0,3,0,0.0,0.0,,2.060697840353612
Dueré,2020-11-19,115,0,3,0,0.0,0.0,,2.060697840353612
Dueré,2020-11-20,115,0,3,0,0.0,0.0,,2.060697840353612
Dueré,2020-11-21,115,0,3,0,0.0,0.0,,2.060697840353612
Dueré,2020-11-22,115,0,3,0,0.0,0.0,,2.060697840353612
Dueré,2020-11-23,115,0,3,0,0.0,0.0,,2.060697840353612
Dueré,2020-11-24,115,0,3,0,0.0,0.0,,2.060697840353612
Dueré,2020-11-25,115,0,3,0,0.0,0.0,,2.060697840353612
Dueré,2020-11-26,115,0,3,0,0.0,0.0,,2.060697840353612
Dueré,2020-11-27,115,0,3,0,0.0,0.0,,2.060697840353612
Dueré,2020-11-28,116,1,3,0,0.07142857142857142,0.0,,2.0644579892269186
Dueré,2020-11-29,116,0,3,0,0.07142857142857142,0.0,,2.0644579892269186
Dueré,2020-11-30,116,0,3,0,0.07142857142857142,0.0,,2.0644579892269186
Dueré,2020-12-01,116,0,3,0,0.07142857142857142,0.0,,2.0644579892269186
Dueré,2020-12-02,116,0,3,0,0.07142857142857142,0.0,,2.0644579892269186
Dueré,2020-12-03,116,0,3,0,0.07142857142857142,0.0,,2.0644579892269186
Dueré,2020-12-04,116,0,3,0,0.07142857142857142,0.0,,2.0644579892269186
Dueré,2020-12-05,116,0,3,0,0.07142857142857142,0.0,,2.0644579892269186
Dueré,2020-12-06,116,0,3,0,0.07142857142857142,0.0,,2.0644579892269186
Dueré,2020-12-07,116,0,3,0,0.07142857142857142,0.0,,2.0644579892269186
Dueré,2020-12-08,116,0,3,0,0.07142857142857142,0.0,,2.0644579892269186
Dueré,2020-12-09,116,0,3,0,0.07142857142857142,0.0,,2.0644579892269186
Dueré,2020-12-10,116,0,3,0,0.07142857142857142,0.0,,2.0644579892269186
Dueré,2020-12-11,116,0,3,0,0.07142857142857142,0.0,,2.0644579892269186
Dueré,2020-12-12,116,0,3,0,0.0,0.0,,2.0644579892269186
Dueré,2020-12-13,116,0,3,0,0.0,0.0,,2.0644579892269186
Dueré,2020-12-14,116,0,3,0,0.0,0.0,,2.0644579892269186
Dueré,2020-12-15,116,0,3,0,0.0,0.0,,2.0644579892269186
Dueré,2020-12-16,116,0,3,0,0.0,0.0,,2.0644579892269186
Dueré,2020-12-17,120,4,3,0,0.2857142857142857,0.0,,2.0791812460476247
Dueré,2020-12-18,121,1,3,0,0.35714285714285715,0.0,,2.08278537031645
Dueré,2020-12-19,121,0,3,0,0.35714285714285715,0.0,,2.08278537031645
Dueré,2020-12-20,121,0,3,0,0.35714285714285715,0.0,,2.08278537031645
Dueré,2020-12-21,121,0,3,0,0.35714285714285715,0.0,,2.08278537031645
Dueré,2020-12-22,122,1,3,0,0.42857142857142855,0.0,,2.0863598306747484
Dueré,2020-12-23,122,0,3,0,0.42857142857142855,0.0,,2.0863598306747484
Dueré,2020-12-24,122,0,3,0,0.42857142857142855,0.0,,2.0863598306747484
Dueré,2020-12-25,122,0,3,0,0.42857142857142855,0.0,,2.0863598306747484
Dueré,2020-12-26,122,0,3,0,0.42857142857142855,0.0,,2.0863598306747484
Dueré,2020-12-27,122,0,3,0,0.42857142857142855,0.0,,2.0863598306747484
Dueré,2020-12-28,122,0,3,0,0.42857142857142855,0.0,,2.0863598306747484
Dueré,2020-12-29,122,0,3,0,0.42857142857142855,0.0,,2.0863598306747484
Dueré,2020-12-30,122,0,3,0,0.42857142857142855,0.0,,2.0863598306747484
Dueré,2020-12-31,122,0,3,0,0.14285714285714285,0.0,,2.0863598306747484
Dueré,2021-01-01,122,0,3,0,0.07142857142857142,0.0,,2.0863598306747484
Dueré,2021-01-02,122,0,3,0,0.07142857142857142,0.0,,2.0863598306747484
Dueré,2021-01-03,122,0,3,0,0.07142857142857142,0.0,,2.0863598306747484
Dueré,2021-01-04,122,0,3,0,0.07142857142857142,0.0,,2.0863598306747484
Dueré,2021-01-05,122,0,3,0,0.0,0.0,,2.0863598306747484
Dueré,2021-01-06,122,0,3,0,0.0,0.0,,2.0863598306747484
Dueré,2021-01-07,122,0,3,0,0.0,0.0,,2.0863598306747484
Dueré,2021-01-08,122,0,3,0,0.0,0.0,,2.0863598306747484
Dueré,2021-01-09,122,0,3,0,0.0,0.0,,2.0863598306747484
Dueré,2021-01-10,122,0,3,0,0.0,0.0,,2.0863598306747484
Dueré,2021-01-11,122,0,3,0,0.0,0.0,,2.0863598306747484
Dueré,2021-01-12,122,0,3,0,0.0,0.0,,2.0863598306747484
Dueré,2021-01-13,122,0,3,0,0.0,0.0,,2.0863598306747484
Dueré,2021-01-14,114,-8,3,0,-0.5714285714285714,0.0,,2.0569048513364727
Dueré,2021-01-15,118,4,3,0,-0.2857142857142857,0.0,,2.0718820073061255
Dueré,2021-01-16,118,0,3,0,-0.2857142857142857,0.0,,2.0718820073061255
Dueré,2021-01-17,119,1,3,0,-0.21428571428571427,0.0,,2.075546961392531
Dueré,2021-01-18,119,0,3,0,-0.21428571428571427,0.0,,2.075546961392531
Dueré,2021-01-19,119,0,3,0,-0.21428571428571427,0.0,,2.075546961392531
Dueré,2021-01-20,119,0,3,0,-0.21428571428571427,0.0,,2.075546961392531
Esperantina,2020-03-27,0,0,0,0,,,,0.0
Esperantina,2020-03-28,0,0,0,0,,,,0.0
Esperantina,2020-03-29,0,0,0,0,,,,0.0
Esperantina,2020-03-30,0,0,0,0,,,,0.0
Esperantina,2020-03-31,0,0,0,0,,,,0.0
Esperantina,2020-04-01,0,0,0,0,,,,0.0
Esperantina,2020-04-02,0,0,0,0,,,,0.0
Esperantina,2020-04-03,0,0,0,0,,,,0.0
Esperantina,2020-04-04,0,0,0,0,,,,0.0
Esperantina,2020-04-05,0,0,0,0,,,,0.0
Esperantina,2020-04-06,0,0,0,0,,,,0.0
Esperantina,2020-04-07,0,0,0,0,,,,0.0
Esperantina,2020-04-08,0,0,0,0,,,,0.0
Esperantina,2020-04-09,0,0,0,0,0.0,0.0,,0.0
Esperantina,2020-04-10,0,0,0,0,0.0,0.0,,0.0
Esperantina,2020-04-11,0,0,0,0,0.0,0.0,,0.0
Esperantina,2020-04-12,0,0,0,0,0.0,0.0,,0.0
Esperantina,2020-04-13,0,0,0,0,0.0,0.0,,0.0
Esperantina,2020-04-14,0,0,0,0,0.0,0.0,,0.0
Esperantina,2020-04-15,0,0,0,0,0.0,0.0,,0.0
Esperantina,2020-04-16,0,0,0,0,0.0,0.0,,0.0
Esperantina,2020-04-17,0,0,0,0,0.0,0.0,,0.0
Esperantina,2020-04-18,0,0,0,0,0.0,0.0,,0.0
Esperantina,2020-04-19,0,0,0,0,0.0,0.0,,0.0
Esperantina,2020-04-20,0,0,0,0,0.0,0.0,,0.0
Esperantina,2020-04-21,0,0,0,0,0.0,0.0,,0.0
Esperantina,2020-04-22,0,0,0,0,0.0,0.0,,0.0
Esperantina,2020-04-23,0,0,0,0,0.0,0.0,,0.0
Esperantina,2020-04-24,0,0,0,0,0.0,0.0,,0.0
Esperantina,2020-04-25,0,0,0,0,0.0,0.0,,0.0
Esperantina,2020-04-26,0,0,0,0,0.0,0.0,,0.0
Esperantina,2020-04-27,0,0,0,0,0.0,0.0,,0.0
Esperantina,2020-04-28,0,0,0,0,0.0,0.0,,0.0
Esperantina,2020-04-29,0,0,0,0,0.0,0.0,,0.0
Esperantina,2020-04-30,0,0,0,0,0.0,0.0,,0.0
Esperantina,2020-05-01,0,0,0,0,0.0,0.0,,0.0
Esperantina,2020-05-02,0,0,0,0,0.0,0.0,,0.0
Esperantina,2020-05-03,0,0,0,0,0.0,0.0,,0.0
Esperantina,2020-05-04,0,0,0,0,0.0,0.0,,0.0
Esperantina,2020-05-05,0,0,0,0,0.0,0.0,,0.0
Esperantina,2020-05-06,0,0,0,0,0.0,0.0,,0.0
Esperantina,2020-05-07,0,0,0,0,0.0,0.0,,0.0
Esperantina,2020-05-08,0,0,0,0,0.0,0.0,,0.0
Esperantina,2020-05-09,0,0,0,0,0.0,0.0,,0.0
Esperantina,2020-05-10,0,0,0,0,0.0,0.0,,0.0
Esperantina,2020-05-11,0,0,0,0,0.0,0.0,,0.0
Esperantina,2020-05-12,0,0,0,0,0.0,0.0,,0.0
Esperantina,2020-05-13,0,0,0,0,0.0,0.0,,0.0
Esperantina,2020-05-14,0,0,0,0,0.0,0.0,,0.0
Esperantina,2020-05-15,2,2,0,0,0.14285714285714285,0.0,,0.3010299956639812
Esperantina,2020-05-16,2,0,0,0,0.14285714285714285,0.0,,0.3010299956639812
Esperantina,2020-05-17,2,0,0,0,0.14285714285714285,0.0,,0.3010299956639812
Esperantina,2020-05-18,2,0,0,0,0.14285714285714285,0.0,,0.3010299956639812
Esperantina,2020-05-19,2,0,0,0,0.14285714285714285,0.0,,0.3010299956639812
Esperantina,2020-05-20,2,0,0,0,0.14285714285714285,0.0,,0.3010299956639812
Esperantina,2020-05-21,3,1,0,0,0.21428571428571427,0.0,,0.47712125471966244
Esperantina,2020-05-22,5,2,0,0,0.35714285714285715,0.0,,0.6989700043360189
Esperantina,2020-05-23,7,2,0,0,0.5,0.0,,0.8450980400142568
Esperantina,2020-05-24,8,1,0,0,0.5714285714285714,0.0,,0.9030899869919435
Esperantina,2020-05-25,8,0,0,0,0.5714285714285714,0.0,,0.9030899869919435
Esperantina,2020-05-26,8,0,0,0,0.5714285714285714,0.0,,0.9030899869919435
Esperantina,2020-05-27,9,1,0,0,0.6428571428571429,0.0,,0.9542425094393249
Esperantina,2020-05-28,9,0,0,0,0.6428571428571429,0.0,,0.9542425094393249
Esperantina,2020-05-29,10,1,0,0,0.5714285714285714,0.0,,1.0
Esperantina,2020-05-30,10,0,0,0,0.5714285714285714,0.0,,1.0
Esperantina,2020-05-31,10,0,0,0,0.5714285714285714,0.0,,1.0
Esperantina,2020-06-01,10,0,0,0,0.5714285714285714,0.0,,1.0
Esperantina,2020-06-02,11,1,0,0,0.6428571428571429,0.0,,1.041392685158225
Esperantina,2020-06-03,11,0,0,0,0.6428571428571429,0.0,,1.041392685158225
Esperantina,2020-06-04,16,5,0,0,0.9285714285714286,0.0,,1.2041199826559248
Esperantina,2020-06-05,16,0,0,0,0.7857142857142857,0.0,,1.2041199826559248
Esperantina,2020-06-06,18,2,0,0,0.7857142857142857,0.0,,1.255272505103306
Esperantina,2020-06-07,18,0,0,0,0.7142857142857143,0.0,,1.255272505103306
Esperantina,2020-06-08,21,3,0,0,0.9285714285714286,0.0,,1.3222192947339193
Esperantina,2020-06-09,24,3,0,0,1.1428571428571428,0.0,,1.380211241711606
Esperantina,2020-06-10,24,0,0,0,1.0714285714285714,0.0,,1.380211241711606
Esperantina,2020-06-11,27,3,0,0,1.2857142857142858,0.0,,1.4313637641589874
Esperantina,2020-06-12,28,1,0,0,1.2857142857142858,0.0,,1.4471580313422192
Esperantina,2020-06-13,28,0,0,0,1.2857142857142858,0.0,,1.4471580313422192
Esperantina,2020-06-14,28,0,0,0,1.2857142857142858,0.0,,1.4471580313422192
Esperantina,2020-06-15,28,0,0,0,1.2857142857142858,0.0,,1.4471580313422192
Esperantina,2020-06-16,28,0,0,0,1.2142857142857142,0.0,,1.4471580313422192
Esperantina,2020-06-17,30,2,0,0,1.3571428571428572,0.0,,1.4771212547196624
Esperantina,2020-06-18,30,0,0,0,1.0,0.0,,1.4771212547196624
Esperantina,2020-06-19,31,1,0,0,1.0714285714285714,0.0,,1.4913616938342726
Esperantina,2020-06-20,37,6,0,0,1.3571428571428572,0.0,,1.568201724066995
Esperantina,2020-06-21,37,0,0,0,1.3571428571428572,0.0,,1.568201724066995
Esperantina,2020-06-22,37,0,0,0,1.1428571428571428,0.0,,1.568201724066995
Esperantina,2020-06-23,38,1,0,0,1.0,0.0,,1.5797835966168101
Esperantina,2020-06-24,43,5,0,0,1.3571428571428572,0.0,,1.6334684555795866
Esperantina,2020-06-25,43,0,0,0,1.1428571428571428,0.0,,1.6334684555795866
Esperantina,2020-06-26,43,0,0,0,1.0714285714285714,0.0,,1.6334684555795866
Esperantina,2020-06-27,43,0,0,0,1.0714285714285714,0.0,,1.6334684555795866
Esperantina,2020-06-28,43,0,0,0,1.0714285714285714,0.0,,1.6334684555795866
Esperantina,2020-06-29,43,0,0,0,1.0714285714285714,0.0,,1.6334684555795866
Esperantina,2020-06-30,46,3,0,0,1.2857142857142858,0.0,,1.662757831681574
Esperantina,2020-07-01,57,11,0,0,1.9285714285714286,0.0,,1.7558748556724915
Esperantina,2020-07-02,70,13,0,0,2.857142857142857,0.0,,1.845098040014257
Esperantina,2020-07-03,70,0,0,0,2.7857142857142856,0.0,,1.845098040014257
Esperantina,2020-07-04,71,1,0,0,2.4285714285714284,0.0,,1.8512583487190752
Esperantina,2020-07-05,71,0,0,0,2.4285714285714284,0.0,,1.8512583487190752
Esperantina,2020-07-06,75,4,0,0,2.7142857142857144,0.0,,1.8750612633917
Esperantina,2020-07-07,79,4,1,1,2.9285714285714284,0.07142857142857142,inf,1.8976270912904414
Esperantina,2020-07-08,88,9,1,0,3.2142857142857144,0.07142857142857142,inf,1.9444826721501687
Esperantina,2020-07-09,91,3,1,0,3.4285714285714284,0.07142857142857142,inf,1.9590413923210936
Esperantina,2020-07-10,105,14,1,0,4.428571428571429,0.07142857142857142,inf,2.0211892990699383
Esperantina,2020-07-11,105,0,1,0,4.428571428571429,0.07142857142857142,inf,2.0211892990699383
Esperantina,2020-07-12,104,-1,1,0,4.357142857142857,0.07142857142857142,inf,2.0170333392987803
Esperantina,2020-07-13,104,0,1,0,4.357142857142857,0.07142857142857142,inf,2.0170333392987803
Esperantina,2020-07-14,112,8,1,0,4.714285714285714,0.07142857142857142,inf,2.0492180226701815
Esperantina,2020-07-15,118,6,1,0,4.357142857142857,0.07142857142857142,inf,2.0718820073061255
Esperantina,2020-07-16,118,0,1,0,3.4285714285714284,0.07142857142857142,inf,2.0718820073061255
Esperantina,2020-07-17,120,2,2,1,3.5714285714285716,0.14285714285714285,inf,2.0791812460476247
Esperantina,2020-07-18,121,1,2,0,3.5714285714285716,0.14285714285714285,inf,2.08278537031645
Esperantina,2020-07-19,123,2,2,0,3.7142857142857144,0.14285714285714285,inf,2.089905111439398
Esperantina,2020-07-20,128,5,3,1,3.7857142857142856,0.21428571428571427,inf,2.1072099696478683
Esperantina,2020-07-21,130,2,4,1,3.642857142857143,0.21428571428571427,2.0,2.113943352306837
Esperantina,2020-07-22,139,9,5,1,3.642857142857143,0.2857142857142857,3.0,2.143014800254095
Esperantina,2020-07-23,149,10,5,0,4.142857142857143,0.2857142857142857,3.0,2.173186268412274
Esperantina,2020-07-24,150,1,5,0,3.2142857142857144,0.2857142857142857,3.0,2.1760912590556813
Esperantina,2020-07-25,154,4,5,0,3.5,0.2857142857142857,3.0,2.187520720836463
Esperantina,2020-07-26,154,0,5,0,3.5714285714285716,0.2857142857142857,3.0,2.187520720836463
Esperantina,2020-07-27,159,5,5,0,3.9285714285714284,0.2857142857142857,3.0,2.2013971243204513
Esperantina,2020-07-28,165,6,5,0,3.7857142857142856,0.2857142857142857,3.0,2.2174839442139063
Esperantina,2020-07-29,172,7,5,0,3.857142857142857,0.2857142857142857,3.0,2.2355284469075487
Esperantina,2020-07-30,172,0,5,0,3.857142857142857,0.2857142857142857,3.0,2.2355284469075487
Esperantina,2020-07-31,172,0,5,0,3.7142857142857144,0.21428571428571427,0.5,2.2355284469075487
Esperantina,2020-08-01,172,0,5,0,3.642857142857143,0.21428571428571427,0.5,2.2355284469075487
Esperantina,2020-08-02,177,5,5,0,3.857142857142857,0.21428571428571427,0.5,2.2479732663618064
Esperantina,2020-08-03,177,0,5,0,3.5,0.14285714285714285,-0.3333333333333333,2.2479732663618064
Esperantina,2020-08-04,178,1,5,0,3.4285714285714284,0.07142857142857142,-0.6666666666666666,2.250420002308894
Esperantina,2020-08-05,185,7,5,0,3.2857142857142856,0.0,-1.0,2.2671717284030137
Esperantina,2020-08-06,185,0,5,0,2.5714285714285716,0.0,-1.0,2.2671717284030137
Esperantina,2020-08-07,186,1,5,0,2.5714285714285716,0.0,-1.0,2.2695129442179165
Esperantina,2020-08-08,186,0,5,0,2.2857142857142856,0.0,-1.0,2.2695129442179165
Esperantina,2020-08-09,186,0,5,0,2.2857142857142856,0.0,-1.0,2.2695129442179165
Esperantina,2020-08-10,186,0,5,0,1.9285714285714286,0.0,-1.0,2.2695129442179165
Esperantina,2020-08-11,197,11,5,0,2.2857142857142856,0.0,-1.0,2.294466226161593
Esperantina,2020-08-12,196,-1,5,0,1.7142857142857142,0.0,-1.0,2.292256071356476
Esperantina,2020-08-13,198,2,5,0,1.8571428571428572,0.0,-1.0,2.296665190261531
Esperantina,2020-08-14,199,1,5,0,1.9285714285714286,0.0,-1.0,2.298853076409707
Esperantina,2020-08-15,201,2,5,0,2.0714285714285716,0.0,-1.0,2.303196057420489
Esperantina,2020-08-16,201,0,5,0,1.7142857142857142,0.0,-1.0,2.303196057420489
Esperantina,2020-08-17,197,-4,5,0,1.4285714285714286,0.0,-1.0,2.294466226161593
Esperantina,2020-08-18,193,-4,5,0,1.0714285714285714,0.0,-1.0,2.285557309007774
Esperantina,2020-08-19,196,3,5,0,0.7857142857142857,0.0,,2.292256071356476
Esperantina,2020-08-20,200,4,6,1,1.0714285714285714,0.07142857142857142,inf,2.3010299956639813
Esperantina,2020-08-21,202,2,6,0,1.1428571428571428,0.07142857142857142,inf,2.305351369446624
Esperantina,2020-08-22,210,8,6,0,1.7142857142857142,0.07142857142857142,inf,2.322219294733919
Esperantina,2020-08-23,210,0,6,0,1.7142857142857142,0.07142857142857142,inf,2.322219294733919
Esperantina,2020-08-24,210,0,6,0,1.7142857142857142,0.07142857142857142,inf,2.322219294733919
Esperantina,2020-08-25,212,2,6,0,1.0714285714285714,0.07142857142857142,inf,2.3263358609287517
Esperantina,2020-08-26,215,3,6,0,1.3571428571428572,0.07142857142857142,inf,2.3324384599156054
Esperantina,2020-08-27,229,14,6,0,2.2142857142857144,0.07142857142857142,inf,2.359835482339888
Esperantina,2020-08-28,235,6,6,0,2.5714285714285716,0.07142857142857142,inf,2.3710678622717363
Esperantina,2020-08-29,236,1,6,0,2.5,0.07142857142857142,inf,2.3729120029701067
Esperantina,2020-08-30,236,0,6,0,2.5,0.07142857142857142,inf,2.3729120029701067
Esperantina,2020-08-31,236,0,6,0,2.7857142857142856,0.07142857142857142,inf,2.3729120029701067
Esperantina,2020-09-01,246,10,6,0,3.7857142857142856,0.07142857142857142,inf,2.3909351071033793
Esperantina,2020-09-02,250,4,6,0,3.857142857142857,0.07142857142857142,inf,2.3979400086720375
Esperantina,2020-09-03,251,1,6,0,3.642857142857143,0.0,-1.0,2.399673721481038
Esperantina,2020-09-04,251,0,6,0,3.5,0.0,-1.0,2.399673721481038
Esperantina,2020-09-05,252,1,6,0,3.0,0.0,-1.0,2.401400540781544
Esperantina,2020-09-06,252,0,6,0,3.0,0.0,-1.0,2.401400540781544
Esperantina,2020-09-07,252,0,6,0,3.0,0.0,-1.0,2.401400540781544
Esperantina,2020-09-08,252,0,6,0,2.857142857142857,0.0,-1.0,2.401400540781544
Esperantina,2020-09-09,253,1,6,0,2.7142857142857144,0.0,-1.0,2.403120521175818
Esperantina,2020-09-10,257,4,6,0,2.0,0.0,-1.0,2.4099331233312946
Esperantina,2020-09-11,263,6,6,0,2.0,0.0,-1.0,2.419955748489758
Esperantina,2020-09-12,271,8,6,0,2.5,0.0,-1.0,2.432969290874406
Esperantina,2020-09-13,271,0,6,0,2.5,0.0,-1.0,2.432969290874406
Esperantina,2020-09-14,271,0,6,0,2.5,0.0,-1.0,2.432969290874406
Esperantina,2020-09-15,275,4,6,0,2.0714285714285716,0.0,-1.0,2.439332693830263
Esperantina,2020-09-16,281,6,6,0,2.2142857142857144,0.0,-1.0,2.44870631990508
Esperantina,2020-09-17,282,1,6,0,2.2142857142857144,0.0,,2.450249108319361
Esperantina,2020-09-18,283,1,6,0,2.2857142857142856,0.0,,2.45178643552429
Esperantina,2020-09-19,285,2,6,0,2.357142857142857,0.0,,2.45484486000851
Esperantina,2020-09-20,285,0,6,0,2.357142857142857,0.0,,2.45484486000851
Esperantina,2020-09-21,284,-1,6,0,2.2857142857142856,0.0,,2.4533183400470375
Esperantina,2020-09-22,288,4,6,0,2.5714285714285716,0.0,,2.459392487759231
Esperantina,2020-09-23,287,-1,6,0,2.4285714285714284,0.0,,2.4578818967339924
Esperantina,2020-09-24,292,5,6,0,2.5,0.0,,2.4653828514484184
Esperantina,2020-09-25,293,1,6,0,2.142857142857143,0.0,,2.4668676203541096
Esperantina,2020-09-26,295,2,6,0,1.7142857142857142,0.0,,2.469822015978163
Esperantina,2020-09-27,295,0,6,0,1.7142857142857142,0.0,,2.469822015978163
Esperantina,2020-09-28,295,0,6,0,1.7142857142857142,0.0,,2.469822015978163
Esperantina,2020-09-29,302,7,6,0,1.9285714285714286,0.0,,2.4800069429571505
Esperantina,2020-09-30,302,0,6,0,1.5,0.0,,2.4800069429571505
Esperantina,2020-10-01,302,0,6,0,1.4285714285714286,0.0,,2.4800069429571505
Esperantina,2020-10-02,304,2,6,0,1.5,0.0,,2.482873583608754
Esperantina,2020-10-03,306,2,6,0,1.5,0.0,,2.48572142648158
Esperantina,2020-10-04,306,0,6,0,1.5,0.0,,2.48572142648158
Esperantina,2020-10-05,306,0,6,0,1.5714285714285714,0.0,,2.48572142648158
Esperantina,2020-10-06,306,0,6,0,1.2857142857142858,0.0,,2.48572142648158
Esperantina,2020-10-07,306,0,6,0,1.3571428571428572,0.0,,2.48572142648158
Esperantina,2020-10-08,308,2,6,0,1.1428571428571428,0.0,,2.4885507165004443
Esperantina,2020-10-09,310,2,6,0,1.2142857142857142,0.0,,2.4913616938342726
Esperantina,2020-10-10,312,2,6,0,1.2142857142857142,0.0,,2.494154594018443
Esperantina,2020-10-11,312,0,6,0,1.2142857142857142,0.0,,2.494154594018443
Esperantina,2020-10-12,312,0,6,0,1.2142857142857142,0.0,,2.494154594018443
Esperantina,2020-10-13,312,0,6,0,0.7142857142857143,0.0,,2.494154594018443
Esperantina,2020-10-14,312,0,6,0,0.7142857142857143,0.0,,2.494154594018443
Esperantina,2020-10-15,312,0,6,0,0.7142857142857143,0.0,,2.494154594018443
Esperantina,2020-10-16,312,0,6,0,0.5714285714285714,0.0,,2.494154594018443
Esperantina,2020-10-17,312,0,6,0,0.42857142857142855,0.0,,2.494154594018443
Esperantina,2020-10-18,312,0,6,0,0.42857142857142855,0.0,,2.494154594018443
Esperantina,2020-10-19,312,0,6,0,0.42857142857142855,0.0,,2.494154594018443
Esperantina,2020-10-20,315,3,7,1,0.6428571428571429,0.07142857142857142,inf,2.4983105537896004
Esperantina,2020-10-21,318,3,8,1,0.8571428571428571,0.14285714285714285,inf,2.5024271199844326
Esperantina,2020-10-22,319,1,8,0,0.7857142857142857,0.14285714285714285,inf,2.503790683057181
Esperantina,2020-10-23,320,1,8,0,0.7142857142857143,0.14285714285714285,inf,2.505149978319906
Esperantina,2020-10-24,320,0,8,0,0.5714285714285714,0.14285714285714285,inf,2.505149978319906
Esperantina,2020-10-25,320,0,8,0,0.5714285714285714,0.14285714285714285,inf,2.505149978319906
Esperantina,2020-10-26,320,0,8,0,0.5714285714285714,0.14285714285714285,inf,2.505149978319906
Esperantina,2020-10-27,322,2,8,0,0.7142857142857143,0.14285714285714285,inf,2.507855871695831
Esperantina,2020-10-28,325,3,8,0,0.9285714285714286,0.14285714285714285,inf,2.5118833609788744
Esperantina,2020-10-29,325,0,8,0,0.9285714285714286,0.14285714285714285,inf,2.5118833609788744
Esperantina,2020-10-30,333,8,8,0,1.5,0.14285714285714285,inf,2.5224442335063197
Esperantina,2020-10-31,333,0,8,0,1.5,0.14285714285714285,inf,2.5224442335063197
Esperantina,2020-11-01,333,0,8,0,1.5,0.14285714285714285,inf,2.5224442335063197
Esperantina,2020-11-02,333,0,8,0,1.5,0.14285714285714285,inf,2.5224442335063197
Esperantina,2020-11-03,333,0,8,0,1.2857142857142858,0.07142857142857142,0.0,2.5224442335063197
Esperantina,2020-11-04,335,2,8,0,1.2142857142857142,0.0,-1.0,2.525044807036845
Esperantina,2020-11-05,335,0,8,0,1.1428571428571428,0.0,-1.0,2.525044807036845
Esperantina,2020-11-06,335,0,8,0,1.0714285714285714,0.0,-1.0,2.525044807036845
Esperantina,2020-11-07,335,0,8,0,1.0714285714285714,0.0,-1.0,2.525044807036845
Esperantina,2020-11-08,335,0,8,0,1.0714285714285714,0.0,-1.0,2.525044807036845
Esperantina,2020-11-09,335,0,8,0,1.0714285714285714,0.0,-1.0,2.525044807036845
Esperantina,2020-11-10,335,0,8,0,0.9285714285714286,0.0,-1.0,2.525044807036845
Esperantina,2020-11-11,334,-1,8,0,0.6428571428571429,0.0,-1.0,2.5237464668115646
Esperantina,2020-11-12,337,3,8,0,0.8571428571428571,0.0,-1.0,2.5276299008713385
Esperantina,2020-11-13,340,3,8,0,0.5,0.0,-1.0,2.531478917042255
Esperantina,2020-11-14,341,1,8,0,0.5714285714285714,0.0,-1.0,2.5327543789924976
Esperantina,2020-11-15,341,0,8,0,0.5714285714285714,0.0,-1.0,2.5327543789924976
Esperantina,2020-11-16,341,0,8,0,0.5714285714285714,0.0,-1.0,2.5327543789924976
Esperantina,2020-11-17,341,0,8,0,0.5714285714285714,0.0,-1.0,2.5327543789924976
Esperantina,2020-11-18,341,0,8,0,0.42857142857142855,0.0,,2.5327543789924976
Esperantina,2020-11-19,341,0,8,0,0.42857142857142855,0.0,,2.5327543789924976
Esperantina,2020-11-20,341,0,8,0,0.42857142857142855,0.0,,2.5327543789924976
Esperantina,2020-11-21,341,0,8,0,0.42857142857142855,0.0,,2.5327543789924976
Esperantina,2020-11-22,341,0,8,0,0.42857142857142855,0.0,,2.5327543789924976
Esperantina,2020-11-23,341,0,8,0,0.42857142857142855,0.0,,2.5327543789924976
Esperantina,2020-11-24,342,1,8,0,0.5,0.0,,2.534026106056135
Esperantina,2020-11-25,342,0,8,0,0.5714285714285714,0.0,,2.534026106056135
Esperantina,2020-11-26,343,1,8,0,0.42857142857142855,0.0,,2.5352941200427703
Esperantina,2020-11-27,343,0,8,0,0.21428571428571427,0.0,,2.5352941200427703
Esperantina,2020-11-28,343,0,9,1,0.14285714285714285,0.07142857142857142,inf,2.5352941200427703
Esperantina,2020-11-29,343,0,9,0,0.14285714285714285,0.07142857142857142,inf,2.5352941200427703
Esperantina,2020-11-30,343,0,9,0,0.14285714285714285,0.07142857142857142,inf,2.5352941200427703
Esperantina,2020-12-01,343,0,9,0,0.14285714285714285,0.07142857142857142,inf,2.5352941200427703
Esperantina,2020-12-02,343,0,9,0,0.14285714285714285,0.07142857142857142,inf,2.5352941200427703
Esperantina,2020-12-03,343,0,9,0,0.14285714285714285,0.07142857142857142,inf,2.5352941200427703
Esperantina,2020-12-04,343,0,9,0,0.14285714285714285,0.07142857142857142,inf,2.5352941200427703
Esperantina,2020-12-05,344,1,9,0,0.21428571428571427,0.07142857142857142,inf,2.53655844257153
Esperantina,2020-12-06,344,0,9,0,0.21428571428571427,0.07142857142857142,inf,2.53655844257153
Esperantina,2020-12-07,344,0,9,0,0.21428571428571427,0.07142857142857142,inf,2.53655844257153
Esperantina,2020-12-08,347,3,9,0,0.35714285714285715,0.07142857142857142,inf,2.5403294747908736
Esperantina,2020-12-09,350,3,9,0,0.5714285714285714,0.07142857142857142,inf,2.5440680443502757
Esperantina,2020-12-10,350,0,9,0,0.5,0.07142857142857142,inf,2.5440680443502757
Esperantina,2020-12-11,350,0,9,0,0.5,0.07142857142857142,inf,2.5440680443502757
Esperantina,2020-12-12,350,0,9,0,0.5,0.0,-1.0,2.5440680443502757
Esperantina,2020-12-13,350,0,9,0,0.5,0.0,-1.0,2.5440680443502757
Esperantina,2020-12-14,350,0,9,0,0.5,0.0,-1.0,2.5440680443502757
Esperantina,2020-12-15,350,0,9,0,0.5,0.0,-1.0,2.5440680443502757
Esperantina,2020-12-16,350,0,9,0,0.5,0.0,-1.0,2.5440680443502757
Esperantina,2020-12-17,350,0,9,0,0.5,0.0,-1.0,2.5440680443502757
Esperantina,2020-12-18,350,0,9,0,0.5,0.0,-1.0,2.5440680443502757
Esperantina,2020-12-19,350,0,9,0,0.42857142857142855,0.0,-1.0,2.5440680443502757
Esperantina,2020-12-20,350,0,9,0,0.42857142857142855,0.0,-1.0,2.5440680443502757
Esperantina,2020-12-21,350,0,9,0,0.42857142857142855,0.0,-1.0,2.5440680443502757
Esperantina,2020-12-22,353,3,9,0,0.42857142857142855,0.0,-1.0,2.5477747053878224
Esperantina,2020-12-23,353,0,9,0,0.21428571428571427,0.0,-1.0,2.5477747053878224
Esperantina,2020-12-24,353,0,9,0,0.21428571428571427,0.0,-1.0,2.5477747053878224
Esperantina,2020-12-25,353,0,9,0,0.21428571428571427,0.0,-1.0,2.5477747053878224
Esperantina,2020-12-26,353,0,9,0,0.21428571428571427,0.0,,2.5477747053878224
Esperantina,2020-12-27,353,0,9,0,0.21428571428571427,0.0,,2.5477747053878224
Esperantina,2020-12-28,353,0,9,0,0.21428571428571427,0.0,,2.5477747053878224
Esperantina,2020-12-29,353,0,9,0,0.21428571428571427,0.0,,2.5477747053878224
Esperantina,2020-12-30,353,0,9,0,0.21428571428571427,0.0,,2.5477747053878224
Esperantina,2020-12-31,353,0,9,0,0.21428571428571427,0.0,,2.5477747053878224
Esperantina,2021-01-01,353,0,9,0,0.21428571428571427,0.0,,2.5477747053878224
Esperantina,2021-01-02,353,0,9,0,0.21428571428571427,0.0,,2.5477747053878224
Esperantina,2021-01-03,353,0,9,0,0.21428571428571427,0.0,,2.5477747053878224
Esperantina,2021-01-04,353,0,9,0,0.21428571428571427,0.0,,2.5477747053878224
Esperantina,2021-01-05,355,2,9,0,0.14285714285714285,0.0,,2.550228353055094
Esperantina,2021-01-06,355,0,9,0,0.14285714285714285,0.0,,2.550228353055094
Esperantina,2021-01-07,362,7,9,0,0.6428571428571429,0.0,,2.558708570533166
Esperantina,2021-01-08,364,2,9,0,0.7857142857142857,0.0,,2.561101383649056
Esperantina,2021-01-09,367,3,9,0,1.0,0.0,,2.5646660642520893
Esperantina,2021-01-10,367,0,9,0,1.0,0.0,,2.5646660642520893
Esperantina,2021-01-11,367,0,9,0,1.0,0.0,,2.5646660642520893
Esperantina,2021-01-12,368,1,9,0,1.0714285714285714,0.0,,2.5658478186735176
Esperantina,2021-01-13,368,0,9,0,1.0714285714285714,0.0,,2.5658478186735176
Esperantina,2021-01-14,368,0,9,0,1.0714285714285714,0.0,,2.5658478186735176
Esperantina,2021-01-15,369,1,9,0,1.1428571428571428,0.0,,2.56702636615906
Esperantina,2021-01-16,369,0,9,0,1.1428571428571428,0.0,,2.56702636615906
Esperantina,2021-01-17,369,0,9,0,1.1428571428571428,0.0,,2.56702636615906
Esperantina,2021-01-18,369,0,9,0,1.1428571428571428,0.0,,2.56702636615906
Esperantina,2021-01-19,372,3,9,0,1.2142857142857142,0.0,,2.5705429398818973
Esperantina,2021-01-20,372,0,9,0,1.2142857142857142,0.0,,2.5705429398818973
Porto Nacional,2020-03-27,0,0,0,0,,,,0.0
Porto Nacional,2020-03-28,0,0,0,0,,,,0.0
Porto Nacional,2020-03-29,0,0,0,0,,,,0.0
Porto Nacional,2020-03-30,0,0,0,0,,,,0.0
Porto Nacional,2020-03-31,0,0,0,0,,,,0.0
Porto Nacional,2020-04-01,0,0,0,0,,,,0.0
Porto Nacional,2020-04-02,0,0,0,0,,,,0.0
Porto Nacional,2020-04-03,0,0,0,0,,,,0.0
Porto Nacional,2020-04-04,0,0,0,0,,,,0.0
Porto Nacional,2020-04-05,0,0,0,0,,,,0.0
Porto Nacional,2020-04-06,0,0,0,0,,,,0.0
Porto Nacional,2020-04-07,0,0,0,0,,,,0.0
Porto Nacional,2020-04-08,0,0,0,0,,,,0.0
Porto Nacional,2020-04-09,0,0,0,0,0.0,0.0,,0.0
Porto Nacional,2020-04-10,0,0,0,0,0.0,0.0,,0.0
Porto Nacional,2020-04-11,0,0,0,0,0.0,0.0,,0.0
Porto Nacional,2020-04-12,0,0,0,0,0.0,0.0,,0.0
Porto Nacional,2020-04-13,0,0,0,0,0.0,0.0,,0.0
Porto Nacional,2020-04-14,0,0,0,0,0.0,0.0,,0.0
Porto Nacional,2020-04-15,0,0,0,0,0.0,0.0,,0.0
Porto Nacional,2020-04-16,0,0,0,0,0.0,0.0,,0.0
Porto Nacional,2020-04-17,0,0,0,0,0.0,0.0,,0.0
Porto Nacional,2020-04-18,0,0,0,0,0.0,0.0,,0.0
Porto Nacional,2020-04-19,0,0,0,0,0.0,0.0,,0.0
Porto Nacional,2020-04-20,0,0,0,0,0.0,0.0,,0.0
Porto Nacional,2020-04-21,0,0,0,0,0.0,0.0,,0.0
Porto Nacional,2020-04-22,0,0,0,0,0.0,0.0,,0.0
Porto Nacional,2020-04-23,0,0,0,0,0.0,0.0,,0.0
Porto Nacional,2020-04-24,0,0,0,0,0.0,0.0,,0.0
Porto Nacional,2020-04-25,0,0,0,0,0.0,0.0,,0.0
Porto Nacional,2020-04-26,0,0,0,0,0.0,0.0,,0.0
Porto Nacional,2020-04-27,0,0,0,0,0.0,0.0,,0.0
Porto Nacional,2020-04-28,0,0,0,0,0.0,0.0,,0.0
Porto Nacional,2020-04-29,1,1,0,0,0.07142857142857142,0.0,,0.0
Porto Nacional,2020-04-30,1,0,0,0,0.07142857142857142,0.0,,0.0
Porto Nacional,2020-05-01,1,0,0,0,0.07142857142857142,0.0,,0.0
Porto Nacional,2020-05-02,1,0,0,0,0.07142857142857142,0.0,,0.0
Porto Nacional,2020-05-03,2,1,0,0,0.14285714285714285,0.0,,0.3010299956639812
Porto Nacional,2020-05-04,3,1,0,0,0.21428571428571427,0.0,,0.47712125471966244
Porto Nacional,2020-05-05,3,0,0,0,0.21428571428571427,0.0,,0.47712125471966244
Porto Nacional,2020-05-06,3,0,0,0,0.21428571428571427,0.0,,0.47712125471966244
Porto Nacional,2020-05-07,3,0,0,0,0.21428571428571427,0.0,,0.47712125471966244
Porto Nacional,2020-05-08,3,0,0,0,0.21428571428571427,0.0,,0.47712125471966244
Porto Nacional,2020-05-09,3,0,0,0,0.21428571428571427,0.0,,0.47712125471966244
Porto Nacional,2020-05-10,6,3,0,0,0.42857142857142855,0.0,,0.7781512503836436
Porto Nacional,2020-05-11,5,-1,0,0,0.35714285714285715,0.0,,0.6989700043360189
Porto Nacional,2020-05-12,5,0,0,0,0.35714285714285715,0.0,,0.6989700043360189
Porto Nacional,2020-05-13,6,1,0,0,0.35714285714285715,0.0,,0.7781512503836436
Porto Nacional,2020-05-14,6,0,0,0,0.35714285714285715,0.0,,0.7781512503836436
Porto Nacional,2020-05-15,7,1,0,0,0.42857142857142855,0.0,,0.8450980400142568
Porto Nacional,2020-05-16,7,0,1,1,0.42857142857142855,0.07142857142857142,inf,0.8450980400142568
Porto Nacional,2020-05-17,7,0,1,0,0.35714285714285715,0.07142857142857142,inf,0.8450980400142568
Porto Nacional,2020-05-18,7,0,1,0,0.2857142857142857,0.07142857142857142,inf,0.8450980400142568
Porto Nacional,2020-05-19,10,3,1,0,0.5,0.07142857142857142,inf,1.0
Porto Nacional,2020-05-20,12,2,1,0,0.6428571428571429,0.07142857142857142,inf,1.0791812460476249
Porto Nacional,2020-05-21,12,0,1,0,0.6428571428571429,0.07142857142857142,inf,1.0791812460476249
Porto Nacional,2020-05-22,12,0,1,0,0.6428571428571429,0.07142857142857142,inf,1.0791812460476249
Porto Nacional,2020-05-23,14,2,1,0,0.7857142857142857,0.07142857142857142,inf,1.146128035678238
Porto Nacional,2020-05-24,15,1,1,0,0.6428571428571429,0.07142857142857142,inf,1.1760912590556813
Porto Nacional,2020-05-25,18,3,1,0,0.9285714285714286,0.07142857142857142,inf,1.255272505103306
Porto Nacional,2020-05-26,19,1,1,0,1.0,0.07142857142857142,inf,1.2787536009528289
Porto Nacional,2020-05-27,24,5,1,0,1.2857142857142858,0.07142857142857142,inf,1.380211241711606
Porto Nacional,2020-05-28,26,2,1,0,1.4285714285714286,0.07142857142857142,inf,1.414973347970818
Porto Nacional,2020-05-29,28,2,1,0,1.5,0.07142857142857142,inf,1.4471580313422192
Porto Nacional,2020-05-30,42,14,1,0,2.5,0.0,-1.0,1.6232492903979006
Porto Nacional,2020-05-31,46,4,1,0,2.7857142857142856,0.0,-1.0,1.662757831681574
Porto Nacional,2020-06-01,49,3,1,0,3.0,0.0,-1.0,1.6901960800285136
Porto Nacional,2020-06-02,54,5,1,0,3.142857142857143,0.0,-1.0,1.7323937598229686
Porto Nacional,2020-06-03,61,7,1,0,3.5,0.0,-1.0,1.7853298350107671
Porto Nacional,2020-06-04,64,3,1,0,3.7142857142857144,0.0,-1.0,1.806179973983887
Porto Nacional,2020-06-05,72,8,1,0,4.285714285714286,0.0,-1.0,1.8573324964312685
Porto Nacional,2020-06-06,78,6,1,0,4.571428571428571,0.0,-1.0,1.8920946026904804
Porto Nacional,2020-06-07,85,7,1,0,5.0,0.0,-1.0,1.9294189257142929
Porto Nacional,2020-06-08,87,2,1,0,4.928571428571429,0.0,-1.0,1.9395192526186185
Porto Nacional,2020-06-09,88,1,1,0,4.928571428571429,0.0,-1.0,1.9444826721501687
Porto Nacional,2020-06-10,96,8,1,0,5.142857142857143,0.0,-1.0,1.9822712330395684
Porto Nacional,2020-06-11,99,3,2,1,5.214285714285714,0.07142857142857142,0.0,1.99563519459755
Porto Nacional,2020-06-12,100,1,2,0,5.142857142857143,0.07142857142857142,0.0,2.0
Porto Nacional,2020-06-13,105,5,2,0,4.5,0.07142857142857142,inf,2.0211892990699383
Porto Nacional,2020-06-14,105,0,2,0,4.214285714285714,0.07142857142857142,inf,2.0211892990699383
Porto Nacional,2020-06-15,108,3,2,0,4.214285714285714,0.07142857142857142,inf,2.03342375548695
Porto Nacional,2020-06-16,114,6,2,0,4.285714285714286,0.07142857142857142,inf,2.0569048513364727
Porto Nacional,2020-06-17,123,9,2,0,4.428571428571429,0.07142857142857142,inf,2.089905111439398
Porto Nacional,2020-06-18,136,13,3,1,5.142857142857143,0.14285714285714285,inf,2.1335389083702174
Porto Nacional,2020-06-19,154,18,3,0,5.857142857142857,0.14285714285714285,inf,2.187520720836463
Porto Nacional,2020-06-20,161,7,3,0,5.928571428571429,0.14285714285714285,inf,2.2068258760318495
Porto Nacional,2020-06-21,166,5,4,1,5.785714285714286,0.21428571428571427,inf,2.220108088040055
Porto Nacional,2020-06-22,166,0,4,0,5.642857142857143,0.21428571428571427,inf,2.220108088040055
Porto Nacional,2020-06-23,181,15,4,0,6.642857142857143,0.21428571428571427,inf,2.2576785748691846
Porto Nacional,2020-06-24,208,27,0,-4,8.0,-0.07142857142857142,-inf,2.3180633349627615
Porto Nacional,2020-06-25,213,5,4,4,8.142857142857142,0.14285714285714285,1.0,2.3283796034387376
Porto Nacional,2020-06-26,243,30,4,0,10.214285714285714,0.14285714285714285,1.0,2.385606273598312
Porto Nacional,2020-06-27,250,7,4,0,10.357142857142858,0.14285714285714285,1.0,2.3979400086720375
Porto Nacional,2020-06-28,253,3,4,0,10.571428571428571,0.14285714285714285,1.0,2.403120521175818
Porto Nacional,2020-06-29,273,20,4,0,11.785714285714286,0.14285714285714285,1.0,2.436162647040756
Porto Nacional,2020-06-30,288,15,4,0,12.428571428571429,0.14285714285714285,1.0,2.459392487759231
Porto Nacional,2020-07-01,316,28,5,1,13.785714285714286,0.21428571428571427,2.0,2.499687082618404
Porto Nacional,2020-07-02,335,19,6,1,14.214285714285714,0.21428571428571427,0.5,2.525044807036845
Porto Nacional,2020-07-03,360,25,7,1,14.714285714285714,0.2857142857142857,1.0,2.5563025007672873
Porto Nacional,2020-07-04,374,14,7,0,15.214285714285714,0.2857142857142857,1.0,2.5728716022004803
Porto Nacional,2020-07-05,380,6,7,0,15.285714285714286,0.21428571428571427,0.0,2.57978359661681
Porto Nacional,2020-07-06,401,21,7,0,16.785714285714285,0.21428571428571427,0.0,2.603144372620182
Porto Nacional,2020-07-07,424,23,7,0,17.357142857142858,0.21428571428571427,0.0,2.6273658565927325
Porto Nacional,2020-07-08,449,25,7,0,17.214285714285715,0.5,-8.0,2.6522463410033232
Porto Nacional,2020-07-09,483,34,7,0,19.285714285714285,0.21428571428571427,0.5,2.683947130751512
Porto Nacional,2020-07-10,507,24,7,0,18.857142857142858,0.21428571428571427,0.5,2.705007959333336
Porto Nacional,2020-07-11,526,19,8,1,19.714285714285715,0.2857142857142857,1.0,2.7209857441537393
Porto Nacional,2020-07-12,538,12,8,0,20.357142857142858,0.2857142857142857,1.0,2.7307822756663893
Porto Nacional,2020-07-13,545,7,8,0,19.428571428571427,0.2857142857142857,1.0,2.7363965022766426
Porto Nacional,2020-07-14,559,14,9,1,19.357142857142858,0.35714285714285715,1.5000000000000002,2.747411807886423
Porto Nacional,2020-07-15,571,12,10,1,18.214285714285715,0.35714285714285715,0.6666666666666669,2.756636108245848
Porto Nacional,2020-07-16,613,42,10,0,19.857142857142858,0.2857142857142857,0.3333333333333333,2.787460474518415
Porto Nacional,2020-07-17,625,12,10,0,18.928571428571427,0.21428571428571427,-0.25,2.7958800173440754
Porto Nacional,2020-07-18,638,13,10,0,18.857142857142858,0.21428571428571427,-0.25,2.8048206787211623
Porto Nacional,2020-07-19,687,49,10,0,21.928571428571427,0.21428571428571427,0.0,2.8369567370595505
Porto Nacional,2020-07-20,699,12,10,0,21.285714285714285,0.21428571428571427,0.0,2.8444771757456815
Porto Nacional,2020-07-21,742,43,13,3,22.714285714285715,0.42857142857142855,1.0,2.870403905279027
Porto Nacional,2020-07-22,763,21,13,0,22.428571428571427,0.42857142857142855,-0.1428571428571429,2.8825245379548803
Porto Nacional,2020-07-23,810,47,13,0,23.357142857142858,0.42857142857142855,1.0,2.9084850188786495
Porto Nacional,2020-07-24,860,50,13,0,25.214285714285715,0.42857142857142855,1.0,2.934498451243568
Porto Nacional,2020-07-25,882,22,13,0,25.428571428571427,0.35714285714285715,0.2500000000000001,2.94546858513182
Porto Nacional,2020-07-26,920,38,13,0,27.285714285714285,0.35714285714285715,0.2500000000000001,2.963787827345555
Porto Nacional,2020-07-27,952,32,13,0,29.071428571428573,0.35714285714285715,0.2500000000000001,2.9786369483844743
Porto Nacional,2020-07-28,1008,56,13,0,32.07142857142857,0.2857142857142857,-0.20000000000000007,3.0034605321095067
Porto Nacional,2020-07-29,1079,71,13,0,36.285714285714285,0.21428571428571427,-0.4,3.0330214446829107
Porto Nacional,2020-07-30,1106,27,14,1,35.214285714285715,0.2857142857142857,0.0,3.0437551269686796
Porto Nacional,2020-07-31,1141,35,14,0,36.857142857142854,0.2857142857142857,0.3333333333333333,3.0572856444182146
Porto Nacional,2020-08-01,1152,11,14,0,36.714285714285715,0.2857142857142857,0.3333333333333333,3.061452479087193
Porto Nacional,2020-08-02,1212,60,14,0,37.5,0.2857142857142857,0.3333333333333333,3.0835026198302673
Porto Nacional,2020-08-03,1214,2,14,0,36.785714285714285,0.2857142857142857,0.3333333333333333,3.0842186867392387
Porto Nacional,2020-08-04,1223,9,14,0,34.357142857142854,0.07142857142857142,-0.8333333333333333,3.0874264570362855
Porto Nacional,2020-08-05,1259,36,14,0,35.42857142857143,0.07142857142857142,-0.8333333333333333,3.1000257301078626
Porto Nacional,2020-08-06,1285,26,15,1,33.92857142857143,0.14285714285714285,-0.6666666666666666,3.1089031276673134
Porto Nacional,2020-08-07,1308,23,15,0,32.0,0.14285714285714285,-0.6666666666666666,3.1166077439882485
Porto Nacional,2020-08-08,1331,23,16,1,32.07142857142857,0.21428571428571427,-0.4,3.124178055474675
Porto Nacional,2020-08-09,1347,16,17,1,30.5,0.2857142857142857,-0.20000000000000007,3.129367595722986
Porto Nacional,2020-08-10,1379,32,17,0,30.5,0.2857142857142857,-0.20000000000000007,3.13956426617585
Porto Nacional,2020-08-11,1390,11,17,0,27.285714285714285,0.2857142857142857,0.0,3.143014800254095
Porto Nacional,2020-08-12,1423,33,19,2,24.571428571428573,0.42857142857142855,1.0,3.153204900084284
Porto Nacional,2020-08-13,1470,47,20,1,26.0,0.42857142857142855,0.5,3.167317334748176
Porto Nacional,2020-08-14,1375,-95,20,0,16.714285714285715,0.42857142857142855,0.5,3.1383026981662816
Porto Nacional,2020-08-15,1440,65,21,1,20.571428571428573,0.5,0.7500000000000001,3.1583624920952498
Porto Nacional,2020-08-16,1452,12,21,0,17.142857142857142,0.5,0.7500000000000001,3.161966616364075
Porto Nacional,2020-08-17,1466,14,22,1,18.0,0.5714285714285714,1.0,3.166133970305109
Porto Nacional,2020-08-18,1520,54,22,0,21.214285714285715,0.5714285714285714,7.0,3.1818435879447726
Porto Nacional,2020-08-19,1552,32,22,0,20.928571428571427,0.5714285714285714,7.0,3.1908917169221698
Porto Nacional,2020-08-20,1569,17,22,0,20.285714285714285,0.5,2.5,3.1956229435869368
Porto Nacional,2020-08-21,1577,8,25,3,19.214285714285715,0.7142857142857143,4.0,3.197831693328903
Porto Nacional,2020-08-22,1607,30,27,2,19.714285714285715,0.7857142857142857,2.6666666666666665,3.2060158767633444
Porto Nacional,2020-08-23,1607,0,27,0,18.571428571428573,0.7142857142857143,1.5000000000000002,3.2060158767633444
Porto Nacional,2020-08-24,1607,0,27,0,16.285714285714285,0.7142857142857143,1.5000000000000002,3.2060158767633444
Porto Nacional,2020-08-25,1651,44,28,1,18.642857142857142,0.7857142857142857,1.75,3.2177470732627937
Porto Nacional,2020-08-26,1666,15,28,0,17.357142857142858,0.6428571428571429,0.5000000000000002,3.2216749970707688
Porto Nacional,2020-08-27,1700,34,29,1,16.428571428571427,0.6428571428571429,0.5000000000000002,3.230448921378274
Porto Nacional,2020-08-28,1729,29,30,1,25.285714285714285,0.7142857142857143,0.6666666666666669,3.2377949932739227
Porto Nacional,2020-08-29,1762,33,29,-1,23.0,0.5714285714285714,0.1428571428571428,3.246005904076029
Porto Nacional,2020-08-30,1787,25,29,0,23.928571428571427,0.5714285714285714,0.1428571428571428,3.252124552505644
Porto Nacional,2020-08-31,1813,26,29,0,24.785714285714285,0.5,-0.12499999999999994,3.258397804095509
Porto Nacional,2020-09-01,1852,39,29,0,23.714285714285715,0.5,-0.12499999999999994,3.2676409823459154
Porto Nacional,2020-09-02,1874,22,29,0,23.0,0.5,-0.12499999999999994,3.2727695865517594
Porto Nacional,2020-09-03,1922,48,31,2,25.214285714285715,0.6428571428571429,0.2857142857142858,3.2837533833325265
Porto Nacional,2020-09-04,1940,18,35,4,25.928571428571427,0.7142857142857143,0.0,3.287801729930226
Porto Nacional,2020-09-05,1976,36,36,1,26.357142857142858,0.6428571428571429,-0.18181818181818174,3.295786940251609
Porto Nacional,2020-09-06,1995,19,36,0,27.714285714285715,0.6428571428571429,-0.09999999999999995,3.299942900022767
Porto Nacional,2020-09-07,2019,24,36,0,29.428571428571427,0.6428571428571429,-0.09999999999999995,3.305136318943639
Porto Nacional,2020-09-08,2029,10,37,1,27.0,0.6428571428571429,-0.18181818181818174,3.307282047033346
Porto Nacional,2020-09-09,2054,25,37,0,27.714285714285715,0.6428571428571429,0.0,3.3126004392612596
Porto Nacional,2020-09-10,2076,22,39,2,26.857142857142858,0.7142857142857143,0.11111111111111105,3.31722734917642
Porto Nacional,2020-09-11,2128,52,40,1,28.5,0.7142857142857143,0.0,3.3279716236230104
Porto Nacional,2020-09-12,2166,38,40,0,28.857142857142858,0.7857142857142857,0.37500000000000006,3.3356584522893016
Porto Nacional,2020-09-13,2195,29,40,0,29.142857142857142,0.7857142857142857,0.37500000000000006,3.34143452457814
Porto Nacional,2020-09-14,2195,0,40,0,27.285714285714285,0.7857142857142857,0.5714285714285714,3.34143452457814
Porto Nacional,2020-09-15,2229,34,40,0,26.928571428571427,0.7857142857142857,0.5714285714285714,3.3481100684802376
Porto Nacional,2020-09-16,2271,42,41,1,28.357142857142858,0.8571428571428571,0.7142857142857142,3.3562171342197353
Porto Nacional,2020-09-17,2313,42,41,0,27.928571428571427,0.7142857142857143,0.11111111111111105,3.3641756327706194
Porto Nacional,2020-09-18,2333,20,41,0,28.071428571428573,0.42857142857142855,-0.4,3.3679147387937527
Porto Nacional,2020-09-19,2356,23,42,1,27.142857142857142,0.42857142857142855,-0.3333333333333334,3.372175286115064
Porto Nacional,2020-09-20,2374,18,42,0,27.071428571428573,0.42857142857142855,-0.3333333333333334,3.3754807146185724
Porto Nacional,2020-09-21,2379,5,42,0,25.714285714285715,0.42857142857142855,-0.3333333333333334,3.3763944420372662
Porto Nacional,2020-09-22,2420,41,43,1,27.928571428571427,0.42857142857142855,-0.3333333333333334,3.383815365980431
Porto Nacional,2020-09-23,2433,13,43,0,27.071428571428573,0.42857142857142855,-0.3333333333333334,3.3861421089308186
Porto Nacional,2020-09-24,2459,26,43,0,27.357142857142858,0.2857142857142857,-0.6,3.390758528738717
Porto Nacional,2020-09-25,2479,20,43,0,25.071428571428573,0.21428571428571427,-0.7,3.3942765267678214
Porto Nacional,2020-09-26,2517,38,45,2,25.071428571428573,0.35714285714285715,-0.5454545454545454,3.4008832155483626
Porto Nacional,2020-09-27,2532,15,45,0,24.071428571428573,0.35714285714285715,-0.5454545454545454,3.4034637013453173
Porto Nacional,2020-09-28,2543,11,45,0,24.857142857142858,0.35714285714285715,-0.5454545454545454,3.405346360175709
Porto Nacional,2020-09-29,2570,27,45,0,24.357142857142858,0.35714285714285715,-0.5454545454545454,3.4099331233312946
Porto Nacional,2020-09-30,2594,24,45,0,23.071428571428573,0.2857142857142857,-0.6666666666666666,3.4139699717480614
Porto Nacional,2020-10-01,2618,24,46,1,21.785714285714285,0.35714285714285715,-0.5,3.417969642214737
Porto Nacional,2020-10-02,2624,6,46,0,20.785714285714285,0.35714285714285715,-0.1666666666666666,3.4189638307036225
Porto Nacional,2020-10-03,2640,16,46,0,20.285714285714285,0.2857142857142857,-0.3333333333333333,3.4216039268698313
Porto Nacional,2020-10-04,2640,0,46,0,19.0,0.2857142857142857,-0.3333333333333333,3.4216039268698313
Porto Nacional,2020-10-05,2640,0,46,0,18.642857142857142,0.2857142857142857,-0.3333333333333333,3.4216039268698313
Porto Nacional,2020-10-06,2640,0,46,0,15.714285714285714,0.21428571428571427,-0.5,3.4216039268698313
Porto Nacional,2020-10-07,2651,11,47,1,15.571428571428571,0.2857142857142857,-0.3333333333333333,3.4234097277330933
Porto Nacional,2020-10-08,2660,9,48,1,14.357142857142858,0.35714285714285715,0.2500000000000001,3.424881636631067
Porto Nacional,2020-10-09,2687,27,48,0,14.857142857142858,0.35714285714285715,0.6666666666666669,3.4292676664331685
Porto Nacional,2020-10-10,2689,2,48,0,12.285714285714286,0.21428571428571427,-0.4,3.4295908022233017
Porto Nacional,2020-10-11,2689,0,48,0,11.214285714285714,0.21428571428571427,-0.4,3.4295908022233017
Porto Nacional,2020-10-12,2689,0,48,0,10.428571428571429,0.21428571428571427,-0.4,3.4295908022233017
Porto Nacional,2020-10-13,2692,3,48,0,8.714285714285714,0.21428571428571427,-0.4,3.430075055551939
Porto Nacional,2020-10-14,2702,10,48,0,7.714285714285714,0.21428571428571427,-0.25,3.4316853446860116
Porto Nacional,2020-10-15,2714,12,48,0,6.857142857142857,0.14285714285714285,-0.6,3.433609843323718
Porto Nacional,2020-10-16,2721,7,48,0,6.928571428571429,0.14285714285714285,-0.6,3.4347285417797577
Porto Nacional,2020-10-17,2722,1,48,0,5.857142857142857,0.14285714285714285,-0.5,3.434888120867316
Porto Nacional,2020-10-18,2722,0,48,0,5.857142857142857,0.14285714285714285,-0.5,3.434888120867316
Porto Nacional,2020-10-19,2722,0,48,0,5.857142857142857,0.14285714285714285,-0.5,3.434888120867316
Porto Nacional,2020-10-20,2730,8,48,0,6.428571428571429,0.14285714285714285,-0.3333333333333333,3.436162647040756
Porto Nacional,2020-10-21,2731,1,48,0,5.714285714285714,0.07142857142857142,-0.75,3.4363217001397333
Porto Nacional,2020-10-22,2740,9,48,0,5.714285714285714,0.0,-1.0,3.437750562820388
Porto Nacional,2020-10-23,2748,8,50,2,4.357142857142857,0.14285714285714285,-0.6,3.4390167283875126
Porto Nacional,2020-10-24,2757,9,51,1,4.857142857142857,0.21428571428571427,0.0,3.4404367661057735
Porto Nacional,2020-10-25,2757,0,51,0,4.857142857142857,0.21428571428571427,0.0,3.4404367661057735
Porto Nacional,2020-10-26,2757,0,51,0,4.857142857142857,0.21428571428571427,0.0,3.4404367661057735
Porto Nacional,2020-10-27,2764,7,51,0,5.142857142857143,0.21428571428571427,0.0,3.441538038702161
Porto Nacional,2020-10-28,2771,7,51,0,4.928571428571429,0.21428571428571427,0.0,3.442636525782232
Porto Nacional,2020-10-29,2771,0,51,0,4.071428571428571,0.21428571428571427,0.5,3.442636525782232
Porto Nacional,2020-10-30,2780,9,51,0,4.214285714285714,0.21428571428571427,0.5,3.444044795918076
Porto Nacional,2020-10-31,2781,1,51,0,4.214285714285714,0.21428571428571427,0.5,3.4442009888641594
Porto Nacional,2020-11-01,2781,0,51,0,4.214285714285714,0.21428571428571427,0.5,3.4442009888641594
Porto Nacional,2020-11-02,2781,0,51,0,4.214285714285714,0.21428571428571427,0.5,3.4442009888641594
Porto Nacional,2020-11-03,2782,1,51,0,3.7142857142857144,0.21428571428571427,0.5,3.4443571256560275
Porto Nacional,2020-11-04,2782,0,51,0,3.642857142857143,0.21428571428571427,2.0,3.4443571256560275
Porto Nacional,2020-11-05,2786,4,51,0,3.2857142857142856,0.21428571428571427,inf,3.4449811120879446
Porto Nacional,2020-11-06,2790,4,51,0,3.0,0.07142857142857142,-0.5,3.4456042032735974
Porto Nacional,2020-11-07,2793,3,51,0,2.5714285714285716,0.0,-1.0,3.446070935701005
Porto Nacional,2020-11-08,2793,0,51,0,2.5714285714285716,0.0,-1.0,3.446070935701005
Porto Nacional,2020-11-09,2793,0,51,0,2.5714285714285716,0.0,-1.0,3.446070935701005
Porto Nacional,2020-11-10,2795,2,51,0,2.2142857142857144,0.0,-1.0,3.446381812222442
Porto Nacional,2020-11-11,2801,6,51,0,2.142857142857143,0.0,-1.0,3.4473131088235682
Porto Nacional,2020-11-12,2803,2,51,0,2.2857142857142856,0.0,-1.0,3.447623097760286
Porto Nacional,2020-11-13,2810,7,51,0,2.142857142857143,0.0,-1.0,3.44870631990508
Porto Nacional,2020-11-14,2814,4,51,0,2.357142857142857,0.0,-1.0,3.449324093098727
Porto Nacional,2020-11-15,2814,0,51,0,2.357142857142857,0.0,-1.0,3.449324093098727
Porto Nacional,2020-11-16,2814,0,51,0,2.357142857142857,0.0,-1.0,3.449324093098727
Porto Nacional,2020-11-17,2817,3,52,1,2.5,0.07142857142857142,-0.6666666666666666,3.4497868469857735
Porto Nacional,2020-11-18,2829,12,52,0,3.357142857142857,0.07142857142857142,-0.6666666666666666,3.4516329474569907
Porto Nacional,2020-11-19,2831,2,52,0,3.2142857142857144,0.07142857142857142,-0.6666666666666666,3.451939869365103
Porto Nacional,2020-11-20,2833,2,52,0,3.0714285714285716,0.07142857142857142,0.0,3.452246574520437
Porto Nacional,2020-11-21,2835,2,52,0,3.0,0.07142857142857142,inf,3.452553063228925
Porto Nacional,2020-11-22,2835,0,52,0,3.0,0.07142857142857142,inf,3.452553063228925
Porto Nacional,2020-11-23,2835,0,52,0,3.0,0.07142857142857142,inf,3.452553063228925
Porto Nacional,2020-11-24,2846,11,52,0,3.642857142857143,0.07142857142857142,inf,3.4542348957482654
Porto Nacional,2020-11-25,2850,4,52,0,3.5,0.07142857142857142,inf,3.45484486000851
Porto Nacional,2020-11-26,2853,3,53,1,3.5714285714285716,0.14285714285714285,inf,3.4553017716570764
Porto Nacional,2020-11-27,2854,1,53,0,3.142857142857143,0.14285714285714285,inf,3.4554539687786283
Porto Nacional,2020-11-28,2872,18,53,0,4.142857142857143,0.14285714285714285,inf,3.4581844355702627
Porto Nacional,2020-11-29,2877,5,53,0,4.5,0.14285714285714285,inf,3.458939861890326
Porto Nacional,2020-11-30,2877,0,53,0,4.5,0.14285714285714285,inf,3.458939861890326
Porto Nacional,2020-12-01,2888,11,53,0,5.071428571428571,0.07142857142857142,0.0,3.4605971888976015
Porto Nacional,2020-12-02,2905,17,53,0,5.428571428571429,0.07142857142857142,0.0,3.4631461367263494
Porto Nacional,2020-12-03,2913,8,53,0,5.857142857142857,0.07142857142857142,0.0,3.4643404846276673
Porto Nacional,2020-12-04,2928,15,53,0,6.785714285714286,0.07142857142857142,0.0,3.4665710723863543
Porto Nacional,2020-12-05,2942,14,54,1,7.642857142857143,0.14285714285714285,1.0,3.4686426683915115
Porto Nacional,2020-12-06,2942,0,54,0,7.642857142857143,0.14285714285714285,1.0,3.4686426683915115
Porto Nacional,2020-12-07,2942,0,54,0,7.642857142857143,0.14285714285714285,1.0,3.4686426683915115
Porto Nacional,2020-12-08,2948,6,54,0,7.285714285714286,0.14285714285714285,1.0,3.469527479187014
Porto Nacional,2020-12-09,2971,23,54,0,8.642857142857142,0.14285714285714285,1.0,3.472902651803664
Porto Nacional,2020-12-10,2998,27,54,0,10.357142857142858,0.07142857142857142,-0.5,3.4768316285122607
Porto Nacional,2020-12-11,3014,16,55,1,11.428571428571429,0.14285714285714285,0.0,3.479143247978613
Porto Nacional,2020-12-12,3031,17,55,0,11.357142857142858,0.14285714285714285,0.0,3.4815859363676225
Porto Nacional,2020-12-13,3031,0,55,0,11.0,0.14285714285714285,0.0,3.4815859363676225
Porto Nacional,2020-12-14,3031,0,55,0,11.0,0.14285714285714285,0.0,3.4815859363676225
Porto Nacional,2020-12-15,3035,4,55,0,10.5,0.14285714285714285,1.0,3.482158695411276
Porto Nacional,2020-12-16,3055,20,55,0,10.714285714285714,0.14285714285714285,1.0,3.485011214578573
Porto Nacional,2020-12-17,3073,18,55,0,11.428571428571429,0.14285714285714285,1.0,3.4875625602563782
Porto Nacional,2020-12-18,3085,12,55,0,11.214285714285714,0.14285714285714285,1.0,3.4892551683692603
Porto Nacional,2020-12-19,3094,9,56,1,10.857142857142858,0.14285714285714285,0.0,3.490520309363349
Porto Nacional,2020-12-20,3109,15,56,0,11.928571428571429,0.14285714285714285,0.0,3.492620722043192
Porto Nacional,2020-12-21,3129,20,56,0,13.357142857142858,0.14285714285714285,0.0,3.495405563146193
Porto Nacional,2020-12-22,3148,19,56,0,14.285714285714286,0.14285714285714285,0.0,3.498034723687027
Porto Nacional,2020-12-23,3158,10,56,0,13.357142857142858,0.14285714285714285,0.0,3.499412125672275
Porto Nacional,2020-12-24,3173,15,56,0,12.5,0.14285714285714285,1.0,3.501470072100412
Porto Nacional,2020-12-25,3175,2,56,0,11.5,0.07142857142857142,-0.5,3.5017437296279943
Porto Nacional,2020-12-26,3175,0,56,0,10.285714285714286,0.07142857142857142,-0.5,3.5017437296279943
Porto Nacional,2020-12-27,3175,0,56,0,10.285714285714286,0.07142857142857142,-0.5,3.5017437296279943
Porto Nacional,2020-12-28,3176,1,56,0,10.357142857142858,0.07142857142857142,-0.5,3.5018804937550585
Porto Nacional,2020-12-29,3187,11,56,0,10.857142857142858,0.07142857142857142,-0.5,3.5033820634737327
Porto Nacional,2020-12-30,3203,16,56,0,10.571428571428571,0.07142857142857142,-0.5,3.5055569386638217
Porto Nacional,2020-12-31,3207,4,56,0,9.571428571428571,0.07142857142857142,-0.5,3.5060989599284405
Porto Nacional,2021-01-01,3207,0,56,0,8.714285714285714,0.07142857142857142,-0.5,3.5060989599284405
Porto Nacional,2021-01-02,3207,0,56,0,8.071428571428571,0.0,-1.0,3.5060989599284405
Porto Nacional,2021-01-03,3207,0,56,0,7.0,0.0,-1.0,3.5060989599284405
Porto Nacional,2021-01-04,3216,9,56,0,6.214285714285714,0.0,-1.0,3.5073160400764136
Porto Nacional,2021-01-05,3244,28,56,0,6.857142857142857,0.0,-1.0,3.5110808455391185
Porto Nacional,2021-01-06,3246,2,56,0,6.285714285714286,0.0,-1.0,3.511348515490213
Porto Nacional,2021-01-07,3268,22,57,1,6.785714285714286,0.07142857142857142,-0.5,3.514282047860378
Porto Nacional,2021-01-08,3292,24,57,0,8.357142857142858,0.07142857142857142,0.0,3.5174598265402324
Porto Nacional,2021-01-09,3305,13,57,0,9.285714285714286,0.07142857142857142,0.0,3.519171463821659
Porto Nacional,2021-01-10,3325,20,57,0,10.714285714285714,0.07142857142857142,0.0,3.5217916496391233
Porto Nacional,2021-01-11,3341,16,57,0,11.785714285714286,0.07142857142857142,0.0,3.523876475638131
Porto Nacional,2021-01-12,3345,4,57,0,11.285714285714286,0.07142857142857142,0.0,3.524396122103842
Porto Nacional,2021-01-13,3367,22,58,1,11.714285714285714,0.14285714285714285,1.0,3.5272431163880884
Porto Nacional,2021-01-14,3396,29,58,0,13.5,0.14285714285714285,1.0,3.530967681571915
Porto Nacional,2021-01-15,3444,48,59,1,16.928571428571427,0.21428571428571427,2.0,3.537063142781617
Porto Nacional,2021-01-16,3473,29,60,1,19.0,0.2857142857142857,inf,3.5407047833107623
Porto Nacional,2021-01-17,3516,43,61,1,22.071428571428573,0.35714285714285715,inf,3.5460488664017342
Porto Nacional,2021-01-18,3541,25,61,0,23.214285714285715,0.35714285714285715,inf,3.5491259267581112
Porto Nacional,2021-01-19,3572,31,62,1,23.428571428571427,0.42857142857142855,inf,3.552911450216509
Porto Nacional,2021-01-20,3586,14,62,0,24.285714285714285,0.42857142857142855,inf,3.554610285226164
Praia Norte,2020-03-27,0,0,0,0,,,,0.0
Praia Norte,2020-03-28,0,0,0,0,,,,0.0
Praia Norte,2020-03-29,0,0,0,0,,,,0.0
Praia Norte,2020-03-30,0,0,0,0,,,,0.0
Praia Norte,2020-03-31,0,0,0,0,,,,0.0
Praia Norte,2020-04-01,0,0,0,0,,,,0.0
Praia Norte,2020-04-02,0,0,0,0,,,,0.0
Praia Norte,2020-04-03,0,0,0,0,,,,0.0
Praia Norte,2020-04-04,0,0,0,0,,,,0.0
Praia Norte,2020-04-05,0,0,0,0,,,,0.0
Praia Norte,2020-04-06,0,0,0,0,,,,0.0
Praia Norte,2020-04-07,0,0,0,0,,,,0.0
Praia Norte,2020-04-08,0,0,0,0,,,,0.0
Praia Norte,2020-04-09,0,0,0,0,0.0,0.0,,0.0
Praia Norte,2020-04-10,0,0,0,0,0.0,0.0,,0.0
Praia Norte,2020-04-11,0,0,0,0,0.0,0.0,,0.0
Praia Norte,2020-04-12,0,0,0,0,0.0,0.0,,0.0
Praia Norte,2020-04-13,0,0,0,0,0.0,0.0,,0.0
Praia Norte,2020-04-14,0,0,0,0,0.0,0.0,,0.0
Praia Norte,2020-04-15,0,0,0,0,0.0,0.0,,0.0
Praia Norte,2020-04-16,0,0,0,0,0.0,0.0,,0.0
Praia Norte,2020-04-17,0,0,0,0,0.0,0.0,,0.0
Praia Norte,2020-04-18,0,0,0,0,0.0,0.0,,0.0
Praia Norte,2020-04-19,0,0,0,0,0.0,0.0,,0.0
Praia Norte,2020-04-20,0,0,0,0,0.0,0.0,,0.0
Praia Norte,2020-04-21,0,0,0,0,0.0,0.0,,0.0
Praia Norte,2020-04-22,0,0,0,0,0.0,0.0,,0.0
Praia Norte,2020-04-23,0,0,0,0,0.0,0.0,,0.0
Praia Norte,2020-04-24,0,0,0,0,0.0,0.0,,0.0
Praia Norte,2020-04-25,0,0,0,0,0.0,0.0,,0.0
Praia Norte,2020-04-26,0,0,0,0,0.0,0.0,,0.0
Praia Norte,2020-04-27,0,0,0,0,0.0,0.0,,0.0
Praia Norte,2020-04-28,0,0,0,0,0.0,0.0,,0.0
Praia Norte,2020-04-29,0,0,0,0,0.0,0.0,,0.0
Praia Norte,2020-04-30,0,0,0,0,0.0,0.0,,0.0
Praia Norte,2020-05-01,0,0,0,0,0.0,0.0,,0.0
Praia Norte,2020-05-02,0,0,0,0,0.0,0.0,,0.0
Praia Norte,2020-05-03,0,0,0,0,0.0,0.0,,0.0
Praia Norte,2020-05-04,0,0,0,0,0.0,0.0,,0.0
Praia Norte,2020-05-05,0,0,0,0,0.0,0.0,,0.0
Praia Norte,2020-05-06,0,0,0,0,0.0,0.0,,0.0
Praia Norte,2020-05-07,0,0,0,0,0.0,0.0,,0.0
Praia Norte,2020-05-08,0,0,0,0,0.0,0.0,,0.0
Praia Norte,2020-05-09,0,0,0,0,0.0,0.0,,0.0
Praia Norte,2020-05-10,0,0,0,0,0.0,0.0,,0.0
Praia Norte,2020-05-11,0,0,0,0,0.0,0.0,,0.0
Praia Norte,2020-05-12,4,4,0,0,0.2857142857142857,0.0,,0.6020599913279624
Praia Norte,2020-05-13,4,0,0,0,0.2857142857142857,0.0,,0.6020599913279624
Praia Norte,2020-05-14,4,0,0,0,0.2857142857142857,0.0,,0.6020599913279624
Praia Norte,2020-05-15,11,7,0,0,0.7857142857142857,0.0,,1.041392685158225
Praia Norte,2020-05-16,11,0,0,0,0.7857142857142857,0.0,,1.041392685158225
Praia Norte,2020-05-17,11,0,0,0,0.7857142857142857,0.0,,1.041392685158225
Praia Norte,2020-05-18,11,0,0,0,0.7857142857142857,0.0,,1.041392685158225
Praia Norte,2020-05-19,14,3,0,0,1.0,0.0,,1.146128035678238
Praia Norte,2020-05-20,14,0,0,0,1.0,0.0,,1.146128035678238
Praia Norte,2020-05-21,14,0,0,0,1.0,0.0,,1.146128035678238
Praia Norte,2020-05-22,14,0,0,0,1.0,0.0,,1.146128035678238
Praia Norte,2020-05-23,19,5,0,0,1.3571428571428572,0.0,,1.2787536009528289
Praia Norte,2020-05-24,19,0,0,0,1.3571428571428572,0.0,,1.2787536009528289
Praia Norte,2020-05-25,19,0,0,0,1.3571428571428572,0.0,,1.2787536009528289
Praia Norte,2020-05-26,23,4,0,0,1.3571428571428572,0.0,,1.3617278360175928
Praia Norte,2020-05-27,23,0,0,0,1.3571428571428572,0.0,,1.3617278360175928
Praia Norte,2020-05-28,24,1,0,0,1.4285714285714286,0.0,,1.380211241711606
Praia Norte,2020-05-29,30,6,0,0,1.3571428571428572,0.0,,1.4771212547196624
Praia Norte,2020-05-30,30,0,0,0,1.3571428571428572,0.0,,1.4771212547196624
Praia Norte,2020-05-31,30,0,0,0,1.3571428571428572,0.0,,1.4771212547196624
Praia Norte,2020-06-01,30,0,0,0,1.3571428571428572,0.0,,1.4771212547196624
Praia Norte,2020-06-02,30,0,0,0,1.1428571428571428,0.0,,1.4771212547196624
Praia Norte,2020-06-03,32,2,0,0,1.2857142857142858,0.0,,1.505149978319906
Praia Norte,2020-06-04,36,4,0,0,1.5714285714285714,0.0,,1.5563025007672873
Praia Norte,2020-06-05,38,2,0,0,1.7142857142857142,0.0,,1.5797835966168101
Praia Norte,2020-06-06,42,4,0,0,1.6428571428571428,0.0,,1.6232492903979006
Praia Norte,2020-06-07,42,0,0,0,1.6428571428571428,0.0,,1.6232492903979006
Praia Norte,2020-06-08,42,0,0,0,1.6428571428571428,0.0,,1.6232492903979006
Praia Norte,2020-06-09,48,6,0,0,1.7857142857142858,0.0,,1.6812412373755872
Praia Norte,2020-06-10,51,3,0,0,2.0,0.0,,1.7075701760979363
Praia Norte,2020-06-11,61,10,0,0,2.642857142857143,0.0,,1.7853298350107671
Praia Norte,2020-06-12,61,0,0,0,2.2142857142857144,0.0,,1.7853298350107671
Praia Norte,2020-06-13,65,4,0,0,2.5,0.0,,1.8129133566428555
Praia Norte,2020-06-14,65,0,0,0,2.5,0.0,,1.8129133566428555
Praia Norte,2020-06-15,65,0,0,0,2.5,0.0,,1.8129133566428555
Praia Norte,2020-06-16,65,0,0,0,2.5,0.0,,1.8129133566428555
Praia Norte,2020-06-17,73,8,0,0,2.9285714285714284,0.0,,1.863322860120456
Praia Norte,2020-06-18,73,0,0,0,2.642857142857143,0.0,,1.863322860120456
Praia Norte,2020-06-19,75,2,0,0,2.642857142857143,0.0,,1.8750612633917
Praia Norte,2020-06-20,76,1,0,0,2.4285714285714284,0.0,,1.8808135922807914
Praia Norte,2020-06-21,77,1,0,0,2.5,0.0,,1.8864907251724818
Praia Norte,2020-06-22,77,0,0,0,2.5,0.0,,1.8864907251724818
Praia Norte,2020-06-23,83,6,0,0,2.5,0.0,,1.919078092376074
Praia Norte,2020-06-24,83,0,0,0,2.2857142857142856,0.0,,1.919078092376074
Praia Norte,2020-06-25,90,7,0,0,2.0714285714285716,0.0,,1.9542425094393248
Praia Norte,2020-06-26,93,3,0,0,2.2857142857142856,0.0,,1.968482948553935
Praia Norte,2020-06-27,93,0,0,0,2.0,0.0,,1.968482948553935
Praia Norte,2020-06-28,93,0,0,0,2.0,0.0,,1.968482948553935
Praia Norte,2020-06-29,93,0,0,0,2.0,0.0,,1.968482948553935
Praia Norte,2020-06-30,93,0,0,0,2.0,0.0,,1.968482948553935
Praia Norte,2020-07-01,93,0,0,0,1.4285714285714286,0.0,,1.968482948553935
Praia Norte,2020-07-02,93,0,0,0,1.4285714285714286,0.0,,1.968482948553935
Praia Norte,2020-07-03,94,1,0,0,1.3571428571428572,0.0,,1.9731278535996986
Praia Norte,2020-07-04,94,0,0,0,1.2857142857142858,0.0,,1.9731278535996986
Praia Norte,2020-07-05,94,0,0,0,1.2142857142857142,0.0,,1.9731278535996986
Praia Norte,2020-07-06,94,0,0,0,1.2142857142857142,0.0,,1.9731278535996986
Praia Norte,2020-07-07,95,1,0,0,0.8571428571428571,0.0,,1.9777236052888478
Praia Norte,2020-07-08,102,7,2,2,1.3571428571428572,0.14285714285714285,inf,2.0086001717619175
Praia Norte,2020-07-09,113,11,2,0,1.6428571428571428,0.14285714285714285,inf,2.05307844348342
Praia Norte,2020-07-10,115,2,2,0,1.5714285714285714,0.14285714285714285,inf,2.060697840353612
Praia Norte,2020-07-11,117,2,2,0,1.7142857142857142,0.14285714285714285,inf,2.0681858617461617
Praia Norte,2020-07-12,117,0,2,0,1.7142857142857142,0.14285714285714285,inf,2.0681858617461617
Praia Norte,2020-07-13,117,0,2,0,1.7142857142857142,0.14285714285714285,inf,2.0681858617461617
Praia Norte,2020-07-14,116,-1,2,0,1.6428571428571428,0.14285714285714285,inf,2.0644579892269186
Praia Norte,2020-07-15,116,0,2,0,1.6428571428571428,0.14285714285714285,inf,2.0644579892269186
Praia Norte,2020-07-16,116,0,2,0,1.6428571428571428,0.14285714285714285,inf,2.0644579892269186
Praia Norte,2020-07-17,116,0,2,0,1.5714285714285714,0.14285714285714285,inf,2.0644579892269186
Praia Norte,2020-07-18,116,0,2,0,1.5714285714285714,0.14285714285714285,inf,2.0644579892269186
Praia Norte,2020-07-19,116,0,2,0,1.5714285714285714,0.14285714285714285,inf,2.0644579892269186
Praia Norte,2020-07-20,116,0,2,0,1.5714285714285714,0.14285714285714285,inf,2.0644579892269186
Praia Norte,2020-07-21,120,4,2,0,1.7857142857142858,0.14285714285714285,inf,2.0791812460476247
Praia Norte,2020-07-22,121,1,2,0,1.3571428571428572,0.0,-1.0,2.08278537031645
Praia Norte,2020-07-23,121,0,2,0,0.5714285714285714,0.0,-1.0,2.08278537031645
Praia Norte,2020-07-24,123,2,2,0,0.5714285714285714,0.0,-1.0,2.089905111439398
Praia Norte,2020-07-25,123,0,2,0,0.42857142857142855,0.0,-1.0,2.089905111439398
Praia Norte,2020-07-26,123,0,2,0,0.42857142857142855,0.0,-1.0,2.089905111439398
Praia Norte,2020-07-27,123,0,2,0,0.42857142857142855,0.0,-1.0,2.089905111439398
Praia Norte,2020-07-28,123,0,2,0,0.5,0.0,-1.0,2.089905111439398
Praia Norte,2020-07-29,123,0,2,0,0.5,0.0,-1.0,2.089905111439398
Praia Norte,2020-07-30,123,0,2,0,0.5,0.0,-1.0,2.089905111439398
Praia Norte,2020-07-31,123,0,2,0,0.5,0.0,-1.0,2.089905111439398
Praia Norte,2020-08-01,123,0,2,0,0.5,0.0,-1.0,2.089905111439398
Praia Norte,2020-08-02,123,0,2,0,0.5,0.0,-1.0,2.089905111439398
Praia Norte,2020-08-03,123,0,2,0,0.5,0.0,-1.0,2.089905111439398
Praia Norte,2020-08-04,123,0,2,0,0.21428571428571427,0.0,-1.0,2.089905111439398
Praia Norte,2020-08-05,124,1,2,0,0.21428571428571427,0.0,,2.093421685162235
Praia Norte,2020-08-06,124,0,2,0,0.21428571428571427,0.0,,2.093421685162235
Praia Norte,2020-08-07,124,0,2,0,0.07142857142857142,0.0,,2.093421685162235
Praia Norte,2020-08-08,124,0,2,0,0.07142857142857142,0.0,,2.093421685162235
Praia Norte,2020-08-09,124,0,2,0,0.07142857142857142,0.0,,2.093421685162235
Praia Norte,2020-08-10,124,0,2,0,0.07142857142857142,0.0,,2.093421685162235
Praia Norte,2020-08-11,135,11,2,0,0.8571428571428571,0.0,,2.130333768495006
Praia Norte,2020-08-12,134,-1,2,0,0.7857142857142857,0.0,,2.1271047983648077
Praia Norte,2020-08-13,134,0,2,0,0.7857142857142857,0.0,,2.1271047983648077
Praia Norte,2020-08-14,136,2,2,0,0.9285714285714286,0.0,,2.1335389083702174
Praia Norte,2020-08-15,136,0,2,0,0.9285714285714286,0.0,,2.1335389083702174
Praia Norte,2020-08-16,136,0,2,0,0.9285714285714286,0.0,,2.1335389083702174
Praia Norte,2020-08-17,136,0,2,0,0.9285714285714286,0.0,,2.1335389083702174
Praia Norte,2020-08-18,138,2,2,0,1.0714285714285714,0.0,,2.1398790864012365
Praia Norte,2020-08-19,138,0,2,0,1.0,0.0,,2.1398790864012365
Praia Norte,2020-08-20,138,0,2,0,1.0,0.0,,2.1398790864012365
Praia Norte,2020-08-21,138,0,2,0,1.0,0.0,,2.1398790864012365
Praia Norte,2020-08-22,138,0,2,0,1.0,0.0,,2.1398790864012365
Praia Norte,2020-08-23,138,0,2,0,1.0,0.0,,2.1398790864012365
Praia Norte,2020-08-24,138,0,2,0,1.0,0.0,,2.1398790864012365
Praia Norte,2020-08-25,138,0,2,0,0.21428571428571427,0.0,,2.1398790864012365
Praia Norte,2020-08-26,138,0,2,0,0.2857142857142857,0.0,,2.1398790864012365
Praia Norte,2020-08-27,138,0,2,0,0.2857142857142857,0.0,,2.1398790864012365
Praia Norte,2020-08-28,139,1,2,0,0.21428571428571427,0.0,,2.143014800254095
Praia Norte,2020-08-29,140,1,2,0,0.2857142857142857,0.0,,2.146128035678238
Praia Norte,2020-08-30,140,0,2,0,0.2857142857142857,0.0,,2.146128035678238
Praia Norte,2020-08-31,140,0,2,0,0.2857142857142857,0.0,,2.146128035678238
Praia Norte,2020-09-01,141,1,2,0,0.21428571428571427,0.0,,2.1492191126553797
Praia Norte,2020-09-02,141,0,2,0,0.21428571428571427,0.0,,2.1492191126553797
Praia Norte,2020-09-03,141,0,2,0,0.21428571428571427,0.0,,2.1492191126553797
Praia Norte,2020-09-04,142,1,2,0,0.2857142857142857,0.0,,2.1522883443830563
Praia Norte,2020-09-05,151,9,2,0,0.9285714285714286,0.0,,2.1789769472931693
Praia Norte,2020-09-06,151,0,2,0,0.9285714285714286,0.0,,2.1789769472931693
Praia Norte,2020-09-07,151,0,2,0,0.9285714285714286,0.0,,2.1789769472931693
Praia Norte,2020-09-08,151,0,2,0,0.9285714285714286,0.0,,2.1789769472931693
Praia Norte,2020-09-09,151,0,2,0,0.9285714285714286,0.0,,2.1789769472931693
Praia Norte,2020-09-10,151,0,2,0,0.9285714285714286,0.0,,2.1789769472931693
Praia Norte,2020-09-11,151,0,2,0,0.8571428571428571,0.0,,2.1789769472931693
Praia Norte,2020-09-12,151,0,2,0,0.7857142857142857,0.0,,2.1789769472931693
Praia Norte,2020-09-13,151,0,2,0,0.7857142857142857,0.0,,2.1789769472931693
Praia Norte,2020-09-14,151,0,2,0,0.7857142857142857,0.0,,2.1789769472931693
Praia Norte,2020-09-15,151,0,2,0,0.7142857142857143,0.0,,2.1789769472931693
Praia Norte,2020-09-16,151,0,2,0,0.7142857142857143,0.0,,2.1789769472931693
Praia Norte,2020-09-17,153,2,2,0,0.8571428571428571,0.0,,2.184691430817599
Praia Norte,2020-09-18,154,1,2,0,0.8571428571428571,0.0,,2.187520720836463
Praia Norte,2020-09-19,154,0,2,0,0.21428571428571427,0.0,,2.187520720836463
Praia Norte,2020-09-20,154,0,2,0,0.21428571428571427,0.0,,2.187520720836463
Praia Norte,2020-09-21,154,0,2,0,0.21428571428571427,0.0,,2.187520720836463
Praia Norte,2020-09-22,154,0,2,0,0.21428571428571427,0.0,,2.187520720836463
Praia Norte,2020-09-23,154,0,2,0,0.21428571428571427,0.0,,2.187520720836463
Praia Norte,2020-09-24,154,0,2,0,0.21428571428571427,0.0,,2.187520720836463
Praia Norte,2020-09-25,154,0,2,0,0.21428571428571427,0.0,,2.187520720836463
Praia Norte,2020-09-26,154,0,2,0,0.21428571428571427,0.0,,2.187520720836463
Praia Norte,2020-09-27,154,0,2,0,0.21428571428571427,0.0,,2.187520720836463
Praia Norte,2020-09-28,154,0,2,0,0.21428571428571427,0.0,,2.187520720836463
Praia Norte,2020-09-29,154,0,2,0,0.21428571428571427,0.0,,2.187520720836463
Praia Norte,2020-09-30,154,0,2,0,0.21428571428571427,0.0,,2.187520720836463
Praia Norte,2020-10-01,154,0,2,0,0.07142857142857142,0.0,,2.187520720836463
Praia Norte,2020-10-02,159,5,2,0,0.35714285714285715,0.0,,2.2013971243204513
Praia Norte,2020-10-03,168,9,2,0,1.0,0.0,,2.225309281725863
Praia Norte,2020-10-04,168,0,2,0,1.0,0.0,,2.225309281725863
Praia Norte,2020-10-05,168,0,2,0,1.0,0.0,,2.225309281725863
Praia Norte,2020-10-06,168,0,2,0,1.0,0.0,,2.225309281725863
Praia Norte,2020-10-07,169,1,2,0,1.0714285714285714,0.0,,2.2278867046136734
Praia Norte,2020-10-08,172,3,2,0,1.2857142857142858,0.0,,2.2355284469075487
Praia Norte,2020-10-09,172,0,2,0,1.2857142857142858,0.0,,2.2355284469075487
Praia Norte,2020-10-10,173,1,2,0,1.3571428571428572,0.0,,2.2380461031287955
Praia Norte,2020-10-11,173,0,2,0,1.3571428571428572,0.0,,2.2380461031287955
Praia Norte,2020-10-12,173,0,2,0,1.3571428571428572,0.0,,2.2380461031287955
Praia Norte,2020-10-13,173,0,2,0,1.3571428571428572,0.0,,2.2380461031287955
Praia Norte,2020-10-14,173,0,2,0,1.3571428571428572,0.0,,2.2380461031287955
Praia Norte,2020-10-15,173,0,2,0,1.3571428571428572,0.0,,2.2380461031287955
Praia Norte,2020-10-16,173,0,2,0,1.0,0.0,,2.2380461031287955
Praia Norte,2020-10-17,173,0,2,0,0.35714285714285715,0.0,,2.2380461031287955
Praia Norte,2020-10-18,173,0,2,0,0.35714285714285715,0.0,,2.2380461031287955
Praia Norte,2020-10-19,173,0,2,0,0.35714285714285715,0.0,,2.2380461031287955
Praia Norte,2020-10-20,173,0,2,0,0.35714285714285715,0.0,,2.2380461031287955
Praia Norte,2020-10-21,173,0,2,0,0.2857142857142857,0.0,,2.2380461031287955
Praia Norte,2020-10-22,173,0,2,0,0.07142857142857142,0.0,,2.2380461031287955
Praia Norte,2020-10-23,173,0,2,0,0.07142857142857142,0.0,,2.2380461031287955
Praia Norte,2020-10-24,173,0,2,0,0.0,0.0,,2.2380461031287955
Praia Norte,2020-10-25,173,0,2,0,0.0,0.0,,2.2380461031287955
Praia Norte,2020-10-26,173,0,2,0,0.0,0.0,,2.2380461031287955
Praia Norte,2020-10-27,173,0,2,0,0.0,0.0,,2.2380461031287955
Praia Norte,2020-10-28,176,3,2,0,0.21428571428571427,0.0,,2.24551266781415
Praia Norte,2020-10-29,177,1,2,0,0.2857142857142857,0.0,,2.2479732663618064
Praia Norte,2020-10-30,178,1,2,0,0.35714285714285715,0.0,,2.250420002308894
Praia Norte,2020-10-31,178,0,2,0,0.35714285714285715,0.0,,2.250420002308894
Praia Norte,2020-11-01,178,0,2,0,0.35714285714285715,0.0,,2.250420002308894
Praia Norte,2020-11-02,178,0,2,0,0.35714285714285715,0.0,,2.250420002308894
Praia Norte,2020-11-03,178,0,2,0,0.35714285714285715,0.0,,2.250420002308894
Praia Norte,2020-11-04,178,0,2,0,0.35714285714285715,0.0,,2.250420002308894
Praia Norte,2020-11-05,180,2,2,0,0.5,0.0,,2.255272505103306
Praia Norte,2020-11-06,180,0,2,0,0.5,0.0,,2.255272505103306
Praia Norte,2020-11-07,180,0,2,0,0.5,0.0,,2.255272505103306
Praia Norte,2020-11-08,180,0,2,0,0.5,0.0,,2.255272505103306
Praia Norte,2020-11-09,180,0,2,0,0.5,0.0,,2.255272505103306
Praia Norte,2020-11-10,181,1,2,0,0.5714285714285714,0.0,,2.2576785748691846
Praia Norte,2020-11-11,181,0,2,0,0.35714285714285715,0.0,,2.2576785748691846
Praia Norte,2020-11-12,181,0,2,0,0.2857142857142857,0.0,,2.2576785748691846
Praia Norte,2020-11-13,181,0,2,0,0.21428571428571427,0.0,,2.2576785748691846
Praia Norte,2020-11-14,181,0,2,0,0.21428571428571427,0.0,,2.2576785748691846
Praia Norte,2020-11-15,181,0,2,0,0.21428571428571427,0.0,,2.2576785748691846
Praia Norte,2020-11-16,181,0,2,0,0.21428571428571427,0.0,,2.2576785748691846
Praia Norte,2020-11-17,181,0,2,0,0.21428571428571427,0.0,,2.2576785748691846
Praia Norte,2020-11-18,181,0,2,0,0.21428571428571427,0.0,,2.2576785748691846
Praia Norte,2020-11-19,181,0,2,0,0.07142857142857142,0.0,,2.2576785748691846
Praia Norte,2020-11-20,181,0,2,0,0.07142857142857142,0.0,,2.2576785748691846
Praia Norte,2020-11-21,181,0,2,0,0.07142857142857142,0.0,,2.2576785748691846
Praia Norte,2020-11-22,181,0,2,0,0.07142857142857142,0.0,,2.2576785748691846
Praia Norte,2020-11-23,181,0,2,0,0.07142857142857142,0.0,,2.2576785748691846
Praia Norte,2020-11-24,181,0,2,0,0.0,0.0,,2.2576785748691846
Praia Norte,2020-11-25,181,0,2,0,0.0,0.0,,2.2576785748691846
Praia Norte,2020-11-26,181,0,2,0,0.0,0.0,,2.2576785748691846
Praia Norte,2020-11-27,181,0,2,0,0.0,0.0,,2.2576785748691846
Praia Norte,2020-11-28,181,0,2,0,0.0,0.0,,2.2576785748691846
Praia Norte,2020-11-29,181,0,2,0,0.0,0.0,,2.2576785748691846
Praia Norte,2020-11-30,181,0,2,0,0.0,0.0,,2.2576785748691846
Praia Norte,2020-12-01,181,0,2,0,0.0,0.0,,2.2576785748691846
Praia Norte,2020-12-02,181,0,2,0,0.0,0.0,,2.2576785748691846
Praia Norte,2020-12-03,181,0,2,0,0.0,0.0,,2.2576785748691846
Praia Norte,2020-12-04,181,0,2,0,0.0,0.0,,2.2576785748691846
Praia Norte,2020-12-05,181,0,2,0,0.0,0.0,,2.2576785748691846
Praia Norte,2020-12-06,181,0,2,0,0.0,0.0,,2.2576785748691846
Praia Norte,2020-12-07,181,0,2,0,0.0,0.0,,2.2576785748691846
Praia Norte,2020-12-08,181,0,2,0,0.0,0.0,,2.2576785748691846
Praia Norte,2020-12-09,181,0,2,0,0.0,0.0,,2.2576785748691846
Praia Norte,2020-12-10,181,0,2,0,0.0,0.0,,2.2576785748691846
Praia Norte,2020-12-11,181,0,2,0,0.0,0.0,,2.2576785748691846
Praia Norte,2020-12-12,181,0,2,0,0.0,0.0,,2.2576785748691846
Praia Norte,2020-12-13,181,0,2,0,0.0,0.0,,2.2576785748691846
Praia Norte,2020-12-14,181,0,2,0,0.0,0.0,,2.2576785748691846
Praia Norte,2020-12-15,181,0,2,0,0.0,0.0,,2.2576785748691846
Praia Norte,2020-12-16,181,0,2,0,0.0,0.0,,2.2576785748691846
Praia Norte,2020-12-17,181,0,2,0,0.0,0.0,,2.2576785748691846
Praia Norte,2020-12-18,181,0,2,0,0.0,0.0,,2.2576785748691846
Praia Norte,2020-12-19,181,0,2,0,0.0,0.0,,2.2576785748691846
Praia Norte,2020-12-20,181,0,2,0,0.0,0.0,,2.2576785748691846
Praia Norte,2020-12-21,181,0,2,0,0.0,0.0,,2.2576785748691846
Praia Norte,2020-12-22,181,0,2,0,0.0,0.0,,2.2576785748691846
Praia Norte,2020-12-23,181,0,2,0,0.0,0.0,,2.2576785748691846
Praia Norte,2020-12-24,181,0,2,0,0.0,0.0,,2.2576785748691846
Praia Norte,2020-12-25,181,0,2,0,0.0,0.0,,2.2576785748691846
Praia Norte,2020-12-26,181,0,2,0,0.0,0.0,,2.2576785748691846
Praia Norte,2020-12-27,181,0,2,0,0.0,0.0,,2.2576785748691846
Praia Norte,2020-12-28,181,0,2,0,0.0,0.0,,2.2576785748691846
Praia Norte,2020-12-29,181,0,2,0,0.0,0.0,,2.2576785748691846
Praia Norte,2020-12-30,181,0,2,0,0.0,0.0,,2.2576785748691846
Praia Norte,2020-12-31,181,0,2,0,0.0,0.0,,2.2576785748691846
Praia Norte,2021-01-01,181,0,2,0,0.0,0.0,,2.2576785748691846
Praia Norte,2021-01-02,181,0,2,0,0.0,0.0,,2.2576785748691846
Praia Norte,2021-01-03,181,0,2,0,0.0,0.0,,2.2576785748691846
Praia Norte,2021-01-04,181,0,2,0,0.0,0.0,,2.2576785748691846
Praia Norte,2021-01-05,181,0,2,0,0.0,0.0,,2.2576785748691846
Praia Norte,2021-01-06,181,0,2,0,0.0,0.0,,2.2576785748691846
Praia Norte,2021-01-07,183,2,2,0,0.14285714285714285,0.0,,2.2624510897304293
Praia Norte,2021-01-08,183,0,2,0,0.14285714285714285,0.0,,2.2624510897304293
Praia Norte,2021-01-09,183,0,2,0,0.14285714285714285,0.0,,2.2624510897304293
Praia Norte,2021-01-10,183,0,2,0,0.14285714285714285,0.0,,2.2624510897304293
Praia Norte,2021-01-11,183,0,2,0,0.14285714285714285,0.0,,2.2624510897304293
Praia Norte,2021-01-12,183,0,2,0,0.14285714285714285,0.0,,2.2624510897304293
Praia Norte,2021-01-13,183,0,2,0,0.14285714285714285,0.0,,2.2624510897304293
Praia Norte,2021-01-14,183,0,2,0,0.14285714285714285,0.0,,2.2624510897304293
Praia Norte,2021-01-15,183,0,2,0,0.14285714285714285,0.0,,2.2624510897304293
Praia Norte,2021-01-16,183,0,2,0,0.14285714285714285,0.0,,2.2624510897304293
Praia Norte,2021-01-17,183,0,2,0,0.14285714285714285,0.0,,2.2624510897304293
Praia Norte,2021-01-18,183,0,2,0,0.14285714285714285,0.0,,2.2624510897304293
Praia Norte,2021-01-19,184,1,2,0,0.21428571428571427,0.0,,2.2648178230095364
Praia Norte,2021-01-20,184,0,2,0,0.21428571428571427,0.0,,2.2648178230095364
Presidente Kennedy,2020-03-27,0,0,0,0,,,,0.0
Presidente Kennedy,2020-03-28,0,0,0,0,,,,0.0
Presidente Kennedy,2020-03-29,0,0,0,0,,,,0.0
Presidente Kennedy,2020-03-30,0,0,0,0,,,,0.0
Presidente Kennedy,2020-03-31,0,0,0,0,,,,0.0
Presidente Kennedy,2020-04-01,0,0,0,0,,,,0.0
Presidente Kennedy,2020-04-02,0,0,0,0,,,,0.0
Presidente Kennedy,2020-04-03,0,0,0,0,,,,0.0
Presidente Kennedy,2020-04-04,0,0,0,0,,,,0.0
Presidente Kennedy,2020-04-05,0,0,0,0,,,,0.0
Presidente Kennedy,2020-04-06,0,0,0,0,,,,0.0
Presidente Kennedy,2020-04-07,0,0,0,0,,,,0.0
Presidente Kennedy,2020-04-08,0,0,0,0,,,,0.0
Presidente Kennedy,2020-04-09,0,0,0,0,0.0,0.0,,0.0
Presidente Kennedy,2020-04-10,0,0,0,0,0.0,0.0,,0.0
Presidente Kennedy,2020-04-11,0,0,0,0,0.0,0.0,,0.0
Presidente Kennedy,2020-04-12,0,0,0,0,0.0,0.0,,0.0
Presidente Kennedy,2020-04-13,0,0,0,0,0.0,0.0,,0.0
Presidente Kennedy,2020-04-14,0,0,0,0,0.0,0.0,,0.0
Presidente Kennedy,2020-04-15,0,0,0,0,0.0,0.0,,0.0
Presidente Kennedy,2020-04-16,0,0,0,0,0.0,0.0,,0.0
Presidente Kennedy,2020-04-17,0,0,0,0,0.0,0.0,,0.0
Presidente Kennedy,2020-04-18,0,0,0,0,0.0,0.0,,0.0
Presidente Kennedy,2020-04-19,0,0,0,0,0.0,0.0,,0.0
Presidente Kennedy,2020-04-20,0,0,0,0,0.0,0.0,,0.0
Presidente Kennedy,2020-04-21,0,0,0,0,0.0,0.0,,0.0
Presidente Kennedy,2020-04-22,0,0,0,0,0.0,0.0,,0.0
Presidente Kennedy,2020-04-23,0,0,0,0,0.0,0.0,,0.0
Presidente Kennedy,2020-04-24,0,0,0,0,0.0,0.0,,0.0
Presidente Kennedy,2020-04-25,0,0,0,0,0.0,0.0,,0.0
Presidente Kennedy,2020-04-26,0,0,0,0,0.0,0.0,,0.0
Presidente Kennedy,2020-04-27,0,0,0,0,0.0,0.0,,0.0
Presidente Kennedy,2020-04-28,0,0,0,0,0.0,0.0,,0.0
Presidente Kennedy,2020-04-29,0,0,0,0,0.0,0.0,,0.0
Presidente Kennedy,2020-04-30,0,0,0,0,0.0,0.0,,0.0
Presidente Kennedy,2020-05-01,0,0,0,0,0.0,0.0,,0.0
Presidente Kennedy,2020-05-02,0,0,0,0,0.0,0.0,,0.0
Presidente Kennedy,2020-05-03,0,0,0,0,0.0,0.0,,0.0
Presidente Kennedy,2020-05-04,0,0,0,0,0.0,0.0,,0.0
Presidente Kennedy,2020-05-05,0,0,0,0,0.0,0.0,,0.0
Presidente Kennedy,2020-05-06,0,0,0,0,0.0,0.0,,0.0
Presidente Kennedy,2020-05-07,0,0,0,0,0.0,0.0,,0.0
Presidente Kennedy,2020-05-08,0,0,0,0,0.0,0.0,,0.0
Presidente Kennedy,2020-05-09,0,0,0,0,0.0,0.0,,0.0
Presidente Kennedy,2020-05-10,0,0,0,0,0.0,0.0,,0.0
Presidente Kennedy,2020-05-11,0,0,0,0,0.0,0.0,,0.0
Presidente Kennedy,2020-05-12,0,0,0,0,0.0,0.0,,0.0
Presidente Kennedy,2020-05-13,0,0,0,0,0.0,0.0,,0.0
Presidente Kennedy,2020-05-14,0,0,0,0,0.0,0.0,,0.0
Presidente Kennedy,2020-05-15,1,1,0,0,0.07142857142857142,0.0,,0.0
Presidente Kennedy,2020-05-16,1,0,0,0,0.07142857142857142,0.0,,0.0
Presidente Kennedy,2020-05-17,1,0,0,0,0.07142857142857142,0.0,,0.0
Presidente Kennedy,2020-05-18,2,1,0,0,0.14285714285714285,0.0,,0.3010299956639812
Presidente Kennedy,2020-05-19,3,1,0,0,0.21428571428571427,0.0,,0.47712125471966244
Presidente Kennedy,2020-05-20,3,0,0,0,0.21428571428571427,0.0,,0.47712125471966244
Presidente Kennedy,2020-05-21,3,0,0,0,0.21428571428571427,0.0,,0.47712125471966244
Presidente Kennedy,2020-05-22,3,0,0,0,0.21428571428571427,0.0,,0.47712125471966244
Presidente Kennedy,2020-05-23,3,0,0,0,0.21428571428571427,0.0,,0.47712125471966244
Presidente Kennedy,2020-05-24,3,0,0,0,0.21428571428571427,0.0,,0.47712125471966244
Presidente Kennedy,2020-05-25,3,0,0,0,0.21428571428571427,0.0,,0.47712125471966244
Presidente Kennedy,2020-05-26,3,0,0,0,0.21428571428571427,0.0,,0.47712125471966244
Presidente Kennedy,2020-05-27,3,0,0,0,0.21428571428571427,0.0,,0.47712125471966244
Presidente Kennedy,2020-05-28,3,0,0,0,0.21428571428571427,0.0,,0.47712125471966244
Presidente Kennedy,2020-05-29,3,0,0,0,0.14285714285714285,0.0,,0.47712125471966244
Presidente Kennedy,2020-05-30,3,0,0,0,0.14285714285714285,0.0,,0.47712125471966244
Presidente Kennedy,2020-05-31,3,0,0,0,0.14285714285714285,0.0,,0.47712125471966244
Presidente Kennedy,2020-06-01,3,0,0,0,0.07142857142857142,0.0,,0.47712125471966244
Presidente Kennedy,2020-06-02,3,0,0,0,0.0,0.0,,0.47712125471966244
Presidente Kennedy,2020-06-03,3,0,0,0,0.0,0.0,,0.47712125471966244
Presidente Kennedy,2020-06-04,3,0,0,0,0.0,0.0,,0.47712125471966244
Presidente Kennedy,2020-06-05,3,0,0,0,0.0,0.0,,0.47712125471966244
Presidente Kennedy,2020-06-06,3,0,0,0,0.0,0.0,,0.47712125471966244
Presidente Kennedy,2020-06-07,3,0,0,0,0.0,0.0,,0.47712125471966244
Presidente Kennedy,2020-06-08,3,0,0,0,0.0,0.0,,0.47712125471966244
Presidente Kennedy,2020-06-09,3,0,0,0,0.0,0.0,,0.47712125471966244
Presidente Kennedy,2020-06-10,3,0,0,0,0.0,0.0,,0.47712125471966244
Presidente Kennedy,2020-06-11,3,0,0,0,0.0,0.0,,0.47712125471966244
Presidente Kennedy,2020-06-12,3,0,0,0,0.0,0.0,,0.47712125471966244
Presidente Kennedy,2020-06-13,3,0,0,0,0.0,0.0,,0.47712125471966244
Presidente Kennedy,2020-06-14,3,0,0,0,0.0,0.0,,0.47712125471966244
Presidente Kennedy,2020-06-15,3,0,0,0,0.0,0.0,,0.47712125471966244
Presidente Kennedy,2020-06-16,3,0,0,0,0.0,0.0,,0.47712125471966244
Presidente Kennedy,2020-06-17,3,0,0,0,0.0,0.0,,0.47712125471966244
Presidente Kennedy,2020-06-18,3,0,0,0,0.0,0.0,,0.47712125471966244
Presidente Kennedy,2020-06-19,3,0,0,0,0.0,0.0,,0.47712125471966244
Presidente Kennedy,2020-06-20,3,0,0,0,0.0,0.0,,0.47712125471966244
Presidente Kennedy,2020-06-21,3,0,0,0,0.0,0.0,,0.47712125471966244
Presidente Kennedy,2020-06-22,3,0,0,0,0.0,0.0,,0.47712125471966244
Presidente Kennedy,2020-06-23,3,0,0,0,0.0,0.0,,0.47712125471966244
Presidente Kennedy,2020-06-24,3,0,0,0,0.0,0.0,,0.47712125471966244
Presidente Kennedy,2020-06-25,3,0,0,0,0.0,0.0,,0.47712125471966244
Presidente Kennedy,2020-06-26,3,0,0,0,0.0,0.0,,0.47712125471966244
Presidente Kennedy,2020-06-27,8,5,0,0,0.35714285714285715,0.0,,0.9030899869919435
Presidente Kennedy,2020-06-28,11,3,0,0,0.5714285714285714,0.0,,1.041392685158225
Presidente Kennedy,2020-06-29,11,0,0,0,0.5714285714285714,0.0,,1.041392685158225
Presidente Kennedy,2020-06-30,11,0,0,0,0.5714285714285714,0.0,,1.041392685158225
Presidente Kennedy,2020-07-01,13,2,0,0,0.7142857142857143,0.0,,1.1139433523068367
Presidente Kennedy,2020-07-02,15,2,0,0,0.8571428571428571,0.0,,1.1760912590556813
Presidente Kennedy,2020-07-03,15,0,0,0,0.8571428571428571,0.0,,1.1760912590556813
Presidente Kennedy,2020-07-04,28,13,0,0,1.7857142857142858,0.0,,1.4471580313422192
Presidente Kennedy,2020-07-05,28,0,0,0,1.7857142857142858,0.0,,1.4471580313422192
Presidente Kennedy,2020-07-06,28,0,0,0,1.7857142857142858,0.0,,1.4471580313422192
Presidente Kennedy,2020-07-07,28,0,0,0,1.7857142857142858,0.0,,1.4471580313422192
Presidente Kennedy,2020-07-08,28,0,0,0,1.7857142857142858,0.0,,1.4471580313422192
Presidente Kennedy,2020-07-09,32,4,0,0,2.0714285714285716,0.0,,1.505149978319906
Presidente Kennedy,2020-07-10,32,0,0,0,2.0714285714285716,0.0,,1.505149978319906
Presidente Kennedy,2020-07-11,32,0,0,0,1.7142857142857142,0.0,,1.505149978319906
Presidente Kennedy,2020-07-12,40,8,0,0,2.0714285714285716,0.0,,1.6020599913279625
Presidente Kennedy,2020-07-13,40,0,0,0,2.0714285714285716,0.0,,1.6020599913279625
Presidente Kennedy,2020-07-14,40,0,0,0,2.0714285714285716,0.0,,1.6020599913279625
Presidente Kennedy,2020-07-15,41,1,0,0,2.0,0.0,,1.6127838567197355
Presidente Kennedy,2020-07-16,42,1,0,0,1.9285714285714286,0.0,,1.6232492903979006
Presidente Kennedy,2020-07-17,42,0,0,0,1.9285714285714286,0.0,,1.6232492903979006
Presidente Kennedy,2020-07-18,43,1,0,0,1.0714285714285714,0.0,,1.6334684555795866
Presidente Kennedy,2020-07-19,43,0,0,0,1.0714285714285714,0.0,,1.6334684555795866
Presidente Kennedy,2020-07-20,43,0,0,0,1.0714285714285714,0.0,,1.6334684555795866
Presidente Kennedy,2020-07-21,43,0,0,0,1.0714285714285714,0.0,,1.6334684555795866
Presidente Kennedy,2020-07-22,44,1,1,1,1.1428571428571428,0.07142857142857142,inf,1.6434526764861874
Presidente Kennedy,2020-07-23,44,0,1,0,0.8571428571428571,0.07142857142857142,inf,1.6434526764861874
Presidente Kennedy,2020-07-24,44,0,1,0,0.8571428571428571,0.07142857142857142,inf,1.6434526764861874
Presidente Kennedy,2020-07-25,55,11,1,0,1.6428571428571428,0.07142857142857142,inf,1.7403626894942439
Presidente Kennedy,2020-07-26,55,0,1,0,1.0714285714285714,0.07142857142857142,inf,1.7403626894942439
Presidente Kennedy,2020-07-27,55,0,1,0,1.0714285714285714,0.07142857142857142,inf,1.7403626894942439
Presidente Kennedy,2020-07-28,56,1,1,0,1.1428571428571428,0.07142857142857142,inf,1.7481880270062005
Presidente Kennedy,2020-07-29,56,0,1,0,1.0714285714285714,0.07142857142857142,inf,1.7481880270062005
Presidente Kennedy,2020-07-30,59,3,1,0,1.2142857142857142,0.07142857142857142,inf,1.7708520116421442
Presidente Kennedy,2020-07-31,59,0,1,0,1.2142857142857142,0.07142857142857142,inf,1.7708520116421442
Presidente Kennedy,2020-08-01,60,1,1,0,1.2142857142857142,0.07142857142857142,inf,1.7781512503836436
Presidente Kennedy,2020-08-02,60,0,1,0,1.2142857142857142,0.07142857142857142,inf,1.7781512503836436
Presidente Kennedy,2020-08-03,60,0,1,0,1.2142857142857142,0.07142857142857142,inf,1.7781512503836436
Presidente Kennedy,2020-08-04,60,0,1,0,1.2142857142857142,0.07142857142857142,inf,1.7781512503836436
Presidente Kennedy,2020-08-05,60,0,1,0,1.1428571428571428,0.0,-1.0,1.7781512503836436
Presidente Kennedy,2020-08-06,60,0,1,0,1.1428571428571428,0.0,-1.0,1.7781512503836436
Presidente Kennedy,2020-08-07,60,0,1,0,1.1428571428571428,0.0,-1.0,1.7781512503836436
Presidente Kennedy,2020-08-08,60,0,1,0,0.35714285714285715,0.0,-1.0,1.7781512503836436
Presidente Kennedy,2020-08-09,60,0,1,0,0.35714285714285715,0.0,-1.0,1.7781512503836436
Presidente Kennedy,2020-08-10,60,0,1,0,0.35714285714285715,0.0,-1.0,1.7781512503836436
Presidente Kennedy,2020-08-11,61,1,1,0,0.35714285714285715,0.0,-1.0,1.7853298350107671
Presidente Kennedy,2020-08-12,61,0,1,0,0.35714285714285715,0.0,-1.0,1.7853298350107671
Presidente Kennedy,2020-08-13,61,0,1,0,0.14285714285714285,0.0,-1.0,1.7853298350107671
Presidente Kennedy,2020-08-14,65,4,1,0,0.42857142857142855,0.0,-1.0,1.8129133566428555
Presidente Kennedy,2020-08-15,66,1,1,0,0.42857142857142855,0.0,-1.0,1.8195439355418688
Presidente Kennedy,2020-08-16,66,0,1,0,0.42857142857142855,0.0,-1.0,1.8195439355418688
Presidente Kennedy,2020-08-17,67,1,1,0,0.5,0.0,-1.0,1.8260748027008264
Presidente Kennedy,2020-08-18,67,0,1,0,0.5,0.0,-1.0,1.8260748027008264
Presidente Kennedy,2020-08-19,67,0,1,0,0.5,0.0,,1.8260748027008264
Presidente Kennedy,2020-08-20,67,0,1,0,0.5,0.0,,1.8260748027008264
Presidente Kennedy,2020-08-21,67,0,1,0,0.5,0.0,,1.8260748027008264
Presidente Kennedy,2020-08-22,67,0,1,0,0.5,0.0,,1.8260748027008264
Presidente Kennedy,2020-08-23,68,1,1,0,0.5714285714285714,0.0,,1.8325089127062364
Presidente Kennedy,2020-08-24,68,0,1,0,0.5714285714285714,0.0,,1.8325089127062364
Presidente Kennedy,2020-08-25,68,0,1,0,0.5,0.0,,1.8325089127062364
Presidente Kennedy,2020-08-26,69,1,1,0,0.5714285714285714,0.0,,1.8388490907372552
Presidente Kennedy,2020-08-27,69,0,1,0,0.5714285714285714,0.0,,1.8388490907372552
Presidente Kennedy,2020-08-28,65,-4,1,0,0.0,0.0,,1.8129133566428555
Presidente Kennedy,2020-08-29,65,0,1,0,-0.07142857142857142,0.0,,1.8129133566428555
Presidente Kennedy,2020-08-30,65,0,1,0,-0.07142857142857142,0.0,,1.8129133566428555
Presidente Kennedy,2020-08-31,65,0,1,0,-0.14285714285714285,0.0,,1.8129133566428555
Presidente Kennedy,2020-09-01,65,0,1,0,-0.14285714285714285,0.0,,1.8129133566428555
Presidente Kennedy,2020-09-02,65,0,1,0,-0.14285714285714285,0.0,,1.8129133566428555
Presidente Kennedy,2020-09-03,65,0,1,0,-0.14285714285714285,0.0,,1.8129133566428555
Presidente Kennedy,2020-09-04,65,0,1,0,-0.14285714285714285,0.0,,1.8129133566428555
Presidente Kennedy,2020-09-05,66,1,1,0,-0.07142857142857142,0.0,,1.8195439355418688
Presidente Kennedy,2020-09-06,66,0,1,0,-0.14285714285714285,0.0,,1.8195439355418688
Presidente Kennedy,2020-09-07,66,0,1,0,-0.14285714285714285,0.0,,1.8195439355418688
Presidente Kennedy,2020-09-08,66,0,1,0,-0.14285714285714285,0.0,,1.8195439355418688
Presidente Kennedy,2020-09-09,66,0,1,0,-0.21428571428571427,0.0,,1.8195439355418688
Presidente Kennedy,2020-09-10,66,0,1,0,-0.21428571428571427,0.0,,1.8195439355418688
Presidente Kennedy,2020-09-11,68,2,1,0,0.21428571428571427,0.0,,1.8325089127062364
Presidente Kennedy,2020-09-12,70,2,1,0,0.35714285714285715,0.0,,1.845098040014257
Presidente Kennedy,2020-09-13,70,0,1,0,0.35714285714285715,0.0,,1.845098040014257
Presidente Kennedy,2020-09-14,70,0,1,0,0.35714285714285715,0.0,,1.845098040014257
Presidente Kennedy,2020-09-15,70,0,1,0,0.35714285714285715,0.0,,1.845098040014257
Presidente Kennedy,2020-09-16,70,0,1,0,0.35714285714285715,0.0,,1.845098040014257
Presidente Kennedy,2020-09-17,70,0,1,0,0.35714285714285715,0.0,,1.845098040014257
Presidente Kennedy,2020-09-18,70,0,1,0,0.35714285714285715,0.0,,1.845098040014257
Presidente Kennedy,2020-09-19,70,0,1,0,0.2857142857142857,0.0,,1.845098040014257
Presidente Kennedy,2020-09-20,71,1,1,0,0.35714285714285715,0.0,,1.8512583487190752
Presidente Kennedy,2020-09-21,72,1,1,0,0.42857142857142855,0.0,,1.8573324964312685
Presidente Kennedy,2020-09-22,73,1,2,1,0.5,0.07142857142857142,inf,1.863322860120456
Presidente Kennedy,2020-09-23,74,1,2,0,0.5714285714285714,0.07142857142857142,inf,1.8692317197309762
Presidente Kennedy,2020-09-24,74,0,2,0,0.5714285714285714,0.07142857142857142,inf,1.8692317197309762
Presidente Kennedy,2020-09-25,76,2,2,0,0.5714285714285714,0.07142857142857142,inf,1.8808135922807914
Presidente Kennedy,2020-09-26,76,0,2,0,0.42857142857142855,0.07142857142857142,inf,1.8808135922807914
Presidente Kennedy,2020-09-27,76,0,2,0,0.42857142857142855,0.07142857142857142,inf,1.8808135922807914
Presidente Kennedy,2020-09-28,76,0,2,0,0.42857142857142855,0.07142857142857142,inf,1.8808135922807914
Presidente Kennedy,2020-09-29,79,3,2,0,0.6428571428571429,0.07142857142857142,inf,1.8976270912904414
Presidente Kennedy,2020-09-30,79,0,2,0,0.6428571428571429,0.07142857142857142,inf,1.8976270912904414
Presidente Kennedy,2020-10-01,80,1,2,0,0.7142857142857143,0.07142857142857142,inf,1.9030899869919435
Presidente Kennedy,2020-10-02,81,1,2,0,0.7857142857142857,0.07142857142857142,inf,1.9084850188786497
Presidente Kennedy,2020-10-03,81,0,2,0,0.7857142857142857,0.07142857142857142,inf,1.9084850188786497
Presidente Kennedy,2020-10-04,81,0,2,0,0.7142857142857143,0.07142857142857142,inf,1.9084850188786497
Presidente Kennedy,2020-10-05,81,0,2,0,0.6428571428571429,0.07142857142857142,inf,1.9084850188786497
Presidente Kennedy,2020-10-06,81,0,2,0,0.5714285714285714,0.0,-1.0,1.9084850188786497
Presidente Kennedy,2020-10-07,82,1,2,0,0.5714285714285714,0.0,-1.0,1.9138138523837167
Presidente Kennedy,2020-10-08,82,0,2,0,0.5714285714285714,0.0,-1.0,1.9138138523837167
Presidente Kennedy,2020-10-09,82,0,2,0,0.42857142857142855,0.0,-1.0,1.9138138523837167
Presidente Kennedy,2020-10-10,84,2,2,0,0.5714285714285714,0.0,-1.0,1.9242792860618816
Presidente Kennedy,2020-10-11,84,0,2,0,0.5714285714285714,0.0,-1.0,1.9242792860618816
Presidente Kennedy,2020-10-12,84,0,2,0,0.5714285714285714,0.0,-1.0,1.9242792860618816
Presidente Kennedy,2020-10-13,84,0,2,0,0.35714285714285715,0.0,-1.0,1.9242792860618816
Presidente Kennedy,2020-10-14,84,0,2,0,0.35714285714285715,0.0,-1.0,1.9242792860618816
Presidente Kennedy,2020-10-15,84,0,2,0,0.2857142857142857,0.0,-1.0,1.9242792860618816
Presidente Kennedy,2020-10-16,85,1,2,0,0.2857142857142857,0.0,-1.0,1.9294189257142929
Presidente Kennedy,2020-10-17,85,0,2,0,0.2857142857142857,0.0,-1.0,1.9294189257142929
Presidente Kennedy,2020-10-18,85,0,2,0,0.2857142857142857,0.0,-1.0,1.9294189257142929
Presidente Kennedy,2020-10-19,85,0,2,0,0.2857142857142857,0.0,-1.0,1.9294189257142929
Presidente Kennedy,2020-10-20,89,4,2,0,0.5714285714285714,0.0,,1.9493900066449128
Presidente Kennedy,2020-10-21,89,0,2,0,0.5,0.0,,1.9493900066449128
Presidente Kennedy,2020-10-22,89,0,2,0,0.5,0.0,,1.9493900066449128
Presidente Kennedy,2020-10-23,89,0,2,0,0.5,0.0,,1.9493900066449128
Presidente Kennedy,2020-10-24,89,0,2,0,0.35714285714285715,0.0,,1.9493900066449128
Presidente Kennedy,2020-10-25,89,0,2,0,0.35714285714285715,0.0,,1.9493900066449128
Presidente Kennedy,2020-10-26,89,0,2,0,0.35714285714285715,0.0,,1.9493900066449128
Presidente Kennedy,2020-10-27,89,0,2,0,0.35714285714285715,0.0,,1.9493900066449128
Presidente Kennedy,2020-10-28,89,0,2,0,0.35714285714285715,0.0,,1.9493900066449128
Presidente Kennedy,2020-10-29,89,0,2,0,0.35714285714285715,0.0,,1.9493900066449128
Presidente Kennedy,2020-10-30,89,0,2,0,0.2857142857142857,0.0,,1.9493900066449128
Presidente Kennedy,2020-10-31,89,0,2,0,0.2857142857142857,0.0,,1.9493900066449128
Presidente Kennedy,2020-11-01,89,0,2,0,0.2857142857142857,0.0,,1.9493900066449128
Presidente Kennedy,2020-11-02,89,0,2,0,0.2857142857142857,0.0,,1.9493900066449128
Presidente Kennedy,2020-11-03,89,0,2,0,0.0,0.0,,1.9493900066449128
Presidente Kennedy,2020-11-04,90,1,2,0,0.07142857142857142,0.0,,1.9542425094393248
Presidente Kennedy,2020-11-05,90,0,2,0,0.07142857142857142,0.0,,1.9542425094393248
Presidente Kennedy,2020-11-06,90,0,2,0,0.07142857142857142,0.0,,1.9542425094393248
Presidente Kennedy,2020-11-07,90,0,2,0,0.07142857142857142,0.0,,1.9542425094393248
Presidente Kennedy,2020-11-08,90,0,2,0,0.07142857142857142,0.0,,1.9542425094393248
Presidente Kennedy,2020-11-09,90,0,2,0,0.07142857142857142,0.0,,1.9542425094393248
Presidente Kennedy,2020-11-10,90,0,2,0,0.07142857142857142,0.0,,1.9542425094393248
Presidente Kennedy,2020-11-11,90,0,2,0,0.07142857142857142,0.0,,1.9542425094393248
Presidente Kennedy,2020-11-12,90,0,2,0,0.07142857142857142,0.0,,1.9542425094393248
Presidente Kennedy,2020-11-13,90,0,2,0,0.07142857142857142,0.0,,1.9542425094393248
Presidente Kennedy,2020-11-14,90,0,2,0,0.07142857142857142,0.0,,1.9542425094393248
Presidente Kennedy,2020-11-15,90,0,2,0,0.07142857142857142,0.0,,1.9542425094393248
Presidente Kennedy,2020-11-16,90,0,2,0,0.07142857142857142,0.0,,1.9542425094393248
Presidente Kennedy,2020-11-17,90,0,2,0,0.07142857142857142,0.0,,1.9542425094393248
Presidente Kennedy,2020-11-18,90,0,2,0,0.0,0.0,,1.9542425094393248
Presidente Kennedy,2020-11-19,90,0,2,0,0.0,0.0,,1.9542425094393248
Presidente Kennedy,2020-11-20,90,0,2,0,0.0,0.0,,1.9542425094393248
Presidente Kennedy,2020-11-21,90,0,2,0,0.0,0.0,,1.9542425094393248
Presidente Kennedy,2020-11-22,90,0,2,0,0.0,0.0,,1.9542425094393248
Presidente Kennedy,2020-11-23,90,0,2,0,0.0,0.0,,1.9542425094393248
Presidente Kennedy,2020-11-24,90,0,2,0,0.0,0.0,,1.9542425094393248
Presidente Kennedy,2020-11-25,90,0,2,0,0.0,0.0,,1.9542425094393248
Presidente Kennedy,2020-11-26,90,0,2,0,0.0,0.0,,1.9542425094393248
Presidente Kennedy,2020-11-27,90,0,2,0,0.0,0.0,,1.9542425094393248
Presidente Kennedy,2020-11-28,91,1,2,0,0.07142857142857142,0.0,,1.9590413923210936
Presidente Kennedy,2020-11-29,91,0,2,0,0.07142857142857142,0.0,,1.9590413923210936
Presidente Kennedy,2020-11-30,91,0,2,0,0.07142857142857142,0.0,,1.9590413923210936
Presidente Kennedy,2020-12-01,91,0,2,0,0.07142857142857142,0.0,,1.9590413923210936
Presidente Kennedy,2020-12-02,92,1,2,0,0.14285714285714285,0.0,,1.9637878273455553
Presidente Kennedy,2020-12-03,92,0,2,0,0.14285714285714285,0.0,,1.9637878273455553
Presidente Kennedy,2020-12-04,92,0,2,0,0.14285714285714285,0.0,,1.9637878273455553
Presidente Kennedy,2020-12-05,92,0,2,0,0.14285714285714285,0.0,,1.9637878273455553
Presidente Kennedy,2020-12-06,92,0,2,0,0.14285714285714285,0.0,,1.9637878273455553
Presidente Kennedy,2020-12-07,92,0,2,0,0.14285714285714285,0.0,,1.9637878273455553
Presidente Kennedy,2020-12-08,92,0,2,0,0.14285714285714285,0.0,,1.9637878273455553
Presidente Kennedy,2020-12-09,92,0,2,0,0.14285714285714285,0.0,,1.9637878273455553
Presidente Kennedy,2020-12-10,92,0,2,0,0.14285714285714285,0.0,,1.9637878273455553
Presidente Kennedy,2020-12-11,92,0,2,0,0.14285714285714285,0.0,,1.9637878273455553
Presidente Kennedy,2020-12-12,93,1,2,0,0.14285714285714285,0.0,,1.968482948553935
Presidente Kennedy,2020-12-13,93,0,2,0,0.14285714285714285,0.0,,1.968482948553935
Presidente Kennedy,2020-12-14,93,0,2,0,0.14285714285714285,0.0,,1.968482948553935
Presidente Kennedy,2020-12-15,93,0,2,0,0.14285714285714285,0.0,,1.968482948553935
Presidente Kennedy,2020-12-16,93,0,2,0,0.07142857142857142,0.0,,1.968482948553935
Presidente Kennedy,2020-12-17,93,0,2,0,0.07142857142857142,0.0,,1.968482948553935
Presidente Kennedy,2020-12-18,93,0,2,0,0.07142857142857142,0.0,,1.968482948553935
Presidente Kennedy,2020-12-19,93,0,2,0,0.07142857142857142,0.0,,1.968482948553935
Presidente Kennedy,2020-12-20,93,0,2,0,0.07142857142857142,0.0,,1.968482948553935
Presidente Kennedy,2020-12-21,93,0,2,0,0.07142857142857142,0.0,,1.968482948553935
Presidente Kennedy,2020-12-22,93,0,2,0,0.07142857142857142,0.0,,1.968482948553935
Presidente Kennedy,2020-12-23,93,0,2,0,0.07142857142857142,0.0,,1.968482948553935
Presidente Kennedy,2020-12-24,94,1,2,0,0.14285714285714285,0.0,,1.9731278535996986
Presidente Kennedy,2020-12-25,94,0,2,0,0.14285714285714285,0.0,,1.9731278535996986
Presidente Kennedy,2020-12-26,94,0,2,0,0.07142857142857142,0.0,,1.9731278535996986
Presidente Kennedy,2020-12-27,94,0,2,0,0.07142857142857142,0.0,,1.9731278535996986
Presidente Kennedy,2020-12-28,94,0,2,0,0.07142857142857142,0.0,,1.9731278535996986
Presidente Kennedy,2020-12-29,94,0,2,0,0.07142857142857142,0.0,,1.9731278535996986
Presidente Kennedy,2020-12-30,94,0,2,0,0.07142857142857142,0.0,,1.9731278535996986
Presidente Kennedy,2020-12-31,94,0,2,0,0.07142857142857142,0.0,,1.9731278535996986
Presidente Kennedy,2021-01-01,94,0,2,0,0.07142857142857142,0.0,,1.9731278535996986
Presidente Kennedy,2021-01-02,94,0,2,0,0.07142857142857142,0.0,,1.9731278535996986
Presidente Kennedy,2021-01-03,94,0,2,0,0.07142857142857142,0.0,,1.9731278535996986
Presidente Kennedy,2021-01-04,94,0,2,0,0.07142857142857142,0.0,,1.9731278535996986
Presidente Kennedy,2021-01-05,94,0,2,0,0.07142857142857142,0.0,,1.9731278535996986
Presidente Kennedy,2021-01-06,94,0,2,0,0.07142857142857142,0.0,,1.9731278535996986
Presidente Kennedy,2021-01-07,94,0,2,0,0.0,0.0,,1.9731278535996986
Presidente Kennedy,2021-01-08,94,0,2,0,0.0,0.0,,1.9731278535996986
Presidente Kennedy,2021-01-09,94,0,2,0,0.0,0.0,,1.9731278535996986
Presidente Kennedy,2021-01-10,94,0,2,0,0.0,0.0,,1.9731278535996986
Presidente Kennedy,2021-01-11,94,0,2,0,0.0,0.0,,1.9731278535996986
Presidente Kennedy,2021-01-12,94,0,2,0,0.0,0.0,,1.9731278535996986
Presidente Kennedy,2021-01-13,94,0,2,0,0.0,0.0,,1.9731278535996986
Presidente Kennedy,2021-01-14,94,0,2,0,0.0,0.0,,1.9731278535996986
Presidente Kennedy,2021-01-15,94,0,2,0,0.0,0.0,,1.9731278535996986
Presidente Kennedy,2021-01-16,94,0,2,0,0.0,0.0,,1.9731278535996986
Presidente Kennedy,2021-01-17,94,0,2,0,0.0,0.0,,1.9731278535996986
Presidente Kennedy,2021-01-18,94,0,2,0,0.0,0.0,,1.9731278535996986
Presidente Kennedy,2021-01-19,94,0,2,0,0.0,0.0,,1.9731278535996986
Presidente Kennedy,2021-01-20,94,0,2,0,0.0,0.0,,1.9731278535996986
Pugmil,2020-03-27,0,0,0,0,,,,0.0
Pugmil,2020-03-28,0,0,0,0,,,,0.0
Pugmil,2020-03-29,0,0,0,0,,,,0.0
Pugmil,2020-03-30,0,0,0,0,,,,0.0
Pugmil,2020-03-31,0,0,0,0,,,,0.0
Pugmil,2020-04-01,0,0,0,0,,,,0.0
Pugmil,2020-04-02,0,0,0,0,,,,0.0
Pugmil,2020-04-03,0,0,0,0,,,,0.0
Pugmil,2020-04-04,0,0,0,0,,,,0.0
Pugmil,2020-04-05,0,0,0,0,,,,0.0
Pugmil,2020-04-06,0,0,0,0,,,,0.0
Pugmil,2020-04-07,0,0,0,0,,,,0.0
Pugmil,2020-04-08,0,0,0,0,,,,0.0
Pugmil,2020-04-09,0,0,0,0,0.0,0.0,,0.0
Pugmil,2020-04-10,0,0,0,0,0.0,0.0,,0.0
Pugmil,2020-04-11,0,0,0,0,0.0,0.0,,0.0
Pugmil,2020-04-12,0,0,0,0,0.0,0.0,,0.0
Pugmil,2020-04-13,0,0,0,0,0.0,0.0,,0.0
Pugmil,2020-04-14,0,0,0,0,0.0,0.0,,0.0
Pugmil,2020-04-15,0,0,0,0,0.0,0.0,,0.0
Pugmil,2020-04-16,0,0,0,0,0.0,0.0,,0.0
Pugmil,2020-04-17,0,0,0,0,0.0,0.0,,0.0
Pugmil,2020-04-18,0,0,0,0,0.0,0.0,,0.0
Pugmil,2020-04-19,0,0,0,0,0.0,0.0,,0.0
Pugmil,2020-04-20,0,0,0,0,0.0,0.0,,0.0
Pugmil,2020-04-21,0,0,0,0,0.0,0.0,,0.0
Pugmil,2020-04-22,0,0,0,0,0.0,0.0,,0.0
Pugmil,2020-04-23,0,0,0,0,0.0,0.0,,0.0
Pugmil,2020-04-24,0,0,0,0,0.0,0.0,,0.0
Pugmil,2020-04-25,0,0,0,0,0.0,0.0,,0.0
Pugmil,2020-04-26,0,0,0,0,0.0,0.0,,0.0
Pugmil,2020-04-27,0,0,0,0,0.0,0.0,,0.0
Pugmil,2020-04-28,0,0,0,0,0.0,0.0,,0.0
Pugmil,2020-04-29,0,0,0,0,0.0,0.0,,0.0
Pugmil,2020-04-30,0,0,0,0,0.0,0.0,,0.0
Pugmil,2020-05-01,0,0,0,0,0.0,0.0,,0.0
Pugmil,2020-05-02,0,0,0,0,0.0,0.0,,0.0
Pugmil,2020-05-03,0,0,0,0,0.0,0.0,,0.0
Pugmil,2020-05-04,0,0,0,0,0.0,0.0,,0.0
Pugmil,2020-05-05,0,0,0,0,0.0,0.0,,0.0
Pugmil,2020-05-06,0,0,0,0,0.0,0.0,,0.0
Pugmil,2020-05-07,0,0,0,0,0.0,0.0,,0.0
Pugmil,2020-05-08,0,0,0,0,0.0,0.0,,0.0
Pugmil,2020-05-09,1,1,0,0,0.07142857142857142,0.0,,0.0
Pugmil,2020-05-10,3,2,0,0,0.21428571428571427,0.0,,0.47712125471966244
Pugmil,2020-05-11,3,0,0,0,0.21428571428571427,0.0,,0.47712125471966244
Pugmil,2020-05-12,3,0,0,0,0.21428571428571427,0.0,,0.47712125471966244
Pugmil,2020-05-13,3,0,0,0,0.21428571428571427,0.0,,0.47712125471966244
Pugmil,2020-05-14,5,2,0,0,0.35714285714285715,0.0,,0.6989700043360189
Pugmil,2020-05-15,5,0,0,0,0.35714285714285715,0.0,,0.6989700043360189
Pugmil,2020-05-16,5,0,0,0,0.35714285714285715,0.0,,0.6989700043360189
Pugmil,2020-05-17,5,0,0,0,0.35714285714285715,0.0,,0.6989700043360189
Pugmil,2020-05-18,5,0,0,0,0.35714285714285715,0.0,,0.6989700043360189
Pugmil,2020-05-19,5,0,0,0,0.35714285714285715,0.0,,0.6989700043360189
Pugmil,2020-05-20,5,0,0,0,0.35714285714285715,0.0,,0.6989700043360189
Pugmil,2020-05-21,5,0,0,0,0.35714285714285715,0.0,,0.6989700043360189
Pugmil,2020-05-22,5,0,0,0,0.35714285714285715,0.0,,0.6989700043360189
Pugmil,2020-05-23,5,0,0,0,0.2857142857142857,0.0,,0.6989700043360189
Pugmil,2020-05-24,5,0,0,0,0.14285714285714285,0.0,,0.6989700043360189
Pugmil,2020-05-25,5,0,0,0,0.14285714285714285,0.0,,0.6989700043360189
Pugmil,2020-05-26,5,0,0,0,0.14285714285714285,0.0,,0.6989700043360189
Pugmil,2020-05-27,5,0,0,0,0.14285714285714285,0.0,,0.6989700043360189
Pugmil,2020-05-28,5,0,0,0,0.0,0.0,,0.6989700043360189
Pugmil,2020-05-29,5,0,0,0,0.0,0.0,,0.6989700043360189
Pugmil,2020-05-30,5,0,0,0,0.0,0.0,,0.6989700043360189
Pugmil,2020-05-31,5,0,0,0,0.0,0.0,,0.6989700043360189
Pugmil,2020-06-01,5,0,0,0,0.0,0.0,,0.6989700043360189
Pugmil,2020-06-02,5,0,0,0,0.0,0.0,,0.6989700043360189
Pugmil,2020-06-03,5,0,0,0,0.0,0.0,,0.6989700043360189
Pugmil,2020-06-04,6,1,0,0,0.07142857142857142,0.0,,0.7781512503836436
Pugmil,2020-06-05,6,0,0,0,0.07142857142857142,0.0,,0.7781512503836436
Pugmil,2020-06-06,6,0,0,0,0.07142857142857142,0.0,,0.7781512503836436
Pugmil,2020-06-07,6,0,0,0,0.07142857142857142,0.0,,0.7781512503836436
Pugmil,2020-06-08,6,0,0,0,0.07142857142857142,0.0,,0.7781512503836436
Pugmil,2020-06-09,6,0,0,0,0.07142857142857142,0.0,,0.7781512503836436
Pugmil,2020-06-10,6,0,0,0,0.07142857142857142,0.0,,0.7781512503836436
Pugmil,2020-06-11,6,0,0,0,0.07142857142857142,0.0,,0.7781512503836436
Pugmil,2020-06-12,6,0,0,0,0.07142857142857142,0.0,,0.7781512503836436
Pugmil,2020-06-13,6,0,0,0,0.07142857142857142,0.0,,0.7781512503836436
Pugmil,2020-06-14,6,0,0,0,0.07142857142857142,0.0,,0.7781512503836436
Pugmil,2020-06-15,6,0,0,0,0.07142857142857142,0.0,,0.7781512503836436
Pugmil,2020-06-16,6,0,0,0,0.07142857142857142,0.0,,0.7781512503836436
Pugmil,2020-06-17,6,0,0,0,0.07142857142857142,0.0,,0.7781512503836436
Pugmil,2020-06-18,6,0,0,0,0.0,0.0,,0.7781512503836436
Pugmil,2020-06-19,6,0,0,0,0.0,0.0,,0.7781512503836436
Pugmil,2020-06-20,6,0,0,0,0.0,0.0,,0.7781512503836436
Pugmil,2020-06-21,6,0,0,0,0.0,0.0,,0.7781512503836436
Pugmil,2020-06-22,6,0,0,0,0.0,0.0,,0.7781512503836436
Pugmil,2020-06-23,6,0,0,0,0.0,0.0,,0.7781512503836436
Pugmil,2020-06-24,6,0,0,0,0.0,0.0,,0.7781512503836436
Pugmil,2020-06-25,6,0,0,0,0.0,0.0,,0.7781512503836436
Pugmil,2020-06-26,6,0,0,0,0.0,0.0,,0.7781512503836436
Pugmil,2020-06-27,6,0,0,0,0.0,0.0,,0.7781512503836436
Pugmil,2020-06-28,6,0,0,0,0.0,0.0,,0.7781512503836436
Pugmil,2020-06-29,6,0,0,0,0.0,0.0,,0.7781512503836436
Pugmil,2020-06-30,6,0,0,0,0.0,0.0,,0.7781512503836436
Pugmil,2020-07-01,7,1,0,0,0.07142857142857142,0.0,,0.8450980400142568
Pugmil,2020-07-02,7,0,0,0,0.07142857142857142,0.0,,0.8450980400142568
Pugmil,2020-07-03,7,0,0,0,0.07142857142857142,0.0,,0.8450980400142568
Pugmil,2020-07-04,7,0,0,0,0.07142857142857142,0.0,,0.8450980400142568
Pugmil,2020-07-05,7,0,0,0,0.07142857142857142,0.0,,0.8450980400142568
Pugmil,2020-07-06,7,0,0,0,0.07142857142857142,0.0,,0.8450980400142568
Pugmil,2020-07-07,7,0,0,0,0.07142857142857142,0.0,,0.8450980400142568
Pugmil,2020-07-08,7,0,0,0,0.07142857142857142,0.0,,0.8450980400142568
Pugmil,2020-07-09,8,1,0,0,0.14285714285714285,0.0,,0.9030899869919435
Pugmil,2020-07-10,8,0,0,0,0.14285714285714285,0.0,,0.9030899869919435
Pugmil,2020-07-11,9,1,0,0,0.21428571428571427,0.0,,0.9542425094393249
Pugmil,2020-07-12,9,0,0,0,0.21428571428571427,0.0,,0.9542425094393249
Pugmil,2020-07-13,10,1,0,0,0.2857142857142857,0.0,,1.0
Pugmil,2020-07-14,11,1,0,0,0.35714285714285715,0.0,,1.041392685158225
Pugmil,2020-07-15,11,0,0,0,0.2857142857142857,0.0,,1.041392685158225
Pugmil,2020-07-16,11,0,0,0,0.2857142857142857,0.0,,1.041392685158225
Pugmil,2020-07-17,11,0,0,0,0.2857142857142857,0.0,,1.041392685158225
Pugmil,2020-07-18,11,0,0,0,0.2857142857142857,0.0,,1.041392685158225
Pugmil,2020-07-19,11,0,0,0,0.2857142857142857,0.0,,1.041392685158225
Pugmil,2020-07-20,11,0,0,0,0.2857142857142857,0.0,,1.041392685158225
Pugmil,2020-07-21,11,0,0,0,0.2857142857142857,0.0,,1.041392685158225
Pugmil,2020-07-22,11,0,0,0,0.2857142857142857,0.0,,1.041392685158225
Pugmil,2020-07-23,11,0,0,0,0.21428571428571427,0.0,,1.041392685158225
Pugmil,2020-07-24,11,0,0,0,0.21428571428571427,0.0,,1.041392685158225
Pugmil,2020-07-25,13,2,0,0,0.2857142857142857,0.0,,1.1139433523068367
Pugmil,2020-07-26,13,0,0,0,0.2857142857142857,0.0,,1.1139433523068367
Pugmil,2020-07-27,13,0,0,0,0.21428571428571427,0.0,,1.1139433523068367
Pugmil,2020-07-28,13,0,0,0,0.14285714285714285,0.0,,1.1139433523068367
Pugmil,2020-07-29,13,0,0,0,0.14285714285714285,0.0,,1.1139433523068367
Pugmil,2020-07-30,13,0,0,0,0.14285714285714285,0.0,,1.1139433523068367
Pugmil,2020-07-31,13,0,0,0,0.14285714285714285,0.0,,1.1139433523068367
Pugmil,2020-08-01,14,1,0,0,0.21428571428571427,0.0,,1.146128035678238
Pugmil,2020-08-02,14,0,0,0,0.21428571428571427,0.0,,1.146128035678238
Pugmil,2020-08-03,14,0,0,0,0.21428571428571427,0.0,,1.146128035678238
Pugmil,2020-08-04,15,1,0,0,0.2857142857142857,0.0,,1.1760912590556813
Pugmil,2020-08-05,15,0,0,0,0.2857142857142857,0.0,,1.1760912590556813
Pugmil,2020-08-06,15,0,0,0,0.2857142857142857,0.0,,1.1760912590556813
Pugmil,2020-08-07,15,0,0,0,0.2857142857142857,0.0,,1.1760912590556813
Pugmil,2020-08-08,15,0,0,0,0.14285714285714285,0.0,,1.1760912590556813
Pugmil,2020-08-09,15,0,0,0,0.14285714285714285,0.0,,1.1760912590556813
Pugmil,2020-08-10,15,0,0,0,0.14285714285714285,0.0,,1.1760912590556813
Pugmil,2020-08-11,15,0,0,0,0.14285714285714285,0.0,,1.1760912590556813
Pugmil,2020-08-12,15,0,0,0,0.14285714285714285,0.0,,1.1760912590556813
Pugmil,2020-08-13,15,0,0,0,0.14285714285714285,0.0,,1.1760912590556813
Pugmil,2020-08-14,15,0,0,0,0.14285714285714285,0.0,,1.1760912590556813
Pugmil,2020-08-15,15,0,0,0,0.07142857142857142,0.0,,1.1760912590556813
Pugmil,2020-08-16,15,0,0,0,0.07142857142857142,0.0,,1.1760912590556813
Pugmil,2020-08-17,15,0,0,0,0.07142857142857142,0.0,,1.1760912590556813
Pugmil,2020-08-18,16,1,0,0,0.07142857142857142,0.0,,1.2041199826559248
Pugmil,2020-08-19,16,0,0,0,0.07142857142857142,0.0,,1.2041199826559248
Pugmil,2020-08-20,18,2,0,0,0.21428571428571427,0.0,,1.255272505103306
Pugmil,2020-08-21,18,0,0,0,0.21428571428571427,0.0,,1.255272505103306
Pugmil,2020-08-22,18,0,0,0,0.21428571428571427,0.0,,1.255272505103306
Pugmil,2020-08-23,18,0,0,0,0.21428571428571427,0.0,,1.255272505103306
Pugmil,2020-08-24,18,0,0,0,0.21428571428571427,0.0,,1.255272505103306
Pugmil,2020-08-25,18,0,0,0,0.21428571428571427,0.0,,1.255272505103306
Pugmil,2020-08-26,18,0,0,0,0.21428571428571427,0.0,,1.255272505103306
Pugmil,2020-08-27,18,0,0,0,0.21428571428571427,0.0,,1.255272505103306
Pugmil,2020-08-28,18,0,0,0,0.21428571428571427,0.0,,1.255272505103306
Pugmil,2020-08-29,18,0,0,0,0.21428571428571427,0.0,,1.255272505103306
Pugmil,2020-08-30,18,0,0,0,0.21428571428571427,0.0,,1.255272505103306
Pugmil,2020-08-31,18,0,0,0,0.21428571428571427,0.0,,1.255272505103306
Pugmil,2020-09-01,18,0,0,0,0.14285714285714285,0.0,,1.255272505103306
Pugmil,2020-09-02,20,2,0,0,0.2857142857142857,0.0,,1.3010299956639813
Pugmil,2020-09-03,20,0,0,0,0.14285714285714285,0.0,,1.3010299956639813
Pugmil,2020-09-04,21,1,0,0,0.21428571428571427,0.0,,1.3222192947339193
Pugmil,2020-09-05,21,0,0,0,0.21428571428571427,0.0,,1.3222192947339193
Pugmil,2020-09-06,22,1,0,0,0.2857142857142857,0.0,,1.3424226808222062
Pugmil,2020-09-07,22,0,0,0,0.2857142857142857,0.0,,1.3424226808222062
Pugmil,2020-09-08,22,0,0,0,0.2857142857142857,0.0,,1.3424226808222062
Pugmil,2020-09-09,21,-1,0,0,0.21428571428571427,0.0,,1.3222192947339193
Pugmil,2020-09-10,21,0,0,0,0.21428571428571427,0.0,,1.3222192947339193
Pugmil,2020-09-11,21,0,0,0,0.21428571428571427,0.0,,1.3222192947339193
Pugmil,2020-09-12,21,0,0,0,0.21428571428571427,0.0,,1.3222192947339193
Pugmil,2020-09-13,22,1,0,0,0.2857142857142857,0.0,,1.3424226808222062
Pugmil,2020-09-14,22,0,0,0,0.2857142857142857,0.0,,1.3424226808222062
Pugmil,2020-09-15,22,0,0,0,0.2857142857142857,0.0,,1.3424226808222062
Pugmil,2020-09-16,22,0,0,0,0.14285714285714285,0.0,,1.3424226808222062
Pugmil,2020-09-17,22,0,0,0,0.14285714285714285,0.0,,1.3424226808222062
Pugmil,2020-09-18,22,0,0,0,0.07142857142857142,0.0,,1.3424226808222062
Pugmil,2020-09-19,22,0,0,0,0.07142857142857142,0.0,,1.3424226808222062
Pugmil,2020-09-20,22,0,0,0,0.0,0.0,,1.3424226808222062
Pugmil,2020-09-21,22,0,0,0,0.0,0.0,,1.3424226808222062
Pugmil,2020-09-22,22,0,0,0,0.0,0.0,,1.3424226808222062
Pugmil,2020-09-23,28,6,0,0,0.5,0.0,,1.4471580313422192
Pugmil,2020-09-24,28,0,0,0,0.5,0.0,,1.4471580313422192
Pugmil,2020-09-25,28,0,0,0,0.5,0.0,,1.4471580313422192
Pugmil,2020-09-26,39,11,0,0,1.2857142857142858,0.0,,1.591064607026499
Pugmil,2020-09-27,39,0,0,0,1.2142857142857142,0.0,,1.591064607026499
Pugmil,2020-09-28,39,0,0,0,1.2142857142857142,0.0,,1.591064607026499
Pugmil,2020-09-29,57,18,0,0,2.5,0.0,,1.7558748556724915
Pugmil,2020-09-30,64,7,0,0,3.0,0.0,,1.806179973983887
Pugmil,2020-10-01,83,19,0,0,4.357142857142857,0.0,,1.919078092376074
Pugmil,2020-10-02,93,10,0,0,5.071428571428571,0.0,,1.968482948553935
Pugmil,2020-10-03,100,7,0,0,5.571428571428571,0.0,,2.0
Pugmil,2020-10-04,100,0,0,0,5.571428571428571,0.0,,2.0
Pugmil,2020-10-05,100,0,0,0,5.571428571428571,0.0,,2.0
Pugmil,2020-10-06,100,0,0,0,5.571428571428571,0.0,,2.0
Pugmil,2020-10-07,102,2,0,0,5.285714285714286,0.0,,2.0086001717619175
Pugmil,2020-10-08,105,3,0,0,5.5,0.0,,2.0211892990699383
Pugmil,2020-10-09,105,0,0,0,5.5,0.0,,2.0211892990699383
Pugmil,2020-10-10,105,0,0,0,4.714285714285714,0.0,,2.0211892990699383
Pugmil,2020-10-11,105,0,0,0,4.714285714285714,0.0,,2.0211892990699383
Pugmil,2020-10-12,105,0,0,0,4.714285714285714,0.0,,2.0211892990699383
Pugmil,2020-10-13,105,0,0,0,3.4285714285714284,0.0,,2.0211892990699383
Pugmil,2020-10-14,106,1,0,0,3.0,0.0,,2.0253058652647704
Pugmil,2020-10-15,107,1,0,0,1.7142857142857142,0.0,,2.0293837776852097
Pugmil,2020-10-16,107,0,0,0,1.0,0.0,,2.0293837776852097
Pugmil,2020-10-17,107,0,0,0,0.5,0.0,,2.0293837776852097
Pugmil,2020-10-18,107,0,0,0,0.5,0.0,,2.0293837776852097
Pugmil,2020-10-19,107,0,0,0,0.5,0.0,,2.0293837776852097
Pugmil,2020-10-20,107,0,0,0,0.5,0.0,,2.0293837776852097
Pugmil,2020-10-21,107,0,0,0,0.35714285714285715,0.0,,2.0293837776852097
Pugmil,2020-10-22,107,0,0,0,0.14285714285714285,0.0,,2.0293837776852097
Pugmil,2020-10-23,107,0,0,0,0.14285714285714285,0.0,,2.0293837776852097
Pugmil,2020-10-24,107,0,0,0,0.14285714285714285,0.0,,2.0293837776852097
Pugmil,2020-10-25,107,0,0,0,0.14285714285714285,0.0,,2.0293837776852097
Pugmil,2020-10-26,107,0,0,0,0.14285714285714285,0.0,,2.0293837776852097
Pugmil,2020-10-27,107,0,0,0,0.14285714285714285,0.0,,2.0293837776852097
Pugmil,2020-10-28,107,0,0,0,0.07142857142857142,0.0,,2.0293837776852097
Pugmil,2020-10-29,107,0,0,0,0.0,0.0,,2.0293837776852097
Pugmil,2020-10-30,107,0,0,0,0.0,0.0,,2.0293837776852097
Pugmil,2020-10-31,107,0,0,0,0.0,0.0,,2.0293837776852097
Pugmil,2020-11-01,107,0,0,0,0.0,0.0,,2.0293837776852097
Pugmil,2020-11-02,107,0,0,0,0.0,0.0,,2.0293837776852097
Pugmil,2020-11-03,107,0,0,0,0.0,0.0,,2.0293837776852097
Pugmil,2020-11-04,107,0,0,0,0.0,0.0,,2.0293837776852097
Pugmil,2020-11-05,107,0,0,0,0.0,0.0,,2.0293837776852097
Pugmil,2020-11-06,107,0,0,0,0.0,0.0,,2.0293837776852097
Pugmil,2020-11-07,107,0,0,0,0.0,0.0,,2.0293837776852097
Pugmil,2020-11-08,107,0,0,0,0.0,0.0,,2.0293837776852097
Pugmil,2020-11-09,107,0,0,0,0.0,0.0,,2.0293837776852097
Pugmil,2020-11-10,107,0,0,0,0.0,0.0,,2.0293837776852097
Pugmil,2020-11-11,107,0,0,0,0.0,0.0,,2.0293837776852097
Pugmil,2020-11-12,107,0,0,0,0.0,0.0,,2.0293837776852097
Pugmil,2020-11-13,107,0,0,0,0.0,0.0,,2.0293837776852097
Pugmil,2020-11-14,107,0,0,0,0.0,0.0,,2.0293837776852097
Pugmil,2020-11-15,107,0,0,0,0.0,0.0,,2.0293837776852097
Pugmil,2020-11-16,107,0,0,0,0.0,0.0,,2.0293837776852097
Pugmil,2020-11-17,107,0,0,0,0.0,0.0,,2.0293837776852097
Pugmil,2020-11-18,107,0,0,0,0.0,0.0,,2.0293837776852097
Pugmil,2020-11-19,107,0,0,0,0.0,0.0,,2.0293837776852097
Pugmil,2020-11-20,107,0,0,0,0.0,0.0,,2.0293837776852097
Pugmil,2020-11-21,107,0,0,0,0.0,0.0,,2.0293837776852097
Pugmil,2020-11-22,107,0,0,0,0.0,0.0,,2.0293837776852097
Pugmil,2020-11-23,107,0,0,0,0.0,0.0,,2.0293837776852097
Pugmil,2020-11-24,107,0,0,0,0.0,0.0,,2.0293837776852097
Pugmil,2020-11-25,107,0,0,0,0.0,0.0,,2.0293837776852097
Pugmil,2020-11-26,107,0,0,0,0.0,0.0,,2.0293837776852097
Pugmil,2020-11-27,107,0,0,0,0.0,0.0,,2.0293837776852097
Pugmil,2020-11-28,107,0,0,0,0.0,0.0,,2.0293837776852097
Pugmil,2020-11-29,107,0,0,0,0.0,0.0,,2.0293837776852097
Pugmil,2020-11-30,107,0,0,0,0.0,0.0,,2.0293837776852097
Pugmil,2020-12-01,107,0,0,0,0.0,0.0,,2.0293837776852097
Pugmil,2020-12-02,107,0,0,0,0.0,0.0,,2.0293837776852097
Pugmil,2020-12-03,107,0,0,0,0.0,0.0,,2.0293837776852097
Pugmil,2020-12-04,107,0,0,0,0.0,0.0,,2.0293837776852097
Pugmil,2020-12-05,107,0,0,0,0.0,0.0,,2.0293837776852097
Pugmil,2020-12-06,107,0,0,0,0.0,0.0,,2.0293837776852097
Pugmil,2020-12-07,107,0,0,0,0.0,0.0,,2.0293837776852097
Pugmil,2020-12-08,107,0,0,0,0.0,0.0,,2.0293837776852097
Pugmil,2020-12-09,107,0,0,0,0.0,0.0,,2.0293837776852097
Pugmil,2020-12-10,107,0,0,0,0.0,0.0,,2.0293837776852097
Pugmil,2020-12-11,107,0,0,0,0.0,0.0,,2.0293837776852097
Pugmil,2020-12-12,107,0,0,0,0.0,0.0,,2.0293837776852097
Pugmil,2020-12-13,107,0,0,0,0.0,0.0,,2.0293837776852097
Pugmil,2020-12-14,107,0,0,0,0.0,0.0,,2.0293837776852097
Pugmil,2020-12-15,107,0,0,0,0.0,0.0,,2.0293837776852097
Pugmil,2020-12-16,108,1,0,0,0.07142857142857142,0.0,,2.03342375548695
Pugmil,2020-12-17,109,1,0,0,0.14285714285714285,0.0,,2.037426497940624
Pugmil,2020-12-18,109,0,0,0,0.14285714285714285,0.0,,2.037426497940624
Pugmil,2020-12-19,109,0,0,0,0.14285714285714285,0.0,,2.037426497940624
Pugmil,2020-12-20,109,0,0,0,0.14285714285714285,0.0,,2.037426497940624
Pugmil,2020-12-21,109,0,0,0,0.14285714285714285,0.0,,2.037426497940624
Pugmil,2020-12-22,109,0,0,0,0.14285714285714285,0.0,,2.037426497940624
Pugmil,2020-12-23,111,2,0,0,0.2857142857142857,0.0,,2.0453229787866576
Pugmil,2020-12-24,113,2,0,0,0.42857142857142855,0.0,,2.05307844348342
Pugmil,2020-12-25,113,0,0,0,0.42857142857142855,0.0,,2.05307844348342
Pugmil,2020-12-26,113,0,0,0,0.42857142857142855,0.0,,2.05307844348342
Pugmil,2020-12-27,113,0,0,0,0.42857142857142855,0.0,,2.05307844348342
Pugmil,2020-12-28,113,0,0,0,0.42857142857142855,0.0,,2.05307844348342
Pugmil,2020-12-29,113,0,0,0,0.42857142857142855,0.0,,2.05307844348342
Pugmil,2020-12-30,113,0,0,0,0.35714285714285715,0.0,,2.05307844348342
Pugmil,2020-12-31,114,1,0,0,0.35714285714285715,0.0,,2.0569048513364727
Pugmil,2021-01-01,114,0,0,0,0.35714285714285715,0.0,,2.0569048513364727
Pugmil,2021-01-02,114,0,0,0,0.35714285714285715,0.0,,2.0569048513364727
Pugmil,2021-01-03,114,0,0,0,0.35714285714285715,0.0,,2.0569048513364727
Pugmil,2021-01-04,114,0,0,0,0.35714285714285715,0.0,,2.0569048513364727
Pugmil,2021-01-05,114,0,0,0,0.35714285714285715,0.0,,2.0569048513364727
Pugmil,2021-01-06,114,0,0,0,0.21428571428571427,0.0,,2.0569048513364727
Pugmil,2021-01-07,114,0,0,0,0.07142857142857142,0.0,,2.0569048513364727
Pugmil,2021-01-08,114,0,0,0,0.07142857142857142,0.0,,2.0569048513364727
Pugmil,2021-01-09,116,2,0,0,0.21428571428571427,0.0,,2.0644579892269186
Pugmil,2021-01-10,116,0,0,0,0.21428571428571427,0.0,,2.0644579892269186
Pugmil,2021-01-11,116,0,0,0,0.21428571428571427,0.0,,2.0644579892269186
Pugmil,2021-01-12,116,0,0,0,0.21428571428571427,0.0,,2.0644579892269186
Pugmil,2021-01-13,116,0,0,0,0.21428571428571427,0.0,,2.0644579892269186
Pugmil,2021-01-14,116,0,0,0,0.14285714285714285,0.0,,2.0644579892269186
Pugmil,2021-01-15,117,1,0,0,0.21428571428571427,0.0,,2.0681858617461617
Pugmil,2021-01-16,117,0,0,0,0.21428571428571427,0.0,,2.0681858617461617
Pugmil,2021-01-17,118,1,0,0,0.2857142857142857,0.0,,2.0718820073061255
Pugmil,2021-01-18,121,3,0,0,0.5,0.0,,2.08278537031645
Pugmil,2021-01-19,121,0,0,0,0.5,0.0,,2.08278537031645
Pugmil,2021-01-20,121,0,0,0,0.5,0.0,,2.08278537031645
Recursolândia,2020-03-27,0,0,0,0,,,,0.0
Recursolândia,2020-03-28,0,0,0,0,,,,0.0
Recursolândia,2020-03-29,0,0,0,0,,,,0.0
Recursolândia,2020-03-30,0,0,0,0,,,,0.0
Recursolândia,2020-03-31,0,0,0,0,,,,0.0
Recursolândia,2020-04-01,0,0,0,0,,,,0.0
Recursolândia,2020-04-02,0,0,0,0,,,,0.0
Recursolândia,2020-04-03,0,0,0,0,,,,0.0
Recursolândia,2020-04-04,0,0,0,0,,,,0.0
Recursolândia,2020-04-05,0,0,0,0,,,,0.0
Recursolândia,2020-04-06,0,0,0,0,,,,0.0
Recursolândia,2020-04-07,0,0,0,0,,,,0.0
Recursolândia,2020-04-08,0,0,0,0,,,,0.0
Recursolândia,2020-04-09,0,0,0,0,0.0,0.0,,0.0
Recursolândia,2020-04-10,0,0,0,0,0.0,0.0,,0.0
Recursolândia,2020-04-11,0,0,0,0,0.0,0.0,,0.0
Recursolândia,2020-04-12,0,0,0,0,0.0,0.0,,0.0
Recursolândia,2020-04-13,0,0,0,0,0.0,0.0,,0.0
Recursolândia,2020-04-14,0,0,0,0,0.0,0.0,,0.0
Recursolândia,2020-04-15,0,0,0,0,0.0,0.0,,0.0
Recursolândia,2020-04-16,0,0,0,0,0.0,0.0,,0.0
Recursolândia,2020-04-17,0,0,0,0,0.0,0.0,,0.0
Recursolândia,2020-04-18,0,0,0,0,0.0,0.0,,0.0
Recursolândia,2020-04-19,0,0,0,0,0.0,0.0,,0.0
Recursolândia,2020-04-20,0,0,0,0,0.0,0.0,,0.0
Recursolândia,2020-04-21,0,0,0,0,0.0,0.0,,0.0
Recursolândia,2020-04-22,0,0,0,0,0.0,0.0,,0.0
Recursolândia,2020-04-23,0,0,0,0,0.0,0.0,,0.0
Recursolândia,2020-04-24,0,0,0,0,0.0,0.0,,0.0
Recursolândia,2020-04-25,0,0,0,0,0.0,0.0,,0.0
Recursolândia,2020-04-26,0,0,0,0,0.0,0.0,,0.0
Recursolândia,2020-04-27,0,0,0,0,0.0,0.0,,0.0
Recursolândia,2020-04-28,0,0,0,0,0.0,0.0,,0.0
Recursolândia,2020-04-29,0,0,0,0,0.0,0.0,,0.0
Recursolândia,2020-04-30,0,0,0,0,0.0,0.0,,0.0
Recursolândia,2020-05-01,0,0,0,0,0.0,0.0,,0.0
Recursolândia,2020-05-02,0,0,0,0,0.0,0.0,,0.0
Recursolândia,2020-05-03,0,0,0,0,0.0,0.0,,0.0
Recursolândia,2020-05-04,0,0,0,0,0.0,0.0,,0.0
Recursolândia,2020-05-05,0,0,0,0,0.0,0.0,,0.0
Recursolândia,2020-05-06,0,0,0,0,0.0,0.0,,0.0
Recursolândia,2020-05-07,0,0,0,0,0.0,0.0,,0.0
Recursolândia,2020-05-08,0,0,0,0,0.0,0.0,,0.0
Recursolândia,2020-05-09,0,0,0,0,0.0,0.0,,0.0
Recursolândia,2020-05-10,0,0,0,0,0.0,0.0,,0.0
Recursolândia,2020-05-11,0,0,0,0,0.0,0.0,,0.0
Recursolândia,2020-05-12,0,0,0,0,0.0,0.0,,0.0
Recursolândia,2020-05-13,0,0,0,0,0.0,0.0,,0.0
Recursolândia,2020-05-14,0,0,0,0,0.0,0.0,,0.0
Recursolândia,2020-05-15,0,0,0,0,0.0,0.0,,0.0
Recursolândia,2020-05-16,0,0,0,0,0.0,0.0,,0.0
Recursolândia,2020-05-17,0,0,0,0,0.0,0.0,,0.0
Recursolândia,2020-05-18,0,0,0,0,0.0,0.0,,0.0
Recursolândia,2020-05-19,0,0,0,0,0.0,0.0,,0.0
Recursolândia,2020-05-20,0,0,0,0,0.0,0.0,,0.0
Recursolândia,2020-05-21,0,0,0,0,0.0,0.0,,0.0
Recursolândia,2020-05-22,0,0,0,0,0.0,0.0,,0.0
Recursolândia,2020-05-23,0,0,0,0,0.0,0.0,,0.0
Recursolândia,2020-05-24,0,0,0,0,0.0,0.0,,0.0
Recursolândia,2020-05-25,0,0,0,0,0.0,0.0,,0.0
Recursolândia,2020-05-26,0,0,0,0,0.0,0.0,,0.0
Recursolândia,2020-05-27,0,0,0,0,0.0,0.0,,0.0
Recursolândia,2020-05-28,0,0,0,0,0.0,0.0,,0.0
Recursolândia,2020-05-29,0,0,0,0,0.0,0.0,,0.0
Recursolândia,2020-05-30,0,0,0,0,0.0,0.0,,0.0
Recursolândia,2020-05-31,0,0,0,0,0.0,0.0,,0.0
Recursolândia,2020-06-01,0,0,0,0,0.0,0.0,,0.0
Recursolândia,2020-06-02,0,0,0,0,0.0,0.0,,0.0
Recursolândia,2020-06-03,0,0,0,0,0.0,0.0,,0.0
Recursolândia,2020-06-04,0,0,0,0,0.0,0.0,,0.0
Recursolândia,2020-06-05,0,0,0,0,0.0,0.0,,0.0
Recursolândia,2020-06-06,0,0,0,0,0.0,0.0,,0.0
Recursolândia,2020-06-07,0,0,0,0,0.0,0.0,,0.0
Recursolândia,2020-06-08,0,0,0,0,0.0,0.0,,0.0
Recursolândia,2020-06-09,0,0,0,0,0.0,0.0,,0.0
Recursolândia,2020-06-10,0,0,0,0,0.0,0.0,,0.0
Recursolândia,2020-06-11,0,0,0,0,0.0,0.0,,0.0
Recursolândia,2020-06-12,0,0,0,0,0.0,0.0,,0.0
Recursolândia,2020-06-13,0,0,0,0,0.0,0.0,,0.0
Recursolândia,2020-06-14,0,0,0,0,0.0,0.0,,0.0
Recursolândia,2020-06-15,0,0,0,0,0.0,0.0,,0.0
Recursolândia,2020-06-16,0,0,0,0,0.0,0.0,,0.0
Recursolândia,2020-06-17,0,0,0,0,0.0,0.0,,0.0
Recursolândia,2020-06-18,0,0,0,0,0.0,0.0,,0.0
Recursolândia,2020-06-19,0,0,0,0,0.0,0.0,,0.0
Recursolândia,2020-06-20,0,0,0,0,0.0,0.0,,0.0
Recursolândia,2020-06-21,0,0,0,0,0.0,0.0,,0.0
Recursolândia,2020-06-22,0,0,0,0,0.0,0.0,,0.0
Recursolândia,2020-06-23,0,0,0,0,0.0,0.0,,0.0
Recursolândia,2020-06-24,0,0,0,0,0.0,0.0,,0.0
Recursolândia,2020-06-25,0,0,0,0,0.0,0.0,,0.0
Recursolândia,2020-06-26,0,0,0,0,0.0,0.0,,0.0
Recursolândia,2020-06-27,0,0,0,0,0.0,0.0,,0.0
Recursolândia,2020-06-28,0,0,0,0,0.0,0.0,,0.0
Recursolândia,2020-06-29,0,0,0,0,0.0,0.0,,0.0
Recursolândia,2020-06-30,0,0,0,0,0.0,0.0,,0.0
Recursolândia,2020-07-01,0,0,0,0,0.0,0.0,,0.0
Recursolândia,2020-07-02,0,0,0,0,0.0,0.0,,0.0
Recursolândia,2020-07-03,0,0,0,0,0.0,0.0,,0.0
Recursolândia,2020-07-04,0,0,0,0,0.0,0.0,,0.0
Recursolândia,2020-07-05,0,0,0,0,0.0,0.0,,0.0
Recursolândia,2020-07-06,0,0,0,0,0.0,0.0,,0.0
Recursolândia,2020-07-07,0,0,0,0,0.0,0.0,,0.0
Recursolândia,2020-07-08,1,1,0,0,0.07142857142857142,0.0,,0.0
Recursolândia,2020-07-09,1,0,0,0,0.07142857142857142,0.0,,0.0
Recursolândia,2020-07-10,1,0,0,0,0.07142857142857142,0.0,,0.0
Recursolândia,2020-07-11,1,0,0,0,0.07142857142857142,0.0,,0.0
Recursolândia,2020-07-12,1,0,0,0,0.07142857142857142,0.0,,0.0
Recursolândia,2020-07-13,1,0,0,0,0.07142857142857142,0.0,,0.0
Recursolândia,2020-07-14,1,0,0,0,0.07142857142857142,0.0,,0.0
Recursolândia,2020-07-15,1,0,0,0,0.07142857142857142,0.0,,0.0
Recursolândia,2020-07-16,1,0,0,0,0.07142857142857142,0.0,,0.0
Recursolândia,2020-07-17,3,2,0,0,0.21428571428571427,0.0,,0.47712125471966244
Recursolândia,2020-07-18,3,0,0,0,0.21428571428571427,0.0,,0.47712125471966244
Recursolândia,2020-07-19,3,0,0,0,0.21428571428571427,0.0,,0.47712125471966244
Recursolândia,2020-07-20,5,2,0,0,0.35714285714285715,0.0,,0.6989700043360189
Recursolândia,2020-07-21,6,1,0,0,0.42857142857142855,0.0,,0.7781512503836436
Recursolândia,2020-07-22,6,0,0,0,0.35714285714285715,0.0,,0.7781512503836436
Recursolândia,2020-07-23,6,0,0,0,0.35714285714285715,0.0,,0.7781512503836436
Recursolândia,2020-07-24,7,1,0,0,0.42857142857142855,0.0,,0.8450980400142568
Recursolândia,2020-07-25,7,0,0,0,0.42857142857142855,0.0,,0.8450980400142568
Recursolândia,2020-07-26,7,0,0,0,0.42857142857142855,0.0,,0.8450980400142568
Recursolândia,2020-07-27,7,0,0,0,0.42857142857142855,0.0,,0.8450980400142568
Recursolândia,2020-07-28,8,1,0,0,0.5,0.0,,0.9030899869919435
Recursolândia,2020-07-29,8,0,0,0,0.5,0.0,,0.9030899869919435
Recursolândia,2020-07-30,8,0,0,0,0.5,0.0,,0.9030899869919435
Recursolândia,2020-07-31,9,1,0,0,0.42857142857142855,0.0,,0.9542425094393249
Recursolândia,2020-08-01,9,0,0,0,0.42857142857142855,0.0,,0.9542425094393249
Recursolândia,2020-08-02,9,0,0,0,0.42857142857142855,0.0,,0.9542425094393249
Recursolândia,2020-08-03,9,0,0,0,0.2857142857142857,0.0,,0.9542425094393249
Recursolândia,2020-08-04,9,0,0,0,0.21428571428571427,0.0,,0.9542425094393249
Recursolândia,2020-08-05,9,0,0,0,0.21428571428571427,0.0,,0.9542425094393249
Recursolândia,2020-08-06,9,0,0,0,0.21428571428571427,0.0,,0.9542425094393249
Recursolândia,2020-08-07,9,0,0,0,0.14285714285714285,0.0,,0.9542425094393249
Recursolândia,2020-08-08,9,0,0,0,0.14285714285714285,0.0,,0.9542425094393249
Recursolândia,2020-08-09,9,0,0,0,0.14285714285714285,0.0,,0.9542425094393249
Recursolândia,2020-08-10,9,0,0,0,0.14285714285714285,0.0,,0.9542425094393249
Recursolândia,2020-08-11,10,1,0,0,0.14285714285714285,0.0,,1.0
Recursolândia,2020-08-12,10,0,0,0,0.14285714285714285,0.0,,1.0
Recursolândia,2020-08-13,11,1,0,0,0.21428571428571427,0.0,,1.041392685158225
Recursolândia,2020-08-14,12,1,0,0,0.21428571428571427,0.0,,1.0791812460476249
Recursolândia,2020-08-15,12,0,0,0,0.21428571428571427,0.0,,1.0791812460476249
Recursolândia,2020-08-16,12,0,0,0,0.21428571428571427,0.0,,1.0791812460476249
Recursolândia,2020-08-17,19,7,0,0,0.7142857142857143,0.0,,1.2787536009528289
Recursolândia,2020-08-18,23,4,0,0,1.0,0.0,,1.3617278360175928
Recursolândia,2020-08-19,23,0,0,0,1.0,0.0,,1.3617278360175928
Recursolândia,2020-08-20,33,10,0,0,1.7142857142857142,0.0,,1.5185139398778875
Recursolândia,2020-08-21,34,1,0,0,1.7857142857142858,0.0,,1.5314789170422551
Recursolândia,2020-08-22,34,0,0,0,1.7857142857142858,0.0,,1.5314789170422551
Recursolândia,2020-08-23,35,1,0,0,1.8571428571428572,0.0,,1.5440680443502757
Recursolândia,2020-08-24,42,7,0,0,2.357142857142857,0.0,,1.6232492903979006
Recursolândia,2020-08-25,42,0,0,0,2.2857142857142856,0.0,,1.6232492903979006
Recursolândia,2020-08-26,48,6,0,0,2.7142857142857144,0.0,,1.6812412373755872
Recursolândia,2020-08-27,55,7,0,0,3.142857142857143,0.0,,1.7403626894942439
Recursolândia,2020-08-28,58,3,0,0,3.2857142857142856,0.0,,1.7634279935629373
Recursolândia,2020-08-29,58,0,0,0,3.2857142857142856,0.0,,1.7634279935629373
Recursolândia,2020-08-30,58,0,0,0,3.2857142857142856,0.0,,1.7634279935629373
Recursolândia,2020-08-31,60,2,0,0,2.9285714285714284,0.0,,1.7781512503836436
Recursolândia,2020-09-01,60,0,0,0,2.642857142857143,0.0,,1.7781512503836436
Recursolândia,2020-09-02,60,0,0,0,2.642857142857143,0.0,,1.7781512503836436
Recursolândia,2020-09-03,61,1,0,0,2.0,0.0,,1.7853298350107671
Recursolândia,2020-09-04,63,2,0,0,2.0714285714285716,0.0,,1.7993405494535817
Recursolândia,2020-09-05,64,1,0,0,2.142857142857143,0.0,,1.806179973983887
Recursolândia,2020-09-06,65,1,0,0,2.142857142857143,0.0,,1.8129133566428555
Recursolândia,2020-09-07,68,3,0,0,1.8571428571428572,0.0,,1.8325089127062364
Recursolândia,2020-09-08,68,0,0,0,1.8571428571428572,0.0,,1.8325089127062364
Recursolândia,2020-09-09,72,4,0,0,1.7142857142857142,0.0,,1.8573324964312685
Recursolândia,2020-09-10,72,0,0,0,1.2142857142857142,0.0,,1.8573324964312685
Recursolândia,2020-09-11,72,0,0,0,1.0,0.0,,1.8573324964312685
Recursolândia,2020-09-12,72,0,0,0,1.0,0.0,,1.8573324964312685
Recursolândia,2020-09-13,72,0,0,0,1.0,0.0,,1.8573324964312685
Recursolândia,2020-09-14,72,0,0,0,0.8571428571428571,0.0,,1.8573324964312685
Recursolândia,2020-09-15,73,1,0,0,0.9285714285714286,0.0,,1.863322860120456
Recursolândia,2020-09-16,73,0,0,0,0.9285714285714286,0.0,,1.863322860120456
Recursolândia,2020-09-17,77,4,0,0,1.1428571428571428,0.0,,1.8864907251724818
Recursolândia,2020-09-18,76,-1,0,0,0.9285714285714286,0.0,,1.8808135922807914
Recursolândia,2020-09-19,76,0,0,0,0.8571428571428571,0.0,,1.8808135922807914
Recursolândia,2020-09-20,76,0,0,0,0.7857142857142857,0.0,,1.8808135922807914
Recursolândia,2020-09-21,76,0,0,0,0.5714285714285714,0.0,,1.8808135922807914
Recursolândia,2020-09-22,76,0,0,0,0.5714285714285714,0.0,,1.8808135922807914
Recursolândia,2020-09-23,76,0,0,0,0.2857142857142857,0.0,,1.8808135922807914
Recursolândia,2020-09-24,78,2,1,1,0.42857142857142855,0.07142857142857142,inf,1.8920946026904804
Recursolândia,2020-09-25,78,0,1,0,0.42857142857142855,0.07142857142857142,inf,1.8920946026904804
Recursolândia,2020-09-26,78,0,1,0,0.42857142857142855,0.07142857142857142,inf,1.8920946026904804
Recursolândia,2020-09-27,78,0,1,0,0.42857142857142855,0.07142857142857142,inf,1.8920946026904804
Recursolândia,2020-09-28,78,0,1,0,0.42857142857142855,0.07142857142857142,inf,1.8920946026904804
Recursolândia,2020-09-29,78,0,1,0,0.35714285714285715,0.07142857142857142,inf,1.8920946026904804
Recursolândia,2020-09-30,78,0,1,0,0.35714285714285715,0.07142857142857142,inf,1.8920946026904804
Recursolândia,2020-10-01,78,0,1,0,0.07142857142857142,0.07142857142857142,inf,1.8920946026904804
Recursolândia,2020-10-02,80,2,1,0,0.2857142857142857,0.07142857142857142,inf,1.9030899869919435
Recursolândia,2020-10-03,81,1,1,0,0.35714285714285715,0.07142857142857142,inf,1.9084850188786497
Recursolândia,2020-10-04,81,0,1,0,0.35714285714285715,0.07142857142857142,inf,1.9084850188786497
Recursolândia,2020-10-05,81,0,1,0,0.35714285714285715,0.07142857142857142,inf,1.9084850188786497
Recursolândia,2020-10-06,81,0,1,0,0.35714285714285715,0.07142857142857142,inf,1.9084850188786497
Recursolândia,2020-10-07,81,0,1,0,0.35714285714285715,0.07142857142857142,inf,1.9084850188786497
Recursolândia,2020-10-08,81,0,1,0,0.21428571428571427,0.0,-1.0,1.9084850188786497
Recursolândia,2020-10-09,82,1,1,0,0.2857142857142857,0.0,-1.0,1.9138138523837167
Recursolândia,2020-10-10,82,0,1,0,0.2857142857142857,0.0,-1.0,1.9138138523837167
Recursolândia,2020-10-11,82,0,1,0,0.2857142857142857,0.0,-1.0,1.9138138523837167
Recursolândia,2020-10-12,82,0,1,0,0.2857142857142857,0.0,-1.0,1.9138138523837167
Recursolândia,2020-10-13,82,0,1,0,0.2857142857142857,0.0,-1.0,1.9138138523837167
Recursolândia,2020-10-14,82,0,1,0,0.2857142857142857,0.0,-1.0,1.9138138523837167
Recursolândia,2020-10-15,82,0,1,0,0.2857142857142857,0.0,-1.0,1.9138138523837167
Recursolândia,2020-10-16,84,2,1,0,0.2857142857142857,0.0,-1.0,1.9242792860618816
Recursolândia,2020-10-17,84,0,1,0,0.21428571428571427,0.0,-1.0,1.9242792860618816
Recursolândia,2020-10-18,84,0,1,0,0.21428571428571427,0.0,-1.0,1.9242792860618816
Recursolândia,2020-10-19,87,3,1,0,0.42857142857142855,0.0,-1.0,1.9395192526186185
Recursolândia,2020-10-20,87,0,1,0,0.42857142857142855,0.0,-1.0,1.9395192526186185
Recursolândia,2020-10-21,87,0,1,0,0.42857142857142855,0.0,-1.0,1.9395192526186185
Recursolândia,2020-10-22,87,0,1,0,0.42857142857142855,0.0,,1.9395192526186185
Recursolândia,2020-10-23,87,0,1,0,0.35714285714285715,0.0,,1.9395192526186185
Recursolândia,2020-10-24,87,0,1,0,0.35714285714285715,0.0,,1.9395192526186185
Recursolândia,2020-10-25,87,0,1,0,0.35714285714285715,0.0,,1.9395192526186185
Recursolândia,2020-10-26,87,0,1,0,0.35714285714285715,0.0,,1.9395192526186185
Recursolândia,2020-10-27,93,6,1,0,0.7857142857142857,0.0,,1.968482948553935
Recursolândia,2020-10-28,93,0,1,0,0.7857142857142857,0.0,,1.968482948553935
Recursolândia,2020-10-29,96,3,1,0,1.0,0.0,,1.9822712330395684
Recursolândia,2020-10-30,96,0,1,0,0.8571428571428571,0.0,,1.9822712330395684
Recursolândia,2020-10-31,96,0,1,0,0.8571428571428571,0.0,,1.9822712330395684
Recursolândia,2020-11-01,96,0,1,0,0.8571428571428571,0.0,,1.9822712330395684
Recursolândia,2020-11-02,96,0,1,0,0.6428571428571429,0.0,,1.9822712330395684
Recursolândia,2020-11-03,96,0,1,0,0.6428571428571429,0.0,,1.9822712330395684
Recursolândia,2020-11-04,101,5,1,0,1.0,0.0,,2.0043213737826426
Recursolândia,2020-11-05,101,0,1,0,1.0,0.0,,2.0043213737826426
Recursolândia,2020-11-06,101,0,1,0,1.0,0.0,,2.0043213737826426
Recursolândia,2020-11-07,101,0,1,0,1.0,0.0,,2.0043213737826426
Recursolândia,2020-11-08,101,0,1,0,1.0,0.0,,2.0043213737826426
Recursolândia,2020-11-09,101,0,1,0,1.0,0.0,,2.0043213737826426
Recursolândia,2020-11-10,101,0,1,0,0.5714285714285714,0.0,,2.0043213737826426
Recursolândia,2020-11-11,101,0,1,0,0.5714285714285714,0.0,,2.0043213737826426
Recursolândia,2020-11-12,101,0,1,0,0.35714285714285715,0.0,,2.0043213737826426
Recursolândia,2020-11-13,101,0,1,0,0.35714285714285715,0.0,,2.0043213737826426
Recursolândia,2020-11-14,101,0,1,0,0.35714285714285715,0.0,,2.0043213737826426
Recursolândia,2020-11-15,101,0,1,0,0.35714285714285715,0.0,,2.0043213737826426
Recursolândia,2020-11-16,101,0,1,0,0.35714285714285715,0.0,,2.0043213737826426
Recursolândia,2020-11-17,101,0,1,0,0.35714285714285715,0.0,,2.0043213737826426
Recursolândia,2020-11-18,101,0,1,0,0.0,0.0,,2.0043213737826426
Recursolândia,2020-11-19,101,0,1,0,0.0,0.0,,2.0043213737826426
Recursolândia,2020-11-20,101,0,1,0,0.0,0.0,,2.0043213737826426
Recursolândia,2020-11-21,101,0,1,0,0.0,0.0,,2.0043213737826426
Recursolândia,2020-11-22,101,0,1,0,0.0,0.0,,2.0043213737826426
Recursolândia,2020-11-23,101,0,1,0,0.0,0.0,,2.0043213737826426
Recursolândia,2020-11-24,101,0,1,0,0.0,0.0,,2.0043213737826426
Recursolândia,2020-11-25,101,0,1,0,0.0,0.0,,2.0043213737826426
Recursolândia,2020-11-26,101,0,1,0,0.0,0.0,,2.0043213737826426
Recursolândia,2020-11-27,101,0,1,0,0.0,0.0,,2.0043213737826426
Recursolândia,2020-11-28,102,1,1,0,0.07142857142857142,0.0,,2.0086001717619175
Recursolândia,2020-11-29,102,0,1,0,0.07142857142857142,0.0,,2.0086001717619175
Recursolândia,2020-11-30,102,0,1,0,0.07142857142857142,0.0,,2.0086001717619175
Recursolândia,2020-12-01,102,0,1,0,0.07142857142857142,0.0,,2.0086001717619175
Recursolândia,2020-12-02,102,0,1,0,0.07142857142857142,0.0,,2.0086001717619175
Recursolândia,2020-12-03,102,0,1,0,0.07142857142857142,0.0,,2.0086001717619175
Recursolândia,2020-12-04,102,0,1,0,0.07142857142857142,0.0,,2.0086001717619175
Recursolândia,2020-12-05,102,0,1,0,0.07142857142857142,0.0,,2.0086001717619175
Recursolândia,2020-12-06,102,0,1,0,0.07142857142857142,0.0,,2.0086001717619175
Recursolândia,2020-12-07,102,0,1,0,0.07142857142857142,0.0,,2.0086001717619175
Recursolândia,2020-12-08,102,0,1,0,0.07142857142857142,0.0,,2.0086001717619175
Recursolândia,2020-12-09,104,2,1,0,0.21428571428571427,0.0,,2.0170333392987803
Recursolândia,2020-12-10,105,1,1,0,0.2857142857142857,0.0,,2.0211892990699383
Recursolândia,2020-12-11,105,0,1,0,0.2857142857142857,0.0,,2.0211892990699383
Recursolândia,2020-12-12,105,0,1,0,0.21428571428571427,0.0,,2.0211892990699383
Recursolândia,2020-12-13,105,0,1,0,0.21428571428571427,0.0,,2.0211892990699383
Recursolândia,2020-12-14,105,0,1,0,0.21428571428571427,0.0,,2.0211892990699383
Recursolândia,2020-12-15,105,0,1,0,0.21428571428571427,0.0,,2.0211892990699383
Recursolândia,2020-12-16,109,4,1,0,0.5,0.0,,2.037426497940624
Recursolândia,2020-12-17,109,0,1,0,0.5,0.0,,2.037426497940624
Recursolândia,2020-12-18,109,0,1,0,0.5,0.0,,2.037426497940624
Recursolândia,2020-12-19,109,0,1,0,0.5,0.0,,2.037426497940624
Recursolândia,2020-12-20,109,0,1,0,0.5,0.0,,2.037426497940624
Recursolândia,2020-12-21,109,0,1,0,0.5,0.0,,2.037426497940624
Recursolândia,2020-12-22,109,0,1,0,0.5,0.0,,2.037426497940624
Recursolândia,2020-12-23,109,0,1,0,0.35714285714285715,0.0,,2.037426497940624
Recursolândia,2020-12-24,109,0,1,0,0.2857142857142857,0.0,,2.037426497940624
Recursolândia,2020-12-25,109,0,1,0,0.2857142857142857,0.0,,2.037426497940624
Recursolândia,2020-12-26,109,0,1,0,0.2857142857142857,0.0,,2.037426497940624
Recursolândia,2020-12-27,109,0,1,0,0.2857142857142857,0.0,,2.037426497940624
Recursolândia,2020-12-28,109,0,1,0,0.2857142857142857,0.0,,2.037426497940624
Recursolândia,2020-12-29,109,0,1,0,0.2857142857142857,0.0,,2.037426497940624
Recursolândia,2020-12-30,110,1,2,1,0.07142857142857142,0.07142857142857142,inf,2.041392685158225
Recursolândia,2020-12-31,110,0,2,0,0.07142857142857142,0.07142857142857142,inf,2.041392685158225
Recursolândia,2021-01-01,110,0,2,0,0.07142857142857142,0.07142857142857142,inf,2.041392685158225
Recursolândia,2021-01-02,110,0,2,0,0.07142857142857142,0.07142857142857142,inf,2.041392685158225
Recursolândia,2021-01-03,110,0,2,0,0.07142857142857142,0.07142857142857142,inf,2.041392685158225
Recursolândia,2021-01-04,110,0,2,0,0.07142857142857142,0.07142857142857142,inf,2.041392685158225
Recursolândia,2021-01-05,110,0,2,0,0.07142857142857142,0.07142857142857142,inf,2.041392685158225
Recursolândia,2021-01-06,110,0,2,0,0.07142857142857142,0.07142857142857142,inf,2.041392685158225
Recursolândia,2021-01-07,110,0,2,0,0.07142857142857142,0.07142857142857142,inf,2.041392685158225
Recursolândia,2021-01-08,110,0,2,0,0.07142857142857142,0.07142857142857142,inf,2.041392685158225
Recursolândia,2021-01-09,110,0,2,0,0.07142857142857142,0.07142857142857142,inf,2.041392685158225
Recursolândia,2021-01-10,110,0,2,0,0.07142857142857142,0.07142857142857142,inf,2.041392685158225
Recursolândia,2021-01-11,110,0,2,0,0.07142857142857142,0.07142857142857142,inf,2.041392685158225
Recursolândia,2021-01-12,110,0,2,0,0.07142857142857142,0.07142857142857142,inf,2.041392685158225
Recursolândia,2021-01-13,110,0,2,0,0.0,0.0,-1.0,2.041392685158225
Recursolândia,2021-01-14,111,1,2,0,0.07142857142857142,0.0,-1.0,2.0453229787866576
Recursolândia,2021-01-15,111,0,2,0,0.07142857142857142,0.0,-1.0,2.0453229787866576
Recursolândia,2021-01-16,111,0,2,0,0.07142857142857142,0.0,-1.0,2.0453229787866576
Recursolândia,2021-01-17,111,0,2,0,0.07142857142857142,0.0,-1.0,2.0453229787866576
Recursolândia,2021-01-18,111,0,2,0,0.07142857142857142,0.0,-1.0,2.0453229787866576
Recursolândia,2021-01-19,111,0,2,0,0.07142857142857142,0.0,-1.0,2.0453229787866576
Recursolândia,2021-01-20,111,0,2,0,0.07142857142857142,0.0,-1.0,2.0453229787866576
Riachinho,2020-03-27,0,0,0,0,,,,0.0
Riachinho,2020-03-28,0,0,0,0,,,,0.0
Riachinho,2020-03-29,0,0,0,0,,,,0.0
Riachinho,2020-03-30,0,0,0,0,,,,0.0
Riachinho,2020-03-31,0,0,0,0,,,,0.0
Riachinho,2020-04-01,0,0,0,0,,,,0.0
Riachinho,2020-04-02,0,0,0,0,,,,0.0
Riachinho,2020-04-03,0,0,0,0,,,,0.0
Riachinho,2020-04-04,0,0,0,0,,,,0.0
Riachinho,2020-04-05,0,0,0,0,,,,0.0
Riachinho,2020-04-06,0,0,0,0,,,,0.0
Riachinho,2020-04-07,0,0,0,0,,,,0.0
Riachinho,2020-04-08,0,0,0,0,,,,0.0
Riachinho,2020-04-09,0,0,0,0,0.0,0.0,,0.0
Riachinho,2020-04-10,0,0,0,0,0.0,0.0,,0.0
Riachinho,2020-04-11,0,0,0,0,0.0,0.0,,0.0
Riachinho,2020-04-12,0,0,0,0,0.0,0.0,,0.0
Riachinho,2020-04-13,0,0,0,0,0.0,0.0,,0.0
Riachinho,2020-04-14,0,0,0,0,0.0,0.0,,0.0
Riachinho,2020-04-15,0,0,0,0,0.0,0.0,,0.0
Riachinho,2020-04-16,0,0,0,0,0.0,0.0,,0.0
Riachinho,2020-04-17,0,0,0,0,0.0,0.0,,0.0
Riachinho,2020-04-18,0,0,0,0,0.0,0.0,,0.0
Riachinho,2020-04-19,0,0,0,0,0.0,0.0,,0.0
Riachinho,2020-04-20,0,0,0,0,0.0,0.0,,0.0
Riachinho,2020-04-21,0,0,0,0,0.0,0.0,,0.0
Riachinho,2020-04-22,0,0,0,0,0.0,0.0,,0.0
Riachinho,2020-04-23,0,0,0,0,0.0,0.0,,0.0
Riachinho,2020-04-24,0,0,0,0,0.0,0.0,,0.0
Riachinho,2020-04-25,0,0,0,0,0.0,0.0,,0.0
Riachinho,2020-04-26,0,0,0,0,0.0,0.0,,0.0
Riachinho,2020-04-27,0,0,0,0,0.0,0.0,,0.0
Riachinho,2020-04-28,0,0,0,0,0.0,0.0,,0.0
Riachinho,2020-04-29,0,0,0,0,0.0,0.0,,0.0
Riachinho,2020-04-30,0,0,0,0,0.0,0.0,,0.0
Riachinho,2020-05-01,0,0,0,0,0.0,0.0,,0.0
Riachinho,2020-05-02,0,0,0,0,0.0,0.0,,0.0
Riachinho,2020-05-03,0,0,0,0,0.0,0.0,,0.0
Riachinho,2020-05-04,0,0,0,0,0.0,0.0,,0.0
Riachinho,2020-05-05,0,0,0,0,0.0,0.0,,0.0
Riachinho,2020-05-06,0,0,0,0,0.0,0.0,,0.0
Riachinho,2020-05-07,0,0,0,0,0.0,0.0,,0.0
Riachinho,2020-05-08,0,0,0,0,0.0,0.0,,0.0
Riachinho,2020-05-09,0,0,0,0,0.0,0.0,,0.0
Riachinho,2020-05-10,0,0,0,0,0.0,0.0,,0.0
Riachinho,2020-05-11,0,0,0,0,0.0,0.0,,0.0
Riachinho,2020-05-12,0,0,0,0,0.0,0.0,,0.0
Riachinho,2020-05-13,0,0,0,0,0.0,0.0,,0.0
Riachinho,2020-05-14,0,0,0,0,0.0,0.0,,0.0
Riachinho,2020-05-15,0,0,0,0,0.0,0.0,,0.0
Riachinho,2020-05-16,0,0,0,0,0.0,0.0,,0.0
Riachinho,2020-05-17,0,0,0,0,0.0,0.0,,0.0
Riachinho,2020-05-18,2,2,0,0,0.14285714285714285,0.0,,0.3010299956639812
Riachinho,2020-05-19,2,0,0,0,0.14285714285714285,0.0,,0.3010299956639812
Riachinho,2020-05-20,2,0,0,0,0.14285714285714285,0.0,,0.3010299956639812
Riachinho,2020-05-21,3,1,0,0,0.21428571428571427,0.0,,0.47712125471966244
Riachinho,2020-05-22,3,0,0,0,0.21428571428571427,0.0,,0.47712125471966244
Riachinho,2020-05-23,4,1,0,0,0.2857142857142857,0.0,,0.6020599913279624
Riachinho,2020-05-24,3,-1,0,0,0.21428571428571427,0.0,,0.47712125471966244
Riachinho,2020-05-25,3,0,0,0,0.21428571428571427,0.0,,0.47712125471966244
Riachinho,2020-05-26,3,0,0,0,0.21428571428571427,0.0,,0.47712125471966244
Riachinho,2020-05-27,3,0,0,0,0.21428571428571427,0.0,,0.47712125471966244
Riachinho,2020-05-28,3,0,0,0,0.21428571428571427,0.0,,0.47712125471966244
Riachinho,2020-05-29,3,0,0,0,0.21428571428571427,0.0,,0.47712125471966244
Riachinho,2020-05-30,3,0,0,0,0.21428571428571427,0.0,,0.47712125471966244
Riachinho,2020-05-31,3,0,0,0,0.21428571428571427,0.0,,0.47712125471966244
Riachinho,2020-06-01,3,0,0,0,0.07142857142857142,0.0,,0.47712125471966244
Riachinho,2020-06-02,3,0,0,0,0.07142857142857142,0.0,,0.47712125471966244
Riachinho,2020-06-03,4,1,0,0,0.14285714285714285,0.0,,0.6020599913279624
Riachinho,2020-06-04,3,-1,0,0,0.0,0.0,,0.47712125471966244
Riachinho,2020-06-05,3,0,0,0,0.0,0.0,,0.47712125471966244
Riachinho,2020-06-06,3,0,0,0,-0.07142857142857142,0.0,,0.47712125471966244
Riachinho,2020-06-07,3,0,0,0,0.0,0.0,,0.47712125471966244
Riachinho,2020-06-08,3,0,0,0,0.0,0.0,,0.47712125471966244
Riachinho,2020-06-09,3,0,0,0,0.0,0.0,,0.47712125471966244
Riachinho,2020-06-10,4,1,0,0,0.07142857142857142,0.0,,0.6020599913279624
Riachinho,2020-06-11,4,0,0,0,0.07142857142857142,0.0,,0.6020599913279624
Riachinho,2020-06-12,4,0,0,0,0.07142857142857142,0.0,,0.6020599913279624
Riachinho,2020-06-13,4,0,0,0,0.07142857142857142,0.0,,0.6020599913279624
Riachinho,2020-06-14,4,0,0,0,0.07142857142857142,0.0,,0.6020599913279624
Riachinho,2020-06-15,4,0,0,0,0.07142857142857142,0.0,,0.6020599913279624
Riachinho,2020-06-16,4,0,0,0,0.07142857142857142,0.0,,0.6020599913279624
Riachinho,2020-06-17,4,0,0,0,0.0,0.0,,0.6020599913279624
Riachinho,2020-06-18,4,0,0,0,0.07142857142857142,0.0,,0.6020599913279624
Riachinho,2020-06-19,4,0,0,0,0.07142857142857142,0.0,,0.6020599913279624
Riachinho,2020-06-20,5,1,0,0,0.14285714285714285,0.0,,0.6989700043360189
Riachinho,2020-06-21,5,0,0,0,0.14285714285714285,0.0,,0.6989700043360189
Riachinho,2020-06-22,5,0,0,0,0.14285714285714285,0.0,,0.6989700043360189
Riachinho,2020-06-23,5,0,0,0,0.14285714285714285,0.0,,0.6989700043360189
Riachinho,2020-06-24,5,0,0,0,0.07142857142857142,0.0,,0.6989700043360189
Riachinho,2020-06-25,5,0,0,0,0.07142857142857142,0.0,,0.6989700043360189
Riachinho,2020-06-26,6,1,0,0,0.14285714285714285,0.0,,0.7781512503836436
Riachinho,2020-06-27,8,2,0,0,0.2857142857142857,0.0,,0.9030899869919435
Riachinho,2020-06-28,9,1,0,0,0.35714285714285715,0.0,,0.9542425094393249
Riachinho,2020-06-29,9,0,0,0,0.35714285714285715,0.0,,0.9542425094393249
Riachinho,2020-06-30,13,4,0,0,0.6428571428571429,0.0,,1.1139433523068367
Riachinho,2020-07-01,13,0,0,0,0.6428571428571429,0.0,,1.1139433523068367
Riachinho,2020-07-02,14,1,0,0,0.7142857142857143,0.0,,1.146128035678238
Riachinho,2020-07-03,14,0,0,0,0.7142857142857143,0.0,,1.146128035678238
Riachinho,2020-07-04,16,2,0,0,0.7857142857142857,0.0,,1.2041199826559248
Riachinho,2020-07-05,16,0,0,0,0.7857142857142857,0.0,,1.2041199826559248
Riachinho,2020-07-06,18,2,0,0,0.9285714285714286,0.0,,1.255272505103306
Riachinho,2020-07-07,19,1,0,0,1.0,0.0,,1.2787536009528289
Riachinho,2020-07-08,22,3,0,0,1.2142857142857142,0.0,,1.3424226808222062
Riachinho,2020-07-09,23,1,0,0,1.2857142857142858,0.0,,1.3617278360175928
Riachinho,2020-07-10,24,1,0,0,1.2857142857142858,0.0,,1.380211241711606
Riachinho,2020-07-11,25,1,0,0,1.2142857142857142,0.0,,1.3979400086720377
Riachinho,2020-07-12,24,-1,0,0,1.0714285714285714,0.0,,1.380211241711606
Riachinho,2020-07-13,24,0,0,0,1.0714285714285714,0.0,,1.380211241711606
Riachinho,2020-07-14,24,0,0,0,0.7857142857142857,0.0,,1.380211241711606
Riachinho,2020-07-15,30,6,0,0,1.2142857142857142,0.0,,1.4771212547196624
Riachinho,2020-07-16,33,3,0,0,1.3571428571428572,0.0,,1.5185139398778875
Riachinho,2020-07-17,33,0,0,0,1.3571428571428572,0.0,,1.5185139398778875
Riachinho,2020-07-18,34,1,0,0,1.2857142857142858,0.0,,1.5314789170422551
Riachinho,2020-07-19,34,0,0,0,1.2857142857142858,0.0,,1.5314789170422551
Riachinho,2020-07-20,34,0,0,0,1.1428571428571428,0.0,,1.5314789170422551
Riachinho,2020-07-21,36,2,0,0,1.2142857142857142,0.0,,1.5563025007672873
Riachinho,2020-07-22,36,0,0,0,1.0,0.0,,1.5563025007672873
Riachinho,2020-07-23,37,1,0,0,1.0,0.0,,1.568201724066995
Riachinho,2020-07-24,39,2,0,0,1.0714285714285714,0.0,,1.591064607026499
Riachinho,2020-07-25,43,4,0,0,1.2857142857142858,0.0,,1.6334684555795866
Riachinho,2020-07-26,45,2,0,0,1.5,0.0,,1.6532125137753437
Riachinho,2020-07-27,45,0,0,0,1.5,0.0,,1.6532125137753437
Riachinho,2020-07-28,49,4,0,0,1.7857142857142858,0.0,,1.6901960800285136
Riachinho,2020-07-29,49,0,0,0,1.3571428571428572,0.0,,1.6901960800285136
Riachinho,2020-07-30,49,0,0,0,1.1428571428571428,0.0,,1.6901960800285136
Riachinho,2020-07-31,49,0,0,0,1.1428571428571428,0.0,,1.6901960800285136
Riachinho,2020-08-01,50,1,0,0,1.1428571428571428,0.0,,1.6989700043360187
Riachinho,2020-08-02,56,6,0,0,1.5714285714285714,0.0,,1.7481880270062005
Riachinho,2020-08-03,56,0,0,0,1.5714285714285714,0.0,,1.7481880270062005
Riachinho,2020-08-04,56,0,0,0,1.4285714285714286,0.0,,1.7481880270062005
Riachinho,2020-08-05,56,0,0,0,1.4285714285714286,0.0,,1.7481880270062005
Riachinho,2020-08-06,56,0,0,0,1.3571428571428572,0.0,,1.7481880270062005
Riachinho,2020-08-07,56,0,0,0,1.2142857142857142,0.0,,1.7481880270062005
Riachinho,2020-08-08,56,0,0,0,0.9285714285714286,0.0,,1.7481880270062005
Riachinho,2020-08-09,56,0,0,0,0.7857142857142857,0.0,,1.7481880270062005
Riachinho,2020-08-10,59,3,0,0,1.0,0.0,,1.7708520116421442
Riachinho,2020-08-11,62,3,0,0,0.9285714285714286,0.0,,1.792391689498254
Riachinho,2020-08-12,64,2,0,0,1.0714285714285714,0.0,,1.806179973983887
Riachinho,2020-08-13,68,4,0,0,1.3571428571428572,0.0,,1.8325089127062364
Riachinho,2020-08-14,70,2,0,0,1.5,0.0,,1.845098040014257
Riachinho,2020-08-15,70,0,0,0,1.4285714285714286,0.0,,1.845098040014257
Riachinho,2020-08-16,70,0,0,0,1.0,0.0,,1.845098040014257
Riachinho,2020-08-17,70,0,0,0,1.0,0.0,,1.845098040014257
Riachinho,2020-08-18,74,4,0,0,1.2857142857142858,0.0,,1.8692317197309762
Riachinho,2020-08-19,82,8,0,0,1.8571428571428572,0.0,,1.9138138523837167
Riachinho,2020-08-20,82,0,0,0,1.8571428571428572,0.0,,1.9138138523837167
Riachinho,2020-08-21,90,8,0,0,2.4285714285714284,0.0,,1.9542425094393248
Riachinho,2020-08-22,90,0,0,0,2.4285714285714284,0.0,,1.9542425094393248
Riachinho,2020-08-23,90,0,0,0,2.4285714285714284,0.0,,1.9542425094393248
Riachinho,2020-08-24,90,0,0,0,2.2142857142857144,0.0,,1.9542425094393248
Riachinho,2020-08-25,98,8,0,0,2.5714285714285716,0.0,,1.9912260756924949
Riachinho,2020-08-26,98,0,0,0,2.4285714285714284,0.0,,1.9912260756924949
Riachinho,2020-08-27,107,9,0,0,2.7857142857142856,0.0,,2.0293837776852097
Riachinho,2020-08-28,109,2,0,0,2.7857142857142856,0.0,,2.037426497940624
Riachinho,2020-08-29,110,1,0,0,2.857142857142857,0.0,,2.041392685158225
Riachinho,2020-08-30,110,0,0,0,2.857142857142857,0.0,,2.041392685158225
Riachinho,2020-08-31,110,0,0,0,2.857142857142857,0.0,,2.041392685158225
Riachinho,2020-09-01,110,0,0,0,2.5714285714285716,0.0,,2.041392685158225
Riachinho,2020-09-02,110,0,0,0,2.0,0.0,,2.041392685158225
Riachinho,2020-09-03,115,5,0,0,2.357142857142857,0.0,,2.060697840353612
Riachinho,2020-09-04,116,1,0,0,1.8571428571428572,0.0,,2.0644579892269186
Riachinho,2020-09-05,116,0,0,0,1.8571428571428572,0.0,,2.0644579892269186
Riachinho,2020-09-06,117,1,0,0,1.9285714285714286,0.0,,2.0681858617461617
Riachinho,2020-09-07,117,0,0,0,1.9285714285714286,0.0,,2.0681858617461617
Riachinho,2020-09-08,117,0,0,0,1.3571428571428572,0.0,,2.0681858617461617
Riachinho,2020-09-09,122,5,0,0,1.7142857142857142,0.0,,2.0863598306747484
Riachinho,2020-09-10,130,8,0,0,1.6428571428571428,0.0,,2.113943352306837
Riachinho,2020-09-11,130,0,0,0,1.5,0.0,,2.113943352306837
Riachinho,2020-09-12,130,0,0,0,1.4285714285714286,0.0,,2.113943352306837
Riachinho,2020-09-13,130,0,0,0,1.4285714285714286,0.0,,2.113943352306837
Riachinho,2020-09-14,130,0,0,0,1.4285714285714286,0.0,,2.113943352306837
Riachinho,2020-09-15,129,-1,0,0,1.3571428571428572,0.0,,2.110589710299249
Riachinho,2020-09-16,129,0,0,0,1.3571428571428572,0.0,,2.110589710299249
Riachinho,2020-09-17,129,0,0,0,1.0,0.0,,2.110589710299249
Riachinho,2020-09-18,129,0,0,0,0.9285714285714286,0.0,,2.110589710299249
Riachinho,2020-09-19,130,1,0,0,1.0,0.0,,2.113943352306837
Riachinho,2020-09-20,130,0,0,0,0.9285714285714286,0.0,,2.113943352306837
Riachinho,2020-09-21,130,0,0,0,0.9285714285714286,0.0,,2.113943352306837
Riachinho,2020-09-22,132,2,0,0,1.0714285714285714,0.0,,2.12057393120585
Riachinho,2020-09-23,132,0,0,0,0.7142857142857143,0.0,,2.12057393120585
Riachinho,2020-09-24,130,-2,0,0,0.0,0.0,,2.113943352306837
Riachinho,2020-09-25,130,0,0,0,0.0,0.0,,2.113943352306837
Riachinho,2020-09-26,132,2,0,0,0.14285714285714285,0.0,,2.12057393120585
Riachinho,2020-09-27,133,1,0,0,0.21428571428571427,0.0,,2.123851640967086
Riachinho,2020-09-28,133,0,0,0,0.21428571428571427,0.0,,2.123851640967086
Riachinho,2020-09-29,134,1,0,0,0.35714285714285715,0.0,,2.1271047983648077
Riachinho,2020-09-30,134,0,0,0,0.35714285714285715,0.0,,2.1271047983648077
Riachinho,2020-10-01,134,0,0,0,0.35714285714285715,0.0,,2.1271047983648077
Riachinho,2020-10-02,134,0,0,0,0.35714285714285715,0.0,,2.1271047983648077
Riachinho,2020-10-03,134,0,0,0,0.2857142857142857,0.0,,2.1271047983648077
Riachinho,2020-10-04,134,0,0,0,0.2857142857142857,0.0,,2.1271047983648077
Riachinho,2020-10-05,134,0,0,0,0.2857142857142857,0.0,,2.1271047983648077
Riachinho,2020-10-06,135,1,0,0,0.21428571428571427,0.0,,2.130333768495006
Riachinho,2020-10-07,134,-1,0,0,0.14285714285714285,0.0,,2.1271047983648077
Riachinho,2020-10-08,134,0,0,0,0.2857142857142857,0.0,,2.1271047983648077
Riachinho,2020-10-09,134,0,0,0,0.2857142857142857,0.0,,2.1271047983648077
Riachinho,2020-10-10,134,0,0,0,0.14285714285714285,0.0,,2.1271047983648077
Riachinho,2020-10-11,134,0,0,0,0.07142857142857142,0.0,,2.1271047983648077
Riachinho,2020-10-12,134,0,0,0,0.07142857142857142,0.0,,2.1271047983648077
Riachinho,2020-10-13,134,0,0,0,0.0,0.0,,2.1271047983648077
Riachinho,2020-10-14,135,1,0,0,0.07142857142857142,0.0,,2.130333768495006
Riachinho,2020-10-15,136,1,0,0,0.14285714285714285,0.0,,2.1335389083702174
Riachinho,2020-10-16,136,0,0,0,0.14285714285714285,0.0,,2.1335389083702174
Riachinho,2020-10-17,136,0,0,0,0.14285714285714285,0.0,,2.1335389083702174
Riachinho,2020-10-18,136,0,0,0,0.14285714285714285,0.0,,2.1335389083702174
Riachinho,2020-10-19,136,0,0,0,0.14285714285714285,0.0,,2.1335389083702174
Riachinho,2020-10-20,136,0,0,0,0.07142857142857142,0.0,,2.1335389083702174
Riachinho,2020-10-21,136,0,0,0,0.14285714285714285,0.0,,2.1335389083702174
Riachinho,2020-10-22,136,0,0,0,0.14285714285714285,0.0,,2.1335389083702174
Riachinho,2020-10-23,136,0,0,0,0.14285714285714285,0.0,,2.1335389083702174
Riachinho,2020-10-24,136,0,0,0,0.14285714285714285,0.0,,2.1335389083702174
Riachinho,2020-10-25,136,0,0,0,0.14285714285714285,0.0,,2.1335389083702174
Riachinho,2020-10-26,136,0,0,0,0.14285714285714285,0.0,,2.1335389083702174
Riachinho,2020-10-27,136,0,0,0,0.14285714285714285,0.0,,2.1335389083702174
Riachinho,2020-10-28,136,0,0,0,0.07142857142857142,0.0,,2.1335389083702174
Riachinho,2020-10-29,136,0,0,0,0.0,0.0,,2.1335389083702174
Riachinho,2020-10-30,136,0,0,0,0.0,0.0,,2.1335389083702174
Riachinho,2020-10-31,136,0,0,0,0.0,0.0,,2.1335389083702174
Riachinho,2020-11-01,136,0,0,0,0.0,0.0,,2.1335389083702174
Riachinho,2020-11-02,136,0,0,0,0.0,0.0,,2.1335389083702174
Riachinho,2020-11-03,136,0,0,0,0.0,0.0,,2.1335389083702174
Riachinho,2020-11-04,136,0,0,0,0.0,0.0,,2.1335389083702174
Riachinho,2020-11-05,137,1,0,0,0.07142857142857142,0.0,,2.1367205671564067
Riachinho,2020-11-06,138,1,0,0,0.14285714285714285,0.0,,2.1398790864012365
Riachinho,2020-11-07,138,0,0,0,0.14285714285714285,0.0,,2.1398790864012365
Riachinho,2020-11-08,138,0,0,0,0.14285714285714285,0.0,,2.1398790864012365
Riachinho,2020-11-09,138,0,0,0,0.14285714285714285,0.0,,2.1398790864012365
Riachinho,2020-11-10,138,0,0,0,0.14285714285714285,0.0,,2.1398790864012365
Riachinho,2020-11-11,138,0,0,0,0.14285714285714285,0.0,,2.1398790864012365
Riachinho,2020-11-12,138,0,0,0,0.14285714285714285,0.0,,2.1398790864012365
Riachinho,2020-11-13,138,0,0,0,0.14285714285714285,0.0,,2.1398790864012365
Riachinho,2020-11-14,138,0,0,0,0.14285714285714285,0.0,,2.1398790864012365
Riachinho,2020-11-15,138,0,0,0,0.14285714285714285,0.0,,2.1398790864012365
Riachinho,2020-11-16,138,0,0,0,0.14285714285714285,0.0,,2.1398790864012365
Riachinho,2020-11-17,138,0,0,0,0.14285714285714285,0.0,,2.1398790864012365
Riachinho,2020-11-18,138,0,0,0,0.14285714285714285,0.0,,2.1398790864012365
Riachinho,2020-11-19,138,0,0,0,0.07142857142857142,0.0,,2.1398790864012365
Riachinho,2020-11-20,138,0,0,0,0.0,0.0,,2.1398790864012365
Riachinho,2020-11-21,138,0,0,0,0.0,0.0,,2.1398790864012365
Riachinho,2020-11-22,138,0,0,0,0.0,0.0,,2.1398790864012365
Riachinho,2020-11-23,138,0,0,0,0.0,0.0,,2.1398790864012365
Riachinho,2020-11-24,143,5,0,0,0.35714285714285715,0.0,,2.155336037465062
Riachinho,2020-11-25,145,2,0,0,0.5,0.0,,2.161368002234975
Riachinho,2020-11-26,145,0,0,0,0.5,0.0,,2.161368002234975
Riachinho,2020-11-27,146,1,1,1,0.5714285714285714,0.07142857142857142,inf,2.164352855784437
Riachinho,2020-11-28,152,6,1,0,1.0,0.07142857142857142,inf,2.1818435879447726
Riachinho,2020-11-29,152,0,1,0,1.0,0.07142857142857142,inf,2.1818435879447726
Riachinho,2020-11-30,152,0,1,0,1.0,0.07142857142857142,inf,2.1818435879447726
Riachinho,2020-12-01,154,2,1,0,1.1428571428571428,0.07142857142857142,inf,2.187520720836463
Riachinho,2020-12-02,154,0,1,0,1.1428571428571428,0.07142857142857142,inf,2.187520720836463
Riachinho,2020-12-03,154,0,1,0,1.1428571428571428,0.07142857142857142,inf,2.187520720836463
Riachinho,2020-12-04,154,0,1,0,1.1428571428571428,0.07142857142857142,inf,2.187520720836463
Riachinho,2020-12-05,154,0,1,0,1.1428571428571428,0.07142857142857142,inf,2.187520720836463
Riachinho,2020-12-06,154,0,1,0,1.1428571428571428,0.07142857142857142,inf,2.187520720836463
Riachinho,2020-12-07,154,0,1,0,1.1428571428571428,0.07142857142857142,inf,2.187520720836463
Riachinho,2020-12-08,154,0,1,0,0.7857142857142857,0.07142857142857142,inf,2.187520720836463
Riachinho,2020-12-09,154,0,1,0,0.6428571428571429,0.07142857142857142,inf,2.187520720836463
Riachinho,2020-12-10,154,0,1,0,0.6428571428571429,0.07142857142857142,inf,2.187520720836463
Riachinho,2020-12-11,154,0,1,0,0.5714285714285714,0.0,-1.0,2.187520720836463
Riachinho,2020-12-12,154,0,1,0,0.14285714285714285,0.0,-1.0,2.187520720836463
Riachinho,2020-12-13,154,0,1,0,0.14285714285714285,0.0,-1.0,2.187520720836463
Riachinho,2020-12-14,154,0,1,0,0.14285714285714285,0.0,-1.0,2.187520720836463
Riachinho,2020-12-15,154,0,1,0,0.0,0.0,-1.0,2.187520720836463
Riachinho,2020-12-16,154,0,1,0,0.0,0.0,-1.0,2.187520720836463
Riachinho,2020-12-17,154,0,1,0,0.0,0.0,-1.0,2.187520720836463
Riachinho,2020-12-18,154,0,1,0,0.0,0.0,-1.0,2.187520720836463
Riachinho,2020-12-19,155,1,1,0,0.07142857142857142,0.0,-1.0,2.1903316981702914
Riachinho,2020-12-20,155,0,1,0,0.07142857142857142,0.0,-1.0,2.1903316981702914
Riachinho,2020-12-21,155,0,1,0,0.07142857142857142,0.0,-1.0,2.1903316981702914
Riachinho,2020-12-22,155,0,1,0,0.07142857142857142,0.0,-1.0,2.1903316981702914
Riachinho,2020-12-23,155,0,1,0,0.07142857142857142,0.0,-1.0,2.1903316981702914
Riachinho,2020-12-24,155,0,1,0,0.07142857142857142,0.0,-1.0,2.1903316981702914
Riachinho,2020-12-25,155,0,1,0,0.07142857142857142,0.0,,2.1903316981702914
Riachinho,2020-12-26,155,0,1,0,0.07142857142857142,0.0,,2.1903316981702914
Riachinho,2020-12-27,155,0,1,0,0.07142857142857142,0.0,,2.1903316981702914
Riachinho,2020-12-28,155,0,1,0,0.07142857142857142,0.0,,2.1903316981702914
Riachinho,2020-12-29,157,2,1,0,0.21428571428571427,0.0,,2.1958996524092336
Riachinho,2020-12-30,157,0,1,0,0.21428571428571427,0.0,,2.1958996524092336
Riachinho,2020-12-31,157,0,1,0,0.21428571428571427,0.0,,2.1958996524092336
Riachinho,2021-01-01,157,0,1,0,0.21428571428571427,0.0,,2.1958996524092336
Riachinho,2021-01-02,157,0,1,0,0.14285714285714285,0.0,,2.1958996524092336
Riachinho,2021-01-03,157,0,1,0,0.14285714285714285,0.0,,2.1958996524092336
Riachinho,2021-01-04,157,0,1,0,0.14285714285714285,0.0,,2.1958996524092336
Riachinho,2021-01-05,157,0,1,0,0.14285714285714285,0.0,,2.1958996524092336
Riachinho,2021-01-06,157,0,1,0,0.14285714285714285,0.0,,2.1958996524092336
Riachinho,2021-01-07,157,0,1,0,0.14285714285714285,0.0,,2.1958996524092336
Riachinho,2021-01-08,157,0,1,0,0.14285714285714285,0.0,,2.1958996524092336
Riachinho,2021-01-09,157,0,1,0,0.14285714285714285,0.0,,2.1958996524092336
Riachinho,2021-01-10,157,0,1,0,0.14285714285714285,0.0,,2.1958996524092336
Riachinho,2021-01-11,157,0,1,0,0.14285714285714285,0.0,,2.1958996524092336
Riachinho,2021-01-12,158,1,1,0,0.07142857142857142,0.0,,2.1986570869544226
Riachinho,2021-01-13,158,0,1,0,0.07142857142857142,0.0,,2.1986570869544226
Riachinho,2021-01-14,160,2,1,0,0.21428571428571427,0.0,,2.204119982655925
Riachinho,2021-01-15,171,11,1,0,1.0,0.0,,2.2329961103921536
Riachinho,2021-01-16,171,0,1,0,1.0,0.0,,2.2329961103921536
Riachinho,2021-01-17,171,0,1,0,1.0,0.0,,2.2329961103921536
Riachinho,2021-01-18,171,0,1,0,1.0,0.0,,2.2329961103921536
Riachinho,2021-01-19,182,11,1,0,1.7857142857142858,0.0,,2.2600713879850747
Riachinho,2021-01-20,182,0,1,0,1.7857142857142858,0.0,,2.2600713879850747
Rio da Conceição,2020-03-27,0,0,0,0,,,,0.0
Rio da Conceição,2020-03-28,0,0,0,0,,,,0.0
Rio da Conceição,2020-03-29,0,0,0,0,,,,0.0
Rio da Conceição,2020-03-30,0,0,0,0,,,,0.0
Rio da Conceição,2020-03-31,0,0,0,0,,,,0.0
Rio da Conceição,2020-04-01,0,0,0,0,,,,0.0
Rio da Conceição,2020-04-02,0,0,0,0,,,,0.0
Rio da Conceição,2020-04-03,0,0,0,0,,,,0.0
Rio da Conceição,2020-04-04,0,0,0,0,,,,0.0
Rio da Conceição,2020-04-05,0,0,0,0,,,,0.0
Rio da Conceição,2020-04-06,0,0,0,0,,,,0.0
Rio da Conceição,2020-04-07,0,0,0,0,,,,0.0
Rio da Conceição,2020-04-08,0,0,0,0,,,,0.0
Rio da Conceição,2020-04-09,0,0,0,0,0.0,0.0,,0.0
Rio da Conceição,2020-04-10,0,0,0,0,0.0,0.0,,0.0
Rio da Conceição,2020-04-11,0,0,0,0,0.0,0.0,,0.0
Rio da Conceição,2020-04-12,0,0,0,0,0.0,0.0,,0.0
Rio da Conceição,2020-04-13,0,0,0,0,0.0,0.0,,0.0
Rio da Conceição,2020-04-14,0,0,0,0,0.0,0.0,,0.0
Rio da Conceição,2020-04-15,0,0,0,0,0.0,0.0,,0.0
Rio da Conceição,2020-04-16,0,0,0,0,0.0,0.0,,0.0
Rio da Conceição,2020-04-17,0,0,0,0,0.0,0.0,,0.0
Rio da Conceição,2020-04-18,0,0,0,0,0.0,0.0,,0.0
Rio da Conceição,2020-04-19,0,0,0,0,0.0,0.0,,0.0
Rio da Conceição,2020-04-20,0,0,0,0,0.0,0.0,,0.0
Rio da Conceição,2020-04-21,0,0,0,0,0.0,0.0,,0.0
Rio da Conceição,2020-04-22,0,0,0,0,0.0,0.0,,0.0
Rio da Conceição,2020-04-23,0,0,0,0,0.0,0.0,,0.0
Rio da Conceição,2020-04-24,0,0,0,0,0.0,0.0,,0.0
Rio da Conceição,2020-04-25,0,0,0,0,0.0,0.0,,0.0
Rio da Conceição,2020-04-26,0,0,0,0,0.0,0.0,,0.0
Rio da Conceição,2020-04-27,0,0,0,0,0.0,0.0,,0.0
Rio da Conceição,2020-04-28,0,0,0,0,0.0,0.0,,0.0
Rio da Conceição,2020-04-29,0,0,0,0,0.0,0.0,,0.0
Rio da Conceição,2020-04-30,0,0,0,0,0.0,0.0,,0.0
Rio da Conceição,2020-05-01,0,0,0,0,0.0,0.0,,0.0
Rio da Conceição,2020-05-02,0,0,0,0,0.0,0.0,,0.0
Rio da Conceição,2020-05-03,0,0,0,0,0.0,0.0,,0.0
Rio da Conceição,2020-05-04,0,0,0,0,0.0,0.0,,0.0
Rio da Conceição,2020-05-05,0,0,0,0,0.0,0.0,,0.0
Rio da Conceição,2020-05-06,0,0,0,0,0.0,0.0,,0.0
Rio da Conceição,2020-05-07,0,0,0,0,0.0,0.0,,0.0
Rio da Conceição,2020-05-08,0,0,0,0,0.0,0.0,,0.0
Rio da Conceição,2020-05-09,0,0,0,0,0.0,0.0,,0.0
Rio da Conceição,2020-05-10,0,0,0,0,0.0,0.0,,0.0
Rio da Conceição,2020-05-11,0,0,0,0,0.0,0.0,,0.0
Rio da Conceição,2020-05-12,0,0,0,0,0.0,0.0,,0.0
Rio da Conceição,2020-05-13,0,0,0,0,0.0,0.0,,0.0
Rio da Conceição,2020-05-14,0,0,0,0,0.0,0.0,,0.0
Rio da Conceição,2020-05-15,0,0,0,0,0.0,0.0,,0.0
Rio da Conceição,2020-05-16,0,0,0,0,0.0,0.0,,0.0
Rio da Conceição,2020-05-17,0,0,0,0,0.0,0.0,,0.0
Rio da Conceição,2020-05-18,0,0,0,0,0.0,0.0,,0.0
Rio da Conceição,2020-05-19,0,0,0,0,0.0,0.0,,0.0
Rio da Conceição,2020-05-20,0,0,0,0,0.0,0.0,,0.0
Rio da Conceição,2020-05-21,0,0,0,0,0.0,0.0,,0.0
Rio da Conceição,2020-05-22,0,0,0,0,0.0,0.0,,0.0
Rio da Conceição,2020-05-23,0,0,0,0,0.0,0.0,,0.0
Rio da Conceição,2020-05-24,0,0,0,0,0.0,0.0,,0.0
Rio da Conceição,2020-05-25,0,0,0,0,0.0,0.0,,0.0
Rio da Conceição,2020-05-26,0,0,0,0,0.0,0.0,,0.0
Rio da Conceição,2020-05-27,0,0,0,0,0.0,0.0,,0.0
Rio da Conceição,2020-05-28,0,0,0,0,0.0,0.0,,0.0
Rio da Conceição,2020-05-29,0,0,0,0,0.0,0.0,,0.0
Rio da Conceição,2020-05-30,0,0,0,0,0.0,0.0,,0.0
Rio da Conceição,2020-05-31,0,0,0,0,0.0,0.0,,0.0
Rio da Conceição,2020-06-01,0,0,0,0,0.0,0.0,,0.0
Rio da Conceição,2020-06-02,0,0,0,0,0.0,0.0,,0.0
Rio da Conceição,2020-06-03,0,0,0,0,0.0,0.0,,0.0
Rio da Conceição,2020-06-04,0,0,0,0,0.0,0.0,,0.0
Rio da Conceição,2020-06-05,0,0,0,0,0.0,0.0,,0.0
Rio da Conceição,2020-06-06,0,0,0,0,0.0,0.0,,0.0
Rio da Conceição,2020-06-07,0,0,0,0,0.0,0.0,,0.0
Rio da Conceição,2020-06-08,0,0,0,0,0.0,0.0,,0.0
Rio da Conceição,2020-06-09,0,0,0,0,0.0,0.0,,0.0
Rio da Conceição,2020-06-10,0,0,0,0,0.0,0.0,,0.0
Rio da Conceição,2020-06-11,0,0,0,0,0.0,0.0,,0.0
Rio da Conceição,2020-06-12,0,0,0,0,0.0,0.0,,0.0
Rio da Conceição,2020-06-13,0,0,0,0,0.0,0.0,,0.0
Rio da Conceição,2020-06-14,0,0,0,0,0.0,0.0,,0.0
Rio da Conceição,2020-06-15,0,0,0,0,0.0,0.0,,0.0
Rio da Conceição,2020-06-16,0,0,0,0,0.0,0.0,,0.0
Rio da Conceição,2020-06-17,0,0,0,0,0.0,0.0,,0.0
Rio da Conceição,2020-06-18,0,0,0,0,0.0,0.0,,0.0
Rio da Conceição,2020-06-19,0,0,0,0,0.0,0.0,,0.0
Rio da Conceição,2020-06-20,0,0,0,0,0.0,0.0,,0.0
Rio da Conceição,2020-06-21,0,0,0,0,0.0,0.0,,0.0
Rio da Conceição,2020-06-22,0,0,0,0,0.0,0.0,,0.0
Rio da Conceição,2020-06-23,0,0,0,0,0.0,0.0,,0.0
Rio da Conceição,2020-06-24,0,0,0,0,0.0,0.0,,0.0
Rio da Conceição,2020-06-25,0,0,0,0,0.0,0.0,,0.0
Rio da Conceição,2020-06-26,0,0,0,0,0.0,0.0,,0.0
Rio da Conceição,2020-06-27,0,0,0,0,0.0,0.0,,0.0
Rio da Conceição,2020-06-28,0,0,0,0,0.0,0.0,,0.0
Rio da Conceição,2020-06-29,0,0,0,0,0.0,0.0,,0.0
Rio da Conceição,2020-06-30,1,1,0,0,0.07142857142857142,0.0,,0.0
Rio da Conceição,2020-07-01,1,0,0,0,0.07142857142857142,0.0,,0.0
Rio da Conceição,2020-07-02,1,0,0,0,0.07142857142857142,0.0,,0.0
Rio da Conceição,2020-07-03,1,0,0,0,0.07142857142857142,0.0,,0.0
Rio da Conceição,2020-07-04,5,4,0,0,0.35714285714285715,0.0,,0.6989700043360189
Rio da Conceição,2020-07-05,6,1,0,0,0.42857142857142855,0.0,,0.7781512503836436
Rio da Conceição,2020-07-06,6,0,0,0,0.42857142857142855,0.0,,0.7781512503836436
Rio da Conceição,2020-07-07,15,9,0,0,1.0714285714285714,0.0,,1.1760912590556813
Rio da Conceição,2020-07-08,15,0,0,0,1.0714285714285714,0.0,,1.1760912590556813
Rio da Conceição,2020-07-09,16,1,0,0,1.1428571428571428,0.0,,1.2041199826559248
Rio da Conceição,2020-07-10,16,0,0,0,1.1428571428571428,0.0,,1.2041199826559248
Rio da Conceição,2020-07-11,19,3,0,0,1.3571428571428572,0.0,,1.2787536009528289
Rio da Conceição,2020-07-12,19,0,0,0,1.3571428571428572,0.0,,1.2787536009528289
Rio da Conceição,2020-07-13,19,0,0,0,1.3571428571428572,0.0,,1.2787536009528289
Rio da Conceição,2020-07-14,19,0,0,0,1.2857142857142858,0.0,,1.2787536009528289
Rio da Conceição,2020-07-15,19,0,0,0,1.2857142857142858,0.0,,1.2787536009528289
Rio da Conceição,2020-07-16,19,0,0,0,1.2857142857142858,0.0,,1.2787536009528289
Rio da Conceição,2020-07-17,19,0,0,0,1.2857142857142858,0.0,,1.2787536009528289
Rio da Conceição,2020-07-18,19,0,0,0,1.0,0.0,,1.2787536009528289
Rio da Conceição,2020-07-19,19,0,0,0,0.9285714285714286,0.0,,1.2787536009528289
Rio da Conceição,2020-07-20,19,0,0,0,0.9285714285714286,0.0,,1.2787536009528289
Rio da Conceição,2020-07-21,19,0,0,0,0.2857142857142857,0.0,,1.2787536009528289
Rio da Conceição,2020-07-22,19,0,0,0,0.2857142857142857,0.0,,1.2787536009528289
Rio da Conceição,2020-07-23,21,2,0,0,0.35714285714285715,0.0,,1.3222192947339193
Rio da Conceição,2020-07-24,21,0,0,0,0.35714285714285715,0.0,,1.3222192947339193
Rio da Conceição,2020-07-25,21,0,0,0,0.14285714285714285,0.0,,1.3222192947339193
Rio da Conceição,2020-07-26,21,0,0,0,0.14285714285714285,0.0,,1.3222192947339193
Rio da Conceição,2020-07-27,21,0,0,0,0.14285714285714285,0.0,,1.3222192947339193
Rio da Conceição,2020-07-28,24,3,0,0,0.35714285714285715,0.0,,1.380211241711606
Rio da Conceição,2020-07-29,24,0,0,0,0.35714285714285715,0.0,,1.380211241711606
Rio da Conceição,2020-07-30,25,1,0,0,0.42857142857142855,0.0,,1.3979400086720377
Rio da Conceição,2020-07-31,23,-2,0,0,0.2857142857142857,0.0,,1.3617278360175928
Rio da Conceição,2020-08-01,23,0,0,0,0.2857142857142857,0.0,,1.3617278360175928
Rio da Conceição,2020-08-02,24,1,0,0,0.35714285714285715,0.0,,1.380211241711606
Rio da Conceição,2020-08-03,24,0,0,0,0.35714285714285715,0.0,,1.380211241711606
Rio da Conceição,2020-08-04,25,1,0,0,0.42857142857142855,0.0,,1.3979400086720377
Rio da Conceição,2020-08-05,26,1,0,0,0.5,0.0,,1.414973347970818
Rio da Conceição,2020-08-06,26,0,0,0,0.35714285714285715,0.0,,1.414973347970818
Rio da Conceição,2020-08-07,26,0,0,0,0.35714285714285715,0.0,,1.414973347970818
Rio da Conceição,2020-08-08,26,0,0,0,0.35714285714285715,0.0,,1.414973347970818
Rio da Conceição,2020-08-09,26,0,0,0,0.35714285714285715,0.0,,1.414973347970818
Rio da Conceição,2020-08-10,26,0,0,0,0.35714285714285715,0.0,,1.414973347970818
Rio da Conceição,2020-08-11,26,0,0,0,0.14285714285714285,0.0,,1.414973347970818
Rio da Conceição,2020-08-12,26,0,0,0,0.14285714285714285,0.0,,1.414973347970818
Rio da Conceição,2020-08-13,26,0,0,0,0.07142857142857142,0.0,,1.414973347970818
Rio da Conceição,2020-08-14,26,0,0,0,0.21428571428571427,0.0,,1.414973347970818
Rio da Conceição,2020-08-15,26,0,0,0,0.21428571428571427,0.0,,1.414973347970818
Rio da Conceição,2020-08-16,26,0,0,0,0.14285714285714285,0.0,,1.414973347970818
Rio da Conceição,2020-08-17,26,0,0,0,0.14285714285714285,0.0,,1.414973347970818
Rio da Conceição,2020-08-18,27,1,0,0,0.14285714285714285,0.0,,1.4313637641589874
Rio da Conceição,2020-08-19,29,2,0,0,0.21428571428571427,0.0,,1.462397997898956
Rio da Conceição,2020-08-20,35,6,0,0,0.6428571428571429,0.0,,1.5440680443502757
Rio da Conceição,2020-08-21,35,0,0,0,0.6428571428571429,0.0,,1.5440680443502757
Rio da Conceição,2020-08-22,41,6,0,0,1.0714285714285714,0.0,,1.6127838567197355
Rio da Conceição,2020-08-23,41,0,0,0,1.0714285714285714,0.0,,1.6127838567197355
Rio da Conceição,2020-08-24,41,0,0,0,1.0714285714285714,0.0,,1.6127838567197355
Rio da Conceição,2020-08-25,42,1,0,0,1.1428571428571428,0.0,,1.6232492903979006
Rio da Conceição,2020-08-26,42,0,0,0,1.1428571428571428,0.0,,1.6232492903979006
Rio da Conceição,2020-08-27,42,0,0,0,1.1428571428571428,0.0,,1.6232492903979006
Rio da Conceição,2020-08-28,43,1,0,0,1.2142857142857142,0.0,,1.6334684555795866
Rio da Conceição,2020-08-29,47,4,0,0,1.5,0.0,,1.6720978579357175
Rio da Conceição,2020-08-30,47,0,0,0,1.5,0.0,,1.6720978579357175
Rio da Conceição,2020-08-31,47,0,0,0,1.5,0.0,,1.6720978579357175
Rio da Conceição,2020-09-01,47,0,0,0,1.4285714285714286,0.0,,1.6720978579357175
Rio da Conceição,2020-09-02,49,2,0,0,1.4285714285714286,0.0,,1.6901960800285136
Rio da Conceição,2020-09-03,49,0,0,0,1.0,0.0,,1.6901960800285136
Rio da Conceição,2020-09-04,49,0,0,0,1.0,0.0,,1.6901960800285136
Rio da Conceição,2020-09-05,49,0,0,0,0.5714285714285714,0.0,,1.6901960800285136
Rio da Conceição,2020-09-06,49,0,0,0,0.5714285714285714,0.0,,1.6901960800285136
Rio da Conceição,2020-09-07,49,0,0,0,0.5714285714285714,0.0,,1.6901960800285136
Rio da Conceição,2020-09-08,49,0,0,0,0.5,0.0,,1.6901960800285136
Rio da Conceição,2020-09-09,49,0,0,0,0.5,0.0,,1.6901960800285136
Rio da Conceição,2020-09-10,42,-7,0,0,0.0,0.0,,1.6232492903979006
Rio da Conceição,2020-09-11,43,1,0,0,0.0,0.0,,1.6334684555795866
Rio da Conceição,2020-09-12,40,-3,0,0,-0.5,0.0,,1.6020599913279625
Rio da Conceição,2020-09-13,40,0,0,0,-0.5,0.0,,1.6020599913279625
Rio da Conceição,2020-09-14,42,2,0,0,-0.35714285714285715,0.0,,1.6232492903979006
Rio da Conceição,2020-09-15,41,-1,0,0,-0.42857142857142855,0.0,,1.6127838567197355
Rio da Conceição,2020-09-16,41,0,0,0,-0.5714285714285714,0.0,,1.6127838567197355
Rio da Conceição,2020-09-17,41,0,0,0,-0.5714285714285714,0.0,,1.6127838567197355
Rio da Conceição,2020-09-18,41,0,0,0,-0.5714285714285714,0.0,,1.6127838567197355
Rio da Conceição,2020-09-19,41,0,0,0,-0.5714285714285714,0.0,,1.6127838567197355
Rio da Conceição,2020-09-20,41,0,0,0,-0.5714285714285714,0.0,,1.6127838567197355
Rio da Conceição,2020-09-21,41,0,0,0,-0.5714285714285714,0.0,,1.6127838567197355
Rio da Conceição,2020-09-22,41,0,0,0,-0.5714285714285714,0.0,,1.6127838567197355
Rio da Conceição,2020-09-23,41,0,0,0,-0.5714285714285714,0.0,,1.6127838567197355
Rio da Conceição,2020-09-24,41,0,0,0,-0.07142857142857142,0.0,,1.6127838567197355
Rio da Conceição,2020-09-25,41,0,0,0,-0.14285714285714285,0.0,,1.6127838567197355
Rio da Conceição,2020-09-26,43,2,0,0,0.21428571428571427,0.0,,1.6334684555795866
Rio da Conceição,2020-09-27,43,0,0,0,0.21428571428571427,0.0,,1.6334684555795866
Rio da Conceição,2020-09-28,43,0,0,0,0.07142857142857142,0.0,,1.6334684555795866
Rio da Conceição,2020-09-29,43,0,0,0,0.14285714285714285,0.0,,1.6334684555795866
Rio da Conceição,2020-09-30,43,0,0,0,0.14285714285714285,0.0,,1.6334684555795866
Rio da Conceição,2020-10-01,43,0,0,0,0.14285714285714285,0.0,,1.6334684555795866
Rio da Conceição,2020-10-02,43,0,0,0,0.14285714285714285,0.0,,1.6334684555795866
Rio da Conceição,2020-10-03,48,5,0,0,0.5,0.0,,1.6812412373755872
Rio da Conceição,2020-10-04,48,0,0,0,0.5,0.0,,1.6812412373755872
Rio da Conceição,2020-10-05,48,0,0,0,0.5,0.0,,1.6812412373755872
Rio da Conceição,2020-10-06,48,0,0,0,0.5,0.0,,1.6812412373755872
Rio da Conceição,2020-10-07,48,0,0,0,0.5,0.0,,1.6812412373755872
Rio da Conceição,2020-10-08,48,0,0,0,0.5,0.0,,1.6812412373755872
Rio da Conceição,2020-10-09,48,0,0,0,0.5,0.0,,1.6812412373755872
Rio da Conceição,2020-10-10,50,2,0,0,0.5,0.0,,1.6989700043360187
Rio da Conceição,2020-10-11,50,0,0,0,0.5,0.0,,1.6989700043360187
Rio da Conceição,2020-10-12,50,0,0,0,0.5,0.0,,1.6989700043360187
Rio da Conceição,2020-10-13,50,0,0,0,0.5,0.0,,1.6989700043360187
Rio da Conceição,2020-10-14,50,0,0,0,0.5,0.0,,1.6989700043360187
Rio da Conceição,2020-10-15,50,0,0,0,0.5,0.0,,1.6989700043360187
Rio da Conceição,2020-10-16,50,0,0,0,0.5,0.0,,1.6989700043360187
Rio da Conceição,2020-10-17,50,0,0,0,0.14285714285714285,0.0,,1.6989700043360187
Rio da Conceição,2020-10-18,50,0,0,0,0.14285714285714285,0.0,,1.6989700043360187
Rio da Conceição,2020-10-19,50,0,0,0,0.14285714285714285,0.0,,1.6989700043360187
Rio da Conceição,2020-10-20,50,0,0,0,0.14285714285714285,0.0,,1.6989700043360187
Rio da Conceição,2020-10-21,50,0,0,0,0.14285714285714285,0.0,,1.6989700043360187
Rio da Conceição,2020-10-22,50,0,0,0,0.14285714285714285,0.0,,1.6989700043360187
Rio da Conceição,2020-10-23,50,0,0,0,0.14285714285714285,0.0,,1.6989700043360187
Rio da Conceição,2020-10-24,50,0,0,0,0.0,0.0,,1.6989700043360187
Rio da Conceição,2020-10-25,50,0,0,0,0.0,0.0,,1.6989700043360187
Rio da Conceição,2020-10-26,50,0,0,0,0.0,0.0,,1.6989700043360187
Rio da Conceição,2020-10-27,50,0,0,0,0.0,0.0,,1.6989700043360187
Rio da Conceição,2020-10-28,50,0,0,0,0.0,0.0,,1.6989700043360187
Rio da Conceição,2020-10-29,50,0,0,0,0.0,0.0,,1.6989700043360187
Rio da Conceição,2020-10-30,50,0,0,0,0.0,0.0,,1.6989700043360187
Rio da Conceição,2020-10-31,50,0,0,0,0.0,0.0,,1.6989700043360187
Rio da Conceição,2020-11-01,50,0,0,0,0.0,0.0,,1.6989700043360187
Rio da Conceição,2020-11-02,50,0,0,0,0.0,0.0,,1.6989700043360187
Rio da Conceição,2020-11-03,50,0,0,0,0.0,0.0,,1.6989700043360187
Rio da Conceição,2020-11-04,50,0,0,0,0.0,0.0,,1.6989700043360187
Rio da Conceição,2020-11-05,50,0,0,0,0.0,0.0,,1.6989700043360187
Rio da Conceição,2020-11-06,52,2,0,0,0.14285714285714285,0.0,,1.7160033436347992
Rio da Conceição,2020-11-07,52,0,0,0,0.14285714285714285,0.0,,1.7160033436347992
Rio da Conceição,2020-11-08,52,0,0,0,0.14285714285714285,0.0,,1.7160033436347992
Rio da Conceição,2020-11-09,52,0,0,0,0.14285714285714285,0.0,,1.7160033436347992
Rio da Conceição,2020-11-10,52,0,0,0,0.14285714285714285,0.0,,1.7160033436347992
Rio da Conceição,2020-11-11,52,0,0,0,0.14285714285714285,0.0,,1.7160033436347992
Rio da Conceição,2020-11-12,53,1,0,0,0.21428571428571427,0.0,,1.7242758696007892
Rio da Conceição,2020-11-13,53,0,0,0,0.21428571428571427,0.0,,1.7242758696007892
Rio da Conceição,2020-11-14,53,0,0,0,0.21428571428571427,0.0,,1.7242758696007892
Rio da Conceição,2020-11-15,54,1,0,0,0.2857142857142857,0.0,,1.7323937598229686
Rio da Conceição,2020-11-16,54,0,0,0,0.2857142857142857,0.0,,1.7323937598229686
Rio da Conceição,2020-11-17,54,0,0,0,0.2857142857142857,0.0,,1.7323937598229686
Rio da Conceição,2020-11-18,54,0,0,0,0.2857142857142857,0.0,,1.7323937598229686
Rio da Conceição,2020-11-19,54,0,0,0,0.2857142857142857,0.0,,1.7323937598229686
Rio da Conceição,2020-11-20,54,0,0,0,0.14285714285714285,0.0,,1.7323937598229686
Rio da Conceição,2020-11-21,54,0,0,0,0.14285714285714285,0.0,,1.7323937598229686
Rio da Conceição,2020-11-22,54,0,0,0,0.14285714285714285,0.0,,1.7323937598229686
Rio da Conceição,2020-11-23,54,0,0,0,0.14285714285714285,0.0,,1.7323937598229686
Rio da Conceição,2020-11-24,54,0,0,0,0.14285714285714285,0.0,,1.7323937598229686
Rio da Conceição,2020-11-25,53,-1,0,0,0.07142857142857142,0.0,,1.7242758696007892
Rio da Conceição,2020-11-26,53,0,0,0,0.0,0.0,,1.7242758696007892
Rio da Conceição,2020-11-27,53,0,0,0,0.0,0.0,,1.7242758696007892
Rio da Conceição,2020-11-28,53,0,0,0,0.0,0.0,,1.7242758696007892
Rio da Conceição,2020-11-29,53,0,0,0,-0.07142857142857142,0.0,,1.7242758696007892
Rio da Conceição,2020-11-30,53,0,0,0,-0.07142857142857142,0.0,,1.7242758696007892
Rio da Conceição,2020-12-01,53,0,0,0,-0.07142857142857142,0.0,,1.7242758696007892
Rio da Conceição,2020-12-02,53,0,0,0,-0.07142857142857142,0.0,,1.7242758696007892
Rio da Conceição,2020-12-03,53,0,0,0,-0.07142857142857142,0.0,,1.7242758696007892
Rio da Conceição,2020-12-04,53,0,0,0,-0.07142857142857142,0.0,,1.7242758696007892
Rio da Conceição,2020-12-05,53,0,0,0,-0.07142857142857142,0.0,,1.7242758696007892
Rio da Conceição,2020-12-06,53,0,0,0,-0.07142857142857142,0.0,,1.7242758696007892
Rio da Conceição,2020-12-07,53,0,0,0,-0.07142857142857142,0.0,,1.7242758696007892
Rio da Conceição,2020-12-08,53,0,0,0,-0.07142857142857142,0.0,,1.7242758696007892
Rio da Conceição,2020-12-09,53,0,0,0,0.0,0.0,,1.7242758696007892
Rio da Conceição,2020-12-10,53,0,0,0,0.0,0.0,,1.7242758696007892
Rio da Conceição,2020-12-11,53,0,0,0,0.0,0.0,,1.7242758696007892
Rio da Conceição,2020-12-12,53,0,0,0,0.0,0.0,,1.7242758696007892
Rio da Conceição,2020-12-13,53,0,0,0,0.0,0.0,,1.7242758696007892
Rio da Conceição,2020-12-14,53,0,0,0,0.0,0.0,,1.7242758696007892
Rio da Conceição,2020-12-15,53,0,0,0,0.0,0.0,,1.7242758696007892
Rio da Conceição,2020-12-16,53,0,0,0,0.0,0.0,,1.7242758696007892
Rio da Conceição,2020-12-17,53,0,0,0,0.0,0.0,,1.7242758696007892
Rio da Conceição,2020-12-18,53,0,0,0,0.0,0.0,,1.7242758696007892
Rio da Conceição,2020-12-19,53,0,0,0,0.0,0.0,,1.7242758696007892
Rio da Conceição,2020-12-20,53,0,0,0,0.0,0.0,,1.7242758696007892
Rio da Conceição,2020-12-21,53,0,0,0,0.0,0.0,,1.7242758696007892
Rio da Conceição,2020-12-22,53,0,0,0,0.0,0.0,,1.7242758696007892
Rio da Conceição,2020-12-23,53,0,0,0,0.0,0.0,,1.7242758696007892
Rio da Conceição,2020-12-24,53,0,0,0,0.0,0.0,,1.7242758696007892
Rio da Conceição,2020-12-25,53,0,0,0,0.0,0.0,,1.7242758696007892
Rio da Conceição,2020-12-26,53,0,0,0,0.0,0.0,,1.7242758696007892
Rio da Conceição,2020-12-27,53,0,0,0,0.0,0.0,,1.7242758696007892
Rio da Conceição,2020-12-28,53,0,0,0,0.0,0.0,,1.7242758696007892
Rio da Conceição,2020-12-29,53,0,0,0,0.0,0.0,,1.7242758696007892
Rio da Conceição,2020-12-30,53,0,0,0,0.0,0.0,,1.7242758696007892
Rio da Conceição,2020-12-31,53,0,0,0,0.0,0.0,,1.7242758696007892
Rio da Conceição,2021-01-01,53,0,0,0,0.0,0.0,,1.7242758696007892
Rio da Conceição,2021-01-02,53,0,0,0,0.0,0.0,,1.7242758696007892
Rio da Conceição,2021-01-03,53,0,0,0,0.0,0.0,,1.7242758696007892
Rio da Conceição,2021-01-04,53,0,0,0,0.0,0.0,,1.7242758696007892
Rio da Conceição,2021-01-05,53,0,0,0,0.0,0.0,,1.7242758696007892
Rio da Conceição,2021-01-06,53,0,0,0,0.0,0.0,,1.7242758696007892
Rio da Conceição,2021-01-07,55,2,0,0,0.14285714285714285,0.0,,1.7403626894942439
Rio da Conceição,2021-01-08,55,0,0,0,0.14285714285714285,0.0,,1.7403626894942439
Rio da Conceição,2021-01-09,55,0,0,0,0.14285714285714285,0.0,,1.7403626894942439
Rio da Conceição,2021-01-10,55,0,0,0,0.14285714285714285,0.0,,1.7403626894942439
Rio da Conceição,2021-01-11,55,0,0,0,0.14285714285714285,0.0,,1.7403626894942439
Rio da Conceição,2021-01-12,55,0,0,0,0.14285714285714285,0.0,,1.7403626894942439
Rio da Conceição,2021-01-13,56,1,0,0,0.21428571428571427,0.0,,1.7481880270062005
Rio da Conceição,2021-01-14,56,0,0,0,0.21428571428571427,0.0,,1.7481880270062005
Rio da Conceição,2021-01-15,56,0,0,0,0.21428571428571427,0.0,,1.7481880270062005
Rio da Conceição,2021-01-16,56,0,0,0,0.21428571428571427,0.0,,1.7481880270062005
Rio da Conceição,2021-01-17,56,0,0,0,0.21428571428571427,0.0,,1.7481880270062005
Rio da Conceição,2021-01-18,56,0,0,0,0.21428571428571427,0.0,,1.7481880270062005
Rio da Conceição,2021-01-19,56,0,0,0,0.21428571428571427,0.0,,1.7481880270062005
Rio da Conceição,2021-01-20,56,0,0,0,0.21428571428571427,0.0,,1.7481880270062005
Rio dos Bois,2020-03-27,0,0,0,0,,,,0.0
Rio dos Bois,2020-03-28,0,0,0,0,,,,0.0
Rio dos Bois,2020-03-29,0,0,0,0,,,,0.0
Rio dos Bois,2020-03-30,0,0,0,0,,,,0.0
Rio dos Bois,2020-03-31,0,0,0,0,,,,0.0
Rio dos Bois,2020-04-01,0,0,0,0,,,,0.0
Rio dos Bois,2020-04-02,0,0,0,0,,,,0.0
Rio dos Bois,2020-04-03,0,0,0,0,,,,0.0
Rio dos Bois,2020-04-04,0,0,0,0,,,,0.0
Rio dos Bois,2020-04-05,0,0,0,0,,,,0.0
Rio dos Bois,2020-04-06,0,0,0,0,,,,0.0
Rio dos Bois,2020-04-07,0,0,0,0,,,,0.0
Rio dos Bois,2020-04-08,0,0,0,0,,,,0.0
Rio dos Bois,2020-04-09,0,0,0,0,0.0,0.0,,0.0
Rio dos Bois,2020-04-10,0,0,0,0,0.0,0.0,,0.0
Rio dos Bois,2020-04-11,0,0,0,0,0.0,0.0,,0.0
Rio dos Bois,2020-04-12,0,0,0,0,0.0,0.0,,0.0
Rio dos Bois,2020-04-13,0,0,0,0,0.0,0.0,,0.0
Rio dos Bois,2020-04-14,0,0,0,0,0.0,0.0,,0.0
Rio dos Bois,2020-04-15,0,0,0,0,0.0,0.0,,0.0
Rio dos Bois,2020-04-16,0,0,0,0,0.0,0.0,,0.0
Rio dos Bois,2020-04-17,0,0,0,0,0.0,0.0,,0.0
Rio dos Bois,2020-04-18,0,0,0,0,0.0,0.0,,0.0
Rio dos Bois,2020-04-19,0,0,0,0,0.0,0.0,,0.0
Rio dos Bois,2020-04-20,0,0,0,0,0.0,0.0,,0.0
Rio dos Bois,2020-04-21,0,0,0,0,0.0,0.0,,0.0
Rio dos Bois,2020-04-22,0,0,0,0,0.0,0.0,,0.0
Rio dos Bois,2020-04-23,0,0,0,0,0.0,0.0,,0.0
Rio dos Bois,2020-04-24,0,0,0,0,0.0,0.0,,0.0
Rio dos Bois,2020-04-25,0,0,0,0,0.0,0.0,,0.0
Rio dos Bois,2020-04-26,0,0,0,0,0.0,0.0,,0.0
Rio dos Bois,2020-04-27,0,0,0,0,0.0,0.0,,0.0
Rio dos Bois,2020-04-28,0,0,0,0,0.0,0.0,,0.0
Rio dos Bois,2020-04-29,0,0,0,0,0.0,0.0,,0.0
Rio dos Bois,2020-04-30,0,0,0,0,0.0,0.0,,0.0
Rio dos Bois,2020-05-01,0,0,0,0,0.0,0.0,,0.0
Rio dos Bois,2020-05-02,0,0,0,0,0.0,0.0,,0.0
Rio dos Bois,2020-05-03,0,0,0,0,0.0,0.0,,0.0
Rio dos Bois,2020-05-04,0,0,0,0,0.0,0.0,,0.0
Rio dos Bois,2020-05-05,0,0,0,0,0.0,0.0,,0.0
Rio dos Bois,2020-05-06,0,0,0,0,0.0,0.0,,0.0
Rio dos Bois,2020-05-07,0,0,0,0,0.0,0.0,,0.0
Rio dos Bois,2020-05-08,0,0,0,0,0.0,0.0,,0.0
Rio dos Bois,2020-05-09,0,0,0,0,0.0,0.0,,0.0
Rio dos Bois,2020-05-10,0,0,0,0,0.0,0.0,,0.0
Rio dos Bois,2020-05-11,0,0,0,0,0.0,0.0,,0.0
Rio dos Bois,2020-05-12,0,0,0,0,0.0,0.0,,0.0
Rio dos Bois,2020-05-13,0,0,0,0,0.0,0.0,,0.0
Rio dos Bois,2020-05-14,0,0,0,0,0.0,0.0,,0.0
Rio dos Bois,2020-05-15,0,0,0,0,0.0,0.0,,0.0
Rio dos Bois,2020-05-16,0,0,0,0,0.0,0.0,,0.0
Rio dos Bois,2020-05-17,0,0,0,0,0.0,0.0,,0.0
Rio dos Bois,2020-05-18,0,0,0,0,0.0,0.0,,0.0
Rio dos Bois,2020-05-19,0,0,0,0,0.0,0.0,,0.0
Rio dos Bois,2020-05-20,0,0,0,0,0.0,0.0,,0.0
Rio dos Bois,2020-05-21,0,0,0,0,0.0,0.0,,0.0
Rio dos Bois,2020-05-22,0,0,0,0,0.0,0.0,,0.0
Rio dos Bois,2020-05-23,0,0,0,0,0.0,0.0,,0.0
Rio dos Bois,2020-05-24,0,0,0,0,0.0,0.0,,0.0
Rio dos Bois,2020-05-25,0,0,0,0,0.0,0.0,,0.0
Rio dos Bois,2020-05-26,0,0,0,0,0.0,0.0,,0.0
Rio dos Bois,2020-05-27,0,0,0,0,0.0,0.0,,0.0
Rio dos Bois,2020-05-28,0,0,0,0,0.0,0.0,,0.0
Rio dos Bois,2020-05-29,0,0,0,0,0.0,0.0,,0.0
Rio dos Bois,2020-05-30,0,0,0,0,0.0,0.0,,0.0
Rio dos Bois,2020-05-31,0,0,0,0,0.0,0.0,,0.0
Rio dos Bois,2020-06-01,0,0,0,0,0.0,0.0,,0.0
Rio dos Bois,2020-06-02,0,0,0,0,0.0,0.0,,0.0
Rio dos Bois,2020-06-03,0,0,0,0,0.0,0.0,,0.0
Rio dos Bois,2020-06-04,0,0,0,0,0.0,0.0,,0.0
Rio dos Bois,2020-06-05,0,0,0,0,0.0,0.0,,0.0
Rio dos Bois,2020-06-06,0,0,0,0,0.0,0.0,,0.0
Rio dos Bois,2020-06-07,0,0,0,0,0.0,0.0,,0.0
Rio dos Bois,2020-06-08,0,0,0,0,0.0,0.0,,0.0
Rio dos Bois,2020-06-09,0,0,0,0,0.0,0.0,,0.0
Rio dos Bois,2020-06-10,0,0,0,0,0.0,0.0,,0.0
Rio dos Bois,2020-06-11,0,0,0,0,0.0,0.0,,0.0
Rio dos Bois,2020-06-12,0,0,0,0,0.0,0.0,,0.0
Rio dos Bois,2020-06-13,0,0,0,0,0.0,0.0,,0.0
Rio dos Bois,2020-06-14,0,0,0,0,0.0,0.0,,0.0
Rio dos Bois,2020-06-15,0,0,0,0,0.0,0.0,,0.0
Rio dos Bois,2020-06-16,0,0,0,0,0.0,0.0,,0.0
Rio dos Bois,2020-06-17,0,0,0,0,0.0,0.0,,0.0
Rio dos Bois,2020-06-18,0,0,0,0,0.0,0.0,,0.0
Rio dos Bois,2020-06-19,0,0,0,0,0.0,0.0,,0.0
Rio dos Bois,2020-06-20,0,0,0,0,0.0,0.0,,0.0
Rio dos Bois,2020-06-21,1,1,0,0,0.07142857142857142,0.0,,0.0
Rio dos Bois,2020-06-22,1,0,0,0,0.07142857142857142,0.0,,0.0
Rio dos Bois,2020-06-23,1,0,0,0,0.07142857142857142,0.0,,0.0
Rio dos Bois,2020-06-24,2,1,1,1,0.14285714285714285,0.07142857142857142,inf,0.3010299956639812
Rio dos Bois,2020-06-25,2,0,0,-1,0.14285714285714285,0.0,,0.3010299956639812
Rio dos Bois,2020-06-26,2,0,0,0,0.14285714285714285,0.0,,0.3010299956639812
Rio dos Bois,2020-06-27,2,0,0,0,0.14285714285714285,0.0,,0.3010299956639812
Rio dos Bois,2020-06-28,2,0,0,0,0.14285714285714285,0.0,,0.3010299956639812
Rio dos Bois,2020-06-29,2,0,0,0,0.14285714285714285,0.0,,0.3010299956639812
Rio dos Bois,2020-06-30,2,0,0,0,0.14285714285714285,0.0,,0.3010299956639812
Rio dos Bois,2020-07-01,2,0,0,0,0.14285714285714285,0.0,,0.3010299956639812
Rio dos Bois,2020-07-02,2,0,0,0,0.14285714285714285,0.0,,0.3010299956639812
Rio dos Bois,2020-07-03,2,0,0,0,0.14285714285714285,0.0,,0.3010299956639812
Rio dos Bois,2020-07-04,2,0,0,0,0.14285714285714285,0.0,,0.3010299956639812
Rio dos Bois,2020-07-05,2,0,0,0,0.07142857142857142,0.0,,0.3010299956639812
Rio dos Bois,2020-07-06,2,0,0,0,0.07142857142857142,0.0,,0.3010299956639812
Rio dos Bois,2020-07-07,2,0,0,0,0.07142857142857142,0.0,,0.3010299956639812
Rio dos Bois,2020-07-08,2,0,0,0,0.0,-0.07142857142857142,-2.0,0.3010299956639812
Rio dos Bois,2020-07-09,2,0,0,0,0.0,0.0,,0.3010299956639812
Rio dos Bois,2020-07-10,2,0,0,0,0.0,0.0,,0.3010299956639812
Rio dos Bois,2020-07-11,2,0,0,0,0.0,0.0,,0.3010299956639812
Rio dos Bois,2020-07-12,2,0,0,0,0.0,0.0,,0.3010299956639812
Rio dos Bois,2020-07-13,2,0,0,0,0.0,0.0,,0.3010299956639812
Rio dos Bois,2020-07-14,2,0,0,0,0.0,0.0,,0.3010299956639812
Rio dos Bois,2020-07-15,2,0,0,0,0.0,0.0,,0.3010299956639812
Rio dos Bois,2020-07-16,2,0,0,0,0.0,0.0,,0.3010299956639812
Rio dos Bois,2020-07-17,2,0,0,0,0.0,0.0,,0.3010299956639812
Rio dos Bois,2020-07-18,2,0,0,0,0.0,0.0,,0.3010299956639812
Rio dos Bois,2020-07-19,4,2,0,0,0.14285714285714285,0.0,,0.6020599913279624
Rio dos Bois,2020-07-20,4,0,0,0,0.14285714285714285,0.0,,0.6020599913279624
Rio dos Bois,2020-07-21,4,0,0,0,0.14285714285714285,0.0,,0.6020599913279624
Rio dos Bois,2020-07-22,5,1,0,0,0.21428571428571427,0.0,-1.0,0.6989700043360189
Rio dos Bois,2020-07-23,5,0,0,0,0.21428571428571427,0.0,,0.6989700043360189
Rio dos Bois,2020-07-24,5,0,0,0,0.21428571428571427,0.0,,0.6989700043360189
Rio dos Bois,2020-07-25,6,1,0,0,0.2857142857142857,0.0,,0.7781512503836436
Rio dos Bois,2020-07-26,8,2,0,0,0.42857142857142855,0.0,,0.9030899869919435
Rio dos Bois,2020-07-27,8,0,0,0,0.42857142857142855,0.0,,0.9030899869919435
Rio dos Bois,2020-07-28,12,4,0,0,0.7142857142857143,0.0,,1.0791812460476249
Rio dos Bois,2020-07-29,13,1,0,0,0.7857142857142857,0.0,,1.1139433523068367
Rio dos Bois,2020-07-30,25,12,0,0,1.6428571428571428,0.0,,1.3979400086720377
Rio dos Bois,2020-07-31,35,10,0,0,2.357142857142857,0.0,,1.5440680443502757
Rio dos Bois,2020-08-01,38,3,0,0,2.5714285714285716,0.0,,1.5797835966168101
Rio dos Bois,2020-08-02,40,2,0,0,2.5714285714285716,0.0,,1.6020599913279625
Rio dos Bois,2020-08-03,43,3,0,0,2.7857142857142856,0.0,,1.6334684555795866
Rio dos Bois,2020-08-04,44,1,0,0,2.857142857142857,0.0,,1.6434526764861874
Rio dos Bois,2020-08-05,45,1,0,0,2.857142857142857,0.0,,1.6532125137753437
Rio dos Bois,2020-08-06,46,1,0,0,2.9285714285714284,0.0,,1.662757831681574
Rio dos Bois,2020-08-07,48,2,0,0,3.0714285714285716,0.0,,1.6812412373755872
Rio dos Bois,2020-08-08,49,1,0,0,3.0714285714285716,0.0,,1.6901960800285136
Rio dos Bois,2020-08-09,61,12,0,0,3.7857142857142856,0.0,,1.7853298350107671
Rio dos Bois,2020-08-10,63,2,0,0,3.9285714285714284,0.0,,1.7993405494535817
Rio dos Bois,2020-08-11,66,3,0,0,3.857142857142857,0.0,,1.8195439355418688
Rio dos Bois,2020-08-12,70,4,0,0,4.071428571428571,0.0,,1.845098040014257
Rio dos Bois,2020-08-13,71,1,0,0,3.2857142857142856,0.0,,1.8512583487190752
Rio dos Bois,2020-08-14,75,4,0,0,2.857142857142857,0.0,,1.8750612633917
Rio dos Bois,2020-08-15,76,1,0,0,2.7142857142857144,0.0,,1.8808135922807914
Rio dos Bois,2020-08-16,80,4,0,0,2.857142857142857,0.0,,1.9030899869919435
Rio dos Bois,2020-08-17,85,5,0,0,3.0,0.0,,1.9294189257142929
Rio dos Bois,2020-08-18,87,2,0,0,3.0714285714285716,0.0,,1.9395192526186185
Rio dos Bois,2020-08-19,86,-1,0,0,2.9285714285714284,0.0,,1.9344984512435677
Rio dos Bois,2020-08-20,85,-1,0,0,2.7857142857142856,0.0,,1.9294189257142929
Rio dos Bois,2020-08-21,87,2,0,0,2.7857142857142856,0.0,,1.9395192526186185
Rio dos Bois,2020-08-22,87,0,0,0,2.7142857142857144,0.0,,1.9395192526186185
Rio dos Bois,2020-08-23,87,0,0,0,1.8571428571428572,0.0,,1.9395192526186185
Rio dos Bois,2020-08-24,96,9,0,0,2.357142857142857,0.0,,1.9822712330395684
Rio dos Bois,2020-08-25,98,2,0,0,2.2857142857142856,0.0,,1.9912260756924949
Rio dos Bois,2020-08-26,101,3,0,0,2.2142857142857144,0.0,,2.0043213737826426
Rio dos Bois,2020-08-27,104,3,0,0,2.357142857142857,0.0,,2.0170333392987803
Rio dos Bois,2020-08-28,107,3,0,0,2.2857142857142856,0.0,,2.0293837776852097
Rio dos Bois,2020-08-29,107,0,0,0,2.2142857142857144,0.0,,2.0293837776852097
Rio dos Bois,2020-08-30,108,1,0,0,2.0,0.0,,2.03342375548695
Rio dos Bois,2020-08-31,108,0,0,0,1.6428571428571428,0.0,,2.03342375548695
Rio dos Bois,2020-09-01,108,0,0,0,1.5,0.0,,2.03342375548695
Rio dos Bois,2020-09-02,109,1,0,0,1.6428571428571428,0.0,,2.037426497940624
Rio dos Bois,2020-09-03,111,2,0,0,1.8571428571428572,0.0,,2.0453229787866576
Rio dos Bois,2020-09-04,119,8,0,0,2.2857142857142856,0.0,,2.075546961392531
Rio dos Bois,2020-09-05,119,0,0,0,2.2857142857142856,0.0,,2.075546961392531
Rio dos Bois,2020-09-06,119,0,0,0,2.2857142857142856,0.0,,2.075546961392531
Rio dos Bois,2020-09-07,119,0,0,0,1.6428571428571428,0.0,,2.075546961392531
Rio dos Bois,2020-09-08,126,7,0,0,2.0,0.0,,2.100370545117563
Rio dos Bois,2020-09-09,126,0,0,0,1.7857142857142858,0.0,,2.100370545117563
Rio dos Bois,2020-09-10,128,2,0,0,1.7142857142857142,0.0,,2.1072099696478683
Rio dos Bois,2020-09-11,131,3,0,0,1.7142857142857142,0.0,,2.1172712956557644
Rio dos Bois,2020-09-12,131,0,0,0,1.7142857142857142,0.0,,2.1172712956557644
Rio dos Bois,2020-09-13,131,0,0,0,1.6428571428571428,0.0,,2.1172712956557644
Rio dos Bois,2020-09-14,131,0,0,0,1.6428571428571428,0.0,,2.1172712956557644
Rio dos Bois,2020-09-15,131,0,0,0,1.6428571428571428,0.0,,2.1172712956557644
Rio dos Bois,2020-09-16,131,0,0,0,1.5714285714285714,0.0,,2.1172712956557644
Rio dos Bois,2020-09-17,132,1,0,0,1.5,0.0,,2.12057393120585
Rio dos Bois,2020-09-18,132,0,0,0,0.9285714285714286,0.0,,2.12057393120585
Rio dos Bois,2020-09-19,132,0,0,0,0.9285714285714286,0.0,,2.12057393120585
Rio dos Bois,2020-09-20,132,0,0,0,0.9285714285714286,0.0,,2.12057393120585
Rio dos Bois,2020-09-21,132,0,0,0,0.9285714285714286,0.0,,2.12057393120585
Rio dos Bois,2020-09-22,131,-1,0,0,0.35714285714285715,0.0,,2.1172712956557644
Rio dos Bois,2020-09-23,133,2,1,1,0.5,0.07142857142857142,inf,2.123851640967086
Rio dos Bois,2020-09-24,132,-1,1,0,0.2857142857142857,0.07142857142857142,inf,2.12057393120585
Rio dos Bois,2020-09-25,133,1,1,0,0.14285714285714285,0.07142857142857142,inf,2.123851640967086
Rio dos Bois,2020-09-26,134,1,1,0,0.21428571428571427,0.07142857142857142,inf,2.1271047983648077
Rio dos Bois,2020-09-27,134,0,1,0,0.21428571428571427,0.07142857142857142,inf,2.1271047983648077
Rio dos Bois,2020-09-28,134,0,1,0,0.21428571428571427,0.07142857142857142,inf,2.1271047983648077
Rio dos Bois,2020-09-29,134,0,1,0,0.21428571428571427,0.07142857142857142,inf,2.1271047983648077
Rio dos Bois,2020-09-30,134,0,1,0,0.21428571428571427,0.07142857142857142,inf,2.1271047983648077
Rio dos Bois,2020-10-01,134,0,1,0,0.14285714285714285,0.07142857142857142,inf,2.1271047983648077
Rio dos Bois,2020-10-02,134,0,1,0,0.14285714285714285,0.07142857142857142,inf,2.1271047983648077
Rio dos Bois,2020-10-03,134,0,1,0,0.14285714285714285,0.07142857142857142,inf,2.1271047983648077
Rio dos Bois,2020-10-04,134,0,1,0,0.14285714285714285,0.07142857142857142,inf,2.1271047983648077
Rio dos Bois,2020-10-05,134,0,1,0,0.14285714285714285,0.07142857142857142,inf,2.1271047983648077
Rio dos Bois,2020-10-06,134,0,1,0,0.21428571428571427,0.07142857142857142,inf,2.1271047983648077
Rio dos Bois,2020-10-07,134,0,1,0,0.07142857142857142,0.0,-1.0,2.1271047983648077
Rio dos Bois,2020-10-08,136,2,1,0,0.2857142857142857,0.0,-1.0,2.1335389083702174
Rio dos Bois,2020-10-09,136,0,1,0,0.21428571428571427,0.0,-1.0,2.1335389083702174
Rio dos Bois,2020-10-10,135,-1,1,0,0.07142857142857142,0.0,-1.0,2.130333768495006
Rio dos Bois,2020-10-11,135,0,1,0,0.07142857142857142,0.0,-1.0,2.130333768495006
Rio dos Bois,2020-10-12,135,0,1,0,0.07142857142857142,0.0,-1.0,2.130333768495006
Rio dos Bois,2020-10-13,135,0,1,0,0.07142857142857142,0.0,-1.0,2.130333768495006
Rio dos Bois,2020-10-14,135,0,1,0,0.07142857142857142,0.0,-1.0,2.130333768495006
Rio dos Bois,2020-10-15,135,0,1,0,0.07142857142857142,0.0,-1.0,2.130333768495006
Rio dos Bois,2020-10-16,135,0,1,0,0.07142857142857142,0.0,-1.0,2.130333768495006
Rio dos Bois,2020-10-17,135,0,1,0,0.07142857142857142,0.0,-1.0,2.130333768495006
Rio dos Bois,2020-10-18,135,0,1,0,0.07142857142857142,0.0,-1.0,2.130333768495006
Rio dos Bois,2020-10-19,135,0,1,0,0.07142857142857142,0.0,-1.0,2.130333768495006
Rio dos Bois,2020-10-20,135,0,1,0,0.07142857142857142,0.0,-1.0,2.130333768495006
Rio dos Bois,2020-10-21,135,0,1,0,0.07142857142857142,0.0,,2.130333768495006
Rio dos Bois,2020-10-22,135,0,1,0,-0.07142857142857142,0.0,,2.130333768495006
Rio dos Bois,2020-10-23,135,0,1,0,-0.07142857142857142,0.0,,2.130333768495006
Rio dos Bois,2020-10-24,135,0,1,0,0.0,0.0,,2.130333768495006
Rio dos Bois,2020-10-25,135,0,1,0,0.0,0.0,,2.130333768495006
Rio dos Bois,2020-10-26,135,0,1,0,0.0,0.0,,2.130333768495006
Rio dos Bois,2020-10-27,135,0,1,0,0.0,0.0,,2.130333768495006
Rio dos Bois,2020-10-28,135,0,1,0,0.0,0.0,,2.130333768495006
Rio dos Bois,2020-10-29,135,0,1,0,0.0,0.0,,2.130333768495006
Rio dos Bois,2020-10-30,135,0,1,0,0.0,0.0,,2.130333768495006
Rio dos Bois,2020-10-31,136,1,1,0,0.07142857142857142,0.0,,2.1335389083702174
Rio dos Bois,2020-11-01,136,0,1,0,0.07142857142857142,0.0,,2.1335389083702174
Rio dos Bois,2020-11-02,136,0,1,0,0.07142857142857142,0.0,,2.1335389083702174
Rio dos Bois,2020-11-03,136,0,1,0,0.07142857142857142,0.0,,2.1335389083702174
Rio dos Bois,2020-11-04,136,0,1,0,0.07142857142857142,0.0,,2.1335389083702174
Rio dos Bois,2020-11-05,136,0,1,0,0.07142857142857142,0.0,,2.1335389083702174
Rio dos Bois,2020-11-06,135,-1,1,0,0.0,0.0,,2.130333768495006
Rio dos Bois,2020-11-07,135,0,1,0,0.0,0.0,,2.130333768495006
Rio dos Bois,2020-11-08,135,0,1,0,0.0,0.0,,2.130333768495006
Rio dos Bois,2020-11-09,135,0,1,0,0.0,0.0,,2.130333768495006
Rio dos Bois,2020-11-10,135,0,1,0,0.0,0.0,,2.130333768495006
Rio dos Bois,2020-11-11,135,0,1,0,0.0,0.0,,2.130333768495006
Rio dos Bois,2020-11-12,135,0,1,0,0.0,0.0,,2.130333768495006
Rio dos Bois,2020-11-13,135,0,1,0,0.0,0.0,,2.130333768495006
Rio dos Bois,2020-11-14,135,0,1,0,-0.07142857142857142,0.0,,2.130333768495006
Rio dos Bois,2020-11-15,135,0,1,0,-0.07142857142857142,0.0,,2.130333768495006
Rio dos Bois,2020-11-16,135,0,1,0,-0.07142857142857142,0.0,,2.130333768495006
Rio dos Bois,2020-11-17,135,0,1,0,-0.07142857142857142,0.0,,2.130333768495006
Rio dos Bois,2020-11-18,135,0,1,0,-0.07142857142857142,0.0,,2.130333768495006
Rio dos Bois,2020-11-19,136,1,1,0,0.0,0.0,,2.1335389083702174
Rio dos Bois,2020-11-20,136,0,1,0,0.07142857142857142,0.0,,2.1335389083702174
Rio dos Bois,2020-11-21,136,0,1,0,0.07142857142857142,0.0,,2.1335389083702174
Rio dos Bois,2020-11-22,136,0,1,0,0.07142857142857142,0.0,,2.1335389083702174
Rio dos Bois,2020-11-23,136,0,1,0,0.07142857142857142,0.0,,2.1335389083702174
Rio dos Bois,2020-11-24,136,0,1,0,0.07142857142857142,0.0,,2.1335389083702174
Rio dos Bois,2020-11-25,137,1,1,0,0.14285714285714285,0.0,,2.1367205671564067
Rio dos Bois,2020-11-26,137,0,1,0,0.14285714285714285,0.0,,2.1367205671564067
Rio dos Bois,2020-11-27,137,0,1,0,0.14285714285714285,0.0,,2.1367205671564067
Rio dos Bois,2020-11-28,138,1,1,0,0.21428571428571427,0.0,,2.1398790864012365
Rio dos Bois,2020-11-29,138,0,1,0,0.21428571428571427,0.0,,2.1398790864012365
Rio dos Bois,2020-11-30,138,0,1,0,0.21428571428571427,0.0,,2.1398790864012365
Rio dos Bois,2020-12-01,138,0,1,0,0.21428571428571427,0.0,,2.1398790864012365
Rio dos Bois,2020-12-02,138,0,1,0,0.21428571428571427,0.0,,2.1398790864012365
Rio dos Bois,2020-12-03,140,2,1,0,0.2857142857142857,0.0,,2.146128035678238
Rio dos Bois,2020-12-04,140,0,1,0,0.2857142857142857,0.0,,2.146128035678238
Rio dos Bois,2020-12-05,141,1,1,0,0.35714285714285715,0.0,,2.1492191126553797
Rio dos Bois,2020-12-06,141,0,1,0,0.35714285714285715,0.0,,2.1492191126553797
Rio dos Bois,2020-12-07,141,0,1,0,0.35714285714285715,0.0,,2.1492191126553797
Rio dos Bois,2020-12-08,141,0,1,0,0.35714285714285715,0.0,,2.1492191126553797
Rio dos Bois,2020-12-09,142,1,1,0,0.35714285714285715,0.0,,2.1522883443830563
Rio dos Bois,2020-12-10,142,0,1,0,0.35714285714285715,0.0,,2.1522883443830563
Rio dos Bois,2020-12-11,142,0,1,0,0.35714285714285715,0.0,,2.1522883443830563
Rio dos Bois,2020-12-12,142,0,1,0,0.2857142857142857,0.0,,2.1522883443830563
Rio dos Bois,2020-12-13,144,2,1,0,0.42857142857142855,0.0,,2.1583624920952498
Rio dos Bois,2020-12-14,144,0,1,0,0.42857142857142855,0.0,,2.1583624920952498
Rio dos Bois,2020-12-15,144,0,1,0,0.42857142857142855,0.0,,2.1583624920952498
Rio dos Bois,2020-12-16,143,-1,1,0,0.35714285714285715,0.0,,2.155336037465062
Rio dos Bois,2020-12-17,149,6,1,0,0.6428571428571429,0.0,,2.173186268412274
Rio dos Bois,2020-12-18,149,0,1,0,0.6428571428571429,0.0,,2.173186268412274
Rio dos Bois,2020-12-19,149,0,1,0,0.5714285714285714,0.0,,2.173186268412274
Rio dos Bois,2020-12-20,150,1,1,0,0.6428571428571429,0.0,,2.1760912590556813
Rio dos Bois,2020-12-21,150,0,1,0,0.6428571428571429,0.0,,2.1760912590556813
Rio dos Bois,2020-12-22,150,0,1,0,0.6428571428571429,0.0,,2.1760912590556813
Rio dos Bois,2020-12-23,150,0,1,0,0.5714285714285714,0.0,,2.1760912590556813
Rio dos Bois,2020-12-24,152,2,1,0,0.7142857142857143,0.0,,2.1818435879447726
Rio dos Bois,2020-12-25,152,0,1,0,0.7142857142857143,0.0,,2.1818435879447726
Rio dos Bois,2020-12-26,152,0,1,0,0.7142857142857143,0.0,,2.1818435879447726
Rio dos Bois,2020-12-27,152,0,1,0,0.5714285714285714,0.0,,2.1818435879447726
Rio dos Bois,2020-12-28,151,-1,1,0,0.5,0.0,,2.1789769472931693
Rio dos Bois,2020-12-29,151,0,1,0,0.5,0.0,,2.1789769472931693
Rio dos Bois,2020-12-30,151,0,1,0,0.5714285714285714,0.0,,2.1789769472931693
Rio dos Bois,2020-12-31,151,0,1,0,0.14285714285714285,0.0,,2.1789769472931693
Rio dos Bois,2021-01-01,151,0,1,0,0.14285714285714285,0.0,,2.1789769472931693
Rio dos Bois,2021-01-02,151,0,1,0,0.14285714285714285,0.0,,2.1789769472931693
Rio dos Bois,2021-01-03,151,0,1,0,0.07142857142857142,0.0,,2.1789769472931693
Rio dos Bois,2021-01-04,151,0,1,0,0.07142857142857142,0.0,,2.1789769472931693
Rio dos Bois,2021-01-05,151,0,1,0,0.07142857142857142,0.0,,2.1789769472931693
Rio dos Bois,2021-01-06,151,0,1,0,0.07142857142857142,0.0,,2.1789769472931693
Rio dos Bois,2021-01-07,151,0,1,0,-0.07142857142857142,0.0,,2.1789769472931693
Rio dos Bois,2021-01-08,152,1,1,0,0.0,0.0,,2.1818435879447726
Rio dos Bois,2021-01-09,152,0,1,0,0.0,0.0,,2.1818435879447726
Rio dos Bois,2021-01-10,152,0,1,0,0.0,0.0,,2.1818435879447726
Rio dos Bois,2021-01-11,152,0,1,0,0.07142857142857142,0.0,,2.1818435879447726
Rio dos Bois,2021-01-12,152,0,1,0,0.07142857142857142,0.0,,2.1818435879447726
Rio dos Bois,2021-01-13,154,2,1,0,0.21428571428571427,0.0,,2.187520720836463
Rio dos Bois,2021-01-14,154,0,1,0,0.21428571428571427,0.0,,2.187520720836463
Rio dos Bois,2021-01-15,154,0,1,0,0.21428571428571427,0.0,,2.187520720836463
Rio dos Bois,2021-01-16,154,0,1,0,0.21428571428571427,0.0,,2.187520720836463
Rio dos Bois,2021-01-17,154,0,1,0,0.21428571428571427,0.0,,2.187520720836463
Rio dos Bois,2021-01-18,154,0,1,0,0.21428571428571427,0.0,,2.187520720836463
Rio dos Bois,2021-01-19,154,0,1,0,0.21428571428571427,0.0,,2.187520720836463
Rio dos Bois,2021-01-20,157,3,1,0,0.42857142857142855,0.0,,2.1958996524092336
Porto Alegre do Tocantins,2020-03-27,0,0,0,0,,,,0.0
Porto Alegre do Tocantins,2020-03-28,0,0,0,0,,,,0.0
Porto Alegre do Tocantins,2020-03-29,0,0,0,0,,,,0.0
Porto Alegre do Tocantins,2020-03-30,0,0,0,0,,,,0.0
Porto Alegre do Tocantins,2020-03-31,0,0,0,0,,,,0.0
Porto Alegre do Tocantins,2020-04-01,0,0,0,0,,,,0.0
Porto Alegre do Tocantins,2020-04-02,0,0,0,0,,,,0.0
Porto Alegre do Tocantins,2020-04-03,0,0,0,0,,,,0.0
Porto Alegre do Tocantins,2020-04-04,0,0,0,0,,,,0.0
Porto Alegre do Tocantins,2020-04-05,0,0,0,0,,,,0.0
Porto Alegre do Tocantins,2020-04-06,0,0,0,0,,,,0.0
Porto Alegre do Tocantins,2020-04-07,0,0,0,0,,,,0.0
Porto Alegre do Tocantins,2020-04-08,0,0,0,0,,,,0.0
Porto Alegre do Tocantins,2020-04-09,0,0,0,0,0.0,0.0,,0.0
Porto Alegre do Tocantins,2020-04-10,0,0,0,0,0.0,0.0,,0.0
Porto Alegre do Tocantins,2020-04-11,0,0,0,0,0.0,0.0,,0.0
Porto Alegre do Tocantins,2020-04-12,0,0,0,0,0.0,0.0,,0.0
Porto Alegre do Tocantins,2020-04-13,0,0,0,0,0.0,0.0,,0.0
Porto Alegre do Tocantins,2020-04-14,0,0,0,0,0.0,0.0,,0.0
Porto Alegre do Tocantins,2020-04-15,0,0,0,0,0.0,0.0,,0.0
Porto Alegre do Tocantins,2020-04-16,0,0,0,0,0.0,0.0,,0.0
Porto Alegre do Tocantins,2020-04-17,0,0,0,0,0.0,0.0,,0.0
Porto Alegre do Tocantins,2020-04-18,0,0,0,0,0.0,0.0,,0.0
Porto Alegre do Tocantins,2020-04-19,0,0,0,0,0.0,0.0,,0.0
Porto Alegre do Tocantins,2020-04-20,0,0,0,0,0.0,0.0,,0.0
Porto Alegre do Tocantins,2020-04-21,0,0,0,0,0.0,0.0,,0.0
Porto Alegre do Tocantins,2020-04-22,0,0,0,0,0.0,0.0,,0.0
Porto Alegre do Tocantins,2020-04-23,0,0,0,0,0.0,0.0,,0.0
Porto Alegre do Tocantins,2020-04-24,0,0,0,0,0.0,0.0,,0.0
Porto Alegre do Tocantins,2020-04-25,0,0,0,0,0.0,0.0,,0.0
Porto Alegre do Tocantins,2020-04-26,0,0,0,0,0.0,0.0,,0.0
Porto Alegre do Tocantins,2020-04-27,0,0,0,0,0.0,0.0,,0.0
Porto Alegre do Tocantins,2020-04-28,0,0,0,0,0.0,0.0,,0.0
Porto Alegre do Tocantins,2020-04-29,0,0,0,0,0.0,0.0,,0.0
Porto Alegre do Tocantins,2020-04-30,0,0,0,0,0.0,0.0,,0.0
Porto Alegre do Tocantins,2020-05-01,0,0,0,0,0.0,0.0,,0.0
Porto Alegre do Tocantins,2020-05-02,0,0,0,0,0.0,0.0,,0.0
Porto Alegre do Tocantins,2020-05-03,0,0,0,0,0.0,0.0,,0.0
Porto Alegre do Tocantins,2020-05-04,0,0,0,0,0.0,0.0,,0.0
Porto Alegre do Tocantins,2020-05-05,0,0,0,0,0.0,0.0,,0.0
Porto Alegre do Tocantins,2020-05-06,0,0,0,0,0.0,0.0,,0.0
Porto Alegre do Tocantins,2020-05-07,0,0,0,0,0.0,0.0,,0.0
Porto Alegre do Tocantins,2020-05-08,0,0,0,0,0.0,0.0,,0.0
Porto Alegre do Tocantins,2020-05-09,0,0,0,0,0.0,0.0,,0.0
Porto Alegre do Tocantins,2020-05-10,0,0,0,0,0.0,0.0,,0.0
Porto Alegre do Tocantins,2020-05-11,0,0,0,0,0.0,0.0,,0.0
Porto Alegre do Tocantins,2020-05-12,0,0,0,0,0.0,0.0,,0.0
Porto Alegre do Tocantins,2020-05-13,0,0,0,0,0.0,0.0,,0.0
Porto Alegre do Tocantins,2020-05-14,0,0,0,0,0.0,0.0,,0.0
Porto Alegre do Tocantins,2020-05-15,0,0,0,0,0.0,0.0,,0.0
Porto Alegre do Tocantins,2020-05-16,0,0,0,0,0.0,0.0,,0.0
Porto Alegre do Tocantins,2020-05-17,0,0,0,0,0.0,0.0,,0.0
Porto Alegre do Tocantins,2020-05-18,0,0,0,0,0.0,0.0,,0.0
Porto Alegre do Tocantins,2020-05-19,0,0,0,0,0.0,0.0,,0.0
Porto Alegre do Tocantins,2020-05-20,0,0,0,0,0.0,0.0,,0.0
Porto Alegre do Tocantins,2020-05-21,0,0,0,0,0.0,0.0,,0.0
Porto Alegre do Tocantins,2020-05-22,0,0,0,0,0.0,0.0,,0.0
Porto Alegre do Tocantins,2020-05-23,0,0,0,0,0.0,0.0,,0.0
Porto Alegre do Tocantins,2020-05-24,0,0,0,0,0.0,0.0,,0.0
Porto Alegre do Tocantins,2020-05-25,0,0,0,0,0.0,0.0,,0.0
Porto Alegre do Tocantins,2020-05-26,0,0,0,0,0.0,0.0,,0.0
Porto Alegre do Tocantins,2020-05-27,0,0,0,0,0.0,0.0,,0.0
Porto Alegre do Tocantins,2020-05-28,0,0,0,0,0.0,0.0,,0.0
Porto Alegre do Tocantins,2020-05-29,0,0,0,0,0.0,0.0,,0.0
Porto Alegre do Tocantins,2020-05-30,0,0,0,0,0.0,0.0,,0.0
Porto Alegre do Tocantins,2020-05-31,0,0,0,0,0.0,0.0,,0.0
Porto Alegre do Tocantins,2020-06-01,0,0,0,0,0.0,0.0,,0.0
Porto Alegre do Tocantins,2020-06-02,0,0,0,0,0.0,0.0,,0.0
Porto Alegre do Tocantins,2020-06-03,0,0,0,0,0.0,0.0,,0.0
Porto Alegre do Tocantins,2020-06-04,0,0,0,0,0.0,0.0,,0.0
Porto Alegre do Tocantins,2020-06-05,0,0,0,0,0.0,0.0,,0.0
Porto Alegre do Tocantins,2020-06-06,0,0,0,0,0.0,0.0,,0.0
Porto Alegre do Tocantins,2020-06-07,0,0,0,0,0.0,0.0,,0.0
Porto Alegre do Tocantins,2020-06-08,0,0,0,0,0.0,0.0,,0.0
Porto Alegre do Tocantins,2020-06-09,0,0,0,0,0.0,0.0,,0.0
Porto Alegre do Tocantins,2020-06-10,0,0,0,0,0.0,0.0,,0.0
Porto Alegre do Tocantins,2020-06-11,0,0,0,0,0.0,0.0,,0.0
Porto Alegre do Tocantins,2020-06-12,0,0,0,0,0.0,0.0,,0.0
Porto Alegre do Tocantins,2020-06-13,0,0,0,0,0.0,0.0,,0.0
Porto Alegre do Tocantins,2020-06-14,0,0,0,0,0.0,0.0,,0.0
Porto Alegre do Tocantins,2020-06-15,0,0,0,0,0.0,0.0,,0.0
Porto Alegre do Tocantins,2020-06-16,0,0,0,0,0.0,0.0,,0.0
Porto Alegre do Tocantins,2020-06-17,0,0,0,0,0.0,0.0,,0.0
Porto Alegre do Tocantins,2020-06-18,0,0,0,0,0.0,0.0,,0.0
Porto Alegre do Tocantins,2020-06-19,0,0,0,0,0.0,0.0,,0.0
Porto Alegre do Tocantins,2020-06-20,0,0,0,0,0.0,0.0,,0.0
Porto Alegre do Tocantins,2020-06-21,0,0,0,0,0.0,0.0,,0.0
Porto Alegre do Tocantins,2020-06-22,0,0,0,0,0.0,0.0,,0.0
Porto Alegre do Tocantins,2020-06-23,0,0,0,0,0.0,0.0,,0.0
Porto Alegre do Tocantins,2020-06-24,0,0,0,0,0.0,0.0,,0.0
Porto Alegre do Tocantins,2020-06-25,0,0,0,0,0.0,0.0,,0.0
Porto Alegre do Tocantins,2020-06-26,0,0,0,0,0.0,0.0,,0.0
Porto Alegre do Tocantins,2020-06-27,0,0,0,0,0.0,0.0,,0.0
Porto Alegre do Tocantins,2020-06-28,0,0,0,0,0.0,0.0,,0.0
Porto Alegre do Tocantins,2020-06-29,0,0,0,0,0.0,0.0,,0.0
Porto Alegre do Tocantins,2020-06-30,0,0,0,0,0.0,0.0,,0.0
Porto Alegre do Tocantins,2020-07-01,0,0,0,0,0.0,0.0,,0.0
Porto Alegre do Tocantins,2020-07-02,0,0,0,0,0.0,0.0,,0.0
Porto Alegre do Tocantins,2020-07-03,0,0,0,0,0.0,0.0,,0.0
Porto Alegre do Tocantins,2020-07-04,0,0,0,0,0.0,0.0,,0.0
Porto Alegre do Tocantins,2020-07-05,0,0,0,0,0.0,0.0,,0.0
Porto Alegre do Tocantins,2020-07-06,0,0,0,0,0.0,0.0,,0.0
Porto Alegre do Tocantins,2020-07-07,0,0,0,0,0.0,0.0,,0.0
Porto Alegre do Tocantins,2020-07-08,0,0,0,0,0.0,0.0,,0.0
Porto Alegre do Tocantins,2020-07-09,0,0,0,0,0.0,0.0,,0.0
Porto Alegre do Tocantins,2020-07-10,0,0,0,0,0.0,0.0,,0.0
Porto Alegre do Tocantins,2020-07-11,0,0,0,0,0.0,0.0,,0.0
Porto Alegre do Tocantins,2020-07-12,0,0,0,0,0.0,0.0,,0.0
Porto Alegre do Tocantins,2020-07-13,0,0,0,0,0.0,0.0,,0.0
Porto Alegre do Tocantins,2020-07-14,0,0,0,0,0.0,0.0,,0.0
Porto Alegre do Tocantins,2020-07-15,0,0,0,0,0.0,0.0,,0.0
Porto Alegre do Tocantins,2020-07-16,0,0,0,0,0.0,0.0,,0.0
Porto Alegre do Tocantins,2020-07-17,0,0,0,0,0.0,0.0,,0.0
Porto Alegre do Tocantins,2020-07-18,0,0,0,0,0.0,0.0,,0.0
Porto Alegre do Tocantins,2020-07-19,0,0,0,0,0.0,0.0,,0.0
Porto Alegre do Tocantins,2020-07-20,0,0,0,0,0.0,0.0,,0.0
Porto Alegre do Tocantins,2020-07-21,0,0,0,0,0.0,0.0,,0.0
Porto Alegre do Tocantins,2020-07-22,0,0,0,0,0.0,0.0,,0.0
Porto Alegre do Tocantins,2020-07-23,0,0,0,0,0.0,0.0,,0.0
Porto Alegre do Tocantins,2020-07-24,0,0,0,0,0.0,0.0,,0.0
Porto Alegre do Tocantins,2020-07-25,2,2,0,0,0.14285714285714285,0.0,,0.3010299956639812
Porto Alegre do Tocantins,2020-07-26,2,0,0,0,0.14285714285714285,0.0,,0.3010299956639812
Porto Alegre do Tocantins,2020-07-27,2,0,0,0,0.14285714285714285,0.0,,0.3010299956639812
Porto Alegre do Tocantins,2020-07-28,2,0,0,0,0.14285714285714285,0.0,,0.3010299956639812
Porto Alegre do Tocantins,2020-07-29,2,0,0,0,0.14285714285714285,0.0,,0.3010299956639812
Porto Alegre do Tocantins,2020-07-30,2,0,0,0,0.14285714285714285,0.0,,0.3010299956639812
Porto Alegre do Tocantins,2020-07-31,2,0,0,0,0.14285714285714285,0.0,,0.3010299956639812
Porto Alegre do Tocantins,2020-08-01,2,0,0,0,0.14285714285714285,0.0,,0.3010299956639812
Porto Alegre do Tocantins,2020-08-02,2,0,0,0,0.14285714285714285,0.0,,0.3010299956639812
Porto Alegre do Tocantins,2020-08-03,2,0,0,0,0.14285714285714285,0.0,,0.3010299956639812
Porto Alegre do Tocantins,2020-08-04,2,0,0,0,0.14285714285714285,0.0,,0.3010299956639812
Porto Alegre do Tocantins,2020-08-05,2,0,0,0,0.14285714285714285,0.0,,0.3010299956639812
Porto Alegre do Tocantins,2020-08-06,2,0,0,0,0.14285714285714285,0.0,,0.3010299956639812
Porto Alegre do Tocantins,2020-08-07,2,0,0,0,0.14285714285714285,0.0,,0.3010299956639812
Porto Alegre do Tocantins,2020-08-08,3,1,0,0,0.07142857142857142,0.0,,0.47712125471966244
Porto Alegre do Tocantins,2020-08-09,3,0,0,0,0.07142857142857142,0.0,,0.47712125471966244
Porto Alegre do Tocantins,2020-08-10,3,0,0,0,0.07142857142857142,0.0,,0.47712125471966244
Porto Alegre do Tocantins,2020-08-11,3,0,0,0,0.07142857142857142,0.0,,0.47712125471966244
Porto Alegre do Tocantins,2020-08-12,3,0,0,0,0.07142857142857142,0.0,,0.47712125471966244
Porto Alegre do Tocantins,2020-08-13,3,0,0,0,0.07142857142857142,0.0,,0.47712125471966244
Porto Alegre do Tocantins,2020-08-14,5,2,0,0,0.21428571428571427,0.0,,0.6989700043360189
Porto Alegre do Tocantins,2020-08-15,4,-1,0,0,0.14285714285714285,0.0,,0.6020599913279624
Porto Alegre do Tocantins,2020-08-16,4,0,0,0,0.14285714285714285,0.0,,0.6020599913279624
Porto Alegre do Tocantins,2020-08-17,4,0,0,0,0.14285714285714285,0.0,,0.6020599913279624
Porto Alegre do Tocantins,2020-08-18,4,0,0,0,0.14285714285714285,0.0,,0.6020599913279624
Porto Alegre do Tocantins,2020-08-19,4,0,0,0,0.14285714285714285,0.0,,0.6020599913279624
Porto Alegre do Tocantins,2020-08-20,4,0,0,0,0.14285714285714285,0.0,,0.6020599913279624
Porto Alegre do Tocantins,2020-08-21,4,0,0,0,0.14285714285714285,0.0,,0.6020599913279624
Porto Alegre do Tocantins,2020-08-22,4,0,0,0,0.07142857142857142,0.0,,0.6020599913279624
Porto Alegre do Tocantins,2020-08-23,4,0,0,0,0.07142857142857142,0.0,,0.6020599913279624
Porto Alegre do Tocantins,2020-08-24,4,0,0,0,0.07142857142857142,0.0,,0.6020599913279624
Porto Alegre do Tocantins,2020-08-25,4,0,0,0,0.07142857142857142,0.0,,0.6020599913279624
Porto Alegre do Tocantins,2020-08-26,4,0,0,0,0.07142857142857142,0.0,,0.6020599913279624
Porto Alegre do Tocantins,2020-08-27,4,0,0,0,0.07142857142857142,0.0,,0.6020599913279624
Porto Alegre do Tocantins,2020-08-28,4,0,0,0,-0.07142857142857142,0.0,,0.6020599913279624
Porto Alegre do Tocantins,2020-08-29,4,0,0,0,0.0,0.0,,0.6020599913279624
Porto Alegre do Tocantins,2020-08-30,4,0,0,0,0.0,0.0,,0.6020599913279624
Porto Alegre do Tocantins,2020-08-31,4,0,0,0,0.0,0.0,,0.6020599913279624
Porto Alegre do Tocantins,2020-09-01,4,0,0,0,0.0,0.0,,0.6020599913279624
Porto Alegre do Tocantins,2020-09-02,4,0,0,0,0.0,0.0,,0.6020599913279624
Porto Alegre do Tocantins,2020-09-03,4,0,0,0,0.0,0.0,,0.6020599913279624
Porto Alegre do Tocantins,2020-09-04,4,0,0,0,0.0,0.0,,0.6020599913279624
Porto Alegre do Tocantins,2020-09-05,4,0,0,0,0.0,0.0,,0.6020599913279624
Porto Alegre do Tocantins,2020-09-06,4,0,0,0,0.0,0.0,,0.6020599913279624
Porto Alegre do Tocantins,2020-09-07,4,0,0,0,0.0,0.0,,0.6020599913279624
Porto Alegre do Tocantins,2020-09-08,4,0,0,0,0.0,0.0,,0.6020599913279624
Porto Alegre do Tocantins,2020-09-09,4,0,0,0,0.0,0.0,,0.6020599913279624
Porto Alegre do Tocantins,2020-09-10,4,0,0,0,0.0,0.0,,0.6020599913279624
Porto Alegre do Tocantins,2020-09-11,4,0,0,0,0.0,0.0,,0.6020599913279624
Porto Alegre do Tocantins,2020-09-12,4,0,0,0,0.0,0.0,,0.6020599913279624
Porto Alegre do Tocantins,2020-09-13,4,0,0,0,0.0,0.0,,0.6020599913279624
Porto Alegre do Tocantins,2020-09-14,4,0,0,0,0.0,0.0,,0.6020599913279624
Porto Alegre do Tocantins,2020-09-15,4,0,0,0,0.0,0.0,,0.6020599913279624
Porto Alegre do Tocantins,2020-09-16,4,0,0,0,0.0,0.0,,0.6020599913279624
Porto Alegre do Tocantins,2020-09-17,4,0,0,0,0.0,0.0,,0.6020599913279624
Porto Alegre do Tocantins,2020-09-18,4,0,0,0,0.0,0.0,,0.6020599913279624
Porto Alegre do Tocantins,2020-09-19,4,0,0,0,0.0,0.0,,0.6020599913279624
Porto Alegre do Tocantins,2020-09-20,4,0,0,0,0.0,0.0,,0.6020599913279624
Porto Alegre do Tocantins,2020-09-21,4,0,0,0,0.0,0.0,,0.6020599913279624
Porto Alegre do Tocantins,2020-09-22,4,0,0,0,0.0,0.0,,0.6020599913279624
Porto Alegre do Tocantins,2020-09-23,4,0,0,0,0.0,0.0,,0.6020599913279624
Porto Alegre do Tocantins,2020-09-24,4,0,0,0,0.0,0.0,,0.6020599913279624
Porto Alegre do Tocantins,2020-09-25,4,0,0,0,0.0,0.0,,0.6020599913279624
Porto Alegre do Tocantins,2020-09-26,4,0,0,0,0.0,0.0,,0.6020599913279624
Porto Alegre do Tocantins,2020-09-27,4,0,0,0,0.0,0.0,,0.6020599913279624
Porto Alegre do Tocantins,2020-09-28,4,0,0,0,0.0,0.0,,0.6020599913279624
Porto Alegre do Tocantins,2020-09-29,4,0,0,0,0.0,0.0,,0.6020599913279624
Porto Alegre do Tocantins,2020-09-30,4,0,0,0,0.0,0.0,,0.6020599913279624
Porto Alegre do Tocantins,2020-10-01,4,0,0,0,0.0,0.0,,0.6020599913279624
Porto Alegre do Tocantins,2020-10-02,4,0,0,0,0.0,0.0,,0.6020599913279624
Porto Alegre do Tocantins,2020-10-03,5,1,0,0,0.07142857142857142,0.0,,0.6989700043360189
Porto Alegre do Tocantins,2020-10-04,5,0,0,0,0.07142857142857142,0.0,,0.6989700043360189
Porto Alegre do Tocantins,2020-10-05,5,0,0,0,0.07142857142857142,0.0,,0.6989700043360189
Porto Alegre do Tocantins,2020-10-06,5,0,0,0,0.07142857142857142,0.0,,0.6989700043360189
Porto Alegre do Tocantins,2020-10-07,5,0,0,0,0.07142857142857142,0.0,,0.6989700043360189
Porto Alegre do Tocantins,2020-10-08,5,0,0,0,0.07142857142857142,0.0,,0.6989700043360189
Porto Alegre do Tocantins,2020-10-09,5,0,0,0,0.07142857142857142,0.0,,0.6989700043360189
Porto Alegre do Tocantins,2020-10-10,5,0,0,0,0.07142857142857142,0.0,,0.6989700043360189
Porto Alegre do Tocantins,2020-10-11,5,0,0,0,0.07142857142857142,0.0,,0.6989700043360189
Porto Alegre do Tocantins,2020-10-12,5,0,0,0,0.07142857142857142,0.0,,0.6989700043360189
Porto Alegre do Tocantins,2020-10-13,5,0,0,0,0.07142857142857142,0.0,,0.6989700043360189
Porto Alegre do Tocantins,2020-10-14,5,0,0,0,0.07142857142857142,0.0,,0.6989700043360189
Porto Alegre do Tocantins,2020-10-15,5,0,0,0,0.07142857142857142,0.0,,0.6989700043360189
Porto Alegre do Tocantins,2020-10-16,5,0,0,0,0.07142857142857142,0.0,,0.6989700043360189
Porto Alegre do Tocantins,2020-10-17,5,0,0,0,0.0,0.0,,0.6989700043360189
Porto Alegre do Tocantins,2020-10-18,5,0,0,0,0.0,0.0,,0.6989700043360189
Porto Alegre do Tocantins,2020-10-19,5,0,0,0,0.0,0.0,,0.6989700043360189
Porto Alegre do Tocantins,2020-10-20,5,0,0,0,0.0,0.0,,0.6989700043360189
Porto Alegre do Tocantins,2020-10-21,5,0,0,0,0.0,0.0,,0.6989700043360189
Porto Alegre do Tocantins,2020-10-22,5,0,0,0,0.0,0.0,,0.6989700043360189
Porto Alegre do Tocantins,2020-10-23,5,0,0,0,0.0,0.0,,0.6989700043360189
Porto Alegre do Tocantins,2020-10-24,5,0,0,0,0.0,0.0,,0.6989700043360189
Porto Alegre do Tocantins,2020-10-25,5,0,0,0,0.0,0.0,,0.6989700043360189
Porto Alegre do Tocantins,2020-10-26,5,0,0,0,0.0,0.0,,0.6989700043360189
Porto Alegre do Tocantins,2020-10-27,5,0,0,0,0.0,0.0,,0.6989700043360189
Porto Alegre do Tocantins,2020-10-28,5,0,0,0,0.0,0.0,,0.6989700043360189
Porto Alegre do Tocantins,2020-10-29,5,0,0,0,0.0,0.0,,0.6989700043360189
Porto Alegre do Tocantins,2020-10-30,5,0,0,0,0.0,0.0,,0.6989700043360189
Porto Alegre do Tocantins,2020-10-31,5,0,0,0,0.0,0.0,,0.6989700043360189
Porto Alegre do Tocantins,2020-11-01,5,0,0,0,0.0,0.0,,0.6989700043360189
Porto Alegre do Tocantins,2020-11-02,5,0,0,0,0.0,0.0,,0.6989700043360189
Porto Alegre do Tocantins,2020-11-03,5,0,0,0,0.0,0.0,,0.6989700043360189
Porto Alegre do Tocantins,2020-11-04,5,0,0,0,0.0,0.0,,0.6989700043360189
Porto Alegre do Tocantins,2020-11-05,5,0,0,0,0.0,0.0,,0.6989700043360189
Porto Alegre do Tocantins,2020-11-06,5,0,0,0,0.0,0.0,,0.6989700043360189
Porto Alegre do Tocantins,2020-11-07,5,0,0,0,0.0,0.0,,0.6989700043360189
Porto Alegre do Tocantins,2020-11-08,5,0,0,0,0.0,0.0,,0.6989700043360189
Porto Alegre do Tocantins,2020-11-09,5,0,0,0,0.0,0.0,,0.6989700043360189
Porto Alegre do Tocantins,2020-11-10,5,0,0,0,0.0,0.0,,0.6989700043360189
Porto Alegre do Tocantins,2020-11-11,5,0,0,0,0.0,0.0,,0.6989700043360189
Porto Alegre do Tocantins,2020-11-12,6,1,0,0,0.07142857142857142,0.0,,0.7781512503836436
Porto Alegre do Tocantins,2020-11-13,6,0,0,0,0.07142857142857142,0.0,,0.7781512503836436
Porto Alegre do Tocantins,2020-11-14,6,0,0,0,0.07142857142857142,0.0,,0.7781512503836436
Porto Alegre do Tocantins,2020-11-15,6,0,0,0,0.07142857142857142,0.0,,0.7781512503836436
Porto Alegre do Tocantins,2020-11-16,6,0,0,0,0.07142857142857142,0.0,,0.7781512503836436
Porto Alegre do Tocantins,2020-11-17,6,0,0,0,0.07142857142857142,0.0,,0.7781512503836436
Porto Alegre do Tocantins,2020-11-18,6,0,0,0,0.07142857142857142,0.0,,0.7781512503836436
Porto Alegre do Tocantins,2020-11-19,6,0,0,0,0.07142857142857142,0.0,,0.7781512503836436
Porto Alegre do Tocantins,2020-11-20,6,0,0,0,0.07142857142857142,0.0,,0.7781512503836436
Porto Alegre do Tocantins,2020-11-21,6,0,0,0,0.07142857142857142,0.0,,0.7781512503836436
Porto Alegre do Tocantins,2020-11-22,6,0,0,0,0.07142857142857142,0.0,,0.7781512503836436
Porto Alegre do Tocantins,2020-11-23,6,0,0,0,0.07142857142857142,0.0,,0.7781512503836436
Porto Alegre do Tocantins,2020-11-24,6,0,0,0,0.07142857142857142,0.0,,0.7781512503836436
Porto Alegre do Tocantins,2020-11-25,6,0,0,0,0.07142857142857142,0.0,,0.7781512503836436
Porto Alegre do Tocantins,2020-11-26,6,0,0,0,0.0,0.0,,0.7781512503836436
Porto Alegre do Tocantins,2020-11-27,6,0,0,0,0.0,0.0,,0.7781512503836436
Porto Alegre do Tocantins,2020-11-28,5,-1,0,0,-0.07142857142857142,0.0,,0.6989700043360189
Porto Alegre do Tocantins,2020-11-29,5,0,0,0,-0.07142857142857142,0.0,,0.6989700043360189
Porto Alegre do Tocantins,2020-11-30,5,0,0,0,-0.07142857142857142,0.0,,0.6989700043360189
Porto Alegre do Tocantins,2020-12-01,6,1,0,0,0.0,0.0,,0.7781512503836436
Porto Alegre do Tocantins,2020-12-02,8,2,1,1,0.14285714285714285,0.07142857142857142,inf,0.9030899869919435
Porto Alegre do Tocantins,2020-12-03,8,0,1,0,0.14285714285714285,0.07142857142857142,inf,0.9030899869919435
Porto Alegre do Tocantins,2020-12-04,8,0,1,0,0.14285714285714285,0.07142857142857142,inf,0.9030899869919435
Porto Alegre do Tocantins,2020-12-05,8,0,1,0,0.14285714285714285,0.07142857142857142,inf,0.9030899869919435
Porto Alegre do Tocantins,2020-12-06,8,0,1,0,0.14285714285714285,0.07142857142857142,inf,0.9030899869919435
Porto Alegre do Tocantins,2020-12-07,8,0,1,0,0.14285714285714285,0.07142857142857142,inf,0.9030899869919435
Porto Alegre do Tocantins,2020-12-08,8,0,1,0,0.14285714285714285,0.07142857142857142,inf,0.9030899869919435
Porto Alegre do Tocantins,2020-12-09,8,0,1,0,0.14285714285714285,0.07142857142857142,inf,0.9030899869919435
Porto Alegre do Tocantins,2020-12-10,8,0,1,0,0.14285714285714285,0.07142857142857142,inf,0.9030899869919435
Porto Alegre do Tocantins,2020-12-11,8,0,1,0,0.14285714285714285,0.07142857142857142,inf,0.9030899869919435
Porto Alegre do Tocantins,2020-12-12,8,0,1,0,0.21428571428571427,0.07142857142857142,inf,0.9030899869919435
Porto Alegre do Tocantins,2020-12-13,8,0,1,0,0.21428571428571427,0.07142857142857142,inf,0.9030899869919435
Porto Alegre do Tocantins,2020-12-14,8,0,1,0,0.21428571428571427,0.07142857142857142,inf,0.9030899869919435
Porto Alegre do Tocantins,2020-12-15,8,0,1,0,0.14285714285714285,0.07142857142857142,inf,0.9030899869919435
Porto Alegre do Tocantins,2020-12-16,10,2,1,0,0.14285714285714285,0.0,-1.0,1.0
Porto Alegre do Tocantins,2020-12-17,11,1,1,0,0.21428571428571427,0.0,-1.0,1.041392685158225
Porto Alegre do Tocantins,2020-12-18,14,3,1,0,0.42857142857142855,0.0,-1.0,1.146128035678238
Porto Alegre do Tocantins,2020-12-19,19,5,1,0,0.7857142857142857,0.0,-1.0,1.2787536009528289
Porto Alegre do Tocantins,2020-12-20,21,2,1,0,0.9285714285714286,0.0,-1.0,1.3222192947339193
Porto Alegre do Tocantins,2020-12-21,21,0,1,0,0.9285714285714286,0.0,-1.0,1.3222192947339193
Porto Alegre do Tocantins,2020-12-22,26,5,1,0,1.2857142857142858,0.0,-1.0,1.414973347970818
Porto Alegre do Tocantins,2020-12-23,29,3,1,0,1.5,0.0,-1.0,1.462397997898956
Porto Alegre do Tocantins,2020-12-24,32,3,1,0,1.7142857142857142,0.0,-1.0,1.505149978319906
Porto Alegre do Tocantins,2020-12-25,33,1,1,0,1.7857142857142858,0.0,-1.0,1.5185139398778875
Porto Alegre do Tocantins,2020-12-26,35,2,1,0,1.9285714285714286,0.0,-1.0,1.5440680443502757
Porto Alegre do Tocantins,2020-12-27,35,0,1,0,1.9285714285714286,0.0,-1.0,1.5440680443502757
Porto Alegre do Tocantins,2020-12-28,35,0,1,0,1.9285714285714286,0.0,-1.0,1.5440680443502757
Porto Alegre do Tocantins,2020-12-29,35,0,1,0,1.9285714285714286,0.0,-1.0,1.5440680443502757
Porto Alegre do Tocantins,2020-12-30,36,1,1,0,1.8571428571428572,0.0,,1.5563025007672873
Porto Alegre do Tocantins,2020-12-31,37,1,1,0,1.8571428571428572,0.0,,1.568201724066995
Porto Alegre do Tocantins,2021-01-01,37,0,1,0,1.6428571428571428,0.0,,1.568201724066995
Porto Alegre do Tocantins,2021-01-02,37,0,1,0,1.2857142857142858,0.0,,1.568201724066995
Porto Alegre do Tocantins,2021-01-03,37,0,1,0,1.1428571428571428,0.0,,1.568201724066995
Porto Alegre do Tocantins,2021-01-04,37,0,1,0,1.1428571428571428,0.0,,1.568201724066995
Porto Alegre do Tocantins,2021-01-05,37,0,1,0,0.7857142857142857,0.0,,1.568201724066995
Porto Alegre do Tocantins,2021-01-06,37,0,1,0,0.5714285714285714,0.0,,1.568201724066995
Porto Alegre do Tocantins,2021-01-07,37,0,1,0,0.35714285714285715,0.0,,1.568201724066995
Porto Alegre do Tocantins,2021-01-08,38,1,1,0,0.35714285714285715,0.0,,1.5797835966168101
Porto Alegre do Tocantins,2021-01-09,41,3,1,0,0.42857142857142855,0.0,,1.6127838567197355
Porto Alegre do Tocantins,2021-01-10,41,0,1,0,0.42857142857142855,0.0,,1.6127838567197355
Porto Alegre do Tocantins,2021-01-11,41,0,1,0,0.42857142857142855,0.0,,1.6127838567197355
Porto Alegre do Tocantins,2021-01-12,42,1,1,0,0.5,0.0,,1.6232492903979006
Porto Alegre do Tocantins,2021-01-13,44,2,1,0,0.5714285714285714,0.0,,1.6434526764861874
Porto Alegre do Tocantins,2021-01-14,45,1,1,0,0.5714285714285714,0.0,,1.6532125137753437
Porto Alegre do Tocantins,2021-01-15,46,1,1,0,0.6428571428571429,0.0,,1.662757831681574
Porto Alegre do Tocantins,2021-01-16,47,1,1,0,0.7142857142857143,0.0,,1.6720978579357175
Porto Alegre do Tocantins,2021-01-17,47,0,1,0,0.7142857142857143,0.0,,1.6720978579357175
Porto Alegre do Tocantins,2021-01-18,47,0,1,0,0.7142857142857143,0.0,,1.6720978579357175
Porto Alegre do Tocantins,2021-01-19,53,6,1,0,1.1428571428571428,0.0,,1.7242758696007892
Porto Alegre do Tocantins,2021-01-20,53,0,1,0,1.1428571428571428,0.0,,1.7242758696007892
Ponte Alta do Tocantins,2020-03-27,0,0,0,0,,,,0.0
Ponte Alta do Tocantins,2020-03-28,0,0,0,0,,,,0.0
Ponte Alta do Tocantins,2020-03-29,0,0,0,0,,,,0.0
Ponte Alta do Tocantins,2020-03-30,0,0,0,0,,,,0.0
Ponte Alta do Tocantins,2020-03-31,0,0,0,0,,,,0.0
Ponte Alta do Tocantins,2020-04-01,0,0,0,0,,,,0.0
Ponte Alta do Tocantins,2020-04-02,0,0,0,0,,,,0.0
Ponte Alta do Tocantins,2020-04-03,0,0,0,0,,,,0.0
Ponte Alta do Tocantins,2020-04-04,0,0,0,0,,,,0.0
Ponte Alta do Tocantins,2020-04-05,0,0,0,0,,,,0.0
Ponte Alta do Tocantins,2020-04-06,0,0,0,0,,,,0.0
Ponte Alta do Tocantins,2020-04-07,0,0,0,0,,,,0.0
Ponte Alta do Tocantins,2020-04-08,0,0,0,0,,,,0.0
Ponte Alta do Tocantins,2020-04-09,0,0,0,0,0.0,0.0,,0.0
Ponte Alta do Tocantins,2020-04-10,0,0,0,0,0.0,0.0,,0.0
Ponte Alta do Tocantins,2020-04-11,0,0,0,0,0.0,0.0,,0.0
Ponte Alta do Tocantins,2020-04-12,0,0,0,0,0.0,0.0,,0.0
Ponte Alta do Tocantins,2020-04-13,0,0,0,0,0.0,0.0,,0.0
Ponte Alta do Tocantins,2020-04-14,0,0,0,0,0.0,0.0,,0.0
Ponte Alta do Tocantins,2020-04-15,0,0,0,0,0.0,0.0,,0.0
Ponte Alta do Tocantins,2020-04-16,0,0,0,0,0.0,0.0,,0.0
Ponte Alta do Tocantins,2020-04-17,0,0,0,0,0.0,0.0,,0.0
Ponte Alta do Tocantins,2020-04-18,0,0,0,0,0.0,0.0,,0.0
Ponte Alta do Tocantins,2020-04-19,0,0,0,0,0.0,0.0,,0.0
Ponte Alta do Tocantins,2020-04-20,0,0,0,0,0.0,0.0,,0.0
Ponte Alta do Tocantins,2020-04-21,0,0,0,0,0.0,0.0,,0.0
Ponte Alta do Tocantins,2020-04-22,0,0,0,0,0.0,0.0,,0.0
Ponte Alta do Tocantins,2020-04-23,0,0,0,0,0.0,0.0,,0.0
Ponte Alta do Tocantins,2020-04-24,0,0,0,0,0.0,0.0,,0.0
Ponte Alta do Tocantins,2020-04-25,0,0,0,0,0.0,0.0,,0.0
Ponte Alta do Tocantins,2020-04-26,0,0,0,0,0.0,0.0,,0.0
Ponte Alta do Tocantins,2020-04-27,0,0,0,0,0.0,0.0,,0.0
Ponte Alta do Tocantins,2020-04-28,0,0,0,0,0.0,0.0,,0.0
Ponte Alta do Tocantins,2020-04-29,0,0,0,0,0.0,0.0,,0.0
Ponte Alta do Tocantins,2020-04-30,0,0,0,0,0.0,0.0,,0.0
Ponte Alta do Tocantins,2020-05-01,0,0,0,0,0.0,0.0,,0.0
Ponte Alta do Tocantins,2020-05-02,0,0,0,0,0.0,0.0,,0.0
Ponte Alta do Tocantins,2020-05-03,0,0,0,0,0.0,0.0,,0.0
Ponte Alta do Tocantins,2020-05-04,0,0,0,0,0.0,0.0,,0.0
Ponte Alta do Tocantins,2020-05-05,0,0,0,0,0.0,0.0,,0.0
Ponte Alta do Tocantins,2020-05-06,0,0,0,0,0.0,0.0,,0.0
Ponte Alta do Tocantins,2020-05-07,0,0,0,0,0.0,0.0,,0.0
Ponte Alta do Tocantins,2020-05-08,0,0,0,0,0.0,0.0,,0.0
Ponte Alta do Tocantins,2020-05-09,0,0,0,0,0.0,0.0,,0.0
Ponte Alta do Tocantins,2020-05-10,1,1,0,0,0.07142857142857142,0.0,,0.0
Ponte Alta do Tocantins,2020-05-11,1,0,0,0,0.07142857142857142,0.0,,0.0
Ponte Alta do Tocantins,2020-05-12,1,0,0,0,0.07142857142857142,0.0,,0.0
Ponte Alta do Tocantins,2020-05-13,3,2,0,0,0.21428571428571427,0.0,,0.47712125471966244
Ponte Alta do Tocantins,2020-05-14,4,1,0,0,0.2857142857142857,0.0,,0.6020599913279624
Ponte Alta do Tocantins,2020-05-15,4,0,0,0,0.2857142857142857,0.0,,0.6020599913279624
Ponte Alta do Tocantins,2020-05-16,4,0,0,0,0.2857142857142857,0.0,,0.6020599913279624
Ponte Alta do Tocantins,2020-05-17,4,0,0,0,0.2857142857142857,0.0,,0.6020599913279624
Ponte Alta do Tocantins,2020-05-18,4,0,0,0,0.2857142857142857,0.0,,0.6020599913279624
Ponte Alta do Tocantins,2020-05-19,4,0,0,0,0.2857142857142857,0.0,,0.6020599913279624
Ponte Alta do Tocantins,2020-05-20,4,0,0,0,0.2857142857142857,0.0,,0.6020599913279624
Ponte Alta do Tocantins,2020-05-21,4,0,0,0,0.2857142857142857,0.0,,0.6020599913279624
Ponte Alta do Tocantins,2020-05-22,4,0,0,0,0.2857142857142857,0.0,,0.6020599913279624
Ponte Alta do Tocantins,2020-05-23,4,0,0,0,0.2857142857142857,0.0,,0.6020599913279624
Ponte Alta do Tocantins,2020-05-24,4,0,0,0,0.21428571428571427,0.0,,0.6020599913279624
Ponte Alta do Tocantins,2020-05-25,4,0,0,0,0.21428571428571427,0.0,,0.6020599913279624
Ponte Alta do Tocantins,2020-05-26,4,0,0,0,0.21428571428571427,0.0,,0.6020599913279624
Ponte Alta do Tocantins,2020-05-27,4,0,0,0,0.07142857142857142,0.0,,0.6020599913279624
Ponte Alta do Tocantins,2020-05-28,4,0,0,0,0.0,0.0,,0.6020599913279624
Ponte Alta do Tocantins,2020-05-29,4,0,0,0,0.0,0.0,,0.6020599913279624
Ponte Alta do Tocantins,2020-05-30,4,0,0,0,0.0,0.0,,0.6020599913279624
Ponte Alta do Tocantins,2020-05-31,4,0,0,0,0.0,0.0,,0.6020599913279624
Ponte Alta do Tocantins,2020-06-01,4,0,0,0,0.0,0.0,,0.6020599913279624
Ponte Alta do Tocantins,2020-06-02,4,0,0,0,0.0,0.0,,0.6020599913279624
Ponte Alta do Tocantins,2020-06-03,4,0,0,0,0.0,0.0,,0.6020599913279624
Ponte Alta do Tocantins,2020-06-04,4,0,0,0,0.0,0.0,,0.6020599913279624
Ponte Alta do Tocantins,2020-06-05,4,0,0,0,0.0,0.0,,0.6020599913279624
Ponte Alta do Tocantins,2020-06-06,4,0,0,0,0.0,0.0,,0.6020599913279624
Ponte Alta do Tocantins,2020-06-07,4,0,0,0,0.0,0.0,,0.6020599913279624
Ponte Alta do Tocantins,2020-06-08,4,0,0,0,0.0,0.0,,0.6020599913279624
Ponte Alta do Tocantins,2020-06-09,4,0,0,0,0.0,0.0,,0.6020599913279624
Ponte Alta do Tocantins,2020-06-10,4,0,0,0,0.0,0.0,,0.6020599913279624
Ponte Alta do Tocantins,2020-06-11,4,0,0,0,0.0,0.0,,0.6020599913279624
Ponte Alta do Tocantins,2020-06-12,5,1,0,0,0.07142857142857142,0.0,,0.6989700043360189
Ponte Alta do Tocantins,2020-06-13,5,0,0,0,0.07142857142857142,0.0,,0.6989700043360189
Ponte Alta do Tocantins,2020-06-14,5,0,0,0,0.07142857142857142,0.0,,0.6989700043360189
Ponte Alta do Tocantins,2020-06-15,5,0,0,0,0.07142857142857142,0.0,,0.6989700043360189
Ponte Alta do Tocantins,2020-06-16,5,0,0,0,0.07142857142857142,0.0,,0.6989700043360189
Ponte Alta do Tocantins,2020-06-17,5,0,0,0,0.07142857142857142,0.0,,0.6989700043360189
Ponte Alta do Tocantins,2020-06-18,5,0,0,0,0.07142857142857142,0.0,,0.6989700043360189
Ponte Alta do Tocantins,2020-06-19,5,0,0,0,0.07142857142857142,0.0,,0.6989700043360189
Ponte Alta do Tocantins,2020-06-20,5,0,0,0,0.07142857142857142,0.0,,0.6989700043360189
Ponte Alta do Tocantins,2020-06-21,5,0,0,0,0.07142857142857142,0.0,,0.6989700043360189
Ponte Alta do Tocantins,2020-06-22,5,0,0,0,0.07142857142857142,0.0,,0.6989700043360189
Ponte Alta do Tocantins,2020-06-23,5,0,0,0,0.07142857142857142,0.0,,0.6989700043360189
Ponte Alta do Tocantins,2020-06-24,5,0,4,4,0.07142857142857142,0.2857142857142857,inf,0.6989700043360189
Ponte Alta do Tocantins,2020-06-25,5,0,0,-4,0.07142857142857142,0.0,,0.6989700043360189
Ponte Alta do Tocantins,2020-06-26,5,0,0,0,0.0,0.0,,0.6989700043360189
Ponte Alta do Tocantins,2020-06-27,5,0,0,0,0.0,0.0,,0.6989700043360189
Ponte Alta do Tocantins,2020-06-28,5,0,0,0,0.0,0.0,,0.6989700043360189
Ponte Alta do Tocantins,2020-06-29,5,0,0,0,0.0,0.0,,0.6989700043360189
Ponte Alta do Tocantins,2020-06-30,5,0,0,0,0.0,0.0,,0.6989700043360189
Ponte Alta do Tocantins,2020-07-01,5,0,0,0,0.0,0.0,,0.6989700043360189
Ponte Alta do Tocantins,2020-07-02,5,0,0,0,0.0,0.0,,0.6989700043360189
Ponte Alta do Tocantins,2020-07-03,5,0,0,0,0.0,0.0,,0.6989700043360189
Ponte Alta do Tocantins,2020-07-04,10,5,0,0,0.35714285714285715,0.0,,1.0
Ponte Alta do Tocantins,2020-07-05,11,1,0,0,0.42857142857142855,0.0,,1.041392685158225
Ponte Alta do Tocantins,2020-07-06,11,0,0,0,0.42857142857142855,0.0,,1.041392685158225
Ponte Alta do Tocantins,2020-07-07,15,4,0,0,0.7142857142857143,0.0,,1.1760912590556813
Ponte Alta do Tocantins,2020-07-08,14,-1,0,0,0.6428571428571429,-0.2857142857142857,-2.0,1.146128035678238
Ponte Alta do Tocantins,2020-07-09,14,0,0,0,0.6428571428571429,0.0,,1.146128035678238
Ponte Alta do Tocantins,2020-07-10,15,1,0,0,0.7142857142857143,0.0,,1.1760912590556813
Ponte Alta do Tocantins,2020-07-11,15,0,0,0,0.7142857142857143,0.0,,1.1760912590556813
Ponte Alta do Tocantins,2020-07-12,15,0,0,0,0.7142857142857143,0.0,,1.1760912590556813
Ponte Alta do Tocantins,2020-07-13,15,0,0,0,0.7142857142857143,0.0,,1.1760912590556813
Ponte Alta do Tocantins,2020-07-14,17,2,0,0,0.8571428571428571,0.0,,1.2304489213782739
Ponte Alta do Tocantins,2020-07-15,17,0,0,0,0.8571428571428571,0.0,,1.2304489213782739
Ponte Alta do Tocantins,2020-07-16,20,3,1,1,1.0714285714285714,0.07142857142857142,inf,1.3010299956639813
Ponte Alta do Tocantins,2020-07-17,20,0,1,0,1.0714285714285714,0.07142857142857142,inf,1.3010299956639813
Ponte Alta do Tocantins,2020-07-18,20,0,1,0,0.7142857142857143,0.07142857142857142,inf,1.3010299956639813
Ponte Alta do Tocantins,2020-07-19,20,0,1,0,0.6428571428571429,0.07142857142857142,inf,1.3010299956639813
Ponte Alta do Tocantins,2020-07-20,20,0,1,0,0.6428571428571429,0.07142857142857142,inf,1.3010299956639813
Ponte Alta do Tocantins,2020-07-21,21,1,1,0,0.42857142857142855,0.07142857142857142,inf,1.3222192947339193
Ponte Alta do Tocantins,2020-07-22,21,0,1,0,0.5,0.07142857142857142,-1.25,1.3222192947339193
Ponte Alta do Tocantins,2020-07-23,21,0,1,0,0.5,0.07142857142857142,inf,1.3222192947339193
Ponte Alta do Tocantins,2020-07-24,21,0,1,0,0.42857142857142855,0.07142857142857142,inf,1.3222192947339193
Ponte Alta do Tocantins,2020-07-25,22,1,1,0,0.5,0.07142857142857142,inf,1.3424226808222062
Ponte Alta do Tocantins,2020-07-26,30,8,1,0,1.0714285714285714,0.07142857142857142,inf,1.4771212547196624
Ponte Alta do Tocantins,2020-07-27,30,0,1,0,1.0714285714285714,0.07142857142857142,inf,1.4771212547196624
Ponte Alta do Tocantins,2020-07-28,30,0,1,0,0.9285714285714286,0.07142857142857142,inf,1.4771212547196624
Ponte Alta do Tocantins,2020-07-29,30,0,1,0,0.9285714285714286,0.07142857142857142,inf,1.4771212547196624
Ponte Alta do Tocantins,2020-07-30,31,1,1,0,0.7857142857142857,0.0,-1.0,1.4913616938342726
Ponte Alta do Tocantins,2020-07-31,31,0,1,0,0.7857142857142857,0.0,-1.0,1.4913616938342726
Ponte Alta do Tocantins,2020-08-01,31,0,1,0,0.7857142857142857,0.0,-1.0,1.4913616938342726
Ponte Alta do Tocantins,2020-08-02,31,0,1,0,0.7857142857142857,0.0,-1.0,1.4913616938342726
Ponte Alta do Tocantins,2020-08-03,31,0,1,0,0.7857142857142857,0.0,-1.0,1.4913616938342726
Ponte Alta do Tocantins,2020-08-04,31,0,1,0,0.7142857142857143,0.0,-1.0,1.4913616938342726
Ponte Alta do Tocantins,2020-08-05,35,4,1,0,1.0,0.0,-1.0,1.5440680443502757
Ponte Alta do Tocantins,2020-08-06,36,1,1,0,1.0714285714285714,0.0,-1.0,1.5563025007672873
Ponte Alta do Tocantins,2020-08-07,41,5,1,0,1.4285714285714286,0.0,-1.0,1.6127838567197355
Ponte Alta do Tocantins,2020-08-08,41,0,1,0,1.3571428571428572,0.0,-1.0,1.6127838567197355
Ponte Alta do Tocantins,2020-08-09,41,0,1,0,0.7857142857142857,0.0,-1.0,1.6127838567197355
Ponte Alta do Tocantins,2020-08-10,44,3,1,0,1.0,0.0,-1.0,1.6434526764861874
Ponte Alta do Tocantins,2020-08-11,44,0,1,0,1.0,0.0,-1.0,1.6434526764861874
Ponte Alta do Tocantins,2020-08-12,44,0,1,0,1.0,0.0,-1.0,1.6434526764861874
Ponte Alta do Tocantins,2020-08-13,50,6,1,0,1.3571428571428572,0.0,,1.6989700043360187
Ponte Alta do Tocantins,2020-08-14,43,-7,1,0,0.8571428571428571,0.0,,1.6334684555795866
Ponte Alta do Tocantins,2020-08-15,43,0,1,0,0.8571428571428571,0.0,,1.6334684555795866
Ponte Alta do Tocantins,2020-08-16,43,0,1,0,0.8571428571428571,0.0,,1.6334684555795866
Ponte Alta do Tocantins,2020-08-17,44,1,1,0,0.9285714285714286,0.0,,1.6434526764861874
Ponte Alta do Tocantins,2020-08-18,60,16,1,0,2.0714285714285716,0.0,,1.7781512503836436
Ponte Alta do Tocantins,2020-08-19,64,4,1,0,2.0714285714285716,0.0,,1.806179973983887
Ponte Alta do Tocantins,2020-08-20,73,9,1,0,2.642857142857143,0.0,,1.863322860120456
Ponte Alta do Tocantins,2020-08-21,76,3,1,0,2.5,0.0,,1.8808135922807914
Ponte Alta do Tocantins,2020-08-22,76,0,1,0,2.5,0.0,,1.8808135922807914
Ponte Alta do Tocantins,2020-08-23,76,0,1,0,2.5,0.0,,1.8808135922807914
Ponte Alta do Tocantins,2020-08-24,76,0,1,0,2.2857142857142856,0.0,,1.8808135922807914
Ponte Alta do Tocantins,2020-08-25,76,0,1,0,2.2857142857142856,0.0,,1.8808135922807914
Ponte Alta do Tocantins,2020-08-26,95,19,1,0,3.642857142857143,0.0,,1.9777236052888478
Ponte Alta do Tocantins,2020-08-27,108,13,1,0,4.142857142857143,0.0,,2.03342375548695
Ponte Alta do Tocantins,2020-08-28,109,1,1,0,4.714285714285714,0.0,,2.037426497940624
Ponte Alta do Tocantins,2020-08-29,109,0,1,0,4.714285714285714,0.0,,2.037426497940624
Ponte Alta do Tocantins,2020-08-30,109,0,1,0,4.714285714285714,0.0,,2.037426497940624
Ponte Alta do Tocantins,2020-08-31,109,0,1,0,4.642857142857143,0.0,,2.037426497940624
Ponte Alta do Tocantins,2020-09-01,110,1,1,0,3.5714285714285716,0.0,,2.041392685158225
Ponte Alta do Tocantins,2020-09-02,110,0,1,0,3.2857142857142856,0.0,,2.041392685158225
Ponte Alta do Tocantins,2020-09-03,112,2,1,0,2.7857142857142856,0.0,,2.0492180226701815
Ponte Alta do Tocantins,2020-09-04,113,1,1,0,2.642857142857143,0.0,,2.05307844348342
Ponte Alta do Tocantins,2020-09-05,119,6,1,0,3.0714285714285716,0.0,,2.075546961392531
Ponte Alta do Tocantins,2020-09-06,119,0,1,0,3.0714285714285716,0.0,,2.075546961392531
Ponte Alta do Tocantins,2020-09-07,119,0,1,0,3.0714285714285716,0.0,,2.075546961392531
Ponte Alta do Tocantins,2020-09-08,119,0,1,0,3.0714285714285716,0.0,,2.075546961392531
Ponte Alta do Tocantins,2020-09-09,125,6,1,0,2.142857142857143,0.0,,2.0969100130080562
Ponte Alta do Tocantins,2020-09-10,130,5,1,0,1.5714285714285714,0.0,,2.113943352306837
Ponte Alta do Tocantins,2020-09-11,136,6,1,0,1.9285714285714286,0.0,,2.1335389083702174
Ponte Alta do Tocantins,2020-09-12,136,0,1,0,1.9285714285714286,0.0,,2.1335389083702174
Ponte Alta do Tocantins,2020-09-13,136,0,1,0,1.9285714285714286,0.0,,2.1335389083702174
Ponte Alta do Tocantins,2020-09-14,136,0,1,0,1.9285714285714286,0.0,,2.1335389083702174
Ponte Alta do Tocantins,2020-09-15,146,10,1,0,2.5714285714285716,0.0,,2.164352855784437
Ponte Alta do Tocantins,2020-09-16,148,2,2,1,2.7142857142857144,0.07142857142857142,inf,2.1702617153949575
Ponte Alta do Tocantins,2020-09-17,154,6,2,0,3.0,0.07142857142857142,inf,2.187520720836463
Ponte Alta do Tocantins,2020-09-18,155,1,2,0,3.0,0.07142857142857142,inf,2.1903316981702914
Ponte Alta do Tocantins,2020-09-19,155,0,2,0,2.5714285714285716,0.07142857142857142,inf,2.1903316981702914
Ponte Alta do Tocantins,2020-09-20,155,0,2,0,2.5714285714285716,0.07142857142857142,inf,2.1903316981702914
Ponte Alta do Tocantins,2020-09-21,154,-1,2,0,2.5,0.07142857142857142,inf,2.187520720836463
Ponte Alta do Tocantins,2020-09-22,155,1,2,0,2.5714285714285716,0.07142857142857142,inf,2.1903316981702914
Ponte Alta do Tocantins,2020-09-23,155,0,2,0,2.142857142857143,0.07142857142857142,inf,2.1903316981702914
Ponte Alta do Tocantins,2020-09-24,156,1,3,1,1.8571428571428572,0.14285714285714285,inf,2.1931245983544616
Ponte Alta do Tocantins,2020-09-25,158,2,3,0,1.5714285714285714,0.14285714285714285,inf,2.1986570869544226
Ponte Alta do Tocantins,2020-09-26,162,4,3,0,1.8571428571428572,0.14285714285714285,inf,2.2095150145426308
Ponte Alta do Tocantins,2020-09-27,162,0,3,0,1.8571428571428572,0.14285714285714285,inf,2.2095150145426308
Ponte Alta do Tocantins,2020-09-28,163,1,3,0,1.9285714285714286,0.14285714285714285,inf,2.2121876044039577
Ponte Alta do Tocantins,2020-09-29,167,4,3,0,1.5,0.14285714285714285,inf,2.2227164711475833
Ponte Alta do Tocantins,2020-09-30,167,0,3,0,1.3571428571428572,0.07142857142857142,0.0,2.2227164711475833
Ponte Alta do Tocantins,2020-10-01,167,0,3,0,0.9285714285714286,0.07142857142857142,0.0,2.2227164711475833
Ponte Alta do Tocantins,2020-10-02,166,-1,3,0,0.7857142857142857,0.07142857142857142,0.0,2.220108088040055
Ponte Alta do Tocantins,2020-10-03,166,0,3,0,0.7857142857142857,0.07142857142857142,0.0,2.220108088040055
Ponte Alta do Tocantins,2020-10-04,166,0,3,0,0.7857142857142857,0.07142857142857142,0.0,2.220108088040055
Ponte Alta do Tocantins,2020-10-05,166,0,3,0,0.8571428571428571,0.07142857142857142,0.0,2.220108088040055
Ponte Alta do Tocantins,2020-10-06,166,0,3,0,0.7857142857142857,0.07142857142857142,0.0,2.220108088040055
Ponte Alta do Tocantins,2020-10-07,166,0,3,0,0.7857142857142857,0.07142857142857142,0.0,2.220108088040055
Ponte Alta do Tocantins,2020-10-08,166,0,3,0,0.7142857142857143,0.0,-1.0,2.220108088040055
Ponte Alta do Tocantins,2020-10-09,167,1,3,0,0.6428571428571429,0.0,-1.0,2.2227164711475833
Ponte Alta do Tocantins,2020-10-10,167,0,3,0,0.35714285714285715,0.0,-1.0,2.2227164711475833
Ponte Alta do Tocantins,2020-10-11,167,0,3,0,0.35714285714285715,0.0,-1.0,2.2227164711475833
Ponte Alta do Tocantins,2020-10-12,167,0,3,0,0.2857142857142857,0.0,-1.0,2.2227164711475833
Ponte Alta do Tocantins,2020-10-13,167,0,3,0,0.0,0.0,-1.0,2.2227164711475833
Ponte Alta do Tocantins,2020-10-14,167,0,3,0,0.0,0.0,-1.0,2.2227164711475833
Ponte Alta do Tocantins,2020-10-15,171,4,3,0,0.2857142857142857,0.0,-1.0,2.2329961103921536
Ponte Alta do Tocantins,2020-10-16,171,0,3,0,0.35714285714285715,0.0,-1.0,2.2329961103921536
Ponte Alta do Tocantins,2020-10-17,171,0,3,0,0.35714285714285715,0.0,-1.0,2.2329961103921536
Ponte Alta do Tocantins,2020-10-18,171,0,3,0,0.35714285714285715,0.0,-1.0,2.2329961103921536
Ponte Alta do Tocantins,2020-10-19,171,0,3,0,0.35714285714285715,0.0,-1.0,2.2329961103921536
Ponte Alta do Tocantins,2020-10-20,170,-1,3,0,0.2857142857142857,0.0,-1.0,2.230448921378274
Ponte Alta do Tocantins,2020-10-21,172,2,3,0,0.42857142857142855,0.0,-1.0,2.2355284469075487
Ponte Alta do Tocantins,2020-10-22,172,0,3,0,0.42857142857142855,0.0,,2.2355284469075487
Ponte Alta do Tocantins,2020-10-23,173,1,3,0,0.42857142857142855,0.0,,2.2380461031287955
Ponte Alta do Tocantins,2020-10-24,173,0,3,0,0.42857142857142855,0.0,,2.2380461031287955
Ponte Alta do Tocantins,2020-10-25,173,0,3,0,0.42857142857142855,0.0,,2.2380461031287955
Ponte Alta do Tocantins,2020-10-26,173,0,3,0,0.42857142857142855,0.0,,2.2380461031287955
Ponte Alta do Tocantins,2020-10-27,173,0,3,0,0.42857142857142855,0.0,,2.2380461031287955
Ponte Alta do Tocantins,2020-10-28,174,1,3,0,0.5,0.0,,2.2405492482825995
Ponte Alta do Tocantins,2020-10-29,175,1,3,0,0.2857142857142857,0.0,,2.2430380486862944
Ponte Alta do Tocantins,2020-10-30,175,0,3,0,0.2857142857142857,0.0,,2.2430380486862944
Ponte Alta do Tocantins,2020-10-31,175,0,3,0,0.2857142857142857,0.0,,2.2430380486862944
Ponte Alta do Tocantins,2020-11-01,175,0,3,0,0.2857142857142857,0.0,,2.2430380486862944
Ponte Alta do Tocantins,2020-11-02,175,0,3,0,0.2857142857142857,0.0,,2.2430380486862944
Ponte Alta do Tocantins,2020-11-03,175,0,3,0,0.35714285714285715,0.0,,2.2430380486862944
Ponte Alta do Tocantins,2020-11-04,175,0,3,0,0.21428571428571427,0.0,,2.2430380486862944
Ponte Alta do Tocantins,2020-11-05,175,0,3,0,0.21428571428571427,0.0,,2.2430380486862944
Ponte Alta do Tocantins,2020-11-06,175,0,3,0,0.14285714285714285,0.0,,2.2430380486862944
Ponte Alta do Tocantins,2020-11-07,175,0,3,0,0.14285714285714285,0.0,,2.2430380486862944
Ponte Alta do Tocantins,2020-11-08,175,0,3,0,0.14285714285714285,0.0,,2.2430380486862944
Ponte Alta do Tocantins,2020-11-09,175,0,3,0,0.14285714285714285,0.0,,2.2430380486862944
Ponte Alta do Tocantins,2020-11-10,175,0,3,0,0.14285714285714285,0.0,,2.2430380486862944
Ponte Alta do Tocantins,2020-11-11,175,0,3,0,0.07142857142857142,0.0,,2.2430380486862944
Ponte Alta do Tocantins,2020-11-12,175,0,3,0,0.0,0.0,,2.2430380486862944
Ponte Alta do Tocantins,2020-11-13,177,2,3,0,0.14285714285714285,0.0,,2.2479732663618064
Ponte Alta do Tocantins,2020-11-14,177,0,3,0,0.14285714285714285,0.0,,2.2479732663618064
Ponte Alta do Tocantins,2020-11-15,177,0,3,0,0.14285714285714285,0.0,,2.2479732663618064
Ponte Alta do Tocantins,2020-11-16,177,0,3,0,0.14285714285714285,0.0,,2.2479732663618064
Ponte Alta do Tocantins,2020-11-17,178,1,3,0,0.21428571428571427,0.0,,2.250420002308894
Ponte Alta do Tocantins,2020-11-18,178,0,3,0,0.21428571428571427,0.0,,2.250420002308894
Ponte Alta do Tocantins,2020-11-19,179,1,4,1,0.2857142857142857,0.07142857142857142,inf,2.2528530309798933
Ponte Alta do Tocantins,2020-11-20,184,5,4,0,0.6428571428571429,0.07142857142857142,inf,2.2648178230095364
Ponte Alta do Tocantins,2020-11-21,185,1,4,0,0.7142857142857143,0.07142857142857142,inf,2.2671717284030137
Ponte Alta do Tocantins,2020-11-22,185,0,4,0,0.7142857142857143,0.07142857142857142,inf,2.2671717284030137
Ponte Alta do Tocantins,2020-11-23,185,0,4,0,0.7142857142857143,0.07142857142857142,inf,2.2671717284030137
Ponte Alta do Tocantins,2020-11-24,190,5,4,0,1.0714285714285714,0.07142857142857142,inf,2.278753600952829
Ponte Alta do Tocantins,2020-11-25,202,12,4,0,1.9285714285714286,0.07142857142857142,inf,2.305351369446624
Ponte Alta do Tocantins,2020-11-26,203,1,4,0,2.0,0.07142857142857142,inf,2.307496037913213
Ponte Alta do Tocantins,2020-11-27,203,0,4,0,1.8571428571428572,0.07142857142857142,inf,2.307496037913213
Ponte Alta do Tocantins,2020-11-28,236,33,4,0,4.214285714285714,0.07142857142857142,inf,2.3729120029701067
Ponte Alta do Tocantins,2020-11-29,236,0,4,0,4.214285714285714,0.07142857142857142,inf,2.3729120029701067
Ponte Alta do Tocantins,2020-11-30,236,0,4,0,4.214285714285714,0.07142857142857142,inf,2.3729120029701067
Ponte Alta do Tocantins,2020-12-01,237,1,4,0,4.214285714285714,0.07142857142857142,inf,2.374748346010104
Ponte Alta do Tocantins,2020-12-02,240,3,4,0,4.428571428571429,0.07142857142857142,inf,2.380211241711606
Ponte Alta do Tocantins,2020-12-03,253,13,4,0,5.285714285714286,0.0,-1.0,2.403120521175818
Ponte Alta do Tocantins,2020-12-04,262,9,4,0,5.571428571428571,0.0,-1.0,2.4183012913197452
Ponte Alta do Tocantins,2020-12-05,263,1,4,0,5.571428571428571,0.0,-1.0,2.419955748489758
Ponte Alta do Tocantins,2020-12-06,263,0,5,1,5.571428571428571,0.07142857142857142,0.0,2.419955748489758
Ponte Alta do Tocantins,2020-12-07,263,0,5,0,5.571428571428571,0.07142857142857142,0.0,2.419955748489758
Ponte Alta do Tocantins,2020-12-08,263,0,5,0,5.214285714285714,0.07142857142857142,0.0,2.419955748489758
Ponte Alta do Tocantins,2020-12-09,264,1,5,0,4.428571428571429,0.07142857142857142,0.0,2.4216039268698313
Ponte Alta do Tocantins,2020-12-10,264,0,5,0,4.357142857142857,0.07142857142857142,0.0,2.4216039268698313
Ponte Alta do Tocantins,2020-12-11,264,0,5,0,4.357142857142857,0.07142857142857142,0.0,2.4216039268698313
Ponte Alta do Tocantins,2020-12-12,266,2,5,0,2.142857142857143,0.07142857142857142,0.0,2.424881636631067
Ponte Alta do Tocantins,2020-12-13,266,0,5,0,2.142857142857143,0.07142857142857142,0.0,2.424881636631067
Ponte Alta do Tocantins,2020-12-14,266,0,5,0,2.142857142857143,0.07142857142857142,0.0,2.424881636631067
Ponte Alta do Tocantins,2020-12-15,266,0,5,0,2.0714285714285716,0.07142857142857142,0.0,2.424881636631067
Ponte Alta do Tocantins,2020-12-16,287,21,6,1,3.357142857142857,0.14285714285714285,1.0,2.4578818967339924
Ponte Alta do Tocantins,2020-12-17,292,5,6,0,2.7857142857142856,0.14285714285714285,inf,2.4653828514484184
Ponte Alta do Tocantins,2020-12-18,296,4,6,0,2.4285714285714284,0.14285714285714285,inf,2.4712917110589387
Ponte Alta do Tocantins,2020-12-19,296,0,6,0,2.357142857142857,0.14285714285714285,inf,2.4712917110589387
Ponte Alta do Tocantins,2020-12-20,296,0,6,0,2.357142857142857,0.07142857142857142,0.0,2.4712917110589387
Ponte Alta do Tocantins,2020-12-21,296,0,6,0,2.357142857142857,0.07142857142857142,0.0,2.4712917110589387
Ponte Alta do Tocantins,2020-12-22,296,0,6,0,2.357142857142857,0.07142857142857142,0.0,2.4712917110589387
Ponte Alta do Tocantins,2020-12-23,306,10,6,0,3.0,0.07142857142857142,0.0,2.48572142648158
Ponte Alta do Tocantins,2020-12-24,307,1,6,0,3.0714285714285716,0.07142857142857142,0.0,2.4871383754771865
Ponte Alta do Tocantins,2020-12-25,307,0,6,0,3.0714285714285716,0.07142857142857142,0.0,2.4871383754771865
Ponte Alta do Tocantins,2020-12-26,307,0,6,0,2.9285714285714284,0.07142857142857142,0.0,2.4871383754771865
Ponte Alta do Tocantins,2020-12-27,307,0,6,0,2.9285714285714284,0.07142857142857142,0.0,2.4871383754771865
Ponte Alta do Tocantins,2020-12-28,307,0,6,0,2.9285714285714284,0.07142857142857142,0.0,2.4871383754771865
Ponte Alta do Tocantins,2020-12-29,307,0,6,0,2.9285714285714284,0.07142857142857142,0.0,2.4871383754771865
Ponte Alta do Tocantins,2020-12-30,307,0,6,0,1.4285714285714286,0.0,-1.0,2.4871383754771865
Ponte Alta do Tocantins,2020-12-31,307,0,6,0,1.0714285714285714,0.0,-1.0,2.4871383754771865
Ponte Alta do Tocantins,2021-01-01,307,0,6,0,0.7857142857142857,0.0,-1.0,2.4871383754771865
Ponte Alta do Tocantins,2021-01-02,307,0,6,0,0.7857142857142857,0.0,-1.0,2.4871383754771865
Ponte Alta do Tocantins,2021-01-03,307,0,6,0,0.7857142857142857,0.0,-1.0,2.4871383754771865
Ponte Alta do Tocantins,2021-01-04,307,0,6,0,0.7857142857142857,0.0,-1.0,2.4871383754771865
Ponte Alta do Tocantins,2021-01-05,308,1,6,0,0.8571428571428571,0.0,-1.0,2.4885507165004443
Ponte Alta do Tocantins,2021-01-06,308,0,6,0,0.14285714285714285,0.0,-1.0,2.4885507165004443
Ponte Alta do Tocantins,2021-01-07,308,0,6,0,0.07142857142857142,0.0,-1.0,2.4885507165004443
Ponte Alta do Tocantins,2021-01-08,308,0,6,0,0.07142857142857142,0.0,-1.0,2.4885507165004443
Ponte Alta do Tocantins,2021-01-09,316,8,6,0,0.6428571428571429,0.0,-1.0,2.499687082618404
Ponte Alta do Tocantins,2021-01-10,316,0,6,0,0.6428571428571429,0.0,-1.0,2.499687082618404
Ponte Alta do Tocantins,2021-01-11,316,0,6,0,0.6428571428571429,0.0,-1.0,2.499687082618404
Ponte Alta do Tocantins,2021-01-12,317,1,6,0,0.7142857142857143,0.0,-1.0,2.5010592622177517
Ponte Alta do Tocantins,2021-01-13,321,4,6,0,1.0,0.0,,2.506505032404872
Ponte Alta do Tocantins,2021-01-14,322,1,6,0,1.0714285714285714,0.0,,2.507855871695831
Ponte Alta do Tocantins,2021-01-15,322,0,6,0,1.0714285714285714,0.0,,2.507855871695831
Ponte Alta do Tocantins,2021-01-16,325,3,6,0,1.2857142857142858,0.0,,2.5118833609788744
Ponte Alta do Tocantins,2021-01-17,325,0,6,0,1.2857142857142858,0.0,,2.5118833609788744
Ponte Alta do Tocantins,2021-01-18,325,0,6,0,1.2857142857142858,0.0,,2.5118833609788744
Ponte Alta do Tocantins,2021-01-19,328,3,6,0,1.4285714285714286,0.0,,2.515873843711679
Ponte Alta do Tocantins,2021-01-20,328,0,6,0,1.4285714285714286,0.0,,2.515873843711679
Pau D'Arco,2020-03-27,0,0,0,0,,,,0.0
Pau D'Arco,2020-03-28,0,0,0,0,,,,0.0
Pau D'Arco,2020-03-29,0,0,0,0,,,,0.0
Pau D'Arco,2020-03-30,0,0,0,0,,,,0.0
Pau D'Arco,2020-03-31,0,0,0,0,,,,0.0
Pau D'Arco,2020-04-01,0,0,0,0,,,,0.0
Pau D'Arco,2020-04-02,0,0,0,0,,,,0.0
Pau D'Arco,2020-04-03,0,0,0,0,,,,0.0
Pau D'Arco,2020-04-04,0,0,0,0,,,,0.0
Pau D'Arco,2020-04-05,0,0,0,0,,,,0.0
Pau D'Arco,2020-04-06,0,0,0,0,,,,0.0
Pau D'Arco,2020-04-07,0,0,0,0,,,,0.0
Pau D'Arco,2020-04-08,0,0,0,0,,,,0.0
Pau D'Arco,2020-04-09,0,0,0,0,0.0,0.0,,0.0
Pau D'Arco,2020-04-10,0,0,0,0,0.0,0.0,,0.0
Pau D'Arco,2020-04-11,0,0,0,0,0.0,0.0,,0.0
Pau D'Arco,2020-04-12,0,0,0,0,0.0,0.0,,0.0
Pau D'Arco,2020-04-13,0,0,0,0,0.0,0.0,,0.0
Pau D'Arco,2020-04-14,0,0,0,0,0.0,0.0,,0.0
Pau D'Arco,2020-04-15,0,0,0,0,0.0,0.0,,0.0
Pau D'Arco,2020-04-16,0,0,0,0,0.0,0.0,,0.0
Pau D'Arco,2020-04-17,0,0,0,0,0.0,0.0,,0.0
Pau D'Arco,2020-04-18,0,0,0,0,0.0,0.0,,0.0
Pau D'Arco,2020-04-19,0,0,0,0,0.0,0.0,,0.0
Pau D'Arco,2020-04-20,0,0,0,0,0.0,0.0,,0.0
Pau D'Arco,2020-04-21,0,0,0,0,0.0,0.0,,0.0
Pau D'Arco,2020-04-22,0,0,0,0,0.0,0.0,,0.0
Pau D'Arco,2020-04-23,0,0,0,0,0.0,0.0,,0.0
Pau D'Arco,2020-04-24,0,0,0,0,0.0,0.0,,0.0
Pau D'Arco,2020-04-25,0,0,0,0,0.0,0.0,,0.0
Pau D'Arco,2020-04-26,0,0,0,0,0.0,0.0,,0.0
Pau D'Arco,2020-04-27,0,0,0,0,0.0,0.0,,0.0
Pau D'Arco,2020-04-28,0,0,0,0,0.0,0.0,,0.0
Pau D'Arco,2020-04-29,0,0,0,0,0.0,0.0,,0.0
Pau D'Arco,2020-04-30,0,0,0,0,0.0,0.0,,0.0
Pau D'Arco,2020-05-01,0,0,0,0,0.0,0.0,,0.0
Pau D'Arco,2020-05-02,0,0,0,0,0.0,0.0,,0.0
Pau D'Arco,2020-05-03,0,0,0,0,0.0,0.0,,0.0
Pau D'Arco,2020-05-04,0,0,0,0,0.0,0.0,,0.0
Pau D'Arco,2020-05-05,0,0,0,0,0.0,0.0,,0.0
Pau D'Arco,2020-05-06,0,0,0,0,0.0,0.0,,0.0
Pau D'Arco,2020-05-07,0,0,0,0,0.0,0.0,,0.0
Pau D'Arco,2020-05-08,0,0,0,0,0.0,0.0,,0.0
Pau D'Arco,2020-05-09,0,0,0,0,0.0,0.0,,0.0
Pau D'Arco,2020-05-10,0,0,0,0,0.0,0.0,,0.0
Pau D'Arco,2020-05-11,0,0,0,0,0.0,0.0,,0.0
Pau D'Arco,2020-05-12,0,0,0,0,0.0,0.0,,0.0
Pau D'Arco,2020-05-13,0,0,0,0,0.0,0.0,,0.0
Pau D'Arco,2020-05-14,0,0,0,0,0.0,0.0,,0.0
Pau D'Arco,2020-05-15,0,0,0,0,0.0,0.0,,0.0
Pau D'Arco,2020-05-16,0,0,0,0,0.0,0.0,,0.0
Pau D'Arco,2020-05-17,0,0,0,0,0.0,0.0,,0.0
Pau D'Arco,2020-05-18,0,0,0,0,0.0,0.0,,0.0
Pau D'Arco,2020-05-19,0,0,0,0,0.0,0.0,,0.0
Pau D'Arco,2020-05-20,0,0,0,0,0.0,0.0,,0.0
Pau D'Arco,2020-05-21,0,0,0,0,0.0,0.0,,0.0
Pau D'Arco,2020-05-22,0,0,0,0,0.0,0.0,,0.0
Pau D'Arco,2020-05-23,0,0,0,0,0.0,0.0,,0.0
Pau D'Arco,2020-05-24,0,0,0,0,0.0,0.0,,0.0
Pau D'Arco,2020-05-25,0,0,0,0,0.0,0.0,,0.0
Pau D'Arco,2020-05-26,0,0,0,0,0.0,0.0,,0.0
Pau D'Arco,2020-05-27,0,0,0,0,0.0,0.0,,0.0
Pau D'Arco,2020-05-28,0,0,0,0,0.0,0.0,,0.0
Pau D'Arco,2020-05-29,0,0,0,0,0.0,0.0,,0.0
Pau D'Arco,2020-05-30,0,0,0,0,0.0,0.0,,0.0
Pau D'Arco,2020-05-31,0,0,0,0,0.0,0.0,,0.0
Pau D'Arco,2020-06-01,0,0,0,0,0.0,0.0,,0.0
Pau D'Arco,2020-06-02,0,0,0,0,0.0,0.0,,0.0
Pau D'Arco,2020-06-03,0,0,0,0,0.0,0.0,,0.0
Pau D'Arco,2020-06-04,0,0,0,0,0.0,0.0,,0.0
Pau D'Arco,2020-06-05,0,0,0,0,0.0,0.0,,0.0
Pau D'Arco,2020-06-06,0,0,0,0,0.0,0.0,,0.0
Pau D'Arco,2020-06-07,0,0,0,0,0.0,0.0,,0.0
Pau D'Arco,2020-06-08,0,0,0,0,0.0,0.0,,0.0
Pau D'Arco,2020-06-09,0,0,0,0,0.0,0.0,,0.0
Pau D'Arco,2020-06-10,0,0,0,0,0.0,0.0,,0.0
Pau D'Arco,2020-06-11,0,0,0,0,0.0,0.0,,0.0
Pau D'Arco,2020-06-12,0,0,0,0,0.0,0.0,,0.0
Pau D'Arco,2020-06-13,0,0,0,0,0.0,0.0,,0.0
Pau D'Arco,2020-06-14,2,2,0,0,0.14285714285714285,0.0,,0.3010299956639812
Pau D'Arco,2020-06-15,2,0,0,0,0.14285714285714285,0.0,,0.3010299956639812
Pau D'Arco,2020-06-16,2,0,0,0,0.14285714285714285,0.0,,0.3010299956639812
Pau D'Arco,2020-06-17,3,1,0,0,0.21428571428571427,0.0,,0.47712125471966244
Pau D'Arco,2020-06-18,3,0,0,0,0.21428571428571427,0.0,,0.47712125471966244
Pau D'Arco,2020-06-19,3,0,0,0,0.21428571428571427,0.0,,0.47712125471966244
Pau D'Arco,2020-06-20,3,0,0,0,0.21428571428571427,0.0,,0.47712125471966244
Pau D'Arco,2020-06-21,3,0,0,0,0.21428571428571427,0.0,,0.47712125471966244
Pau D'Arco,2020-06-22,3,0,0,0,0.21428571428571427,0.0,,0.47712125471966244
Pau D'Arco,2020-06-23,3,0,0,0,0.21428571428571427,0.0,,0.47712125471966244
Pau D'Arco,2020-06-24,3,0,0,0,0.21428571428571427,0.0,,0.47712125471966244
Pau D'Arco,2020-06-25,3,0,0,0,0.21428571428571427,0.0,,0.47712125471966244
Pau D'Arco,2020-06-26,3,0,0,0,0.21428571428571427,0.0,,0.47712125471966244
Pau D'Arco,2020-06-27,3,0,0,0,0.21428571428571427,0.0,,0.47712125471966244
Pau D'Arco,2020-06-28,3,0,0,0,0.07142857142857142,0.0,,0.47712125471966244
Pau D'Arco,2020-06-29,3,0,0,0,0.07142857142857142,0.0,,0.47712125471966244
Pau D'Arco,2020-06-30,3,0,0,0,0.07142857142857142,0.0,,0.47712125471966244
Pau D'Arco,2020-07-01,3,0,0,0,0.0,0.0,,0.47712125471966244
Pau D'Arco,2020-07-02,3,0,0,0,0.0,0.0,,0.47712125471966244
Pau D'Arco,2020-07-03,3,0,0,0,0.0,0.0,,0.47712125471966244
Pau D'Arco,2020-07-04,3,0,0,0,0.0,0.0,,0.47712125471966244
Pau D'Arco,2020-07-05,3,0,0,0,0.0,0.0,,0.47712125471966244
Pau D'Arco,2020-07-06,3,0,0,0,0.0,0.0,,0.47712125471966244
Pau D'Arco,2020-07-07,3,0,0,0,0.0,0.0,,0.47712125471966244
Pau D'Arco,2020-07-08,3,0,0,0,0.0,0.0,,0.47712125471966244
Pau D'Arco,2020-07-09,3,0,1,1,0.0,0.07142857142857142,inf,0.47712125471966244
Pau D'Arco,2020-07-10,4,1,2,1,0.07142857142857142,0.14285714285714285,inf,0.6020599913279624
Pau D'Arco,2020-07-11,4,0,2,0,0.07142857142857142,0.14285714285714285,inf,0.6020599913279624
Pau D'Arco,2020-07-12,4,0,2,0,0.07142857142857142,0.14285714285714285,inf,0.6020599913279624
Pau D'Arco,2020-07-13,5,1,2,0,0.14285714285714285,0.14285714285714285,inf,0.6989700043360189
Pau D'Arco,2020-07-14,5,0,2,0,0.14285714285714285,0.14285714285714285,inf,0.6989700043360189
Pau D'Arco,2020-07-15,7,2,2,0,0.2857142857142857,0.14285714285714285,inf,0.8450980400142568
Pau D'Arco,2020-07-16,13,6,2,0,0.7142857142857143,0.14285714285714285,inf,1.1139433523068367
Pau D'Arco,2020-07-17,13,0,2,0,0.7142857142857143,0.14285714285714285,inf,1.1139433523068367
Pau D'Arco,2020-07-18,15,2,2,0,0.8571428571428571,0.14285714285714285,inf,1.1760912590556813
Pau D'Arco,2020-07-19,15,0,2,0,0.8571428571428571,0.14285714285714285,inf,1.1760912590556813
Pau D'Arco,2020-07-20,18,3,2,0,1.0714285714285714,0.14285714285714285,inf,1.255272505103306
Pau D'Arco,2020-07-21,19,1,2,0,1.1428571428571428,0.14285714285714285,inf,1.2787536009528289
Pau D'Arco,2020-07-22,29,10,2,0,1.8571428571428572,0.14285714285714285,inf,1.462397997898956
Pau D'Arco,2020-07-23,37,8,2,0,2.4285714285714284,0.07142857142857142,0.0,1.568201724066995
Pau D'Arco,2020-07-24,49,12,2,0,3.2142857142857144,0.0,-1.0,1.6901960800285136
Pau D'Arco,2020-07-25,55,6,2,0,3.642857142857143,0.0,-1.0,1.7403626894942439
Pau D'Arco,2020-07-26,67,12,2,0,4.5,0.0,-1.0,1.8260748027008264
Pau D'Arco,2020-07-27,67,0,3,1,4.428571428571429,0.07142857142857142,-0.5,1.8260748027008264
Pau D'Arco,2020-07-28,67,0,3,0,4.428571428571429,0.07142857142857142,-0.5,1.8260748027008264
Pau D'Arco,2020-07-29,76,9,3,0,4.928571428571429,0.07142857142857142,-0.5,1.8808135922807914
Pau D'Arco,2020-07-30,77,1,3,0,4.571428571428571,0.07142857142857142,-0.5,1.8864907251724818
Pau D'Arco,2020-07-31,77,0,4,1,4.571428571428571,0.14285714285714285,0.0,1.8864907251724818
Pau D'Arco,2020-08-01,77,0,4,0,4.428571428571429,0.14285714285714285,0.0,1.8864907251724818
Pau D'Arco,2020-08-02,83,6,4,0,4.857142857142857,0.14285714285714285,0.0,1.919078092376074
Pau D'Arco,2020-08-03,83,0,4,0,4.642857142857143,0.14285714285714285,0.0,1.919078092376074
Pau D'Arco,2020-08-04,83,0,4,0,4.571428571428571,0.14285714285714285,0.0,1.919078092376074
Pau D'Arco,2020-08-05,88,5,4,0,4.214285714285714,0.14285714285714285,0.0,1.9444826721501687
Pau D'Arco,2020-08-06,88,0,4,0,3.642857142857143,0.14285714285714285,1.0,1.9444826721501687
Pau D'Arco,2020-08-07,91,3,4,0,3.0,0.14285714285714285,inf,1.9590413923210936
Pau D'Arco,2020-08-08,91,0,4,0,2.5714285714285716,0.14285714285714285,inf,1.9590413923210936
Pau D'Arco,2020-08-09,91,0,4,0,1.7142857142857142,0.14285714285714285,inf,1.9590413923210936
Pau D'Arco,2020-08-10,91,0,4,0,1.7142857142857142,0.07142857142857142,0.0,1.9590413923210936
Pau D'Arco,2020-08-11,92,1,4,0,1.7857142857142858,0.07142857142857142,0.0,1.9637878273455553
Pau D'Arco,2020-08-12,94,2,4,0,1.2857142857142858,0.07142857142857142,0.0,1.9731278535996986
Pau D'Arco,2020-08-13,95,1,4,0,1.2857142857142858,0.07142857142857142,0.0,1.9777236052888478
Pau D'Arco,2020-08-14,90,-5,4,0,0.9285714285714286,0.0,-1.0,1.9542425094393248
Pau D'Arco,2020-08-15,90,0,4,0,0.9285714285714286,0.0,-1.0,1.9542425094393248
Pau D'Arco,2020-08-16,95,5,4,0,0.8571428571428571,0.0,-1.0,1.9777236052888478
Pau D'Arco,2020-08-17,95,0,4,0,0.8571428571428571,0.0,-1.0,1.9777236052888478
Pau D'Arco,2020-08-18,95,0,4,0,0.8571428571428571,0.0,-1.0,1.9777236052888478
Pau D'Arco,2020-08-19,97,2,4,0,0.6428571428571429,0.0,-1.0,1.9867717342662448
Pau D'Arco,2020-08-20,97,0,4,0,0.6428571428571429,0.0,-1.0,1.9867717342662448
Pau D'Arco,2020-08-21,100,3,4,0,0.6428571428571429,0.0,-1.0,2.0
Pau D'Arco,2020-08-22,100,0,4,0,0.6428571428571429,0.0,-1.0,2.0
Pau D'Arco,2020-08-23,100,0,4,0,0.6428571428571429,0.0,-1.0,2.0
Pau D'Arco,2020-08-24,101,1,4,0,0.7142857142857143,0.0,-1.0,2.0043213737826426
Pau D'Arco,2020-08-25,101,0,4,0,0.6428571428571429,0.0,-1.0,2.0043213737826426
Pau D'Arco,2020-08-26,101,0,4,0,0.5,0.0,-1.0,2.0043213737826426
Pau D'Arco,2020-08-27,102,1,4,0,0.5,0.0,-1.0,2.0086001717619175
Pau D'Arco,2020-08-28,103,1,5,1,0.9285714285714286,0.07142857142857142,inf,2.012837224705172
Pau D'Arco,2020-08-29,104,1,5,0,1.0,0.07142857142857142,inf,2.0170333392987803
Pau D'Arco,2020-08-30,103,-1,5,0,0.5714285714285714,0.07142857142857142,inf,2.012837224705172
Pau D'Arco,2020-08-31,103,0,5,0,0.5714285714285714,0.07142857142857142,inf,2.012837224705172
Pau D'Arco,2020-09-01,103,0,5,0,0.5714285714285714,0.07142857142857142,inf,2.012837224705172
Pau D'Arco,2020-09-02,108,5,5,0,0.7857142857142857,0.07142857142857142,inf,2.03342375548695
Pau D'Arco,2020-09-03,110,2,5,0,0.9285714285714286,0.07142857142857142,inf,2.041392685158225
Pau D'Arco,2020-09-04,110,0,5,0,0.7142857142857143,0.07142857142857142,inf,2.041392685158225
Pau D'Arco,2020-09-05,114,4,5,0,1.0,0.07142857142857142,inf,2.0569048513364727
Pau D'Arco,2020-09-06,115,1,6,1,1.0714285714285714,0.14285714285714285,inf,2.060697840353612
Pau D'Arco,2020-09-07,115,0,6,0,1.0,0.14285714285714285,inf,2.060697840353612
Pau D'Arco,2020-09-08,115,0,6,0,1.0,0.14285714285714285,inf,2.060697840353612
Pau D'Arco,2020-09-09,121,6,6,0,1.4285714285714286,0.14285714285714285,inf,2.08278537031645
Pau D'Arco,2020-09-10,127,6,6,0,1.7857142857142858,0.14285714285714285,inf,2.103803720955957
Pau D'Arco,2020-09-11,128,1,6,0,1.7857142857142858,0.07142857142857142,0.0,2.1072099696478683
Pau D'Arco,2020-09-12,128,0,6,0,1.7142857142857142,0.07142857142857142,0.0,2.1072099696478683
Pau D'Arco,2020-09-13,140,12,6,0,2.642857142857143,0.07142857142857142,0.0,2.146128035678238
Pau D'Arco,2020-09-14,140,0,6,0,2.642857142857143,0.07142857142857142,0.0,2.146128035678238
Pau D'Arco,2020-09-15,140,0,6,0,2.642857142857143,0.07142857142857142,0.0,2.146128035678238
Pau D'Arco,2020-09-16,141,1,6,0,2.357142857142857,0.07142857142857142,0.0,2.1492191126553797
Pau D'Arco,2020-09-17,141,0,6,0,2.2142857142857144,0.07142857142857142,0.0,2.1492191126553797
Pau D'Arco,2020-09-18,147,6,6,0,2.642857142857143,0.07142857142857142,0.0,2.167317334748176
Pau D'Arco,2020-09-19,148,1,6,0,2.4285714285714284,0.07142857142857142,0.0,2.1702617153949575
Pau D'Arco,2020-09-20,148,0,6,0,2.357142857142857,0.0,-1.0,2.1702617153949575
Pau D'Arco,2020-09-21,148,0,6,0,2.357142857142857,0.0,-1.0,2.1702617153949575
Pau D'Arco,2020-09-22,151,3,6,0,2.5714285714285716,0.0,-1.0,2.1789769472931693
Pau D'Arco,2020-09-23,153,2,6,0,2.2857142857142856,0.0,-1.0,2.184691430817599
Pau D'Arco,2020-09-24,155,2,6,0,2.0,0.0,-1.0,2.1903316981702914
Pau D'Arco,2020-09-25,155,0,6,0,1.9285714285714286,0.0,-1.0,2.1903316981702914
Pau D'Arco,2020-09-26,157,2,6,0,2.0714285714285716,0.0,-1.0,2.1958996524092336
Pau D'Arco,2020-09-27,157,0,6,0,1.2142857142857142,0.0,-1.0,2.1958996524092336
Pau D'Arco,2020-09-28,157,0,6,0,1.2142857142857142,0.0,-1.0,2.1958996524092336
Pau D'Arco,2020-09-29,157,0,6,0,1.2142857142857142,0.0,-1.0,2.1958996524092336
Pau D'Arco,2020-09-30,158,1,6,0,1.2142857142857142,0.0,-1.0,2.1986570869544226
Pau D'Arco,2020-10-01,159,1,6,0,1.2857142857142858,0.0,-1.0,2.2013971243204513
Pau D'Arco,2020-10-02,159,0,6,0,0.8571428571428571,0.0,-1.0,2.2013971243204513
Pau D'Arco,2020-10-03,159,0,6,0,0.7857142857142857,0.0,-1.0,2.2013971243204513
Pau D'Arco,2020-10-04,159,0,6,0,0.7857142857142857,0.0,,2.2013971243204513
Pau D'Arco,2020-10-05,160,1,6,0,0.8571428571428571,0.0,,2.204119982655925
Pau D'Arco,2020-10-06,160,0,6,0,0.6428571428571429,0.0,,2.204119982655925
Pau D'Arco,2020-10-07,160,0,6,0,0.5,0.0,,2.204119982655925
Pau D'Arco,2020-10-08,162,2,6,0,0.5,0.0,,2.2095150145426308
Pau D'Arco,2020-10-09,162,0,6,0,0.5,0.0,,2.2095150145426308
Pau D'Arco,2020-10-10,162,0,6,0,0.35714285714285715,0.0,,2.2095150145426308
Pau D'Arco,2020-10-11,162,0,6,0,0.35714285714285715,0.0,,2.2095150145426308
Pau D'Arco,2020-10-12,162,0,6,0,0.35714285714285715,0.0,,2.2095150145426308
Pau D'Arco,2020-10-13,162,0,6,0,0.35714285714285715,0.0,,2.2095150145426308
Pau D'Arco,2020-10-14,162,0,6,0,0.2857142857142857,0.0,,2.2095150145426308
Pau D'Arco,2020-10-15,162,0,6,0,0.21428571428571427,0.0,,2.2095150145426308
Pau D'Arco,2020-10-16,162,0,6,0,0.21428571428571427,0.0,,2.2095150145426308
Pau D'Arco,2020-10-17,162,0,6,0,0.21428571428571427,0.0,,2.2095150145426308
Pau D'Arco,2020-10-18,162,0,6,0,0.21428571428571427,0.0,,2.2095150145426308
Pau D'Arco,2020-10-19,162,0,6,0,0.14285714285714285,0.0,,2.2095150145426308
Pau D'Arco,2020-10-20,162,0,6,0,0.14285714285714285,0.0,,2.2095150145426308
Pau D'Arco,2020-10-21,162,0,6,0,0.14285714285714285,0.0,,2.2095150145426308
Pau D'Arco,2020-10-22,162,0,6,0,0.0,0.0,,2.2095150145426308
Pau D'Arco,2020-10-23,162,0,6,0,0.0,0.0,,2.2095150145426308
Pau D'Arco,2020-10-24,162,0,6,0,0.0,0.0,,2.2095150145426308
Pau D'Arco,2020-10-25,162,0,6,0,0.0,0.0,,2.2095150145426308
Pau D'Arco,2020-10-26,162,0,6,0,0.0,0.0,,2.2095150145426308
Pau D'Arco,2020-10-27,162,0,6,0,0.0,0.0,,2.2095150145426308
Pau D'Arco,2020-10-28,162,0,6,0,0.0,0.0,,2.2095150145426308
Pau D'Arco,2020-10-29,162,0,6,0,0.0,0.0,,2.2095150145426308
Pau D'Arco,2020-10-30,162,0,6,0,0.0,0.0,,2.2095150145426308
Pau D'Arco,2020-10-31,162,0,6,0,0.0,0.0,,2.2095150145426308
Pau D'Arco,2020-11-01,162,0,6,0,0.0,0.0,,2.2095150145426308
Pau D'Arco,2020-11-02,162,0,6,0,0.0,0.0,,2.2095150145426308
Pau D'Arco,2020-11-03,162,0,6,0,0.0,0.0,,2.2095150145426308
Pau D'Arco,2020-11-04,162,0,6,0,0.0,0.0,,2.2095150145426308
Pau D'Arco,2020-11-05,162,0,6,0,0.0,0.0,,2.2095150145426308
Pau D'Arco,2020-11-06,162,0,6,0,0.0,0.0,,2.2095150145426308
Pau D'Arco,2020-11-07,162,0,6,0,0.0,0.0,,2.2095150145426308
Pau D'Arco,2020-11-08,162,0,6,0,0.0,0.0,,2.2095150145426308
Pau D'Arco,2020-11-09,162,0,6,0,0.0,0.0,,2.2095150145426308
Pau D'Arco,2020-11-10,162,0,6,0,0.0,0.0,,2.2095150145426308
Pau D'Arco,2020-11-11,162,0,6,0,0.0,0.0,,2.2095150145426308
Pau D'Arco,2020-11-12,162,0,6,0,0.0,0.0,,2.2095150145426308
Pau D'Arco,2020-11-13,162,0,6,0,0.0,0.0,,2.2095150145426308
Pau D'Arco,2020-11-14,162,0,6,0,0.0,0.0,,2.2095150145426308
Pau D'Arco,2020-11-15,162,0,6,0,0.0,0.0,,2.2095150145426308
Pau D'Arco,2020-11-16,162,0,6,0,0.0,0.0,,2.2095150145426308
Pau D'Arco,2020-11-17,162,0,6,0,0.0,0.0,,2.2095150145426308
Pau D'Arco,2020-11-18,162,0,6,0,0.0,0.0,,2.2095150145426308
Pau D'Arco,2020-11-19,162,0,6,0,0.0,0.0,,2.2095150145426308
Pau D'Arco,2020-11-20,162,0,6,0,0.0,0.0,,2.2095150145426308
Pau D'Arco,2020-11-21,162,0,6,0,0.0,0.0,,2.2095150145426308
Pau D'Arco,2020-11-22,162,0,6,0,0.0,0.0,,2.2095150145426308
Pau D'Arco,2020-11-23,162,0,6,0,0.0,0.0,,2.2095150145426308
Pau D'Arco,2020-11-24,162,0,6,0,0.0,0.0,,2.2095150145426308
Pau D'Arco,2020-11-25,162,0,6,0,0.0,0.0,,2.2095150145426308
Pau D'Arco,2020-11-26,162,0,6,0,0.0,0.0,,2.2095150145426308
Pau D'Arco,2020-11-27,162,0,6,0,0.0,0.0,,2.2095150145426308
Pau D'Arco,2020-11-28,162,0,6,0,0.0,0.0,,2.2095150145426308
Pau D'Arco,2020-11-29,162,0,6,0,0.0,0.0,,2.2095150145426308
Pau D'Arco,2020-11-30,162,0,6,0,0.0,0.0,,2.2095150145426308
Pau D'Arco,2020-12-01,162,0,6,0,0.0,0.0,,2.2095150145426308
Pau D'Arco,2020-12-02,162,0,6,0,0.0,0.0,,2.2095150145426308
Pau D'Arco,2020-12-03,162,0,6,0,0.0,0.0,,2.2095150145426308
Pau D'Arco,2020-12-04,164,2,6,0,0.14285714285714285,0.0,,2.214843848047698
Pau D'Arco,2020-12-05,164,0,6,0,0.14285714285714285,0.0,,2.214843848047698
Pau D'Arco,2020-12-06,164,0,6,0,0.14285714285714285,0.0,,2.214843848047698
Pau D'Arco,2020-12-07,164,0,6,0,0.14285714285714285,0.0,,2.214843848047698
Pau D'Arco,2020-12-08,164,0,6,0,0.14285714285714285,0.0,,2.214843848047698
Pau D'Arco,2020-12-09,164,0,6,0,0.14285714285714285,0.0,,2.214843848047698
Pau D'Arco,2020-12-10,164,0,6,0,0.14285714285714285,0.0,,2.214843848047698
Pau D'Arco,2020-12-11,164,0,6,0,0.14285714285714285,0.0,,2.214843848047698
Pau D'Arco,2020-12-12,165,1,6,0,0.21428571428571427,0.0,,2.2174839442139063
Pau D'Arco,2020-12-13,165,0,6,0,0.21428571428571427,0.0,,2.2174839442139063
Pau D'Arco,2020-12-14,165,0,6,0,0.21428571428571427,0.0,,2.2174839442139063
Pau D'Arco,2020-12-15,165,0,6,0,0.21428571428571427,0.0,,2.2174839442139063
Pau D'Arco,2020-12-16,168,3,6,0,0.42857142857142855,0.0,,2.225309281725863
Pau D'Arco,2020-12-17,170,2,6,0,0.5714285714285714,0.0,,2.230448921378274
Pau D'Arco,2020-12-18,170,0,6,0,0.42857142857142855,0.0,,2.230448921378274
Pau D'Arco,2020-12-19,172,2,6,0,0.5714285714285714,0.0,,2.2355284469075487
Pau D'Arco,2020-12-20,172,0,6,0,0.5714285714285714,0.0,,2.2355284469075487
Pau D'Arco,2020-12-21,172,0,6,0,0.5714285714285714,0.0,,2.2355284469075487
Pau D'Arco,2020-12-22,173,1,6,0,0.6428571428571429,0.0,,2.2380461031287955
Pau D'Arco,2020-12-23,175,2,6,0,0.7857142857142857,0.0,,2.2430380486862944
Pau D'Arco,2020-12-24,175,0,6,0,0.7857142857142857,0.0,,2.2430380486862944
Pau D'Arco,2020-12-25,175,0,6,0,0.7857142857142857,0.0,,2.2430380486862944
Pau D'Arco,2020-12-26,175,0,6,0,0.7142857142857143,0.0,,2.2430380486862944
Pau D'Arco,2020-12-27,175,0,6,0,0.7142857142857143,0.0,,2.2430380486862944
Pau D'Arco,2020-12-28,175,0,6,0,0.7142857142857143,0.0,,2.2430380486862944
Pau D'Arco,2020-12-29,175,0,6,0,0.7142857142857143,0.0,,2.2430380486862944
Pau D'Arco,2020-12-30,175,0,6,0,0.5,0.0,,2.2430380486862944
Pau D'Arco,2020-12-31,176,1,6,0,0.42857142857142855,0.0,,2.24551266781415
Pau D'Arco,2021-01-01,176,0,6,0,0.42857142857142855,0.0,,2.24551266781415
Pau D'Arco,2021-01-02,176,0,6,0,0.2857142857142857,0.0,,2.24551266781415
Pau D'Arco,2021-01-03,176,0,6,0,0.2857142857142857,0.0,,2.24551266781415
Pau D'Arco,2021-01-04,176,0,6,0,0.2857142857142857,0.0,,2.24551266781415
Pau D'Arco,2021-01-05,176,0,6,0,0.21428571428571427,0.0,,2.24551266781415
Pau D'Arco,2021-01-06,176,0,6,0,0.07142857142857142,0.0,,2.24551266781415
Pau D'Arco,2021-01-07,176,0,6,0,0.07142857142857142,0.0,,2.24551266781415
Pau D'Arco,2021-01-08,177,1,6,0,0.14285714285714285,0.0,,2.2479732663618064
Pau D'Arco,2021-01-09,177,0,6,0,0.14285714285714285,0.0,,2.2479732663618064
Pau D'Arco,2021-01-10,177,0,6,0,0.14285714285714285,0.0,,2.2479732663618064
Pau D'Arco,2021-01-11,177,0,6,0,0.14285714285714285,0.0,,2.2479732663618064
Pau D'Arco,2021-01-12,177,0,6,0,0.14285714285714285,0.0,,2.2479732663618064
Pau D'Arco,2021-01-13,178,1,6,0,0.21428571428571427,0.0,,2.250420002308894
Pau D'Arco,2021-01-14,178,0,6,0,0.14285714285714285,0.0,,2.250420002308894
Pau D'Arco,2021-01-15,178,0,6,0,0.14285714285714285,0.0,,2.250420002308894
Pau D'Arco,2021-01-16,179,1,6,0,0.21428571428571427,0.0,,2.2528530309798933
Pau D'Arco,2021-01-17,179,0,6,0,0.21428571428571427,0.0,,2.2528530309798933
Pau D'Arco,2021-01-18,181,2,6,0,0.35714285714285715,0.0,,2.2576785748691846
Pau D'Arco,2021-01-19,181,0,6,0,0.35714285714285715,0.0,,2.2576785748691846
Pau D'Arco,2021-01-20,181,0,6,0,0.35714285714285715,0.0,,2.2576785748691846
Pedro Afonso,2020-03-27,0,0,0,0,,,,0.0
Pedro Afonso,2020-03-28,0,0,0,0,,,,0.0
Pedro Afonso,2020-03-29,0,0,0,0,,,,0.0
Pedro Afonso,2020-03-30,0,0,0,0,,,,0.0
Pedro Afonso,2020-03-31,0,0,0,0,,,,0.0
Pedro Afonso,2020-04-01,0,0,0,0,,,,0.0
Pedro Afonso,2020-04-02,0,0,0,0,,,,0.0
Pedro Afonso,2020-04-03,0,0,0,0,,,,0.0
Pedro Afonso,2020-04-04,0,0,0,0,,,,0.0
Pedro Afonso,2020-04-05,0,0,0,0,,,,0.0
Pedro Afonso,2020-04-06,0,0,0,0,,,,0.0
Pedro Afonso,2020-04-07,0,0,0,0,,,,0.0
Pedro Afonso,2020-04-08,0,0,0,0,,,,0.0
Pedro Afonso,2020-04-09,0,0,0,0,0.0,0.0,,0.0
Pedro Afonso,2020-04-10,0,0,0,0,0.0,0.0,,0.0
Pedro Afonso,2020-04-11,0,0,0,0,0.0,0.0,,0.0
Pedro Afonso,2020-04-12,0,0,0,0,0.0,0.0,,0.0
Pedro Afonso,2020-04-13,0,0,0,0,0.0,0.0,,0.0
Pedro Afonso,2020-04-14,0,0,0,0,0.0,0.0,,0.0
Pedro Afonso,2020-04-15,0,0,0,0,0.0,0.0,,0.0
Pedro Afonso,2020-04-16,0,0,0,0,0.0,0.0,,0.0
Pedro Afonso,2020-04-17,0,0,0,0,0.0,0.0,,0.0
Pedro Afonso,2020-04-18,0,0,0,0,0.0,0.0,,0.0
Pedro Afonso,2020-04-19,0,0,0,0,0.0,0.0,,0.0
Pedro Afonso,2020-04-20,0,0,0,0,0.0,0.0,,0.0
Pedro Afonso,2020-04-21,0,0,0,0,0.0,0.0,,0.0
Pedro Afonso,2020-04-22,0,0,0,0,0.0,0.0,,0.0
Pedro Afonso,2020-04-23,0,0,0,0,0.0,0.0,,0.0
Pedro Afonso,2020-04-24,0,0,0,0,0.0,0.0,,0.0
Pedro Afonso,2020-04-25,0,0,0,0,0.0,0.0,,0.0
Pedro Afonso,2020-04-26,0,0,0,0,0.0,0.0,,0.0
Pedro Afonso,2020-04-27,0,0,0,0,0.0,0.0,,0.0
Pedro Afonso,2020-04-28,0,0,0,0,0.0,0.0,,0.0
Pedro Afonso,2020-04-29,0,0,0,0,0.0,0.0,,0.0
Pedro Afonso,2020-04-30,0,0,0,0,0.0,0.0,,0.0
Pedro Afonso,2020-05-01,0,0,0,0,0.0,0.0,,0.0
Pedro Afonso,2020-05-02,0,0,0,0,0.0,0.0,,0.0
Pedro Afonso,2020-05-03,0,0,0,0,0.0,0.0,,0.0
Pedro Afonso,2020-05-04,0,0,0,0,0.0,0.0,,0.0
Pedro Afonso,2020-05-05,0,0,0,0,0.0,0.0,,0.0
Pedro Afonso,2020-05-06,0,0,0,0,0.0,0.0,,0.0
Pedro Afonso,2020-05-07,0,0,0,0,0.0,0.0,,0.0
Pedro Afonso,2020-05-08,0,0,0,0,0.0,0.0,,0.0
Pedro Afonso,2020-05-09,0,0,0,0,0.0,0.0,,0.0
Pedro Afonso,2020-05-10,0,0,0,0,0.0,0.0,,0.0
Pedro Afonso,2020-05-11,0,0,0,0,0.0,0.0,,0.0
Pedro Afonso,2020-05-12,1,1,0,0,0.07142857142857142,0.0,,0.0
Pedro Afonso,2020-05-13,1,0,0,0,0.07142857142857142,0.0,,0.0
Pedro Afonso,2020-05-14,1,0,0,0,0.07142857142857142,0.0,,0.0
Pedro Afonso,2020-05-15,2,1,0,0,0.14285714285714285,0.0,,0.3010299956639812
Pedro Afonso,2020-05-16,2,0,0,0,0.14285714285714285,0.0,,0.3010299956639812
Pedro Afonso,2020-05-17,2,0,0,0,0.14285714285714285,0.0,,0.3010299956639812
Pedro Afonso,2020-05-18,2,0,0,0,0.14285714285714285,0.0,,0.3010299956639812
Pedro Afonso,2020-05-19,2,0,0,0,0.14285714285714285,0.0,,0.3010299956639812
Pedro Afonso,2020-05-20,3,1,0,0,0.21428571428571427,0.0,,0.47712125471966244
Pedro Afonso,2020-05-21,2,-1,0,0,0.14285714285714285,0.0,,0.3010299956639812
Pedro Afonso,2020-05-22,2,0,0,0,0.14285714285714285,0.0,,0.3010299956639812
Pedro Afonso,2020-05-23,3,1,0,0,0.21428571428571427,0.0,,0.47712125471966244
Pedro Afonso,2020-05-24,3,0,0,0,0.21428571428571427,0.0,,0.47712125471966244
Pedro Afonso,2020-05-25,3,0,0,0,0.21428571428571427,0.0,,0.47712125471966244
Pedro Afonso,2020-05-26,3,0,0,0,0.14285714285714285,0.0,,0.47712125471966244
Pedro Afonso,2020-05-27,3,0,0,0,0.14285714285714285,0.0,,0.47712125471966244
Pedro Afonso,2020-05-28,3,0,0,0,0.14285714285714285,0.0,,0.47712125471966244
Pedro Afonso,2020-05-29,3,0,0,0,0.07142857142857142,0.0,,0.47712125471966244
Pedro Afonso,2020-05-30,3,0,0,0,0.07142857142857142,0.0,,0.47712125471966244
Pedro Afonso,2020-05-31,4,1,0,0,0.14285714285714285,0.0,,0.6020599913279624
Pedro Afonso,2020-06-01,4,0,0,0,0.14285714285714285,0.0,,0.6020599913279624
Pedro Afonso,2020-06-02,4,0,0,0,0.14285714285714285,0.0,,0.6020599913279624
Pedro Afonso,2020-06-03,6,2,0,0,0.21428571428571427,0.0,,0.7781512503836436
Pedro Afonso,2020-06-04,6,0,0,0,0.2857142857142857,0.0,,0.7781512503836436
Pedro Afonso,2020-06-05,6,0,0,0,0.2857142857142857,0.0,,0.7781512503836436
Pedro Afonso,2020-06-06,7,1,0,0,0.2857142857142857,0.0,,0.8450980400142568
Pedro Afonso,2020-06-07,7,0,0,0,0.2857142857142857,0.0,,0.8450980400142568
Pedro Afonso,2020-06-08,7,0,0,0,0.2857142857142857,0.0,,0.8450980400142568
Pedro Afonso,2020-06-09,7,0,0,0,0.2857142857142857,0.0,,0.8450980400142568
Pedro Afonso,2020-06-10,7,0,0,0,0.2857142857142857,0.0,,0.8450980400142568
Pedro Afonso,2020-06-11,7,0,0,0,0.2857142857142857,0.0,,0.8450980400142568
Pedro Afonso,2020-06-12,7,0,0,0,0.2857142857142857,0.0,,0.8450980400142568
Pedro Afonso,2020-06-13,7,0,0,0,0.2857142857142857,0.0,,0.8450980400142568
Pedro Afonso,2020-06-14,7,0,0,0,0.21428571428571427,0.0,,0.8450980400142568
Pedro Afonso,2020-06-15,7,0,0,0,0.21428571428571427,0.0,,0.8450980400142568
Pedro Afonso,2020-06-16,7,0,0,0,0.21428571428571427,0.0,,0.8450980400142568
Pedro Afonso,2020-06-17,7,0,0,0,0.07142857142857142,0.0,,0.8450980400142568
Pedro Afonso,2020-06-18,7,0,0,0,0.07142857142857142,0.0,,0.8450980400142568
Pedro Afonso,2020-06-19,7,0,0,0,0.07142857142857142,0.0,,0.8450980400142568
Pedro Afonso,2020-06-20,7,0,0,0,0.0,0.0,,0.8450980400142568
Pedro Afonso,2020-06-21,7,0,0,0,0.0,0.0,,0.8450980400142568
Pedro Afonso,2020-06-22,7,0,0,0,0.0,0.0,,0.8450980400142568
Pedro Afonso,2020-06-23,7,0,0,0,0.0,0.0,,0.8450980400142568
Pedro Afonso,2020-06-24,7,0,0,0,0.0,0.0,,0.8450980400142568
Pedro Afonso,2020-06-25,7,0,0,0,0.0,0.0,,0.8450980400142568
Pedro Afonso,2020-06-26,8,1,0,0,0.07142857142857142,0.0,,0.9030899869919435
Pedro Afonso,2020-06-27,8,0,0,0,0.07142857142857142,0.0,,0.9030899869919435
Pedro Afonso,2020-06-28,8,0,0,0,0.07142857142857142,0.0,,0.9030899869919435
Pedro Afonso,2020-06-29,8,0,0,0,0.07142857142857142,0.0,,0.9030899869919435
Pedro Afonso,2020-06-30,9,1,0,0,0.14285714285714285,0.0,,0.9542425094393249
Pedro Afonso,2020-07-01,10,1,0,0,0.21428571428571427,0.0,,1.0
Pedro Afonso,2020-07-02,12,2,0,0,0.35714285714285715,0.0,,1.0791812460476249
Pedro Afonso,2020-07-03,17,5,0,0,0.7142857142857143,0.0,,1.2304489213782739
Pedro Afonso,2020-07-04,19,2,0,0,0.8571428571428571,0.0,,1.2787536009528289
Pedro Afonso,2020-07-05,20,1,1,1,0.9285714285714286,0.07142857142857142,inf,1.3010299956639813
Pedro Afonso,2020-07-06,20,0,1,0,0.9285714285714286,0.07142857142857142,inf,1.3010299956639813
Pedro Afonso,2020-07-07,21,1,1,0,1.0,0.07142857142857142,inf,1.3222192947339193
Pedro Afonso,2020-07-08,24,3,2,1,1.2142857142857142,0.14285714285714285,inf,1.380211241711606
Pedro Afonso,2020-07-09,26,2,2,0,1.3571428571428572,0.14285714285714285,inf,1.414973347970818
Pedro Afonso,2020-07-10,27,1,2,0,1.3571428571428572,0.14285714285714285,inf,1.4313637641589874
Pedro Afonso,2020-07-11,36,9,2,0,2.0,0.14285714285714285,inf,1.5563025007672873
Pedro Afonso,2020-07-12,36,0,2,0,2.0,0.14285714285714285,inf,1.5563025007672873
Pedro Afonso,2020-07-13,36,0,2,0,2.0,0.14285714285714285,inf,1.5563025007672873
Pedro Afonso,2020-07-14,37,1,2,0,2.0,0.14285714285714285,inf,1.568201724066995
Pedro Afonso,2020-07-15,45,8,2,0,2.5,0.14285714285714285,inf,1.6532125137753437
Pedro Afonso,2020-07-16,46,1,2,0,2.4285714285714284,0.14285714285714285,inf,1.662757831681574
Pedro Afonso,2020-07-17,49,3,2,0,2.2857142857142856,0.14285714285714285,inf,1.6901960800285136
Pedro Afonso,2020-07-18,49,0,2,0,2.142857142857143,0.14285714285714285,inf,1.6901960800285136
Pedro Afonso,2020-07-19,49,0,2,0,2.0714285714285716,0.07142857142857142,0.0,1.6901960800285136
Pedro Afonso,2020-07-20,51,2,2,0,2.2142857142857144,0.07142857142857142,0.0,1.7075701760979363
Pedro Afonso,2020-07-21,56,5,2,0,2.5,0.07142857142857142,0.0,1.7481880270062005
Pedro Afonso,2020-07-22,62,6,2,0,2.7142857142857144,0.0,-1.0,1.792391689498254
Pedro Afonso,2020-07-23,71,9,2,0,3.2142857142857144,0.0,-1.0,1.8512583487190752
Pedro Afonso,2020-07-24,78,7,2,0,3.642857142857143,0.0,-1.0,1.8920946026904804
Pedro Afonso,2020-07-25,85,7,2,0,3.5,0.0,-1.0,1.9294189257142929
Pedro Afonso,2020-07-26,94,9,2,0,4.142857142857143,0.0,-1.0,1.9731278535996986
Pedro Afonso,2020-07-27,97,3,2,0,4.357142857142857,0.0,-1.0,1.9867717342662448
Pedro Afonso,2020-07-28,111,14,2,0,5.285714285714286,0.0,-1.0,2.0453229787866576
Pedro Afonso,2020-07-29,123,12,2,0,5.571428571428571,0.0,-1.0,2.089905111439398
Pedro Afonso,2020-07-30,129,6,2,0,5.928571428571429,0.0,-1.0,2.110589710299249
Pedro Afonso,2020-07-31,131,2,2,0,5.857142857142857,0.0,-1.0,2.1172712956557644
Pedro Afonso,2020-08-01,133,2,2,0,6.0,0.0,-1.0,2.123851640967086
Pedro Afonso,2020-08-02,151,18,2,0,7.285714285714286,0.0,-1.0,2.1789769472931693
Pedro Afonso,2020-08-03,156,5,2,0,7.5,0.0,-1.0,2.1931245983544616
Pedro Afonso,2020-08-04,167,11,2,0,7.928571428571429,0.0,-1.0,2.2227164711475833
Pedro Afonso,2020-08-05,173,6,2,0,7.928571428571429,0.0,,2.2380461031287955
Pedro Afonso,2020-08-06,177,4,2,0,7.571428571428571,0.0,,2.2479732663618064
Pedro Afonso,2020-08-07,181,4,3,1,7.357142857142857,0.07142857142857142,inf,2.2576785748691846
Pedro Afonso,2020-08-08,190,9,3,0,7.5,0.07142857142857142,inf,2.278753600952829
Pedro Afonso,2020-08-09,192,2,3,0,7.0,0.07142857142857142,inf,2.2833012287035497
Pedro Afonso,2020-08-10,195,3,3,0,7.0,0.07142857142857142,inf,2.290034611362518
Pedro Afonso,2020-08-11,203,8,3,0,6.571428571428571,0.07142857142857142,inf,2.307496037913213
Pedro Afonso,2020-08-12,208,5,3,0,6.071428571428571,0.07142857142857142,inf,2.3180633349627615
Pedro Afonso,2020-08-13,217,9,3,0,6.285714285714286,0.07142857142857142,inf,2.3364597338485296
Pedro Afonso,2020-08-14,232,15,3,0,7.214285714285714,0.07142857142857142,inf,2.3654879848909
Pedro Afonso,2020-08-15,238,6,3,0,7.5,0.07142857142857142,inf,2.376576957056512
Pedro Afonso,2020-08-16,239,1,3,0,6.285714285714286,0.07142857142857142,inf,2.3783979009481375
Pedro Afonso,2020-08-17,241,2,3,0,6.071428571428571,0.07142857142857142,inf,2.3820170425748683
Pedro Afonso,2020-08-18,255,14,3,0,6.285714285714286,0.07142857142857142,inf,2.406540180433955
Pedro Afonso,2020-08-19,265,10,3,0,6.571428571428571,0.07142857142857142,inf,2.423245873936808
Pedro Afonso,2020-08-20,273,8,4,1,6.857142857142857,0.14285714285714285,inf,2.436162647040756
Pedro Afonso,2020-08-21,283,10,4,0,7.285714285714286,0.07142857142857142,0.0,2.45178643552429
Pedro Afonso,2020-08-22,292,9,4,0,7.285714285714286,0.07142857142857142,0.0,2.4653828514484184
Pedro Afonso,2020-08-23,297,5,4,0,7.5,0.07142857142857142,0.0,2.4727564493172123
Pedro Afonso,2020-08-24,298,1,5,1,7.357142857142857,0.14285714285714285,1.0,2.4742162640762553
Pedro Afonso,2020-08-25,319,21,5,0,8.285714285714286,0.14285714285714285,1.0,2.503790683057181
Pedro Afonso,2020-08-26,332,13,5,0,8.857142857142858,0.14285714285714285,1.0,2.5211380837040362
Pedro Afonso,2020-08-27,348,16,5,0,9.357142857142858,0.14285714285714285,1.0,2.5415792439465807
Pedro Afonso,2020-08-28,359,11,6,1,9.071428571428571,0.21428571428571427,2.0,2.5550944485783194
Pedro Afonso,2020-08-29,371,12,6,0,9.5,0.21428571428571427,2.0,2.569373909615046
Pedro Afonso,2020-08-30,372,1,6,0,9.5,0.21428571428571427,2.0,2.5705429398818973
Pedro Afonso,2020-08-31,372,0,6,0,9.357142857142858,0.21428571428571427,2.0,2.5705429398818973
Pedro Afonso,2020-09-01,400,28,6,0,10.357142857142858,0.21428571428571427,2.0,2.6020599913279625
Pedro Afonso,2020-09-02,413,13,6,0,10.571428571428571,0.21428571428571427,2.0,2.615950051656401
Pedro Afonso,2020-09-03,420,7,6,0,10.5,0.14285714285714285,0.0,2.6232492903979003
Pedro Afonso,2020-09-04,432,12,7,1,10.642857142857142,0.21428571428571427,2.0,2.635483746814912
Pedro Afonso,2020-09-05,446,14,7,0,11.0,0.21428571428571427,2.0,2.649334858712142
Pedro Afonso,2020-09-06,446,0,7,0,10.642857142857142,0.21428571428571427,2.0,2.649334858712142
Pedro Afonso,2020-09-07,447,1,7,0,10.642857142857142,0.14285714285714285,0.0,2.6503075231319366
Pedro Afonso,2020-09-08,461,14,7,0,10.142857142857142,0.14285714285714285,0.0,2.663700925389648
Pedro Afonso,2020-09-09,462,1,7,0,9.285714285714286,0.14285714285714285,0.0,2.6646419755561257
Pedro Afonso,2020-09-10,473,11,7,0,8.928571428571429,0.14285714285714285,0.0,2.6748611407378116
Pedro Afonso,2020-09-11,492,19,7,0,9.5,0.07142857142857142,-0.6666666666666666,2.6919651027673606
Pedro Afonso,2020-09-12,509,17,7,0,9.857142857142858,0.07142857142857142,-0.6666666666666666,2.7067177823367587
Pedro Afonso,2020-09-13,510,1,7,0,9.857142857142858,0.07142857142857142,-0.6666666666666666,2.7075701760979363
Pedro Afonso,2020-09-14,511,1,7,0,9.928571428571429,0.07142857142857142,-0.6666666666666666,2.708420900134713
Pedro Afonso,2020-09-15,517,6,7,0,8.357142857142858,0.07142857142857142,-0.6666666666666666,2.7134905430939424
Pedro Afonso,2020-09-16,530,13,7,0,8.357142857142858,0.07142857142857142,-0.6666666666666666,2.724275869600789
Pedro Afonso,2020-09-17,536,6,8,1,8.285714285714286,0.14285714285714285,0.0,2.72916478969277
Pedro Afonso,2020-09-18,549,13,8,0,8.357142857142858,0.07142857142857142,-0.6666666666666666,2.739572344450092
Pedro Afonso,2020-09-19,553,4,9,1,7.642857142857143,0.14285714285714285,-0.3333333333333333,2.7427251313046983
Pedro Afonso,2020-09-20,553,0,9,0,7.642857142857143,0.14285714285714285,-0.3333333333333333,2.7427251313046983
Pedro Afonso,2020-09-21,553,0,9,0,7.571428571428571,0.14285714285714285,0.0,2.7427251313046983
Pedro Afonso,2020-09-22,567,14,9,0,7.571428571428571,0.14285714285714285,0.0,2.7535830588929064
Pedro Afonso,2020-09-23,574,7,9,0,8.0,0.14285714285714285,0.0,2.7589118923979736
Pedro Afonso,2020-09-24,583,9,9,0,7.857142857142857,0.14285714285714285,0.0,2.765668554759014
Pedro Afonso,2020-09-25,589,6,9,0,6.928571428571429,0.14285714285714285,1.0,2.7701152947871015
Pedro Afonso,2020-09-26,597,8,9,0,6.285714285714286,0.14285714285714285,1.0,2.775974331129369
Pedro Afonso,2020-09-27,597,0,9,0,6.214285714285714,0.14285714285714285,1.0,2.775974331129369
Pedro Afonso,2020-09-28,597,0,9,0,6.142857142857143,0.14285714285714285,1.0,2.775974331129369
Pedro Afonso,2020-09-29,606,9,9,0,6.357142857142857,0.14285714285714285,1.0,2.782472624166286
Pedro Afonso,2020-09-30,615,9,9,0,6.071428571428571,0.14285714285714285,1.0,2.788875115775417
Pedro Afonso,2020-10-01,620,5,9,0,6.0,0.07142857142857142,-0.5,2.792391689498254
Pedro Afonso,2020-10-02,628,8,9,0,5.642857142857143,0.07142857142857142,0.0,2.797959643737196
Pedro Afonso,2020-10-03,634,6,9,0,5.785714285714286,0.0,-1.0,2.8020892578817325
Pedro Afonso,2020-10-04,634,0,9,0,5.785714285714286,0.0,-1.0,2.8020892578817325
Pedro Afonso,2020-10-05,634,0,9,0,5.785714285714286,0.0,-1.0,2.8020892578817325
Pedro Afonso,2020-10-06,634,0,9,0,4.785714285714286,0.0,-1.0,2.8020892578817325
Pedro Afonso,2020-10-07,643,9,10,1,4.928571428571429,0.07142857142857142,-0.5,2.808210972924222
Pedro Afonso,2020-10-08,648,5,10,0,4.642857142857143,0.07142857142857142,-0.5,2.8115750058705933
Pedro Afonso,2020-10-09,655,7,10,0,4.714285714285714,0.07142857142857142,-0.5,2.816241299991783
Pedro Afonso,2020-10-10,661,6,10,0,4.571428571428571,0.07142857142857142,-0.5,2.82020145948564
Pedro Afonso,2020-10-11,661,0,10,0,4.571428571428571,0.07142857142857142,-0.5,2.82020145948564
Pedro Afonso,2020-10-12,662,1,10,0,4.642857142857143,0.07142857142857142,-0.5,2.8208579894397
Pedro Afonso,2020-10-13,662,0,10,0,4.0,0.07142857142857142,-0.5,2.8208579894397
Pedro Afonso,2020-10-14,670,8,10,0,3.9285714285714284,0.07142857142857142,-0.5,2.8260748027008264
Pedro Afonso,2020-10-15,676,6,10,0,4.0,0.07142857142857142,0.0,2.829946695941636
Pedro Afonso,2020-10-16,684,8,10,0,4.0,0.07142857142857142,0.0,2.835056101720116
Pedro Afonso,2020-10-17,692,8,10,0,4.142857142857143,0.07142857142857142,inf,2.840106094456758
Pedro Afonso,2020-10-18,692,0,10,0,4.142857142857143,0.07142857142857142,inf,2.840106094456758
Pedro Afonso,2020-10-19,700,8,10,0,4.714285714285714,0.07142857142857142,inf,2.845098040014257
Pedro Afonso,2020-10-20,704,4,10,0,5.0,0.07142857142857142,inf,2.847572659142112
Pedro Afonso,2020-10-21,708,4,10,0,4.642857142857143,0.0,-1.0,2.850033257689769
Pedro Afonso,2020-10-22,709,1,10,0,4.357142857142857,0.0,-1.0,2.8506462351830666
Pedro Afonso,2020-10-23,719,10,10,0,4.571428571428571,0.0,-1.0,2.8567288903828825
Pedro Afonso,2020-10-24,729,10,10,0,4.857142857142857,0.0,-1.0,2.8627275283179747
Pedro Afonso,2020-10-25,729,0,10,0,4.857142857142857,0.0,-1.0,2.8627275283179747
Pedro Afonso,2020-10-26,729,0,10,0,4.785714285714286,0.0,-1.0,2.8627275283179747
Pedro Afonso,2020-10-27,741,12,10,0,5.642857142857143,0.0,-1.0,2.869818207979328
Pedro Afonso,2020-10-28,743,2,10,0,5.214285714285714,0.0,-1.0,2.8709888137605755
Pedro Afonso,2020-10-29,746,3,10,0,5.0,0.0,-1.0,2.8727388274726686
Pedro Afonso,2020-10-30,746,0,10,0,4.428571428571429,0.0,-1.0,2.8727388274726686
Pedro Afonso,2020-10-31,748,2,10,0,4.0,0.0,-1.0,2.8739015978644615
Pedro Afonso,2020-11-01,748,0,10,0,4.0,0.0,-1.0,2.8739015978644615
Pedro Afonso,2020-11-02,748,0,10,0,3.4285714285714284,0.0,-1.0,2.8739015978644615
Pedro Afonso,2020-11-03,751,3,10,0,3.357142857142857,0.0,-1.0,2.8756399370041685
Pedro Afonso,2020-11-04,755,4,10,0,3.357142857142857,0.0,,2.8779469516291885
Pedro Afonso,2020-11-05,755,0,11,1,3.2857142857142856,0.07142857142857142,inf,2.8779469516291885
Pedro Afonso,2020-11-06,755,0,11,0,2.5714285714285716,0.07142857142857142,inf,2.8779469516291885
Pedro Afonso,2020-11-07,756,1,12,1,1.9285714285714286,0.14285714285714285,inf,2.8785217955012063
Pedro Afonso,2020-11-08,756,0,12,0,1.9285714285714286,0.14285714285714285,inf,2.8785217955012063
Pedro Afonso,2020-11-09,756,0,12,0,1.9285714285714286,0.14285714285714285,inf,2.8785217955012063
Pedro Afonso,2020-11-10,756,0,12,0,1.0714285714285714,0.14285714285714285,inf,2.8785217955012063
Pedro Afonso,2020-11-11,756,0,12,0,0.9285714285714286,0.14285714285714285,inf,2.8785217955012063
Pedro Afonso,2020-11-12,757,1,12,0,0.7857142857142857,0.14285714285714285,inf,2.8790958795000727
Pedro Afonso,2020-11-13,757,0,12,0,0.7857142857142857,0.14285714285714285,inf,2.8790958795000727
Pedro Afonso,2020-11-14,759,2,12,0,0.7857142857142857,0.14285714285714285,inf,2.88024177589548
Pedro Afonso,2020-11-15,759,0,12,0,0.7857142857142857,0.14285714285714285,inf,2.88024177589548
Pedro Afonso,2020-11-16,759,0,12,0,0.7857142857142857,0.14285714285714285,inf,2.88024177589548
Pedro Afonso,2020-11-17,759,0,12,0,0.5714285714285714,0.14285714285714285,inf,2.88024177589548
Pedro Afonso,2020-11-18,762,3,12,0,0.5,0.14285714285714285,inf,2.8819549713396007
Pedro Afonso,2020-11-19,762,0,12,0,0.5,0.07142857142857142,0.0,2.8819549713396007
Pedro Afonso,2020-11-20,762,0,12,0,0.5,0.07142857142857142,0.0,2.8819549713396007
Pedro Afonso,2020-11-21,764,2,12,0,0.5714285714285714,0.0,-1.0,2.8830933585756897
Pedro Afonso,2020-11-22,764,0,12,0,0.5714285714285714,0.0,-1.0,2.8830933585756897
Pedro Afonso,2020-11-23,764,0,12,0,0.5714285714285714,0.0,-1.0,2.8830933585756897
Pedro Afonso,2020-11-24,764,0,12,0,0.5714285714285714,0.0,-1.0,2.8830933585756897
Pedro Afonso,2020-11-25,766,2,12,0,0.7142857142857143,0.0,-1.0,2.884228769632604
Pedro Afonso,2020-11-26,770,4,12,0,0.9285714285714286,0.0,-1.0,2.886490725172482
Pedro Afonso,2020-11-27,770,0,12,0,0.9285714285714286,0.0,-1.0,2.886490725172482
Pedro Afonso,2020-11-28,773,3,12,0,1.0,0.0,-1.0,2.888179493918325
Pedro Afonso,2020-11-29,773,0,12,0,1.0,0.0,-1.0,2.888179493918325
Pedro Afonso,2020-11-30,774,1,12,0,1.0714285714285714,0.0,-1.0,2.8887409606828927
Pedro Afonso,2020-12-01,779,5,12,0,1.4285714285714286,0.0,-1.0,2.8915374576725643
Pedro Afonso,2020-12-02,780,1,12,0,1.2857142857142858,0.0,-1.0,2.8920946026904804
Pedro Afonso,2020-12-03,782,2,12,0,1.4285714285714286,0.0,-1.0,2.893206753059848
Pedro Afonso,2020-12-04,784,2,12,0,1.5714285714285714,0.0,-1.0,2.8943160626844384
Pedro Afonso,2020-12-05,788,4,12,0,1.7142857142857142,0.0,,2.8965262174895554
Pedro Afonso,2020-12-06,789,1,12,0,1.7857142857142858,0.0,,2.89707700320942
Pedro Afonso,2020-12-07,789,0,13,1,1.7857142857142858,0.07142857142857142,inf,2.89707700320942
Pedro Afonso,2020-12-08,791,2,13,0,1.9285714285714286,0.07142857142857142,inf,2.8981764834976764
Pedro Afonso,2020-12-09,791,0,13,0,1.7857142857142858,0.07142857142857142,inf,2.8981764834976764
Pedro Afonso,2020-12-10,792,1,13,0,1.5714285714285714,0.07142857142857142,inf,2.8987251815894934
Pedro Afonso,2020-12-11,795,3,13,0,1.7857142857142858,0.07142857142857142,inf,2.9003671286564705
Pedro Afonso,2020-12-12,795,0,13,0,1.5714285714285714,0.07142857142857142,inf,2.9003671286564705
Pedro Afonso,2020-12-13,796,1,13,0,1.6428571428571428,0.07142857142857142,inf,2.900913067737669
Pedro Afonso,2020-12-14,796,0,13,0,1.5714285714285714,0.07142857142857142,inf,2.900913067737669
Pedro Afonso,2020-12-15,796,0,13,0,1.2142857142857142,0.07142857142857142,inf,2.900913067737669
Pedro Afonso,2020-12-16,797,1,13,0,1.2142857142857142,0.07142857142857142,inf,2.9014583213961123
Pedro Afonso,2020-12-17,798,1,13,0,1.1428571428571428,0.07142857142857142,inf,2.9020028913507296
Pedro Afonso,2020-12-18,800,2,13,0,1.1428571428571428,0.07142857142857142,inf,2.9030899869919438
Pedro Afonso,2020-12-19,800,0,13,0,0.8571428571428571,0.07142857142857142,inf,2.9030899869919438
Pedro Afonso,2020-12-20,803,3,13,0,1.0,0.07142857142857142,inf,2.904715545278681
Pedro Afonso,2020-12-21,803,0,13,0,1.0,0.0,-1.0,2.904715545278681
Pedro Afonso,2020-12-22,803,0,13,0,0.8571428571428571,0.0,-1.0,2.904715545278681
Pedro Afonso,2020-12-23,804,1,13,0,0.9285714285714286,0.0,-1.0,2.905256048748451
Pedro Afonso,2020-12-24,811,7,13,0,1.3571428571428572,0.0,-1.0,2.909020854211156
Pedro Afonso,2020-12-25,813,2,13,0,1.2857142857142858,0.0,-1.0,2.910090545594068
Pedro Afonso,2020-12-26,813,0,13,0,1.2857142857142858,0.0,-1.0,2.910090545594068
Pedro Afonso,2020-12-27,813,0,13,0,1.2142857142857142,0.0,-1.0,2.910090545594068
Pedro Afonso,2020-12-28,816,3,13,0,1.4285714285714286,0.0,-1.0,2.9116901587538613
Pedro Afonso,2020-12-29,816,0,13,0,1.4285714285714286,0.0,-1.0,2.9116901587538613
Pedro Afonso,2020-12-30,822,6,13,0,1.7857142857142858,0.0,-1.0,2.9148718175400505
Pedro Afonso,2020-12-31,822,0,13,0,1.7142857142857142,0.0,-1.0,2.9148718175400505
Pedro Afonso,2021-01-01,823,1,13,0,1.6428571428571428,0.0,-1.0,2.91539983521227
Pedro Afonso,2021-01-02,823,0,13,0,1.6428571428571428,0.0,-1.0,2.91539983521227
Pedro Afonso,2021-01-03,823,0,13,0,1.4285714285714286,0.0,-1.0,2.91539983521227
Pedro Afonso,2021-01-04,823,0,13,0,1.4285714285714286,0.0,,2.91539983521227
Pedro Afonso,2021-01-05,823,0,13,0,1.4285714285714286,0.0,,2.91539983521227
Pedro Afonso,2021-01-06,824,1,13,0,1.4285714285714286,0.0,,2.9159272116971158
Pedro Afonso,2021-01-07,824,0,13,0,0.9285714285714286,0.0,,2.9159272116971158
Pedro Afonso,2021-01-08,827,3,14,1,1.0,0.07142857142857142,inf,2.9175055095525466
Pedro Afonso,2021-01-09,829,2,14,0,1.1428571428571428,0.07142857142857142,inf,2.9185545305502734
Pedro Afonso,2021-01-10,829,0,14,0,1.1428571428571428,0.07142857142857142,inf,2.9185545305502734
Pedro Afonso,2021-01-11,829,0,14,0,0.9285714285714286,0.07142857142857142,inf,2.9185545305502734
Pedro Afonso,2021-01-12,835,6,14,0,1.3571428571428572,0.07142857142857142,inf,2.921686475483602
Pedro Afonso,2021-01-13,838,3,14,0,1.1428571428571428,0.07142857142857142,inf,2.9232440186302764
Pedro Afonso,2021-01-14,841,3,15,1,1.3571428571428572,0.14285714285714285,inf,2.924795995797912
Pedro Afonso,2021-01-15,851,10,15,0,2.0,0.14285714285714285,inf,2.929929560084588
Pedro Afonso,2021-01-16,863,12,15,0,2.857142857142857,0.14285714285714285,inf,2.9360107957152097
Pedro Afonso,2021-01-17,863,0,15,0,2.857142857142857,0.14285714285714285,inf,2.9360107957152097
Pedro Afonso,2021-01-18,863,0,15,0,2.857142857142857,0.14285714285714285,inf,2.9360107957152097
Pedro Afonso,2021-01-19,868,5,15,0,3.2142857142857144,0.14285714285714285,inf,2.938519725176492
Pedro Afonso,2021-01-20,872,4,16,1,3.4285714285714284,0.21428571428571427,inf,2.940516484932567
Peixe,2020-03-27,0,0,0,0,,,,0.0
Peixe,2020-03-28,0,0,0,0,,,,0.0
Peixe,2020-03-29,0,0,0,0,,,,0.0
Peixe,2020-03-30,0,0,0,0,,,,0.0
Peixe,2020-03-31,0,0,0,0,,,,0.0
Peixe,2020-04-01,0,0,0,0,,,,0.0
Peixe,2020-04-02,0,0,0,0,,,,0.0
Peixe,2020-04-03,0,0,0,0,,,,0.0
Peixe,2020-04-04,0,0,0,0,,,,0.0
Peixe,2020-04-05,0,0,0,0,,,,0.0
Peixe,2020-04-06,0,0,0,0,,,,0.0
Peixe,2020-04-07,0,0,0,0,,,,0.0
Peixe,2020-04-08,0,0,0,0,,,,0.0
Peixe,2020-04-09,0,0,0,0,0.0,0.0,,0.0
Peixe,2020-04-10,0,0,0,0,0.0,0.0,,0.0
Peixe,2020-04-11,0,0,0,0,0.0,0.0,,0.0
Peixe,2020-04-12,0,0,0,0,0.0,0.0,,0.0
Peixe,2020-04-13,0,0,0,0,0.0,0.0,,0.0
Peixe,2020-04-14,0,0,0,0,0.0,0.0,,0.0
Peixe,2020-04-15,0,0,0,0,0.0,0.0,,0.0
Peixe,2020-04-16,0,0,0,0,0.0,0.0,,0.0
Peixe,2020-04-17,0,0,0,0,0.0,0.0,,0.0
Peixe,2020-04-18,0,0,0,0,0.0,0.0,,0.0
Peixe,2020-04-19,0,0,0,0,0.0,0.0,,0.0
Peixe,2020-04-20,0,0,0,0,0.0,0.0,,0.0
Peixe,2020-04-21,0,0,0,0,0.0,0.0,,0.0
Peixe,2020-04-22,0,0,0,0,0.0,0.0,,0.0
Peixe,2020-04-23,0,0,0,0,0.0,0.0,,0.0
Peixe,2020-04-24,0,0,0,0,0.0,0.0,,0.0
Peixe,2020-04-25,0,0,0,0,0.0,0.0,,0.0
Peixe,2020-04-26,0,0,0,0,0.0,0.0,,0.0
Peixe,2020-04-27,0,0,0,0,0.0,0.0,,0.0
Peixe,2020-04-28,0,0,0,0,0.0,0.0,,0.0
Peixe,2020-04-29,0,0,0,0,0.0,0.0,,0.0
Peixe,2020-04-30,0,0,0,0,0.0,0.0,,0.0
Peixe,2020-05-01,0,0,0,0,0.0,0.0,,0.0
Peixe,2020-05-02,0,0,0,0,0.0,0.0,,0.0
Peixe,2020-05-03,0,0,0,0,0.0,0.0,,0.0
Peixe,2020-05-04,0,0,0,0,0.0,0.0,,0.0
Peixe,2020-05-05,0,0,0,0,0.0,0.0,,0.0
Peixe,2020-05-06,0,0,0,0,0.0,0.0,,0.0
Peixe,2020-05-07,0,0,0,0,0.0,0.0,,0.0
Peixe,2020-05-08,0,0,0,0,0.0,0.0,,0.0
Peixe,2020-05-09,0,0,0,0,0.0,0.0,,0.0
Peixe,2020-05-10,0,0,0,0,0.0,0.0,,0.0
Peixe,2020-05-11,0,0,0,0,0.0,0.0,,0.0
Peixe,2020-05-12,0,0,0,0,0.0,0.0,,0.0
Peixe,2020-05-13,0,0,0,0,0.0,0.0,,0.0
Peixe,2020-05-14,0,0,0,0,0.0,0.0,,0.0
Peixe,2020-05-15,0,0,0,0,0.0,0.0,,0.0
Peixe,2020-05-16,0,0,0,0,0.0,0.0,,0.0
Peixe,2020-05-17,0,0,0,0,0.0,0.0,,0.0
Peixe,2020-05-18,0,0,0,0,0.0,0.0,,0.0
Peixe,2020-05-19,0,0,0,0,0.0,0.0,,0.0
Peixe,2020-05-20,0,0,0,0,0.0,0.0,,0.0
Peixe,2020-05-21,0,0,0,0,0.0,0.0,,0.0
Peixe,2020-05-22,1,1,0,0,0.07142857142857142,0.0,,0.0
Peixe,2020-05-23,1,0,0,0,0.07142857142857142,0.0,,0.0
Peixe,2020-05-24,1,0,0,0,0.07142857142857142,0.0,,0.0
Peixe,2020-05-25,1,0,0,0,0.07142857142857142,0.0,,0.0
Peixe,2020-05-26,1,0,0,0,0.07142857142857142,0.0,,0.0
Peixe,2020-05-27,1,0,0,0,0.07142857142857142,0.0,,0.0
Peixe,2020-05-28,1,0,0,0,0.07142857142857142,0.0,,0.0
Peixe,2020-05-29,1,0,0,0,0.07142857142857142,0.0,,0.0
Peixe,2020-05-30,1,0,0,0,0.07142857142857142,0.0,,0.0
Peixe,2020-05-31,1,0,0,0,0.07142857142857142,0.0,,0.0
Peixe,2020-06-01,1,0,0,0,0.07142857142857142,0.0,,0.0
Peixe,2020-06-02,1,0,0,0,0.07142857142857142,0.0,,0.0
Peixe,2020-06-03,1,0,0,0,0.07142857142857142,0.0,,0.0
Peixe,2020-06-04,1,0,0,0,0.07142857142857142,0.0,,0.0
Peixe,2020-06-05,1,0,0,0,0.0,0.0,,0.0
Peixe,2020-06-06,1,0,0,0,0.0,0.0,,0.0
Peixe,2020-06-07,1,0,0,0,0.0,0.0,,0.0
Peixe,2020-06-08,1,0,0,0,0.0,0.0,,0.0
Peixe,2020-06-09,1,0,0,0,0.0,0.0,,0.0
Peixe,2020-06-10,1,0,0,0,0.0,0.0,,0.0
Peixe,2020-06-11,1,0,0,0,0.0,0.0,,0.0
Peixe,2020-06-12,1,0,0,0,0.0,0.0,,0.0
Peixe,2020-06-13,1,0,0,0,0.0,0.0,,0.0
Peixe,2020-06-14,1,0,0,0,0.0,0.0,,0.0
Peixe,2020-06-15,1,0,0,0,0.0,0.0,,0.0
Peixe,2020-06-16,1,0,0,0,0.0,0.0,,0.0
Peixe,2020-06-17,1,0,0,0,0.0,0.0,,0.0
Peixe,2020-06-18,1,0,0,0,0.0,0.0,,0.0
Peixe,2020-06-19,1,0,0,0,0.0,0.0,,0.0
Peixe,2020-06-20,1,0,0,0,0.0,0.0,,0.0
Peixe,2020-06-21,1,0,0,0,0.0,0.0,,0.0
Peixe,2020-06-22,1,0,0,0,0.0,0.0,,0.0
Peixe,2020-06-23,1,0,0,0,0.0,0.0,,0.0
Peixe,2020-06-24,1,0,1,1,0.0,0.07142857142857142,inf,0.0
Peixe,2020-06-25,2,1,0,-1,0.07142857142857142,0.0,,0.3010299956639812
Peixe,2020-06-26,2,0,0,0,0.07142857142857142,0.0,,0.3010299956639812
Peixe,2020-06-27,2,0,0,0,0.07142857142857142,0.0,,0.3010299956639812
Peixe,2020-06-28,2,0,0,0,0.07142857142857142,0.0,,0.3010299956639812
Peixe,2020-06-29,2,0,0,0,0.07142857142857142,0.0,,0.3010299956639812
Peixe,2020-06-30,2,0,0,0,0.07142857142857142,0.0,,0.3010299956639812
Peixe,2020-07-01,2,0,0,0,0.07142857142857142,0.0,,0.3010299956639812
Peixe,2020-07-02,2,0,0,0,0.07142857142857142,0.0,,0.3010299956639812
Peixe,2020-07-03,2,0,0,0,0.07142857142857142,0.0,,0.3010299956639812
Peixe,2020-07-04,3,1,0,0,0.14285714285714285,0.0,,0.47712125471966244
Peixe,2020-07-05,3,0,0,0,0.14285714285714285,0.0,,0.47712125471966244
Peixe,2020-07-06,3,0,0,0,0.14285714285714285,0.0,,0.47712125471966244
Peixe,2020-07-07,3,0,0,0,0.14285714285714285,0.0,,0.47712125471966244
Peixe,2020-07-08,3,0,0,0,0.14285714285714285,-0.07142857142857142,-2.0,0.47712125471966244
Peixe,2020-07-09,5,2,0,0,0.21428571428571427,0.0,,0.6989700043360189
Peixe,2020-07-10,5,0,0,0,0.21428571428571427,0.0,,0.6989700043360189
Peixe,2020-07-11,6,1,0,0,0.2857142857142857,0.0,,0.7781512503836436
Peixe,2020-07-12,6,0,0,0,0.2857142857142857,0.0,,0.7781512503836436
Peixe,2020-07-13,6,0,0,0,0.2857142857142857,0.0,,0.7781512503836436
Peixe,2020-07-14,7,1,0,0,0.35714285714285715,0.0,,0.8450980400142568
Peixe,2020-07-15,9,2,0,0,0.5,0.0,,0.9542425094393249
Peixe,2020-07-16,9,0,0,0,0.5,0.0,,0.9542425094393249
Peixe,2020-07-17,9,0,1,1,0.5,0.07142857142857142,inf,0.9542425094393249
Peixe,2020-07-18,10,1,1,0,0.5,0.07142857142857142,inf,1.0
Peixe,2020-07-19,10,0,1,0,0.5,0.07142857142857142,inf,1.0
Peixe,2020-07-20,10,0,1,0,0.5,0.07142857142857142,inf,1.0
Peixe,2020-07-21,10,0,1,0,0.5,0.07142857142857142,inf,1.0
Peixe,2020-07-22,10,0,1,0,0.5,0.07142857142857142,-2.0,1.0
Peixe,2020-07-23,11,1,1,0,0.42857142857142855,0.07142857142857142,inf,1.041392685158225
Peixe,2020-07-24,12,1,1,0,0.5,0.07142857142857142,inf,1.0791812460476249
Peixe,2020-07-25,12,0,1,0,0.42857142857142855,0.07142857142857142,inf,1.0791812460476249
Peixe,2020-07-26,12,0,1,0,0.42857142857142855,0.07142857142857142,inf,1.0791812460476249
Peixe,2020-07-27,13,1,1,0,0.5,0.07142857142857142,inf,1.1139433523068367
Peixe,2020-07-28,15,2,1,0,0.5714285714285714,0.07142857142857142,inf,1.1760912590556813
Peixe,2020-07-29,18,3,1,0,0.6428571428571429,0.07142857142857142,inf,1.255272505103306
Peixe,2020-07-30,20,2,1,0,0.7857142857142857,0.07142857142857142,inf,1.3010299956639813
Peixe,2020-07-31,20,0,1,0,0.7857142857142857,0.0,-1.0,1.3010299956639813
Peixe,2020-08-01,21,1,1,0,0.7857142857142857,0.0,-1.0,1.3222192947339193
Peixe,2020-08-02,26,5,1,0,1.1428571428571428,0.0,-1.0,1.414973347970818
Peixe,2020-08-03,26,0,1,0,1.1428571428571428,0.0,-1.0,1.414973347970818
Peixe,2020-08-04,28,2,2,1,1.2857142857142858,0.07142857142857142,0.0,1.4471580313422192
Peixe,2020-08-05,34,6,2,0,1.7142857142857142,0.07142857142857142,0.0,1.5314789170422551
Peixe,2020-08-06,36,2,2,0,1.7857142857142858,0.07142857142857142,0.0,1.5563025007672873
Peixe,2020-08-07,37,1,2,0,1.7857142857142858,0.07142857142857142,0.0,1.568201724066995
Peixe,2020-08-08,37,0,2,0,1.7857142857142858,0.07142857142857142,0.0,1.568201724066995
Peixe,2020-08-09,38,1,2,0,1.8571428571428572,0.07142857142857142,0.0,1.5797835966168101
Peixe,2020-08-10,39,1,2,0,1.8571428571428572,0.07142857142857142,0.0,1.591064607026499
Peixe,2020-08-11,43,4,2,0,2.0,0.07142857142857142,0.0,1.6334684555795866
Peixe,2020-08-12,41,-2,2,0,1.6428571428571428,0.07142857142857142,0.0,1.6127838567197355
Peixe,2020-08-13,41,0,2,0,1.5,0.07142857142857142,0.0,1.6127838567197355
Peixe,2020-08-14,40,-1,2,0,1.4285714285714286,0.07142857142857142,inf,1.6020599913279625
Peixe,2020-08-15,40,0,2,0,1.3571428571428572,0.07142857142857142,inf,1.6020599913279625
Peixe,2020-08-16,40,0,2,0,1.0,0.07142857142857142,inf,1.6020599913279625
Peixe,2020-08-17,41,1,2,0,1.0714285714285714,0.07142857142857142,inf,1.6127838567197355
Peixe,2020-08-18,41,0,2,0,0.9285714285714286,0.0,-1.0,1.6127838567197355
Peixe,2020-08-19,44,3,2,0,0.7142857142857143,0.0,-1.0,1.6434526764861874
Peixe,2020-08-20,46,2,2,0,0.7142857142857143,0.0,-1.0,1.662757831681574
Peixe,2020-08-21,46,0,2,0,0.6428571428571429,0.0,-1.0,1.662757831681574
Peixe,2020-08-22,46,0,2,0,0.6428571428571429,0.0,-1.0,1.662757831681574
Peixe,2020-08-23,47,1,2,0,0.6428571428571429,0.0,-1.0,1.6720978579357175
Peixe,2020-08-24,48,1,2,0,0.6428571428571429,0.0,-1.0,1.6812412373755872
Peixe,2020-08-25,48,0,2,0,0.35714285714285715,0.0,-1.0,1.6812412373755872
Peixe,2020-08-26,55,7,3,1,1.0,0.07142857142857142,0.0,1.7403626894942439
Peixe,2020-08-27,56,1,3,0,1.0714285714285714,0.07142857142857142,0.0,1.7481880270062005
Peixe,2020-08-28,57,1,3,0,1.2142857142857142,0.07142857142857142,0.0,1.7558748556724915
Peixe,2020-08-29,59,2,3,0,1.3571428571428572,0.07142857142857142,0.0,1.7708520116421442
Peixe,2020-08-30,61,2,3,0,1.5,0.07142857142857142,0.0,1.7853298350107671
Peixe,2020-08-31,62,1,3,0,1.5,0.07142857142857142,0.0,1.792391689498254
Peixe,2020-09-01,62,0,3,0,1.5,0.07142857142857142,inf,1.792391689498254
Peixe,2020-09-02,68,6,3,0,1.7142857142857142,0.07142857142857142,inf,1.8325089127062364
Peixe,2020-09-03,68,0,3,0,1.5714285714285714,0.07142857142857142,inf,1.8325089127062364
Peixe,2020-09-04,69,1,3,0,1.6428571428571428,0.07142857142857142,inf,1.8388490907372552
Peixe,2020-09-05,69,0,3,0,1.6428571428571428,0.07142857142857142,inf,1.8388490907372552
Peixe,2020-09-06,69,0,3,0,1.5714285714285714,0.07142857142857142,inf,1.8388490907372552
Peixe,2020-09-07,69,0,3,0,1.5,0.07142857142857142,inf,1.8388490907372552
Peixe,2020-09-08,69,0,3,0,1.5,0.07142857142857142,inf,1.8388490907372552
Peixe,2020-09-09,69,0,3,0,1.0,0.0,-1.0,1.8388490907372552
Peixe,2020-09-10,74,5,3,0,1.2857142857142858,0.0,-1.0,1.8692317197309762
Peixe,2020-09-11,73,-1,3,0,1.1428571428571428,0.0,-1.0,1.863322860120456
Peixe,2020-09-12,75,2,3,0,1.1428571428571428,0.0,-1.0,1.8750612633917
Peixe,2020-09-13,75,0,3,0,1.0,0.0,-1.0,1.8750612633917
Peixe,2020-09-14,75,0,3,0,0.9285714285714286,0.0,-1.0,1.8750612633917
Peixe,2020-09-15,83,8,3,0,1.5,0.0,-1.0,1.919078092376074
Peixe,2020-09-16,89,6,3,0,1.5,0.0,-1.0,1.9493900066449128
Peixe,2020-09-17,96,7,3,0,2.0,0.0,-1.0,1.9822712330395684
Peixe,2020-09-18,96,0,3,0,1.9285714285714286,0.0,-1.0,1.9822712330395684
Peixe,2020-09-19,101,5,3,0,2.2857142857142856,0.0,-1.0,2.0043213737826426
Peixe,2020-09-20,101,0,3,0,2.2857142857142856,0.0,-1.0,2.0043213737826426
Peixe,2020-09-21,101,0,3,0,2.2857142857142856,0.0,-1.0,2.0043213737826426
Peixe,2020-09-22,109,8,3,0,2.857142857142857,0.0,-1.0,2.037426497940624
Peixe,2020-09-23,114,5,3,0,3.2142857142857144,0.0,,2.0569048513364727
Peixe,2020-09-24,120,6,3,0,3.2857142857142856,0.0,,2.0791812460476247
Peixe,2020-09-25,166,46,3,0,6.642857142857143,0.0,,2.220108088040055
Peixe,2020-09-26,172,6,3,0,6.928571428571429,0.0,,2.2355284469075487
Peixe,2020-09-27,172,0,3,0,6.928571428571429,0.0,,2.2355284469075487
Peixe,2020-09-28,172,0,3,0,6.928571428571429,0.0,,2.2355284469075487
Peixe,2020-09-29,173,1,3,0,6.428571428571429,0.0,,2.2380461031287955
Peixe,2020-09-30,182,9,3,0,6.642857142857143,0.0,,2.2600713879850747
Peixe,2020-10-01,196,14,3,0,7.142857142857143,0.0,,2.292256071356476
Peixe,2020-10-02,212,16,3,0,8.285714285714286,0.0,,2.3263358609287517
Peixe,2020-10-03,212,0,3,0,7.928571428571429,0.0,,2.3263358609287517
Peixe,2020-10-04,212,0,3,0,7.928571428571429,0.0,,2.3263358609287517
Peixe,2020-10-05,212,0,3,0,7.928571428571429,0.0,,2.3263358609287517
Peixe,2020-10-06,212,0,3,0,7.357142857142857,0.0,,2.3263358609287517
Peixe,2020-10-07,214,2,3,0,7.142857142857143,0.0,,2.330413773349191
Peixe,2020-10-08,216,2,3,0,6.857142857142857,0.0,,2.3344537511509307
Peixe,2020-10-09,221,5,3,0,3.9285714285714284,0.0,,2.3443922736851106
Peixe,2020-10-10,226,5,3,0,3.857142857142857,0.0,,2.3541084391474008
Peixe,2020-10-11,227,1,3,0,3.9285714285714284,0.0,,2.3560258571931225
Peixe,2020-10-12,227,0,3,0,3.9285714285714284,0.0,,2.3560258571931225
Peixe,2020-10-13,227,0,3,0,3.857142857142857,0.0,,2.3560258571931225
Peixe,2020-10-14,231,4,3,0,3.5,0.0,,2.3636119798921444
Peixe,2020-10-15,231,0,3,0,2.5,0.0,,2.3636119798921444
Peixe,2020-10-16,239,8,3,0,1.9285714285714286,0.0,,2.3783979009481375
Peixe,2020-10-17,241,2,3,0,2.0714285714285716,0.0,,2.3820170425748683
Peixe,2020-10-18,241,0,3,0,2.0714285714285716,0.0,,2.3820170425748683
Peixe,2020-10-19,241,0,3,0,2.0714285714285716,0.0,,2.3820170425748683
Peixe,2020-10-20,243,2,3,0,2.2142857142857144,0.0,,2.385606273598312
Peixe,2020-10-21,243,0,3,0,2.0714285714285716,0.0,,2.385606273598312
Peixe,2020-10-22,248,5,3,0,2.2857142857142856,0.0,,2.3944516808262164
Peixe,2020-10-23,252,4,3,0,2.2142857142857144,0.0,,2.401400540781544
Peixe,2020-10-24,254,2,3,0,2.0,0.0,,2.404833716619938
Peixe,2020-10-25,254,0,3,0,1.9285714285714286,0.0,,2.404833716619938
Peixe,2020-10-26,254,0,3,0,1.9285714285714286,0.0,,2.404833716619938
Peixe,2020-10-27,256,2,3,0,2.0714285714285716,0.0,,2.4082399653118496
Peixe,2020-10-28,258,2,3,0,1.9285714285714286,0.0,,2.41161970596323
Peixe,2020-10-29,258,0,3,0,1.9285714285714286,0.0,,2.41161970596323
Peixe,2020-10-30,259,1,3,0,1.4285714285714286,0.0,,2.413299764081252
Peixe,2020-10-31,259,0,3,0,1.2857142857142858,0.0,,2.413299764081252
Peixe,2020-11-01,259,0,3,0,1.2857142857142858,0.0,,2.413299764081252
Peixe,2020-11-02,259,0,3,0,1.2857142857142858,0.0,,2.413299764081252
Peixe,2020-11-03,259,0,4,1,1.1428571428571428,0.07142857142857142,inf,2.413299764081252
Peixe,2020-11-04,260,1,4,0,1.2142857142857142,0.07142857142857142,inf,2.4149733479708178
Peixe,2020-11-05,261,1,4,0,0.9285714285714286,0.07142857142857142,inf,2.416640507338281
Peixe,2020-11-06,275,14,4,0,1.6428571428571428,0.07142857142857142,inf,2.439332693830263
Peixe,2020-11-07,277,2,4,0,1.6428571428571428,0.07142857142857142,inf,2.4424797690644486
Peixe,2020-11-08,277,0,5,1,1.6428571428571428,0.14285714285714285,inf,2.4424797690644486
Peixe,2020-11-09,277,0,5,0,1.6428571428571428,0.14285714285714285,inf,2.4424797690644486
Peixe,2020-11-10,277,0,5,0,1.5,0.14285714285714285,inf,2.4424797690644486
Peixe,2020-11-11,277,0,5,0,1.3571428571428572,0.14285714285714285,inf,2.4424797690644486
Peixe,2020-11-12,279,2,5,0,1.5,0.14285714285714285,inf,2.4456042032735974
Peixe,2020-11-13,279,0,5,0,1.4285714285714286,0.14285714285714285,inf,2.4456042032735974
Peixe,2020-11-14,282,3,5,0,1.6428571428571428,0.14285714285714285,inf,2.450249108319361
Peixe,2020-11-15,282,0,5,0,1.6428571428571428,0.14285714285714285,inf,2.450249108319361
Peixe,2020-11-16,282,0,5,0,1.6428571428571428,0.14285714285714285,inf,2.450249108319361
Peixe,2020-11-17,282,0,5,0,1.6428571428571428,0.07142857142857142,0.0,2.450249108319361
Peixe,2020-11-18,283,1,6,1,1.6428571428571428,0.14285714285714285,1.0,2.45178643552429
Peixe,2020-11-19,283,0,6,0,1.5714285714285714,0.14285714285714285,1.0,2.45178643552429
Peixe,2020-11-20,283,0,6,0,0.5714285714285714,0.14285714285714285,1.0,2.45178643552429
Peixe,2020-11-21,283,0,6,0,0.42857142857142855,0.14285714285714285,1.0,2.45178643552429
Peixe,2020-11-22,283,0,6,0,0.42857142857142855,0.07142857142857142,-0.5,2.45178643552429
Peixe,2020-11-23,283,0,6,0,0.42857142857142855,0.07142857142857142,-0.5,2.45178643552429
Peixe,2020-11-24,285,2,6,0,0.5714285714285714,0.07142857142857142,-0.5,2.45484486000851
Peixe,2020-11-25,286,1,6,0,0.6428571428571429,0.07142857142857142,-0.5,2.456366033129043
Peixe,2020-11-26,286,0,6,0,0.5,0.07142857142857142,-0.5,2.456366033129043
Peixe,2020-11-27,287,1,6,0,0.5714285714285714,0.07142857142857142,-0.5,2.4578818967339924
Peixe,2020-11-28,287,0,6,0,0.35714285714285715,0.07142857142857142,-0.5,2.4578818967339924
Peixe,2020-11-29,287,0,6,0,0.35714285714285715,0.07142857142857142,-0.5,2.4578818967339924
Peixe,2020-11-30,287,0,6,0,0.35714285714285715,0.07142857142857142,-0.5,2.4578818967339924
Peixe,2020-12-01,287,0,6,0,0.35714285714285715,0.07142857142857142,0.0,2.4578818967339924
Peixe,2020-12-02,287,0,6,0,0.2857142857142857,0.0,-1.0,2.4578818967339924
Peixe,2020-12-03,289,2,6,0,0.42857142857142855,0.0,-1.0,2.4608978427565478
Peixe,2020-12-04,289,0,6,0,0.42857142857142855,0.0,-1.0,2.4608978427565478
Peixe,2020-12-05,289,0,6,0,0.42857142857142855,0.0,-1.0,2.4608978427565478
Peixe,2020-12-06,289,0,6,0,0.42857142857142855,0.0,-1.0,2.4608978427565478
Peixe,2020-12-07,289,0,6,0,0.42857142857142855,0.0,-1.0,2.4608978427565478
Peixe,2020-12-08,289,0,6,0,0.2857142857142857,0.0,-1.0,2.4608978427565478
Peixe,2020-12-09,289,0,6,0,0.21428571428571427,0.0,-1.0,2.4608978427565478
Peixe,2020-12-10,289,0,6,0,0.21428571428571427,0.0,-1.0,2.4608978427565478
Peixe,2020-12-11,289,0,6,0,0.14285714285714285,0.0,-1.0,2.4608978427565478
Peixe,2020-12-12,289,0,6,0,0.14285714285714285,0.0,-1.0,2.4608978427565478
Peixe,2020-12-13,289,0,6,0,0.14285714285714285,0.0,-1.0,2.4608978427565478
Peixe,2020-12-14,289,0,6,0,0.14285714285714285,0.0,-1.0,2.4608978427565478
Peixe,2020-12-15,291,2,6,0,0.2857142857142857,0.0,-1.0,2.4638929889859074
Peixe,2020-12-16,291,0,6,0,0.2857142857142857,0.0,,2.4638929889859074
Peixe,2020-12-17,291,0,6,0,0.14285714285714285,0.0,,2.4638929889859074
Peixe,2020-12-18,291,0,6,0,0.14285714285714285,0.0,,2.4638929889859074
Peixe,2020-12-19,291,0,6,0,0.14285714285714285,0.0,,2.4638929889859074
Peixe,2020-12-20,291,0,6,0,0.14285714285714285,0.0,,2.4638929889859074
Peixe,2020-12-21,291,0,6,0,0.14285714285714285,0.0,,2.4638929889859074
Peixe,2020-12-22,291,0,6,0,0.14285714285714285,0.0,,2.4638929889859074
Peixe,2020-12-23,291,0,6,0,0.14285714285714285,0.0,,2.4638929889859074
Peixe,2020-12-24,291,0,6,0,0.14285714285714285,0.0,,2.4638929889859074
Peixe,2020-12-25,292,1,6,0,0.21428571428571427,0.0,,2.4653828514484184
Peixe,2020-12-26,292,0,6,0,0.21428571428571427,0.0,,2.4653828514484184
Peixe,2020-12-27,292,0,6,0,0.21428571428571427,0.0,,2.4653828514484184
Peixe,2020-12-28,292,0,6,0,0.21428571428571427,0.0,,2.4653828514484184
Peixe,2020-12-29,292,0,6,0,0.07142857142857142,0.0,,2.4653828514484184
Peixe,2020-12-30,292,0,6,0,0.07142857142857142,0.0,,2.4653828514484184
Peixe,2020-12-31,292,0,6,0,0.07142857142857142,0.0,,2.4653828514484184
Peixe,2021-01-01,292,0,6,0,0.07142857142857142,0.0,,2.4653828514484184
Peixe,2021-01-02,292,0,6,0,0.07142857142857142,0.0,,2.4653828514484184
Peixe,2021-01-03,292,0,6,0,0.07142857142857142,0.0,,2.4653828514484184
Peixe,2021-01-04,292,0,6,0,0.07142857142857142,0.0,,2.4653828514484184
Peixe,2021-01-05,292,0,6,0,0.07142857142857142,0.0,,2.4653828514484184
Peixe,2021-01-06,292,0,6,0,0.07142857142857142,0.0,,2.4653828514484184
Peixe,2021-01-07,292,0,6,0,0.07142857142857142,0.0,,2.4653828514484184
Peixe,2021-01-08,292,0,6,0,0.0,0.0,,2.4653828514484184
Peixe,2021-01-09,292,0,6,0,0.0,0.0,,2.4653828514484184
Peixe,2021-01-10,293,1,7,1,0.07142857142857142,0.07142857142857142,inf,2.4668676203541096
Peixe,2021-01-11,293,0,7,0,0.07142857142857142,0.07142857142857142,inf,2.4668676203541096
Peixe,2021-01-12,292,-1,7,0,0.0,0.07142857142857142,inf,2.4653828514484184
Peixe,2021-01-13,292,0,7,0,0.0,0.07142857142857142,inf,2.4653828514484184
Peixe,2021-01-14,292,0,7,0,0.0,0.07142857142857142,inf,2.4653828514484184
Peixe,2021-01-15,293,1,7,0,0.07142857142857142,0.07142857142857142,inf,2.4668676203541096
Peixe,2021-01-16,293,0,7,0,0.07142857142857142,0.07142857142857142,inf,2.4668676203541096
Peixe,2021-01-17,293,0,7,0,0.07142857142857142,0.07142857142857142,inf,2.4668676203541096
Peixe,2021-01-18,293,0,7,0,0.07142857142857142,0.07142857142857142,inf,2.4668676203541096
Peixe,2021-01-19,293,0,7,0,0.07142857142857142,0.07142857142857142,inf,2.4668676203541096
Peixe,2021-01-20,293,0,7,0,0.07142857142857142,0.07142857142857142,inf,2.4668676203541096
Pequizeiro,2020-03-27,0,0,0,0,,,,0.0
Pequizeiro,2020-03-28,0,0,0,0,,,,0.0
Pequizeiro,2020-03-29,0,0,0,0,,,,0.0
Pequizeiro,2020-03-30,0,0,0,0,,,,0.0
Pequizeiro,2020-03-31,0,0,0,0,,,,0.0
Pequizeiro,2020-04-01,0,0,0,0,,,,0.0
Pequizeiro,2020-04-02,0,0,0,0,,,,0.0
Pequizeiro,2020-04-03,0,0,0,0,,,,0.0
Pequizeiro,2020-04-04,0,0,0,0,,,,0.0
Pequizeiro,2020-04-05,0,0,0,0,,,,0.0
Pequizeiro,2020-04-06,0,0,0,0,,,,0.0
Pequizeiro,2020-04-07,0,0,0,0,,,,0.0
Pequizeiro,2020-04-08,0,0,0,0,,,,0.0
Pequizeiro,2020-04-09,0,0,0,0,0.0,0.0,,0.0
Pequizeiro,2020-04-10,0,0,0,0,0.0,0.0,,0.0
Pequizeiro,2020-04-11,0,0,0,0,0.0,0.0,,0.0
Pequizeiro,2020-04-12,0,0,0,0,0.0,0.0,,0.0
Pequizeiro,2020-04-13,0,0,0,0,0.0,0.0,,0.0
Pequizeiro,2020-04-14,0,0,0,0,0.0,0.0,,0.0
Pequizeiro,2020-04-15,0,0,0,0,0.0,0.0,,0.0
Pequizeiro,2020-04-16,0,0,0,0,0.0,0.0,,0.0
Pequizeiro,2020-04-17,0,0,0,0,0.0,0.0,,0.0
Pequizeiro,2020-04-18,0,0,0,0,0.0,0.0,,0.0
Pequizeiro,2020-04-19,0,0,0,0,0.0,0.0,,0.0
Pequizeiro,2020-04-20,0,0,0,0,0.0,0.0,,0.0
Pequizeiro,2020-04-21,0,0,0,0,0.0,0.0,,0.0
Pequizeiro,2020-04-22,0,0,0,0,0.0,0.0,,0.0
Pequizeiro,2020-04-23,0,0,0,0,0.0,0.0,,0.0
Pequizeiro,2020-04-24,0,0,0,0,0.0,0.0,,0.0
Pequizeiro,2020-04-25,0,0,0,0,0.0,0.0,,0.0
Pequizeiro,2020-04-26,0,0,0,0,0.0,0.0,,0.0
Pequizeiro,2020-04-27,0,0,0,0,0.0,0.0,,0.0
Pequizeiro,2020-04-28,0,0,0,0,0.0,0.0,,0.0
Pequizeiro,2020-04-29,0,0,0,0,0.0,0.0,,0.0
Pequizeiro,2020-04-30,0,0,0,0,0.0,0.0,,0.0
Pequizeiro,2020-05-01,0,0,0,0,0.0,0.0,,0.0
Pequizeiro,2020-05-02,0,0,0,0,0.0,0.0,,0.0
Pequizeiro,2020-05-03,0,0,0,0,0.0,0.0,,0.0
Pequizeiro,2020-05-04,0,0,0,0,0.0,0.0,,0.0
Pequizeiro,2020-05-05,0,0,0,0,0.0,0.0,,0.0
Pequizeiro,2020-05-06,0,0,0,0,0.0,0.0,,0.0
Pequizeiro,2020-05-07,0,0,0,0,0.0,0.0,,0.0
Pequizeiro,2020-05-08,0,0,0,0,0.0,0.0,,0.0
Pequizeiro,2020-05-09,0,0,0,0,0.0,0.0,,0.0
Pequizeiro,2020-05-10,0,0,0,0,0.0,0.0,,0.0
Pequizeiro,2020-05-11,0,0,0,0,0.0,0.0,,0.0
Pequizeiro,2020-05-12,0,0,0,0,0.0,0.0,,0.0
Pequizeiro,2020-05-13,0,0,0,0,0.0,0.0,,0.0
Pequizeiro,2020-05-14,0,0,0,0,0.0,0.0,,0.0
Pequizeiro,2020-05-15,0,0,0,0,0.0,0.0,,0.0
Pequizeiro,2020-05-16,0,0,0,0,0.0,0.0,,0.0
Pequizeiro,2020-05-17,0,0,0,0,0.0,0.0,,0.0
Pequizeiro,2020-05-18,0,0,0,0,0.0,0.0,,0.0
Pequizeiro,2020-05-19,0,0,0,0,0.0,0.0,,0.0
Pequizeiro,2020-05-20,0,0,0,0,0.0,0.0,,0.0
Pequizeiro,2020-05-21,1,1,0,0,0.07142857142857142,0.0,,0.0
Pequizeiro,2020-05-22,1,0,0,0,0.07142857142857142,0.0,,0.0
Pequizeiro,2020-05-23,2,1,0,0,0.14285714285714285,0.0,,0.3010299956639812
Pequizeiro,2020-05-24,2,0,0,0,0.14285714285714285,0.0,,0.3010299956639812
Pequizeiro,2020-05-25,2,0,0,0,0.14285714285714285,0.0,,0.3010299956639812
Pequizeiro,2020-05-26,3,1,0,0,0.21428571428571427,0.0,,0.47712125471966244
Pequizeiro,2020-05-27,3,0,0,0,0.21428571428571427,0.0,,0.47712125471966244
Pequizeiro,2020-05-28,3,0,0,0,0.21428571428571427,0.0,,0.47712125471966244
Pequizeiro,2020-05-29,3,0,0,0,0.21428571428571427,0.0,,0.47712125471966244
Pequizeiro,2020-05-30,3,0,0,0,0.21428571428571427,0.0,,0.47712125471966244
Pequizeiro,2020-05-31,3,0,0,0,0.21428571428571427,0.0,,0.47712125471966244
Pequizeiro,2020-06-01,3,0,0,0,0.21428571428571427,0.0,,0.47712125471966244
Pequizeiro,2020-06-02,4,1,0,0,0.2857142857142857,0.0,,0.6020599913279624
Pequizeiro,2020-06-03,4,0,0,0,0.2857142857142857,0.0,,0.6020599913279624
Pequizeiro,2020-06-04,4,0,1,1,0.21428571428571427,0.07142857142857142,inf,0.6020599913279624
Pequizeiro,2020-06-05,4,0,1,0,0.21428571428571427,0.07142857142857142,inf,0.6020599913279624
Pequizeiro,2020-06-06,4,0,1,0,0.14285714285714285,0.07142857142857142,inf,0.6020599913279624
Pequizeiro,2020-06-07,4,0,1,0,0.14285714285714285,0.07142857142857142,inf,0.6020599913279624
Pequizeiro,2020-06-08,4,0,1,0,0.14285714285714285,0.07142857142857142,inf,0.6020599913279624
Pequizeiro,2020-06-09,4,0,1,0,0.07142857142857142,0.07142857142857142,inf,0.6020599913279624
Pequizeiro,2020-06-10,4,0,1,0,0.07142857142857142,0.07142857142857142,inf,0.6020599913279624
Pequizeiro,2020-06-11,4,0,1,0,0.07142857142857142,0.07142857142857142,inf,0.6020599913279624
Pequizeiro,2020-06-12,4,0,1,0,0.07142857142857142,0.07142857142857142,inf,0.6020599913279624
Pequizeiro,2020-06-13,4,0,1,0,0.07142857142857142,0.07142857142857142,inf,0.6020599913279624
Pequizeiro,2020-06-14,4,0,1,0,0.07142857142857142,0.07142857142857142,inf,0.6020599913279624
Pequizeiro,2020-06-15,4,0,1,0,0.07142857142857142,0.07142857142857142,inf,0.6020599913279624
Pequizeiro,2020-06-16,4,0,1,0,0.0,0.07142857142857142,inf,0.6020599913279624
Pequizeiro,2020-06-17,7,3,1,0,0.21428571428571427,0.07142857142857142,inf,0.8450980400142568
Pequizeiro,2020-06-18,8,1,1,0,0.2857142857142857,0.0,-1.0,0.9030899869919435
Pequizeiro,2020-06-19,9,1,1,0,0.35714285714285715,0.0,-1.0,0.9542425094393249
Pequizeiro,2020-06-20,9,0,1,0,0.35714285714285715,0.0,-1.0,0.9542425094393249
Pequizeiro,2020-06-21,9,0,1,0,0.35714285714285715,0.0,-1.0,0.9542425094393249
Pequizeiro,2020-06-22,9,0,1,0,0.35714285714285715,0.0,-1.0,0.9542425094393249
Pequizeiro,2020-06-23,9,0,1,0,0.35714285714285715,0.0,-1.0,0.9542425094393249
Pequizeiro,2020-06-24,9,0,0,-1,0.35714285714285715,-0.07142857142857142,-2.0,0.9542425094393249
Pequizeiro,2020-06-25,10,1,1,1,0.42857142857142855,0.0,-1.0,1.0
Pequizeiro,2020-06-26,10,0,1,0,0.42857142857142855,0.0,-1.0,1.0
Pequizeiro,2020-06-27,10,0,1,0,0.42857142857142855,0.0,-1.0,1.0
Pequizeiro,2020-06-28,13,3,1,0,0.6428571428571429,0.0,-1.0,1.1139433523068367
Pequizeiro,2020-06-29,13,0,1,0,0.6428571428571429,0.0,-1.0,1.1139433523068367
Pequizeiro,2020-06-30,13,0,1,0,0.6428571428571429,0.0,-1.0,1.1139433523068367
Pequizeiro,2020-07-01,14,1,1,0,0.5,0.0,-1.0,1.146128035678238
Pequizeiro,2020-07-02,14,0,1,0,0.42857142857142855,0.0,,1.146128035678238
Pequizeiro,2020-07-03,15,1,1,0,0.42857142857142855,0.0,,1.1760912590556813
Pequizeiro,2020-07-04,14,-1,1,0,0.35714285714285715,0.0,,1.146128035678238
Pequizeiro,2020-07-05,14,0,1,0,0.35714285714285715,0.0,,1.146128035678238
Pequizeiro,2020-07-06,14,0,1,0,0.35714285714285715,0.0,,1.146128035678238
Pequizeiro,2020-07-07,15,1,1,0,0.42857142857142855,0.0,,1.1760912590556813
Pequizeiro,2020-07-08,15,0,1,0,0.42857142857142855,0.07142857142857142,-2.0,1.1760912590556813
Pequizeiro,2020-07-09,17,2,1,0,0.5,0.0,,1.2304489213782739
Pequizeiro,2020-07-10,19,2,1,0,0.6428571428571429,0.0,,1.2787536009528289
Pequizeiro,2020-07-11,19,0,1,0,0.6428571428571429,0.0,,1.2787536009528289
Pequizeiro,2020-07-12,19,0,1,0,0.42857142857142855,0.0,,1.2787536009528289
Pequizeiro,2020-07-13,18,-1,1,0,0.35714285714285715,0.0,,1.255272505103306
Pequizeiro,2020-07-14,19,1,1,0,0.42857142857142855,0.0,,1.2787536009528289
Pequizeiro,2020-07-15,19,0,1,0,0.35714285714285715,0.0,,1.2787536009528289
Pequizeiro,2020-07-16,19,0,1,0,0.35714285714285715,0.0,,1.2787536009528289
Pequizeiro,2020-07-17,19,0,1,0,0.2857142857142857,0.0,,1.2787536009528289
Pequizeiro,2020-07-18,19,0,1,0,0.35714285714285715,0.0,,1.2787536009528289
Pequizeiro,2020-07-19,22,3,1,0,0.5714285714285714,0.0,,1.3424226808222062
Pequizeiro,2020-07-20,22,0,1,0,0.5714285714285714,0.0,,1.3424226808222062
Pequizeiro,2020-07-21,22,0,1,0,0.5,0.0,,1.3424226808222062
Pequizeiro,2020-07-22,22,0,1,0,0.5,0.0,-1.0,1.3424226808222062
Pequizeiro,2020-07-23,25,3,1,0,0.5714285714285714,0.0,,1.3979400086720377
Pequizeiro,2020-07-24,25,0,1,0,0.42857142857142855,0.0,,1.3979400086720377
Pequizeiro,2020-07-25,25,0,1,0,0.42857142857142855,0.0,,1.3979400086720377
Pequizeiro,2020-07-26,25,0,1,0,0.42857142857142855,0.0,,1.3979400086720377
Pequizeiro,2020-07-27,26,1,1,0,0.5714285714285714,0.0,,1.414973347970818
Pequizeiro,2020-07-28,26,0,1,0,0.5,0.0,,1.414973347970818
Pequizeiro,2020-07-29,26,0,2,1,0.5,0.07142857142857142,inf,1.414973347970818
Pequizeiro,2020-07-30,26,0,2,0,0.5,0.07142857142857142,inf,1.414973347970818
Pequizeiro,2020-07-31,26,0,2,0,0.5,0.07142857142857142,inf,1.414973347970818
Pequizeiro,2020-08-01,26,0,2,0,0.5,0.07142857142857142,inf,1.414973347970818
Pequizeiro,2020-08-02,26,0,2,0,0.2857142857142857,0.07142857142857142,inf,1.414973347970818
Pequizeiro,2020-08-03,26,0,2,0,0.2857142857142857,0.07142857142857142,inf,1.414973347970818
Pequizeiro,2020-08-04,27,1,2,0,0.35714285714285715,0.07142857142857142,inf,1.4313637641589874
Pequizeiro,2020-08-05,28,1,2,0,0.42857142857142855,0.07142857142857142,inf,1.4471580313422192
Pequizeiro,2020-08-06,28,0,2,0,0.21428571428571427,0.07142857142857142,inf,1.4471580313422192
Pequizeiro,2020-08-07,28,0,2,0,0.21428571428571427,0.07142857142857142,inf,1.4471580313422192
Pequizeiro,2020-08-08,29,1,2,0,0.2857142857142857,0.07142857142857142,inf,1.462397997898956
Pequizeiro,2020-08-09,29,0,2,0,0.2857142857142857,0.07142857142857142,inf,1.462397997898956
Pequizeiro,2020-08-10,29,0,2,0,0.21428571428571427,0.07142857142857142,inf,1.462397997898956
Pequizeiro,2020-08-11,30,1,2,0,0.2857142857142857,0.07142857142857142,inf,1.4771212547196624
Pequizeiro,2020-08-12,31,1,2,0,0.35714285714285715,0.0,-1.0,1.4913616938342726
Pequizeiro,2020-08-13,34,3,2,0,0.5714285714285714,0.0,-1.0,1.5314789170422551
Pequizeiro,2020-08-14,35,1,2,0,0.6428571428571429,0.0,-1.0,1.5440680443502757
Pequizeiro,2020-08-15,35,0,2,0,0.6428571428571429,0.0,-1.0,1.5440680443502757
Pequizeiro,2020-08-16,36,1,2,0,0.7142857142857143,0.0,-1.0,1.5563025007672873
Pequizeiro,2020-08-17,44,8,2,0,1.2857142857142858,0.0,-1.0,1.6434526764861874
Pequizeiro,2020-08-18,45,1,2,0,1.2857142857142858,0.0,-1.0,1.6532125137753437
Pequizeiro,2020-08-19,49,4,2,0,1.5,0.0,-1.0,1.6901960800285136
Pequizeiro,2020-08-20,53,4,2,0,1.7857142857142858,0.0,-1.0,1.7242758696007892
Pequizeiro,2020-08-21,55,2,2,0,1.9285714285714286,0.0,-1.0,1.7403626894942439
Pequizeiro,2020-08-22,62,7,2,0,2.357142857142857,0.0,-1.0,1.792391689498254
Pequizeiro,2020-08-23,74,12,2,0,3.2142857142857144,0.0,-1.0,1.8692317197309762
Pequizeiro,2020-08-24,75,1,2,0,3.2857142857142856,0.0,-1.0,1.8750612633917
Pequizeiro,2020-08-25,90,15,2,0,4.285714285714286,0.0,-1.0,1.9542425094393248
Pequizeiro,2020-08-26,94,4,2,0,4.5,0.0,,1.9731278535996986
Pequizeiro,2020-08-27,99,5,2,0,4.642857142857143,0.0,,1.99563519459755
Pequizeiro,2020-08-28,101,2,3,1,4.714285714285714,0.07142857142857142,inf,2.0043213737826426
Pequizeiro,2020-08-29,104,3,3,0,4.928571428571429,0.07142857142857142,inf,2.0170333392987803
Pequizeiro,2020-08-30,109,5,3,0,5.214285714285714,0.07142857142857142,inf,2.037426497940624
Pequizeiro,2020-08-31,121,12,3,0,5.5,0.07142857142857142,inf,2.08278537031645
Pequizeiro,2020-09-01,128,7,3,0,5.928571428571429,0.07142857142857142,inf,2.1072099696478683
Pequizeiro,2020-09-02,131,3,3,0,5.857142857142857,0.07142857142857142,inf,2.1172712956557644
Pequizeiro,2020-09-03,133,2,3,0,5.714285714285714,0.07142857142857142,inf,2.123851640967086
Pequizeiro,2020-09-04,136,3,3,0,5.785714285714286,0.07142857142857142,inf,2.1335389083702174
Pequizeiro,2020-09-05,137,1,3,0,5.357142857142857,0.07142857142857142,inf,2.1367205671564067
Pequizeiro,2020-09-06,148,11,3,0,5.285714285714286,0.07142857142857142,inf,2.1702617153949575
Pequizeiro,2020-09-07,152,4,3,0,5.5,0.07142857142857142,inf,2.1818435879447726
Pequizeiro,2020-09-08,154,2,3,0,4.571428571428571,0.07142857142857142,inf,2.187520720836463
Pequizeiro,2020-09-09,161,7,3,0,4.785714285714286,0.07142857142857142,inf,2.2068258760318495
Pequizeiro,2020-09-10,161,0,3,0,4.428571428571429,0.07142857142857142,inf,2.2068258760318495
Pequizeiro,2020-09-11,161,0,3,0,4.285714285714286,0.0,-1.0,2.2068258760318495
Pequizeiro,2020-09-12,163,2,4,1,4.214285714285714,0.07142857142857142,0.0,2.2121876044039577
Pequizeiro,2020-09-13,164,1,4,0,3.9285714285714284,0.07142857142857142,0.0,2.214843848047698
Pequizeiro,2020-09-14,164,0,4,0,3.0714285714285716,0.07142857142857142,0.0,2.214843848047698
Pequizeiro,2020-09-15,166,2,4,0,2.7142857142857144,0.07142857142857142,0.0,2.220108088040055
Pequizeiro,2020-09-16,167,1,5,1,2.5714285714285716,0.14285714285714285,1.0,2.2227164711475833
Pequizeiro,2020-09-17,168,1,5,0,2.5,0.14285714285714285,1.0,2.225309281725863
Pequizeiro,2020-09-18,169,1,5,0,2.357142857142857,0.14285714285714285,1.0,2.2278867046136734
Pequizeiro,2020-09-19,170,1,5,0,2.357142857142857,0.14285714285714285,1.0,2.230448921378274
Pequizeiro,2020-09-20,170,0,5,0,1.5714285714285714,0.14285714285714285,1.0,2.230448921378274
Pequizeiro,2020-09-21,170,0,5,0,1.2857142857142858,0.14285714285714285,1.0,2.230448921378274
Pequizeiro,2020-09-22,171,1,5,0,1.2142857142857142,0.14285714285714285,1.0,2.2329961103921536
Pequizeiro,2020-09-23,171,0,5,0,0.7142857142857143,0.14285714285714285,1.0,2.2329961103921536
Pequizeiro,2020-09-24,173,2,5,0,0.8571428571428571,0.14285714285714285,1.0,2.2380461031287955
Pequizeiro,2020-09-25,173,0,5,0,0.8571428571428571,0.14285714285714285,inf,2.2380461031287955
Pequizeiro,2020-09-26,173,0,5,0,0.7142857142857143,0.07142857142857142,0.0,2.2380461031287955
Pequizeiro,2020-09-27,173,0,5,0,0.6428571428571429,0.07142857142857142,0.0,2.2380461031287955
Pequizeiro,2020-09-28,173,0,5,0,0.6428571428571429,0.07142857142857142,0.0,2.2380461031287955
Pequizeiro,2020-09-29,174,1,5,0,0.5714285714285714,0.07142857142857142,0.0,2.2405492482825995
Pequizeiro,2020-09-30,177,3,5,0,0.7142857142857143,0.0,-1.0,2.2479732663618064
Pequizeiro,2020-10-01,178,1,5,0,0.7142857142857143,0.0,-1.0,2.250420002308894
Pequizeiro,2020-10-02,178,0,5,0,0.6428571428571429,0.0,-1.0,2.250420002308894
Pequizeiro,2020-10-03,178,0,5,0,0.5714285714285714,0.0,-1.0,2.250420002308894
Pequizeiro,2020-10-04,178,0,5,0,0.5714285714285714,0.0,-1.0,2.250420002308894
Pequizeiro,2020-10-05,178,0,5,0,0.5714285714285714,0.0,-1.0,2.250420002308894
Pequizeiro,2020-10-06,178,0,5,0,0.5,0.0,-1.0,2.250420002308894
Pequizeiro,2020-10-07,178,0,5,0,0.5,0.0,-1.0,2.250420002308894
Pequizeiro,2020-10-08,178,0,5,0,0.35714285714285715,0.0,-1.0,2.250420002308894
Pequizeiro,2020-10-09,178,0,5,0,0.35714285714285715,0.0,-1.0,2.250420002308894
Pequizeiro,2020-10-10,180,2,5,0,0.5,0.0,-1.0,2.255272505103306
Pequizeiro,2020-10-11,180,0,5,0,0.5,0.0,-1.0,2.255272505103306
Pequizeiro,2020-10-12,180,0,5,0,0.5,0.0,-1.0,2.255272505103306
Pequizeiro,2020-10-13,180,0,5,0,0.42857142857142855,0.0,-1.0,2.255272505103306
Pequizeiro,2020-10-14,180,0,5,0,0.21428571428571427,0.0,,2.255272505103306
Pequizeiro,2020-10-15,180,0,5,0,0.14285714285714285,0.0,,2.255272505103306
Pequizeiro,2020-10-16,180,0,5,0,0.14285714285714285,0.0,,2.255272505103306
Pequizeiro,2020-10-17,182,2,5,0,0.2857142857142857,0.0,,2.2600713879850747
Pequizeiro,2020-10-18,182,0,5,0,0.2857142857142857,0.0,,2.2600713879850747
Pequizeiro,2020-10-19,185,3,5,0,0.5,0.0,,2.2671717284030137
Pequizeiro,2020-10-20,185,0,5,0,0.5,0.0,,2.2671717284030137
Pequizeiro,2020-10-21,185,0,5,0,0.5,0.0,,2.2671717284030137
Pequizeiro,2020-10-22,185,0,5,0,0.5,0.0,,2.2671717284030137
Pequizeiro,2020-10-23,185,0,5,0,0.5,0.0,,2.2671717284030137
Pequizeiro,2020-10-24,185,0,5,0,0.35714285714285715,0.0,,2.2671717284030137
Pequizeiro,2020-10-25,185,0,5,0,0.35714285714285715,0.0,,2.2671717284030137
Pequizeiro,2020-10-26,185,0,5,0,0.35714285714285715,0.0,,2.2671717284030137
Pequizeiro,2020-10-27,185,0,5,0,0.35714285714285715,0.0,,2.2671717284030137
Pequizeiro,2020-10-28,185,0,5,0,0.35714285714285715,0.0,,2.2671717284030137
Pequizeiro,2020-10-29,185,0,5,0,0.35714285714285715,0.0,,2.2671717284030137
Pequizeiro,2020-10-30,185,0,5,0,0.35714285714285715,0.0,,2.2671717284030137
Pequizeiro,2020-10-31,185,0,5,0,0.21428571428571427,0.0,,2.2671717284030137
Pequizeiro,2020-11-01,185,0,5,0,0.21428571428571427,0.0,,2.2671717284030137
Pequizeiro,2020-11-02,185,0,5,0,0.0,0.0,,2.2671717284030137
Pequizeiro,2020-11-03,185,0,5,0,0.0,0.0,,2.2671717284030137
Pequizeiro,2020-11-04,187,2,5,0,0.14285714285714285,0.0,,2.271841606536499
Pequizeiro,2020-11-05,187,0,5,0,0.14285714285714285,0.0,,2.271841606536499
Pequizeiro,2020-11-06,187,0,5,0,0.14285714285714285,0.0,,2.271841606536499
Pequizeiro,2020-11-07,187,0,5,0,0.14285714285714285,0.0,,2.271841606536499
Pequizeiro,2020-11-08,187,0,5,0,0.14285714285714285,0.0,,2.271841606536499
Pequizeiro,2020-11-09,187,0,5,0,0.14285714285714285,0.0,,2.271841606536499
Pequizeiro,2020-11-10,187,0,5,0,0.14285714285714285,0.0,,2.271841606536499
Pequizeiro,2020-11-11,188,1,5,0,0.21428571428571427,0.0,,2.27415784926368
Pequizeiro,2020-11-12,188,0,5,0,0.21428571428571427,0.0,,2.27415784926368
Pequizeiro,2020-11-13,189,1,5,0,0.2857142857142857,0.0,,2.2764618041732443
Pequizeiro,2020-11-14,189,0,5,0,0.2857142857142857,0.0,,2.2764618041732443
Pequizeiro,2020-11-15,189,0,5,0,0.2857142857142857,0.0,,2.2764618041732443
Pequizeiro,2020-11-16,189,0,5,0,0.2857142857142857,0.0,,2.2764618041732443
Pequizeiro,2020-11-17,189,0,5,0,0.2857142857142857,0.0,,2.2764618041732443
Pequizeiro,2020-11-18,189,0,5,0,0.14285714285714285,0.0,,2.2764618041732443
Pequizeiro,2020-11-19,189,0,5,0,0.14285714285714285,0.0,,2.2764618041732443
Pequizeiro,2020-11-20,191,2,5,0,0.2857142857142857,0.0,,2.2810333672477277
Pequizeiro,2020-11-21,191,0,5,0,0.2857142857142857,0.0,,2.2810333672477277
Pequizeiro,2020-11-22,191,0,5,0,0.2857142857142857,0.0,,2.2810333672477277
Pequizeiro,2020-11-23,191,0,5,0,0.2857142857142857,0.0,,2.2810333672477277
Pequizeiro,2020-11-24,191,0,5,0,0.2857142857142857,0.0,,2.2810333672477277
Pequizeiro,2020-11-25,191,0,5,0,0.21428571428571427,0.0,,2.2810333672477277
Pequizeiro,2020-11-26,191,0,5,0,0.21428571428571427,0.0,,2.2810333672477277
Pequizeiro,2020-11-27,191,0,5,0,0.14285714285714285,0.0,,2.2810333672477277
Pequizeiro,2020-11-28,191,0,5,0,0.14285714285714285,0.0,,2.2810333672477277
Pequizeiro,2020-11-29,191,0,5,0,0.14285714285714285,0.0,,2.2810333672477277
Pequizeiro,2020-11-30,192,1,5,0,0.21428571428571427,0.0,,2.2833012287035497
Pequizeiro,2020-12-01,193,1,5,0,0.2857142857142857,0.0,,2.285557309007774
Pequizeiro,2020-12-02,193,0,5,0,0.2857142857142857,0.0,,2.285557309007774
Pequizeiro,2020-12-03,193,0,5,0,0.2857142857142857,0.0,,2.285557309007774
Pequizeiro,2020-12-04,193,0,5,0,0.14285714285714285,0.0,,2.285557309007774
Pequizeiro,2020-12-05,194,1,5,0,0.21428571428571427,0.0,,2.287801729930226
Pequizeiro,2020-12-06,194,0,5,0,0.21428571428571427,0.0,,2.287801729930226
Pequizeiro,2020-12-07,194,0,5,0,0.21428571428571427,0.0,,2.287801729930226
Pequizeiro,2020-12-08,195,1,5,0,0.2857142857142857,0.0,,2.290034611362518
Pequizeiro,2020-12-09,196,1,5,0,0.35714285714285715,0.0,,2.292256071356476
Pequizeiro,2020-12-10,196,0,5,0,0.35714285714285715,0.0,,2.292256071356476
Pequizeiro,2020-12-11,196,0,6,1,0.35714285714285715,0.07142857142857142,inf,2.292256071356476
Pequizeiro,2020-12-12,196,0,6,0,0.35714285714285715,0.07142857142857142,inf,2.292256071356476
Pequizeiro,2020-12-13,196,0,6,0,0.35714285714285715,0.07142857142857142,inf,2.292256071356476
Pequizeiro,2020-12-14,196,0,6,0,0.2857142857142857,0.07142857142857142,inf,2.292256071356476
Pequizeiro,2020-12-15,196,0,6,0,0.21428571428571427,0.07142857142857142,inf,2.292256071356476
Pequizeiro,2020-12-16,196,0,6,0,0.21428571428571427,0.07142857142857142,inf,2.292256071356476
Pequizeiro,2020-12-17,202,6,6,0,0.6428571428571429,0.07142857142857142,inf,2.305351369446624
Pequizeiro,2020-12-18,202,0,6,0,0.6428571428571429,0.07142857142857142,inf,2.305351369446624
Pequizeiro,2020-12-19,201,-1,6,0,0.5,0.07142857142857142,inf,2.303196057420489
Pequizeiro,2020-12-20,201,0,6,0,0.5,0.07142857142857142,inf,2.303196057420489
Pequizeiro,2020-12-21,201,0,6,0,0.5,0.07142857142857142,inf,2.303196057420489
Pequizeiro,2020-12-22,209,8,6,0,1.0,0.07142857142857142,inf,2.320146286111054
Pequizeiro,2020-12-23,209,0,6,0,0.9285714285714286,0.07142857142857142,inf,2.320146286111054
Pequizeiro,2020-12-24,209,0,6,0,0.9285714285714286,0.07142857142857142,inf,2.320146286111054
Pequizeiro,2020-12-25,209,0,6,0,0.9285714285714286,0.0,-1.0,2.320146286111054
Pequizeiro,2020-12-26,209,0,6,0,0.9285714285714286,0.0,-1.0,2.320146286111054
Pequizeiro,2020-12-27,209,0,6,0,0.9285714285714286,0.0,-1.0,2.320146286111054
Pequizeiro,2020-12-28,210,1,6,0,1.0,0.0,-1.0,2.322219294733919
Pequizeiro,2020-12-29,214,4,6,0,1.2857142857142858,0.0,-1.0,2.330413773349191
Pequizeiro,2020-12-30,219,5,6,0,1.6428571428571428,0.0,-1.0,2.3404441148401185
Pequizeiro,2020-12-31,221,2,7,1,1.3571428571428572,0.07142857142857142,0.0,2.3443922736851106
Pequizeiro,2021-01-01,221,0,7,0,1.3571428571428572,0.07142857142857142,0.0,2.3443922736851106
Pequizeiro,2021-01-02,221,0,7,0,1.4285714285714286,0.07142857142857142,0.0,2.3443922736851106
Pequizeiro,2021-01-03,221,0,7,0,1.4285714285714286,0.07142857142857142,0.0,2.3443922736851106
Pequizeiro,2021-01-04,221,0,7,0,1.4285714285714286,0.07142857142857142,0.0,2.3443922736851106
Pequizeiro,2021-01-05,224,3,7,0,1.0714285714285714,0.07142857142857142,0.0,2.3502480183341627
Pequizeiro,2021-01-06,224,0,7,0,1.0714285714285714,0.07142857142857142,0.0,2.3502480183341627
Pequizeiro,2021-01-07,224,0,7,0,1.0714285714285714,0.07142857142857142,0.0,2.3502480183341627
Pequizeiro,2021-01-08,230,6,7,0,1.5,0.07142857142857142,inf,2.361727836017593
Pequizeiro,2021-01-09,236,6,7,0,1.9285714285714286,0.07142857142857142,inf,2.3729120029701067
Pequizeiro,2021-01-10,236,0,7,0,1.9285714285714286,0.07142857142857142,inf,2.3729120029701067
Pequizeiro,2021-01-11,236,0,7,0,1.8571428571428572,0.07142857142857142,inf,2.3729120029701067
Pequizeiro,2021-01-12,246,10,7,0,2.2857142857142856,0.07142857142857142,inf,2.3909351071033793
Pequizeiro,2021-01-13,246,0,7,0,1.9285714285714286,0.07142857142857142,inf,2.3909351071033793
Pequizeiro,2021-01-14,262,16,7,0,2.9285714285714284,0.0,-1.0,2.4183012913197452
Pequizeiro,2021-01-15,263,1,7,0,3.0,0.0,-1.0,2.419955748489758
Pequizeiro,2021-01-16,278,15,7,0,4.071428571428571,0.0,-1.0,2.444044795918076
Pequizeiro,2021-01-17,278,0,7,0,4.071428571428571,0.0,-1.0,2.444044795918076
Pequizeiro,2021-01-18,279,1,7,0,4.142857142857143,0.0,-1.0,2.4456042032735974
Pequizeiro,2021-01-19,286,7,7,0,4.428571428571429,0.0,-1.0,2.456366033129043
Pequizeiro,2021-01-20,287,1,7,0,4.5,0.0,-1.0,2.4578818967339924
Pindorama do Tocantins,2020-03-27,0,0,0,0,,,,0.0
Pindorama do Tocantins,2020-03-28,0,0,0,0,,,,0.0
Pindorama do Tocantins,2020-03-29,0,0,0,0,,,,0.0
Pindorama do Tocantins,2020-03-30,0,0,0,0,,,,0.0
Pindorama do Tocantins,2020-03-31,0,0,0,0,,,,0.0
Pindorama do Tocantins,2020-04-01,0,0,0,0,,,,0.0
Pindorama do Tocantins,2020-04-02,0,0,0,0,,,,0.0
Pindorama do Tocantins,2020-04-03,0,0,0,0,,,,0.0
Pindorama do Tocantins,2020-04-04,0,0,0,0,,,,0.0
Pindorama do Tocantins,2020-04-05,0,0,0,0,,,,0.0
Pindorama do Tocantins,2020-04-06,0,0,0,0,,,,0.0
Pindorama do Tocantins,2020-04-07,0,0,0,0,,,,0.0
Pindorama do Tocantins,2020-04-08,0,0,0,0,,,,0.0
Pindorama do Tocantins,2020-04-09,0,0,0,0,0.0,0.0,,0.0
Pindorama do Tocantins,2020-04-10,0,0,0,0,0.0,0.0,,0.0
Pindorama do Tocantins,2020-04-11,0,0,0,0,0.0,0.0,,0.0
Pindorama do Tocantins,2020-04-12,0,0,0,0,0.0,0.0,,0.0
Pindorama do Tocantins,2020-04-13,0,0,0,0,0.0,0.0,,0.0
Pindorama do Tocantins,2020-04-14,0,0,0,0,0.0,0.0,,0.0
Pindorama do Tocantins,2020-04-15,0,0,0,0,0.0,0.0,,0.0
Pindorama do Tocantins,2020-04-16,0,0,0,0,0.0,0.0,,0.0
Pindorama do Tocantins,2020-04-17,0,0,0,0,0.0,0.0,,0.0
Pindorama do Tocantins,2020-04-18,0,0,0,0,0.0,0.0,,0.0
Pindorama do Tocantins,2020-04-19,0,0,0,0,0.0,0.0,,0.0
Pindorama do Tocantins,2020-04-20,0,0,0,0,0.0,0.0,,0.0
Pindorama do Tocantins,2020-04-21,0,0,0,0,0.0,0.0,,0.0
Pindorama do Tocantins,2020-04-22,0,0,0,0,0.0,0.0,,0.0
Pindorama do Tocantins,2020-04-23,0,0,0,0,0.0,0.0,,0.0
Pindorama do Tocantins,2020-04-24,0,0,0,0,0.0,0.0,,0.0
Pindorama do Tocantins,2020-04-25,0,0,0,0,0.0,0.0,,0.0
Pindorama do Tocantins,2020-04-26,0,0,0,0,0.0,0.0,,0.0
Pindorama do Tocantins,2020-04-27,0,0,0,0,0.0,0.0,,0.0
Pindorama do Tocantins,2020-04-28,0,0,0,0,0.0,0.0,,0.0
Pindorama do Tocantins,2020-04-29,0,0,0,0,0.0,0.0,,0.0
Pindorama do Tocantins,2020-04-30,0,0,0,0,0.0,0.0,,0.0
Pindorama do Tocantins,2020-05-01,0,0,0,0,0.0,0.0,,0.0
Pindorama do Tocantins,2020-05-02,0,0,0,0,0.0,0.0,,0.0
Pindorama do Tocantins,2020-05-03,0,0,0,0,0.0,0.0,,0.0
Pindorama do Tocantins,2020-05-04,0,0,0,0,0.0,0.0,,0.0
Pindorama do Tocantins,2020-05-05,0,0,0,0,0.0,0.0,,0.0
Pindorama do Tocantins,2020-05-06,0,0,0,0,0.0,0.0,,0.0
Pindorama do Tocantins,2020-05-07,0,0,0,0,0.0,0.0,,0.0
Pindorama do Tocantins,2020-05-08,0,0,0,0,0.0,0.0,,0.0
Pindorama do Tocantins,2020-05-09,0,0,0,0,0.0,0.0,,0.0
Pindorama do Tocantins,2020-05-10,0,0,0,0,0.0,0.0,,0.0
Pindorama do Tocantins,2020-05-11,0,0,0,0,0.0,0.0,,0.0
Pindorama do Tocantins,2020-05-12,0,0,0,0,0.0,0.0,,0.0
Pindorama do Tocantins,2020-05-13,0,0,0,0,0.0,0.0,,0.0
Pindorama do Tocantins,2020-05-14,0,0,0,0,0.0,0.0,,0.0
Pindorama do Tocantins,2020-05-15,0,0,0,0,0.0,0.0,,0.0
Pindorama do Tocantins,2020-05-16,0,0,0,0,0.0,0.0,,0.0
Pindorama do Tocantins,2020-05-17,0,0,0,0,0.0,0.0,,0.0
Pindorama do Tocantins,2020-05-18,0,0,0,0,0.0,0.0,,0.0
Pindorama do Tocantins,2020-05-19,0,0,0,0,0.0,0.0,,0.0
Pindorama do Tocantins,2020-05-20,0,0,0,0,0.0,0.0,,0.0
Pindorama do Tocantins,2020-05-21,0,0,0,0,0.0,0.0,,0.0
Pindorama do Tocantins,2020-05-22,0,0,0,0,0.0,0.0,,0.0
Pindorama do Tocantins,2020-05-23,0,0,0,0,0.0,0.0,,0.0
Pindorama do Tocantins,2020-05-24,0,0,0,0,0.0,0.0,,0.0
Pindorama do Tocantins,2020-05-25,0,0,0,0,0.0,0.0,,0.0
Pindorama do Tocantins,2020-05-26,0,0,0,0,0.0,0.0,,0.0
Pindorama do Tocantins,2020-05-27,0,0,0,0,0.0,0.0,,0.0
Pindorama do Tocantins,2020-05-28,0,0,0,0,0.0,0.0,,0.0
Pindorama do Tocantins,2020-05-29,1,1,0,0,0.07142857142857142,0.0,,0.0
Pindorama do Tocantins,2020-05-30,1,0,0,0,0.07142857142857142,0.0,,0.0
Pindorama do Tocantins,2020-05-31,1,0,0,0,0.07142857142857142,0.0,,0.0
Pindorama do Tocantins,2020-06-01,2,1,0,0,0.14285714285714285,0.0,,0.3010299956639812
Pindorama do Tocantins,2020-06-02,2,0,0,0,0.14285714285714285,0.0,,0.3010299956639812
Pindorama do Tocantins,2020-06-03,2,0,0,0,0.14285714285714285,0.0,,0.3010299956639812
Pindorama do Tocantins,2020-06-04,2,0,0,0,0.14285714285714285,0.0,,0.3010299956639812
Pindorama do Tocantins,2020-06-05,2,0,0,0,0.14285714285714285,0.0,,0.3010299956639812
Pindorama do Tocantins,2020-06-06,3,1,0,0,0.21428571428571427,0.0,,0.47712125471966244
Pindorama do Tocantins,2020-06-07,3,0,0,0,0.21428571428571427,0.0,,0.47712125471966244
Pindorama do Tocantins,2020-06-08,3,0,0,0,0.21428571428571427,0.0,,0.47712125471966244
Pindorama do Tocantins,2020-06-09,3,0,0,0,0.21428571428571427,0.0,,0.47712125471966244
Pindorama do Tocantins,2020-06-10,3,0,0,0,0.21428571428571427,0.0,,0.47712125471966244
Pindorama do Tocantins,2020-06-11,3,0,0,0,0.21428571428571427,0.0,,0.47712125471966244
Pindorama do Tocantins,2020-06-12,3,0,0,0,0.14285714285714285,0.0,,0.47712125471966244
Pindorama do Tocantins,2020-06-13,3,0,0,0,0.14285714285714285,0.0,,0.47712125471966244
Pindorama do Tocantins,2020-06-14,3,0,0,0,0.14285714285714285,0.0,,0.47712125471966244
Pindorama do Tocantins,2020-06-15,4,1,0,0,0.14285714285714285,0.0,,0.6020599913279624
Pindorama do Tocantins,2020-06-16,4,0,0,0,0.14285714285714285,0.0,,0.6020599913279624
Pindorama do Tocantins,2020-06-17,3,-1,0,0,0.07142857142857142,0.0,,0.47712125471966244
Pindorama do Tocantins,2020-06-18,3,0,0,0,0.07142857142857142,0.0,,0.47712125471966244
Pindorama do Tocantins,2020-06-19,3,0,0,0,0.07142857142857142,0.0,,0.47712125471966244
Pindorama do Tocantins,2020-06-20,3,0,0,0,0.0,0.0,,0.47712125471966244
Pindorama do Tocantins,2020-06-21,3,0,0,0,0.0,0.0,,0.47712125471966244
Pindorama do Tocantins,2020-06-22,3,0,0,0,0.0,0.0,,0.47712125471966244
Pindorama do Tocantins,2020-06-23,3,0,0,0,0.0,0.0,,0.47712125471966244
Pindorama do Tocantins,2020-06-24,3,0,0,0,0.0,0.0,,0.47712125471966244
Pindorama do Tocantins,2020-06-25,3,0,0,0,0.0,0.0,,0.47712125471966244
Pindorama do Tocantins,2020-06-26,3,0,0,0,0.0,0.0,,0.47712125471966244
Pindorama do Tocantins,2020-06-27,3,0,0,0,0.0,0.0,,0.47712125471966244
Pindorama do Tocantins,2020-06-28,3,0,0,0,0.0,0.0,,0.47712125471966244
Pindorama do Tocantins,2020-06-29,3,0,0,0,-0.07142857142857142,0.0,,0.47712125471966244
Pindorama do Tocantins,2020-06-30,3,0,0,0,-0.07142857142857142,0.0,,0.47712125471966244
Pindorama do Tocantins,2020-07-01,3,0,0,0,0.0,0.0,,0.47712125471966244
Pindorama do Tocantins,2020-07-02,3,0,0,0,0.0,0.0,,0.47712125471966244
Pindorama do Tocantins,2020-07-03,3,0,0,0,0.0,0.0,,0.47712125471966244
Pindorama do Tocantins,2020-07-04,3,0,0,0,0.0,0.0,,0.47712125471966244
Pindorama do Tocantins,2020-07-05,3,0,0,0,0.0,0.0,,0.47712125471966244
Pindorama do Tocantins,2020-07-06,3,0,0,0,0.0,0.0,,0.47712125471966244
Pindorama do Tocantins,2020-07-07,3,0,0,0,0.0,0.0,,0.47712125471966244
Pindorama do Tocantins,2020-07-08,4,1,0,0,0.07142857142857142,0.0,,0.6020599913279624
Pindorama do Tocantins,2020-07-09,5,1,0,0,0.14285714285714285,0.0,,0.6989700043360189
Pindorama do Tocantins,2020-07-10,6,1,0,0,0.21428571428571427,0.0,,0.7781512503836436
Pindorama do Tocantins,2020-07-11,6,0,0,0,0.21428571428571427,0.0,,0.7781512503836436
Pindorama do Tocantins,2020-07-12,6,0,0,0,0.21428571428571427,0.0,,0.7781512503836436
Pindorama do Tocantins,2020-07-13,6,0,0,0,0.21428571428571427,0.0,,0.7781512503836436
Pindorama do Tocantins,2020-07-14,6,0,1,1,0.21428571428571427,0.07142857142857142,inf,0.7781512503836436
Pindorama do Tocantins,2020-07-15,8,2,1,0,0.35714285714285715,0.07142857142857142,inf,0.9030899869919435
Pindorama do Tocantins,2020-07-16,8,0,0,-1,0.35714285714285715,0.0,,0.9030899869919435
Pindorama do Tocantins,2020-07-17,8,0,0,0,0.35714285714285715,0.0,,0.9030899869919435
Pindorama do Tocantins,2020-07-18,8,0,0,0,0.35714285714285715,0.0,,0.9030899869919435
Pindorama do Tocantins,2020-07-19,8,0,0,0,0.35714285714285715,0.0,,0.9030899869919435
Pindorama do Tocantins,2020-07-20,8,0,0,0,0.35714285714285715,0.0,,0.9030899869919435
Pindorama do Tocantins,2020-07-21,8,0,0,0,0.35714285714285715,0.0,,0.9030899869919435
Pindorama do Tocantins,2020-07-22,8,0,0,0,0.2857142857142857,0.0,,0.9030899869919435
Pindorama do Tocantins,2020-07-23,8,0,0,0,0.21428571428571427,0.0,,0.9030899869919435
Pindorama do Tocantins,2020-07-24,8,0,0,0,0.14285714285714285,0.0,,0.9030899869919435
Pindorama do Tocantins,2020-07-25,8,0,0,0,0.14285714285714285,0.0,,0.9030899869919435
Pindorama do Tocantins,2020-07-26,8,0,0,0,0.14285714285714285,0.0,,0.9030899869919435
Pindorama do Tocantins,2020-07-27,8,0,0,0,0.14285714285714285,0.0,,0.9030899869919435
Pindorama do Tocantins,2020-07-28,9,1,0,0,0.21428571428571427,-0.07142857142857142,-2.0,0.9542425094393249
Pindorama do Tocantins,2020-07-29,9,0,0,0,0.07142857142857142,-0.07142857142857142,-2.0,0.9542425094393249
Pindorama do Tocantins,2020-07-30,10,1,0,0,0.14285714285714285,0.0,,1.0
Pindorama do Tocantins,2020-07-31,12,2,0,0,0.2857142857142857,0.0,,1.0791812460476249
Pindorama do Tocantins,2020-08-01,12,0,0,0,0.2857142857142857,0.0,,1.0791812460476249
Pindorama do Tocantins,2020-08-02,13,1,0,0,0.35714285714285715,0.0,,1.1139433523068367
Pindorama do Tocantins,2020-08-03,13,0,0,0,0.35714285714285715,0.0,,1.1139433523068367
Pindorama do Tocantins,2020-08-04,16,3,0,0,0.5714285714285714,0.0,,1.2041199826559248
Pindorama do Tocantins,2020-08-05,17,1,0,0,0.6428571428571429,0.0,,1.2304489213782739
Pindorama do Tocantins,2020-08-06,17,0,0,0,0.6428571428571429,0.0,,1.2304489213782739
Pindorama do Tocantins,2020-08-07,17,0,0,0,0.6428571428571429,0.0,,1.2304489213782739
Pindorama do Tocantins,2020-08-08,19,2,0,0,0.7857142857142857,0.0,,1.2787536009528289
Pindorama do Tocantins,2020-08-09,19,0,0,0,0.7857142857142857,0.0,,1.2787536009528289
Pindorama do Tocantins,2020-08-10,19,0,0,0,0.7857142857142857,0.0,,1.2787536009528289
Pindorama do Tocantins,2020-08-11,19,0,0,0,0.7142857142857143,0.0,-1.0,1.2787536009528289
Pindorama do Tocantins,2020-08-12,19,0,0,0,0.7142857142857143,0.0,-1.0,1.2787536009528289
Pindorama do Tocantins,2020-08-13,19,0,0,0,0.6428571428571429,0.0,,1.2787536009528289
Pindorama do Tocantins,2020-08-14,19,0,0,0,0.5,0.0,,1.2787536009528289
Pindorama do Tocantins,2020-08-15,21,2,0,0,0.6428571428571429,0.0,,1.3222192947339193
Pindorama do Tocantins,2020-08-16,21,0,0,0,0.5714285714285714,0.0,,1.3222192947339193
Pindorama do Tocantins,2020-08-17,24,3,0,0,0.7857142857142857,0.0,,1.380211241711606
Pindorama do Tocantins,2020-08-18,24,0,0,0,0.5714285714285714,0.0,,1.380211241711606
Pindorama do Tocantins,2020-08-19,24,0,0,0,0.5,0.0,,1.380211241711606
Pindorama do Tocantins,2020-08-20,27,3,0,0,0.7142857142857143,0.0,,1.4313637641589874
Pindorama do Tocantins,2020-08-21,27,0,0,0,0.7142857142857143,0.0,,1.4313637641589874
Pindorama do Tocantins,2020-08-22,27,0,0,0,0.5714285714285714,0.0,,1.4313637641589874
Pindorama do Tocantins,2020-08-23,27,0,0,0,0.5714285714285714,0.0,,1.4313637641589874
Pindorama do Tocantins,2020-08-24,27,0,0,0,0.5714285714285714,0.0,,1.4313637641589874
Pindorama do Tocantins,2020-08-25,28,1,0,0,0.6428571428571429,0.0,,1.4471580313422192
Pindorama do Tocantins,2020-08-26,29,1,0,0,0.7142857142857143,0.0,,1.462397997898956
Pindorama do Tocantins,2020-08-27,31,2,0,0,0.8571428571428571,0.0,,1.4913616938342726
Pindorama do Tocantins,2020-08-28,31,0,0,0,0.8571428571428571,0.0,,1.4913616938342726
Pindorama do Tocantins,2020-08-29,32,1,0,0,0.7857142857142857,0.0,,1.505149978319906
Pindorama do Tocantins,2020-08-30,32,0,0,0,0.7857142857142857,0.0,,1.505149978319906
Pindorama do Tocantins,2020-08-31,32,0,0,0,0.5714285714285714,0.0,,1.505149978319906
Pindorama do Tocantins,2020-09-01,32,0,0,0,0.5714285714285714,0.0,,1.505149978319906
Pindorama do Tocantins,2020-09-02,31,-1,0,0,0.5,0.0,,1.4913616938342726
Pindorama do Tocantins,2020-09-03,35,4,0,0,0.5714285714285714,0.0,,1.5440680443502757
Pindorama do Tocantins,2020-09-04,35,0,0,0,0.5714285714285714,0.0,,1.5440680443502757
Pindorama do Tocantins,2020-09-05,35,0,0,0,0.5714285714285714,0.0,,1.5440680443502757
Pindorama do Tocantins,2020-09-06,35,0,0,0,0.5714285714285714,0.0,,1.5440680443502757
Pindorama do Tocantins,2020-09-07,36,1,0,0,0.6428571428571429,0.0,,1.5563025007672873
Pindorama do Tocantins,2020-09-08,36,0,0,0,0.5714285714285714,0.0,,1.5563025007672873
Pindorama do Tocantins,2020-09-09,36,0,0,0,0.5,0.0,,1.5563025007672873
Pindorama do Tocantins,2020-09-10,36,0,0,0,0.35714285714285715,0.0,,1.5563025007672873
Pindorama do Tocantins,2020-09-11,36,0,0,0,0.35714285714285715,0.0,,1.5563025007672873
Pindorama do Tocantins,2020-09-12,36,0,0,0,0.2857142857142857,0.0,,1.5563025007672873
Pindorama do Tocantins,2020-09-13,36,0,0,0,0.2857142857142857,0.0,,1.5563025007672873
Pindorama do Tocantins,2020-09-14,36,0,0,0,0.2857142857142857,0.0,,1.5563025007672873
Pindorama do Tocantins,2020-09-15,36,0,0,0,0.2857142857142857,0.0,,1.5563025007672873
Pindorama do Tocantins,2020-09-16,38,2,0,0,0.5,0.0,,1.5797835966168101
Pindorama do Tocantins,2020-09-17,39,1,0,0,0.2857142857142857,0.0,,1.591064607026499
Pindorama do Tocantins,2020-09-18,39,0,0,0,0.2857142857142857,0.0,,1.591064607026499
Pindorama do Tocantins,2020-09-19,39,0,0,0,0.2857142857142857,0.0,,1.591064607026499
Pindorama do Tocantins,2020-09-20,39,0,0,0,0.2857142857142857,0.0,,1.591064607026499
Pindorama do Tocantins,2020-09-21,39,0,0,0,0.21428571428571427,0.0,,1.591064607026499
Pindorama do Tocantins,2020-09-22,39,0,0,0,0.21428571428571427,0.0,,1.591064607026499
Pindorama do Tocantins,2020-09-23,39,0,0,0,0.21428571428571427,0.0,,1.591064607026499
Pindorama do Tocantins,2020-09-24,39,0,0,0,0.21428571428571427,0.0,,1.591064607026499
Pindorama do Tocantins,2020-09-25,39,0,0,0,0.21428571428571427,0.0,,1.591064607026499
Pindorama do Tocantins,2020-09-26,39,0,0,0,0.21428571428571427,0.0,,1.591064607026499
Pindorama do Tocantins,2020-09-27,39,0,0,0,0.21428571428571427,0.0,,1.591064607026499
Pindorama do Tocantins,2020-09-28,39,0,0,0,0.21428571428571427,0.0,,1.591064607026499
Pindorama do Tocantins,2020-09-29,39,0,0,0,0.21428571428571427,0.0,,1.591064607026499
Pindorama do Tocantins,2020-09-30,40,1,0,0,0.14285714285714285,0.0,,1.6020599913279625
Pindorama do Tocantins,2020-10-01,40,0,0,0,0.07142857142857142,0.0,,1.6020599913279625
Pindorama do Tocantins,2020-10-02,41,1,0,0,0.14285714285714285,0.0,,1.6127838567197355
Pindorama do Tocantins,2020-10-03,42,1,0,0,0.21428571428571427,0.0,,1.6232492903979006
Pindorama do Tocantins,2020-10-04,42,0,0,0,0.21428571428571427,0.0,,1.6232492903979006
Pindorama do Tocantins,2020-10-05,42,0,0,0,0.21428571428571427,0.0,,1.6232492903979006
Pindorama do Tocantins,2020-10-06,43,1,0,0,0.2857142857142857,0.0,,1.6334684555795866
Pindorama do Tocantins,2020-10-07,43,0,0,0,0.2857142857142857,0.0,,1.6334684555795866
Pindorama do Tocantins,2020-10-08,44,1,0,0,0.35714285714285715,0.0,,1.6434526764861874
Pindorama do Tocantins,2020-10-09,44,0,0,0,0.35714285714285715,0.0,,1.6434526764861874
Pindorama do Tocantins,2020-10-10,44,0,0,0,0.35714285714285715,0.0,,1.6434526764861874
Pindorama do Tocantins,2020-10-11,44,0,0,0,0.35714285714285715,0.0,,1.6434526764861874
Pindorama do Tocantins,2020-10-12,44,0,0,0,0.35714285714285715,0.0,,1.6434526764861874
Pindorama do Tocantins,2020-10-13,44,0,0,0,0.35714285714285715,0.0,,1.6434526764861874
Pindorama do Tocantins,2020-10-14,44,0,0,0,0.2857142857142857,0.0,,1.6434526764861874
Pindorama do Tocantins,2020-10-15,44,0,0,0,0.2857142857142857,0.0,,1.6434526764861874
Pindorama do Tocantins,2020-10-16,46,2,0,0,0.35714285714285715,0.0,,1.662757831681574
Pindorama do Tocantins,2020-10-17,46,0,0,0,0.2857142857142857,0.0,,1.662757831681574
Pindorama do Tocantins,2020-10-18,46,0,0,0,0.2857142857142857,0.0,,1.662757831681574
Pindorama do Tocantins,2020-10-19,46,0,0,0,0.2857142857142857,0.0,,1.662757831681574
Pindorama do Tocantins,2020-10-20,46,0,0,0,0.21428571428571427,0.0,,1.662757831681574
Pindorama do Tocantins,2020-10-21,46,0,0,0,0.21428571428571427,0.0,,1.662757831681574
Pindorama do Tocantins,2020-10-22,46,0,0,0,0.14285714285714285,0.0,,1.662757831681574
Pindorama do Tocantins,2020-10-23,48,2,0,0,0.2857142857142857,0.0,,1.6812412373755872
Pindorama do Tocantins,2020-10-24,48,0,0,0,0.2857142857142857,0.0,,1.6812412373755872
Pindorama do Tocantins,2020-10-25,48,0,0,0,0.2857142857142857,0.0,,1.6812412373755872
Pindorama do Tocantins,2020-10-26,48,0,0,0,0.2857142857142857,0.0,,1.6812412373755872
Pindorama do Tocantins,2020-10-27,48,0,0,0,0.2857142857142857,0.0,,1.6812412373755872
Pindorama do Tocantins,2020-10-28,48,0,0,0,0.2857142857142857,0.0,,1.6812412373755872
Pindorama do Tocantins,2020-10-29,48,0,0,0,0.2857142857142857,0.0,,1.6812412373755872
Pindorama do Tocantins,2020-10-30,48,0,0,0,0.14285714285714285,0.0,,1.6812412373755872
Pindorama do Tocantins,2020-10-31,48,0,0,0,0.14285714285714285,0.0,,1.6812412373755872
Pindorama do Tocantins,2020-11-01,48,0,0,0,0.14285714285714285,0.0,,1.6812412373755872
Pindorama do Tocantins,2020-11-02,48,0,0,0,0.14285714285714285,0.0,,1.6812412373755872
Pindorama do Tocantins,2020-11-03,48,0,0,0,0.14285714285714285,0.0,,1.6812412373755872
Pindorama do Tocantins,2020-11-04,49,1,0,0,0.21428571428571427,0.0,,1.6901960800285136
Pindorama do Tocantins,2020-11-05,50,1,0,0,0.2857142857142857,0.0,,1.6989700043360187
Pindorama do Tocantins,2020-11-06,50,0,0,0,0.14285714285714285,0.0,,1.6989700043360187
Pindorama do Tocantins,2020-11-07,50,0,0,0,0.14285714285714285,0.0,,1.6989700043360187
Pindorama do Tocantins,2020-11-08,50,0,0,0,0.14285714285714285,0.0,,1.6989700043360187
Pindorama do Tocantins,2020-11-09,50,0,0,0,0.14285714285714285,0.0,,1.6989700043360187
Pindorama do Tocantins,2020-11-10,50,0,0,0,0.14285714285714285,0.0,,1.6989700043360187
Pindorama do Tocantins,2020-11-11,50,0,0,0,0.14285714285714285,0.0,,1.6989700043360187
Pindorama do Tocantins,2020-11-12,49,-1,0,0,0.07142857142857142,0.0,,1.6901960800285136
Pindorama do Tocantins,2020-11-13,49,0,0,0,0.07142857142857142,0.0,,1.6901960800285136
Pindorama do Tocantins,2020-11-14,49,0,0,0,0.07142857142857142,0.0,,1.6901960800285136
Pindorama do Tocantins,2020-11-15,49,0,0,0,0.07142857142857142,0.0,,1.6901960800285136
Pindorama do Tocantins,2020-11-16,49,0,0,0,0.07142857142857142,0.0,,1.6901960800285136
Pindorama do Tocantins,2020-11-17,49,0,0,0,0.07142857142857142,0.0,,1.6901960800285136
Pindorama do Tocantins,2020-11-18,49,0,0,0,0.0,0.0,,1.6901960800285136
Pindorama do Tocantins,2020-11-19,49,0,0,0,-0.07142857142857142,0.0,,1.6901960800285136
Pindorama do Tocantins,2020-11-20,49,0,0,0,-0.07142857142857142,0.0,,1.6901960800285136
Pindorama do Tocantins,2020-11-21,49,0,0,0,-0.07142857142857142,0.0,,1.6901960800285136
Pindorama do Tocantins,2020-11-22,49,0,0,0,-0.07142857142857142,0.0,,1.6901960800285136
Pindorama do Tocantins,2020-11-23,49,0,0,0,-0.07142857142857142,0.0,,1.6901960800285136
Pindorama do Tocantins,2020-11-24,51,2,0,0,0.07142857142857142,0.0,,1.7075701760979363
Pindorama do Tocantins,2020-11-25,52,1,0,0,0.14285714285714285,0.0,,1.7160033436347992
Pindorama do Tocantins,2020-11-26,52,0,0,0,0.21428571428571427,0.0,,1.7160033436347992
Pindorama do Tocantins,2020-11-27,52,0,0,0,0.21428571428571427,0.0,,1.7160033436347992
Pindorama do Tocantins,2020-11-28,52,0,0,0,0.21428571428571427,0.0,,1.7160033436347992
Pindorama do Tocantins,2020-11-29,52,0,0,0,0.21428571428571427,0.0,,1.7160033436347992
Pindorama do Tocantins,2020-11-30,52,0,0,0,0.21428571428571427,0.0,,1.7160033436347992
Pindorama do Tocantins,2020-12-01,53,1,0,0,0.2857142857142857,0.0,,1.7242758696007892
Pindorama do Tocantins,2020-12-02,53,0,0,0,0.2857142857142857,0.0,,1.7242758696007892
Pindorama do Tocantins,2020-12-03,54,1,0,0,0.35714285714285715,0.0,,1.7323937598229686
Pindorama do Tocantins,2020-12-04,54,0,0,0,0.35714285714285715,0.0,,1.7323937598229686
Pindorama do Tocantins,2020-12-05,55,1,0,0,0.42857142857142855,0.0,,1.7403626894942439
Pindorama do Tocantins,2020-12-06,55,0,0,0,0.42857142857142855,0.0,,1.7403626894942439
Pindorama do Tocantins,2020-12-07,55,0,0,0,0.42857142857142855,0.0,,1.7403626894942439
Pindorama do Tocantins,2020-12-08,61,6,0,0,0.7142857142857143,0.0,,1.7853298350107671
Pindorama do Tocantins,2020-12-09,61,0,0,0,0.6428571428571429,0.0,,1.7853298350107671
Pindorama do Tocantins,2020-12-10,61,0,0,0,0.6428571428571429,0.0,,1.7853298350107671
Pindorama do Tocantins,2020-12-11,61,0,0,0,0.6428571428571429,0.0,,1.7853298350107671
Pindorama do Tocantins,2020-12-12,61,0,0,0,0.6428571428571429,0.0,,1.7853298350107671
Pindorama do Tocantins,2020-12-13,61,0,0,0,0.6428571428571429,0.0,,1.7853298350107671
Pindorama do Tocantins,2020-12-14,61,0,0,0,0.6428571428571429,0.0,,1.7853298350107671
Pindorama do Tocantins,2020-12-15,61,0,0,0,0.5714285714285714,0.0,,1.7853298350107671
Pindorama do Tocantins,2020-12-16,61,0,0,0,0.5714285714285714,0.0,,1.7853298350107671
Pindorama do Tocantins,2020-12-17,61,0,0,0,0.5,0.0,,1.7853298350107671
Pindorama do Tocantins,2020-12-18,61,0,0,0,0.5,0.0,,1.7853298350107671
Pindorama do Tocantins,2020-12-19,61,0,0,0,0.42857142857142855,0.0,,1.7853298350107671
Pindorama do Tocantins,2020-12-20,61,0,0,0,0.42857142857142855,0.0,,1.7853298350107671
Pindorama do Tocantins,2020-12-21,62,1,0,0,0.5,0.0,,1.792391689498254
Pindorama do Tocantins,2020-12-22,62,0,0,0,0.07142857142857142,0.0,,1.792391689498254
Pindorama do Tocantins,2020-12-23,62,0,0,0,0.07142857142857142,0.0,,1.792391689498254
Pindorama do Tocantins,2020-12-24,62,0,0,0,0.07142857142857142,0.0,,1.792391689498254
Pindorama do Tocantins,2020-12-25,62,0,0,0,0.07142857142857142,0.0,,1.792391689498254
Pindorama do Tocantins,2020-12-26,62,0,0,0,0.07142857142857142,0.0,,1.792391689498254
Pindorama do Tocantins,2020-12-27,62,0,0,0,0.07142857142857142,0.0,,1.792391689498254
Pindorama do Tocantins,2020-12-28,62,0,0,0,0.07142857142857142,0.0,,1.792391689498254
Pindorama do Tocantins,2020-12-29,62,0,0,0,0.07142857142857142,0.0,,1.792391689498254
Pindorama do Tocantins,2020-12-30,62,0,0,0,0.07142857142857142,0.0,,1.792391689498254
Pindorama do Tocantins,2020-12-31,62,0,0,0,0.07142857142857142,0.0,,1.792391689498254
Pindorama do Tocantins,2021-01-01,62,0,0,0,0.07142857142857142,0.0,,1.792391689498254
Pindorama do Tocantins,2021-01-02,62,0,0,0,0.07142857142857142,0.0,,1.792391689498254
Pindorama do Tocantins,2021-01-03,62,0,0,0,0.07142857142857142,0.0,,1.792391689498254
Pindorama do Tocantins,2021-01-04,62,0,0,0,0.0,0.0,,1.792391689498254
Pindorama do Tocantins,2021-01-05,62,0,0,0,0.0,0.0,,1.792391689498254
Pindorama do Tocantins,2021-01-06,62,0,0,0,0.0,0.0,,1.792391689498254
Pindorama do Tocantins,2021-01-07,62,0,0,0,0.0,0.0,,1.792391689498254
Pindorama do Tocantins,2021-01-08,78,16,0,0,1.1428571428571428,0.0,,1.8920946026904804
Pindorama do Tocantins,2021-01-09,78,0,0,0,1.1428571428571428,0.0,,1.8920946026904804
Pindorama do Tocantins,2021-01-10,78,0,0,0,1.1428571428571428,0.0,,1.8920946026904804
Pindorama do Tocantins,2021-01-11,78,0,0,0,1.1428571428571428,0.0,,1.8920946026904804
Pindorama do Tocantins,2021-01-12,78,0,0,0,1.1428571428571428,0.0,,1.8920946026904804
Pindorama do Tocantins,2021-01-13,79,1,0,0,1.2142857142857142,0.0,,1.8976270912904414
Pindorama do Tocantins,2021-01-14,79,0,0,0,1.2142857142857142,0.0,,1.8976270912904414
Pindorama do Tocantins,2021-01-15,81,2,0,0,1.3571428571428572,0.0,,1.9084850188786497
Pindorama do Tocantins,2021-01-16,81,0,0,0,1.3571428571428572,0.0,,1.9084850188786497
Pindorama do Tocantins,2021-01-17,83,2,0,0,1.5,0.0,,1.919078092376074
Pindorama do Tocantins,2021-01-18,84,1,0,0,1.5714285714285714,0.0,,1.9242792860618816
Pindorama do Tocantins,2021-01-19,85,1,0,0,1.6428571428571428,0.0,,1.9294189257142929
Pindorama do Tocantins,2021-01-20,85,0,0,0,1.6428571428571428,0.0,,1.9294189257142929
Piraquê,2020-03-27,0,0,0,0,,,,0.0
Piraquê,2020-03-28,0,0,0,0,,,,0.0
Piraquê,2020-03-29,0,0,0,0,,,,0.0
Piraquê,2020-03-30,0,0,0,0,,,,0.0
Piraquê,2020-03-31,0,0,0,0,,,,0.0
Piraquê,2020-04-01,0,0,0,0,,,,0.0
Piraquê,2020-04-02,0,0,0,0,,,,0.0
Piraquê,2020-04-03,0,0,0,0,,,,0.0
Piraquê,2020-04-04,0,0,0,0,,,,0.0
Piraquê,2020-04-05,0,0,0,0,,,,0.0
Piraquê,2020-04-06,0,0,0,0,,,,0.0
Piraquê,2020-04-07,0,0,0,0,,,,0.0
Piraquê,2020-04-08,0,0,0,0,,,,0.0
Piraquê,2020-04-09,0,0,0,0,0.0,0.0,,0.0
Piraquê,2020-04-10,0,0,0,0,0.0,0.0,,0.0
Piraquê,2020-04-11,0,0,0,0,0.0,0.0,,0.0
Piraquê,2020-04-12,0,0,0,0,0.0,0.0,,0.0
Piraquê,2020-04-13,0,0,0,0,0.0,0.0,,0.0
Piraquê,2020-04-14,0,0,0,0,0.0,0.0,,0.0
Piraquê,2020-04-15,0,0,0,0,0.0,0.0,,0.0
Piraquê,2020-04-16,0,0,0,0,0.0,0.0,,0.0
Piraquê,2020-04-17,0,0,0,0,0.0,0.0,,0.0
Piraquê,2020-04-18,0,0,0,0,0.0,0.0,,0.0
Piraquê,2020-04-19,0,0,0,0,0.0,0.0,,0.0
Piraquê,2020-04-20,0,0,0,0,0.0,0.0,,0.0
Piraquê,2020-04-21,0,0,0,0,0.0,0.0,,0.0
Piraquê,2020-04-22,0,0,0,0,0.0,0.0,,0.0
Piraquê,2020-04-23,0,0,0,0,0.0,0.0,,0.0
Piraquê,2020-04-24,0,0,0,0,0.0,0.0,,0.0
Piraquê,2020-04-25,0,0,0,0,0.0,0.0,,0.0
Piraquê,2020-04-26,0,0,0,0,0.0,0.0,,0.0
Piraquê,2020-04-27,0,0,0,0,0.0,0.0,,0.0
Piraquê,2020-04-28,0,0,0,0,0.0,0.0,,0.0
Piraquê,2020-04-29,0,0,0,0,0.0,0.0,,0.0
Piraquê,2020-04-30,0,0,0,0,0.0,0.0,,0.0
Piraquê,2020-05-01,0,0,0,0,0.0,0.0,,0.0
Piraquê,2020-05-02,0,0,0,0,0.0,0.0,,0.0
Piraquê,2020-05-03,0,0,0,0,0.0,0.0,,0.0
Piraquê,2020-05-04,0,0,0,0,0.0,0.0,,0.0
Piraquê,2020-05-05,0,0,0,0,0.0,0.0,,0.0
Piraquê,2020-05-06,0,0,0,0,0.0,0.0,,0.0
Piraquê,2020-05-07,0,0,0,0,0.0,0.0,,0.0
Piraquê,2020-05-08,0,0,0,0,0.0,0.0,,0.0
Piraquê,2020-05-09,0,0,0,0,0.0,0.0,,0.0
Piraquê,2020-05-10,0,0,0,0,0.0,0.0,,0.0
Piraquê,2020-05-11,0,0,0,0,0.0,0.0,,0.0
Piraquê,2020-05-12,0,0,0,0,0.0,0.0,,0.0
Piraquê,2020-05-13,0,0,0,0,0.0,0.0,,0.0
Piraquê,2020-05-14,0,0,0,0,0.0,0.0,,0.0
Piraquê,2020-05-15,0,0,0,0,0.0,0.0,,0.0
Piraquê,2020-05-16,0,0,0,0,0.0,0.0,,0.0
Piraquê,2020-05-17,0,0,0,0,0.0,0.0,,0.0
Piraquê,2020-05-18,0,0,0,0,0.0,0.0,,0.0
Piraquê,2020-05-19,0,0,0,0,0.0,0.0,,0.0
Piraquê,2020-05-20,0,0,0,0,0.0,0.0,,0.0
Piraquê,2020-05-21,0,0,0,0,0.0,0.0,,0.0
Piraquê,2020-05-22,0,0,0,0,0.0,0.0,,0.0
Piraquê,2020-05-23,0,0,0,0,0.0,0.0,,0.0
Piraquê,2020-05-24,0,0,0,0,0.0,0.0,,0.0
Piraquê,2020-05-25,0,0,0,0,0.0,0.0,,0.0
Piraquê,2020-05-26,0,0,0,0,0.0,0.0,,0.0
Piraquê,2020-05-27,0,0,0,0,0.0,0.0,,0.0
Piraquê,2020-05-28,1,1,0,0,0.07142857142857142,0.0,,0.0
Piraquê,2020-05-29,1,0,0,0,0.07142857142857142,0.0,,0.0
Piraquê,2020-05-30,1,0,0,0,0.07142857142857142,0.0,,0.0
Piraquê,2020-05-31,1,0,0,0,0.07142857142857142,0.0,,0.0
Piraquê,2020-06-01,1,0,0,0,0.07142857142857142,0.0,,0.0
Piraquê,2020-06-02,0,-1,0,0,0.0,0.0,,0.0
Piraquê,2020-06-03,1,1,0,0,0.07142857142857142,0.0,,0.0
Piraquê,2020-06-04,0,-1,0,0,0.0,0.0,,0.0
Piraquê,2020-06-05,0,0,0,0,0.0,0.0,,0.0
Piraquê,2020-06-06,1,1,0,0,0.07142857142857142,0.0,,0.0
Piraquê,2020-06-07,1,0,0,0,0.07142857142857142,0.0,,0.0
Piraquê,2020-06-08,1,0,0,0,0.07142857142857142,0.0,,0.0
Piraquê,2020-06-09,1,0,0,0,0.07142857142857142,0.0,,0.0
Piraquê,2020-06-10,1,0,0,0,0.07142857142857142,0.0,,0.0
Piraquê,2020-06-11,1,0,0,0,0.0,0.0,,0.0
Piraquê,2020-06-12,3,2,0,0,0.14285714285714285,0.0,,0.47712125471966244
Piraquê,2020-06-13,2,-1,0,0,0.07142857142857142,0.0,,0.3010299956639812
Piraquê,2020-06-14,2,0,0,0,0.07142857142857142,0.0,,0.3010299956639812
Piraquê,2020-06-15,2,0,0,0,0.07142857142857142,0.0,,0.3010299956639812
Piraquê,2020-06-16,2,0,0,0,0.14285714285714285,0.0,,0.3010299956639812
Piraquê,2020-06-17,2,0,0,0,0.07142857142857142,0.0,,0.3010299956639812
Piraquê,2020-06-18,2,0,0,0,0.14285714285714285,0.0,,0.3010299956639812
Piraquê,2020-06-19,2,0,0,0,0.14285714285714285,0.0,,0.3010299956639812
Piraquê,2020-06-20,2,0,0,0,0.07142857142857142,0.0,,0.3010299956639812
Piraquê,2020-06-21,2,0,0,0,0.07142857142857142,0.0,,0.3010299956639812
Piraquê,2020-06-22,2,0,0,0,0.07142857142857142,0.0,,0.3010299956639812
Piraquê,2020-06-23,2,0,0,0,0.07142857142857142,0.0,,0.3010299956639812
Piraquê,2020-06-24,3,1,0,0,0.14285714285714285,0.0,,0.47712125471966244
Piraquê,2020-06-25,3,0,0,0,0.14285714285714285,0.0,,0.47712125471966244
Piraquê,2020-06-26,3,0,0,0,0.0,0.0,,0.47712125471966244
Piraquê,2020-06-27,3,0,0,0,0.07142857142857142,0.0,,0.47712125471966244
Piraquê,2020-06-28,3,0,0,0,0.07142857142857142,0.0,,0.47712125471966244
Piraquê,2020-06-29,4,1,0,0,0.14285714285714285,0.0,,0.6020599913279624
Piraquê,2020-06-30,4,0,0,0,0.14285714285714285,0.0,,0.6020599913279624
Piraquê,2020-07-01,4,0,0,0,0.14285714285714285,0.0,,0.6020599913279624
Piraquê,2020-07-02,4,0,0,0,0.14285714285714285,0.0,,0.6020599913279624
Piraquê,2020-07-03,4,0,0,0,0.14285714285714285,0.0,,0.6020599913279624
Piraquê,2020-07-04,4,0,1,1,0.14285714285714285,0.07142857142857142,inf,0.6020599913279624
Piraquê,2020-07-05,4,0,1,0,0.14285714285714285,0.07142857142857142,inf,0.6020599913279624
Piraquê,2020-07-06,4,0,1,0,0.14285714285714285,0.07142857142857142,inf,0.6020599913279624
Piraquê,2020-07-07,4,0,1,0,0.14285714285714285,0.07142857142857142,inf,0.6020599913279624
Piraquê,2020-07-08,4,0,1,0,0.07142857142857142,0.07142857142857142,inf,0.6020599913279624
Piraquê,2020-07-09,4,0,1,0,0.07142857142857142,0.07142857142857142,inf,0.6020599913279624
Piraquê,2020-07-10,4,0,1,0,0.07142857142857142,0.07142857142857142,inf,0.6020599913279624
Piraquê,2020-07-11,4,0,1,0,0.07142857142857142,0.07142857142857142,inf,0.6020599913279624
Piraquê,2020-07-12,5,1,1,0,0.14285714285714285,0.07142857142857142,inf,0.6989700043360189
Piraquê,2020-07-13,4,-1,1,0,0.0,0.07142857142857142,inf,0.6020599913279624
Piraquê,2020-07-14,5,1,0,-1,0.07142857142857142,0.0,,0.6989700043360189
Piraquê,2020-07-15,5,0,0,0,0.07142857142857142,0.0,,0.6989700043360189
Piraquê,2020-07-16,5,0,1,1,0.07142857142857142,0.07142857142857142,inf,0.6989700043360189
Piraquê,2020-07-17,5,0,1,0,0.07142857142857142,0.07142857142857142,inf,0.6989700043360189
Piraquê,2020-07-18,5,0,1,0,0.07142857142857142,0.0,-1.0,0.6989700043360189
Piraquê,2020-07-19,5,0,1,0,0.07142857142857142,0.0,-1.0,0.6989700043360189
Piraquê,2020-07-20,5,0,1,0,0.07142857142857142,0.0,-1.0,0.6989700043360189
Piraquê,2020-07-21,5,0,1,0,0.07142857142857142,0.0,-1.0,0.6989700043360189
Piraquê,2020-07-22,6,1,1,0,0.14285714285714285,0.0,-1.0,0.7781512503836436
Piraquê,2020-07-23,6,0,1,0,0.14285714285714285,0.0,-1.0,0.7781512503836436
Piraquê,2020-07-24,6,0,1,0,0.14285714285714285,0.0,-1.0,0.7781512503836436
Piraquê,2020-07-25,6,0,1,0,0.14285714285714285,0.0,-1.0,0.7781512503836436
Piraquê,2020-07-26,6,0,1,0,0.07142857142857142,0.0,-1.0,0.7781512503836436
Piraquê,2020-07-27,6,0,1,0,0.14285714285714285,0.0,-1.0,0.7781512503836436
Piraquê,2020-07-28,7,1,1,0,0.14285714285714285,0.07142857142857142,inf,0.8450980400142568
Piraquê,2020-07-29,7,0,1,0,0.14285714285714285,0.07142857142857142,inf,0.8450980400142568
Piraquê,2020-07-30,8,1,1,0,0.21428571428571427,0.0,-1.0,0.9030899869919435
Piraquê,2020-07-31,8,0,1,0,0.21428571428571427,0.0,-1.0,0.9030899869919435
Piraquê,2020-08-01,9,1,1,0,0.2857142857142857,0.0,,0.9542425094393249
Piraquê,2020-08-02,10,1,1,0,0.35714285714285715,0.0,,1.0
Piraquê,2020-08-03,10,0,1,0,0.35714285714285715,0.0,,1.0
Piraquê,2020-08-04,12,2,1,0,0.5,0.0,,1.0791812460476249
Piraquê,2020-08-05,12,0,1,0,0.42857142857142855,0.0,,1.0791812460476249
Piraquê,2020-08-06,12,0,1,0,0.42857142857142855,0.0,,1.0791812460476249
Piraquê,2020-08-07,13,1,1,0,0.5,0.0,,1.1139433523068367
Piraquê,2020-08-08,13,0,1,0,0.5,0.0,,1.1139433523068367
Piraquê,2020-08-09,14,1,1,0,0.5714285714285714,0.0,,1.146128035678238
Piraquê,2020-08-10,16,2,1,0,0.7142857142857143,0.0,,1.2041199826559248
Piraquê,2020-08-11,16,0,1,0,0.6428571428571429,0.0,-1.0,1.2041199826559248
Piraquê,2020-08-12,18,2,1,0,0.7857142857142857,0.0,-1.0,1.255272505103306
Piraquê,2020-08-13,18,0,1,0,0.7142857142857143,0.0,,1.255272505103306
Piraquê,2020-08-14,14,-4,1,0,0.42857142857142855,0.0,,1.146128035678238
Piraquê,2020-08-15,18,4,1,0,0.6428571428571429,0.0,,1.255272505103306
Piraquê,2020-08-16,18,0,1,0,0.5714285714285714,0.0,,1.255272505103306
Piraquê,2020-08-17,18,0,1,0,0.5714285714285714,0.0,,1.255272505103306
Piraquê,2020-08-18,19,1,1,0,0.5,0.0,,1.2787536009528289
Piraquê,2020-08-19,19,0,1,0,0.5,0.0,,1.2787536009528289
Piraquê,2020-08-20,19,0,1,0,0.5,0.0,,1.2787536009528289
Piraquê,2020-08-21,19,0,1,0,0.42857142857142855,0.0,,1.2787536009528289
Piraquê,2020-08-22,19,0,1,0,0.42857142857142855,0.0,,1.2787536009528289
Piraquê,2020-08-23,19,0,1,0,0.35714285714285715,0.0,,1.2787536009528289
Piraquê,2020-08-24,19,0,1,0,0.21428571428571427,0.0,,1.2787536009528289
Piraquê,2020-08-25,22,3,1,0,0.42857142857142855,0.0,,1.3424226808222062
Piraquê,2020-08-26,22,0,1,0,0.2857142857142857,0.0,,1.3424226808222062
Piraquê,2020-08-27,26,4,1,0,0.5714285714285714,0.0,,1.414973347970818
Piraquê,2020-08-28,26,0,1,0,0.8571428571428571,0.0,,1.414973347970818
Piraquê,2020-08-29,28,2,1,0,0.7142857142857143,0.0,,1.4471580313422192
Piraquê,2020-08-30,28,0,1,0,0.7142857142857143,0.0,,1.4471580313422192
Piraquê,2020-08-31,28,0,1,0,0.7142857142857143,0.0,,1.4471580313422192
Piraquê,2020-09-01,28,0,1,0,0.6428571428571429,0.0,,1.4471580313422192
Piraquê,2020-09-02,30,2,1,0,0.7857142857142857,0.0,,1.4771212547196624
Piraquê,2020-09-03,30,0,1,0,0.7857142857142857,0.0,,1.4771212547196624
Piraquê,2020-09-04,36,6,1,0,1.2142857142857142,0.0,,1.5563025007672873
Piraquê,2020-09-05,37,1,1,0,1.2857142857142858,0.0,,1.568201724066995
Piraquê,2020-09-06,37,0,1,0,1.2857142857142858,0.0,,1.568201724066995
Piraquê,2020-09-07,38,1,1,0,1.3571428571428572,0.0,,1.5797835966168101
Piraquê,2020-09-08,38,0,1,0,1.1428571428571428,0.0,,1.5797835966168101
Piraquê,2020-09-09,38,0,1,0,1.1428571428571428,0.0,,1.5797835966168101
Piraquê,2020-09-10,39,1,1,0,0.9285714285714286,0.0,,1.591064607026499
Piraquê,2020-09-11,39,0,1,0,0.9285714285714286,0.0,,1.591064607026499
Piraquê,2020-09-12,40,1,1,0,0.8571428571428571,0.0,,1.6020599913279625
Piraquê,2020-09-13,40,0,1,0,0.8571428571428571,0.0,,1.6020599913279625
Piraquê,2020-09-14,40,0,1,0,0.8571428571428571,0.0,,1.6020599913279625
Piraquê,2020-09-15,40,0,1,0,0.8571428571428571,0.0,,1.6020599913279625
Piraquê,2020-09-16,40,0,1,0,0.7142857142857143,0.0,,1.6020599913279625
Piraquê,2020-09-17,40,0,1,0,0.7142857142857143,0.0,,1.6020599913279625
Piraquê,2020-09-18,41,1,1,0,0.35714285714285715,0.0,,1.6127838567197355
Piraquê,2020-09-19,41,0,1,0,0.2857142857142857,0.0,,1.6127838567197355
Piraquê,2020-09-20,41,0,1,0,0.2857142857142857,0.0,,1.6127838567197355
Piraquê,2020-09-21,41,0,1,0,0.21428571428571427,0.0,,1.6127838567197355
Piraquê,2020-09-22,41,0,1,0,0.21428571428571427,0.0,,1.6127838567197355
Piraquê,2020-09-23,43,2,1,0,0.35714285714285715,0.0,,1.6334684555795866
Piraquê,2020-09-24,43,0,1,0,0.2857142857142857,0.0,,1.6334684555795866
Piraquê,2020-09-25,43,0,1,0,0.2857142857142857,0.0,,1.6334684555795866
Piraquê,2020-09-26,43,0,1,0,0.21428571428571427,0.0,,1.6334684555795866
Piraquê,2020-09-27,43,0,1,0,0.21428571428571427,0.0,,1.6334684555795866
Piraquê,2020-09-28,43,0,1,0,0.21428571428571427,0.0,,1.6334684555795866
Piraquê,2020-09-29,43,0,1,0,0.21428571428571427,0.0,,1.6334684555795866
Piraquê,2020-09-30,45,2,1,0,0.35714285714285715,0.0,,1.6532125137753437
Piraquê,2020-10-01,45,0,1,0,0.35714285714285715,0.0,,1.6532125137753437
Piraquê,2020-10-02,45,0,1,0,0.2857142857142857,0.0,,1.6532125137753437
Piraquê,2020-10-03,45,0,1,0,0.2857142857142857,0.0,,1.6532125137753437
Piraquê,2020-10-04,45,0,1,0,0.2857142857142857,0.0,,1.6532125137753437
Piraquê,2020-10-05,45,0,1,0,0.2857142857142857,0.0,,1.6532125137753437
Piraquê,2020-10-06,45,0,1,0,0.2857142857142857,0.0,,1.6532125137753437
Piraquê,2020-10-07,45,0,1,0,0.14285714285714285,0.0,,1.6532125137753437
Piraquê,2020-10-08,45,0,1,0,0.14285714285714285,0.0,,1.6532125137753437
Piraquê,2020-10-09,46,1,1,0,0.21428571428571427,0.0,,1.662757831681574
Piraquê,2020-10-10,46,0,1,0,0.21428571428571427,0.0,,1.662757831681574
Piraquê,2020-10-11,46,0,1,0,0.21428571428571427,0.0,,1.662757831681574
Piraquê,2020-10-12,46,0,1,0,0.21428571428571427,0.0,,1.662757831681574
Piraquê,2020-10-13,46,0,1,0,0.21428571428571427,0.0,,1.662757831681574
Piraquê,2020-10-14,46,0,1,0,0.07142857142857142,0.0,,1.662757831681574
Piraquê,2020-10-15,46,0,1,0,0.07142857142857142,0.0,,1.662757831681574
Piraquê,2020-10-16,46,0,1,0,0.07142857142857142,0.0,,1.662757831681574
Piraquê,2020-10-17,46,0,1,0,0.07142857142857142,0.0,,1.662757831681574
Piraquê,2020-10-18,46,0,1,0,0.07142857142857142,0.0,,1.662757831681574
Piraquê,2020-10-19,46,0,1,0,0.07142857142857142,0.0,,1.662757831681574
Piraquê,2020-10-20,46,0,1,0,0.07142857142857142,0.0,,1.662757831681574
Piraquê,2020-10-21,47,1,1,0,0.14285714285714285,0.0,,1.6720978579357175
Piraquê,2020-10-22,48,1,1,0,0.21428571428571427,0.0,,1.6812412373755872
Piraquê,2020-10-23,48,0,1,0,0.14285714285714285,0.0,,1.6812412373755872
Piraquê,2020-10-24,48,0,1,0,0.14285714285714285,0.0,,1.6812412373755872
Piraquê,2020-10-25,48,0,1,0,0.14285714285714285,0.0,,1.6812412373755872
Piraquê,2020-10-26,48,0,1,0,0.14285714285714285,0.0,,1.6812412373755872
Piraquê,2020-10-27,48,0,1,0,0.14285714285714285,0.0,,1.6812412373755872
Piraquê,2020-10-28,48,0,1,0,0.14285714285714285,0.0,,1.6812412373755872
Piraquê,2020-10-29,48,0,1,0,0.14285714285714285,0.0,,1.6812412373755872
Piraquê,2020-10-30,48,0,1,0,0.14285714285714285,0.0,,1.6812412373755872
Piraquê,2020-10-31,48,0,1,0,0.14285714285714285,0.0,,1.6812412373755872
Piraquê,2020-11-01,48,0,1,0,0.14285714285714285,0.0,,1.6812412373755872
Piraquê,2020-11-02,48,0,1,0,0.14285714285714285,0.0,,1.6812412373755872
Piraquê,2020-11-03,48,0,1,0,0.14285714285714285,0.0,,1.6812412373755872
Piraquê,2020-11-04,48,0,1,0,0.07142857142857142,0.0,,1.6812412373755872
Piraquê,2020-11-05,48,0,1,0,0.0,0.0,,1.6812412373755872
Piraquê,2020-11-06,48,0,1,0,0.0,0.0,,1.6812412373755872
Piraquê,2020-11-07,48,0,1,0,0.0,0.0,,1.6812412373755872
Piraquê,2020-11-08,48,0,1,0,0.0,0.0,,1.6812412373755872
Piraquê,2020-11-09,48,0,1,0,0.0,0.0,,1.6812412373755872
Piraquê,2020-11-10,48,0,1,0,0.0,0.0,,1.6812412373755872
Piraquê,2020-11-11,48,0,1,0,0.0,0.0,,1.6812412373755872
Piraquê,2020-11-12,48,0,1,0,0.0,0.0,,1.6812412373755872
Piraquê,2020-11-13,48,0,1,0,0.0,0.0,,1.6812412373755872
Piraquê,2020-11-14,48,0,1,0,0.0,0.0,,1.6812412373755872
Piraquê,2020-11-15,48,0,1,0,0.0,0.0,,1.6812412373755872
Piraquê,2020-11-16,48,0,1,0,0.0,0.0,,1.6812412373755872
Piraquê,2020-11-17,48,0,1,0,0.0,0.0,,1.6812412373755872
Piraquê,2020-11-18,48,0,1,0,0.0,0.0,,1.6812412373755872
Piraquê,2020-11-19,48,0,1,0,0.0,0.0,,1.6812412373755872
Piraquê,2020-11-20,48,0,1,0,0.0,0.0,,1.6812412373755872
Piraquê,2020-11-21,48,0,1,0,0.0,0.0,,1.6812412373755872
Piraquê,2020-11-22,48,0,1,0,0.0,0.0,,1.6812412373755872
Piraquê,2020-11-23,48,0,1,0,0.0,0.0,,1.6812412373755872
Piraquê,2020-11-24,49,1,1,0,0.07142857142857142,0.0,,1.6901960800285136
Piraquê,2020-11-25,49,0,1,0,0.07142857142857142,0.0,,1.6901960800285136
Piraquê,2020-11-26,49,0,1,0,0.07142857142857142,0.0,,1.6901960800285136
Piraquê,2020-11-27,49,0,1,0,0.07142857142857142,0.0,,1.6901960800285136
Piraquê,2020-11-28,49,0,1,0,0.07142857142857142,0.0,,1.6901960800285136
Piraquê,2020-11-29,49,0,1,0,0.07142857142857142,0.0,,1.6901960800285136
Piraquê,2020-11-30,49,0,1,0,0.07142857142857142,0.0,,1.6901960800285136
Piraquê,2020-12-01,49,0,1,0,0.07142857142857142,0.0,,1.6901960800285136
Piraquê,2020-12-02,49,0,1,0,0.07142857142857142,0.0,,1.6901960800285136
Piraquê,2020-12-03,49,0,1,0,0.07142857142857142,0.0,,1.6901960800285136
Piraquê,2020-12-04,49,0,1,0,0.07142857142857142,0.0,,1.6901960800285136
Piraquê,2020-12-05,49,0,1,0,0.07142857142857142,0.0,,1.6901960800285136
Piraquê,2020-12-06,49,0,1,0,0.07142857142857142,0.0,,1.6901960800285136
Piraquê,2020-12-07,49,0,1,0,0.07142857142857142,0.0,,1.6901960800285136
Piraquê,2020-12-08,49,0,1,0,0.0,0.0,,1.6901960800285136
Piraquê,2020-12-09,49,0,1,0,0.0,0.0,,1.6901960800285136
Piraquê,2020-12-10,49,0,1,0,0.0,0.0,,1.6901960800285136
Piraquê,2020-12-11,49,0,1,0,0.0,0.0,,1.6901960800285136
Piraquê,2020-12-12,49,0,1,0,0.0,0.0,,1.6901960800285136
Piraquê,2020-12-13,49,0,1,0,0.0,0.0,,1.6901960800285136
Piraquê,2020-12-14,49,0,1,0,0.0,0.0,,1.6901960800285136
Piraquê,2020-12-15,49,0,1,0,0.0,0.0,,1.6901960800285136
Piraquê,2020-12-16,49,0,1,0,0.0,0.0,,1.6901960800285136
Piraquê,2020-12-17,49,0,1,0,0.0,0.0,,1.6901960800285136
Piraquê,2020-12-18,49,0,1,0,0.0,0.0,,1.6901960800285136
Piraquê,2020-12-19,49,0,1,0,0.0,0.0,,1.6901960800285136
Piraquê,2020-12-20,49,0,1,0,0.0,0.0,,1.6901960800285136
Piraquê,2020-12-21,49,0,1,0,0.0,0.0,,1.6901960800285136
Piraquê,2020-12-22,49,0,1,0,0.0,0.0,,1.6901960800285136
Piraquê,2020-12-23,49,0,1,0,0.0,0.0,,1.6901960800285136
Piraquê,2020-12-24,49,0,1,0,0.0,0.0,,1.6901960800285136
Piraquê,2020-12-25,49,0,1,0,0.0,0.0,,1.6901960800285136
Piraquê,2020-12-26,49,0,1,0,0.0,0.0,,1.6901960800285136
Piraquê,2020-12-27,49,0,1,0,0.0,0.0,,1.6901960800285136
Piraquê,2020-12-28,49,0,1,0,0.0,0.0,,1.6901960800285136
Piraquê,2020-12-29,49,0,1,0,0.0,0.0,,1.6901960800285136
Piraquê,2020-12-30,49,0,1,0,0.0,0.0,,1.6901960800285136
Piraquê,2020-12-31,49,0,1,0,0.0,0.0,,1.6901960800285136
Piraquê,2021-01-01,49,0,1,0,0.0,0.0,,1.6901960800285136
Piraquê,2021-01-02,49,0,1,0,0.0,0.0,,1.6901960800285136
Piraquê,2021-01-03,49,0,1,0,0.0,0.0,,1.6901960800285136
Piraquê,2021-01-04,49,0,1,0,0.0,0.0,,1.6901960800285136
Piraquê,2021-01-05,49,0,1,0,0.0,0.0,,1.6901960800285136
Piraquê,2021-01-06,50,1,1,0,0.07142857142857142,0.0,,1.6989700043360187
Piraquê,2021-01-07,50,0,1,0,0.07142857142857142,0.0,,1.6989700043360187
Piraquê,2021-01-08,50,0,1,0,0.07142857142857142,0.0,,1.6989700043360187
Piraquê,2021-01-09,50,0,1,0,0.07142857142857142,0.0,,1.6989700043360187
Piraquê,2021-01-10,50,0,1,0,0.07142857142857142,0.0,,1.6989700043360187
Piraquê,2021-01-11,50,0,1,0,0.07142857142857142,0.0,,1.6989700043360187
Piraquê,2021-01-12,50,0,1,0,0.07142857142857142,0.0,,1.6989700043360187
Piraquê,2021-01-13,50,0,1,0,0.07142857142857142,0.0,,1.6989700043360187
Piraquê,2021-01-14,50,0,1,0,0.07142857142857142,0.0,,1.6989700043360187
Piraquê,2021-01-15,51,1,1,0,0.14285714285714285,0.0,,1.7075701760979363
Piraquê,2021-01-16,51,0,1,0,0.14285714285714285,0.0,,1.7075701760979363
Piraquê,2021-01-17,51,0,1,0,0.14285714285714285,0.0,,1.7075701760979363
Piraquê,2021-01-18,51,0,1,0,0.14285714285714285,0.0,,1.7075701760979363
Piraquê,2021-01-19,51,0,1,0,0.14285714285714285,0.0,,1.7075701760979363
Piraquê,2021-01-20,51,0,1,0,0.07142857142857142,0.0,,1.7075701760979363
Pium,2020-03-27,0,0,0,0,,,,0.0
Pium,2020-03-28,0,0,0,0,,,,0.0
Pium,2020-03-29,0,0,0,0,,,,0.0
Pium,2020-03-30,0,0,0,0,,,,0.0
Pium,2020-03-31,0,0,0,0,,,,0.0
Pium,2020-04-01,0,0,0,0,,,,0.0
Pium,2020-04-02,0,0,0,0,,,,0.0
Pium,2020-04-03,0,0,0,0,,,,0.0
Pium,2020-04-04,0,0,0,0,,,,0.0
Pium,2020-04-05,0,0,0,0,,,,0.0
Pium,2020-04-06,0,0,0,0,,,,0.0
Pium,2020-04-07,0,0,0,0,,,,0.0
Pium,2020-04-08,0,0,0,0,,,,0.0
Pium,2020-04-09,0,0,0,0,0.0,0.0,,0.0
Pium,2020-04-10,0,0,0,0,0.0,0.0,,0.0
Pium,2020-04-11,0,0,0,0,0.0,0.0,,0.0
Pium,2020-04-12,0,0,0,0,0.0,0.0,,0.0
Pium,2020-04-13,0,0,0,0,0.0,0.0,,0.0
Pium,2020-04-14,0,0,0,0,0.0,0.0,,0.0
Pium,2020-04-15,0,0,0,0,0.0,0.0,,0.0
Pium,2020-04-16,0,0,0,0,0.0,0.0,,0.0
Pium,2020-04-17,0,0,0,0,0.0,0.0,,0.0
Pium,2020-04-18,0,0,0,0,0.0,0.0,,0.0
Pium,2020-04-19,0,0,0,0,0.0,0.0,,0.0
Pium,2020-04-20,0,0,0,0,0.0,0.0,,0.0
Pium,2020-04-21,0,0,0,0,0.0,0.0,,0.0
Pium,2020-04-22,0,0,0,0,0.0,0.0,,0.0
Pium,2020-04-23,0,0,0,0,0.0,0.0,,0.0
Pium,2020-04-24,0,0,0,0,0.0,0.0,,0.0
Pium,2020-04-25,0,0,0,0,0.0,0.0,,0.0
Pium,2020-04-26,0,0,0,0,0.0,0.0,,0.0
Pium,2020-04-27,0,0,0,0,0.0,0.0,,0.0
Pium,2020-04-28,0,0,0,0,0.0,0.0,,0.0
Pium,2020-04-29,0,0,0,0,0.0,0.0,,0.0
Pium,2020-04-30,0,0,0,0,0.0,0.0,,0.0
Pium,2020-05-01,0,0,0,0,0.0,0.0,,0.0
Pium,2020-05-02,0,0,0,0,0.0,0.0,,0.0
Pium,2020-05-03,0,0,0,0,0.0,0.0,,0.0
Pium,2020-05-04,0,0,0,0,0.0,0.0,,0.0
Pium,2020-05-05,0,0,0,0,0.0,0.0,,0.0
Pium,2020-05-06,0,0,0,0,0.0,0.0,,0.0
Pium,2020-05-07,0,0,0,0,0.0,0.0,,0.0
Pium,2020-05-08,0,0,0,0,0.0,0.0,,0.0
Pium,2020-05-09,0,0,0,0,0.0,0.0,,0.0
Pium,2020-05-10,0,0,0,0,0.0,0.0,,0.0
Pium,2020-05-11,0,0,0,0,0.0,0.0,,0.0
Pium,2020-05-12,0,0,0,0,0.0,0.0,,0.0
Pium,2020-05-13,0,0,0,0,0.0,0.0,,0.0
Pium,2020-05-14,0,0,0,0,0.0,0.0,,0.0
Pium,2020-05-15,0,0,0,0,0.0,0.0,,0.0
Pium,2020-05-16,0,0,0,0,0.0,0.0,,0.0
Pium,2020-05-17,0,0,0,0,0.0,0.0,,0.0
Pium,2020-05-18,0,0,0,0,0.0,0.0,,0.0
Pium,2020-05-19,0,0,0,0,0.0,0.0,,0.0
Pium,2020-05-20,0,0,0,0,0.0,0.0,,0.0
Pium,2020-05-21,0,0,0,0,0.0,0.0,,0.0
Pium,2020-05-22,0,0,0,0,0.0,0.0,,0.0
Pium,2020-05-23,0,0,0,0,0.0,0.0,,0.0
Pium,2020-05-24,0,0,0,0,0.0,0.0,,0.0
Pium,2020-05-25,0,0,0,0,0.0,0.0,,0.0
Pium,2020-05-26,0,0,0,0,0.0,0.0,,0.0
Pium,2020-05-27,0,0,0,0,0.0,0.0,,0.0
Pium,2020-05-28,0,0,0,0,0.0,0.0,,0.0
Pium,2020-05-29,0,0,0,0,0.0,0.0,,0.0
Pium,2020-05-30,0,0,0,0,0.0,0.0,,0.0
Pium,2020-05-31,1,1,0,0,0.07142857142857142,0.0,,0.0
Pium,2020-06-01,1,0,0,0,0.07142857142857142,0.0,,0.0
Pium,2020-06-02,1,0,0,0,0.07142857142857142,0.0,,0.0
Pium,2020-06-03,1,0,0,0,0.07142857142857142,0.0,,0.0
Pium,2020-06-04,1,0,0,0,0.07142857142857142,0.0,,0.0
Pium,2020-06-05,1,0,0,0,0.07142857142857142,0.0,,0.0
Pium,2020-06-06,1,0,0,0,0.07142857142857142,0.0,,0.0
Pium,2020-06-07,1,0,0,0,0.07142857142857142,0.0,,0.0
Pium,2020-06-08,1,0,0,0,0.07142857142857142,0.0,,0.0
Pium,2020-06-09,1,0,0,0,0.07142857142857142,0.0,,0.0
Pium,2020-06-10,1,0,0,0,0.07142857142857142,0.0,,0.0
Pium,2020-06-11,1,0,0,0,0.07142857142857142,0.0,,0.0
Pium,2020-06-12,1,0,0,0,0.07142857142857142,0.0,,0.0
Pium,2020-06-13,2,1,0,0,0.14285714285714285,0.0,,0.3010299956639812
Pium,2020-06-14,2,0,0,0,0.07142857142857142,0.0,,0.3010299956639812
Pium,2020-06-15,2,0,0,0,0.07142857142857142,0.0,,0.3010299956639812
Pium,2020-06-16,2,0,0,0,0.07142857142857142,0.0,,0.3010299956639812
Pium,2020-06-17,2,0,0,0,0.07142857142857142,0.0,,0.3010299956639812
Pium,2020-06-18,2,0,0,0,0.07142857142857142,0.0,,0.3010299956639812
Pium,2020-06-19,2,0,0,0,0.07142857142857142,0.0,,0.3010299956639812
Pium,2020-06-20,2,0,0,0,0.07142857142857142,0.0,,0.3010299956639812
Pium,2020-06-21,2,0,0,0,0.07142857142857142,0.0,,0.3010299956639812
Pium,2020-06-22,2,0,0,0,0.07142857142857142,0.0,,0.3010299956639812
Pium,2020-06-23,2,0,0,0,0.07142857142857142,0.0,,0.3010299956639812
Pium,2020-06-24,2,0,0,0,0.07142857142857142,0.0,,0.3010299956639812
Pium,2020-06-25,2,0,0,0,0.07142857142857142,0.0,,0.3010299956639812
Pium,2020-06-26,2,0,0,0,0.07142857142857142,0.0,,0.3010299956639812
Pium,2020-06-27,2,0,0,0,0.0,0.0,,0.3010299956639812
Pium,2020-06-28,2,0,0,0,0.0,0.0,,0.3010299956639812
Pium,2020-06-29,2,0,0,0,0.0,0.0,,0.3010299956639812
Pium,2020-06-30,2,0,0,0,0.0,0.0,,0.3010299956639812
Pium,2020-07-01,2,0,0,0,0.0,0.0,,0.3010299956639812
Pium,2020-07-02,2,0,0,0,0.0,0.0,,0.3010299956639812
Pium,2020-07-03,2,0,0,0,0.0,0.0,,0.3010299956639812
Pium,2020-07-04,4,2,0,0,0.14285714285714285,0.0,,0.6020599913279624
Pium,2020-07-05,4,0,0,0,0.14285714285714285,0.0,,0.6020599913279624
Pium,2020-07-06,4,0,0,0,0.14285714285714285,0.0,,0.6020599913279624
Pium,2020-07-07,4,0,0,0,0.14285714285714285,0.0,,0.6020599913279624
Pium,2020-07-08,4,0,0,0,0.14285714285714285,0.0,,0.6020599913279624
Pium,2020-07-09,4,0,0,0,0.14285714285714285,0.0,,0.6020599913279624
Pium,2020-07-10,5,1,0,0,0.21428571428571427,0.0,,0.6989700043360189
Pium,2020-07-11,5,0,0,0,0.21428571428571427,0.0,,0.6989700043360189
Pium,2020-07-12,6,1,0,0,0.2857142857142857,0.0,,0.7781512503836436
Pium,2020-07-13,6,0,0,0,0.2857142857142857,0.0,,0.7781512503836436
Pium,2020-07-14,12,6,0,0,0.7142857142857143,0.0,,1.0791812460476249
Pium,2020-07-15,11,-1,0,0,0.6428571428571429,0.0,,1.041392685158225
Pium,2020-07-16,11,0,0,0,0.6428571428571429,0.0,,1.041392685158225
Pium,2020-07-17,11,0,0,0,0.6428571428571429,0.0,,1.041392685158225
Pium,2020-07-18,11,0,0,0,0.5,0.0,,1.041392685158225
Pium,2020-07-19,12,1,0,0,0.5714285714285714,0.0,,1.0791812460476249
Pium,2020-07-20,13,1,0,0,0.6428571428571429,0.0,,1.1139433523068367
Pium,2020-07-21,7,-6,0,0,0.21428571428571427,0.0,,0.8450980400142568
Pium,2020-07-22,9,2,1,1,0.35714285714285715,0.07142857142857142,inf,0.9542425094393249
Pium,2020-07-23,9,0,1,0,0.35714285714285715,0.07142857142857142,inf,0.9542425094393249
Pium,2020-07-24,7,-2,0,-1,0.14285714285714285,0.0,,0.8450980400142568
Pium,2020-07-25,7,0,0,0,0.14285714285714285,0.0,,0.8450980400142568
Pium,2020-07-26,26,19,0,0,1.4285714285714286,0.0,,1.414973347970818
Pium,2020-07-27,26,0,0,0,1.4285714285714286,0.0,,1.414973347970818
Pium,2020-07-28,29,3,0,0,1.2142857142857142,0.0,,1.462397997898956
Pium,2020-07-29,29,0,0,0,1.2857142857142858,0.0,,1.462397997898956
Pium,2020-07-30,33,4,0,0,1.5714285714285714,0.0,,1.5185139398778875
Pium,2020-07-31,33,0,0,0,1.5714285714285714,0.0,,1.5185139398778875
Pium,2020-08-01,38,5,0,0,1.9285714285714286,0.0,,1.5797835966168101
Pium,2020-08-02,38,0,0,0,1.8571428571428572,0.0,,1.5797835966168101
Pium,2020-08-03,45,7,0,0,2.2857142857142856,0.0,,1.6532125137753437
Pium,2020-08-04,50,5,0,0,3.0714285714285716,0.0,,1.6989700043360187
Pium,2020-08-05,57,7,0,0,3.4285714285714284,-0.07142857142857142,-2.0,1.7558748556724915
Pium,2020-08-06,57,0,0,0,3.4285714285714284,-0.07142857142857142,-2.0,1.7558748556724915
Pium,2020-08-07,72,15,0,0,4.642857142857143,0.0,,1.8573324964312685
Pium,2020-08-08,73,1,0,0,4.714285714285714,0.0,,1.863322860120456
Pium,2020-08-09,74,1,0,0,3.4285714285714284,0.0,,1.8692317197309762
Pium,2020-08-10,80,6,0,0,3.857142857142857,0.0,,1.9030899869919435
Pium,2020-08-11,81,1,0,0,3.7142857142857144,0.0,,1.9084850188786497
Pium,2020-08-12,82,1,0,0,3.7857142857142856,0.0,,1.9138138523837167
Pium,2020-08-13,90,8,0,0,4.071428571428571,0.0,,1.9542425094393248
Pium,2020-08-14,101,11,0,0,4.857142857142857,0.0,,2.0043213737826426
Pium,2020-08-15,102,1,0,0,4.571428571428571,0.0,,2.0086001717619175
Pium,2020-08-16,102,0,0,0,4.571428571428571,0.0,,2.0086001717619175
Pium,2020-08-17,102,0,0,0,4.071428571428571,0.0,,2.0086001717619175
Pium,2020-08-18,102,0,1,1,3.7142857142857144,0.07142857142857142,inf,2.0086001717619175
Pium,2020-08-19,104,2,1,0,3.357142857142857,0.07142857142857142,-2.0,2.0170333392987803
Pium,2020-08-20,103,-1,1,0,3.2857142857142856,0.07142857142857142,-2.0,2.012837224705172
Pium,2020-08-21,101,-2,1,0,2.0714285714285716,0.07142857142857142,inf,2.0043213737826426
Pium,2020-08-22,101,0,1,0,2.0,0.07142857142857142,inf,2.0043213737826426
Pium,2020-08-23,101,0,1,0,1.9285714285714286,0.07142857142857142,inf,2.0043213737826426
Pium,2020-08-24,101,0,1,0,1.5,0.07142857142857142,inf,2.0043213737826426
Pium,2020-08-25,101,0,1,0,1.4285714285714286,0.07142857142857142,inf,2.0043213737826426
Pium,2020-08-26,101,0,1,0,1.3571428571428572,0.07142857142857142,inf,2.0043213737826426
Pium,2020-08-27,102,1,1,0,0.8571428571428571,0.07142857142857142,inf,2.0086001717619175
Pium,2020-08-28,104,2,1,0,0.21428571428571427,0.07142857142857142,inf,2.0170333392987803
Pium,2020-08-29,104,0,1,0,0.14285714285714285,0.07142857142857142,inf,2.0170333392987803
Pium,2020-08-30,104,0,1,0,0.14285714285714285,0.07142857142857142,inf,2.0170333392987803
Pium,2020-08-31,104,0,1,0,0.14285714285714285,0.07142857142857142,inf,2.0170333392987803
Pium,2020-09-01,104,0,1,0,0.14285714285714285,0.0,-1.0,2.0170333392987803
Pium,2020-09-02,105,1,1,0,0.07142857142857142,0.0,-1.0,2.0211892990699383
Pium,2020-09-03,105,0,1,0,0.14285714285714285,0.0,-1.0,2.0211892990699383
Pium,2020-09-04,105,0,1,0,0.2857142857142857,0.0,-1.0,2.0211892990699383
Pium,2020-09-05,105,0,1,0,0.2857142857142857,0.0,-1.0,2.0211892990699383
Pium,2020-09-06,105,0,1,0,0.2857142857142857,0.0,-1.0,2.0211892990699383
Pium,2020-09-07,105,0,1,0,0.2857142857142857,0.0,-1.0,2.0211892990699383
Pium,2020-09-08,105,0,1,0,0.2857142857142857,0.0,-1.0,2.0211892990699383
Pium,2020-09-09,105,0,1,0,0.2857142857142857,0.0,-1.0,2.0211892990699383
Pium,2020-09-10,105,0,1,0,0.21428571428571427,0.0,-1.0,2.0211892990699383
Pium,2020-09-11,105,0,1,0,0.07142857142857142,0.0,-1.0,2.0211892990699383
Pium,2020-09-12,128,23,1,0,1.7142857142857142,0.0,-1.0,2.1072099696478683
Pium,2020-09-13,128,0,1,0,1.7142857142857142,0.0,-1.0,2.1072099696478683
Pium,2020-09-14,128,0,1,0,1.7142857142857142,0.0,-1.0,2.1072099696478683
Pium,2020-09-15,128,0,1,0,1.7142857142857142,0.0,,2.1072099696478683
Pium,2020-09-16,128,0,1,0,1.6428571428571428,0.0,,2.1072099696478683
Pium,2020-09-17,130,2,1,0,1.7857142857142858,0.0,,2.113943352306837
Pium,2020-09-18,158,28,1,0,3.7857142857142856,0.0,,2.1986570869544226
Pium,2020-09-19,158,0,1,0,3.7857142857142856,0.0,,2.1986570869544226
Pium,2020-09-20,158,0,1,0,3.7857142857142856,0.0,,2.1986570869544226
Pium,2020-09-21,158,0,1,0,3.7857142857142856,0.0,,2.1986570869544226
Pium,2020-09-22,169,11,1,0,4.571428571428571,0.0,,2.2278867046136734
Pium,2020-09-23,169,0,1,0,4.571428571428571,0.0,,2.2278867046136734
Pium,2020-09-24,169,0,1,0,4.571428571428571,0.0,,2.2278867046136734
Pium,2020-09-25,169,0,1,0,4.571428571428571,0.0,,2.2278867046136734
Pium,2020-09-26,169,0,1,0,2.9285714285714284,0.0,,2.2278867046136734
Pium,2020-09-27,169,0,1,0,2.9285714285714284,0.0,,2.2278867046136734
Pium,2020-09-28,169,0,1,0,2.9285714285714284,0.0,,2.2278867046136734
Pium,2020-09-29,169,0,1,0,2.9285714285714284,0.0,,2.2278867046136734
Pium,2020-09-30,169,0,1,0,2.9285714285714284,0.0,,2.2278867046136734
Pium,2020-10-01,169,0,1,0,2.7857142857142856,0.0,,2.2278867046136734
Pium,2020-10-02,169,0,1,0,0.7857142857142857,0.0,,2.2278867046136734
Pium,2020-10-03,169,0,1,0,0.7857142857142857,0.0,,2.2278867046136734
Pium,2020-10-04,169,0,1,0,0.7857142857142857,0.0,,2.2278867046136734
Pium,2020-10-05,169,0,1,0,0.7857142857142857,0.0,,2.2278867046136734
Pium,2020-10-06,169,0,1,0,0.0,0.0,,2.2278867046136734
Pium,2020-10-07,169,0,1,0,0.0,0.0,,2.2278867046136734
Pium,2020-10-08,169,0,1,0,0.0,0.0,,2.2278867046136734
Pium,2020-10-09,169,0,1,0,0.0,0.0,,2.2278867046136734
Pium,2020-10-10,169,0,1,0,0.0,0.0,,2.2278867046136734
Pium,2020-10-11,169,0,1,0,0.0,0.0,,2.2278867046136734
Pium,2020-10-12,169,0,1,0,0.0,0.0,,2.2278867046136734
Pium,2020-10-13,169,0,1,0,0.0,0.0,,2.2278867046136734
Pium,2020-10-14,168,-1,1,0,-0.07142857142857142,0.0,,2.225309281725863
Pium,2020-10-15,168,0,1,0,-0.07142857142857142,0.0,,2.225309281725863
Pium,2020-10-16,168,0,1,0,-0.07142857142857142,0.0,,2.225309281725863
Pium,2020-10-17,168,0,1,0,-0.07142857142857142,0.0,,2.225309281725863
Pium,2020-10-18,168,0,1,0,-0.07142857142857142,0.0,,2.225309281725863
Pium,2020-10-19,168,0,1,0,-0.07142857142857142,0.0,,2.225309281725863
Pium,2020-10-20,168,0,1,0,-0.07142857142857142,0.0,,2.225309281725863
Pium,2020-10-21,168,0,1,0,-0.07142857142857142,0.0,,2.225309281725863
Pium,2020-10-22,169,1,1,0,0.0,0.0,,2.2278867046136734
Pium,2020-10-23,169,0,1,0,0.0,0.0,,2.2278867046136734
Pium,2020-10-24,169,0,1,0,0.0,0.0,,2.2278867046136734
Pium,2020-10-25,169,0,1,0,0.0,0.0,,2.2278867046136734
Pium,2020-10-26,169,0,1,0,0.0,0.0,,2.2278867046136734
Pium,2020-10-27,172,3,1,0,0.21428571428571427,0.0,,2.2355284469075487
Pium,2020-10-28,213,41,1,0,3.2142857142857144,0.0,,2.3283796034387376
Pium,2020-10-29,213,0,1,0,3.2142857142857144,0.0,,2.3283796034387376
Pium,2020-10-30,220,7,1,0,3.7142857142857144,0.0,,2.342422680822206
Pium,2020-10-31,220,0,1,0,3.7142857142857144,0.0,,2.342422680822206
Pium,2020-11-01,220,0,1,0,3.7142857142857144,0.0,,2.342422680822206
Pium,2020-11-02,220,0,1,0,3.7142857142857144,0.0,,2.342422680822206
Pium,2020-11-03,220,0,1,0,3.7142857142857144,0.0,,2.342422680822206
Pium,2020-11-04,220,0,1,0,3.7142857142857144,0.0,,2.342422680822206
Pium,2020-11-05,220,0,1,0,3.642857142857143,0.0,,2.342422680822206
Pium,2020-11-06,220,0,1,0,3.642857142857143,0.0,,2.342422680822206
Pium,2020-11-07,220,0,1,0,3.642857142857143,0.0,,2.342422680822206
Pium,2020-11-08,220,0,1,0,3.642857142857143,0.0,,2.342422680822206
Pium,2020-11-09,220,0,1,0,3.642857142857143,0.0,,2.342422680822206
Pium,2020-11-10,220,0,1,0,3.4285714285714284,0.0,,2.342422680822206
Pium,2020-11-11,220,0,1,0,0.5,0.0,,2.342422680822206
Pium,2020-11-12,220,0,1,0,0.5,0.0,,2.342422680822206
Pium,2020-11-13,220,0,1,0,0.0,0.0,,2.342422680822206
Pium,2020-11-14,220,0,1,0,0.0,0.0,,2.342422680822206
Pium,2020-11-15,220,0,1,0,0.0,0.0,,2.342422680822206
Pium,2020-11-16,220,0,1,0,0.0,0.0,,2.342422680822206
Pium,2020-11-17,220,0,1,0,0.0,0.0,,2.342422680822206
Pium,2020-11-18,220,0,1,0,0.0,0.0,,2.342422680822206
Pium,2020-11-19,220,0,1,0,0.0,0.0,,2.342422680822206
Pium,2020-11-20,220,0,1,0,0.0,0.0,,2.342422680822206
Pium,2020-11-21,220,0,1,0,0.0,0.0,,2.342422680822206
Pium,2020-11-22,220,0,1,0,0.0,0.0,,2.342422680822206
Pium,2020-11-23,220,0,1,0,0.0,0.0,,2.342422680822206
Pium,2020-11-24,220,0,1,0,0.0,0.0,,2.342422680822206
Pium,2020-11-25,220,0,1,0,0.0,0.0,,2.342422680822206
Pium,2020-11-26,220,0,1,0,0.0,0.0,,2.342422680822206
Pium,2020-11-27,220,0,1,0,0.0,0.0,,2.342422680822206
Pium,2020-11-28,220,0,1,0,0.0,0.0,,2.342422680822206
Pium,2020-11-29,220,0,1,0,0.0,0.0,,2.342422680822206
Pium,2020-11-30,220,0,1,0,0.0,0.0,,2.342422680822206
Pium,2020-12-01,220,0,1,0,0.0,0.0,,2.342422680822206
Pium,2020-12-02,220,0,1,0,0.0,0.0,,2.342422680822206
Pium,2020-12-03,220,0,1,0,0.0,0.0,,2.342422680822206
Pium,2020-12-04,222,2,1,0,0.14285714285714285,0.0,,2.346352974450639
Pium,2020-12-05,222,0,1,0,0.14285714285714285,0.0,,2.346352974450639
Pium,2020-12-06,222,0,1,0,0.14285714285714285,0.0,,2.346352974450639
Pium,2020-12-07,222,0,1,0,0.14285714285714285,0.0,,2.346352974450639
Pium,2020-12-08,222,0,1,0,0.14285714285714285,0.0,,2.346352974450639
Pium,2020-12-09,222,0,1,0,0.14285714285714285,0.0,,2.346352974450639
Pium,2020-12-10,222,0,1,0,0.14285714285714285,0.0,,2.346352974450639
Pium,2020-12-11,222,0,1,0,0.14285714285714285,0.0,,2.346352974450639
Pium,2020-12-12,222,0,1,0,0.14285714285714285,0.0,,2.346352974450639
Pium,2020-12-13,222,0,1,0,0.14285714285714285,0.0,,2.346352974450639
Pium,2020-12-14,222,0,1,0,0.14285714285714285,0.0,,2.346352974450639
Pium,2020-12-15,222,0,1,0,0.14285714285714285,0.0,,2.346352974450639
Pium,2020-12-16,222,0,1,0,0.14285714285714285,0.0,,2.346352974450639
Pium,2020-12-17,222,0,1,0,0.14285714285714285,0.0,,2.346352974450639
Pium,2020-12-18,222,0,1,0,0.0,0.0,,2.346352974450639
Pium,2020-12-19,222,0,1,0,0.0,0.0,,2.346352974450639
Pium,2020-12-20,222,0,1,0,0.0,0.0,,2.346352974450639
Pium,2020-12-21,222,0,1,0,0.0,0.0,,2.346352974450639
Pium,2020-12-22,222,0,1,0,0.0,0.0,,2.346352974450639
Pium,2020-12-23,222,0,1,0,0.0,0.0,,2.346352974450639
Pium,2020-12-24,222,0,1,0,0.0,0.0,,2.346352974450639
Pium,2020-12-25,222,0,1,0,0.0,0.0,,2.346352974450639
Pium,2020-12-26,222,0,1,0,0.0,0.0,,2.346352974450639
Pium,2020-12-27,222,0,1,0,0.0,0.0,,2.346352974450639
Pium,2020-12-28,222,0,1,0,0.0,0.0,,2.346352974450639
Pium,2020-12-29,222,0,1,0,0.0,0.0,,2.346352974450639
Pium,2020-12-30,222,0,1,0,0.0,0.0,,2.346352974450639
Pium,2020-12-31,222,0,1,0,0.0,0.0,,2.346352974450639
Pium,2021-01-01,222,0,1,0,0.0,0.0,,2.346352974450639
Pium,2021-01-02,222,0,1,0,0.0,0.0,,2.346352974450639
Pium,2021-01-03,222,0,1,0,0.0,0.0,,2.346352974450639
Pium,2021-01-04,222,0,1,0,0.0,0.0,,2.346352974450639
Pium,2021-01-05,222,0,1,0,0.0,0.0,,2.346352974450639
Pium,2021-01-06,222,0,1,0,0.0,0.0,,2.346352974450639
Pium,2021-01-07,222,0,1,0,0.0,0.0,,2.346352974450639
Pium,2021-01-08,222,0,1,0,0.0,0.0,,2.346352974450639
Pium,2021-01-09,222,0,1,0,0.0,0.0,,2.346352974450639
Pium,2021-01-10,222,0,1,0,0.0,0.0,,2.346352974450639
Pium,2021-01-11,222,0,1,0,0.0,0.0,,2.346352974450639
Pium,2021-01-12,222,0,1,0,0.0,0.0,,2.346352974450639
Pium,2021-01-13,222,0,1,0,0.0,0.0,,2.346352974450639
Pium,2021-01-14,222,0,1,0,0.0,0.0,,2.346352974450639
Pium,2021-01-15,222,0,1,0,0.0,0.0,,2.346352974450639
Pium,2021-01-16,222,0,1,0,0.0,0.0,,2.346352974450639
Pium,2021-01-17,222,0,1,0,0.0,0.0,,2.346352974450639
Pium,2021-01-18,224,2,1,0,0.14285714285714285,0.0,,2.3502480183341627
Pium,2021-01-19,224,0,1,0,0.14285714285714285,0.0,,2.3502480183341627
Pium,2021-01-20,224,0,1,0,0.14285714285714285,0.0,,2.3502480183341627
Ponte Alta do Bom Jesus,2020-03-27,0,0,0,0,,,,0.0
Ponte Alta do Bom Jesus,2020-03-28,0,0,0,0,,,,0.0
Ponte Alta do Bom Jesus,2020-03-29,0,0,0,0,,,,0.0
Ponte Alta do Bom Jesus,2020-03-30,0,0,0,0,,,,0.0
Ponte Alta do Bom Jesus,2020-03-31,0,0,0,0,,,,0.0
Ponte Alta do Bom Jesus,2020-04-01,0,0,0,0,,,,0.0
Ponte Alta do Bom Jesus,2020-04-02,0,0,0,0,,,,0.0
Ponte Alta do Bom Jesus,2020-04-03,0,0,0,0,,,,0.0
Ponte Alta do Bom Jesus,2020-04-04,0,0,0,0,,,,0.0
Ponte Alta do Bom Jesus,2020-04-05,0,0,0,0,,,,0.0
Ponte Alta do Bom Jesus,2020-04-06,0,0,0,0,,,,0.0
Ponte Alta do Bom Jesus,2020-04-07,0,0,0,0,,,,0.0
Ponte Alta do Bom Jesus,2020-04-08,0,0,0,0,,,,0.0
Ponte Alta do Bom Jesus,2020-04-09,0,0,0,0,0.0,0.0,,0.0
Ponte Alta do Bom Jesus,2020-04-10,0,0,0,0,0.0,0.0,,0.0
Ponte Alta do Bom Jesus,2020-04-11,0,0,0,0,0.0,0.0,,0.0
Ponte Alta do Bom Jesus,2020-04-12,0,0,0,0,0.0,0.0,,0.0
Ponte Alta do Bom Jesus,2020-04-13,0,0,0,0,0.0,0.0,,0.0
Ponte Alta do Bom Jesus,2020-04-14,0,0,0,0,0.0,0.0,,0.0
Ponte Alta do Bom Jesus,2020-04-15,0,0,0,0,0.0,0.0,,0.0
Ponte Alta do Bom Jesus,2020-04-16,0,0,0,0,0.0,0.0,,0.0
Ponte Alta do Bom Jesus,2020-04-17,0,0,0,0,0.0,0.0,,0.0
Ponte Alta do Bom Jesus,2020-04-18,0,0,0,0,0.0,0.0,,0.0
Ponte Alta do Bom Jesus,2020-04-19,0,0,0,0,0.0,0.0,,0.0
Ponte Alta do Bom Jesus,2020-04-20,0,0,0,0,0.0,0.0,,0.0
Ponte Alta do Bom Jesus,2020-04-21,0,0,0,0,0.0,0.0,,0.0
Ponte Alta do Bom Jesus,2020-04-22,0,0,0,0,0.0,0.0,,0.0
Ponte Alta do Bom Jesus,2020-04-23,0,0,0,0,0.0,0.0,,0.0
Ponte Alta do Bom Jesus,2020-04-24,0,0,0,0,0.0,0.0,,0.0
Ponte Alta do Bom Jesus,2020-04-25,0,0,0,0,0.0,0.0,,0.0
Ponte Alta do Bom Jesus,2020-04-26,0,0,0,0,0.0,0.0,,0.0
Ponte Alta do Bom Jesus,2020-04-27,0,0,0,0,0.0,0.0,,0.0
Ponte Alta do Bom Jesus,2020-04-28,0,0,0,0,0.0,0.0,,0.0
Ponte Alta do Bom Jesus,2020-04-29,0,0,0,0,0.0,0.0,,0.0
Ponte Alta do Bom Jesus,2020-04-30,0,0,0,0,0.0,0.0,,0.0
Ponte Alta do Bom Jesus,2020-05-01,0,0,0,0,0.0,0.0,,0.0
Ponte Alta do Bom Jesus,2020-05-02,0,0,0,0,0.0,0.0,,0.0
Ponte Alta do Bom Jesus,2020-05-03,0,0,0,0,0.0,0.0,,0.0
Ponte Alta do Bom Jesus,2020-05-04,0,0,0,0,0.0,0.0,,0.0
Ponte Alta do Bom Jesus,2020-05-05,0,0,0,0,0.0,0.0,,0.0
Ponte Alta do Bom Jesus,2020-05-06,0,0,0,0,0.0,0.0,,0.0
Ponte Alta do Bom Jesus,2020-05-07,0,0,0,0,0.0,0.0,,0.0
Ponte Alta do Bom Jesus,2020-05-08,0,0,0,0,0.0,0.0,,0.0
Ponte Alta do Bom Jesus,2020-05-09,0,0,0,0,0.0,0.0,,0.0
Ponte Alta do Bom Jesus,2020-05-10,0,0,0,0,0.0,0.0,,0.0
Ponte Alta do Bom Jesus,2020-05-11,0,0,0,0,0.0,0.0,,0.0
Ponte Alta do Bom Jesus,2020-05-12,0,0,0,0,0.0,0.0,,0.0
Ponte Alta do Bom Jesus,2020-05-13,0,0,0,0,0.0,0.0,,0.0
Ponte Alta do Bom Jesus,2020-05-14,0,0,0,0,0.0,0.0,,0.0
Ponte Alta do Bom Jesus,2020-05-15,0,0,0,0,0.0,0.0,,0.0
Ponte Alta do Bom Jesus,2020-05-16,0,0,0,0,0.0,0.0,,0.0
Ponte Alta do Bom Jesus,2020-05-17,0,0,0,0,0.0,0.0,,0.0
Ponte Alta do Bom Jesus,2020-05-18,0,0,0,0,0.0,0.0,,0.0
Ponte Alta do Bom Jesus,2020-05-19,0,0,0,0,0.0,0.0,,0.0
Ponte Alta do Bom Jesus,2020-05-20,0,0,0,0,0.0,0.0,,0.0
Ponte Alta do Bom Jesus,2020-05-21,0,0,0,0,0.0,0.0,,0.0
Ponte Alta do Bom Jesus,2020-05-22,0,0,0,0,0.0,0.0,,0.0
Ponte Alta do Bom Jesus,2020-05-23,0,0,0,0,0.0,0.0,,0.0
Ponte Alta do Bom Jesus,2020-05-24,0,0,0,0,0.0,0.0,,0.0
Ponte Alta do Bom Jesus,2020-05-25,0,0,0,0,0.0,0.0,,0.0
Ponte Alta do Bom Jesus,2020-05-26,0,0,0,0,0.0,0.0,,0.0
Ponte Alta do Bom Jesus,2020-05-27,0,0,0,0,0.0,0.0,,0.0
Ponte Alta do Bom Jesus,2020-05-28,0,0,0,0,0.0,0.0,,0.0
Ponte Alta do Bom Jesus,2020-05-29,0,0,0,0,0.0,0.0,,0.0
Ponte Alta do Bom Jesus,2020-05-30,0,0,0,0,0.0,0.0,,0.0
Ponte Alta do Bom Jesus,2020-05-31,0,0,0,0,0.0,0.0,,0.0
Ponte Alta do Bom Jesus,2020-06-01,0,0,0,0,0.0,0.0,,0.0
Ponte Alta do Bom Jesus,2020-06-02,0,0,0,0,0.0,0.0,,0.0
Ponte Alta do Bom Jesus,2020-06-03,0,0,0,0,0.0,0.0,,0.0
Ponte Alta do Bom Jesus,2020-06-04,0,0,0,0,0.0,0.0,,0.0
Ponte Alta do Bom Jesus,2020-06-05,0,0,0,0,0.0,0.0,,0.0
Ponte Alta do Bom Jesus,2020-06-06,0,0,0,0,0.0,0.0,,0.0
Ponte Alta do Bom Jesus,2020-06-07,0,0,0,0,0.0,0.0,,0.0
Ponte Alta do Bom Jesus,2020-06-08,0,0,0,0,0.0,0.0,,0.0
Ponte Alta do Bom Jesus,2020-06-09,0,0,0,0,0.0,0.0,,0.0
Ponte Alta do Bom Jesus,2020-06-10,0,0,0,0,0.0,0.0,,0.0
Ponte Alta do Bom Jesus,2020-06-11,0,0,0,0,0.0,0.0,,0.0
Ponte Alta do Bom Jesus,2020-06-12,0,0,0,0,0.0,0.0,,0.0
Ponte Alta do Bom Jesus,2020-06-13,0,0,0,0,0.0,0.0,,0.0
Ponte Alta do Bom Jesus,2020-06-14,0,0,0,0,0.0,0.0,,0.0
Ponte Alta do Bom Jesus,2020-06-15,0,0,0,0,0.0,0.0,,0.0
Ponte Alta do Bom Jesus,2020-06-16,0,0,0,0,0.0,0.0,,0.0
Ponte Alta do Bom Jesus,2020-06-17,0,0,0,0,0.0,0.0,,0.0
Ponte Alta do Bom Jesus,2020-06-18,0,0,0,0,0.0,0.0,,0.0
Ponte Alta do Bom Jesus,2020-06-19,0,0,0,0,0.0,0.0,,0.0
Ponte Alta do Bom Jesus,2020-06-20,0,0,0,0,0.0,0.0,,0.0
Ponte Alta do Bom Jesus,2020-06-21,0,0,0,0,0.0,0.0,,0.0
Ponte Alta do Bom Jesus,2020-06-22,0,0,0,0,0.0,0.0,,0.0
Ponte Alta do Bom Jesus,2020-06-23,0,0,0,0,0.0,0.0,,0.0
Ponte Alta do Bom Jesus,2020-06-24,0,0,0,0,0.0,0.0,,0.0
Ponte Alta do Bom Jesus,2020-06-25,0,0,0,0,0.0,0.0,,0.0
Ponte Alta do Bom Jesus,2020-06-26,0,0,0,0,0.0,0.0,,0.0
Ponte Alta do Bom Jesus,2020-06-27,0,0,0,0,0.0,0.0,,0.0
Ponte Alta do Bom Jesus,2020-06-28,0,0,0,0,0.0,0.0,,0.0
Ponte Alta do Bom Jesus,2020-06-29,0,0,0,0,0.0,0.0,,0.0
Ponte Alta do Bom Jesus,2020-06-30,0,0,0,0,0.0,0.0,,0.0
Ponte Alta do Bom Jesus,2020-07-01,0,0,0,0,0.0,0.0,,0.0
Ponte Alta do Bom Jesus,2020-07-02,0,0,0,0,0.0,0.0,,0.0
Ponte Alta do Bom Jesus,2020-07-03,0,0,0,0,0.0,0.0,,0.0
Ponte Alta do Bom Jesus,2020-07-04,0,0,0,0,0.0,0.0,,0.0
Ponte Alta do Bom Jesus,2020-07-05,0,0,0,0,0.0,0.0,,0.0
Ponte Alta do Bom Jesus,2020-07-06,0,0,0,0,0.0,0.0,,0.0
Ponte Alta do Bom Jesus,2020-07-07,1,1,0,0,0.07142857142857142,0.0,,0.0
Ponte Alta do Bom Jesus,2020-07-08,1,0,0,0,0.07142857142857142,0.0,,0.0
Ponte Alta do Bom Jesus,2020-07-09,1,0,0,0,0.07142857142857142,0.0,,0.0
Ponte Alta do Bom Jesus,2020-07-10,2,1,0,0,0.14285714285714285,0.0,,0.3010299956639812
Ponte Alta do Bom Jesus,2020-07-11,4,2,0,0,0.2857142857142857,0.0,,0.6020599913279624
Ponte Alta do Bom Jesus,2020-07-12,4,0,0,0,0.2857142857142857,0.0,,0.6020599913279624
Ponte Alta do Bom Jesus,2020-07-13,5,1,0,0,0.35714285714285715,0.0,,0.6989700043360189
Ponte Alta do Bom Jesus,2020-07-14,5,0,0,0,0.35714285714285715,0.0,,0.6989700043360189
Ponte Alta do Bom Jesus,2020-07-15,5,0,0,0,0.35714285714285715,0.0,,0.6989700043360189
Ponte Alta do Bom Jesus,2020-07-16,5,0,0,0,0.35714285714285715,0.0,,0.6989700043360189
Ponte Alta do Bom Jesus,2020-07-17,5,0,0,0,0.35714285714285715,0.0,,0.6989700043360189
Ponte Alta do Bom Jesus,2020-07-18,5,0,0,0,0.35714285714285715,0.0,,0.6989700043360189
Ponte Alta do Bom Jesus,2020-07-19,5,0,0,0,0.35714285714285715,0.0,,0.6989700043360189
Ponte Alta do Bom Jesus,2020-07-20,5,0,0,0,0.35714285714285715,0.0,,0.6989700043360189
Ponte Alta do Bom Jesus,2020-07-21,5,0,0,0,0.2857142857142857,0.0,,0.6989700043360189
Ponte Alta do Bom Jesus,2020-07-22,5,0,0,0,0.2857142857142857,0.0,,0.6989700043360189
Ponte Alta do Bom Jesus,2020-07-23,5,0,0,0,0.2857142857142857,0.0,,0.6989700043360189
Ponte Alta do Bom Jesus,2020-07-24,5,0,0,0,0.21428571428571427,0.0,,0.6989700043360189
Ponte Alta do Bom Jesus,2020-07-25,7,2,0,0,0.21428571428571427,0.0,,0.8450980400142568
Ponte Alta do Bom Jesus,2020-07-26,7,0,0,0,0.21428571428571427,0.0,,0.8450980400142568
Ponte Alta do Bom Jesus,2020-07-27,7,0,0,0,0.14285714285714285,0.0,,0.8450980400142568
Ponte Alta do Bom Jesus,2020-07-28,7,0,0,0,0.14285714285714285,0.0,,0.8450980400142568
Ponte Alta do Bom Jesus,2020-07-29,7,0,0,0,0.14285714285714285,0.0,,0.8450980400142568
Ponte Alta do Bom Jesus,2020-07-30,7,0,0,0,0.14285714285714285,0.0,,0.8450980400142568
Ponte Alta do Bom Jesus,2020-07-31,7,0,0,0,0.14285714285714285,0.0,,0.8450980400142568
Ponte Alta do Bom Jesus,2020-08-01,7,0,0,0,0.14285714285714285,0.0,,0.8450980400142568
Ponte Alta do Bom Jesus,2020-08-02,7,0,0,0,0.14285714285714285,0.0,,0.8450980400142568
Ponte Alta do Bom Jesus,2020-08-03,7,0,0,0,0.14285714285714285,0.0,,0.8450980400142568
Ponte Alta do Bom Jesus,2020-08-04,7,0,0,0,0.14285714285714285,0.0,,0.8450980400142568
Ponte Alta do Bom Jesus,2020-08-05,7,0,0,0,0.14285714285714285,0.0,,0.8450980400142568
Ponte Alta do Bom Jesus,2020-08-06,7,0,0,0,0.14285714285714285,0.0,,0.8450980400142568
Ponte Alta do Bom Jesus,2020-08-07,7,0,0,0,0.14285714285714285,0.0,,0.8450980400142568
Ponte Alta do Bom Jesus,2020-08-08,8,1,0,0,0.07142857142857142,0.0,,0.9030899869919435
Ponte Alta do Bom Jesus,2020-08-09,8,0,0,0,0.07142857142857142,0.0,,0.9030899869919435
Ponte Alta do Bom Jesus,2020-08-10,8,0,0,0,0.07142857142857142,0.0,,0.9030899869919435
Ponte Alta do Bom Jesus,2020-08-11,8,0,0,0,0.07142857142857142,0.0,,0.9030899869919435
Ponte Alta do Bom Jesus,2020-08-12,9,1,1,1,0.14285714285714285,0.07142857142857142,inf,0.9542425094393249
Ponte Alta do Bom Jesus,2020-08-13,9,0,1,0,0.14285714285714285,0.07142857142857142,inf,0.9542425094393249
Ponte Alta do Bom Jesus,2020-08-14,14,5,1,0,0.5,0.07142857142857142,inf,1.146128035678238
Ponte Alta do Bom Jesus,2020-08-15,14,0,1,0,0.5,0.07142857142857142,inf,1.146128035678238
Ponte Alta do Bom Jesus,2020-08-16,14,0,1,0,0.5,0.07142857142857142,inf,1.146128035678238
Ponte Alta do Bom Jesus,2020-08-17,14,0,1,0,0.5,0.07142857142857142,inf,1.146128035678238
Ponte Alta do Bom Jesus,2020-08-18,14,0,1,0,0.5,0.07142857142857142,inf,1.146128035678238
Ponte Alta do Bom Jesus,2020-08-19,14,0,1,0,0.5,0.07142857142857142,inf,1.146128035678238
Ponte Alta do Bom Jesus,2020-08-20,14,0,1,0,0.5,0.07142857142857142,inf,1.146128035678238
Ponte Alta do Bom Jesus,2020-08-21,14,0,1,0,0.5,0.07142857142857142,inf,1.146128035678238
Ponte Alta do Bom Jesus,2020-08-22,14,0,1,0,0.42857142857142855,0.07142857142857142,inf,1.146128035678238
Ponte Alta do Bom Jesus,2020-08-23,14,0,1,0,0.42857142857142855,0.07142857142857142,inf,1.146128035678238
Ponte Alta do Bom Jesus,2020-08-24,14,0,1,0,0.42857142857142855,0.07142857142857142,inf,1.146128035678238
Ponte Alta do Bom Jesus,2020-08-25,14,0,1,0,0.42857142857142855,0.07142857142857142,inf,1.146128035678238
Ponte Alta do Bom Jesus,2020-08-26,14,0,1,0,0.35714285714285715,0.0,-1.0,1.146128035678238
Ponte Alta do Bom Jesus,2020-08-27,14,0,1,0,0.35714285714285715,0.0,-1.0,1.146128035678238
Ponte Alta do Bom Jesus,2020-08-28,14,0,1,0,0.0,0.0,-1.0,1.146128035678238
Ponte Alta do Bom Jesus,2020-08-29,14,0,1,0,0.0,0.0,-1.0,1.146128035678238
Ponte Alta do Bom Jesus,2020-08-30,14,0,1,0,0.0,0.0,-1.0,1.146128035678238
Ponte Alta do Bom Jesus,2020-08-31,14,0,1,0,0.0,0.0,-1.0,1.146128035678238
Ponte Alta do Bom Jesus,2020-09-01,14,0,1,0,0.0,0.0,-1.0,1.146128035678238
Ponte Alta do Bom Jesus,2020-09-02,14,0,1,0,0.0,0.0,-1.0,1.146128035678238
Ponte Alta do Bom Jesus,2020-09-03,14,0,1,0,0.0,0.0,-1.0,1.146128035678238
Ponte Alta do Bom Jesus,2020-09-04,14,0,1,0,0.0,0.0,-1.0,1.146128035678238
Ponte Alta do Bom Jesus,2020-09-05,14,0,1,0,0.0,0.0,-1.0,1.146128035678238
Ponte Alta do Bom Jesus,2020-09-06,14,0,1,0,0.0,0.0,-1.0,1.146128035678238
Ponte Alta do Bom Jesus,2020-09-07,14,0,1,0,0.0,0.0,-1.0,1.146128035678238
Ponte Alta do Bom Jesus,2020-09-08,14,0,1,0,0.0,0.0,-1.0,1.146128035678238
Ponte Alta do Bom Jesus,2020-09-09,14,0,1,0,0.0,0.0,,1.146128035678238
Ponte Alta do Bom Jesus,2020-09-10,14,0,1,0,0.0,0.0,,1.146128035678238
Ponte Alta do Bom Jesus,2020-09-11,14,0,1,0,0.0,0.0,,1.146128035678238
Ponte Alta do Bom Jesus,2020-09-12,14,0,1,0,0.0,0.0,,1.146128035678238
Ponte Alta do Bom Jesus,2020-09-13,14,0,1,0,0.0,0.0,,1.146128035678238
Ponte Alta do Bom Jesus,2020-09-14,14,0,1,0,0.0,0.0,,1.146128035678238
Ponte Alta do Bom Jesus,2020-09-15,15,1,1,0,0.07142857142857142,0.0,,1.1760912590556813
Ponte Alta do Bom Jesus,2020-09-16,16,1,1,0,0.14285714285714285,0.0,,1.2041199826559248
Ponte Alta do Bom Jesus,2020-09-17,16,0,1,0,0.14285714285714285,0.0,,1.2041199826559248
Ponte Alta do Bom Jesus,2020-09-18,16,0,1,0,0.14285714285714285,0.0,,1.2041199826559248
Ponte Alta do Bom Jesus,2020-09-19,16,0,1,0,0.14285714285714285,0.0,,1.2041199826559248
Ponte Alta do Bom Jesus,2020-09-20,16,0,1,0,0.14285714285714285,0.0,,1.2041199826559248
Ponte Alta do Bom Jesus,2020-09-21,16,0,1,0,0.14285714285714285,0.0,,1.2041199826559248
Ponte Alta do Bom Jesus,2020-09-22,16,0,1,0,0.14285714285714285,0.0,,1.2041199826559248
Ponte Alta do Bom Jesus,2020-09-23,17,1,1,0,0.21428571428571427,0.0,,1.2304489213782739
Ponte Alta do Bom Jesus,2020-09-24,17,0,1,0,0.21428571428571427,0.0,,1.2304489213782739
Ponte Alta do Bom Jesus,2020-09-25,17,0,1,0,0.21428571428571427,0.0,,1.2304489213782739
Ponte Alta do Bom Jesus,2020-09-26,17,0,1,0,0.21428571428571427,0.0,,1.2304489213782739
Ponte Alta do Bom Jesus,2020-09-27,17,0,1,0,0.21428571428571427,0.0,,1.2304489213782739
Ponte Alta do Bom Jesus,2020-09-28,17,0,1,0,0.21428571428571427,0.0,,1.2304489213782739
Ponte Alta do Bom Jesus,2020-09-29,17,0,1,0,0.14285714285714285,0.0,,1.2304489213782739
Ponte Alta do Bom Jesus,2020-09-30,17,0,1,0,0.07142857142857142,0.0,,1.2304489213782739
Ponte Alta do Bom Jesus,2020-10-01,21,4,1,0,0.35714285714285715,0.0,,1.3222192947339193
Ponte Alta do Bom Jesus,2020-10-02,22,1,1,0,0.42857142857142855,0.0,,1.3424226808222062
Ponte Alta do Bom Jesus,2020-10-03,22,0,1,0,0.42857142857142855,0.0,,1.3424226808222062
Ponte Alta do Bom Jesus,2020-10-04,22,0,1,0,0.42857142857142855,0.0,,1.3424226808222062
Ponte Alta do Bom Jesus,2020-10-05,22,0,1,0,0.42857142857142855,0.0,,1.3424226808222062
Ponte Alta do Bom Jesus,2020-10-06,22,0,1,0,0.42857142857142855,0.0,,1.3424226808222062
Ponte Alta do Bom Jesus,2020-10-07,24,2,1,0,0.5,0.0,,1.380211241711606
Ponte Alta do Bom Jesus,2020-10-08,26,2,1,0,0.6428571428571429,0.0,,1.414973347970818
Ponte Alta do Bom Jesus,2020-10-09,26,0,1,0,0.6428571428571429,0.0,,1.414973347970818
Ponte Alta do Bom Jesus,2020-10-10,26,0,1,0,0.6428571428571429,0.0,,1.414973347970818
Ponte Alta do Bom Jesus,2020-10-11,26,0,1,0,0.6428571428571429,0.0,,1.414973347970818
Ponte Alta do Bom Jesus,2020-10-12,26,0,1,0,0.6428571428571429,0.0,,1.414973347970818
Ponte Alta do Bom Jesus,2020-10-13,26,0,1,0,0.6428571428571429,0.0,,1.414973347970818
Ponte Alta do Bom Jesus,2020-10-14,26,0,1,0,0.6428571428571429,0.0,,1.414973347970818
Ponte Alta do Bom Jesus,2020-10-15,26,0,1,0,0.35714285714285715,0.0,,1.414973347970818
Ponte Alta do Bom Jesus,2020-10-16,26,0,1,0,0.2857142857142857,0.0,,1.414973347970818
Ponte Alta do Bom Jesus,2020-10-17,26,0,1,0,0.2857142857142857,0.0,,1.414973347970818
Ponte Alta do Bom Jesus,2020-10-18,26,0,1,0,0.2857142857142857,0.0,,1.414973347970818
Ponte Alta do Bom Jesus,2020-10-19,27,1,1,0,0.35714285714285715,0.0,,1.4313637641589874
Ponte Alta do Bom Jesus,2020-10-20,27,0,1,0,0.35714285714285715,0.0,,1.4313637641589874
Ponte Alta do Bom Jesus,2020-10-21,29,2,1,0,0.35714285714285715,0.0,,1.462397997898956
Ponte Alta do Bom Jesus,2020-10-22,29,0,1,0,0.21428571428571427,0.0,,1.462397997898956
Ponte Alta do Bom Jesus,2020-10-23,29,0,1,0,0.21428571428571427,0.0,,1.462397997898956
Ponte Alta do Bom Jesus,2020-10-24,29,0,1,0,0.21428571428571427,0.0,,1.462397997898956
Ponte Alta do Bom Jesus,2020-10-25,29,0,1,0,0.21428571428571427,0.0,,1.462397997898956
Ponte Alta do Bom Jesus,2020-10-26,29,0,1,0,0.21428571428571427,0.0,,1.462397997898956
Ponte Alta do Bom Jesus,2020-10-27,29,0,1,0,0.21428571428571427,0.0,,1.462397997898956
Ponte Alta do Bom Jesus,2020-10-28,30,1,2,1,0.2857142857142857,0.07142857142857142,inf,1.4771212547196624
Ponte Alta do Bom Jesus,2020-10-29,30,0,2,0,0.2857142857142857,0.07142857142857142,inf,1.4771212547196624
Ponte Alta do Bom Jesus,2020-10-30,30,0,2,0,0.2857142857142857,0.07142857142857142,inf,1.4771212547196624
Ponte Alta do Bom Jesus,2020-10-31,30,0,2,0,0.2857142857142857,0.07142857142857142,inf,1.4771212547196624
Ponte Alta do Bom Jesus,2020-11-01,30,0,2,0,0.2857142857142857,0.07142857142857142,inf,1.4771212547196624
Ponte Alta do Bom Jesus,2020-11-02,30,0,2,0,0.21428571428571427,0.07142857142857142,inf,1.4771212547196624
Ponte Alta do Bom Jesus,2020-11-03,31,1,2,0,0.2857142857142857,0.07142857142857142,inf,1.4913616938342726
Ponte Alta do Bom Jesus,2020-11-04,31,0,2,0,0.14285714285714285,0.07142857142857142,inf,1.4913616938342726
Ponte Alta do Bom Jesus,2020-11-05,31,0,2,0,0.14285714285714285,0.07142857142857142,inf,1.4913616938342726
Ponte Alta do Bom Jesus,2020-11-06,31,0,2,0,0.14285714285714285,0.07142857142857142,inf,1.4913616938342726
Ponte Alta do Bom Jesus,2020-11-07,31,0,2,0,0.14285714285714285,0.07142857142857142,inf,1.4913616938342726
Ponte Alta do Bom Jesus,2020-11-08,31,0,2,0,0.14285714285714285,0.07142857142857142,inf,1.4913616938342726
Ponte Alta do Bom Jesus,2020-11-09,31,0,2,0,0.14285714285714285,0.07142857142857142,inf,1.4913616938342726
Ponte Alta do Bom Jesus,2020-11-10,34,3,2,0,0.35714285714285715,0.07142857142857142,inf,1.5314789170422551
Ponte Alta do Bom Jesus,2020-11-11,34,0,2,0,0.2857142857142857,0.0,-1.0,1.5314789170422551
Ponte Alta do Bom Jesus,2020-11-12,34,0,2,0,0.2857142857142857,0.0,-1.0,1.5314789170422551
Ponte Alta do Bom Jesus,2020-11-13,35,1,2,0,0.35714285714285715,0.0,-1.0,1.5440680443502757
Ponte Alta do Bom Jesus,2020-11-14,35,0,2,0,0.35714285714285715,0.0,-1.0,1.5440680443502757
Ponte Alta do Bom Jesus,2020-11-15,35,0,2,0,0.35714285714285715,0.0,-1.0,1.5440680443502757
Ponte Alta do Bom Jesus,2020-11-16,35,0,2,0,0.35714285714285715,0.0,-1.0,1.5440680443502757
Ponte Alta do Bom Jesus,2020-11-17,35,0,2,0,0.2857142857142857,0.0,-1.0,1.5440680443502757
Ponte Alta do Bom Jesus,2020-11-18,36,1,2,0,0.35714285714285715,0.0,-1.0,1.5563025007672873
Ponte Alta do Bom Jesus,2020-11-19,36,0,2,0,0.35714285714285715,0.0,-1.0,1.5563025007672873
Ponte Alta do Bom Jesus,2020-11-20,37,1,2,0,0.42857142857142855,0.0,-1.0,1.568201724066995
Ponte Alta do Bom Jesus,2020-11-21,37,0,2,0,0.42857142857142855,0.0,-1.0,1.568201724066995
Ponte Alta do Bom Jesus,2020-11-22,37,0,2,0,0.42857142857142855,0.0,-1.0,1.568201724066995
Ponte Alta do Bom Jesus,2020-11-23,37,0,2,0,0.42857142857142855,0.0,-1.0,1.568201724066995
Ponte Alta do Bom Jesus,2020-11-24,40,3,2,0,0.42857142857142855,0.0,-1.0,1.6020599913279625
Ponte Alta do Bom Jesus,2020-11-25,41,1,2,0,0.5,0.0,,1.6127838567197355
Ponte Alta do Bom Jesus,2020-11-26,45,4,2,0,0.7857142857142857,0.0,,1.6532125137753437
Ponte Alta do Bom Jesus,2020-11-27,45,0,2,0,0.7142857142857143,0.0,,1.6532125137753437
Ponte Alta do Bom Jesus,2020-11-28,46,1,2,0,0.7857142857142857,0.0,,1.662757831681574
Ponte Alta do Bom Jesus,2020-11-29,46,0,2,0,0.7857142857142857,0.0,,1.662757831681574
Ponte Alta do Bom Jesus,2020-11-30,46,0,2,0,0.7857142857142857,0.0,,1.662757831681574
Ponte Alta do Bom Jesus,2020-12-01,46,0,2,0,0.7857142857142857,0.0,,1.662757831681574
Ponte Alta do Bom Jesus,2020-12-02,48,2,2,0,0.8571428571428571,0.0,,1.6812412373755872
Ponte Alta do Bom Jesus,2020-12-03,50,2,2,0,1.0,0.0,,1.6989700043360187
Ponte Alta do Bom Jesus,2020-12-04,50,0,2,0,0.9285714285714286,0.0,,1.6989700043360187
Ponte Alta do Bom Jesus,2020-12-05,50,0,2,0,0.9285714285714286,0.0,,1.6989700043360187
Ponte Alta do Bom Jesus,2020-12-06,50,0,2,0,0.9285714285714286,0.0,,1.6989700043360187
Ponte Alta do Bom Jesus,2020-12-07,50,0,2,0,0.9285714285714286,0.0,,1.6989700043360187
Ponte Alta do Bom Jesus,2020-12-08,50,0,2,0,0.7142857142857143,0.0,,1.6989700043360187
Ponte Alta do Bom Jesus,2020-12-09,50,0,2,0,0.6428571428571429,0.0,,1.6989700043360187
Ponte Alta do Bom Jesus,2020-12-10,50,0,2,0,0.35714285714285715,0.0,,1.6989700043360187
Ponte Alta do Bom Jesus,2020-12-11,50,0,2,0,0.35714285714285715,0.0,,1.6989700043360187
Ponte Alta do Bom Jesus,2020-12-12,52,2,3,1,0.42857142857142855,0.07142857142857142,inf,1.7160033436347992
Ponte Alta do Bom Jesus,2020-12-13,52,0,3,0,0.42857142857142855,0.07142857142857142,inf,1.7160033436347992
Ponte Alta do Bom Jesus,2020-12-14,52,0,3,0,0.42857142857142855,0.07142857142857142,inf,1.7160033436347992
Ponte Alta do Bom Jesus,2020-12-15,53,1,3,0,0.5,0.07142857142857142,inf,1.7242758696007892
Ponte Alta do Bom Jesus,2020-12-16,56,3,3,0,0.5714285714285714,0.07142857142857142,inf,1.7481880270062005
Ponte Alta do Bom Jesus,2020-12-17,66,10,3,0,1.1428571428571428,0.07142857142857142,inf,1.8195439355418688
Ponte Alta do Bom Jesus,2020-12-18,68,2,3,0,1.2857142857142858,0.07142857142857142,inf,1.8325089127062364
Ponte Alta do Bom Jesus,2020-12-19,68,0,3,0,1.2857142857142858,0.07142857142857142,inf,1.8325089127062364
Ponte Alta do Bom Jesus,2020-12-20,68,0,3,0,1.2857142857142858,0.07142857142857142,inf,1.8325089127062364
Ponte Alta do Bom Jesus,2020-12-21,68,0,3,0,1.2857142857142858,0.07142857142857142,inf,1.8325089127062364
Ponte Alta do Bom Jesus,2020-12-22,68,0,3,0,1.2857142857142858,0.07142857142857142,inf,1.8325089127062364
Ponte Alta do Bom Jesus,2020-12-23,68,0,3,0,1.2857142857142858,0.07142857142857142,inf,1.8325089127062364
Ponte Alta do Bom Jesus,2020-12-24,68,0,3,0,1.2857142857142858,0.07142857142857142,inf,1.8325089127062364
Ponte Alta do Bom Jesus,2020-12-25,68,0,3,0,1.2857142857142858,0.07142857142857142,inf,1.8325089127062364
Ponte Alta do Bom Jesus,2020-12-26,68,0,3,0,1.1428571428571428,0.0,-1.0,1.8325089127062364
Ponte Alta do Bom Jesus,2020-12-27,68,0,3,0,1.1428571428571428,0.0,-1.0,1.8325089127062364
Ponte Alta do Bom Jesus,2020-12-28,68,0,3,0,1.1428571428571428,0.0,-1.0,1.8325089127062364
Ponte Alta do Bom Jesus,2020-12-29,69,1,3,0,1.1428571428571428,0.0,-1.0,1.8388490907372552
Ponte Alta do Bom Jesus,2020-12-30,69,0,3,0,0.9285714285714286,0.0,-1.0,1.8388490907372552
Ponte Alta do Bom Jesus,2020-12-31,69,0,3,0,0.21428571428571427,0.0,-1.0,1.8388490907372552
Ponte Alta do Bom Jesus,2021-01-01,69,0,3,0,0.07142857142857142,0.0,-1.0,1.8388490907372552
Ponte Alta do Bom Jesus,2021-01-02,69,0,3,0,0.07142857142857142,0.0,-1.0,1.8388490907372552
Ponte Alta do Bom Jesus,2021-01-03,69,0,3,0,0.07142857142857142,0.0,-1.0,1.8388490907372552
Ponte Alta do Bom Jesus,2021-01-04,69,0,3,0,0.07142857142857142,0.0,-1.0,1.8388490907372552
Ponte Alta do Bom Jesus,2021-01-05,69,0,3,0,0.07142857142857142,0.0,-1.0,1.8388490907372552
Ponte Alta do Bom Jesus,2021-01-06,72,3,3,0,0.2857142857142857,0.0,-1.0,1.8573324964312685
Ponte Alta do Bom Jesus,2021-01-07,72,0,3,0,0.2857142857142857,0.0,-1.0,1.8573324964312685
Ponte Alta do Bom Jesus,2021-01-08,73,1,3,0,0.35714285714285715,0.0,-1.0,1.863322860120456
Ponte Alta do Bom Jesus,2021-01-09,73,0,3,0,0.35714285714285715,0.0,,1.863322860120456
Ponte Alta do Bom Jesus,2021-01-10,73,0,3,0,0.35714285714285715,0.0,,1.863322860120456
Ponte Alta do Bom Jesus,2021-01-11,73,0,3,0,0.35714285714285715,0.0,,1.863322860120456
Ponte Alta do Bom Jesus,2021-01-12,73,0,3,0,0.2857142857142857,0.0,,1.863322860120456
Ponte Alta do Bom Jesus,2021-01-13,73,0,3,0,0.2857142857142857,0.0,,1.863322860120456
Ponte Alta do Bom Jesus,2021-01-14,73,0,3,0,0.2857142857142857,0.0,,1.863322860120456
Ponte Alta do Bom Jesus,2021-01-15,73,0,3,0,0.2857142857142857,0.0,,1.863322860120456
Ponte Alta do Bom Jesus,2021-01-16,73,0,3,0,0.2857142857142857,0.0,,1.863322860120456
Ponte Alta do Bom Jesus,2021-01-17,73,0,3,0,0.2857142857142857,0.0,,1.863322860120456
Ponte Alta do Bom Jesus,2021-01-18,73,0,3,0,0.2857142857142857,0.0,,1.863322860120456
Ponte Alta do Bom Jesus,2021-01-19,73,0,3,0,0.2857142857142857,0.0,,1.863322860120456
Ponte Alta do Bom Jesus,2021-01-20,73,0,3,0,0.07142857142857142,0.0,,1.863322860120456
Colméia,2020-03-27,0,0,0,0,,,,0.0
Colméia,2020-03-28,0,0,0,0,,,,0.0
Colméia,2020-03-29,0,0,0,0,,,,0.0
Colméia,2020-03-30,0,0,0,0,,,,0.0
Colméia,2020-03-31,0,0,0,0,,,,0.0
Colméia,2020-04-01,0,0,0,0,,,,0.0
Colméia,2020-04-02,0,0,0,0,,,,0.0
Colméia,2020-04-03,0,0,0,0,,,,0.0
Colméia,2020-04-04,0,0,0,0,,,,0.0
Colméia,2020-04-05,0,0,0,0,,,,0.0
Colméia,2020-04-06,0,0,0,0,,,,0.0
Colméia,2020-04-07,0,0,0,0,,,,0.0
Colméia,2020-04-08,0,0,0,0,,,,0.0
Colméia,2020-04-09,0,0,0,0,0.0,0.0,,0.0
Colméia,2020-04-10,0,0,0,0,0.0,0.0,,0.0
Colméia,2020-04-11,0,0,0,0,0.0,0.0,,0.0
Colméia,2020-04-12,0,0,0,0,0.0,0.0,,0.0
Colméia,2020-04-13,0,0,0,0,0.0,0.0,,0.0
Colméia,2020-04-14,0,0,0,0,0.0,0.0,,0.0
Colméia,2020-04-15,0,0,0,0,0.0,0.0,,0.0
Colméia,2020-04-16,0,0,0,0,0.0,0.0,,0.0
Colméia,2020-04-17,0,0,0,0,0.0,0.0,,0.0
Colméia,2020-04-18,0,0,0,0,0.0,0.0,,0.0
Colméia,2020-04-19,0,0,0,0,0.0,0.0,,0.0
Colméia,2020-04-20,0,0,0,0,0.0,0.0,,0.0
Colméia,2020-04-21,0,0,0,0,0.0,0.0,,0.0
Colméia,2020-04-22,0,0,0,0,0.0,0.0,,0.0
Colméia,2020-04-23,0,0,0,0,0.0,0.0,,0.0
Colméia,2020-04-24,0,0,0,0,0.0,0.0,,0.0
Colméia,2020-04-25,0,0,0,0,0.0,0.0,,0.0
Colméia,2020-04-26,0,0,0,0,0.0,0.0,,0.0
Colméia,2020-04-27,0,0,0,0,0.0,0.0,,0.0
Colméia,2020-04-28,0,0,0,0,0.0,0.0,,0.0
Colméia,2020-04-29,0,0,0,0,0.0,0.0,,0.0
Colméia,2020-04-30,0,0,0,0,0.0,0.0,,0.0
Colméia,2020-05-01,0,0,0,0,0.0,0.0,,0.0
Colméia,2020-05-02,0,0,0,0,0.0,0.0,,0.0
Colméia,2020-05-03,0,0,0,0,0.0,0.0,,0.0
Colméia,2020-05-04,0,0,0,0,0.0,0.0,,0.0
Colméia,2020-05-05,0,0,0,0,0.0,0.0,,0.0
Colméia,2020-05-06,0,0,0,0,0.0,0.0,,0.0
Colméia,2020-05-07,0,0,0,0,0.0,0.0,,0.0
Colméia,2020-05-08,0,0,0,0,0.0,0.0,,0.0
Colméia,2020-05-09,0,0,0,0,0.0,0.0,,0.0
Colméia,2020-05-10,0,0,0,0,0.0,0.0,,0.0
Colméia,2020-05-11,0,0,0,0,0.0,0.0,,0.0
Colméia,2020-05-12,0,0,0,0,0.0,0.0,,0.0
Colméia,2020-05-13,0,0,0,0,0.0,0.0,,0.0
Colméia,2020-05-14,0,0,0,0,0.0,0.0,,0.0
Colméia,2020-05-15,0,0,0,0,0.0,0.0,,0.0
Colméia,2020-05-16,0,0,0,0,0.0,0.0,,0.0
Colméia,2020-05-17,0,0,0,0,0.0,0.0,,0.0
Colméia,2020-05-18,0,0,0,0,0.0,0.0,,0.0
Colméia,2020-05-19,0,0,0,0,0.0,0.0,,0.0
Colméia,2020-05-20,1,1,0,0,0.07142857142857142,0.0,,0.0
Colméia,2020-05-21,1,0,0,0,0.07142857142857142,0.0,,0.0
Colméia,2020-05-22,1,0,0,0,0.07142857142857142,0.0,,0.0
Colméia,2020-05-23,1,0,0,0,0.07142857142857142,0.0,,0.0
Colméia,2020-05-24,1,0,0,0,0.07142857142857142,0.0,,0.0
Colméia,2020-05-25,1,0,0,0,0.07142857142857142,0.0,,0.0
Colméia,2020-05-26,1,0,0,0,0.07142857142857142,0.0,,0.0
Colméia,2020-05-27,1,0,0,0,0.07142857142857142,0.0,,0.0
Colméia,2020-05-28,1,0,0,0,0.07142857142857142,0.0,,0.0
Colméia,2020-05-29,1,0,0,0,0.07142857142857142,0.0,,0.0
Colméia,2020-05-30,2,1,0,0,0.14285714285714285,0.0,,0.3010299956639812
Colméia,2020-05-31,2,0,0,0,0.14285714285714285,0.0,,0.3010299956639812
Colméia,2020-06-01,2,0,0,0,0.14285714285714285,0.0,,0.3010299956639812
Colméia,2020-06-02,2,0,0,0,0.14285714285714285,0.0,,0.3010299956639812
Colméia,2020-06-03,2,0,0,0,0.07142857142857142,0.0,,0.3010299956639812
Colméia,2020-06-04,3,1,0,0,0.14285714285714285,0.0,,0.47712125471966244
Colméia,2020-06-05,3,0,0,0,0.14285714285714285,0.0,,0.47712125471966244
Colméia,2020-06-06,5,2,0,0,0.2857142857142857,0.0,,0.6989700043360189
Colméia,2020-06-07,5,0,0,0,0.2857142857142857,0.0,,0.6989700043360189
Colméia,2020-06-08,5,0,0,0,0.2857142857142857,0.0,,0.6989700043360189
Colméia,2020-06-09,5,0,0,0,0.2857142857142857,0.0,,0.6989700043360189
Colméia,2020-06-10,5,0,0,0,0.2857142857142857,0.0,,0.6989700043360189
Colméia,2020-06-11,5,0,0,0,0.2857142857142857,0.0,,0.6989700043360189
Colméia,2020-06-12,5,0,0,0,0.2857142857142857,0.0,,0.6989700043360189
Colméia,2020-06-13,5,0,0,0,0.21428571428571427,0.0,,0.6989700043360189
Colméia,2020-06-14,5,0,0,0,0.21428571428571427,0.0,,0.6989700043360189
Colméia,2020-06-15,5,0,0,0,0.21428571428571427,0.0,,0.6989700043360189
Colméia,2020-06-16,5,0,0,0,0.21428571428571427,0.0,,0.6989700043360189
Colméia,2020-06-17,5,0,0,0,0.21428571428571427,0.0,,0.6989700043360189
Colméia,2020-06-18,5,0,0,0,0.14285714285714285,0.0,,0.6989700043360189
Colméia,2020-06-19,5,0,0,0,0.14285714285714285,0.0,,0.6989700043360189
Colméia,2020-06-20,5,0,0,0,0.0,0.0,,0.6989700043360189
Colméia,2020-06-21,5,0,0,0,0.0,0.0,,0.6989700043360189
Colméia,2020-06-22,5,0,0,0,0.0,0.0,,0.6989700043360189
Colméia,2020-06-23,5,0,0,0,0.0,0.0,,0.6989700043360189
Colméia,2020-06-24,6,1,0,0,0.07142857142857142,0.0,,0.7781512503836436
Colméia,2020-06-25,9,3,0,0,0.2857142857142857,0.0,,0.9542425094393249
Colméia,2020-06-26,7,-2,0,0,0.14285714285714285,0.0,,0.8450980400142568
Colméia,2020-06-27,8,1,0,0,0.21428571428571427,0.0,,0.9030899869919435
Colméia,2020-06-28,8,0,0,0,0.21428571428571427,0.0,,0.9030899869919435
Colméia,2020-06-29,8,0,0,0,0.21428571428571427,0.0,,0.9030899869919435
Colméia,2020-06-30,8,0,0,0,0.21428571428571427,0.0,,0.9030899869919435
Colméia,2020-07-01,10,2,0,0,0.35714285714285715,0.0,,1.0
Colméia,2020-07-02,11,1,0,0,0.42857142857142855,0.0,,1.041392685158225
Colméia,2020-07-03,11,0,0,0,0.42857142857142855,0.0,,1.041392685158225
Colméia,2020-07-04,11,0,0,0,0.42857142857142855,0.0,,1.041392685158225
Colméia,2020-07-05,11,0,0,0,0.42857142857142855,0.0,,1.041392685158225
Colméia,2020-07-06,11,0,0,0,0.42857142857142855,0.0,,1.041392685158225
Colméia,2020-07-07,11,0,0,0,0.42857142857142855,0.0,,1.041392685158225
Colméia,2020-07-08,12,1,0,0,0.42857142857142855,0.0,,1.0791812460476249
Colméia,2020-07-09,15,3,0,0,0.42857142857142855,0.0,,1.1760912590556813
Colméia,2020-07-10,14,-1,0,0,0.5,0.0,,1.146128035678238
Colméia,2020-07-11,14,0,0,0,0.42857142857142855,0.0,,1.146128035678238
Colméia,2020-07-12,14,0,0,0,0.42857142857142855,0.0,,1.146128035678238
Colméia,2020-07-13,14,0,0,0,0.42857142857142855,0.0,,1.146128035678238
Colméia,2020-07-14,16,2,0,0,0.5714285714285714,0.0,,1.2041199826559248
Colméia,2020-07-15,16,0,0,0,0.42857142857142855,0.0,,1.2041199826559248
Colméia,2020-07-16,17,1,0,0,0.42857142857142855,0.0,,1.2304489213782739
Colméia,2020-07-17,17,0,0,0,0.42857142857142855,0.0,,1.2304489213782739
Colméia,2020-07-18,17,0,0,0,0.42857142857142855,0.0,,1.2304489213782739
Colméia,2020-07-19,17,0,0,0,0.42857142857142855,0.0,,1.2304489213782739
Colméia,2020-07-20,17,0,0,0,0.42857142857142855,0.0,,1.2304489213782739
Colméia,2020-07-21,18,1,0,0,0.5,0.0,,1.255272505103306
Colméia,2020-07-22,19,1,0,0,0.5,0.0,,1.2787536009528289
Colméia,2020-07-23,19,0,0,0,0.2857142857142857,0.0,,1.2787536009528289
Colméia,2020-07-24,29,10,0,0,1.0714285714285714,0.0,,1.462397997898956
Colméia,2020-07-25,28,-1,0,0,1.0,0.0,,1.4471580313422192
Colméia,2020-07-26,29,1,1,1,1.0714285714285714,0.07142857142857142,inf,1.462397997898956
Colméia,2020-07-27,29,0,1,0,1.0714285714285714,0.07142857142857142,inf,1.462397997898956
Colméia,2020-07-28,30,1,1,0,1.0,0.07142857142857142,inf,1.4771212547196624
Colméia,2020-07-29,34,4,1,0,1.2857142857142858,0.07142857142857142,inf,1.5314789170422551
Colméia,2020-07-30,34,0,2,1,1.2142857142857142,0.14285714285714285,inf,1.5314789170422551
Colméia,2020-07-31,34,0,2,0,1.2142857142857142,0.14285714285714285,inf,1.5314789170422551
Colméia,2020-08-01,38,4,2,0,1.5,0.14285714285714285,inf,1.5797835966168101
Colméia,2020-08-02,42,4,2,0,1.7857142857142858,0.14285714285714285,inf,1.6232492903979006
Colméia,2020-08-03,46,4,2,0,2.0714285714285716,0.14285714285714285,inf,1.662757831681574
Colméia,2020-08-04,51,5,2,0,2.357142857142857,0.14285714285714285,inf,1.7075701760979363
Colméia,2020-08-05,54,3,2,0,2.5,0.14285714285714285,inf,1.7323937598229686
Colméia,2020-08-06,56,2,2,0,2.642857142857143,0.14285714285714285,inf,1.7481880270062005
Colméia,2020-08-07,67,11,2,0,2.7142857142857144,0.14285714285714285,inf,1.8260748027008264
Colméia,2020-08-08,69,2,2,0,2.9285714285714284,0.14285714285714285,inf,1.8388490907372552
Colméia,2020-08-09,69,0,3,1,2.857142857142857,0.14285714285714285,1.0,1.8388490907372552
Colméia,2020-08-10,69,0,3,0,2.857142857142857,0.14285714285714285,1.0,1.8388490907372552
Colméia,2020-08-11,73,4,3,0,3.0714285714285716,0.14285714285714285,1.0,1.863322860120456
Colméia,2020-08-12,85,12,3,0,3.642857142857143,0.14285714285714285,1.0,1.9294189257142929
Colméia,2020-08-13,88,3,3,0,3.857142857142857,0.07142857142857142,-0.5,1.9444826721501687
Colméia,2020-08-14,85,-3,3,0,3.642857142857143,0.07142857142857142,-0.5,1.9294189257142929
Colméia,2020-08-15,91,6,3,0,3.7857142857142856,0.07142857142857142,-0.5,1.9590413923210936
Colméia,2020-08-16,91,0,3,0,3.5,0.07142857142857142,-0.5,1.9590413923210936
Colméia,2020-08-17,91,0,3,0,3.2142857142857144,0.07142857142857142,-0.5,1.9590413923210936
Colméia,2020-08-18,111,20,4,1,4.285714285714286,0.14285714285714285,0.0,2.0453229787866576
Colméia,2020-08-19,112,1,4,0,4.142857142857143,0.14285714285714285,0.0,2.0492180226701815
Colméia,2020-08-20,111,-1,4,0,3.9285714285714284,0.14285714285714285,0.0,2.0453229787866576
Colméia,2020-08-21,111,0,4,0,3.142857142857143,0.14285714285714285,0.0,2.0453229787866576
Colméia,2020-08-22,116,5,4,0,3.357142857142857,0.14285714285714285,0.0,2.0644579892269186
Colméia,2020-08-23,117,1,4,0,3.4285714285714284,0.07142857142857142,-0.5,2.0681858617461617
Colméia,2020-08-24,117,0,4,0,3.4285714285714284,0.07142857142857142,-0.5,2.0681858617461617
Colméia,2020-08-25,124,7,6,2,3.642857142857143,0.21428571428571427,0.5,2.093421685162235
Colméia,2020-08-26,124,0,6,0,2.7857142857142856,0.21428571428571427,0.5,2.093421685162235
Colméia,2020-08-27,133,9,7,1,3.2142857142857144,0.2857142857142857,3.0,2.123851640967086
Colméia,2020-08-28,135,2,7,0,3.5714285714285716,0.2857142857142857,3.0,2.130333768495006
Colméia,2020-08-29,135,0,7,0,3.142857142857143,0.2857142857142857,3.0,2.130333768495006
Colméia,2020-08-30,135,0,7,0,3.142857142857143,0.2857142857142857,3.0,2.130333768495006
Colméia,2020-08-31,135,0,7,0,3.142857142857143,0.2857142857142857,3.0,2.130333768495006
Colméia,2020-09-01,147,12,7,0,2.5714285714285716,0.21428571428571427,0.5,2.167317334748176
Colméia,2020-09-02,148,1,7,0,2.5714285714285716,0.21428571428571427,0.5,2.1702617153949575
Colméia,2020-09-03,148,0,7,0,2.642857142857143,0.21428571428571427,0.5,2.1702617153949575
Colméia,2020-09-04,158,10,7,0,3.357142857142857,0.21428571428571427,0.5,2.1986570869544226
Colméia,2020-09-05,164,6,8,1,3.4285714285714284,0.2857142857142857,1.0,2.214843848047698
Colméia,2020-09-06,165,1,8,0,3.4285714285714284,0.2857142857142857,3.0,2.2174839442139063
Colméia,2020-09-07,165,0,8,0,3.4285714285714284,0.2857142857142857,3.0,2.2174839442139063
Colméia,2020-09-08,165,0,8,0,2.9285714285714284,0.14285714285714285,-0.3333333333333333,2.2174839442139063
Colméia,2020-09-09,164,-1,8,0,2.857142857142857,0.14285714285714285,-0.3333333333333333,2.214843848047698
Colméia,2020-09-10,170,6,8,0,2.642857142857143,0.07142857142857142,-0.75,2.230448921378274
Colméia,2020-09-11,180,10,8,0,3.2142857142857144,0.07142857142857142,-0.75,2.255272505103306
Colméia,2020-09-12,180,0,8,0,3.2142857142857144,0.07142857142857142,-0.75,2.255272505103306
Colméia,2020-09-13,180,0,8,0,3.2142857142857144,0.07142857142857142,-0.75,2.255272505103306
Colméia,2020-09-14,180,0,8,0,3.2142857142857144,0.07142857142857142,-0.75,2.255272505103306
Colméia,2020-09-15,207,27,8,0,4.285714285714286,0.07142857142857142,-0.6666666666666666,2.315970345456918
Colméia,2020-09-16,207,0,8,0,4.214285714285714,0.07142857142857142,-0.6666666666666666,2.315970345456918
Colméia,2020-09-17,213,6,8,0,4.642857142857143,0.07142857142857142,-0.6666666666666666,2.3283796034387376
Colméia,2020-09-18,213,0,8,0,3.9285714285714284,0.07142857142857142,-0.6666666666666666,2.3283796034387376
Colméia,2020-09-19,218,5,8,0,3.857142857142857,0.0,-1.0,2.3384564936046046
Colméia,2020-09-20,218,0,8,0,3.7857142857142856,0.0,-1.0,2.3384564936046046
Colméia,2020-09-21,218,0,8,0,3.7857142857142856,0.0,-1.0,2.3384564936046046
Colméia,2020-09-22,220,2,8,0,3.9285714285714284,0.0,-1.0,2.342422680822206
Colméia,2020-09-23,221,1,8,0,4.071428571428571,0.0,-1.0,2.3443922736851106
Colméia,2020-09-24,222,1,8,0,3.7142857142857144,0.0,-1.0,2.346352974450639
Colméia,2020-09-25,231,9,8,0,3.642857142857143,0.0,-1.0,2.3636119798921444
Colméia,2020-09-26,234,3,8,0,3.857142857142857,0.0,-1.0,2.369215857410143
Colméia,2020-09-27,234,0,8,0,3.857142857142857,0.0,-1.0,2.369215857410143
Colméia,2020-09-28,234,0,8,0,3.857142857142857,0.0,-1.0,2.369215857410143
Colméia,2020-09-29,239,5,8,0,2.2857142857142856,0.0,-1.0,2.3783979009481375
Colméia,2020-09-30,239,0,8,0,2.2857142857142856,0.0,-1.0,2.3783979009481375
Colméia,2020-10-01,242,3,8,0,2.0714285714285716,0.0,-1.0,2.383815365980431
Colméia,2020-10-02,243,1,8,0,2.142857142857143,0.0,-1.0,2.385606273598312
Colméia,2020-10-03,244,1,8,0,1.8571428571428572,0.0,,2.3873898263387296
Colméia,2020-10-04,244,0,8,0,1.8571428571428572,0.0,,2.3873898263387296
Colméia,2020-10-05,244,0,8,0,1.8571428571428572,0.0,,2.3873898263387296
Colméia,2020-10-06,244,0,8,0,1.7142857142857142,0.0,,2.3873898263387296
Colméia,2020-10-07,249,5,8,0,2.0,0.0,,2.3961993470957363
Colméia,2020-10-08,250,1,8,0,2.0,0.0,,2.3979400086720375
Colméia,2020-10-09,255,5,8,0,1.7142857142857142,0.0,,2.406540180433955
Colméia,2020-10-10,258,3,8,0,1.7142857142857142,0.0,,2.41161970596323
Colméia,2020-10-11,258,0,8,0,1.7142857142857142,0.0,,2.41161970596323
Colméia,2020-10-12,258,0,8,0,1.7142857142857142,0.0,,2.41161970596323
Colméia,2020-10-13,258,0,8,0,1.3571428571428572,0.0,,2.41161970596323
Colméia,2020-10-14,261,3,8,0,1.5714285714285714,0.0,,2.416640507338281
Colméia,2020-10-15,261,0,8,0,1.3571428571428572,0.0,,2.416640507338281
Colméia,2020-10-16,263,2,8,0,1.4285714285714286,0.0,,2.419955748489758
Colméia,2020-10-17,263,0,8,0,1.3571428571428572,0.0,,2.419955748489758
Colméia,2020-10-18,263,0,8,0,1.3571428571428572,0.0,,2.419955748489758
Colméia,2020-10-19,263,0,8,0,1.3571428571428572,0.0,,2.419955748489758
Colméia,2020-10-20,268,5,8,0,1.7142857142857142,0.0,,2.428134794028789
Colméia,2020-10-21,269,1,8,0,1.4285714285714286,0.0,,2.429752280002408
Colméia,2020-10-22,269,0,8,0,1.3571428571428572,0.0,,2.429752280002408
Colméia,2020-10-23,269,0,8,0,1.0,0.0,,2.429752280002408
Colméia,2020-10-24,271,2,8,0,0.9285714285714286,0.0,,2.432969290874406
Colméia,2020-10-25,271,0,8,0,0.9285714285714286,0.0,,2.432969290874406
Colméia,2020-10-26,271,0,8,0,0.9285714285714286,0.0,,2.432969290874406
Colméia,2020-10-27,271,0,8,0,0.9285714285714286,0.0,,2.432969290874406
Colméia,2020-10-28,273,2,8,0,0.8571428571428571,0.0,,2.436162647040756
Colméia,2020-10-29,275,2,8,0,1.0,0.0,,2.439332693830263
Colméia,2020-10-30,278,3,8,0,1.0714285714285714,0.0,,2.444044795918076
Colméia,2020-10-31,278,0,8,0,1.0714285714285714,0.0,,2.444044795918076
Colméia,2020-11-01,278,0,8,0,1.0714285714285714,0.0,,2.444044795918076
Colméia,2020-11-02,278,0,8,0,1.0714285714285714,0.0,,2.444044795918076
Colméia,2020-11-03,278,0,8,0,0.7142857142857143,0.0,,2.444044795918076
Colméia,2020-11-04,278,0,8,0,0.6428571428571429,0.0,,2.444044795918076
Colméia,2020-11-05,278,0,8,0,0.6428571428571429,0.0,,2.444044795918076
Colméia,2020-11-06,278,0,8,0,0.6428571428571429,0.0,,2.444044795918076
Colméia,2020-11-07,278,0,8,0,0.5,0.0,,2.444044795918076
Colméia,2020-11-08,278,0,8,0,0.5,0.0,,2.444044795918076
Colméia,2020-11-09,278,0,8,0,0.5,0.0,,2.444044795918076
Colméia,2020-11-10,278,0,8,0,0.5,0.0,,2.444044795918076
Colméia,2020-11-11,279,1,8,0,0.42857142857142855,0.0,,2.4456042032735974
Colméia,2020-11-12,279,0,8,0,0.2857142857142857,0.0,,2.4456042032735974
Colméia,2020-11-13,281,2,8,0,0.21428571428571427,0.0,,2.44870631990508
Colméia,2020-11-14,281,0,8,0,0.21428571428571427,0.0,,2.44870631990508
Colméia,2020-11-15,281,0,8,0,0.21428571428571427,0.0,,2.44870631990508
Colméia,2020-11-16,281,0,8,0,0.21428571428571427,0.0,,2.44870631990508
Colméia,2020-11-17,281,0,8,0,0.21428571428571427,0.0,,2.44870631990508
Colméia,2020-11-18,281,0,8,0,0.21428571428571427,0.0,,2.44870631990508
Colméia,2020-11-19,281,0,8,0,0.21428571428571427,0.0,,2.44870631990508
Colméia,2020-11-20,282,1,8,0,0.2857142857142857,0.0,,2.450249108319361
Colméia,2020-11-21,282,0,8,0,0.2857142857142857,0.0,,2.450249108319361
Colméia,2020-11-22,282,0,8,0,0.2857142857142857,0.0,,2.450249108319361
Colméia,2020-11-23,282,0,8,0,0.2857142857142857,0.0,,2.450249108319361
Colméia,2020-11-24,282,0,8,0,0.2857142857142857,0.0,,2.450249108319361
Colméia,2020-11-25,282,0,8,0,0.21428571428571427,0.0,,2.450249108319361
Colméia,2020-11-26,282,0,8,0,0.21428571428571427,0.0,,2.450249108319361
Colméia,2020-11-27,282,0,8,0,0.07142857142857142,0.0,,2.450249108319361
Colméia,2020-11-28,283,1,8,0,0.14285714285714285,0.0,,2.45178643552429
Colméia,2020-11-29,283,0,8,0,0.14285714285714285,0.0,,2.45178643552429
Colméia,2020-11-30,283,0,8,0,0.14285714285714285,0.0,,2.45178643552429
Colméia,2020-12-01,283,0,8,0,0.14285714285714285,0.0,,2.45178643552429
Colméia,2020-12-02,283,0,8,0,0.14285714285714285,0.0,,2.45178643552429
Colméia,2020-12-03,283,0,8,0,0.14285714285714285,0.0,,2.45178643552429
Colméia,2020-12-04,287,4,8,0,0.35714285714285715,0.0,,2.4578818967339924
Colméia,2020-12-05,288,1,8,0,0.42857142857142855,0.0,,2.459392487759231
Colméia,2020-12-06,288,0,8,0,0.42857142857142855,0.0,,2.459392487759231
Colméia,2020-12-07,288,0,8,0,0.42857142857142855,0.0,,2.459392487759231
Colméia,2020-12-08,295,7,8,0,0.9285714285714286,0.0,,2.469822015978163
Colméia,2020-12-09,295,0,8,0,0.9285714285714286,0.0,,2.469822015978163
Colméia,2020-12-10,295,0,8,0,0.9285714285714286,0.0,,2.469822015978163
Colméia,2020-12-11,295,0,8,0,0.9285714285714286,0.0,,2.469822015978163
Colméia,2020-12-12,295,0,8,0,0.8571428571428571,0.0,,2.469822015978163
Colméia,2020-12-13,295,0,8,0,0.8571428571428571,0.0,,2.469822015978163
Colméia,2020-12-14,295,0,8,0,0.8571428571428571,0.0,,2.469822015978163
Colméia,2020-12-15,295,0,8,0,0.8571428571428571,0.0,,2.469822015978163
Colméia,2020-12-16,299,4,8,0,1.1428571428571428,0.0,,2.4756711883244296
Colméia,2020-12-17,300,1,8,0,1.2142857142857142,0.0,,2.4771212547196626
Colméia,2020-12-18,303,3,8,0,1.1428571428571428,0.0,,2.481442628502305
Colméia,2020-12-19,303,0,8,0,1.0714285714285714,0.0,,2.481442628502305
Colméia,2020-12-20,303,0,8,0,1.0714285714285714,0.0,,2.481442628502305
Colméia,2020-12-21,303,0,8,0,1.0714285714285714,0.0,,2.481442628502305
Colméia,2020-12-22,305,2,8,0,0.7142857142857143,0.0,,2.484299839346786
Colméia,2020-12-23,305,0,8,0,0.7142857142857143,0.0,,2.484299839346786
Colméia,2020-12-24,305,0,8,0,0.7142857142857143,0.0,,2.484299839346786
Colméia,2020-12-25,305,0,8,0,0.7142857142857143,0.0,,2.484299839346786
Colméia,2020-12-26,305,0,8,0,0.7142857142857143,0.0,,2.484299839346786
Colméia,2020-12-27,305,0,8,0,0.7142857142857143,0.0,,2.484299839346786
Colméia,2020-12-28,305,0,8,0,0.7142857142857143,0.0,,2.484299839346786
Colméia,2020-12-29,306,1,8,0,0.7857142857142857,0.0,,2.48572142648158
Colméia,2020-12-30,306,0,8,0,0.5,0.0,,2.48572142648158
Colméia,2020-12-31,310,4,8,0,0.7142857142857143,0.0,,2.4913616938342726
Colméia,2021-01-01,310,0,8,0,0.5,0.0,,2.4913616938342726
Colméia,2021-01-02,311,1,9,1,0.5714285714285714,0.07142857142857142,inf,2.4927603890268375
Colméia,2021-01-03,311,0,9,0,0.5714285714285714,0.07142857142857142,inf,2.4927603890268375
Colméia,2021-01-04,312,1,10,1,0.6428571428571429,0.14285714285714285,inf,2.494154594018443
Colméia,2021-01-05,316,4,10,0,0.7857142857142857,0.14285714285714285,inf,2.499687082618404
Colméia,2021-01-06,316,0,10,0,0.7857142857142857,0.14285714285714285,inf,2.499687082618404
Colméia,2021-01-07,316,0,10,0,0.7857142857142857,0.14285714285714285,inf,2.499687082618404
Colméia,2021-01-08,329,13,10,0,1.7142857142857142,0.14285714285714285,inf,2.5171958979499744
Colméia,2021-01-09,331,2,10,0,1.8571428571428572,0.14285714285714285,inf,2.519827993775719
Colméia,2021-01-10,332,1,10,0,1.9285714285714286,0.14285714285714285,inf,2.5211380837040362
Colméia,2021-01-11,332,0,10,0,1.9285714285714286,0.14285714285714285,inf,2.5211380837040362
Colméia,2021-01-12,334,2,10,0,2.0,0.14285714285714285,inf,2.5237464668115646
Colméia,2021-01-13,336,2,10,0,2.142857142857143,0.14285714285714285,inf,2.526339277389844
Colméia,2021-01-14,336,0,10,0,1.8571428571428572,0.14285714285714285,inf,2.526339277389844
Colméia,2021-01-15,344,8,10,0,2.4285714285714284,0.14285714285714285,inf,2.53655844257153
Colméia,2021-01-16,343,-1,10,0,2.2857142857142856,0.07142857142857142,0.0,2.5352941200427703
Colméia,2021-01-17,346,3,11,1,2.5,0.14285714285714285,1.0,2.5390760987927767
Colméia,2021-01-18,346,0,11,0,2.4285714285714284,0.07142857142857142,-0.5,2.5390760987927767
Colméia,2021-01-19,357,11,11,0,2.9285714285714284,0.07142857142857142,-0.5,2.552668216112193
Colméia,2021-01-20,357,0,11,0,2.9285714285714284,0.07142857142857142,-0.5,2.552668216112193
Paranã,2020-03-27,0,0,0,0,,,,0.0
Paranã,2020-03-28,0,0,0,0,,,,0.0
Paranã,2020-03-29,0,0,0,0,,,,0.0
Paranã,2020-03-30,0,0,0,0,,,,0.0
Paranã,2020-03-31,0,0,0,0,,,,0.0
Paranã,2020-04-01,0,0,0,0,,,,0.0
Paranã,2020-04-02,0,0,0,0,,,,0.0
Paranã,2020-04-03,0,0,0,0,,,,0.0
Paranã,2020-04-04,0,0,0,0,,,,0.0
Paranã,2020-04-05,0,0,0,0,,,,0.0
Paranã,2020-04-06,0,0,0,0,,,,0.0
Paranã,2020-04-07,0,0,0,0,,,,0.0
Paranã,2020-04-08,0,0,0,0,,,,0.0
Paranã,2020-04-09,0,0,0,0,0.0,0.0,,0.0
Paranã,2020-04-10,0,0,0,0,0.0,0.0,,0.0
Paranã,2020-04-11,0,0,0,0,0.0,0.0,,0.0
Paranã,2020-04-12,0,0,0,0,0.0,0.0,,0.0
Paranã,2020-04-13,0,0,0,0,0.0,0.0,,0.0
Paranã,2020-04-14,0,0,0,0,0.0,0.0,,0.0
Paranã,2020-04-15,0,0,0,0,0.0,0.0,,0.0
Paranã,2020-04-16,0,0,0,0,0.0,0.0,,0.0
Paranã,2020-04-17,0,0,0,0,0.0,0.0,,0.0
Paranã,2020-04-18,0,0,0,0,0.0,0.0,,0.0
Paranã,2020-04-19,0,0,0,0,0.0,0.0,,0.0
Paranã,2020-04-20,0,0,0,0,0.0,0.0,,0.0
Paranã,2020-04-21,0,0,0,0,0.0,0.0,,0.0
Paranã,2020-04-22,0,0,0,0,0.0,0.0,,0.0
Paranã,2020-04-23,0,0,0,0,0.0,0.0,,0.0
Paranã,2020-04-24,0,0,0,0,0.0,0.0,,0.0
Paranã,2020-04-25,0,0,0,0,0.0,0.0,,0.0
Paranã,2020-04-26,0,0,0,0,0.0,0.0,,0.0
Paranã,2020-04-27,0,0,0,0,0.0,0.0,,0.0
Paranã,2020-04-28,0,0,0,0,0.0,0.0,,0.0
Paranã,2020-04-29,0,0,0,0,0.0,0.0,,0.0
Paranã,2020-04-30,0,0,0,0,0.0,0.0,,0.0
Paranã,2020-05-01,0,0,0,0,0.0,0.0,,0.0
Paranã,2020-05-02,0,0,0,0,0.0,0.0,,0.0
Paranã,2020-05-03,0,0,0,0,0.0,0.0,,0.0
Paranã,2020-05-04,0,0,0,0,0.0,0.0,,0.0
Paranã,2020-05-05,0,0,0,0,0.0,0.0,,0.0
Paranã,2020-05-06,0,0,0,0,0.0,0.0,,0.0
Paranã,2020-05-07,0,0,0,0,0.0,0.0,,0.0
Paranã,2020-05-08,0,0,0,0,0.0,0.0,,0.0
Paranã,2020-05-09,0,0,0,0,0.0,0.0,,0.0
Paranã,2020-05-10,0,0,0,0,0.0,0.0,,0.0
Paranã,2020-05-11,0,0,0,0,0.0,0.0,,0.0
Paranã,2020-05-12,0,0,0,0,0.0,0.0,,0.0
Paranã,2020-05-13,0,0,0,0,0.0,0.0,,0.0
Paranã,2020-05-14,0,0,0,0,0.0,0.0,,0.0
Paranã,2020-05-15,0,0,0,0,0.0,0.0,,0.0
Paranã,2020-05-16,0,0,0,0,0.0,0.0,,0.0
Paranã,2020-05-17,0,0,0,0,0.0,0.0,,0.0
Paranã,2020-05-18,0,0,0,0,0.0,0.0,,0.0
Paranã,2020-05-19,0,0,0,0,0.0,0.0,,0.0
Paranã,2020-05-20,0,0,0,0,0.0,0.0,,0.0
Paranã,2020-05-21,0,0,0,0,0.0,0.0,,0.0
Paranã,2020-05-22,0,0,0,0,0.0,0.0,,0.0
Paranã,2020-05-23,0,0,0,0,0.0,0.0,,0.0
Paranã,2020-05-24,0,0,0,0,0.0,0.0,,0.0
Paranã,2020-05-25,0,0,0,0,0.0,0.0,,0.0
Paranã,2020-05-26,0,0,0,0,0.0,0.0,,0.0
Paranã,2020-05-27,0,0,0,0,0.0,0.0,,0.0
Paranã,2020-05-28,0,0,0,0,0.0,0.0,,0.0
Paranã,2020-05-29,0,0,0,0,0.0,0.0,,0.0
Paranã,2020-05-30,0,0,0,0,0.0,0.0,,0.0
Paranã,2020-05-31,0,0,0,0,0.0,0.0,,0.0
Paranã,2020-06-01,0,0,0,0,0.0,0.0,,0.0
Paranã,2020-06-02,0,0,0,0,0.0,0.0,,0.0
Paranã,2020-06-03,0,0,0,0,0.0,0.0,,0.0
Paranã,2020-06-04,0,0,0,0,0.0,0.0,,0.0
Paranã,2020-06-05,0,0,0,0,0.0,0.0,,0.0
Paranã,2020-06-06,0,0,0,0,0.0,0.0,,0.0
Paranã,2020-06-07,0,0,0,0,0.0,0.0,,0.0
Paranã,2020-06-08,0,0,0,0,0.0,0.0,,0.0
Paranã,2020-06-09,0,0,0,0,0.0,0.0,,0.0
Paranã,2020-06-10,0,0,0,0,0.0,0.0,,0.0
Paranã,2020-06-11,0,0,0,0,0.0,0.0,,0.0
Paranã,2020-06-12,0,0,0,0,0.0,0.0,,0.0
Paranã,2020-06-13,0,0,0,0,0.0,0.0,,0.0
Paranã,2020-06-14,0,0,0,0,0.0,0.0,,0.0
Paranã,2020-06-15,0,0,0,0,0.0,0.0,,0.0
Paranã,2020-06-16,0,0,0,0,0.0,0.0,,0.0
Paranã,2020-06-17,0,0,0,0,0.0,0.0,,0.0
Paranã,2020-06-18,0,0,0,0,0.0,0.0,,0.0
Paranã,2020-06-19,0,0,0,0,0.0,0.0,,0.0
Paranã,2020-06-20,0,0,0,0,0.0,0.0,,0.0
Paranã,2020-06-21,0,0,0,0,0.0,0.0,,0.0
Paranã,2020-06-22,0,0,0,0,0.0,0.0,,0.0
Paranã,2020-06-23,0,0,0,0,0.0,0.0,,0.0
Paranã,2020-06-24,0,0,0,0,0.0,0.0,,0.0
Paranã,2020-06-25,0,0,0,0,0.0,0.0,,0.0
Paranã,2020-06-26,0,0,0,0,0.0,0.0,,0.0
Paranã,2020-06-27,0,0,0,0,0.0,0.0,,0.0
Paranã,2020-06-28,0,0,0,0,0.0,0.0,,0.0
Paranã,2020-06-29,0,0,0,0,0.0,0.0,,0.0
Paranã,2020-06-30,0,0,0,0,0.0,0.0,,0.0
Paranã,2020-07-01,1,1,0,0,0.07142857142857142,0.0,,0.0
Paranã,2020-07-02,0,-1,0,0,0.0,0.0,,0.0
Paranã,2020-07-03,0,0,0,0,0.0,0.0,,0.0
Paranã,2020-07-04,0,0,0,0,0.0,0.0,,0.0
Paranã,2020-07-05,0,0,0,0,0.0,0.0,,0.0
Paranã,2020-07-06,0,0,0,0,0.0,0.0,,0.0
Paranã,2020-07-07,1,1,0,0,0.07142857142857142,0.0,,0.0
Paranã,2020-07-08,1,0,0,0,0.07142857142857142,0.0,,0.0
Paranã,2020-07-09,2,1,1,1,0.14285714285714285,0.07142857142857142,inf,0.3010299956639812
Paranã,2020-07-10,2,0,1,0,0.14285714285714285,0.07142857142857142,inf,0.3010299956639812
Paranã,2020-07-11,4,2,1,0,0.2857142857142857,0.07142857142857142,inf,0.6020599913279624
Paranã,2020-07-12,3,-1,1,0,0.21428571428571427,0.07142857142857142,inf,0.47712125471966244
Paranã,2020-07-13,4,1,1,0,0.2857142857142857,0.07142857142857142,inf,0.6020599913279624
Paranã,2020-07-14,4,0,1,0,0.2857142857142857,0.07142857142857142,inf,0.6020599913279624
Paranã,2020-07-15,4,0,1,0,0.21428571428571427,0.07142857142857142,inf,0.6020599913279624
Paranã,2020-07-16,4,0,1,0,0.2857142857142857,0.07142857142857142,inf,0.6020599913279624
Paranã,2020-07-17,4,0,1,0,0.2857142857142857,0.07142857142857142,inf,0.6020599913279624
Paranã,2020-07-18,4,0,1,0,0.2857142857142857,0.07142857142857142,inf,0.6020599913279624
Paranã,2020-07-19,4,0,1,0,0.2857142857142857,0.07142857142857142,inf,0.6020599913279624
Paranã,2020-07-20,5,1,1,0,0.35714285714285715,0.07142857142857142,inf,0.6989700043360189
Paranã,2020-07-21,5,0,1,0,0.2857142857142857,0.07142857142857142,inf,0.6989700043360189
Paranã,2020-07-22,6,1,1,0,0.35714285714285715,0.07142857142857142,inf,0.7781512503836436
Paranã,2020-07-23,6,0,1,0,0.2857142857142857,0.0,-1.0,0.7781512503836436
Paranã,2020-07-24,6,0,1,0,0.2857142857142857,0.0,-1.0,0.7781512503836436
Paranã,2020-07-25,9,3,1,0,0.35714285714285715,0.0,-1.0,0.9542425094393249
Paranã,2020-07-26,10,1,1,0,0.5,0.0,-1.0,1.0
Paranã,2020-07-27,10,0,1,0,0.42857142857142855,0.0,-1.0,1.0
Paranã,2020-07-28,11,1,1,0,0.5,0.0,-1.0,1.041392685158225
Paranã,2020-07-29,13,2,1,0,0.6428571428571429,0.0,-1.0,1.1139433523068367
Paranã,2020-07-30,14,1,1,0,0.7142857142857143,0.0,-1.0,1.146128035678238
Paranã,2020-07-31,14,0,1,0,0.7142857142857143,0.0,-1.0,1.146128035678238
Paranã,2020-08-01,23,9,1,0,1.3571428571428572,0.0,-1.0,1.3617278360175928
Paranã,2020-08-02,24,1,1,0,1.4285714285714286,0.0,-1.0,1.380211241711606
Paranã,2020-08-03,24,0,1,0,1.3571428571428572,0.0,-1.0,1.380211241711606
Paranã,2020-08-04,29,5,1,0,1.7142857142857142,0.0,-1.0,1.462397997898956
Paranã,2020-08-05,31,2,1,0,1.7857142857142858,0.0,-1.0,1.4913616938342726
Paranã,2020-08-06,31,0,1,0,1.7857142857142858,0.0,,1.4913616938342726
Paranã,2020-08-07,31,0,1,0,1.7857142857142858,0.0,,1.4913616938342726
Paranã,2020-08-08,31,0,1,0,1.5714285714285714,0.0,,1.4913616938342726
Paranã,2020-08-09,31,0,1,0,1.5,0.0,,1.4913616938342726
Paranã,2020-08-10,31,0,1,0,1.5,0.0,,1.4913616938342726
Paranã,2020-08-11,31,0,2,1,1.4285714285714286,0.07142857142857142,inf,1.4913616938342726
Paranã,2020-08-12,31,0,2,0,1.2857142857142858,0.07142857142857142,inf,1.4913616938342726
Paranã,2020-08-13,31,0,2,0,1.2142857142857142,0.07142857142857142,inf,1.4913616938342726
Paranã,2020-08-14,31,0,2,0,1.2142857142857142,0.07142857142857142,inf,1.4913616938342726
Paranã,2020-08-15,34,3,2,0,0.7857142857142857,0.07142857142857142,inf,1.5314789170422551
Paranã,2020-08-16,36,2,2,0,0.8571428571428571,0.07142857142857142,inf,1.5563025007672873
Paranã,2020-08-17,36,0,2,0,0.8571428571428571,0.07142857142857142,inf,1.5563025007672873
Paranã,2020-08-18,36,0,2,0,0.5,0.07142857142857142,inf,1.5563025007672873
Paranã,2020-08-19,39,3,2,0,0.5714285714285714,0.07142857142857142,inf,1.591064607026499
Paranã,2020-08-20,53,14,2,0,1.5714285714285714,0.07142857142857142,inf,1.7242758696007892
Paranã,2020-08-21,56,3,2,0,1.7857142857142858,0.07142857142857142,inf,1.7481880270062005
Paranã,2020-08-22,59,3,2,0,2.0,0.07142857142857142,inf,1.7708520116421442
Paranã,2020-08-23,62,3,2,0,2.2142857142857144,0.07142857142857142,inf,1.792391689498254
Paranã,2020-08-24,62,0,2,0,2.2142857142857144,0.07142857142857142,inf,1.792391689498254
Paranã,2020-08-25,62,0,2,0,2.2142857142857144,0.0,-1.0,1.792391689498254
Paranã,2020-08-26,62,0,2,0,2.2142857142857144,0.0,-1.0,1.792391689498254
Paranã,2020-08-27,63,1,2,0,2.2857142857142856,0.0,-1.0,1.7993405494535817
Paranã,2020-08-28,137,74,2,0,7.571428571428571,0.0,-1.0,2.1367205671564067
Paranã,2020-08-29,138,1,2,0,7.428571428571429,0.0,-1.0,2.1398790864012365
Paranã,2020-08-30,138,0,2,0,7.285714285714286,0.0,-1.0,2.1398790864012365
Paranã,2020-08-31,138,0,2,0,7.285714285714286,0.0,-1.0,2.1398790864012365
Paranã,2020-09-01,138,0,2,0,7.285714285714286,0.0,-1.0,2.1398790864012365
Paranã,2020-09-02,138,0,2,0,7.071428571428571,0.0,-1.0,2.1398790864012365
Paranã,2020-09-03,139,1,2,0,6.142857142857143,0.0,-1.0,2.143014800254095
Paranã,2020-09-04,140,1,2,0,6.0,0.0,-1.0,2.146128035678238
Paranã,2020-09-05,140,0,2,0,5.785714285714286,0.0,-1.0,2.146128035678238
Paranã,2020-09-06,140,0,2,0,5.571428571428571,0.0,-1.0,2.146128035678238
Paranã,2020-09-07,140,0,2,0,5.571428571428571,0.0,-1.0,2.146128035678238
Paranã,2020-09-08,140,0,2,0,5.571428571428571,0.0,,2.146128035678238
Paranã,2020-09-09,140,0,2,0,5.571428571428571,0.0,,2.146128035678238
Paranã,2020-09-10,140,0,2,0,5.5,0.0,,2.146128035678238
Paranã,2020-09-11,140,0,2,0,0.21428571428571427,0.0,,2.146128035678238
Paranã,2020-09-12,140,0,2,0,0.14285714285714285,0.0,,2.146128035678238
Paranã,2020-09-13,140,0,2,0,0.14285714285714285,0.0,,2.146128035678238
Paranã,2020-09-14,140,0,2,0,0.14285714285714285,0.0,,2.146128035678238
Paranã,2020-09-15,141,1,2,0,0.21428571428571427,0.0,,2.1492191126553797
Paranã,2020-09-16,141,0,2,0,0.21428571428571427,0.0,,2.1492191126553797
Paranã,2020-09-17,141,0,2,0,0.14285714285714285,0.0,,2.1492191126553797
Paranã,2020-09-18,141,0,2,0,0.07142857142857142,0.0,,2.1492191126553797
Paranã,2020-09-19,141,0,2,0,0.07142857142857142,0.0,,2.1492191126553797
Paranã,2020-09-20,141,0,2,0,0.07142857142857142,0.0,,2.1492191126553797
Paranã,2020-09-21,141,0,2,0,0.07142857142857142,0.0,,2.1492191126553797
Paranã,2020-09-22,141,0,2,0,0.07142857142857142,0.0,,2.1492191126553797
Paranã,2020-09-23,141,0,2,0,0.07142857142857142,0.0,,2.1492191126553797
Paranã,2020-09-24,142,1,2,0,0.14285714285714285,0.0,,2.1522883443830563
Paranã,2020-09-25,142,0,2,0,0.14285714285714285,0.0,,2.1522883443830563
Paranã,2020-09-26,142,0,2,0,0.14285714285714285,0.0,,2.1522883443830563
Paranã,2020-09-27,142,0,2,0,0.14285714285714285,0.0,,2.1522883443830563
Paranã,2020-09-28,142,0,2,0,0.14285714285714285,0.0,,2.1522883443830563
Paranã,2020-09-29,145,3,2,0,0.2857142857142857,0.0,,2.161368002234975
Paranã,2020-09-30,147,2,2,0,0.42857142857142855,0.0,,2.167317334748176
Paranã,2020-10-01,147,0,2,0,0.42857142857142855,0.0,,2.167317334748176
Paranã,2020-10-02,147,0,2,0,0.42857142857142855,0.0,,2.167317334748176
Paranã,2020-10-03,147,0,2,0,0.42857142857142855,0.0,,2.167317334748176
Paranã,2020-10-04,147,0,2,0,0.42857142857142855,0.0,,2.167317334748176
Paranã,2020-10-05,147,0,2,0,0.42857142857142855,0.0,,2.167317334748176
Paranã,2020-10-06,147,0,2,0,0.42857142857142855,0.0,,2.167317334748176
Paranã,2020-10-07,147,0,2,0,0.42857142857142855,0.0,,2.167317334748176
Paranã,2020-10-08,147,0,2,0,0.35714285714285715,0.0,,2.167317334748176
Paranã,2020-10-09,147,0,2,0,0.35714285714285715,0.0,,2.167317334748176
Paranã,2020-10-10,147,0,2,0,0.35714285714285715,0.0,,2.167317334748176
Paranã,2020-10-11,147,0,2,0,0.35714285714285715,0.0,,2.167317334748176
Paranã,2020-10-12,147,0,2,0,0.35714285714285715,0.0,,2.167317334748176
Paranã,2020-10-13,147,0,2,0,0.14285714285714285,0.0,,2.167317334748176
Paranã,2020-10-14,147,0,2,0,0.0,0.0,,2.167317334748176
Paranã,2020-10-15,147,0,2,0,0.0,0.0,,2.167317334748176
Paranã,2020-10-16,147,0,2,0,0.0,0.0,,2.167317334748176
Paranã,2020-10-17,150,3,2,0,0.21428571428571427,0.0,,2.1760912590556813
Paranã,2020-10-18,150,0,2,0,0.21428571428571427,0.0,,2.1760912590556813
Paranã,2020-10-19,150,0,2,0,0.21428571428571427,0.0,,2.1760912590556813
Paranã,2020-10-20,150,0,2,0,0.21428571428571427,0.0,,2.1760912590556813
Paranã,2020-10-21,153,3,2,0,0.42857142857142855,0.0,,2.184691430817599
Paranã,2020-10-22,153,0,2,0,0.42857142857142855,0.0,,2.184691430817599
Paranã,2020-10-23,154,1,2,0,0.5,0.0,,2.187520720836463
Paranã,2020-10-24,154,0,2,0,0.5,0.0,,2.187520720836463
Paranã,2020-10-25,154,0,2,0,0.5,0.0,,2.187520720836463
Paranã,2020-10-26,154,0,2,0,0.5,0.0,,2.187520720836463
Paranã,2020-10-27,154,0,2,0,0.5,0.0,,2.187520720836463
Paranã,2020-10-28,154,0,2,0,0.5,0.0,,2.187520720836463
Paranã,2020-10-29,154,0,2,0,0.5,0.0,,2.187520720836463
Paranã,2020-10-30,155,1,2,0,0.5714285714285714,0.0,,2.1903316981702914
Paranã,2020-10-31,155,0,2,0,0.35714285714285715,0.0,,2.1903316981702914
Paranã,2020-11-01,155,0,2,0,0.35714285714285715,0.0,,2.1903316981702914
Paranã,2020-11-02,155,0,2,0,0.35714285714285715,0.0,,2.1903316981702914
Paranã,2020-11-03,155,0,2,0,0.35714285714285715,0.0,,2.1903316981702914
Paranã,2020-11-04,155,0,2,0,0.14285714285714285,0.0,,2.1903316981702914
Paranã,2020-11-05,155,0,2,0,0.14285714285714285,0.0,,2.1903316981702914
Paranã,2020-11-06,155,0,2,0,0.07142857142857142,0.0,,2.1903316981702914
Paranã,2020-11-07,156,1,2,0,0.14285714285714285,0.0,,2.1931245983544616
Paranã,2020-11-08,156,0,2,0,0.14285714285714285,0.0,,2.1931245983544616
Paranã,2020-11-09,156,0,2,0,0.14285714285714285,0.0,,2.1931245983544616
Paranã,2020-11-10,157,1,2,0,0.21428571428571427,0.0,,2.1958996524092336
Paranã,2020-11-11,157,0,2,0,0.21428571428571427,0.0,,2.1958996524092336
Paranã,2020-11-12,157,0,2,0,0.21428571428571427,0.0,,2.1958996524092336
Paranã,2020-11-13,157,0,2,0,0.14285714285714285,0.0,,2.1958996524092336
Paranã,2020-11-14,157,0,2,0,0.14285714285714285,0.0,,2.1958996524092336
Paranã,2020-11-15,157,0,2,0,0.14285714285714285,0.0,,2.1958996524092336
Paranã,2020-11-16,157,0,2,0,0.14285714285714285,0.0,,2.1958996524092336
Paranã,2020-11-17,157,0,2,0,0.14285714285714285,0.0,,2.1958996524092336
Paranã,2020-11-18,157,0,2,0,0.14285714285714285,0.0,,2.1958996524092336
Paranã,2020-11-19,157,0,2,0,0.14285714285714285,0.0,,2.1958996524092336
Paranã,2020-11-20,157,0,2,0,0.14285714285714285,0.0,,2.1958996524092336
Paranã,2020-11-21,157,0,2,0,0.07142857142857142,0.0,,2.1958996524092336
Paranã,2020-11-22,157,0,2,0,0.07142857142857142,0.0,,2.1958996524092336
Paranã,2020-11-23,157,0,2,0,0.07142857142857142,0.0,,2.1958996524092336
Paranã,2020-11-24,157,0,2,0,0.0,0.0,,2.1958996524092336
Paranã,2020-11-25,157,0,2,0,0.0,0.0,,2.1958996524092336
Paranã,2020-11-26,157,0,2,0,0.0,0.0,,2.1958996524092336
Paranã,2020-11-27,157,0,2,0,0.0,0.0,,2.1958996524092336
Paranã,2020-11-28,157,0,2,0,0.0,0.0,,2.1958996524092336
Paranã,2020-11-29,157,0,2,0,0.0,0.0,,2.1958996524092336
Paranã,2020-11-30,157,0,2,0,0.0,0.0,,2.1958996524092336
Paranã,2020-12-01,157,0,2,0,0.0,0.0,,2.1958996524092336
Paranã,2020-12-02,157,0,2,0,0.0,0.0,,2.1958996524092336
Paranã,2020-12-03,157,0,2,0,0.0,0.0,,2.1958996524092336
Paranã,2020-12-04,157,0,2,0,0.0,0.0,,2.1958996524092336
Paranã,2020-12-05,157,0,2,0,0.0,0.0,,2.1958996524092336
Paranã,2020-12-06,157,0,2,0,0.0,0.0,,2.1958996524092336
Paranã,2020-12-07,157,0,2,0,0.0,0.0,,2.1958996524092336
Paranã,2020-12-08,157,0,2,0,0.0,0.0,,2.1958996524092336
Paranã,2020-12-09,157,0,2,0,0.0,0.0,,2.1958996524092336
Paranã,2020-12-10,157,0,2,0,0.0,0.0,,2.1958996524092336
Paranã,2020-12-11,157,0,2,0,0.0,0.0,,2.1958996524092336
Paranã,2020-12-12,157,0,2,0,0.0,0.0,,2.1958996524092336
Paranã,2020-12-13,157,0,2,0,0.0,0.0,,2.1958996524092336
Paranã,2020-12-14,157,0,2,0,0.0,0.0,,2.1958996524092336
Paranã,2020-12-15,157,0,2,0,0.0,0.0,,2.1958996524092336
Paranã,2020-12-16,157,0,2,0,0.0,0.0,,2.1958996524092336
Paranã,2020-12-17,157,0,2,0,0.0,0.0,,2.1958996524092336
Paranã,2020-12-18,157,0,2,0,0.0,0.0,,2.1958996524092336
Paranã,2020-12-19,157,0,2,0,0.0,0.0,,2.1958996524092336
Paranã,2020-12-20,157,0,2,0,0.0,0.0,,2.1958996524092336
Paranã,2020-12-21,157,0,2,0,0.0,0.0,,2.1958996524092336
Paranã,2020-12-22,157,0,2,0,0.0,0.0,,2.1958996524092336
Paranã,2020-12-23,157,0,2,0,0.0,0.0,,2.1958996524092336
Paranã,2020-12-24,157,0,2,0,0.0,0.0,,2.1958996524092336
Paranã,2020-12-25,157,0,2,0,0.0,0.0,,2.1958996524092336
Paranã,2020-12-26,157,0,2,0,0.0,0.0,,2.1958996524092336
Paranã,2020-12-27,157,0,2,0,0.0,0.0,,2.1958996524092336
Paranã,2020-12-28,157,0,2,0,0.0,0.0,,2.1958996524092336
Paranã,2020-12-29,157,0,2,0,0.0,0.0,,2.1958996524092336
Paranã,2020-12-30,157,0,2,0,0.0,0.0,,2.1958996524092336
Paranã,2020-12-31,157,0,2,0,0.0,0.0,,2.1958996524092336
Paranã,2021-01-01,157,0,2,0,0.0,0.0,,2.1958996524092336
Paranã,2021-01-02,157,0,2,0,0.0,0.0,,2.1958996524092336
Paranã,2021-01-03,157,0,2,0,0.0,0.0,,2.1958996524092336
Paranã,2021-01-04,157,0,2,0,0.0,0.0,,2.1958996524092336
Paranã,2021-01-05,157,0,2,0,0.0,0.0,,2.1958996524092336
Paranã,2021-01-06,157,0,2,0,0.0,0.0,,2.1958996524092336
Paranã,2021-01-07,157,0,2,0,0.0,0.0,,2.1958996524092336
Paranã,2021-01-08,157,0,2,0,0.0,0.0,,2.1958996524092336
Paranã,2021-01-09,157,0,2,0,0.0,0.0,,2.1958996524092336
Paranã,2021-01-10,157,0,2,0,0.0,0.0,,2.1958996524092336
Paranã,2021-01-11,157,0,2,0,0.0,0.0,,2.1958996524092336
Paranã,2021-01-12,162,5,2,0,0.35714285714285715,0.0,,2.2095150145426308
Paranã,2021-01-13,169,7,2,0,0.8571428571428571,0.0,,2.2278867046136734
Paranã,2021-01-14,170,1,2,0,0.9285714285714286,0.0,,2.230448921378274
Paranã,2021-01-15,171,1,2,0,1.0,0.0,,2.2329961103921536
Paranã,2021-01-16,172,1,2,0,1.0714285714285714,0.0,,2.2355284469075487
Paranã,2021-01-17,172,0,2,0,1.0714285714285714,0.0,,2.2355284469075487
Paranã,2021-01-18,175,3,2,0,1.2857142857142858,0.0,,2.2430380486862944
Paranã,2021-01-19,185,10,2,0,2.0,0.0,,2.2671717284030137
Paranã,2021-01-20,186,1,2,0,2.0714285714285716,0.0,,2.2695129442179165
Rio Sono,2020-03-27,0,0,0,0,,,,0.0
Rio Sono,2020-03-28,0,0,0,0,,,,0.0
Rio Sono,2020-03-29,0,0,0,0,,,,0.0
Rio Sono,2020-03-30,0,0,0,0,,,,0.0
Rio Sono,2020-03-31,0,0,0,0,,,,0.0
Rio Sono,2020-04-01,0,0,0,0,,,,0.0
Rio Sono,2020-04-02,0,0,0,0,,,,0.0
Rio Sono,2020-04-03,0,0,0,0,,,,0.0
Rio Sono,2020-04-04,0,0,0,0,,,,0.0
Rio Sono,2020-04-05,0,0,0,0,,,,0.0
Rio Sono,2020-04-06,0,0,0,0,,,,0.0
Rio Sono,2020-04-07,0,0,0,0,,,,0.0
Rio Sono,2020-04-08,0,0,0,0,,,,0.0
Rio Sono,2020-04-09,0,0,0,0,0.0,0.0,,0.0
Rio Sono,2020-04-10,0,0,0,0,0.0,0.0,,0.0
Rio Sono,2020-04-11,0,0,0,0,0.0,0.0,,0.0
Rio Sono,2020-04-12,0,0,0,0,0.0,0.0,,0.0
Rio Sono,2020-04-13,0,0,0,0,0.0,0.0,,0.0
Rio Sono,2020-04-14,0,0,0,0,0.0,0.0,,0.0
Rio Sono,2020-04-15,0,0,0,0,0.0,0.0,,0.0
Rio Sono,2020-04-16,0,0,0,0,0.0,0.0,,0.0
Rio Sono,2020-04-17,0,0,0,0,0.0,0.0,,0.0
Rio Sono,2020-04-18,0,0,0,0,0.0,0.0,,0.0
Rio Sono,2020-04-19,0,0,0,0,0.0,0.0,,0.0
Rio Sono,2020-04-20,0,0,0,0,0.0,0.0,,0.0
Rio Sono,2020-04-21,0,0,0,0,0.0,0.0,,0.0
Rio Sono,2020-04-22,0,0,0,0,0.0,0.0,,0.0
Rio Sono,2020-04-23,0,0,0,0,0.0,0.0,,0.0
Rio Sono,2020-04-24,0,0,0,0,0.0,0.0,,0.0
Rio Sono,2020-04-25,0,0,0,0,0.0,0.0,,0.0
Rio Sono,2020-04-26,0,0,0,0,0.0,0.0,,0.0
Rio Sono,2020-04-27,0,0,0,0,0.0,0.0,,0.0
Rio Sono,2020-04-28,0,0,0,0,0.0,0.0,,0.0
Rio Sono,2020-04-29,0,0,0,0,0.0,0.0,,0.0
Rio Sono,2020-04-30,0,0,0,0,0.0,0.0,,0.0
Rio Sono,2020-05-01,0,0,0,0,0.0,0.0,,0.0
Rio Sono,2020-05-02,0,0,0,0,0.0,0.0,,0.0
Rio Sono,2020-05-03,0,0,0,0,0.0,0.0,,0.0
Rio Sono,2020-05-04,0,0,0,0,0.0,0.0,,0.0
Rio Sono,2020-05-05,0,0,0,0,0.0,0.0,,0.0
Rio Sono,2020-05-06,0,0,0,0,0.0,0.0,,0.0
Rio Sono,2020-05-07,0,0,0,0,0.0,0.0,,0.0
Rio Sono,2020-05-08,0,0,0,0,0.0,0.0,,0.0
Rio Sono,2020-05-09,0,0,0,0,0.0,0.0,,0.0
Rio Sono,2020-05-10,0,0,0,0,0.0,0.0,,0.0
Rio Sono,2020-05-11,0,0,0,0,0.0,0.0,,0.0
Rio Sono,2020-05-12,0,0,0,0,0.0,0.0,,0.0
Rio Sono,2020-05-13,0,0,0,0,0.0,0.0,,0.0
Rio Sono,2020-05-14,0,0,0,0,0.0,0.0,,0.0
Rio Sono,2020-05-15,0,0,0,0,0.0,0.0,,0.0
Rio Sono,2020-05-16,0,0,0,0,0.0,0.0,,0.0
Rio Sono,2020-05-17,0,0,0,0,0.0,0.0,,0.0
Rio Sono,2020-05-18,0,0,0,0,0.0,0.0,,0.0
Rio Sono,2020-05-19,0,0,0,0,0.0,0.0,,0.0
Rio Sono,2020-05-20,0,0,0,0,0.0,0.0,,0.0
Rio Sono,2020-05-21,0,0,0,0,0.0,0.0,,0.0
Rio Sono,2020-05-22,0,0,0,0,0.0,0.0,,0.0
Rio Sono,2020-05-23,1,1,0,0,0.07142857142857142,0.0,,0.0
Rio Sono,2020-05-24,1,0,0,0,0.07142857142857142,0.0,,0.0
Rio Sono,2020-05-25,1,0,0,0,0.07142857142857142,0.0,,0.0
Rio Sono,2020-05-26,8,7,0,0,0.5714285714285714,0.0,,0.9030899869919435
Rio Sono,2020-05-27,24,16,0,0,1.7142857142857142,0.0,,1.380211241711606
Rio Sono,2020-05-28,9,-15,0,0,0.6428571428571429,0.0,,0.9542425094393249
Rio Sono,2020-05-29,9,0,0,0,0.6428571428571429,0.0,,0.9542425094393249
Rio Sono,2020-05-30,9,0,0,0,0.6428571428571429,0.0,,0.9542425094393249
Rio Sono,2020-05-31,10,1,0,0,0.7142857142857143,0.0,,1.0
Rio Sono,2020-06-01,10,0,0,0,0.7142857142857143,0.0,,1.0
Rio Sono,2020-06-02,10,0,0,0,0.7142857142857143,0.0,,1.0
Rio Sono,2020-06-03,14,4,0,0,1.0,0.0,,1.146128035678238
Rio Sono,2020-06-04,15,1,0,0,1.0714285714285714,0.0,,1.1760912590556813
Rio Sono,2020-06-05,18,3,0,0,1.2857142857142858,0.0,,1.255272505103306
Rio Sono,2020-06-06,22,4,0,0,1.5,0.0,,1.3424226808222062
Rio Sono,2020-06-07,22,0,0,0,1.5,0.0,,1.3424226808222062
Rio Sono,2020-06-08,22,0,0,0,1.5,0.0,,1.3424226808222062
Rio Sono,2020-06-09,22,0,0,0,1.0,0.0,,1.3424226808222062
Rio Sono,2020-06-10,22,0,0,0,-0.14285714285714285,0.0,,1.3424226808222062
Rio Sono,2020-06-11,22,0,1,1,0.9285714285714286,0.07142857142857142,inf,1.3424226808222062
Rio Sono,2020-06-12,22,0,1,0,0.9285714285714286,0.07142857142857142,inf,1.3424226808222062
Rio Sono,2020-06-13,22,0,1,0,0.9285714285714286,0.07142857142857142,inf,1.3424226808222062
Rio Sono,2020-06-14,22,0,1,0,0.8571428571428571,0.07142857142857142,inf,1.3424226808222062
Rio Sono,2020-06-15,22,0,1,0,0.8571428571428571,0.07142857142857142,inf,1.3424226808222062
Rio Sono,2020-06-16,22,0,1,0,0.8571428571428571,0.07142857142857142,inf,1.3424226808222062
Rio Sono,2020-06-17,22,0,1,0,0.5714285714285714,0.07142857142857142,inf,1.3424226808222062
Rio Sono,2020-06-18,22,0,1,0,0.5,0.07142857142857142,inf,1.3424226808222062
Rio Sono,2020-06-19,22,0,1,0,0.2857142857142857,0.07142857142857142,inf,1.3424226808222062
Rio Sono,2020-06-20,22,0,1,0,0.0,0.07142857142857142,inf,1.3424226808222062
Rio Sono,2020-06-21,22,0,1,0,0.0,0.07142857142857142,inf,1.3424226808222062
Rio Sono,2020-06-22,22,0,1,0,0.0,0.07142857142857142,inf,1.3424226808222062
Rio Sono,2020-06-23,22,0,1,0,0.0,0.07142857142857142,inf,1.3424226808222062
Rio Sono,2020-06-24,22,0,0,-1,0.0,0.0,,1.3424226808222062
Rio Sono,2020-06-25,23,1,1,1,0.07142857142857142,0.0,-1.0,1.3617278360175928
Rio Sono,2020-06-26,23,0,1,0,0.07142857142857142,0.0,-1.0,1.3617278360175928
Rio Sono,2020-06-27,23,0,1,0,0.07142857142857142,0.0,-1.0,1.3617278360175928
Rio Sono,2020-06-28,23,0,1,0,0.07142857142857142,0.0,-1.0,1.3617278360175928
Rio Sono,2020-06-29,23,0,1,0,0.07142857142857142,0.0,-1.0,1.3617278360175928
Rio Sono,2020-06-30,23,0,1,0,0.07142857142857142,0.0,-1.0,1.3617278360175928
Rio Sono,2020-07-01,23,0,1,0,0.07142857142857142,0.0,-1.0,1.3617278360175928
Rio Sono,2020-07-02,24,1,1,0,0.14285714285714285,0.0,-1.0,1.380211241711606
Rio Sono,2020-07-03,24,0,1,0,0.14285714285714285,0.0,-1.0,1.380211241711606
Rio Sono,2020-07-04,25,1,1,0,0.21428571428571427,0.0,-1.0,1.3979400086720377
Rio Sono,2020-07-05,26,1,1,0,0.2857142857142857,0.0,-1.0,1.414973347970818
Rio Sono,2020-07-06,26,0,1,0,0.2857142857142857,0.0,-1.0,1.414973347970818
Rio Sono,2020-07-07,26,0,1,0,0.2857142857142857,0.0,-1.0,1.414973347970818
Rio Sono,2020-07-08,26,0,1,0,0.2857142857142857,0.07142857142857142,inf,1.414973347970818
Rio Sono,2020-07-09,26,0,1,0,0.21428571428571427,0.0,,1.414973347970818
Rio Sono,2020-07-10,26,0,1,0,0.21428571428571427,0.0,,1.414973347970818
Rio Sono,2020-07-11,26,0,1,0,0.21428571428571427,0.0,,1.414973347970818
Rio Sono,2020-07-12,26,0,1,0,0.21428571428571427,0.0,,1.414973347970818
Rio Sono,2020-07-13,26,0,1,0,0.21428571428571427,0.0,,1.414973347970818
Rio Sono,2020-07-14,26,0,1,0,0.21428571428571427,0.0,,1.414973347970818
Rio Sono,2020-07-15,26,0,1,0,0.21428571428571427,0.0,,1.414973347970818
Rio Sono,2020-07-16,26,0,1,0,0.14285714285714285,0.0,,1.414973347970818
Rio Sono,2020-07-17,26,0,1,0,0.14285714285714285,0.0,,1.414973347970818
Rio Sono,2020-07-18,26,0,1,0,0.07142857142857142,0.0,,1.414973347970818
Rio Sono,2020-07-19,27,1,1,0,0.07142857142857142,0.0,,1.4313637641589874
Rio Sono,2020-07-20,27,0,1,0,0.07142857142857142,0.0,,1.4313637641589874
Rio Sono,2020-07-21,28,1,1,0,0.14285714285714285,0.0,,1.4471580313422192
Rio Sono,2020-07-22,29,1,1,0,0.21428571428571427,0.0,-1.0,1.462397997898956
Rio Sono,2020-07-23,29,0,1,0,0.21428571428571427,0.0,,1.462397997898956
Rio Sono,2020-07-24,29,0,1,0,0.21428571428571427,0.0,,1.462397997898956
Rio Sono,2020-07-25,29,0,1,0,0.21428571428571427,0.0,,1.462397997898956
Rio Sono,2020-07-26,29,0,1,0,0.21428571428571427,0.0,,1.462397997898956
Rio Sono,2020-07-27,29,0,1,0,0.21428571428571427,0.0,,1.462397997898956
Rio Sono,2020-07-28,29,0,1,0,0.21428571428571427,0.0,,1.462397997898956
Rio Sono,2020-07-29,32,3,1,0,0.42857142857142855,0.0,,1.505149978319906
Rio Sono,2020-07-30,32,0,1,0,0.42857142857142855,0.0,,1.505149978319906
Rio Sono,2020-07-31,32,0,1,0,0.42857142857142855,0.0,,1.505149978319906
Rio Sono,2020-08-01,35,3,1,0,0.6428571428571429,0.0,,1.5440680443502757
Rio Sono,2020-08-02,38,3,1,0,0.7857142857142857,0.0,,1.5797835966168101
Rio Sono,2020-08-03,39,1,1,0,0.8571428571428571,0.0,,1.591064607026499
Rio Sono,2020-08-04,41,2,1,0,0.9285714285714286,0.0,,1.6127838567197355
Rio Sono,2020-08-05,41,0,1,0,0.8571428571428571,0.0,,1.6127838567197355
Rio Sono,2020-08-06,61,20,1,0,2.2857142857142856,0.0,,1.7853298350107671
Rio Sono,2020-08-07,61,0,1,0,2.2857142857142856,0.0,,1.7853298350107671
Rio Sono,2020-08-08,62,1,1,0,2.357142857142857,0.0,,1.792391689498254
Rio Sono,2020-08-09,64,2,1,0,2.5,0.0,,1.806179973983887
Rio Sono,2020-08-10,73,9,1,0,3.142857142857143,0.0,,1.863322860120456
Rio Sono,2020-08-11,73,0,1,0,3.142857142857143,0.0,,1.863322860120456
Rio Sono,2020-08-12,73,0,1,0,2.9285714285714284,0.0,,1.863322860120456
Rio Sono,2020-08-13,73,0,1,0,2.9285714285714284,0.0,,1.863322860120456
Rio Sono,2020-08-14,73,0,1,0,2.9285714285714284,0.0,,1.863322860120456
Rio Sono,2020-08-15,78,5,1,0,3.0714285714285716,0.0,,1.8920946026904804
Rio Sono,2020-08-16,88,10,1,0,3.5714285714285716,0.0,,1.9444826721501687
Rio Sono,2020-08-17,88,0,1,0,3.5,0.0,,1.9444826721501687
Rio Sono,2020-08-18,88,0,1,0,3.357142857142857,0.0,,1.9444826721501687
Rio Sono,2020-08-19,88,0,1,0,3.357142857142857,0.0,,1.9444826721501687
Rio Sono,2020-08-20,95,7,1,0,2.4285714285714284,0.0,,1.9777236052888478
Rio Sono,2020-08-21,102,7,1,0,2.9285714285714284,0.0,,2.0086001717619175
Rio Sono,2020-08-22,102,0,1,0,2.857142857142857,0.0,,2.0086001717619175
Rio Sono,2020-08-23,105,3,1,0,2.9285714285714284,0.0,,2.0211892990699383
Rio Sono,2020-08-24,110,5,1,0,2.642857142857143,0.0,,2.041392685158225
Rio Sono,2020-08-25,110,0,1,0,2.642857142857143,0.0,,2.041392685158225
Rio Sono,2020-08-26,111,1,1,0,2.7142857142857144,0.0,,2.0453229787866576
Rio Sono,2020-08-27,114,3,1,0,2.9285714285714284,0.0,,2.0569048513364727
Rio Sono,2020-08-28,114,0,1,0,2.9285714285714284,0.0,,2.0569048513364727
Rio Sono,2020-08-29,125,11,1,0,3.357142857142857,0.0,,2.0969100130080562
Rio Sono,2020-08-30,132,7,1,0,3.142857142857143,0.0,,2.12057393120585
Rio Sono,2020-08-31,132,0,1,0,3.142857142857143,0.0,,2.12057393120585
Rio Sono,2020-09-01,132,0,1,0,3.142857142857143,0.0,,2.12057393120585
Rio Sono,2020-09-02,132,0,1,0,3.142857142857143,0.0,,2.12057393120585
Rio Sono,2020-09-03,132,0,1,0,2.642857142857143,0.0,,2.12057393120585
Rio Sono,2020-09-04,132,0,1,0,2.142857142857143,0.0,,2.12057393120585
Rio Sono,2020-09-05,132,0,1,0,2.142857142857143,0.0,,2.12057393120585
Rio Sono,2020-09-06,132,0,1,0,1.9285714285714286,0.0,,2.12057393120585
Rio Sono,2020-09-07,132,0,1,0,1.5714285714285714,0.0,,2.12057393120585
Rio Sono,2020-09-08,132,0,1,0,1.5714285714285714,0.0,,2.12057393120585
Rio Sono,2020-09-09,132,0,1,0,1.5,0.0,,2.12057393120585
Rio Sono,2020-09-10,132,0,1,0,1.2857142857142858,0.0,,2.12057393120585
Rio Sono,2020-09-11,133,1,1,0,1.3571428571428572,0.0,,2.123851640967086
Rio Sono,2020-09-12,146,13,1,0,1.5,0.0,,2.164352855784437
Rio Sono,2020-09-13,148,2,1,0,1.1428571428571428,0.0,,2.1702617153949575
Rio Sono,2020-09-14,148,0,1,0,1.1428571428571428,0.0,,2.1702617153949575
Rio Sono,2020-09-15,148,0,1,0,1.1428571428571428,0.0,,2.1702617153949575
Rio Sono,2020-09-16,148,0,1,0,1.1428571428571428,0.0,,2.1702617153949575
Rio Sono,2020-09-17,148,0,1,0,1.1428571428571428,0.0,,2.1702617153949575
Rio Sono,2020-09-18,149,1,1,0,1.2142857142857142,0.0,,2.173186268412274
Rio Sono,2020-09-19,149,0,1,0,1.2142857142857142,0.0,,2.173186268412274
Rio Sono,2020-09-20,149,0,1,0,1.2142857142857142,0.0,,2.173186268412274
Rio Sono,2020-09-21,149,0,1,0,1.2142857142857142,0.0,,2.173186268412274
Rio Sono,2020-09-22,149,0,1,0,1.2142857142857142,0.0,,2.173186268412274
Rio Sono,2020-09-23,149,0,1,0,1.2142857142857142,0.0,,2.173186268412274
Rio Sono,2020-09-24,149,0,1,0,1.2142857142857142,0.0,,2.173186268412274
Rio Sono,2020-09-25,149,0,1,0,1.1428571428571428,0.0,,2.173186268412274
Rio Sono,2020-09-26,149,0,1,0,0.21428571428571427,0.0,,2.173186268412274
Rio Sono,2020-09-27,149,0,1,0,0.07142857142857142,0.0,,2.173186268412274
Rio Sono,2020-09-28,149,0,1,0,0.07142857142857142,0.0,,2.173186268412274
Rio Sono,2020-09-29,149,0,1,0,0.07142857142857142,0.0,,2.173186268412274
Rio Sono,2020-09-30,150,1,1,0,0.14285714285714285,0.0,,2.1760912590556813
Rio Sono,2020-10-01,150,0,1,0,0.14285714285714285,0.0,,2.1760912590556813
Rio Sono,2020-10-02,150,0,1,0,0.07142857142857142,0.0,,2.1760912590556813
Rio Sono,2020-10-03,150,0,1,0,0.07142857142857142,0.0,,2.1760912590556813
Rio Sono,2020-10-04,150,0,1,0,0.07142857142857142,0.0,,2.1760912590556813
Rio Sono,2020-10-05,150,0,1,0,0.07142857142857142,0.0,,2.1760912590556813
Rio Sono,2020-10-06,150,0,1,0,0.07142857142857142,0.0,,2.1760912590556813
Rio Sono,2020-10-07,154,4,1,0,0.35714285714285715,0.0,,2.187520720836463
Rio Sono,2020-10-08,154,0,1,0,0.35714285714285715,0.0,,2.187520720836463
Rio Sono,2020-10-09,155,1,1,0,0.42857142857142855,0.0,,2.1903316981702914
Rio Sono,2020-10-10,155,0,1,0,0.42857142857142855,0.0,,2.1903316981702914
Rio Sono,2020-10-11,155,0,1,0,0.42857142857142855,0.0,,2.1903316981702914
Rio Sono,2020-10-12,155,0,1,0,0.42857142857142855,0.0,,2.1903316981702914
Rio Sono,2020-10-13,155,0,1,0,0.42857142857142855,0.0,,2.1903316981702914
Rio Sono,2020-10-14,155,0,1,0,0.35714285714285715,0.0,,2.1903316981702914
Rio Sono,2020-10-15,155,0,1,0,0.35714285714285715,0.0,,2.1903316981702914
Rio Sono,2020-10-16,155,0,1,0,0.35714285714285715,0.0,,2.1903316981702914
Rio Sono,2020-10-17,155,0,1,0,0.35714285714285715,0.0,,2.1903316981702914
Rio Sono,2020-10-18,155,0,1,0,0.35714285714285715,0.0,,2.1903316981702914
Rio Sono,2020-10-19,155,0,1,0,0.35714285714285715,0.0,,2.1903316981702914
Rio Sono,2020-10-20,170,15,1,0,1.4285714285714286,0.0,,2.230448921378274
Rio Sono,2020-10-21,170,0,1,0,1.1428571428571428,0.0,,2.230448921378274
Rio Sono,2020-10-22,170,0,1,0,1.1428571428571428,0.0,,2.230448921378274
Rio Sono,2020-10-23,170,0,1,0,1.0714285714285714,0.0,,2.230448921378274
Rio Sono,2020-10-24,170,0,1,0,1.0714285714285714,0.0,,2.230448921378274
Rio Sono,2020-10-25,170,0,1,0,1.0714285714285714,0.0,,2.230448921378274
Rio Sono,2020-10-26,170,0,1,0,1.0714285714285714,0.0,,2.230448921378274
Rio Sono,2020-10-27,170,0,1,0,1.0714285714285714,0.0,,2.230448921378274
Rio Sono,2020-10-28,170,0,1,0,1.0714285714285714,0.0,,2.230448921378274
Rio Sono,2020-10-29,170,0,1,0,1.0714285714285714,0.0,,2.230448921378274
Rio Sono,2020-10-30,170,0,1,0,1.0714285714285714,0.0,,2.230448921378274
Rio Sono,2020-10-31,170,0,1,0,1.0714285714285714,0.0,,2.230448921378274
Rio Sono,2020-11-01,170,0,1,0,1.0714285714285714,0.0,,2.230448921378274
Rio Sono,2020-11-02,170,0,1,0,1.0714285714285714,0.0,,2.230448921378274
Rio Sono,2020-11-03,170,0,1,0,0.0,0.0,,2.230448921378274
Rio Sono,2020-11-04,170,0,1,0,0.0,0.0,,2.230448921378274
Rio Sono,2020-11-05,170,0,1,0,0.0,0.0,,2.230448921378274
Rio Sono,2020-11-06,170,0,1,0,0.0,0.0,,2.230448921378274
Rio Sono,2020-11-07,170,0,1,0,0.0,0.0,,2.230448921378274
Rio Sono,2020-11-08,171,1,1,0,0.07142857142857142,0.0,,2.2329961103921536
Rio Sono,2020-11-09,171,0,1,0,0.07142857142857142,0.0,,2.2329961103921536
Rio Sono,2020-11-10,171,0,1,0,0.07142857142857142,0.0,,2.2329961103921536
Rio Sono,2020-11-11,171,0,1,0,0.07142857142857142,0.0,,2.2329961103921536
Rio Sono,2020-11-12,171,0,1,0,0.07142857142857142,0.0,,2.2329961103921536
Rio Sono,2020-11-13,171,0,1,0,0.07142857142857142,0.0,,2.2329961103921536
Rio Sono,2020-11-14,172,1,1,0,0.14285714285714285,0.0,,2.2355284469075487
Rio Sono,2020-11-15,172,0,1,0,0.14285714285714285,0.0,,2.2355284469075487
Rio Sono,2020-11-16,172,0,1,0,0.14285714285714285,0.0,,2.2355284469075487
Rio Sono,2020-11-17,172,0,1,0,0.14285714285714285,0.0,,2.2355284469075487
Rio Sono,2020-11-18,172,0,1,0,0.14285714285714285,0.0,,2.2355284469075487
Rio Sono,2020-11-19,173,1,1,0,0.21428571428571427,0.0,,2.2380461031287955
Rio Sono,2020-11-20,183,10,1,0,0.9285714285714286,0.0,,2.2624510897304293
Rio Sono,2020-11-21,183,0,1,0,0.9285714285714286,0.0,,2.2624510897304293
Rio Sono,2020-11-22,183,0,1,0,0.8571428571428571,0.0,,2.2624510897304293
Rio Sono,2020-11-23,183,0,1,0,0.8571428571428571,0.0,,2.2624510897304293
Rio Sono,2020-11-24,183,0,1,0,0.8571428571428571,0.0,,2.2624510897304293
Rio Sono,2020-11-25,184,1,1,0,0.9285714285714286,0.0,,2.2648178230095364
Rio Sono,2020-11-26,184,0,1,0,0.9285714285714286,0.0,,2.2648178230095364
Rio Sono,2020-11-27,188,4,1,0,1.2142857142857142,0.0,,2.27415784926368
Rio Sono,2020-11-28,188,0,1,0,1.1428571428571428,0.0,,2.27415784926368
Rio Sono,2020-11-29,188,0,1,0,1.1428571428571428,0.0,,2.27415784926368
Rio Sono,2020-11-30,188,0,1,0,1.1428571428571428,0.0,,2.27415784926368
Rio Sono,2020-12-01,189,1,1,0,1.2142857142857142,0.0,,2.2764618041732443
Rio Sono,2020-12-02,189,0,1,0,1.2142857142857142,0.0,,2.2764618041732443
Rio Sono,2020-12-03,189,0,1,0,1.1428571428571428,0.0,,2.2764618041732443
Rio Sono,2020-12-04,195,6,1,0,0.8571428571428571,0.0,,2.290034611362518
Rio Sono,2020-12-05,195,0,1,0,0.8571428571428571,0.0,,2.290034611362518
Rio Sono,2020-12-06,195,0,1,0,0.8571428571428571,0.0,,2.290034611362518
Rio Sono,2020-12-07,195,0,1,0,0.8571428571428571,0.0,,2.290034611362518
Rio Sono,2020-12-08,195,0,1,0,0.8571428571428571,0.0,,2.290034611362518
Rio Sono,2020-12-09,195,0,1,0,0.7857142857142857,0.0,,2.290034611362518
Rio Sono,2020-12-10,196,1,1,0,0.8571428571428571,0.0,,2.292256071356476
Rio Sono,2020-12-11,196,0,1,0,0.5714285714285714,0.0,,2.292256071356476
Rio Sono,2020-12-12,196,0,1,0,0.5714285714285714,0.0,,2.292256071356476
Rio Sono,2020-12-13,196,0,1,0,0.5714285714285714,0.0,,2.292256071356476
Rio Sono,2020-12-14,196,0,1,0,0.5714285714285714,0.0,,2.292256071356476
Rio Sono,2020-12-15,196,0,1,0,0.5,0.0,,2.292256071356476
Rio Sono,2020-12-16,196,0,1,0,0.5,0.0,,2.292256071356476
Rio Sono,2020-12-17,196,0,1,0,0.5,0.0,,2.292256071356476
Rio Sono,2020-12-18,196,0,1,0,0.07142857142857142,0.0,,2.292256071356476
Rio Sono,2020-12-19,196,0,1,0,0.07142857142857142,0.0,,2.292256071356476
Rio Sono,2020-12-20,196,0,1,0,0.07142857142857142,0.0,,2.292256071356476
Rio Sono,2020-12-21,196,0,1,0,0.07142857142857142,0.0,,2.292256071356476
Rio Sono,2020-12-22,198,2,1,0,0.21428571428571427,0.0,,2.296665190261531
Rio Sono,2020-12-23,207,9,1,0,0.8571428571428571,0.0,,2.315970345456918
Rio Sono,2020-12-24,207,0,1,0,0.7857142857142857,0.0,,2.315970345456918
Rio Sono,2020-12-25,207,0,1,0,0.7857142857142857,0.0,,2.315970345456918
Rio Sono,2020-12-26,207,0,1,0,0.7857142857142857,0.0,,2.315970345456918
Rio Sono,2020-12-27,207,0,1,0,0.7857142857142857,0.0,,2.315970345456918
Rio Sono,2020-12-28,207,0,1,0,0.7857142857142857,0.0,,2.315970345456918
Rio Sono,2020-12-29,207,0,1,0,0.7857142857142857,0.0,,2.315970345456918
Rio Sono,2020-12-30,205,-2,1,0,0.6428571428571429,0.0,,2.311753861055754
Rio Sono,2020-12-31,205,0,1,0,0.6428571428571429,0.0,,2.311753861055754
Rio Sono,2021-01-01,205,0,1,0,0.6428571428571429,0.0,,2.311753861055754
Rio Sono,2021-01-02,205,0,1,0,0.6428571428571429,0.0,,2.311753861055754
Rio Sono,2021-01-03,205,0,1,0,0.6428571428571429,0.0,,2.311753861055754
Rio Sono,2021-01-04,205,0,1,0,0.6428571428571429,0.0,,2.311753861055754
Rio Sono,2021-01-05,205,0,1,0,0.5,0.0,,2.311753861055754
Rio Sono,2021-01-06,205,0,1,0,-0.14285714285714285,0.0,,2.311753861055754
Rio Sono,2021-01-07,205,0,1,0,-0.14285714285714285,0.0,,2.311753861055754
Rio Sono,2021-01-08,205,0,1,0,-0.14285714285714285,0.0,,2.311753861055754
Rio Sono,2021-01-09,205,0,1,0,-0.14285714285714285,0.0,,2.311753861055754
Rio Sono,2021-01-10,205,0,1,0,-0.14285714285714285,0.0,,2.311753861055754
Rio Sono,2021-01-11,205,0,1,0,-0.14285714285714285,0.0,,2.311753861055754
Rio Sono,2021-01-12,205,0,1,0,-0.14285714285714285,0.0,,2.311753861055754
Rio Sono,2021-01-13,209,4,1,0,0.2857142857142857,0.0,,2.320146286111054
Rio Sono,2021-01-14,209,0,1,0,0.2857142857142857,0.0,,2.320146286111054
Rio Sono,2021-01-15,209,0,1,0,0.2857142857142857,0.0,,2.320146286111054
Rio Sono,2021-01-16,209,0,1,0,0.2857142857142857,0.0,,2.320146286111054
Rio Sono,2021-01-17,209,0,1,0,0.2857142857142857,0.0,,2.320146286111054
Rio Sono,2021-01-18,209,0,1,0,0.2857142857142857,0.0,,2.320146286111054
Rio Sono,2021-01-19,209,0,1,0,0.2857142857142857,0.0,,2.320146286111054
Rio Sono,2021-01-20,209,0,1,0,0.2857142857142857,0.0,,2.320146286111054
Sampaio,2020-03-27,0,0,0,0,,,,0.0
Sampaio,2020-03-28,0,0,0,0,,,,0.0
Sampaio,2020-03-29,0,0,0,0,,,,0.0
Sampaio,2020-03-30,0,0,0,0,,,,0.0
Sampaio,2020-03-31,0,0,0,0,,,,0.0
Sampaio,2020-04-01,0,0,0,0,,,,0.0
Sampaio,2020-04-02,0,0,0,0,,,,0.0
Sampaio,2020-04-03,0,0,0,0,,,,0.0
Sampaio,2020-04-04,0,0,0,0,,,,0.0
Sampaio,2020-04-05,0,0,0,0,,,,0.0
Sampaio,2020-04-06,0,0,0,0,,,,0.0
Sampaio,2020-04-07,0,0,0,0,,,,0.0
Sampaio,2020-04-08,0,0,0,0,,,,0.0
Sampaio,2020-04-09,0,0,0,0,0.0,0.0,,0.0
Sampaio,2020-04-10,0,0,0,0,0.0,0.0,,0.0
Sampaio,2020-04-11,0,0,0,0,0.0,0.0,,0.0
Sampaio,2020-04-12,0,0,0,0,0.0,0.0,,0.0
Sampaio,2020-04-13,0,0,0,0,0.0,0.0,,0.0
Sampaio,2020-04-14,0,0,0,0,0.0,0.0,,0.0
Sampaio,2020-04-15,0,0,0,0,0.0,0.0,,0.0
Sampaio,2020-04-16,0,0,0,0,0.0,0.0,,0.0
Sampaio,2020-04-17,0,0,0,0,0.0,0.0,,0.0
Sampaio,2020-04-18,0,0,0,0,0.0,0.0,,0.0
Sampaio,2020-04-19,0,0,0,0,0.0,0.0,,0.0
Sampaio,2020-04-20,0,0,0,0,0.0,0.0,,0.0
Sampaio,2020-04-21,0,0,0,0,0.0,0.0,,0.0
Sampaio,2020-04-22,0,0,0,0,0.0,0.0,,0.0
Sampaio,2020-04-23,0,0,0,0,0.0,0.0,,0.0
Sampaio,2020-04-24,0,0,0,0,0.0,0.0,,0.0
Sampaio,2020-04-25,0,0,0,0,0.0,0.0,,0.0
Sampaio,2020-04-26,0,0,0,0,0.0,0.0,,0.0
Sampaio,2020-04-27,0,0,0,0,0.0,0.0,,0.0
Sampaio,2020-04-28,0,0,0,0,0.0,0.0,,0.0
Sampaio,2020-04-29,0,0,0,0,0.0,0.0,,0.0
Sampaio,2020-04-30,0,0,0,0,0.0,0.0,,0.0
Sampaio,2020-05-01,0,0,0,0,0.0,0.0,,0.0
Sampaio,2020-05-02,0,0,0,0,0.0,0.0,,0.0
Sampaio,2020-05-03,0,0,0,0,0.0,0.0,,0.0
Sampaio,2020-05-04,0,0,0,0,0.0,0.0,,0.0
Sampaio,2020-05-05,1,1,0,0,0.07142857142857142,0.0,,0.0
Sampaio,2020-05-06,1,0,0,0,0.07142857142857142,0.0,,0.0
Sampaio,2020-05-07,1,0,0,0,0.07142857142857142,0.0,,0.0
Sampaio,2020-05-08,1,0,0,0,0.07142857142857142,0.0,,0.0
Sampaio,2020-05-09,1,0,0,0,0.07142857142857142,0.0,,0.0
Sampaio,2020-05-10,1,0,0,0,0.07142857142857142,0.0,,0.0
Sampaio,2020-05-11,1,0,0,0,0.07142857142857142,0.0,,0.0
Sampaio,2020-05-12,1,0,0,0,0.07142857142857142,0.0,,0.0
Sampaio,2020-05-13,1,0,0,0,0.07142857142857142,0.0,,0.0
Sampaio,2020-05-14,1,0,0,0,0.07142857142857142,0.0,,0.0
Sampaio,2020-05-15,2,1,0,0,0.14285714285714285,0.0,,0.3010299956639812
Sampaio,2020-05-16,2,0,0,0,0.14285714285714285,0.0,,0.3010299956639812
Sampaio,2020-05-17,4,2,0,0,0.2857142857142857,0.0,,0.6020599913279624
Sampaio,2020-05-18,4,0,0,0,0.2857142857142857,0.0,,0.6020599913279624
Sampaio,2020-05-19,5,1,0,0,0.2857142857142857,0.0,,0.6989700043360189
Sampaio,2020-05-20,5,0,0,0,0.2857142857142857,0.0,,0.6989700043360189
Sampaio,2020-05-21,8,3,0,0,0.5,0.0,,0.9030899869919435
Sampaio,2020-05-22,7,-1,0,0,0.42857142857142855,0.0,,0.8450980400142568
Sampaio,2020-05-23,9,2,0,0,0.5714285714285714,0.0,,0.9542425094393249
Sampaio,2020-05-24,9,0,0,0,0.5714285714285714,0.0,,0.9542425094393249
Sampaio,2020-05-25,12,3,0,0,0.7857142857142857,0.0,,1.0791812460476249
Sampaio,2020-05-26,12,0,0,0,0.7857142857142857,0.0,,1.0791812460476249
Sampaio,2020-05-27,13,1,0,0,0.8571428571428571,0.0,,1.1139433523068367
Sampaio,2020-05-28,13,0,0,0,0.8571428571428571,0.0,,1.1139433523068367
Sampaio,2020-05-29,18,5,0,0,1.1428571428571428,0.0,,1.255272505103306
Sampaio,2020-05-30,20,2,0,0,1.2857142857142858,0.0,,1.3010299956639813
Sampaio,2020-05-31,23,3,0,0,1.3571428571428572,0.0,,1.3617278360175928
Sampaio,2020-06-01,24,1,0,0,1.4285714285714286,0.0,,1.380211241711606
Sampaio,2020-06-02,24,0,0,0,1.3571428571428572,0.0,,1.380211241711606
Sampaio,2020-06-03,28,4,0,0,1.6428571428571428,0.0,,1.4471580313422192
Sampaio,2020-06-04,27,-1,0,0,1.3571428571428572,0.0,,1.4313637641589874
Sampaio,2020-06-05,30,3,0,0,1.6428571428571428,0.0,,1.4771212547196624
Sampaio,2020-06-06,30,0,0,0,1.5,0.0,,1.4771212547196624
Sampaio,2020-06-07,32,2,0,0,1.6428571428571428,0.0,,1.505149978319906
Sampaio,2020-06-08,32,0,0,0,1.4285714285714286,0.0,,1.505149978319906
Sampaio,2020-06-09,36,4,0,0,1.7142857142857142,0.0,,1.5563025007672873
Sampaio,2020-06-10,37,1,0,0,1.7142857142857142,0.0,,1.568201724066995
Sampaio,2020-06-11,38,1,0,0,1.7857142857142858,0.0,,1.5797835966168101
Sampaio,2020-06-12,41,3,0,0,1.6428571428571428,0.0,,1.6127838567197355
Sampaio,2020-06-13,41,0,0,0,1.5,0.0,,1.6127838567197355
Sampaio,2020-06-14,41,0,0,0,1.2857142857142858,0.0,,1.6127838567197355
Sampaio,2020-06-15,49,8,0,0,1.7857142857142858,0.0,,1.6901960800285136
Sampaio,2020-06-16,51,2,0,0,1.9285714285714286,0.0,,1.7075701760979363
Sampaio,2020-06-17,54,3,0,0,1.8571428571428572,0.0,,1.7323937598229686
Sampaio,2020-06-18,57,3,0,0,2.142857142857143,0.0,,1.7558748556724915
Sampaio,2020-06-19,62,5,0,0,2.2857142857142856,0.0,,1.792391689498254
Sampaio,2020-06-20,64,2,0,0,2.4285714285714284,0.0,,1.806179973983887
Sampaio,2020-06-21,64,0,0,0,2.2857142857142856,0.0,,1.806179973983887
Sampaio,2020-06-22,64,0,0,0,2.2857142857142856,0.0,,1.806179973983887
Sampaio,2020-06-23,73,9,0,0,2.642857142857143,0.0,,1.863322860120456
Sampaio,2020-06-24,76,3,1,1,2.7857142857142856,0.07142857142857142,inf,1.8808135922807914
Sampaio,2020-06-25,91,15,1,0,3.7857142857142856,0.07142857142857142,inf,1.9590413923210936
Sampaio,2020-06-26,93,2,2,1,3.7142857142857144,0.14285714285714285,inf,1.968482948553935
Sampaio,2020-06-27,93,0,2,0,3.7142857142857144,0.14285714285714285,inf,1.968482948553935
Sampaio,2020-06-28,104,11,2,0,4.5,0.14285714285714285,inf,2.0170333392987803
Sampaio,2020-06-29,104,0,2,0,3.9285714285714284,0.14285714285714285,inf,2.0170333392987803
Sampaio,2020-06-30,116,12,2,0,4.642857142857143,0.14285714285714285,inf,2.0644579892269186
Sampaio,2020-07-01,120,4,2,0,4.714285714285714,0.14285714285714285,inf,2.0791812460476247
Sampaio,2020-07-02,125,5,2,0,4.857142857142857,0.14285714285714285,inf,2.0969100130080562
Sampaio,2020-07-03,130,5,2,0,4.857142857142857,0.14285714285714285,inf,2.113943352306837
Sampaio,2020-07-04,135,5,2,0,5.071428571428571,0.14285714285714285,inf,2.130333768495006
Sampaio,2020-07-05,135,0,2,0,5.071428571428571,0.14285714285714285,inf,2.130333768495006
Sampaio,2020-07-06,135,0,2,0,5.071428571428571,0.14285714285714285,inf,2.130333768495006
Sampaio,2020-07-07,139,4,2,0,4.714285714285714,0.14285714285714285,inf,2.143014800254095
Sampaio,2020-07-08,146,7,2,0,5.0,0.07142857142857142,0.0,2.164352855784437
Sampaio,2020-07-09,146,0,2,0,3.9285714285714284,0.07142857142857142,0.0,2.164352855784437
Sampaio,2020-07-10,148,2,2,0,3.9285714285714284,0.0,-1.0,2.1702617153949575
Sampaio,2020-07-11,151,3,2,0,4.142857142857143,0.0,-1.0,2.1789769472931693
Sampaio,2020-07-12,151,0,2,0,3.357142857142857,0.0,-1.0,2.1789769472931693
Sampaio,2020-07-13,152,1,2,0,3.4285714285714284,0.0,-1.0,2.1818435879447726
Sampaio,2020-07-14,158,6,2,0,3.0,0.0,-1.0,2.1986570869544226
Sampaio,2020-07-15,164,6,2,0,3.142857142857143,0.0,-1.0,2.214843848047698
Sampaio,2020-07-16,167,3,2,0,3.0,0.0,-1.0,2.2227164711475833
Sampaio,2020-07-17,169,2,2,0,2.7857142857142856,0.0,-1.0,2.2278867046136734
Sampaio,2020-07-18,172,3,2,0,2.642857142857143,0.0,-1.0,2.2355284469075487
Sampaio,2020-07-19,172,0,2,0,2.642857142857143,0.0,-1.0,2.2355284469075487
Sampaio,2020-07-20,172,0,2,0,2.642857142857143,0.0,-1.0,2.2355284469075487
Sampaio,2020-07-21,178,6,2,0,2.7857142857142856,0.0,-1.0,2.250420002308894
Sampaio,2020-07-22,188,10,2,0,3.0,0.0,-1.0,2.27415784926368
Sampaio,2020-07-23,198,10,2,0,3.7142857142857144,0.0,-1.0,2.296665190261531
Sampaio,2020-07-24,199,1,2,0,3.642857142857143,0.0,,2.298853076409707
Sampaio,2020-07-25,204,5,2,0,3.7857142857142856,0.0,,2.3096301674258988
Sampaio,2020-07-26,207,3,3,1,4.0,0.07142857142857142,inf,2.315970345456918
Sampaio,2020-07-27,207,0,3,0,3.9285714285714284,0.07142857142857142,inf,2.315970345456918
Sampaio,2020-07-28,218,11,3,0,4.285714285714286,0.07142857142857142,inf,2.3384564936046046
Sampaio,2020-07-29,219,1,3,0,3.9285714285714284,0.07142857142857142,inf,2.3404441148401185
Sampaio,2020-07-30,221,2,3,0,3.857142857142857,0.07142857142857142,inf,2.3443922736851106
Sampaio,2020-07-31,221,0,3,0,3.7142857142857144,0.07142857142857142,inf,2.3443922736851106
Sampaio,2020-08-01,221,0,3,0,3.5,0.07142857142857142,inf,2.3443922736851106
Sampaio,2020-08-02,228,7,3,0,4.0,0.07142857142857142,inf,2.357934847000454
Sampaio,2020-08-03,228,0,3,0,4.0,0.07142857142857142,inf,2.357934847000454
Sampaio,2020-08-04,235,7,3,0,4.071428571428571,0.07142857142857142,inf,2.3710678622717363
Sampaio,2020-08-05,235,0,3,0,3.357142857142857,0.07142857142857142,inf,2.3710678622717363
Sampaio,2020-08-06,238,3,3,0,2.857142857142857,0.07142857142857142,inf,2.376576957056512
Sampaio,2020-08-07,239,1,3,0,2.857142857142857,0.07142857142857142,inf,2.3783979009481375
Sampaio,2020-08-08,241,2,3,0,2.642857142857143,0.07142857142857142,inf,2.3820170425748683
Sampaio,2020-08-09,241,0,3,0,2.4285714285714284,0.0,-1.0,2.3820170425748683
Sampaio,2020-08-10,242,1,3,0,2.5,0.0,-1.0,2.383815365980431
Sampaio,2020-08-11,242,0,3,0,1.7142857142857142,0.0,-1.0,2.383815365980431
Sampaio,2020-08-12,242,0,3,0,1.6428571428571428,0.0,-1.0,2.383815365980431
Sampaio,2020-08-13,243,1,3,0,1.5714285714285714,0.0,-1.0,2.385606273598312
Sampaio,2020-08-14,242,-1,3,0,1.5,0.0,-1.0,2.383815365980431
Sampaio,2020-08-15,242,0,3,0,1.5,0.0,-1.0,2.383815365980431
Sampaio,2020-08-16,242,0,3,0,1.0,0.0,-1.0,2.383815365980431
Sampaio,2020-08-17,242,0,3,0,1.0,0.0,-1.0,2.383815365980431
Sampaio,2020-08-18,243,1,3,0,0.5714285714285714,0.0,-1.0,2.385606273598312
Sampaio,2020-08-19,243,0,3,0,0.5714285714285714,0.0,-1.0,2.385606273598312
Sampaio,2020-08-20,244,1,3,0,0.42857142857142855,0.0,-1.0,2.3873898263387296
Sampaio,2020-08-21,248,4,3,0,0.6428571428571429,0.0,-1.0,2.3944516808262164
Sampaio,2020-08-22,250,2,3,0,0.6428571428571429,0.0,-1.0,2.3979400086720375
Sampaio,2020-08-23,251,1,3,0,0.7142857142857143,0.0,,2.399673721481038
Sampaio,2020-08-24,251,0,3,0,0.6428571428571429,0.0,,2.399673721481038
Sampaio,2020-08-25,258,7,3,0,1.1428571428571428,0.0,,2.41161970596323
Sampaio,2020-08-26,258,0,3,0,1.1428571428571428,0.0,,2.41161970596323
Sampaio,2020-08-27,258,0,3,0,1.0714285714285714,0.0,,2.41161970596323
Sampaio,2020-08-28,265,7,3,0,1.6428571428571428,0.0,,2.423245873936808
Sampaio,2020-08-29,265,0,3,0,1.6428571428571428,0.0,,2.423245873936808
Sampaio,2020-08-30,265,0,3,0,1.6428571428571428,0.0,,2.423245873936808
Sampaio,2020-08-31,265,0,3,0,1.6428571428571428,0.0,,2.423245873936808
Sampaio,2020-09-01,265,0,3,0,1.5714285714285714,0.0,,2.423245873936808
Sampaio,2020-09-02,276,11,3,0,2.357142857142857,0.0,,2.4409090820652177
Sampaio,2020-09-03,276,0,3,0,2.2857142857142856,0.0,,2.4409090820652177
Sampaio,2020-09-04,280,4,3,0,2.2857142857142856,0.0,,2.4471580313422194
Sampaio,2020-09-05,280,0,3,0,2.142857142857143,0.0,,2.4471580313422194
Sampaio,2020-09-06,280,0,3,0,2.0714285714285716,0.0,,2.4471580313422194
Sampaio,2020-09-07,280,0,3,0,2.0714285714285716,0.0,,2.4471580313422194
Sampaio,2020-09-08,280,0,3,0,1.5714285714285714,0.0,,2.4471580313422194
Sampaio,2020-09-09,280,0,3,0,1.5714285714285714,0.0,,2.4471580313422194
Sampaio,2020-09-10,296,16,3,0,2.7142857142857144,0.0,,2.4712917110589387
Sampaio,2020-09-11,302,6,3,0,2.642857142857143,0.0,,2.4800069429571505
Sampaio,2020-09-12,302,0,3,0,2.642857142857143,0.0,,2.4800069429571505
Sampaio,2020-09-13,302,0,3,0,2.642857142857143,0.0,,2.4800069429571505
Sampaio,2020-09-14,302,0,3,0,2.642857142857143,0.0,,2.4800069429571505
Sampaio,2020-09-15,311,9,3,0,3.2857142857142856,0.0,,2.4927603890268375
Sampaio,2020-09-16,311,0,3,0,2.5,0.0,,2.4927603890268375
Sampaio,2020-09-17,311,0,3,0,2.5,0.0,,2.4927603890268375
Sampaio,2020-09-18,314,3,3,0,2.4285714285714284,0.0,,2.496929648073215
Sampaio,2020-09-19,315,1,3,0,2.5,0.0,,2.4983105537896004
Sampaio,2020-09-20,315,0,3,0,2.5,0.0,,2.4983105537896004
Sampaio,2020-09-21,315,0,3,0,2.5,0.0,,2.4983105537896004
Sampaio,2020-09-22,317,2,3,0,2.642857142857143,0.0,,2.5010592622177517
Sampaio,2020-09-23,317,0,3,0,2.642857142857143,0.0,,2.5010592622177517
Sampaio,2020-09-24,318,1,3,0,1.5714285714285714,0.0,,2.5024271199844326
Sampaio,2020-09-25,318,0,3,0,1.1428571428571428,0.0,,2.5024271199844326
Sampaio,2020-09-26,318,0,3,0,1.1428571428571428,0.0,,2.5024271199844326
Sampaio,2020-09-27,318,0,3,0,1.1428571428571428,0.0,,2.5024271199844326
Sampaio,2020-09-28,318,0,3,0,1.1428571428571428,0.0,,2.5024271199844326
Sampaio,2020-09-29,322,4,3,0,0.7857142857142857,0.0,,2.507855871695831
Sampaio,2020-09-30,324,2,3,0,0.9285714285714286,0.0,,2.510545010206612
Sampaio,2020-10-01,324,0,3,0,0.9285714285714286,0.0,,2.510545010206612
Sampaio,2020-10-02,330,6,3,0,1.1428571428571428,0.0,,2.5185139398778875
Sampaio,2020-10-03,330,0,3,0,1.0714285714285714,0.0,,2.5185139398778875
Sampaio,2020-10-04,330,0,3,0,1.0714285714285714,0.0,,2.5185139398778875
Sampaio,2020-10-05,330,0,3,0,1.0714285714285714,0.0,,2.5185139398778875
Sampaio,2020-10-06,330,0,3,0,0.9285714285714286,0.0,,2.5185139398778875
Sampaio,2020-10-07,331,1,3,0,1.0,0.0,,2.519827993775719
Sampaio,2020-10-08,334,3,3,0,1.1428571428571428,0.0,,2.5237464668115646
Sampaio,2020-10-09,334,0,3,0,1.1428571428571428,0.0,,2.5237464668115646
Sampaio,2020-10-10,334,0,3,0,1.1428571428571428,0.0,,2.5237464668115646
Sampaio,2020-10-11,334,0,3,0,1.1428571428571428,0.0,,2.5237464668115646
Sampaio,2020-10-12,334,0,3,0,1.1428571428571428,0.0,,2.5237464668115646
Sampaio,2020-10-13,334,0,3,0,0.8571428571428571,0.0,,2.5237464668115646
Sampaio,2020-10-14,334,0,3,0,0.7142857142857143,0.0,,2.5237464668115646
Sampaio,2020-10-15,334,0,3,0,0.7142857142857143,0.0,,2.5237464668115646
Sampaio,2020-10-16,334,0,3,0,0.2857142857142857,0.0,,2.5237464668115646
Sampaio,2020-10-17,335,1,3,0,0.35714285714285715,0.0,,2.525044807036845
Sampaio,2020-10-18,335,0,3,0,0.35714285714285715,0.0,,2.525044807036845
Sampaio,2020-10-19,335,0,3,0,0.35714285714285715,0.0,,2.525044807036845
Sampaio,2020-10-20,335,0,3,0,0.35714285714285715,0.0,,2.525044807036845
Sampaio,2020-10-21,338,3,3,0,0.5,0.0,,2.5289167002776547
Sampaio,2020-10-22,338,0,3,0,0.2857142857142857,0.0,,2.5289167002776547
Sampaio,2020-10-23,338,0,3,0,0.2857142857142857,0.0,,2.5289167002776547
Sampaio,2020-10-24,339,1,3,0,0.35714285714285715,0.0,,2.530199698203082
Sampaio,2020-10-25,339,0,3,0,0.35714285714285715,0.0,,2.530199698203082
Sampaio,2020-10-26,339,0,3,0,0.35714285714285715,0.0,,2.530199698203082
Sampaio,2020-10-27,340,1,3,0,0.42857142857142855,0.0,,2.531478917042255
Sampaio,2020-10-28,340,0,3,0,0.42857142857142855,0.0,,2.531478917042255
Sampaio,2020-10-29,340,0,3,0,0.42857142857142855,0.0,,2.531478917042255
Sampaio,2020-10-30,340,0,3,0,0.42857142857142855,0.0,,2.531478917042255
Sampaio,2020-10-31,341,1,3,0,0.42857142857142855,0.0,,2.5327543789924976
Sampaio,2020-11-01,341,0,3,0,0.42857142857142855,0.0,,2.5327543789924976
Sampaio,2020-11-02,341,0,3,0,0.42857142857142855,0.0,,2.5327543789924976
Sampaio,2020-11-03,341,0,3,0,0.42857142857142855,0.0,,2.5327543789924976
Sampaio,2020-11-04,341,0,3,0,0.21428571428571427,0.0,,2.5327543789924976
Sampaio,2020-11-05,341,0,3,0,0.21428571428571427,0.0,,2.5327543789924976
Sampaio,2020-11-06,341,0,3,0,0.21428571428571427,0.0,,2.5327543789924976
Sampaio,2020-11-07,341,0,3,0,0.14285714285714285,0.0,,2.5327543789924976
Sampaio,2020-11-08,341,0,3,0,0.14285714285714285,0.0,,2.5327543789924976
Sampaio,2020-11-09,341,0,3,0,0.14285714285714285,0.0,,2.5327543789924976
Sampaio,2020-11-10,341,0,3,0,0.07142857142857142,0.0,,2.5327543789924976
Sampaio,2020-11-11,341,0,3,0,0.07142857142857142,0.0,,2.5327543789924976
Sampaio,2020-11-12,341,0,3,0,0.07142857142857142,0.0,,2.5327543789924976
Sampaio,2020-11-13,341,0,3,0,0.07142857142857142,0.0,,2.5327543789924976
Sampaio,2020-11-14,341,0,3,0,0.0,0.0,,2.5327543789924976
Sampaio,2020-11-15,341,0,3,0,0.0,0.0,,2.5327543789924976
Sampaio,2020-11-16,341,0,3,0,0.0,0.0,,2.5327543789924976
Sampaio,2020-11-17,341,0,3,0,0.0,0.0,,2.5327543789924976
Sampaio,2020-11-18,341,0,3,0,0.0,0.0,,2.5327543789924976
Sampaio,2020-11-19,341,0,3,0,0.0,0.0,,2.5327543789924976
Sampaio,2020-11-20,341,0,3,0,0.0,0.0,,2.5327543789924976
Sampaio,2020-11-21,341,0,3,0,0.0,0.0,,2.5327543789924976
Sampaio,2020-11-22,341,0,3,0,0.0,0.0,,2.5327543789924976
Sampaio,2020-11-23,341,0,3,0,0.0,0.0,,2.5327543789924976
Sampaio,2020-11-24,341,0,3,0,0.0,0.0,,2.5327543789924976
Sampaio,2020-11-25,342,1,3,0,0.07142857142857142,0.0,,2.534026106056135
Sampaio,2020-11-26,344,2,3,0,0.21428571428571427,0.0,,2.53655844257153
Sampaio,2020-11-27,344,0,3,0,0.21428571428571427,0.0,,2.53655844257153
Sampaio,2020-11-28,344,0,3,0,0.21428571428571427,0.0,,2.53655844257153
Sampaio,2020-11-29,344,0,3,0,0.21428571428571427,0.0,,2.53655844257153
Sampaio,2020-11-30,344,0,3,0,0.21428571428571427,0.0,,2.53655844257153
Sampaio,2020-12-01,351,7,3,0,0.7142857142857143,0.0,,2.545307116465824
Sampaio,2020-12-02,351,0,3,0,0.7142857142857143,0.0,,2.545307116465824
Sampaio,2020-12-03,352,1,3,0,0.7857142857142857,0.0,,2.546542663478131
Sampaio,2020-12-04,352,0,3,0,0.7857142857142857,0.0,,2.546542663478131
Sampaio,2020-12-05,352,0,3,0,0.7857142857142857,0.0,,2.546542663478131
Sampaio,2020-12-06,352,0,3,0,0.7857142857142857,0.0,,2.546542663478131
Sampaio,2020-12-07,352,0,3,0,0.7857142857142857,0.0,,2.546542663478131
Sampaio,2020-12-08,360,8,3,0,1.3571428571428572,0.0,,2.5563025007672873
Sampaio,2020-12-09,360,0,3,0,1.2857142857142858,0.0,,2.5563025007672873
Sampaio,2020-12-10,361,1,3,0,1.2142857142857142,0.0,,2.5575072019056577
Sampaio,2020-12-11,363,2,3,0,1.3571428571428572,0.0,,2.5599066250361124
Sampaio,2020-12-12,364,1,3,0,1.4285714285714286,0.0,,2.561101383649056
Sampaio,2020-12-13,364,0,3,0,1.4285714285714286,0.0,,2.561101383649056
Sampaio,2020-12-14,364,0,3,0,1.4285714285714286,0.0,,2.561101383649056
Sampaio,2020-12-15,364,0,3,0,0.9285714285714286,0.0,,2.561101383649056
Sampaio,2020-12-16,365,1,3,0,1.0,0.0,,2.5622928644564746
Sampaio,2020-12-17,367,2,3,0,1.0714285714285714,0.0,,2.5646660642520893
Sampaio,2020-12-18,367,0,3,0,1.0714285714285714,0.0,,2.5646660642520893
Sampaio,2020-12-19,368,1,3,0,1.1428571428571428,0.0,,2.5658478186735176
Sampaio,2020-12-20,368,0,3,0,1.1428571428571428,0.0,,2.5658478186735176
Sampaio,2020-12-21,368,0,3,0,1.1428571428571428,0.0,,2.5658478186735176
Sampaio,2020-12-22,368,0,3,0,0.5714285714285714,0.0,,2.5658478186735176
Sampaio,2020-12-23,371,3,3,0,0.7857142857142857,0.0,,2.569373909615046
Sampaio,2020-12-24,376,5,3,0,1.0714285714285714,0.0,,2.575187844927661
Sampaio,2020-12-25,376,0,3,0,0.9285714285714286,0.0,,2.575187844927661
Sampaio,2020-12-26,376,0,3,0,0.8571428571428571,0.0,,2.575187844927661
Sampaio,2020-12-27,376,0,3,0,0.8571428571428571,0.0,,2.575187844927661
Sampaio,2020-12-28,376,0,3,0,0.8571428571428571,0.0,,2.575187844927661
Sampaio,2020-12-29,382,6,3,0,1.2857142857142858,0.0,,2.582063362911709
Sampaio,2020-12-30,382,0,3,0,1.2142857142857142,0.0,,2.582063362911709
Sampaio,2020-12-31,382,0,3,0,1.0714285714285714,0.0,,2.582063362911709
Sampaio,2021-01-01,382,0,3,0,1.0714285714285714,0.0,,2.582063362911709
Sampaio,2021-01-02,382,0,3,0,1.0,0.0,,2.582063362911709
Sampaio,2021-01-03,382,0,3,0,1.0,0.0,,2.582063362911709
Sampaio,2021-01-04,382,0,3,0,1.0,0.0,,2.582063362911709
Sampaio,2021-01-05,383,1,3,0,1.0714285714285714,0.0,,2.583198773968623
Sampaio,2021-01-06,384,1,3,0,0.9285714285714286,0.0,,2.584331224367531
Sampaio,2021-01-07,385,1,3,0,0.6428571428571429,0.0,,2.5854607295085006
Sampaio,2021-01-08,385,0,3,0,0.6428571428571429,0.0,,2.5854607295085006
Sampaio,2021-01-09,385,0,3,0,0.6428571428571429,0.0,,2.5854607295085006
Sampaio,2021-01-10,385,0,3,0,0.6428571428571429,0.0,,2.5854607295085006
Sampaio,2021-01-11,385,0,3,0,0.6428571428571429,0.0,,2.5854607295085006
Sampaio,2021-01-12,385,0,3,0,0.21428571428571427,0.0,,2.5854607295085006
Sampaio,2021-01-13,387,2,3,0,0.35714285714285715,0.0,,2.5877109650189114
Sampaio,2021-01-14,387,0,3,0,0.35714285714285715,0.0,,2.5877109650189114
Sampaio,2021-01-15,393,6,3,0,0.7857142857142857,0.0,,2.5943925503754266
Sampaio,2021-01-16,393,0,3,0,0.7857142857142857,0.0,,2.5943925503754266
Sampaio,2021-01-17,393,0,3,0,0.7857142857142857,0.0,,2.5943925503754266
Sampaio,2021-01-18,393,0,3,0,0.7857142857142857,0.0,,2.5943925503754266
Sampaio,2021-01-19,393,0,3,0,0.7142857142857143,0.0,,2.5943925503754266
Sampaio,2021-01-20,393,0,3,0,0.6428571428571429,0.0,,2.5943925503754266
São Sebastião do Tocantins,2020-03-27,0,0,0,0,,,,0.0
São Sebastião do Tocantins,2020-03-28,0,0,0,0,,,,0.0
São Sebastião do Tocantins,2020-03-29,0,0,0,0,,,,0.0
São Sebastião do Tocantins,2020-03-30,0,0,0,0,,,,0.0
São Sebastião do Tocantins,2020-03-31,0,0,0,0,,,,0.0
São Sebastião do Tocantins,2020-04-01,0,0,0,0,,,,0.0
São Sebastião do Tocantins,2020-04-02,0,0,0,0,,,,0.0
São Sebastião do Tocantins,2020-04-03,0,0,0,0,,,,0.0
São Sebastião do Tocantins,2020-04-04,0,0,0,0,,,,0.0
São Sebastião do Tocantins,2020-04-05,0,0,0,0,,,,0.0
São Sebastião do Tocantins,2020-04-06,0,0,0,0,,,,0.0
São Sebastião do Tocantins,2020-04-07,0,0,0,0,,,,0.0
São Sebastião do Tocantins,2020-04-08,0,0,0,0,,,,0.0
São Sebastião do Tocantins,2020-04-09,0,0,0,0,0.0,0.0,,0.0
São Sebastião do Tocantins,2020-04-10,0,0,0,0,0.0,0.0,,0.0
São Sebastião do Tocantins,2020-04-11,0,0,0,0,0.0,0.0,,0.0
São Sebastião do Tocantins,2020-04-12,0,0,0,0,0.0,0.0,,0.0
São Sebastião do Tocantins,2020-04-13,0,0,0,0,0.0,0.0,,0.0
São Sebastião do Tocantins,2020-04-14,0,0,0,0,0.0,0.0,,0.0
São Sebastião do Tocantins,2020-04-15,0,0,0,0,0.0,0.0,,0.0
São Sebastião do Tocantins,2020-04-16,0,0,0,0,0.0,0.0,,0.0
São Sebastião do Tocantins,2020-04-17,0,0,0,0,0.0,0.0,,0.0
São Sebastião do Tocantins,2020-04-18,0,0,0,0,0.0,0.0,,0.0
São Sebastião do Tocantins,2020-04-19,0,0,0,0,0.0,0.0,,0.0
São Sebastião do Tocantins,2020-04-20,0,0,0,0,0.0,0.0,,0.0
São Sebastião do Tocantins,2020-04-21,0,0,0,0,0.0,0.0,,0.0
São Sebastião do Tocantins,2020-04-22,0,0,0,0,0.0,0.0,,0.0
São Sebastião do Tocantins,2020-04-23,0,0,0,0,0.0,0.0,,0.0
São Sebastião do Tocantins,2020-04-24,0,0,0,0,0.0,0.0,,0.0
São Sebastião do Tocantins,2020-04-25,0,0,0,0,0.0,0.0,,0.0
São Sebastião do Tocantins,2020-04-26,0,0,0,0,0.0,0.0,,0.0
São Sebastião do Tocantins,2020-04-27,0,0,0,0,0.0,0.0,,0.0
São Sebastião do Tocantins,2020-04-28,0,0,0,0,0.0,0.0,,0.0
São Sebastião do Tocantins,2020-04-29,0,0,0,0,0.0,0.0,,0.0
São Sebastião do Tocantins,2020-04-30,0,0,0,0,0.0,0.0,,0.0
São Sebastião do Tocantins,2020-05-01,0,0,0,0,0.0,0.0,,0.0
São Sebastião do Tocantins,2020-05-02,0,0,0,0,0.0,0.0,,0.0
São Sebastião do Tocantins,2020-05-03,0,0,0,0,0.0,0.0,,0.0
São Sebastião do Tocantins,2020-05-04,0,0,0,0,0.0,0.0,,0.0
São Sebastião do Tocantins,2020-05-05,0,0,0,0,0.0,0.0,,0.0
São Sebastião do Tocantins,2020-05-06,0,0,0,0,0.0,0.0,,0.0
São Sebastião do Tocantins,2020-05-07,0,0,0,0,0.0,0.0,,0.0
São Sebastião do Tocantins,2020-05-08,0,0,0,0,0.0,0.0,,0.0
São Sebastião do Tocantins,2020-05-09,0,0,0,0,0.0,0.0,,0.0
São Sebastião do Tocantins,2020-05-10,0,0,0,0,0.0,0.0,,0.0
São Sebastião do Tocantins,2020-05-11,0,0,0,0,0.0,0.0,,0.0
São Sebastião do Tocantins,2020-05-12,0,0,0,0,0.0,0.0,,0.0
São Sebastião do Tocantins,2020-05-13,0,0,0,0,0.0,0.0,,0.0
São Sebastião do Tocantins,2020-05-14,0,0,0,0,0.0,0.0,,0.0
São Sebastião do Tocantins,2020-05-15,0,0,0,0,0.0,0.0,,0.0
São Sebastião do Tocantins,2020-05-16,0,0,0,0,0.0,0.0,,0.0
São Sebastião do Tocantins,2020-05-17,0,0,0,0,0.0,0.0,,0.0
São Sebastião do Tocantins,2020-05-18,0,0,0,0,0.0,0.0,,0.0
São Sebastião do Tocantins,2020-05-19,0,0,0,0,0.0,0.0,,0.0
São Sebastião do Tocantins,2020-05-20,3,3,0,0,0.21428571428571427,0.0,,0.47712125471966244
São Sebastião do Tocantins,2020-05-21,3,0,0,0,0.21428571428571427,0.0,,0.47712125471966244
São Sebastião do Tocantins,2020-05-22,3,0,0,0,0.21428571428571427,0.0,,0.47712125471966244
São Sebastião do Tocantins,2020-05-23,5,2,0,0,0.35714285714285715,0.0,,0.6989700043360189
São Sebastião do Tocantins,2020-05-24,5,0,0,0,0.35714285714285715,0.0,,0.6989700043360189
São Sebastião do Tocantins,2020-05-25,5,0,0,0,0.35714285714285715,0.0,,0.6989700043360189
São Sebastião do Tocantins,2020-05-26,5,0,0,0,0.35714285714285715,0.0,,0.6989700043360189
São Sebastião do Tocantins,2020-05-27,5,0,0,0,0.35714285714285715,0.0,,0.6989700043360189
São Sebastião do Tocantins,2020-05-28,6,1,0,0,0.42857142857142855,0.0,,0.7781512503836436
São Sebastião do Tocantins,2020-05-29,6,0,0,0,0.42857142857142855,0.0,,0.7781512503836436
São Sebastião do Tocantins,2020-05-30,6,0,0,0,0.42857142857142855,0.0,,0.7781512503836436
São Sebastião do Tocantins,2020-05-31,6,0,0,0,0.42857142857142855,0.0,,0.7781512503836436
São Sebastião do Tocantins,2020-06-01,6,0,0,0,0.42857142857142855,0.0,,0.7781512503836436
São Sebastião do Tocantins,2020-06-02,7,1,0,0,0.5,0.0,,0.8450980400142568
São Sebastião do Tocantins,2020-06-03,7,0,0,0,0.2857142857142857,0.0,,0.8450980400142568
São Sebastião do Tocantins,2020-06-04,7,0,0,0,0.2857142857142857,0.0,,0.8450980400142568
São Sebastião do Tocantins,2020-06-05,7,0,0,0,0.2857142857142857,0.0,,0.8450980400142568
São Sebastião do Tocantins,2020-06-06,7,0,0,0,0.14285714285714285,0.0,,0.8450980400142568
São Sebastião do Tocantins,2020-06-07,7,0,0,0,0.14285714285714285,0.0,,0.8450980400142568
São Sebastião do Tocantins,2020-06-08,7,0,0,0,0.14285714285714285,0.0,,0.8450980400142568
São Sebastião do Tocantins,2020-06-09,7,0,0,0,0.14285714285714285,0.0,,0.8450980400142568
São Sebastião do Tocantins,2020-06-10,7,0,0,0,0.14285714285714285,0.0,,0.8450980400142568
São Sebastião do Tocantins,2020-06-11,7,0,0,0,0.07142857142857142,0.0,,0.8450980400142568
São Sebastião do Tocantins,2020-06-12,7,0,0,0,0.07142857142857142,0.0,,0.8450980400142568
São Sebastião do Tocantins,2020-06-13,7,0,0,0,0.07142857142857142,0.0,,0.8450980400142568
São Sebastião do Tocantins,2020-06-14,7,0,0,0,0.07142857142857142,0.0,,0.8450980400142568
São Sebastião do Tocantins,2020-06-15,7,0,0,0,0.07142857142857142,0.0,,0.8450980400142568
São Sebastião do Tocantins,2020-06-16,8,1,0,0,0.07142857142857142,0.0,,0.9030899869919435
São Sebastião do Tocantins,2020-06-17,8,0,0,0,0.07142857142857142,0.0,,0.9030899869919435
São Sebastião do Tocantins,2020-06-18,8,0,0,0,0.07142857142857142,0.0,,0.9030899869919435
São Sebastião do Tocantins,2020-06-19,9,1,0,0,0.14285714285714285,0.0,,0.9542425094393249
São Sebastião do Tocantins,2020-06-20,9,0,0,0,0.14285714285714285,0.0,,0.9542425094393249
São Sebastião do Tocantins,2020-06-21,10,1,0,0,0.21428571428571427,0.0,,1.0
São Sebastião do Tocantins,2020-06-22,10,0,0,0,0.21428571428571427,0.0,,1.0
São Sebastião do Tocantins,2020-06-23,12,2,0,0,0.35714285714285715,0.0,,1.0791812460476249
São Sebastião do Tocantins,2020-06-24,12,0,0,0,0.35714285714285715,0.0,,1.0791812460476249
São Sebastião do Tocantins,2020-06-25,12,0,0,0,0.35714285714285715,0.0,,1.0791812460476249
São Sebastião do Tocantins,2020-06-26,14,2,0,0,0.5,0.0,,1.146128035678238
São Sebastião do Tocantins,2020-06-27,14,0,0,0,0.5,0.0,,1.146128035678238
São Sebastião do Tocantins,2020-06-28,14,0,0,0,0.5,0.0,,1.146128035678238
São Sebastião do Tocantins,2020-06-29,14,0,0,0,0.5,0.0,,1.146128035678238
São Sebastião do Tocantins,2020-06-30,18,4,0,0,0.7142857142857143,0.0,,1.255272505103306
São Sebastião do Tocantins,2020-07-01,20,2,0,0,0.8571428571428571,0.0,,1.3010299956639813
São Sebastião do Tocantins,2020-07-02,20,0,0,0,0.8571428571428571,0.0,,1.3010299956639813
São Sebastião do Tocantins,2020-07-03,21,1,0,0,0.8571428571428571,0.0,,1.3222192947339193
São Sebastião do Tocantins,2020-07-04,21,0,0,0,0.8571428571428571,0.0,,1.3222192947339193
São Sebastião do Tocantins,2020-07-05,21,0,0,0,0.7857142857142857,0.0,,1.3222192947339193
São Sebastião do Tocantins,2020-07-06,21,0,0,0,0.7857142857142857,0.0,,1.3222192947339193
São Sebastião do Tocantins,2020-07-07,21,0,0,0,0.6428571428571429,0.0,,1.3222192947339193
São Sebastião do Tocantins,2020-07-08,21,0,0,0,0.6428571428571429,0.0,,1.3222192947339193
São Sebastião do Tocantins,2020-07-09,28,7,0,0,1.1428571428571428,0.0,,1.4471580313422192
São Sebastião do Tocantins,2020-07-10,31,3,0,0,1.2142857142857142,0.0,,1.4913616938342726
São Sebastião do Tocantins,2020-07-11,31,0,0,0,1.2142857142857142,0.0,,1.4913616938342726
São Sebastião do Tocantins,2020-07-12,31,0,0,0,1.2142857142857142,0.0,,1.4913616938342726
São Sebastião do Tocantins,2020-07-13,31,0,0,0,1.2142857142857142,0.0,,1.4913616938342726
São Sebastião do Tocantins,2020-07-14,37,6,0,0,1.3571428571428572,0.0,,1.568201724066995
São Sebastião do Tocantins,2020-07-15,39,2,0,0,1.3571428571428572,0.0,,1.591064607026499
São Sebastião do Tocantins,2020-07-16,40,1,0,0,1.4285714285714286,0.0,,1.6020599913279625
São Sebastião do Tocantins,2020-07-17,41,1,0,0,1.4285714285714286,0.0,,1.6127838567197355
São Sebastião do Tocantins,2020-07-18,41,0,0,0,1.4285714285714286,0.0,,1.6127838567197355
São Sebastião do Tocantins,2020-07-19,41,0,0,0,1.4285714285714286,0.0,,1.6127838567197355
São Sebastião do Tocantins,2020-07-20,41,0,0,0,1.4285714285714286,0.0,,1.6127838567197355
São Sebastião do Tocantins,2020-07-21,42,1,0,0,1.5,0.0,,1.6232492903979006
São Sebastião do Tocantins,2020-07-22,43,1,0,0,1.5714285714285714,0.0,,1.6334684555795866
São Sebastião do Tocantins,2020-07-23,43,0,0,0,1.0714285714285714,0.0,,1.6334684555795866
São Sebastião do Tocantins,2020-07-24,43,0,0,0,0.8571428571428571,0.0,,1.6334684555795866
São Sebastião do Tocantins,2020-07-25,43,0,0,0,0.8571428571428571,0.0,,1.6334684555795866
São Sebastião do Tocantins,2020-07-26,43,0,0,0,0.8571428571428571,0.0,,1.6334684555795866
São Sebastião do Tocantins,2020-07-27,43,0,0,0,0.8571428571428571,0.0,,1.6334684555795866
São Sebastião do Tocantins,2020-07-28,44,1,0,0,0.5,0.0,,1.6434526764861874
São Sebastião do Tocantins,2020-07-29,58,14,0,0,1.3571428571428572,0.0,,1.7634279935629373
São Sebastião do Tocantins,2020-07-30,60,2,0,0,1.4285714285714286,0.0,,1.7781512503836436
São Sebastião do Tocantins,2020-07-31,60,0,0,0,1.3571428571428572,0.0,,1.7781512503836436
São Sebastião do Tocantins,2020-08-01,60,0,0,0,1.3571428571428572,0.0,,1.7781512503836436
São Sebastião do Tocantins,2020-08-02,109,49,0,0,4.857142857142857,0.0,,2.037426497940624
São Sebastião do Tocantins,2020-08-03,109,0,0,0,4.857142857142857,0.0,,2.037426497940624
São Sebastião do Tocantins,2020-08-04,134,25,0,0,6.571428571428571,0.0,,2.1271047983648077
São Sebastião do Tocantins,2020-08-05,155,21,0,0,8.0,0.0,,2.1903316981702914
São Sebastião do Tocantins,2020-08-06,167,12,0,0,8.857142857142858,0.0,,2.2227164711475833
São Sebastião do Tocantins,2020-08-07,182,15,0,0,9.928571428571429,0.0,,2.2600713879850747
São Sebastião do Tocantins,2020-08-08,183,1,0,0,10.0,0.0,,2.2624510897304293
São Sebastião do Tocantins,2020-08-09,183,0,0,0,10.0,0.0,,2.2624510897304293
São Sebastião do Tocantins,2020-08-10,183,0,0,0,10.0,0.0,,2.2624510897304293
São Sebastião do Tocantins,2020-08-11,184,1,0,0,10.0,0.0,,2.2648178230095364
São Sebastião do Tocantins,2020-08-12,189,5,0,0,9.357142857142858,0.0,,2.2764618041732443
São Sebastião do Tocantins,2020-08-13,190,1,0,0,9.285714285714286,0.0,,2.278753600952829
São Sebastião do Tocantins,2020-08-14,190,0,0,0,9.285714285714286,0.0,,2.278753600952829
São Sebastião do Tocantins,2020-08-15,188,-2,0,0,9.142857142857142,0.0,,2.27415784926368
São Sebastião do Tocantins,2020-08-16,188,0,0,0,5.642857142857143,0.0,,2.27415784926368
São Sebastião do Tocantins,2020-08-17,189,1,0,0,5.714285714285714,0.0,,2.2764618041732443
São Sebastião do Tocantins,2020-08-18,192,3,0,0,4.142857142857143,0.0,,2.2833012287035497
São Sebastião do Tocantins,2020-08-19,214,22,0,0,4.214285714285714,0.0,,2.330413773349191
São Sebastião do Tocantins,2020-08-20,221,7,0,0,3.857142857142857,0.0,,2.3443922736851106
São Sebastião do Tocantins,2020-08-21,233,12,0,0,3.642857142857143,0.0,,2.367355921026019
São Sebastião do Tocantins,2020-08-22,232,-1,0,0,3.5,0.0,,2.3654879848909
São Sebastião do Tocantins,2020-08-23,232,0,0,0,3.5,0.0,,2.3654879848909
São Sebastião do Tocantins,2020-08-24,239,7,0,0,4.0,0.0,,2.3783979009481375
São Sebastião do Tocantins,2020-08-25,247,8,0,0,4.5,0.0,,2.392696953259666
São Sebastião do Tocantins,2020-08-26,253,6,0,0,4.571428571428571,0.0,,2.403120521175818
São Sebastião do Tocantins,2020-08-27,266,13,0,0,5.428571428571429,0.0,,2.424881636631067
São Sebastião do Tocantins,2020-08-28,274,8,0,0,6.0,0.0,,2.437750562820388
São Sebastião do Tocantins,2020-08-29,280,6,0,0,6.571428571428571,0.0,,2.4471580313422194
São Sebastião do Tocantins,2020-08-30,280,0,0,0,6.571428571428571,0.0,,2.4471580313422194
São Sebastião do Tocantins,2020-08-31,284,4,0,0,6.785714285714286,0.0,,2.4533183400470375
São Sebastião do Tocantins,2020-09-01,287,3,0,0,6.785714285714286,0.0,,2.4578818967339924
São Sebastião do Tocantins,2020-09-02,288,1,0,0,5.285714285714286,0.0,,2.459392487759231
São Sebastião do Tocantins,2020-09-03,288,0,0,0,4.785714285714286,0.0,,2.459392487759231
São Sebastião do Tocantins,2020-09-04,288,0,0,0,3.9285714285714284,0.0,,2.459392487759231
São Sebastião do Tocantins,2020-09-05,288,0,0,0,4.0,0.0,,2.459392487759231
São Sebastião do Tocantins,2020-09-06,288,0,0,0,4.0,0.0,,2.459392487759231
São Sebastião do Tocantins,2020-09-07,288,0,0,0,3.5,0.0,,2.459392487759231
São Sebastião do Tocantins,2020-09-08,288,0,0,0,2.9285714285714284,0.0,,2.459392487759231
São Sebastião do Tocantins,2020-09-09,288,0,0,0,2.5,0.0,,2.459392487759231
São Sebastião do Tocantins,2020-09-10,291,3,0,0,1.7857142857142858,0.0,,2.4638929889859074
São Sebastião do Tocantins,2020-09-11,291,0,0,0,1.2142857142857142,0.0,,2.4638929889859074
São Sebastião do Tocantins,2020-09-12,264,-27,1,1,-1.1428571428571428,0.07142857142857142,inf,2.4216039268698313
São Sebastião do Tocantins,2020-09-13,264,0,1,0,-1.1428571428571428,0.07142857142857142,inf,2.4216039268698313
São Sebastião do Tocantins,2020-09-14,264,0,1,0,-1.4285714285714286,0.07142857142857142,inf,2.4216039268698313
São Sebastião do Tocantins,2020-09-15,269,5,1,0,-1.2857142857142858,0.07142857142857142,inf,2.429752280002408
São Sebastião do Tocantins,2020-09-16,273,4,1,0,-1.0714285714285714,0.07142857142857142,inf,2.436162647040756
São Sebastião do Tocantins,2020-09-17,273,0,1,0,-1.0714285714285714,0.07142857142857142,inf,2.436162647040756
São Sebastião do Tocantins,2020-09-18,273,0,1,0,-1.0714285714285714,0.07142857142857142,inf,2.436162647040756
São Sebastião do Tocantins,2020-09-19,273,0,1,0,-1.0714285714285714,0.07142857142857142,inf,2.436162647040756
São Sebastião do Tocantins,2020-09-20,273,0,1,0,-1.0714285714285714,0.07142857142857142,inf,2.436162647040756
São Sebastião do Tocantins,2020-09-21,273,0,1,0,-1.0714285714285714,0.07142857142857142,inf,2.436162647040756
São Sebastião do Tocantins,2020-09-22,273,0,1,0,-1.0714285714285714,0.07142857142857142,inf,2.436162647040756
São Sebastião do Tocantins,2020-09-23,274,1,1,0,-1.0,0.07142857142857142,inf,2.437750562820388
São Sebastião do Tocantins,2020-09-24,274,0,1,0,-1.2142857142857142,0.07142857142857142,inf,2.437750562820388
São Sebastião do Tocantins,2020-09-25,274,0,1,0,-1.2142857142857142,0.07142857142857142,inf,2.437750562820388
São Sebastião do Tocantins,2020-09-26,274,0,1,0,0.7142857142857143,0.0,-1.0,2.437750562820388
São Sebastião do Tocantins,2020-09-27,274,0,1,0,0.7142857142857143,0.0,-1.0,2.437750562820388
São Sebastião do Tocantins,2020-09-28,274,0,1,0,0.7142857142857143,0.0,-1.0,2.437750562820388
São Sebastião do Tocantins,2020-09-29,274,0,1,0,0.35714285714285715,0.0,-1.0,2.437750562820388
São Sebastião do Tocantins,2020-09-30,274,0,1,0,0.07142857142857142,0.0,-1.0,2.437750562820388
São Sebastião do Tocantins,2020-10-01,274,0,1,0,0.07142857142857142,0.0,-1.0,2.437750562820388
São Sebastião do Tocantins,2020-10-02,274,0,1,0,0.07142857142857142,0.0,-1.0,2.437750562820388
São Sebastião do Tocantins,2020-10-03,274,0,1,0,0.07142857142857142,0.0,-1.0,2.437750562820388
São Sebastião do Tocantins,2020-10-04,274,0,1,0,0.07142857142857142,0.0,-1.0,2.437750562820388
São Sebastião do Tocantins,2020-10-05,274,0,1,0,0.07142857142857142,0.0,-1.0,2.437750562820388
São Sebastião do Tocantins,2020-10-06,274,0,1,0,0.07142857142857142,0.0,-1.0,2.437750562820388
São Sebastião do Tocantins,2020-10-07,275,1,1,0,0.07142857142857142,0.0,-1.0,2.439332693830263
São Sebastião do Tocantins,2020-10-08,275,0,1,0,0.07142857142857142,0.0,-1.0,2.439332693830263
São Sebastião do Tocantins,2020-10-09,275,0,1,0,0.07142857142857142,0.0,-1.0,2.439332693830263
São Sebastião do Tocantins,2020-10-10,275,0,1,0,0.07142857142857142,0.0,,2.439332693830263
São Sebastião do Tocantins,2020-10-11,275,0,1,0,0.07142857142857142,0.0,,2.439332693830263
São Sebastião do Tocantins,2020-10-12,275,0,1,0,0.07142857142857142,0.0,,2.439332693830263
São Sebastião do Tocantins,2020-10-13,275,0,1,0,0.07142857142857142,0.0,,2.439332693830263
São Sebastião do Tocantins,2020-10-14,275,0,1,0,0.07142857142857142,0.0,,2.439332693830263
São Sebastião do Tocantins,2020-10-15,275,0,1,0,0.07142857142857142,0.0,,2.439332693830263
São Sebastião do Tocantins,2020-10-16,275,0,1,0,0.07142857142857142,0.0,,2.439332693830263
São Sebastião do Tocantins,2020-10-17,275,0,1,0,0.07142857142857142,0.0,,2.439332693830263
São Sebastião do Tocantins,2020-10-18,275,0,1,0,0.07142857142857142,0.0,,2.439332693830263
São Sebastião do Tocantins,2020-10-19,275,0,1,0,0.07142857142857142,0.0,,2.439332693830263
São Sebastião do Tocantins,2020-10-20,275,0,1,0,0.07142857142857142,0.0,,2.439332693830263
São Sebastião do Tocantins,2020-10-21,275,0,1,0,0.0,0.0,,2.439332693830263
São Sebastião do Tocantins,2020-10-22,275,0,1,0,0.0,0.0,,2.439332693830263
São Sebastião do Tocantins,2020-10-23,275,0,1,0,0.0,0.0,,2.439332693830263
São Sebastião do Tocantins,2020-10-24,275,0,1,0,0.0,0.0,,2.439332693830263
São Sebastião do Tocantins,2020-10-25,275,0,1,0,0.0,0.0,,2.439332693830263
São Sebastião do Tocantins,2020-10-26,275,0,1,0,0.0,0.0,,2.439332693830263
São Sebastião do Tocantins,2020-10-27,275,0,1,0,0.0,0.0,,2.439332693830263
São Sebastião do Tocantins,2020-10-28,275,0,1,0,0.0,0.0,,2.439332693830263
São Sebastião do Tocantins,2020-10-29,275,0,1,0,0.0,0.0,,2.439332693830263
São Sebastião do Tocantins,2020-10-30,275,0,1,0,0.0,0.0,,2.439332693830263
São Sebastião do Tocantins,2020-10-31,275,0,1,0,0.0,0.0,,2.439332693830263
São Sebastião do Tocantins,2020-11-01,275,0,1,0,0.0,0.0,,2.439332693830263
São Sebastião do Tocantins,2020-11-02,275,0,1,0,0.0,0.0,,2.439332693830263
São Sebastião do Tocantins,2020-11-03,275,0,1,0,0.0,0.0,,2.439332693830263
São Sebastião do Tocantins,2020-11-04,275,0,1,0,0.0,0.0,,2.439332693830263
São Sebastião do Tocantins,2020-11-05,275,0,1,0,0.0,0.0,,2.439332693830263
São Sebastião do Tocantins,2020-11-06,275,0,1,0,0.0,0.0,,2.439332693830263
São Sebastião do Tocantins,2020-11-07,275,0,1,0,0.0,0.0,,2.439332693830263
São Sebastião do Tocantins,2020-11-08,275,0,1,0,0.0,0.0,,2.439332693830263
São Sebastião do Tocantins,2020-11-09,275,0,1,0,0.0,0.0,,2.439332693830263
São Sebastião do Tocantins,2020-11-10,275,0,1,0,0.0,0.0,,2.439332693830263
São Sebastião do Tocantins,2020-11-11,275,0,1,0,0.0,0.0,,2.439332693830263
São Sebastião do Tocantins,2020-11-12,275,0,1,0,0.0,0.0,,2.439332693830263
São Sebastião do Tocantins,2020-11-13,275,0,1,0,0.0,0.0,,2.439332693830263
São Sebastião do Tocantins,2020-11-14,275,0,1,0,0.0,0.0,,2.439332693830263
São Sebastião do Tocantins,2020-11-15,275,0,1,0,0.0,0.0,,2.439332693830263
São Sebastião do Tocantins,2020-11-16,275,0,1,0,0.0,0.0,,2.439332693830263
São Sebastião do Tocantins,2020-11-17,276,1,1,0,0.07142857142857142,0.0,,2.4409090820652177
São Sebastião do Tocantins,2020-11-18,276,0,1,0,0.07142857142857142,0.0,,2.4409090820652177
São Sebastião do Tocantins,2020-11-19,276,0,1,0,0.07142857142857142,0.0,,2.4409090820652177
São Sebastião do Tocantins,2020-11-20,276,0,1,0,0.07142857142857142,0.0,,2.4409090820652177
São Sebastião do Tocantins,2020-11-21,276,0,1,0,0.07142857142857142,0.0,,2.4409090820652177
São Sebastião do Tocantins,2020-11-22,276,0,1,0,0.07142857142857142,0.0,,2.4409090820652177
São Sebastião do Tocantins,2020-11-23,276,0,1,0,0.07142857142857142,0.0,,2.4409090820652177
São Sebastião do Tocantins,2020-11-24,276,0,1,0,0.07142857142857142,0.0,,2.4409090820652177
São Sebastião do Tocantins,2020-11-25,276,0,1,0,0.07142857142857142,0.0,,2.4409090820652177
São Sebastião do Tocantins,2020-11-26,276,0,1,0,0.07142857142857142,0.0,,2.4409090820652177
São Sebastião do Tocantins,2020-11-27,276,0,1,0,0.07142857142857142,0.0,,2.4409090820652177
São Sebastião do Tocantins,2020-11-28,277,1,1,0,0.14285714285714285,0.0,,2.4424797690644486
São Sebastião do Tocantins,2020-11-29,277,0,1,0,0.14285714285714285,0.0,,2.4424797690644486
São Sebastião do Tocantins,2020-11-30,277,0,1,0,0.14285714285714285,0.0,,2.4424797690644486
São Sebastião do Tocantins,2020-12-01,277,0,1,0,0.07142857142857142,0.0,,2.4424797690644486
São Sebastião do Tocantins,2020-12-02,277,0,1,0,0.07142857142857142,0.0,,2.4424797690644486
São Sebastião do Tocantins,2020-12-03,278,1,1,0,0.14285714285714285,0.0,,2.444044795918076
São Sebastião do Tocantins,2020-12-04,278,0,1,0,0.14285714285714285,0.0,,2.444044795918076
São Sebastião do Tocantins,2020-12-05,278,0,1,0,0.14285714285714285,0.0,,2.444044795918076
São Sebastião do Tocantins,2020-12-06,278,0,1,0,0.14285714285714285,0.0,,2.444044795918076
São Sebastião do Tocantins,2020-12-07,278,0,1,0,0.14285714285714285,0.0,,2.444044795918076
São Sebastião do Tocantins,2020-12-08,278,0,1,0,0.14285714285714285,0.0,,2.444044795918076
São Sebastião do Tocantins,2020-12-09,278,0,1,0,0.14285714285714285,0.0,,2.444044795918076
São Sebastião do Tocantins,2020-12-10,278,0,1,0,0.14285714285714285,0.0,,2.444044795918076
São Sebastião do Tocantins,2020-12-11,278,0,1,0,0.14285714285714285,0.0,,2.444044795918076
São Sebastião do Tocantins,2020-12-12,278,0,1,0,0.07142857142857142,0.0,,2.444044795918076
São Sebastião do Tocantins,2020-12-13,278,0,1,0,0.07142857142857142,0.0,,2.444044795918076
São Sebastião do Tocantins,2020-12-14,278,0,1,0,0.07142857142857142,0.0,,2.444044795918076
São Sebastião do Tocantins,2020-12-15,278,0,1,0,0.07142857142857142,0.0,,2.444044795918076
São Sebastião do Tocantins,2020-12-16,278,0,1,0,0.07142857142857142,0.0,,2.444044795918076
São Sebastião do Tocantins,2020-12-17,278,0,1,0,0.0,0.0,,2.444044795918076
São Sebastião do Tocantins,2020-12-18,278,0,1,0,0.0,0.0,,2.444044795918076
São Sebastião do Tocantins,2020-12-19,278,0,1,0,0.0,0.0,,2.444044795918076
São Sebastião do Tocantins,2020-12-20,278,0,1,0,0.0,0.0,,2.444044795918076
São Sebastião do Tocantins,2020-12-21,278,0,1,0,0.0,0.0,,2.444044795918076
São Sebastião do Tocantins,2020-12-22,278,0,1,0,0.0,0.0,,2.444044795918076
São Sebastião do Tocantins,2020-12-23,278,0,1,0,0.0,0.0,,2.444044795918076
São Sebastião do Tocantins,2020-12-24,278,0,1,0,0.0,0.0,,2.444044795918076
São Sebastião do Tocantins,2020-12-25,278,0,1,0,0.0,0.0,,2.444044795918076
São Sebastião do Tocantins,2020-12-26,278,0,1,0,0.0,0.0,,2.444044795918076
São Sebastião do Tocantins,2020-12-27,278,0,1,0,0.0,0.0,,2.444044795918076
São Sebastião do Tocantins,2020-12-28,278,0,1,0,0.0,0.0,,2.444044795918076
São Sebastião do Tocantins,2020-12-29,283,5,1,0,0.35714285714285715,0.0,,2.45178643552429
São Sebastião do Tocantins,2020-12-30,283,0,1,0,0.35714285714285715,0.0,,2.45178643552429
São Sebastião do Tocantins,2020-12-31,283,0,1,0,0.35714285714285715,0.0,,2.45178643552429
São Sebastião do Tocantins,2021-01-01,283,0,1,0,0.35714285714285715,0.0,,2.45178643552429
São Sebastião do Tocantins,2021-01-02,283,0,1,0,0.35714285714285715,0.0,,2.45178643552429
São Sebastião do Tocantins,2021-01-03,283,0,1,0,0.35714285714285715,0.0,,2.45178643552429
São Sebastião do Tocantins,2021-01-04,283,0,1,0,0.35714285714285715,0.0,,2.45178643552429
São Sebastião do Tocantins,2021-01-05,283,0,1,0,0.35714285714285715,0.0,,2.45178643552429
São Sebastião do Tocantins,2021-01-06,283,0,1,0,0.35714285714285715,0.0,,2.45178643552429
São Sebastião do Tocantins,2021-01-07,284,1,1,0,0.42857142857142855,0.0,,2.4533183400470375
São Sebastião do Tocantins,2021-01-08,284,0,1,0,0.42857142857142855,0.0,,2.4533183400470375
São Sebastião do Tocantins,2021-01-09,284,0,1,0,0.42857142857142855,0.0,,2.4533183400470375
São Sebastião do Tocantins,2021-01-10,284,0,1,0,0.42857142857142855,0.0,,2.4533183400470375
São Sebastião do Tocantins,2021-01-11,284,0,1,0,0.42857142857142855,0.0,,2.4533183400470375
São Sebastião do Tocantins,2021-01-12,284,0,1,0,0.07142857142857142,0.0,,2.4533183400470375
São Sebastião do Tocantins,2021-01-13,284,0,1,0,0.07142857142857142,0.0,,2.4533183400470375
São Sebastião do Tocantins,2021-01-14,284,0,1,0,0.07142857142857142,0.0,,2.4533183400470375
São Sebastião do Tocantins,2021-01-15,285,1,1,0,0.14285714285714285,0.0,,2.45484486000851
São Sebastião do Tocantins,2021-01-16,285,0,1,0,0.14285714285714285,0.0,,2.45484486000851
São Sebastião do Tocantins,2021-01-17,285,0,1,0,0.14285714285714285,0.0,,2.45484486000851
São Sebastião do Tocantins,2021-01-18,285,0,1,0,0.14285714285714285,0.0,,2.45484486000851
São Sebastião do Tocantins,2021-01-19,285,0,1,0,0.14285714285714285,0.0,,2.45484486000851
São Sebastião do Tocantins,2021-01-20,285,0,1,0,0.14285714285714285,0.0,,2.45484486000851
São Valério,2020-03-27,0,0,0,0,,,,0.0
São Valério,2020-03-28,0,0,0,0,,,,0.0
São Valério,2020-03-29,0,0,0,0,,,,0.0
São Valério,2020-03-30,0,0,0,0,,,,0.0
São Valério,2020-03-31,0,0,0,0,,,,0.0
São Valério,2020-04-01,0,0,0,0,,,,0.0
São Valério,2020-04-02,0,0,0,0,,,,0.0
São Valério,2020-04-03,0,0,0,0,,,,0.0
São Valério,2020-04-04,0,0,0,0,,,,0.0
São Valério,2020-04-05,0,0,0,0,,,,0.0
São Valério,2020-04-06,0,0,0,0,,,,0.0
São Valério,2020-04-07,0,0,0,0,,,,0.0
São Valério,2020-04-08,0,0,0,0,,,,0.0
São Valério,2020-04-09,0,0,0,0,0.0,0.0,,0.0
São Valério,2020-04-10,0,0,0,0,0.0,0.0,,0.0
São Valério,2020-04-11,0,0,0,0,0.0,0.0,,0.0
São Valério,2020-04-12,0,0,0,0,0.0,0.0,,0.0
São Valério,2020-04-13,0,0,0,0,0.0,0.0,,0.0
São Valério,2020-04-14,0,0,0,0,0.0,0.0,,0.0
São Valério,2020-04-15,0,0,0,0,0.0,0.0,,0.0
São Valério,2020-04-16,0,0,0,0,0.0,0.0,,0.0
São Valério,2020-04-17,0,0,0,0,0.0,0.0,,0.0
São Valério,2020-04-18,0,0,0,0,0.0,0.0,,0.0
São Valério,2020-04-19,0,0,0,0,0.0,0.0,,0.0
São Valério,2020-04-20,0,0,0,0,0.0,0.0,,0.0
São Valério,2020-04-21,0,0,0,0,0.0,0.0,,0.0
São Valério,2020-04-22,0,0,0,0,0.0,0.0,,0.0
São Valério,2020-04-23,0,0,0,0,0.0,0.0,,0.0
São Valério,2020-04-24,0,0,0,0,0.0,0.0,,0.0
São Valério,2020-04-25,0,0,0,0,0.0,0.0,,0.0
São Valério,2020-04-26,0,0,0,0,0.0,0.0,,0.0
São Valério,2020-04-27,0,0,0,0,0.0,0.0,,0.0
São Valério,2020-04-28,0,0,0,0,0.0,0.0,,0.0
São Valério,2020-04-29,0,0,0,0,0.0,0.0,,0.0
São Valério,2020-04-30,0,0,0,0,0.0,0.0,,0.0
São Valério,2020-05-01,0,0,0,0,0.0,0.0,,0.0
São Valério,2020-05-02,0,0,0,0,0.0,0.0,,0.0
São Valério,2020-05-03,0,0,0,0,0.0,0.0,,0.0
São Valério,2020-05-04,0,0,0,0,0.0,0.0,,0.0
São Valério,2020-05-05,0,0,0,0,0.0,0.0,,0.0
São Valério,2020-05-06,0,0,0,0,0.0,0.0,,0.0
São Valério,2020-05-07,0,0,0,0,0.0,0.0,,0.0
São Valério,2020-05-08,0,0,0,0,0.0,0.0,,0.0
São Valério,2020-05-09,0,0,0,0,0.0,0.0,,0.0
São Valério,2020-05-10,0,0,0,0,0.0,0.0,,0.0
São Valério,2020-05-11,0,0,0,0,0.0,0.0,,0.0
São Valério,2020-05-12,0,0,0,0,0.0,0.0,,0.0
São Valério,2020-05-13,0,0,0,0,0.0,0.0,,0.0
São Valério,2020-05-14,0,0,0,0,0.0,0.0,,0.0
São Valério,2020-05-15,0,0,0,0,0.0,0.0,,0.0
São Valério,2020-05-16,0,0,0,0,0.0,0.0,,0.0
São Valério,2020-05-17,1,1,0,0,0.07142857142857142,0.0,,0.0
São Valério,2020-05-18,0,-1,0,0,0.0,0.0,,0.0
São Valério,2020-05-19,0,0,0,0,0.0,0.0,,0.0
São Valério,2020-05-20,0,0,0,0,0.0,0.0,,0.0
São Valério,2020-05-21,0,0,0,0,0.0,0.0,,0.0
São Valério,2020-05-22,0,0,0,0,0.0,0.0,,0.0
São Valério,2020-05-23,0,0,0,0,0.0,0.0,,0.0
São Valério,2020-05-24,0,0,0,0,0.0,0.0,,0.0
São Valério,2020-05-25,0,0,0,0,0.0,0.0,,0.0
São Valério,2020-05-26,0,0,0,0,0.0,0.0,,0.0
São Valério,2020-05-27,0,0,0,0,0.0,0.0,,0.0
São Valério,2020-05-28,0,0,0,0,0.0,0.0,,0.0
São Valério,2020-05-29,0,0,0,0,0.0,0.0,,0.0
São Valério,2020-05-30,0,0,0,0,0.0,0.0,,0.0
São Valério,2020-05-31,0,0,0,0,-0.07142857142857142,0.0,,0.0
São Valério,2020-06-01,0,0,0,0,0.0,0.0,,0.0
São Valério,2020-06-02,0,0,0,0,0.0,0.0,,0.0
São Valério,2020-06-03,0,0,0,0,0.0,0.0,,0.0
São Valério,2020-06-04,0,0,0,0,0.0,0.0,,0.0
São Valério,2020-06-05,0,0,0,0,0.0,0.0,,0.0
São Valério,2020-06-06,0,0,0,0,0.0,0.0,,0.0
São Valério,2020-06-07,0,0,0,0,0.0,0.0,,0.0
São Valério,2020-06-08,0,0,0,0,0.0,0.0,,0.0
São Valério,2020-06-09,0,0,0,0,0.0,0.0,,0.0
São Valério,2020-06-10,0,0,0,0,0.0,0.0,,0.0
São Valério,2020-06-11,0,0,0,0,0.0,0.0,,0.0
São Valério,2020-06-12,0,0,0,0,0.0,0.0,,0.0
São Valério,2020-06-13,0,0,0,0,0.0,0.0,,0.0
São Valério,2020-06-14,0,0,0,0,0.0,0.0,,0.0
São Valério,2020-06-15,0,0,0,0,0.0,0.0,,0.0
São Valério,2020-06-16,0,0,0,0,0.0,0.0,,0.0
São Valério,2020-06-17,0,0,0,0,0.0,0.0,,0.0
São Valério,2020-06-18,0,0,0,0,0.0,0.0,,0.0
São Valério,2020-06-19,0,0,0,0,0.0,0.0,,0.0
São Valério,2020-06-20,0,0,0,0,0.0,0.0,,0.0
São Valério,2020-06-21,0,0,0,0,0.0,0.0,,0.0
São Valério,2020-06-22,0,0,0,0,0.0,0.0,,0.0
São Valério,2020-06-23,0,0,0,0,0.0,0.0,,0.0
São Valério,2020-06-24,0,0,0,0,0.0,0.0,,0.0
São Valério,2020-06-25,0,0,0,0,0.0,0.0,,0.0
São Valério,2020-06-26,0,0,0,0,0.0,0.0,,0.0
São Valério,2020-06-27,0,0,0,0,0.0,0.0,,0.0
São Valério,2020-06-28,0,0,0,0,0.0,0.0,,0.0
São Valério,2020-06-29,0,0,0,0,0.0,0.0,,0.0
São Valério,2020-06-30,0,0,0,0,0.0,0.0,,0.0
São Valério,2020-07-01,0,0,0,0,0.0,0.0,,0.0
São Valério,2020-07-02,0,0,0,0,0.0,0.0,,0.0
São Valério,2020-07-03,0,0,0,0,0.0,0.0,,0.0
São Valério,2020-07-04,0,0,0,0,0.0,0.0,,0.0
São Valério,2020-07-05,0,0,0,0,0.0,0.0,,0.0
São Valério,2020-07-06,0,0,0,0,0.0,0.0,,0.0
São Valério,2020-07-07,0,0,0,0,0.0,0.0,,0.0
São Valério,2020-07-08,0,0,0,0,0.0,0.0,,0.0
São Valério,2020-07-09,0,0,0,0,0.0,0.0,,0.0
São Valério,2020-07-10,0,0,0,0,0.0,0.0,,0.0
São Valério,2020-07-11,0,0,0,0,0.0,0.0,,0.0
São Valério,2020-07-12,0,0,0,0,0.0,0.0,,0.0
São Valério,2020-07-13,0,0,0,0,0.0,0.0,,0.0
São Valério,2020-07-14,0,0,0,0,0.0,0.0,,0.0
São Valério,2020-07-15,0,0,0,0,0.0,0.0,,0.0
São Valério,2020-07-16,0,0,0,0,0.0,0.0,,0.0
São Valério,2020-07-17,0,0,0,0,0.0,0.0,,0.0
São Valério,2020-07-18,0,0,0,0,0.0,0.0,,0.0
São Valério,2020-07-19,0,0,0,0,0.0,0.0,,0.0
São Valério,2020-07-20,0,0,0,0,0.0,0.0,,0.0
São Valério,2020-07-21,1,1,0,0,0.07142857142857142,0.0,,0.0
São Valério,2020-07-22,1,0,0,0,0.07142857142857142,0.0,,0.0
São Valério,2020-07-23,2,1,0,0,0.14285714285714285,0.0,,0.3010299956639812
São Valério,2020-07-24,1,-1,0,0,0.07142857142857142,0.0,,0.0
São Valério,2020-07-25,2,1,0,0,0.14285714285714285,0.0,,0.3010299956639812
São Valério,2020-07-26,1,-1,0,0,0.07142857142857142,0.0,,0.0
São Valério,2020-07-27,1,0,0,0,0.07142857142857142,0.0,,0.0
São Valério,2020-07-28,1,0,0,0,0.07142857142857142,0.0,,0.0
São Valério,2020-07-29,1,0,0,0,0.07142857142857142,0.0,,0.0
São Valério,2020-07-30,4,3,0,0,0.2857142857142857,0.0,,0.6020599913279624
São Valério,2020-07-31,4,0,0,0,0.2857142857142857,0.0,,0.6020599913279624
São Valério,2020-08-01,5,1,0,0,0.35714285714285715,0.0,,0.6989700043360189
São Valério,2020-08-02,4,-1,0,0,0.2857142857142857,0.0,,0.6020599913279624
São Valério,2020-08-03,4,0,0,0,0.2857142857142857,0.0,,0.6020599913279624
São Valério,2020-08-04,4,0,0,0,0.21428571428571427,0.0,,0.6020599913279624
São Valério,2020-08-05,4,0,0,0,0.21428571428571427,0.0,,0.6020599913279624
São Valério,2020-08-06,4,0,0,0,0.14285714285714285,0.0,,0.6020599913279624
São Valério,2020-08-07,5,1,0,0,0.2857142857142857,0.0,,0.6989700043360189
São Valério,2020-08-08,5,0,0,0,0.21428571428571427,0.0,,0.6989700043360189
São Valério,2020-08-09,5,0,0,0,0.2857142857142857,0.0,,0.6989700043360189
São Valério,2020-08-10,5,0,0,0,0.2857142857142857,0.0,,0.6989700043360189
São Valério,2020-08-11,5,0,0,0,0.2857142857142857,0.0,,0.6989700043360189
São Valério,2020-08-12,5,0,0,0,0.2857142857142857,0.0,,0.6989700043360189
São Valério,2020-08-13,5,0,0,0,0.07142857142857142,0.0,,0.6989700043360189
São Valério,2020-08-14,5,0,0,0,0.07142857142857142,0.0,,0.6989700043360189
São Valério,2020-08-15,5,0,0,0,0.0,0.0,,0.6989700043360189
São Valério,2020-08-16,5,0,0,0,0.07142857142857142,0.0,,0.6989700043360189
São Valério,2020-08-17,5,0,0,0,0.07142857142857142,0.0,,0.6989700043360189
São Valério,2020-08-18,5,0,0,0,0.07142857142857142,0.0,,0.6989700043360189
São Valério,2020-08-19,5,0,0,0,0.07142857142857142,0.0,,0.6989700043360189
São Valério,2020-08-20,5,0,0,0,0.07142857142857142,0.0,,0.6989700043360189
São Valério,2020-08-21,5,0,0,0,0.0,0.0,,0.6989700043360189
São Valério,2020-08-22,5,0,0,0,0.0,0.0,,0.6989700043360189
São Valério,2020-08-23,5,0,0,0,0.0,0.0,,0.6989700043360189
São Valério,2020-08-24,5,0,0,0,0.0,0.0,,0.6989700043360189
São Valério,2020-08-25,6,1,0,0,0.07142857142857142,0.0,,0.7781512503836436
São Valério,2020-08-26,6,0,0,0,0.07142857142857142,0.0,,0.7781512503836436
São Valério,2020-08-27,6,0,0,0,0.07142857142857142,0.0,,0.7781512503836436
São Valério,2020-08-28,6,0,0,0,0.07142857142857142,0.0,,0.7781512503836436
São Valério,2020-08-29,6,0,0,0,0.07142857142857142,0.0,,0.7781512503836436
São Valério,2020-08-30,6,0,0,0,0.07142857142857142,0.0,,0.7781512503836436
São Valério,2020-08-31,8,2,0,0,0.21428571428571427,0.0,,0.9030899869919435
São Valério,2020-09-01,8,0,0,0,0.21428571428571427,0.0,,0.9030899869919435
São Valério,2020-09-02,8,0,0,0,0.21428571428571427,0.0,,0.9030899869919435
São Valério,2020-09-03,8,0,0,0,0.21428571428571427,0.0,,0.9030899869919435
São Valério,2020-09-04,12,4,0,0,0.5,0.0,,1.0791812460476249
São Valério,2020-09-05,14,2,0,0,0.6428571428571429,0.0,,1.146128035678238
São Valério,2020-09-06,14,0,0,0,0.6428571428571429,0.0,,1.146128035678238
São Valério,2020-09-07,14,0,0,0,0.6428571428571429,0.0,,1.146128035678238
São Valério,2020-09-08,14,0,0,0,0.5714285714285714,0.0,,1.146128035678238
São Valério,2020-09-09,14,0,0,0,0.5714285714285714,0.0,,1.146128035678238
São Valério,2020-09-10,14,0,0,0,0.5714285714285714,0.0,,1.146128035678238
São Valério,2020-09-11,14,0,0,0,0.5714285714285714,0.0,,1.146128035678238
São Valério,2020-09-12,15,1,0,0,0.6428571428571429,0.0,,1.1760912590556813
São Valério,2020-09-13,15,0,0,0,0.6428571428571429,0.0,,1.1760912590556813
São Valério,2020-09-14,15,0,0,0,0.5,0.0,,1.1760912590556813
São Valério,2020-09-15,15,0,0,0,0.5,0.0,,1.1760912590556813
São Valério,2020-09-16,16,1,0,0,0.5714285714285714,0.0,,1.2041199826559248
São Valério,2020-09-17,19,3,0,0,0.7857142857142857,0.0,,1.2787536009528289
São Valério,2020-09-18,19,0,0,0,0.5,0.0,,1.2787536009528289
São Valério,2020-09-19,20,1,0,0,0.42857142857142855,0.0,,1.3010299956639813
São Valério,2020-09-20,20,0,0,0,0.42857142857142855,0.0,,1.3010299956639813
São Valério,2020-09-21,19,-1,0,0,0.35714285714285715,0.0,,1.2787536009528289
São Valério,2020-09-22,20,1,0,0,0.42857142857142855,0.0,,1.3010299956639813
São Valério,2020-09-23,20,0,0,0,0.42857142857142855,0.0,,1.3010299956639813
São Valério,2020-09-24,20,0,0,0,0.42857142857142855,0.0,,1.3010299956639813
São Valério,2020-09-25,20,0,0,0,0.42857142857142855,0.0,,1.3010299956639813
São Valério,2020-09-26,21,1,0,0,0.42857142857142855,0.0,,1.3222192947339193
São Valério,2020-09-27,21,0,0,0,0.42857142857142855,0.0,,1.3222192947339193
São Valério,2020-09-28,21,0,0,0,0.42857142857142855,0.0,,1.3222192947339193
São Valério,2020-09-29,21,0,0,0,0.42857142857142855,0.0,,1.3222192947339193
São Valério,2020-09-30,20,-1,0,0,0.2857142857142857,0.0,,1.3010299956639813
São Valério,2020-10-01,20,0,0,0,0.07142857142857142,0.0,,1.3010299956639813
São Valério,2020-10-02,22,2,0,0,0.21428571428571427,0.0,,1.3424226808222062
São Valério,2020-10-03,23,1,0,0,0.21428571428571427,0.0,,1.3617278360175928
São Valério,2020-10-04,23,0,0,0,0.21428571428571427,0.0,,1.3617278360175928
São Valério,2020-10-05,23,0,0,0,0.2857142857142857,0.0,,1.3617278360175928
São Valério,2020-10-06,23,0,0,0,0.21428571428571427,0.0,,1.3617278360175928
São Valério,2020-10-07,24,1,0,0,0.2857142857142857,0.0,,1.380211241711606
São Valério,2020-10-08,24,0,0,0,0.2857142857142857,0.0,,1.380211241711606
São Valério,2020-10-09,24,0,0,0,0.2857142857142857,0.0,,1.380211241711606
São Valério,2020-10-10,24,0,0,0,0.21428571428571427,0.0,,1.380211241711606
São Valério,2020-10-11,24,0,0,0,0.21428571428571427,0.0,,1.380211241711606
São Valério,2020-10-12,24,0,0,0,0.21428571428571427,0.0,,1.380211241711606
São Valério,2020-10-13,24,0,0,0,0.21428571428571427,0.0,,1.380211241711606
São Valério,2020-10-14,24,0,0,0,0.2857142857142857,0.0,,1.380211241711606
São Valério,2020-10-15,25,1,0,0,0.35714285714285715,0.0,,1.3979400086720377
São Valério,2020-10-16,25,0,0,0,0.21428571428571427,0.0,,1.3979400086720377
São Valério,2020-10-17,27,2,0,0,0.2857142857142857,0.0,,1.4313637641589874
São Valério,2020-10-18,27,0,0,0,0.2857142857142857,0.0,,1.4313637641589874
São Valério,2020-10-19,27,0,0,0,0.2857142857142857,0.0,,1.4313637641589874
São Valério,2020-10-20,30,3,0,0,0.5,0.0,,1.4771212547196624
São Valério,2020-10-21,30,0,0,0,0.42857142857142855,0.0,,1.4771212547196624
São Valério,2020-10-22,32,2,0,0,0.5714285714285714,0.0,,1.505149978319906
São Valério,2020-10-23,33,1,0,0,0.6428571428571429,0.0,,1.5185139398778875
São Valério,2020-10-24,31,-2,0,0,0.5,0.0,,1.4913616938342726
São Valério,2020-10-25,31,0,0,0,0.5,0.0,,1.4913616938342726
São Valério,2020-10-26,31,0,0,0,0.5,0.0,,1.4913616938342726
São Valério,2020-10-27,31,0,0,0,0.5,0.0,,1.4913616938342726
São Valério,2020-10-28,32,1,0,0,0.5714285714285714,0.0,,1.505149978319906
São Valério,2020-10-29,34,2,0,0,0.6428571428571429,0.0,,1.5314789170422551
São Valério,2020-10-30,34,0,0,0,0.6428571428571429,0.0,,1.5314789170422551
São Valério,2020-10-31,34,0,0,0,0.5,0.0,,1.5314789170422551
São Valério,2020-11-01,34,0,0,0,0.5,0.0,,1.5314789170422551
São Valério,2020-11-02,34,0,0,0,0.5,0.0,,1.5314789170422551
São Valério,2020-11-03,34,0,0,0,0.2857142857142857,0.0,,1.5314789170422551
São Valério,2020-11-04,34,0,0,0,0.2857142857142857,0.0,,1.5314789170422551
São Valério,2020-11-05,34,0,0,0,0.14285714285714285,0.0,,1.5314789170422551
São Valério,2020-11-06,34,0,0,0,0.07142857142857142,0.0,,1.5314789170422551
São Valério,2020-11-07,34,0,0,0,0.21428571428571427,0.0,,1.5314789170422551
São Valério,2020-11-08,34,0,0,0,0.21428571428571427,0.0,,1.5314789170422551
São Valério,2020-11-09,35,1,0,0,0.2857142857142857,0.0,,1.5440680443502757
São Valério,2020-11-10,35,0,0,0,0.2857142857142857,0.0,,1.5440680443502757
São Valério,2020-11-11,35,0,0,0,0.21428571428571427,0.0,,1.5440680443502757
São Valério,2020-11-12,35,0,0,0,0.07142857142857142,0.0,,1.5440680443502757
São Valério,2020-11-13,35,0,0,0,0.07142857142857142,0.0,,1.5440680443502757
São Valério,2020-11-14,35,0,0,0,0.07142857142857142,0.0,,1.5440680443502757
São Valério,2020-11-15,35,0,0,0,0.07142857142857142,0.0,,1.5440680443502757
São Valério,2020-11-16,35,0,0,0,0.07142857142857142,0.0,,1.5440680443502757
São Valério,2020-11-17,35,0,0,0,0.07142857142857142,0.0,,1.5440680443502757
São Valério,2020-11-18,35,0,0,0,0.07142857142857142,0.0,,1.5440680443502757
São Valério,2020-11-19,36,1,0,0,0.14285714285714285,0.0,,1.5563025007672873
São Valério,2020-11-20,36,0,0,0,0.14285714285714285,0.0,,1.5563025007672873
São Valério,2020-11-21,36,0,0,0,0.14285714285714285,0.0,,1.5563025007672873
São Valério,2020-11-22,36,0,0,0,0.14285714285714285,0.0,,1.5563025007672873
São Valério,2020-11-23,36,0,0,0,0.07142857142857142,0.0,,1.5563025007672873
São Valério,2020-11-24,36,0,0,0,0.07142857142857142,0.0,,1.5563025007672873
São Valério,2020-11-25,36,0,0,0,0.07142857142857142,0.0,,1.5563025007672873
São Valério,2020-11-26,36,0,0,0,0.07142857142857142,0.0,,1.5563025007672873
São Valério,2020-11-27,36,0,0,0,0.07142857142857142,0.0,,1.5563025007672873
São Valério,2020-11-28,36,0,0,0,0.07142857142857142,0.0,,1.5563025007672873
São Valério,2020-11-29,36,0,0,0,0.07142857142857142,0.0,,1.5563025007672873
São Valério,2020-11-30,36,0,0,0,0.07142857142857142,0.0,,1.5563025007672873
São Valério,2020-12-01,36,0,0,0,0.07142857142857142,0.0,,1.5563025007672873
São Valério,2020-12-02,36,0,0,0,0.07142857142857142,0.0,,1.5563025007672873
São Valério,2020-12-03,36,0,0,0,0.0,0.0,,1.5563025007672873
São Valério,2020-12-04,36,0,0,0,0.0,0.0,,1.5563025007672873
São Valério,2020-12-05,36,0,0,0,0.0,0.0,,1.5563025007672873
São Valério,2020-12-06,36,0,0,0,0.0,0.0,,1.5563025007672873
São Valério,2020-12-07,36,0,0,0,0.0,0.0,,1.5563025007672873
São Valério,2020-12-08,37,1,0,0,0.07142857142857142,0.0,,1.568201724066995
São Valério,2020-12-09,37,0,0,0,0.07142857142857142,0.0,,1.568201724066995
São Valério,2020-12-10,37,0,0,0,0.07142857142857142,0.0,,1.568201724066995
São Valério,2020-12-11,37,0,0,0,0.07142857142857142,0.0,,1.568201724066995
São Valério,2020-12-12,37,0,0,0,0.07142857142857142,0.0,,1.568201724066995
São Valério,2020-12-13,37,0,0,0,0.07142857142857142,0.0,,1.568201724066995
São Valério,2020-12-14,37,0,0,0,0.07142857142857142,0.0,,1.568201724066995
São Valério,2020-12-15,37,0,0,0,0.07142857142857142,0.0,,1.568201724066995
São Valério,2020-12-16,37,0,0,0,0.07142857142857142,0.0,,1.568201724066995
São Valério,2020-12-17,39,2,0,0,0.21428571428571427,0.0,,1.591064607026499
São Valério,2020-12-18,39,0,0,0,0.21428571428571427,0.0,,1.591064607026499
São Valério,2020-12-19,39,0,0,0,0.21428571428571427,0.0,,1.591064607026499
São Valério,2020-12-20,39,0,0,0,0.21428571428571427,0.0,,1.591064607026499
São Valério,2020-12-21,39,0,0,0,0.21428571428571427,0.0,,1.591064607026499
São Valério,2020-12-22,39,0,0,0,0.14285714285714285,0.0,,1.591064607026499
São Valério,2020-12-23,39,0,0,0,0.14285714285714285,0.0,,1.591064607026499
São Valério,2020-12-24,39,0,0,0,0.14285714285714285,0.0,,1.591064607026499
São Valério,2020-12-25,39,0,0,0,0.14285714285714285,0.0,,1.591064607026499
São Valério,2020-12-26,39,0,0,0,0.14285714285714285,0.0,,1.591064607026499
São Valério,2020-12-27,39,0,0,0,0.14285714285714285,0.0,,1.591064607026499
São Valério,2020-12-28,40,1,0,0,0.21428571428571427,0.0,,1.6020599913279625
São Valério,2020-12-29,41,1,0,0,0.2857142857142857,0.0,,1.6127838567197355
São Valério,2020-12-30,41,0,0,0,0.2857142857142857,0.0,,1.6127838567197355
São Valério,2020-12-31,41,0,0,0,0.14285714285714285,0.0,,1.6127838567197355
São Valério,2021-01-01,41,0,0,0,0.14285714285714285,0.0,,1.6127838567197355
São Valério,2021-01-02,41,0,0,0,0.14285714285714285,0.0,,1.6127838567197355
São Valério,2021-01-03,41,0,0,0,0.14285714285714285,0.0,,1.6127838567197355
São Valério,2021-01-04,42,1,0,0,0.21428571428571427,0.0,,1.6232492903979006
São Valério,2021-01-05,42,0,0,0,0.21428571428571427,0.0,,1.6232492903979006
São Valério,2021-01-06,42,0,0,0,0.21428571428571427,0.0,,1.6232492903979006
São Valério,2021-01-07,42,0,0,0,0.21428571428571427,0.0,,1.6232492903979006
São Valério,2021-01-08,42,0,0,0,0.21428571428571427,0.0,,1.6232492903979006
São Valério,2021-01-09,44,2,0,0,0.35714285714285715,0.0,,1.6434526764861874
São Valério,2021-01-10,44,0,0,0,0.35714285714285715,0.0,,1.6434526764861874
São Valério,2021-01-11,45,1,0,0,0.35714285714285715,0.0,,1.6532125137753437
São Valério,2021-01-12,45,0,0,0,0.2857142857142857,0.0,,1.6532125137753437
São Valério,2021-01-13,45,0,0,0,0.2857142857142857,0.0,,1.6532125137753437
São Valério,2021-01-14,49,4,0,0,0.5714285714285714,0.0,,1.6901960800285136
São Valério,2021-01-15,49,0,0,0,0.5714285714285714,0.0,,1.6901960800285136
São Valério,2021-01-16,54,5,0,0,0.9285714285714286,0.0,,1.7323937598229686
São Valério,2021-01-17,54,0,0,0,0.9285714285714286,0.0,,1.7323937598229686
São Valério,2021-01-18,55,1,0,0,0.9285714285714286,0.0,,1.7403626894942439
São Valério,2021-01-19,60,5,0,0,1.2857142857142858,0.0,,1.7781512503836436
São Valério,2021-01-20,61,1,1,1,1.3571428571428572,0.07142857142857142,inf,1.7853298350107671
Silvanópolis,2020-03-27,0,0,0,0,,,,0.0
Silvanópolis,2020-03-28,0,0,0,0,,,,0.0
Silvanópolis,2020-03-29,0,0,0,0,,,,0.0
Silvanópolis,2020-03-30,0,0,0,0,,,,0.0
Silvanópolis,2020-03-31,0,0,0,0,,,,0.0
Silvanópolis,2020-04-01,0,0,0,0,,,,0.0
Silvanópolis,2020-04-02,0,0,0,0,,,,0.0
Silvanópolis,2020-04-03,0,0,0,0,,,,0.0
Silvanópolis,2020-04-04,0,0,0,0,,,,0.0
Silvanópolis,2020-04-05,0,0,0,0,,,,0.0
Silvanópolis,2020-04-06,0,0,0,0,,,,0.0
Silvanópolis,2020-04-07,0,0,0,0,,,,0.0
Silvanópolis,2020-04-08,0,0,0,0,,,,0.0
Silvanópolis,2020-04-09,0,0,0,0,0.0,0.0,,0.0
Silvanópolis,2020-04-10,0,0,0,0,0.0,0.0,,0.0
Silvanópolis,2020-04-11,0,0,0,0,0.0,0.0,,0.0
Silvanópolis,2020-04-12,0,0,0,0,0.0,0.0,,0.0
Silvanópolis,2020-04-13,0,0,0,0,0.0,0.0,,0.0
Silvanópolis,2020-04-14,0,0,0,0,0.0,0.0,,0.0
Silvanópolis,2020-04-15,0,0,0,0,0.0,0.0,,0.0
Silvanópolis,2020-04-16,0,0,0,0,0.0,0.0,,0.0
Silvanópolis,2020-04-17,0,0,0,0,0.0,0.0,,0.0
Silvanópolis,2020-04-18,0,0,0,0,0.0,0.0,,0.0
Silvanópolis,2020-04-19,0,0,0,0,0.0,0.0,,0.0
Silvanópolis,2020-04-20,0,0,0,0,0.0,0.0,,0.0
Silvanópolis,2020-04-21,0,0,0,0,0.0,0.0,,0.0
Silvanópolis,2020-04-22,0,0,0,0,0.0,0.0,,0.0
Silvanópolis,2020-04-23,0,0,0,0,0.0,0.0,,0.0
Silvanópolis,2020-04-24,0,0,0,0,0.0,0.0,,0.0
Silvanópolis,2020-04-25,0,0,0,0,0.0,0.0,,0.0
Silvanópolis,2020-04-26,0,0,0,0,0.0,0.0,,0.0
Silvanópolis,2020-04-27,0,0,0,0,0.0,0.0,,0.0
Silvanópolis,2020-04-28,0,0,0,0,0.0,0.0,,0.0
Silvanópolis,2020-04-29,0,0,0,0,0.0,0.0,,0.0
Silvanópolis,2020-04-30,0,0,0,0,0.0,0.0,,0.0
Silvanópolis,2020-05-01,0,0,0,0,0.0,0.0,,0.0
Silvanópolis,2020-05-02,0,0,0,0,0.0,0.0,,0.0
Silvanópolis,2020-05-03,0,0,0,0,0.0,0.0,,0.0
Silvanópolis,2020-05-04,0,0,0,0,0.0,0.0,,0.0
Silvanópolis,2020-05-05,0,0,0,0,0.0,0.0,,0.0
Silvanópolis,2020-05-06,0,0,0,0,0.0,0.0,,0.0
Silvanópolis,2020-05-07,0,0,0,0,0.0,0.0,,0.0
Silvanópolis,2020-05-08,0,0,0,0,0.0,0.0,,0.0
Silvanópolis,2020-05-09,0,0,0,0,0.0,0.0,,0.0
Silvanópolis,2020-05-10,1,1,0,0,0.07142857142857142,0.0,,0.0
Silvanópolis,2020-05-11,1,0,0,0,0.07142857142857142,0.0,,0.0
Silvanópolis,2020-05-12,1,0,0,0,0.07142857142857142,0.0,,0.0
Silvanópolis,2020-05-13,1,0,0,0,0.07142857142857142,0.0,,0.0
Silvanópolis,2020-05-14,1,0,0,0,0.07142857142857142,0.0,,0.0
Silvanópolis,2020-05-15,1,0,0,0,0.07142857142857142,0.0,,0.0
Silvanópolis,2020-05-16,1,0,0,0,0.07142857142857142,0.0,,0.0
Silvanópolis,2020-05-17,1,0,0,0,0.07142857142857142,0.0,,0.0
Silvanópolis,2020-05-18,1,0,0,0,0.07142857142857142,0.0,,0.0
Silvanópolis,2020-05-19,1,0,0,0,0.07142857142857142,0.0,,0.0
Silvanópolis,2020-05-20,1,0,0,0,0.07142857142857142,0.0,,0.0
Silvanópolis,2020-05-21,1,0,0,0,0.07142857142857142,0.0,,0.0
Silvanópolis,2020-05-22,1,0,0,0,0.07142857142857142,0.0,,0.0
Silvanópolis,2020-05-23,1,0,0,0,0.07142857142857142,0.0,,0.0
Silvanópolis,2020-05-24,1,0,0,0,0.0,0.0,,0.0
Silvanópolis,2020-05-25,1,0,0,0,0.0,0.0,,0.0
Silvanópolis,2020-05-26,1,0,0,0,0.0,0.0,,0.0
Silvanópolis,2020-05-27,1,0,0,0,0.0,0.0,,0.0
Silvanópolis,2020-05-28,1,0,0,0,0.0,0.0,,0.0
Silvanópolis,2020-05-29,1,0,0,0,0.0,0.0,,0.0
Silvanópolis,2020-05-30,1,0,0,0,0.0,0.0,,0.0
Silvanópolis,2020-05-31,1,0,0,0,0.0,0.0,,0.0
Silvanópolis,2020-06-01,1,0,0,0,0.0,0.0,,0.0
Silvanópolis,2020-06-02,2,1,0,0,0.07142857142857142,0.0,,0.3010299956639812
Silvanópolis,2020-06-03,2,0,0,0,0.07142857142857142,0.0,,0.3010299956639812
Silvanópolis,2020-06-04,2,0,0,0,0.07142857142857142,0.0,,0.3010299956639812
Silvanópolis,2020-06-05,2,0,0,0,0.07142857142857142,0.0,,0.3010299956639812
Silvanópolis,2020-06-06,2,0,0,0,0.07142857142857142,0.0,,0.3010299956639812
Silvanópolis,2020-06-07,2,0,0,0,0.07142857142857142,0.0,,0.3010299956639812
Silvanópolis,2020-06-08,2,0,0,0,0.07142857142857142,0.0,,0.3010299956639812
Silvanópolis,2020-06-09,2,0,0,0,0.07142857142857142,0.0,,0.3010299956639812
Silvanópolis,2020-06-10,2,0,0,0,0.07142857142857142,0.0,,0.3010299956639812
Silvanópolis,2020-06-11,2,0,0,0,0.07142857142857142,0.0,,0.3010299956639812
Silvanópolis,2020-06-12,2,0,0,0,0.07142857142857142,0.0,,0.3010299956639812
Silvanópolis,2020-06-13,2,0,0,0,0.07142857142857142,0.0,,0.3010299956639812
Silvanópolis,2020-06-14,2,0,0,0,0.07142857142857142,0.0,,0.3010299956639812
Silvanópolis,2020-06-15,2,0,0,0,0.07142857142857142,0.0,,0.3010299956639812
Silvanópolis,2020-06-16,2,0,0,0,0.0,0.0,,0.3010299956639812
Silvanópolis,2020-06-17,2,0,0,0,0.0,0.0,,0.3010299956639812
Silvanópolis,2020-06-18,2,0,0,0,0.0,0.0,,0.3010299956639812
Silvanópolis,2020-06-19,2,0,0,0,0.0,0.0,,0.3010299956639812
Silvanópolis,2020-06-20,2,0,0,0,0.0,0.0,,0.3010299956639812
Silvanópolis,2020-06-21,2,0,0,0,0.0,0.0,,0.3010299956639812
Silvanópolis,2020-06-22,2,0,0,0,0.0,0.0,,0.3010299956639812
Silvanópolis,2020-06-23,2,0,0,0,0.0,0.0,,0.3010299956639812
Silvanópolis,2020-06-24,3,1,4,4,0.07142857142857142,0.2857142857142857,inf,0.47712125471966244
Silvanópolis,2020-06-25,3,0,0,-4,0.07142857142857142,0.0,,0.47712125471966244
Silvanópolis,2020-06-26,3,0,0,0,0.07142857142857142,0.0,,0.47712125471966244
Silvanópolis,2020-06-27,3,0,0,0,0.07142857142857142,0.0,,0.47712125471966244
Silvanópolis,2020-06-28,3,0,0,0,0.07142857142857142,0.0,,0.47712125471966244
Silvanópolis,2020-06-29,3,0,0,0,0.07142857142857142,0.0,,0.47712125471966244
Silvanópolis,2020-06-30,3,0,0,0,0.07142857142857142,0.0,,0.47712125471966244
Silvanópolis,2020-07-01,3,0,0,0,0.07142857142857142,0.0,,0.47712125471966244
Silvanópolis,2020-07-02,3,0,0,0,0.07142857142857142,0.0,,0.47712125471966244
Silvanópolis,2020-07-03,3,0,0,0,0.07142857142857142,0.0,,0.47712125471966244
Silvanópolis,2020-07-04,3,0,0,0,0.07142857142857142,0.0,,0.47712125471966244
Silvanópolis,2020-07-05,3,0,0,0,0.07142857142857142,0.0,,0.47712125471966244
Silvanópolis,2020-07-06,3,0,0,0,0.07142857142857142,0.0,,0.47712125471966244
Silvanópolis,2020-07-07,3,0,0,0,0.07142857142857142,0.0,,0.47712125471966244
Silvanópolis,2020-07-08,8,5,0,0,0.35714285714285715,-0.2857142857142857,-2.0,0.9030899869919435
Silvanópolis,2020-07-09,9,1,0,0,0.42857142857142855,0.0,,0.9542425094393249
Silvanópolis,2020-07-10,9,0,0,0,0.42857142857142855,0.0,,0.9542425094393249
Silvanópolis,2020-07-11,9,0,0,0,0.42857142857142855,0.0,,0.9542425094393249
Silvanópolis,2020-07-12,10,1,0,0,0.5,0.0,,1.0
Silvanópolis,2020-07-13,10,0,0,0,0.5,0.0,,1.0
Silvanópolis,2020-07-14,10,0,0,0,0.5,0.0,,1.0
Silvanópolis,2020-07-15,10,0,0,0,0.5,0.0,,1.0
Silvanópolis,2020-07-16,10,0,0,0,0.5,0.0,,1.0
Silvanópolis,2020-07-17,10,0,0,0,0.5,0.0,,1.0
Silvanópolis,2020-07-18,10,0,0,0,0.5,0.0,,1.0
Silvanópolis,2020-07-19,10,0,0,0,0.5,0.0,,1.0
Silvanópolis,2020-07-20,11,1,0,0,0.5714285714285714,0.0,,1.041392685158225
Silvanópolis,2020-07-21,11,0,0,0,0.5714285714285714,0.0,,1.041392685158225
Silvanópolis,2020-07-22,11,0,1,1,0.21428571428571427,0.07142857142857142,-1.25,1.041392685158225
Silvanópolis,2020-07-23,11,0,1,0,0.14285714285714285,0.07142857142857142,inf,1.041392685158225
Silvanópolis,2020-07-24,11,0,1,0,0.14285714285714285,0.07142857142857142,inf,1.041392685158225
Silvanópolis,2020-07-25,16,5,1,0,0.5,0.07142857142857142,inf,1.2041199826559248
Silvanópolis,2020-07-26,16,0,1,0,0.42857142857142855,0.07142857142857142,inf,1.2041199826559248
Silvanópolis,2020-07-27,16,0,1,0,0.42857142857142855,0.07142857142857142,inf,1.2041199826559248
Silvanópolis,2020-07-28,16,0,1,0,0.42857142857142855,0.07142857142857142,inf,1.2041199826559248
Silvanópolis,2020-07-29,20,4,1,0,0.7142857142857143,0.07142857142857142,inf,1.3010299956639813
Silvanópolis,2020-07-30,20,0,1,0,0.7142857142857143,0.07142857142857142,inf,1.3010299956639813
Silvanópolis,2020-07-31,20,0,1,0,0.7142857142857143,0.07142857142857142,inf,1.3010299956639813
Silvanópolis,2020-08-01,20,0,1,0,0.7142857142857143,0.07142857142857142,inf,1.3010299956639813
Silvanópolis,2020-08-02,20,0,1,0,0.7142857142857143,0.07142857142857142,inf,1.3010299956639813
Silvanópolis,2020-08-03,20,0,1,0,0.6428571428571429,0.07142857142857142,inf,1.3010299956639813
Silvanópolis,2020-08-04,22,2,1,0,0.7857142857142857,0.07142857142857142,inf,1.3424226808222062
Silvanópolis,2020-08-05,23,1,1,0,0.8571428571428571,0.0,-1.0,1.3617278360175928
Silvanópolis,2020-08-06,23,0,1,0,0.8571428571428571,0.0,-1.0,1.3617278360175928
Silvanópolis,2020-08-07,27,4,1,0,1.1428571428571428,0.0,-1.0,1.4313637641589874
Silvanópolis,2020-08-08,27,0,2,1,0.7857142857142857,0.07142857142857142,0.0,1.4313637641589874
Silvanópolis,2020-08-09,29,2,2,0,0.9285714285714286,0.07142857142857142,0.0,1.462397997898956
Silvanópolis,2020-08-10,29,0,2,0,0.9285714285714286,0.07142857142857142,0.0,1.462397997898956
Silvanópolis,2020-08-11,29,0,2,0,0.9285714285714286,0.07142857142857142,0.0,1.462397997898956
Silvanópolis,2020-08-12,30,1,2,0,0.7142857142857143,0.07142857142857142,0.0,1.4771212547196624
Silvanópolis,2020-08-13,30,0,2,0,0.7142857142857143,0.07142857142857142,0.0,1.4771212547196624
Silvanópolis,2020-08-14,29,-1,2,0,0.6428571428571429,0.07142857142857142,0.0,1.462397997898956
Silvanópolis,2020-08-15,29,0,2,0,0.6428571428571429,0.07142857142857142,0.0,1.462397997898956
Silvanópolis,2020-08-16,29,0,2,0,0.6428571428571429,0.07142857142857142,0.0,1.462397997898956
Silvanópolis,2020-08-17,29,0,2,0,0.6428571428571429,0.07142857142857142,0.0,1.462397997898956
Silvanópolis,2020-08-18,29,0,2,0,0.5,0.07142857142857142,0.0,1.462397997898956
Silvanópolis,2020-08-19,31,2,3,1,0.5714285714285714,0.14285714285714285,inf,1.4913616938342726
Silvanópolis,2020-08-20,31,0,3,0,0.5714285714285714,0.14285714285714285,inf,1.4913616938342726
Silvanópolis,2020-08-21,31,0,3,0,0.2857142857142857,0.14285714285714285,inf,1.4913616938342726
Silvanópolis,2020-08-22,31,0,3,0,0.2857142857142857,0.07142857142857142,0.0,1.4913616938342726
Silvanópolis,2020-08-23,31,0,3,0,0.14285714285714285,0.07142857142857142,0.0,1.4913616938342726
Silvanópolis,2020-08-24,31,0,3,0,0.14285714285714285,0.07142857142857142,0.0,1.4913616938342726
Silvanópolis,2020-08-25,31,0,3,0,0.14285714285714285,0.07142857142857142,0.0,1.4913616938342726
Silvanópolis,2020-08-26,31,0,3,0,0.07142857142857142,0.07142857142857142,0.0,1.4913616938342726
Silvanópolis,2020-08-27,31,0,3,0,0.07142857142857142,0.07142857142857142,0.0,1.4913616938342726
Silvanópolis,2020-08-28,46,15,3,0,1.2142857142857142,0.07142857142857142,0.0,1.662757831681574
Silvanópolis,2020-08-29,47,1,3,0,1.2857142857142858,0.07142857142857142,0.0,1.6720978579357175
Silvanópolis,2020-08-30,47,0,3,0,1.2857142857142858,0.07142857142857142,0.0,1.6720978579357175
Silvanópolis,2020-08-31,47,0,3,0,1.2857142857142858,0.07142857142857142,0.0,1.6720978579357175
Silvanópolis,2020-09-01,47,0,3,0,1.2857142857142858,0.07142857142857142,0.0,1.6720978579357175
Silvanópolis,2020-09-02,52,5,3,0,1.5,0.0,-1.0,1.7160033436347992
Silvanópolis,2020-09-03,52,0,3,0,1.5,0.0,-1.0,1.7160033436347992
Silvanópolis,2020-09-04,52,0,3,0,1.5,0.0,-1.0,1.7160033436347992
Silvanópolis,2020-09-05,60,8,3,0,2.0714285714285716,0.0,-1.0,1.7781512503836436
Silvanópolis,2020-09-06,63,3,3,0,2.2857142857142856,0.0,-1.0,1.7993405494535817
Silvanópolis,2020-09-07,63,0,3,0,2.2857142857142856,0.0,-1.0,1.7993405494535817
Silvanópolis,2020-09-08,63,0,3,0,2.2857142857142856,0.0,-1.0,1.7993405494535817
Silvanópolis,2020-09-09,63,0,3,0,2.2857142857142856,0.0,-1.0,1.7993405494535817
Silvanópolis,2020-09-10,64,1,3,0,2.357142857142857,0.0,-1.0,1.806179973983887
Silvanópolis,2020-09-11,66,2,3,0,1.4285714285714286,0.0,-1.0,1.8195439355418688
Silvanópolis,2020-09-12,81,15,4,1,2.4285714285714284,0.07142857142857142,0.0,1.9084850188786497
Silvanópolis,2020-09-13,85,4,4,0,2.7142857142857144,0.07142857142857142,0.0,1.9294189257142929
Silvanópolis,2020-09-14,85,0,4,0,2.7142857142857144,0.07142857142857142,0.0,1.9294189257142929
Silvanópolis,2020-09-15,87,2,4,0,2.857142857142857,0.07142857142857142,0.0,1.9395192526186185
Silvanópolis,2020-09-16,93,6,4,0,2.9285714285714284,0.07142857142857142,inf,1.968482948553935
Silvanópolis,2020-09-17,108,15,5,1,4.0,0.14285714285714285,inf,2.03342375548695
Silvanópolis,2020-09-18,112,4,5,0,4.285714285714286,0.14285714285714285,inf,2.0492180226701815
Silvanópolis,2020-09-19,130,18,5,0,5.0,0.14285714285714285,inf,2.113943352306837
Silvanópolis,2020-09-20,131,1,5,0,4.857142857142857,0.14285714285714285,inf,2.1172712956557644
Silvanópolis,2020-09-21,131,0,5,0,4.857142857142857,0.14285714285714285,inf,2.1172712956557644
Silvanópolis,2020-09-22,131,0,5,0,4.857142857142857,0.14285714285714285,inf,2.1172712956557644
Silvanópolis,2020-09-23,138,7,5,0,5.357142857142857,0.14285714285714285,inf,2.1398790864012365
Silvanópolis,2020-09-24,147,9,5,0,5.928571428571429,0.14285714285714285,inf,2.167317334748176
Silvanópolis,2020-09-25,152,5,5,0,6.142857142857143,0.14285714285714285,inf,2.1818435879447726
Silvanópolis,2020-09-26,154,2,5,0,5.214285714285714,0.07142857142857142,0.0,2.187520720836463
Silvanópolis,2020-09-27,154,0,5,0,4.928571428571429,0.07142857142857142,0.0,2.187520720836463
Silvanópolis,2020-09-28,154,0,5,0,4.928571428571429,0.07142857142857142,0.0,2.187520720836463
Silvanópolis,2020-09-29,154,0,5,0,4.785714285714286,0.07142857142857142,0.0,2.187520720836463
Silvanópolis,2020-09-30,158,4,6,1,4.642857142857143,0.14285714285714285,1.0,2.1986570869544226
Silvanópolis,2020-10-01,160,2,6,0,3.7142857142857144,0.07142857142857142,-0.5,2.204119982655925
Silvanópolis,2020-10-02,161,1,6,0,3.5,0.07142857142857142,-0.5,2.2068258760318495
Silvanópolis,2020-10-03,161,0,6,0,2.2142857142857144,0.07142857142857142,-0.5,2.2068258760318495
Silvanópolis,2020-10-04,161,0,6,0,2.142857142857143,0.07142857142857142,-0.5,2.2068258760318495
Silvanópolis,2020-10-05,161,0,6,0,2.142857142857143,0.07142857142857142,-0.5,2.2068258760318495
Silvanópolis,2020-10-06,161,0,6,0,2.142857142857143,0.07142857142857142,-0.5,2.2068258760318495
Silvanópolis,2020-10-07,162,1,6,0,1.7142857142857142,0.07142857142857142,-0.5,2.2095150145426308
Silvanópolis,2020-10-08,164,2,6,0,1.2142857142857142,0.07142857142857142,-0.5,2.214843848047698
Silvanópolis,2020-10-09,168,4,6,0,1.1428571428571428,0.07142857142857142,-0.5,2.225309281725863
Silvanópolis,2020-10-10,168,0,6,0,1.0,0.07142857142857142,0.0,2.225309281725863
Silvanópolis,2020-10-11,168,0,6,0,1.0,0.07142857142857142,0.0,2.225309281725863
Silvanópolis,2020-10-12,168,0,6,0,1.0,0.07142857142857142,0.0,2.225309281725863
Silvanópolis,2020-10-13,168,0,6,0,1.0,0.07142857142857142,0.0,2.225309281725863
Silvanópolis,2020-10-14,169,1,6,0,0.7857142857142857,0.0,-1.0,2.2278867046136734
Silvanópolis,2020-10-15,175,6,6,0,1.0714285714285714,0.0,-1.0,2.2430380486862944
Silvanópolis,2020-10-16,175,0,6,0,1.0,0.0,-1.0,2.2430380486862944
Silvanópolis,2020-10-17,177,2,6,0,1.1428571428571428,0.0,-1.0,2.2479732663618064
Silvanópolis,2020-10-18,177,0,6,0,1.1428571428571428,0.0,-1.0,2.2479732663618064
Silvanópolis,2020-10-19,177,0,6,0,1.1428571428571428,0.0,-1.0,2.2479732663618064
Silvanópolis,2020-10-20,179,2,6,0,1.2857142857142858,0.0,-1.0,2.2528530309798933
Silvanópolis,2020-10-21,180,1,6,0,1.2857142857142858,0.0,-1.0,2.255272505103306
Silvanópolis,2020-10-22,181,1,6,0,1.2142857142857142,0.0,-1.0,2.2576785748691846
Silvanópolis,2020-10-23,182,1,6,0,1.0,0.0,-1.0,2.2600713879850747
Silvanópolis,2020-10-24,185,3,6,0,1.2142857142857142,0.0,-1.0,2.2671717284030137
Silvanópolis,2020-10-25,185,0,6,0,1.2142857142857142,0.0,-1.0,2.2671717284030137
Silvanópolis,2020-10-26,185,0,6,0,1.2142857142857142,0.0,-1.0,2.2671717284030137
Silvanópolis,2020-10-27,191,6,6,0,1.6428571428571428,0.0,-1.0,2.2810333672477277
Silvanópolis,2020-10-28,193,2,6,0,1.7142857142857142,0.0,,2.285557309007774
Silvanópolis,2020-10-29,198,5,6,0,1.6428571428571428,0.0,,2.296665190261531
Silvanópolis,2020-10-30,201,3,6,0,1.8571428571428572,0.0,,2.303196057420489
Silvanópolis,2020-10-31,208,7,6,0,2.2142857142857144,0.0,,2.3180633349627615
Silvanópolis,2020-11-01,208,0,6,0,2.2142857142857144,0.0,,2.3180633349627615
Silvanópolis,2020-11-02,208,0,6,0,2.2142857142857144,0.0,,2.3180633349627615
Silvanópolis,2020-11-03,208,0,6,0,2.0714285714285716,0.0,,2.3180633349627615
Silvanópolis,2020-11-04,218,10,6,0,2.7142857142857144,0.0,,2.3384564936046046
Silvanópolis,2020-11-05,228,10,6,0,3.357142857142857,0.0,,2.357934847000454
Silvanópolis,2020-11-06,247,19,6,0,4.642857142857143,0.0,,2.392696953259666
Silvanópolis,2020-11-07,251,4,6,0,4.714285714285714,0.0,,2.399673721481038
Silvanópolis,2020-11-08,251,0,6,0,4.714285714285714,0.0,,2.399673721481038
Silvanópolis,2020-11-09,251,0,6,0,4.714285714285714,0.0,,2.399673721481038
Silvanópolis,2020-11-10,256,5,6,0,4.642857142857143,0.0,,2.4082399653118496
Silvanópolis,2020-11-11,257,1,6,0,4.571428571428571,0.0,,2.4099331233312946
Silvanópolis,2020-11-12,260,3,7,1,4.428571428571429,0.07142857142857142,inf,2.4149733479708178
Silvanópolis,2020-11-13,263,3,7,0,4.428571428571429,0.07142857142857142,inf,2.419955748489758
Silvanópolis,2020-11-14,264,1,7,0,4.0,0.07142857142857142,inf,2.4216039268698313
Silvanópolis,2020-11-15,264,0,7,0,4.0,0.07142857142857142,inf,2.4216039268698313
Silvanópolis,2020-11-16,264,0,7,0,4.0,0.07142857142857142,inf,2.4216039268698313
Silvanópolis,2020-11-17,265,1,7,0,4.071428571428571,0.07142857142857142,inf,2.423245873936808
Silvanópolis,2020-11-18,265,0,7,0,3.357142857142857,0.07142857142857142,inf,2.423245873936808
Silvanópolis,2020-11-19,265,0,7,0,2.642857142857143,0.07142857142857142,inf,2.423245873936808
Silvanópolis,2020-11-20,265,0,7,0,1.2857142857142858,0.07142857142857142,inf,2.423245873936808
Silvanópolis,2020-11-21,265,0,7,0,1.0,0.07142857142857142,inf,2.423245873936808
Silvanópolis,2020-11-22,265,0,7,0,1.0,0.07142857142857142,inf,2.423245873936808
Silvanópolis,2020-11-23,265,0,7,0,1.0,0.07142857142857142,inf,2.423245873936808
Silvanópolis,2020-11-24,265,0,7,0,0.6428571428571429,0.07142857142857142,inf,2.423245873936808
Silvanópolis,2020-11-25,268,3,7,0,0.7857142857142857,0.07142857142857142,inf,2.428134794028789
Silvanópolis,2020-11-26,270,2,7,0,0.7142857142857143,0.0,-1.0,2.4313637641589874
Silvanópolis,2020-11-27,271,1,7,0,0.5714285714285714,0.0,-1.0,2.432969290874406
Silvanópolis,2020-11-28,274,3,7,0,0.7142857142857143,0.0,-1.0,2.437750562820388
Silvanópolis,2020-11-29,274,0,7,0,0.7142857142857143,0.0,-1.0,2.437750562820388
Silvanópolis,2020-11-30,274,0,7,0,0.7142857142857143,0.0,-1.0,2.437750562820388
Silvanópolis,2020-12-01,275,1,7,0,0.7142857142857143,0.0,-1.0,2.439332693830263
Silvanópolis,2020-12-02,281,6,7,0,1.1428571428571428,0.0,-1.0,2.44870631990508
Silvanópolis,2020-12-03,285,4,7,0,1.4285714285714286,0.0,-1.0,2.45484486000851
Silvanópolis,2020-12-04,285,0,7,0,1.4285714285714286,0.0,-1.0,2.45484486000851
Silvanópolis,2020-12-05,289,4,7,0,1.7142857142857142,0.0,-1.0,2.4608978427565478
Silvanópolis,2020-12-06,289,0,7,0,1.7142857142857142,0.0,-1.0,2.4608978427565478
Silvanópolis,2020-12-07,289,0,7,0,1.7142857142857142,0.0,-1.0,2.4608978427565478
Silvanópolis,2020-12-08,294,5,7,0,2.0714285714285716,0.0,-1.0,2.4683473304121573
Silvanópolis,2020-12-09,298,4,7,0,2.142857142857143,0.0,-1.0,2.4742162640762553
Silvanópolis,2020-12-10,303,5,7,0,2.357142857142857,0.0,,2.481442628502305
Silvanópolis,2020-12-11,316,13,7,0,3.2142857142857144,0.0,,2.499687082618404
Silvanópolis,2020-12-12,317,1,7,0,3.0714285714285716,0.0,,2.5010592622177517
Silvanópolis,2020-12-13,317,0,7,0,3.0714285714285716,0.0,,2.5010592622177517
Silvanópolis,2020-12-14,317,0,7,0,3.0714285714285716,0.0,,2.5010592622177517
Silvanópolis,2020-12-15,318,1,7,0,3.0714285714285716,0.0,,2.5024271199844326
Silvanópolis,2020-12-16,319,1,7,0,2.7142857142857144,0.0,,2.503790683057181
Silvanópolis,2020-12-17,322,3,7,0,2.642857142857143,0.0,,2.507855871695831
Silvanópolis,2020-12-18,322,0,7,0,2.642857142857143,0.0,,2.507855871695831
Silvanópolis,2020-12-19,324,2,7,0,2.5,0.0,,2.510545010206612
Silvanópolis,2020-12-20,324,0,7,0,2.5,0.0,,2.510545010206612
Silvanópolis,2020-12-21,324,0,7,0,2.5,0.0,,2.510545010206612
Silvanópolis,2020-12-22,325,1,7,0,2.2142857142857144,0.0,,2.5118833609788744
Silvanópolis,2020-12-23,328,3,7,0,2.142857142857143,0.0,,2.515873843711679
Silvanópolis,2020-12-24,328,0,7,0,1.7857142857142858,0.0,,2.515873843711679
Silvanópolis,2020-12-25,328,0,7,0,0.8571428571428571,0.0,,2.515873843711679
Silvanópolis,2020-12-26,328,0,7,0,0.7857142857142857,0.0,,2.515873843711679
Silvanópolis,2020-12-27,328,0,7,0,0.7857142857142857,0.0,,2.515873843711679
Silvanópolis,2020-12-28,328,0,7,0,0.7857142857142857,0.0,,2.515873843711679
Silvanópolis,2020-12-29,328,0,7,0,0.7142857142857143,0.0,,2.515873843711679
Silvanópolis,2020-12-30,330,2,7,0,0.7857142857142857,0.0,,2.5185139398778875
Silvanópolis,2020-12-31,330,0,7,0,0.5714285714285714,0.0,,2.5185139398778875
Silvanópolis,2021-01-01,330,0,7,0,0.5714285714285714,0.0,,2.5185139398778875
Silvanópolis,2021-01-02,330,0,7,0,0.42857142857142855,0.0,,2.5185139398778875
Silvanópolis,2021-01-03,330,0,7,0,0.42857142857142855,0.0,,2.5185139398778875
Silvanópolis,2021-01-04,330,0,7,0,0.42857142857142855,0.0,,2.5185139398778875
Silvanópolis,2021-01-05,330,0,7,0,0.35714285714285715,0.0,,2.5185139398778875
Silvanópolis,2021-01-06,330,0,7,0,0.14285714285714285,0.0,,2.5185139398778875
Silvanópolis,2021-01-07,332,2,7,0,0.2857142857142857,0.0,,2.5211380837040362
Silvanópolis,2021-01-08,337,5,7,0,0.6428571428571429,0.0,,2.5276299008713385
Silvanópolis,2021-01-09,343,6,7,0,1.0714285714285714,0.0,,2.5352941200427703
Silvanópolis,2021-01-10,343,0,7,0,1.0714285714285714,0.0,,2.5352941200427703
Silvanópolis,2021-01-11,347,4,7,0,1.3571428571428572,0.0,,2.5403294747908736
Silvanópolis,2021-01-12,350,3,7,0,1.5714285714285714,0.0,,2.5440680443502757
Silvanópolis,2021-01-13,352,2,7,0,1.5714285714285714,0.0,,2.546542663478131
Silvanópolis,2021-01-14,352,0,7,0,1.5714285714285714,0.0,,2.546542663478131
Silvanópolis,2021-01-15,353,1,7,0,1.6428571428571428,0.0,,2.5477747053878224
Silvanópolis,2021-01-16,360,7,7,0,2.142857142857143,0.0,,2.5563025007672873
Silvanópolis,2021-01-17,362,2,7,0,2.2857142857142856,0.0,,2.558708570533166
Silvanópolis,2021-01-18,363,1,7,0,2.357142857142857,0.0,,2.5599066250361124
Silvanópolis,2021-01-19,364,1,7,0,2.4285714285714284,0.0,,2.561101383649056
Silvanópolis,2021-01-20,364,0,7,0,2.4285714285714284,0.0,,2.561101383649056
Sítio Novo do Tocantins,2020-03-27,0,0,0,0,,,,0.0
Sítio Novo do Tocantins,2020-03-28,0,0,0,0,,,,0.0
Sítio Novo do Tocantins,2020-03-29,0,0,0,0,,,,0.0
Sítio Novo do Tocantins,2020-03-30,0,0,0,0,,,,0.0
Sítio Novo do Tocantins,2020-03-31,0,0,0,0,,,,0.0
Sítio Novo do Tocantins,2020-04-01,0,0,0,0,,,,0.0
Sítio Novo do Tocantins,2020-04-02,0,0,0,0,,,,0.0
Sítio Novo do Tocantins,2020-04-03,0,0,0,0,,,,0.0
Sítio Novo do Tocantins,2020-04-04,0,0,0,0,,,,0.0
Sítio Novo do Tocantins,2020-04-05,0,0,0,0,,,,0.0
Sítio Novo do Tocantins,2020-04-06,0,0,0,0,,,,0.0
Sítio Novo do Tocantins,2020-04-07,0,0,0,0,,,,0.0
Sítio Novo do Tocantins,2020-04-08,0,0,0,0,,,,0.0
Sítio Novo do Tocantins,2020-04-09,0,0,0,0,0.0,0.0,,0.0
Sítio Novo do Tocantins,2020-04-10,0,0,0,0,0.0,0.0,,0.0
Sítio Novo do Tocantins,2020-04-11,0,0,0,0,0.0,0.0,,0.0
Sítio Novo do Tocantins,2020-04-12,0,0,0,0,0.0,0.0,,0.0
Sítio Novo do Tocantins,2020-04-13,0,0,0,0,0.0,0.0,,0.0
Sítio Novo do Tocantins,2020-04-14,0,0,0,0,0.0,0.0,,0.0
Sítio Novo do Tocantins,2020-04-15,0,0,0,0,0.0,0.0,,0.0
Sítio Novo do Tocantins,2020-04-16,0,0,0,0,0.0,0.0,,0.0
Sítio Novo do Tocantins,2020-04-17,0,0,0,0,0.0,0.0,,0.0
Sítio Novo do Tocantins,2020-04-18,0,0,0,0,0.0,0.0,,0.0
Sítio Novo do Tocantins,2020-04-19,0,0,0,0,0.0,0.0,,0.0
Sítio Novo do Tocantins,2020-04-20,0,0,0,0,0.0,0.0,,0.0
Sítio Novo do Tocantins,2020-04-21,0,0,0,0,0.0,0.0,,0.0
Sítio Novo do Tocantins,2020-04-22,0,0,0,0,0.0,0.0,,0.0
Sítio Novo do Tocantins,2020-04-23,0,0,0,0,0.0,0.0,,0.0
Sítio Novo do Tocantins,2020-04-24,1,1,0,0,0.07142857142857142,0.0,,0.0
Sítio Novo do Tocantins,2020-04-25,1,0,0,0,0.07142857142857142,0.0,,0.0
Sítio Novo do Tocantins,2020-04-26,1,0,0,0,0.07142857142857142,0.0,,0.0
Sítio Novo do Tocantins,2020-04-27,1,0,0,0,0.07142857142857142,0.0,,0.0
Sítio Novo do Tocantins,2020-04-28,1,0,0,0,0.07142857142857142,0.0,,0.0
Sítio Novo do Tocantins,2020-04-29,1,0,0,0,0.07142857142857142,0.0,,0.0
Sítio Novo do Tocantins,2020-04-30,1,0,0,0,0.07142857142857142,0.0,,0.0
Sítio Novo do Tocantins,2020-05-01,1,0,0,0,0.07142857142857142,0.0,,0.0
Sítio Novo do Tocantins,2020-05-02,2,1,1,1,0.14285714285714285,0.07142857142857142,inf,0.3010299956639812
Sítio Novo do Tocantins,2020-05-03,2,0,1,0,0.14285714285714285,0.07142857142857142,inf,0.3010299956639812
Sítio Novo do Tocantins,2020-05-04,2,0,1,0,0.14285714285714285,0.07142857142857142,inf,0.3010299956639812
Sítio Novo do Tocantins,2020-05-05,2,0,1,0,0.14285714285714285,0.07142857142857142,inf,0.3010299956639812
Sítio Novo do Tocantins,2020-05-06,3,1,1,0,0.21428571428571427,0.07142857142857142,inf,0.47712125471966244
Sítio Novo do Tocantins,2020-05-07,3,0,1,0,0.21428571428571427,0.07142857142857142,inf,0.47712125471966244
Sítio Novo do Tocantins,2020-05-08,3,0,1,0,0.14285714285714285,0.07142857142857142,inf,0.47712125471966244
Sítio Novo do Tocantins,2020-05-09,14,11,1,0,0.9285714285714286,0.07142857142857142,inf,1.146128035678238
Sítio Novo do Tocantins,2020-05-10,14,0,1,0,0.9285714285714286,0.07142857142857142,inf,1.146128035678238
Sítio Novo do Tocantins,2020-05-11,14,0,1,0,0.9285714285714286,0.07142857142857142,inf,1.146128035678238
Sítio Novo do Tocantins,2020-05-12,14,0,1,0,0.9285714285714286,0.07142857142857142,inf,1.146128035678238
Sítio Novo do Tocantins,2020-05-13,14,0,1,0,0.9285714285714286,0.07142857142857142,inf,1.146128035678238
Sítio Novo do Tocantins,2020-05-14,14,0,1,0,0.9285714285714286,0.07142857142857142,inf,1.146128035678238
Sítio Novo do Tocantins,2020-05-15,28,14,1,0,1.9285714285714286,0.07142857142857142,inf,1.4471580313422192
Sítio Novo do Tocantins,2020-05-16,29,1,1,0,1.9285714285714286,0.0,-1.0,1.462397997898956
Sítio Novo do Tocantins,2020-05-17,29,0,1,0,1.9285714285714286,0.0,-1.0,1.462397997898956
Sítio Novo do Tocantins,2020-05-18,29,0,1,0,1.9285714285714286,0.0,-1.0,1.462397997898956
Sítio Novo do Tocantins,2020-05-19,30,1,1,0,2.0,0.0,-1.0,1.4771212547196624
Sítio Novo do Tocantins,2020-05-20,30,0,1,0,1.9285714285714286,0.0,-1.0,1.4771212547196624
Sítio Novo do Tocantins,2020-05-21,43,13,1,0,2.857142857142857,0.0,-1.0,1.6334684555795866
Sítio Novo do Tocantins,2020-05-22,45,2,1,0,3.0,0.0,-1.0,1.6532125137753437
Sítio Novo do Tocantins,2020-05-23,45,0,1,0,2.2142857142857144,0.0,-1.0,1.6532125137753437
Sítio Novo do Tocantins,2020-05-24,45,0,1,0,2.2142857142857144,0.0,-1.0,1.6532125137753437
Sítio Novo do Tocantins,2020-05-25,45,0,1,0,2.2142857142857144,0.0,-1.0,1.6532125137753437
Sítio Novo do Tocantins,2020-05-26,45,0,1,0,2.2142857142857144,0.0,-1.0,1.6532125137753437
Sítio Novo do Tocantins,2020-05-27,45,0,1,0,2.2142857142857144,0.0,-1.0,1.6532125137753437
Sítio Novo do Tocantins,2020-05-28,47,2,1,0,2.357142857142857,0.0,-1.0,1.6720978579357175
Sítio Novo do Tocantins,2020-05-29,67,20,1,0,2.7857142857142856,0.0,-1.0,1.8260748027008264
Sítio Novo do Tocantins,2020-05-30,67,0,1,0,2.7142857142857144,0.0,,1.8260748027008264
Sítio Novo do Tocantins,2020-05-31,68,1,1,0,2.7857142857142856,0.0,,1.8325089127062364
Sítio Novo do Tocantins,2020-06-01,68,0,1,0,2.7857142857142856,0.0,,1.8325089127062364
Sítio Novo do Tocantins,2020-06-02,68,0,1,0,2.7142857142857144,0.0,,1.8325089127062364
Sítio Novo do Tocantins,2020-06-03,68,0,1,0,2.7142857142857144,0.0,,1.8325089127062364
Sítio Novo do Tocantins,2020-06-04,68,0,3,2,1.7857142857142858,0.14285714285714285,inf,1.8325089127062364
Sítio Novo do Tocantins,2020-06-05,68,0,3,0,1.6428571428571428,0.14285714285714285,inf,1.8325089127062364
Sítio Novo do Tocantins,2020-06-06,68,0,3,0,1.6428571428571428,0.14285714285714285,inf,1.8325089127062364
Sítio Novo do Tocantins,2020-06-07,68,0,3,0,1.6428571428571428,0.14285714285714285,inf,1.8325089127062364
Sítio Novo do Tocantins,2020-06-08,68,0,3,0,1.6428571428571428,0.14285714285714285,inf,1.8325089127062364
Sítio Novo do Tocantins,2020-06-09,90,22,4,1,3.2142857142857144,0.21428571428571427,inf,1.9542425094393248
Sítio Novo do Tocantins,2020-06-10,91,1,4,0,3.2857142857142856,0.21428571428571427,inf,1.9590413923210936
Sítio Novo do Tocantins,2020-06-11,91,0,4,0,3.142857142857143,0.21428571428571427,inf,1.9590413923210936
Sítio Novo do Tocantins,2020-06-12,91,0,4,0,1.7142857142857142,0.21428571428571427,inf,1.9590413923210936
Sítio Novo do Tocantins,2020-06-13,100,9,4,0,2.357142857142857,0.21428571428571427,inf,2.0
Sítio Novo do Tocantins,2020-06-14,100,0,4,0,2.2857142857142856,0.21428571428571427,inf,2.0
Sítio Novo do Tocantins,2020-06-15,112,12,4,0,3.142857142857143,0.21428571428571427,inf,2.0492180226701815
Sítio Novo do Tocantins,2020-06-16,112,0,4,0,3.142857142857143,0.21428571428571427,inf,2.0492180226701815
Sítio Novo do Tocantins,2020-06-17,112,0,4,0,3.142857142857143,0.21428571428571427,inf,2.0492180226701815
Sítio Novo do Tocantins,2020-06-18,112,0,4,0,3.142857142857143,0.07142857142857142,-0.5,2.0492180226701815
Sítio Novo do Tocantins,2020-06-19,112,0,4,0,3.142857142857143,0.07142857142857142,-0.5,2.0492180226701815
Sítio Novo do Tocantins,2020-06-20,116,4,4,0,3.4285714285714284,0.07142857142857142,-0.5,2.0644579892269186
Sítio Novo do Tocantins,2020-06-21,116,0,4,0,3.4285714285714284,0.07142857142857142,-0.5,2.0644579892269186
Sítio Novo do Tocantins,2020-06-22,116,0,4,0,3.4285714285714284,0.07142857142857142,-0.5,2.0644579892269186
Sítio Novo do Tocantins,2020-06-23,116,0,4,0,1.8571428571428572,0.0,-1.0,2.0644579892269186
Sítio Novo do Tocantins,2020-06-24,119,3,0,-4,2.0,-0.2857142857142857,-2.3333333333333335,2.075546961392531
Sítio Novo do Tocantins,2020-06-25,119,0,4,4,2.0,0.0,-1.0,2.075546961392531
Sítio Novo do Tocantins,2020-06-26,119,0,4,0,2.0,0.0,-1.0,2.075546961392531
Sítio Novo do Tocantins,2020-06-27,119,0,4,0,1.3571428571428572,0.0,-1.0,2.075546961392531
Sítio Novo do Tocantins,2020-06-28,119,0,4,0,1.3571428571428572,0.0,-1.0,2.075546961392531
Sítio Novo do Tocantins,2020-06-29,119,0,4,0,0.5,0.0,-1.0,2.075546961392531
Sítio Novo do Tocantins,2020-06-30,119,0,4,0,0.5,0.0,-1.0,2.075546961392531
Sítio Novo do Tocantins,2020-07-01,132,13,4,0,1.4285714285714286,0.0,-1.0,2.12057393120585
Sítio Novo do Tocantins,2020-07-02,135,3,4,0,1.6428571428571428,0.0,-1.0,2.130333768495006
Sítio Novo do Tocantins,2020-07-03,135,0,4,0,1.6428571428571428,0.0,-1.0,2.130333768495006
Sítio Novo do Tocantins,2020-07-04,135,0,4,0,1.3571428571428572,0.0,-1.0,2.130333768495006
Sítio Novo do Tocantins,2020-07-05,135,0,4,0,1.3571428571428572,0.0,-1.0,2.130333768495006
Sítio Novo do Tocantins,2020-07-06,135,0,4,0,1.3571428571428572,0.0,-1.0,2.130333768495006
Sítio Novo do Tocantins,2020-07-07,135,0,4,0,1.3571428571428572,0.0,,2.130333768495006
Sítio Novo do Tocantins,2020-07-08,135,0,4,0,1.1428571428571428,0.2857142857142857,-2.0,2.130333768495006
Sítio Novo do Tocantins,2020-07-09,136,1,4,0,1.2142857142857142,0.0,,2.1335389083702174
Sítio Novo do Tocantins,2020-07-10,136,0,4,0,1.2142857142857142,0.0,,2.1335389083702174
Sítio Novo do Tocantins,2020-07-11,136,0,4,0,1.2142857142857142,0.0,,2.1335389083702174
Sítio Novo do Tocantins,2020-07-12,136,0,4,0,1.2142857142857142,0.0,,2.1335389083702174
Sítio Novo do Tocantins,2020-07-13,136,0,4,0,1.2142857142857142,0.0,,2.1335389083702174
Sítio Novo do Tocantins,2020-07-14,136,0,4,0,1.2142857142857142,0.0,,2.1335389083702174
Sítio Novo do Tocantins,2020-07-15,136,0,4,0,0.2857142857142857,0.0,,2.1335389083702174
Sítio Novo do Tocantins,2020-07-16,139,3,4,0,0.2857142857142857,0.0,,2.143014800254095
Sítio Novo do Tocantins,2020-07-17,139,0,4,0,0.2857142857142857,0.0,,2.143014800254095
Sítio Novo do Tocantins,2020-07-18,142,3,4,0,0.5,0.0,,2.1522883443830563
Sítio Novo do Tocantins,2020-07-19,142,0,4,0,0.5,0.0,,2.1522883443830563
Sítio Novo do Tocantins,2020-07-20,142,0,4,0,0.5,0.0,,2.1522883443830563
Sítio Novo do Tocantins,2020-07-21,143,1,4,0,0.5714285714285714,0.0,,2.155336037465062
Sítio Novo do Tocantins,2020-07-22,143,0,4,0,0.5714285714285714,0.0,-1.0,2.155336037465062
Sítio Novo do Tocantins,2020-07-23,143,0,4,0,0.5,0.0,,2.155336037465062
Sítio Novo do Tocantins,2020-07-24,144,1,4,0,0.5714285714285714,0.0,,2.1583624920952498
Sítio Novo do Tocantins,2020-07-25,144,0,4,0,0.5714285714285714,0.0,,2.1583624920952498
Sítio Novo do Tocantins,2020-07-26,144,0,4,0,0.5714285714285714,0.0,,2.1583624920952498
Sítio Novo do Tocantins,2020-07-27,144,0,4,0,0.5714285714285714,0.0,,2.1583624920952498
Sítio Novo do Tocantins,2020-07-28,144,0,4,0,0.5714285714285714,0.0,,2.1583624920952498
Sítio Novo do Tocantins,2020-07-29,149,5,4,0,0.9285714285714286,0.0,,2.173186268412274
Sítio Novo do Tocantins,2020-07-30,149,0,4,0,0.7142857142857143,0.0,,2.173186268412274
Sítio Novo do Tocantins,2020-07-31,149,0,4,0,0.7142857142857143,0.0,,2.173186268412274
Sítio Novo do Tocantins,2020-08-01,150,1,4,0,0.5714285714285714,0.0,,2.1760912590556813
Sítio Novo do Tocantins,2020-08-02,156,6,4,0,1.0,0.0,,2.1931245983544616
Sítio Novo do Tocantins,2020-08-03,156,0,4,0,1.0,0.0,,2.1931245983544616
Sítio Novo do Tocantins,2020-08-04,156,0,4,0,0.9285714285714286,0.0,,2.1931245983544616
Sítio Novo do Tocantins,2020-08-05,156,0,4,0,0.9285714285714286,0.0,,2.1931245983544616
Sítio Novo do Tocantins,2020-08-06,156,0,4,0,0.9285714285714286,0.0,,2.1931245983544616
Sítio Novo do Tocantins,2020-08-07,168,12,4,0,1.7142857142857142,0.0,,2.225309281725863
Sítio Novo do Tocantins,2020-08-08,168,0,4,0,1.7142857142857142,0.0,,2.225309281725863
Sítio Novo do Tocantins,2020-08-09,168,0,4,0,1.7142857142857142,0.0,,2.225309281725863
Sítio Novo do Tocantins,2020-08-10,168,0,4,0,1.7142857142857142,0.0,,2.225309281725863
Sítio Novo do Tocantins,2020-08-11,168,0,4,0,1.7142857142857142,0.0,,2.225309281725863
Sítio Novo do Tocantins,2020-08-12,168,0,4,0,1.3571428571428572,0.0,,2.225309281725863
Sítio Novo do Tocantins,2020-08-13,168,0,4,0,1.3571428571428572,0.0,,2.225309281725863
Sítio Novo do Tocantins,2020-08-14,177,9,4,0,2.0,0.0,,2.2479732663618064
Sítio Novo do Tocantins,2020-08-15,177,0,4,0,1.9285714285714286,0.0,,2.2479732663618064
Sítio Novo do Tocantins,2020-08-16,177,0,4,0,1.5,0.0,,2.2479732663618064
Sítio Novo do Tocantins,2020-08-17,177,0,4,0,1.5,0.0,,2.2479732663618064
Sítio Novo do Tocantins,2020-08-18,177,0,4,0,1.5,0.0,,2.2479732663618064
Sítio Novo do Tocantins,2020-08-19,178,1,4,0,1.5714285714285714,0.0,,2.250420002308894
Sítio Novo do Tocantins,2020-08-20,185,7,4,0,2.0714285714285716,0.0,,2.2671717284030137
Sítio Novo do Tocantins,2020-08-21,191,6,4,0,1.6428571428571428,0.0,,2.2810333672477277
Sítio Novo do Tocantins,2020-08-22,197,6,4,0,2.0714285714285716,0.0,,2.294466226161593
Sítio Novo do Tocantins,2020-08-23,197,0,4,0,2.0714285714285716,0.0,,2.294466226161593
Sítio Novo do Tocantins,2020-08-24,197,0,4,0,2.0714285714285716,0.0,,2.294466226161593
Sítio Novo do Tocantins,2020-08-25,198,1,4,0,2.142857142857143,0.0,,2.296665190261531
Sítio Novo do Tocantins,2020-08-26,203,5,4,0,2.5,0.0,,2.307496037913213
Sítio Novo do Tocantins,2020-08-27,211,8,4,0,3.0714285714285716,0.0,,2.3242824552976926
Sítio Novo do Tocantins,2020-08-28,213,2,4,0,2.5714285714285716,0.0,,2.3283796034387376
Sítio Novo do Tocantins,2020-08-29,222,9,4,0,3.2142857142857144,0.0,,2.346352974450639
Sítio Novo do Tocantins,2020-08-30,222,0,4,0,3.2142857142857144,0.0,,2.346352974450639
Sítio Novo do Tocantins,2020-08-31,222,0,4,0,3.2142857142857144,0.0,,2.346352974450639
Sítio Novo do Tocantins,2020-09-01,226,4,4,0,3.5,0.0,,2.3541084391474008
Sítio Novo do Tocantins,2020-09-02,233,7,4,0,3.9285714285714284,0.0,,2.367355921026019
Sítio Novo do Tocantins,2020-09-03,235,2,4,0,3.5714285714285716,0.0,,2.3710678622717363
Sítio Novo do Tocantins,2020-09-04,235,0,4,0,3.142857142857143,0.0,,2.3710678622717363
Sítio Novo do Tocantins,2020-09-05,236,1,4,0,2.7857142857142856,0.0,,2.3729120029701067
Sítio Novo do Tocantins,2020-09-06,236,0,4,0,2.7857142857142856,0.0,,2.3729120029701067
Sítio Novo do Tocantins,2020-09-07,236,0,4,0,2.7857142857142856,0.0,,2.3729120029701067
Sítio Novo do Tocantins,2020-09-08,236,0,4,0,2.7142857142857144,0.0,,2.3729120029701067
Sítio Novo do Tocantins,2020-09-09,236,0,4,0,2.357142857142857,0.0,,2.3729120029701067
Sítio Novo do Tocantins,2020-09-10,237,1,4,0,1.8571428571428572,0.0,,2.374748346010104
Sítio Novo do Tocantins,2020-09-11,237,0,4,0,1.7142857142857142,0.0,,2.374748346010104
Sítio Novo do Tocantins,2020-09-12,237,0,4,0,1.0714285714285714,0.0,,2.374748346010104
Sítio Novo do Tocantins,2020-09-13,237,0,4,0,1.0714285714285714,0.0,,2.374748346010104
Sítio Novo do Tocantins,2020-09-14,237,0,4,0,1.0714285714285714,0.0,,2.374748346010104
Sítio Novo do Tocantins,2020-09-15,238,1,4,0,0.8571428571428571,0.0,,2.376576957056512
Sítio Novo do Tocantins,2020-09-16,238,0,4,0,0.35714285714285715,0.0,,2.376576957056512
Sítio Novo do Tocantins,2020-09-17,239,1,4,0,0.2857142857142857,0.0,,2.3783979009481375
Sítio Novo do Tocantins,2020-09-18,239,0,5,1,0.2857142857142857,0.07142857142857142,inf,2.3783979009481375
Sítio Novo do Tocantins,2020-09-19,239,0,5,0,0.21428571428571427,0.07142857142857142,inf,2.3783979009481375
Sítio Novo do Tocantins,2020-09-20,239,0,5,0,0.21428571428571427,0.07142857142857142,inf,2.3783979009481375
Sítio Novo do Tocantins,2020-09-21,239,0,5,0,0.21428571428571427,0.07142857142857142,inf,2.3783979009481375
Sítio Novo do Tocantins,2020-09-22,242,3,5,0,0.42857142857142855,0.07142857142857142,inf,2.383815365980431
Sítio Novo do Tocantins,2020-09-23,243,1,5,0,0.5,0.07142857142857142,inf,2.385606273598312
Sítio Novo do Tocantins,2020-09-24,244,1,5,0,0.5,0.07142857142857142,inf,2.3873898263387296
Sítio Novo do Tocantins,2020-09-25,250,6,5,0,0.9285714285714286,0.07142857142857142,inf,2.3979400086720375
Sítio Novo do Tocantins,2020-09-26,250,0,5,0,0.9285714285714286,0.07142857142857142,inf,2.3979400086720375
Sítio Novo do Tocantins,2020-09-27,250,0,5,0,0.9285714285714286,0.07142857142857142,inf,2.3979400086720375
Sítio Novo do Tocantins,2020-09-28,250,0,5,0,0.9285714285714286,0.07142857142857142,inf,2.3979400086720375
Sítio Novo do Tocantins,2020-09-29,253,3,5,0,1.0714285714285714,0.07142857142857142,inf,2.403120521175818
Sítio Novo do Tocantins,2020-09-30,258,5,5,0,1.4285714285714286,0.07142857142857142,inf,2.41161970596323
Sítio Novo do Tocantins,2020-10-01,258,0,5,0,1.3571428571428572,0.07142857142857142,inf,2.41161970596323
Sítio Novo do Tocantins,2020-10-02,258,0,5,0,1.3571428571428572,0.0,-1.0,2.41161970596323
Sítio Novo do Tocantins,2020-10-03,259,1,5,0,1.4285714285714286,0.0,-1.0,2.413299764081252
Sítio Novo do Tocantins,2020-10-04,259,0,5,0,1.4285714285714286,0.0,-1.0,2.413299764081252
Sítio Novo do Tocantins,2020-10-05,259,0,5,0,1.4285714285714286,0.0,-1.0,2.413299764081252
Sítio Novo do Tocantins,2020-10-06,259,0,5,0,1.2142857142857142,0.0,-1.0,2.413299764081252
Sítio Novo do Tocantins,2020-10-07,259,0,5,0,1.1428571428571428,0.0,-1.0,2.413299764081252
Sítio Novo do Tocantins,2020-10-08,263,4,5,0,1.3571428571428572,0.0,-1.0,2.419955748489758
Sítio Novo do Tocantins,2020-10-09,263,0,5,0,0.9285714285714286,0.0,-1.0,2.419955748489758
Sítio Novo do Tocantins,2020-10-10,263,0,5,0,0.9285714285714286,0.0,-1.0,2.419955748489758
Sítio Novo do Tocantins,2020-10-11,263,0,5,0,0.9285714285714286,0.0,-1.0,2.419955748489758
Sítio Novo do Tocantins,2020-10-12,263,0,5,0,0.9285714285714286,0.0,-1.0,2.419955748489758
Sítio Novo do Tocantins,2020-10-13,263,0,5,0,0.7142857142857143,0.0,-1.0,2.419955748489758
Sítio Novo do Tocantins,2020-10-14,263,0,5,0,0.35714285714285715,0.0,-1.0,2.419955748489758
Sítio Novo do Tocantins,2020-10-15,263,0,5,0,0.35714285714285715,0.0,-1.0,2.419955748489758
Sítio Novo do Tocantins,2020-10-16,264,1,5,0,0.42857142857142855,0.0,,2.4216039268698313
Sítio Novo do Tocantins,2020-10-17,269,5,5,0,0.7142857142857143,0.0,,2.429752280002408
Sítio Novo do Tocantins,2020-10-18,269,0,5,0,0.7142857142857143,0.0,,2.429752280002408
Sítio Novo do Tocantins,2020-10-19,269,0,5,0,0.7142857142857143,0.0,,2.429752280002408
Sítio Novo do Tocantins,2020-10-20,270,1,5,0,0.7857142857142857,0.0,,2.4313637641589874
Sítio Novo do Tocantins,2020-10-21,272,2,5,0,0.9285714285714286,0.0,,2.4345689040341987
Sítio Novo do Tocantins,2020-10-22,272,0,5,0,0.6428571428571429,0.0,,2.4345689040341987
Sítio Novo do Tocantins,2020-10-23,272,0,5,0,0.6428571428571429,0.0,,2.4345689040341987
Sítio Novo do Tocantins,2020-10-24,272,0,5,0,0.6428571428571429,0.0,,2.4345689040341987
Sítio Novo do Tocantins,2020-10-25,272,0,5,0,0.6428571428571429,0.0,,2.4345689040341987
Sítio Novo do Tocantins,2020-10-26,272,0,5,0,0.6428571428571429,0.0,,2.4345689040341987
Sítio Novo do Tocantins,2020-10-27,272,0,5,0,0.6428571428571429,0.0,,2.4345689040341987
Sítio Novo do Tocantins,2020-10-28,272,0,5,0,0.6428571428571429,0.0,,2.4345689040341987
Sítio Novo do Tocantins,2020-10-29,274,2,5,0,0.7857142857142857,0.0,,2.437750562820388
Sítio Novo do Tocantins,2020-10-30,274,0,5,0,0.7142857142857143,0.0,,2.437750562820388
Sítio Novo do Tocantins,2020-10-31,274,0,5,0,0.35714285714285715,0.0,,2.437750562820388
Sítio Novo do Tocantins,2020-11-01,274,0,5,0,0.35714285714285715,0.0,,2.437750562820388
Sítio Novo do Tocantins,2020-11-02,274,0,5,0,0.35714285714285715,0.0,,2.437750562820388
Sítio Novo do Tocantins,2020-11-03,274,0,5,0,0.2857142857142857,0.0,,2.437750562820388
Sítio Novo do Tocantins,2020-11-04,274,0,5,0,0.14285714285714285,0.0,,2.437750562820388
Sítio Novo do Tocantins,2020-11-05,274,0,5,0,0.14285714285714285,0.0,,2.437750562820388
Sítio Novo do Tocantins,2020-11-06,276,2,5,0,0.2857142857142857,0.0,,2.4409090820652177
Sítio Novo do Tocantins,2020-11-07,276,0,5,0,0.2857142857142857,0.0,,2.4409090820652177
Sítio Novo do Tocantins,2020-11-08,276,0,5,0,0.2857142857142857,0.0,,2.4409090820652177
Sítio Novo do Tocantins,2020-11-09,276,0,5,0,0.2857142857142857,0.0,,2.4409090820652177
Sítio Novo do Tocantins,2020-11-10,277,1,5,0,0.35714285714285715,0.0,,2.4424797690644486
Sítio Novo do Tocantins,2020-11-11,277,0,5,0,0.35714285714285715,0.0,,2.4424797690644486
Sítio Novo do Tocantins,2020-11-12,277,0,5,0,0.21428571428571427,0.0,,2.4424797690644486
Sítio Novo do Tocantins,2020-11-13,277,0,5,0,0.21428571428571427,0.0,,2.4424797690644486
Sítio Novo do Tocantins,2020-11-14,277,0,5,0,0.21428571428571427,0.0,,2.4424797690644486
Sítio Novo do Tocantins,2020-11-15,277,0,5,0,0.21428571428571427,0.0,,2.4424797690644486
Sítio Novo do Tocantins,2020-11-16,277,0,5,0,0.21428571428571427,0.0,,2.4424797690644486
Sítio Novo do Tocantins,2020-11-17,277,0,5,0,0.21428571428571427,0.0,,2.4424797690644486
Sítio Novo do Tocantins,2020-11-18,277,0,5,0,0.21428571428571427,0.0,,2.4424797690644486
Sítio Novo do Tocantins,2020-11-19,277,0,5,0,0.21428571428571427,0.0,,2.4424797690644486
Sítio Novo do Tocantins,2020-11-20,277,0,5,0,0.07142857142857142,0.0,,2.4424797690644486
Sítio Novo do Tocantins,2020-11-21,277,0,5,0,0.07142857142857142,0.0,,2.4424797690644486
Sítio Novo do Tocantins,2020-11-22,277,0,5,0,0.07142857142857142,0.0,,2.4424797690644486
Sítio Novo do Tocantins,2020-11-23,277,0,5,0,0.07142857142857142,0.0,,2.4424797690644486
Sítio Novo do Tocantins,2020-11-24,277,0,5,0,0.0,0.0,,2.4424797690644486
Sítio Novo do Tocantins,2020-11-25,277,0,5,0,0.0,0.0,,2.4424797690644486
Sítio Novo do Tocantins,2020-11-26,277,0,5,0,0.0,0.0,,2.4424797690644486
Sítio Novo do Tocantins,2020-11-27,277,0,5,0,0.0,0.0,,2.4424797690644486
Sítio Novo do Tocantins,2020-11-28,278,1,5,0,0.07142857142857142,0.0,,2.444044795918076
Sítio Novo do Tocantins,2020-11-29,278,0,5,0,0.07142857142857142,0.0,,2.444044795918076
Sítio Novo do Tocantins,2020-11-30,278,0,5,0,0.07142857142857142,0.0,,2.444044795918076
Sítio Novo do Tocantins,2020-12-01,278,0,5,0,0.07142857142857142,0.0,,2.444044795918076
Sítio Novo do Tocantins,2020-12-02,278,0,5,0,0.07142857142857142,0.0,,2.444044795918076
Sítio Novo do Tocantins,2020-12-03,278,0,5,0,0.07142857142857142,0.0,,2.444044795918076
Sítio Novo do Tocantins,2020-12-04,278,0,5,0,0.07142857142857142,0.0,,2.444044795918076
Sítio Novo do Tocantins,2020-12-05,278,0,5,0,0.07142857142857142,0.0,,2.444044795918076
Sítio Novo do Tocantins,2020-12-06,278,0,5,0,0.07142857142857142,0.0,,2.444044795918076
Sítio Novo do Tocantins,2020-12-07,278,0,5,0,0.07142857142857142,0.0,,2.444044795918076
Sítio Novo do Tocantins,2020-12-08,278,0,5,0,0.07142857142857142,0.0,,2.444044795918076
Sítio Novo do Tocantins,2020-12-09,278,0,5,0,0.07142857142857142,0.0,,2.444044795918076
Sítio Novo do Tocantins,2020-12-10,280,2,5,0,0.21428571428571427,0.0,,2.4471580313422194
Sítio Novo do Tocantins,2020-12-11,280,0,5,0,0.21428571428571427,0.0,,2.4471580313422194
Sítio Novo do Tocantins,2020-12-12,280,0,5,0,0.14285714285714285,0.0,,2.4471580313422194
Sítio Novo do Tocantins,2020-12-13,280,0,5,0,0.14285714285714285,0.0,,2.4471580313422194
Sítio Novo do Tocantins,2020-12-14,280,0,5,0,0.14285714285714285,0.0,,2.4471580313422194
Sítio Novo do Tocantins,2020-12-15,280,0,5,0,0.14285714285714285,0.0,,2.4471580313422194
Sítio Novo do Tocantins,2020-12-16,280,0,5,0,0.14285714285714285,0.0,,2.4471580313422194
Sítio Novo do Tocantins,2020-12-17,283,3,5,0,0.35714285714285715,0.0,,2.45178643552429
Sítio Novo do Tocantins,2020-12-18,284,1,5,0,0.42857142857142855,0.0,,2.4533183400470375
Sítio Novo do Tocantins,2020-12-19,284,0,5,0,0.42857142857142855,0.0,,2.4533183400470375
Sítio Novo do Tocantins,2020-12-20,284,0,5,0,0.42857142857142855,0.0,,2.4533183400470375
Sítio Novo do Tocantins,2020-12-21,284,0,5,0,0.42857142857142855,0.0,,2.4533183400470375
Sítio Novo do Tocantins,2020-12-22,285,1,5,0,0.5,0.0,,2.45484486000851
Sítio Novo do Tocantins,2020-12-23,294,9,5,0,1.1428571428571428,0.0,,2.4683473304121573
Sítio Novo do Tocantins,2020-12-24,303,9,5,0,1.6428571428571428,0.0,,2.481442628502305
Sítio Novo do Tocantins,2020-12-25,303,0,5,0,1.6428571428571428,0.0,,2.481442628502305
Sítio Novo do Tocantins,2020-12-26,303,0,5,0,1.6428571428571428,0.0,,2.481442628502305
Sítio Novo do Tocantins,2020-12-27,303,0,5,0,1.6428571428571428,0.0,,2.481442628502305
Sítio Novo do Tocantins,2020-12-28,303,0,5,0,1.6428571428571428,0.0,,2.481442628502305
Sítio Novo do Tocantins,2020-12-29,305,2,5,0,1.7857142857142858,0.0,,2.484299839346786
Sítio Novo do Tocantins,2020-12-30,309,4,5,0,2.0714285714285716,0.0,,2.4899584794248346
Sítio Novo do Tocantins,2020-12-31,312,3,5,0,2.0714285714285716,0.0,,2.494154594018443
Sítio Novo do Tocantins,2021-01-01,312,0,5,0,2.0,0.0,,2.494154594018443
Sítio Novo do Tocantins,2021-01-02,312,0,5,0,2.0,0.0,,2.494154594018443
Sítio Novo do Tocantins,2021-01-03,312,0,5,0,2.0,0.0,,2.494154594018443
Sítio Novo do Tocantins,2021-01-04,312,0,5,0,2.0,0.0,,2.494154594018443
Sítio Novo do Tocantins,2021-01-05,314,2,5,0,2.0714285714285716,0.0,,2.496929648073215
Sítio Novo do Tocantins,2021-01-06,317,3,5,0,1.6428571428571428,0.0,,2.5010592622177517
Sítio Novo do Tocantins,2021-01-07,317,0,5,0,1.0,0.0,,2.5010592622177517
Sítio Novo do Tocantins,2021-01-08,317,0,5,0,1.0,0.0,,2.5010592622177517
Sítio Novo do Tocantins,2021-01-09,317,0,5,0,1.0,0.0,,2.5010592622177517
Sítio Novo do Tocantins,2021-01-10,317,0,5,0,1.0,0.0,,2.5010592622177517
Sítio Novo do Tocantins,2021-01-11,317,0,5,0,1.0,0.0,,2.5010592622177517
Sítio Novo do Tocantins,2021-01-12,317,0,5,0,0.8571428571428571,0.0,,2.5010592622177517
Sítio Novo do Tocantins,2021-01-13,317,0,5,0,0.5714285714285714,0.0,,2.5010592622177517
Sítio Novo do Tocantins,2021-01-14,317,0,5,0,0.35714285714285715,0.0,,2.5010592622177517
Sítio Novo do Tocantins,2021-01-15,317,0,5,0,0.35714285714285715,0.0,,2.5010592622177517
Sítio Novo do Tocantins,2021-01-16,328,11,5,0,1.1428571428571428,0.0,,2.515873843711679
Sítio Novo do Tocantins,2021-01-17,328,0,5,0,1.1428571428571428,0.0,,2.515873843711679
Sítio Novo do Tocantins,2021-01-18,328,0,5,0,1.1428571428571428,0.0,,2.515873843711679
Sítio Novo do Tocantins,2021-01-19,330,2,5,0,1.1428571428571428,0.0,,2.5185139398778875
Sítio Novo do Tocantins,2021-01-20,330,0,5,0,0.9285714285714286,0.0,,2.5185139398778875
Sucupira,2020-03-27,0,0,0,0,,,,0.0
Sucupira,2020-03-28,0,0,0,0,,,,0.0
Sucupira,2020-03-29,0,0,0,0,,,,0.0
Sucupira,2020-03-30,0,0,0,0,,,,0.0
Sucupira,2020-03-31,0,0,0,0,,,,0.0
Sucupira,2020-04-01,0,0,0,0,,,,0.0
Sucupira,2020-04-02,0,0,0,0,,,,0.0
Sucupira,2020-04-03,0,0,0,0,,,,0.0
Sucupira,2020-04-04,0,0,0,0,,,,0.0
Sucupira,2020-04-05,0,0,0,0,,,,0.0
Sucupira,2020-04-06,0,0,0,0,,,,0.0
Sucupira,2020-04-07,0,0,0,0,,,,0.0
Sucupira,2020-04-08,0,0,0,0,,,,0.0
Sucupira,2020-04-09,0,0,0,0,0.0,0.0,,0.0
Sucupira,2020-04-10,0,0,0,0,0.0,0.0,,0.0
Sucupira,2020-04-11,0,0,0,0,0.0,0.0,,0.0
Sucupira,2020-04-12,0,0,0,0,0.0,0.0,,0.0
Sucupira,2020-04-13,0,0,0,0,0.0,0.0,,0.0
Sucupira,2020-04-14,0,0,0,0,0.0,0.0,,0.0
Sucupira,2020-04-15,0,0,0,0,0.0,0.0,,0.0
Sucupira,2020-04-16,0,0,0,0,0.0,0.0,,0.0
Sucupira,2020-04-17,0,0,0,0,0.0,0.0,,0.0
Sucupira,2020-04-18,0,0,0,0,0.0,0.0,,0.0
Sucupira,2020-04-19,0,0,0,0,0.0,0.0,,0.0
Sucupira,2020-04-20,0,0,0,0,0.0,0.0,,0.0
Sucupira,2020-04-21,0,0,0,0,0.0,0.0,,0.0
Sucupira,2020-04-22,0,0,0,0,0.0,0.0,,0.0
Sucupira,2020-04-23,0,0,0,0,0.0,0.0,,0.0
Sucupira,2020-04-24,0,0,0,0,0.0,0.0,,0.0
Sucupira,2020-04-25,0,0,0,0,0.0,0.0,,0.0
Sucupira,2020-04-26,0,0,0,0,0.0,0.0,,0.0
Sucupira,2020-04-27,0,0,0,0,0.0,0.0,,0.0
Sucupira,2020-04-28,0,0,0,0,0.0,0.0,,0.0
Sucupira,2020-04-29,0,0,0,0,0.0,0.0,,0.0
Sucupira,2020-04-30,0,0,0,0,0.0,0.0,,0.0
Sucupira,2020-05-01,0,0,0,0,0.0,0.0,,0.0
Sucupira,2020-05-02,0,0,0,0,0.0,0.0,,0.0
Sucupira,2020-05-03,0,0,0,0,0.0,0.0,,0.0
Sucupira,2020-05-04,0,0,0,0,0.0,0.0,,0.0
Sucupira,2020-05-05,0,0,0,0,0.0,0.0,,0.0
Sucupira,2020-05-06,0,0,0,0,0.0,0.0,,0.0
Sucupira,2020-05-07,0,0,0,0,0.0,0.0,,0.0
Sucupira,2020-05-08,0,0,0,0,0.0,0.0,,0.0
Sucupira,2020-05-09,0,0,0,0,0.0,0.0,,0.0
Sucupira,2020-05-10,0,0,0,0,0.0,0.0,,0.0
Sucupira,2020-05-11,0,0,0,0,0.0,0.0,,0.0
Sucupira,2020-05-12,0,0,0,0,0.0,0.0,,0.0
Sucupira,2020-05-13,0,0,0,0,0.0,0.0,,0.0
Sucupira,2020-05-14,0,0,0,0,0.0,0.0,,0.0
Sucupira,2020-05-15,0,0,0,0,0.0,0.0,,0.0
Sucupira,2020-05-16,0,0,0,0,0.0,0.0,,0.0
Sucupira,2020-05-17,0,0,0,0,0.0,0.0,,0.0
Sucupira,2020-05-18,0,0,0,0,0.0,0.0,,0.0
Sucupira,2020-05-19,0,0,0,0,0.0,0.0,,0.0
Sucupira,2020-05-20,0,0,0,0,0.0,0.0,,0.0
Sucupira,2020-05-21,0,0,0,0,0.0,0.0,,0.0
Sucupira,2020-05-22,0,0,0,0,0.0,0.0,,0.0
Sucupira,2020-05-23,0,0,0,0,0.0,0.0,,0.0
Sucupira,2020-05-24,0,0,0,0,0.0,0.0,,0.0
Sucupira,2020-05-25,0,0,0,0,0.0,0.0,,0.0
Sucupira,2020-05-26,0,0,0,0,0.0,0.0,,0.0
Sucupira,2020-05-27,0,0,0,0,0.0,0.0,,0.0
Sucupira,2020-05-28,0,0,0,0,0.0,0.0,,0.0
Sucupira,2020-05-29,0,0,0,0,0.0,0.0,,0.0
Sucupira,2020-05-30,0,0,0,0,0.0,0.0,,0.0
Sucupira,2020-05-31,0,0,0,0,0.0,0.0,,0.0
Sucupira,2020-06-01,0,0,0,0,0.0,0.0,,0.0
Sucupira,2020-06-02,0,0,0,0,0.0,0.0,,0.0
Sucupira,2020-06-03,0,0,0,0,0.0,0.0,,0.0
Sucupira,2020-06-04,0,0,0,0,0.0,0.0,,0.0
Sucupira,2020-06-05,0,0,0,0,0.0,0.0,,0.0
Sucupira,2020-06-06,0,0,0,0,0.0,0.0,,0.0
Sucupira,2020-06-07,0,0,0,0,0.0,0.0,,0.0
Sucupira,2020-06-08,0,0,0,0,0.0,0.0,,0.0
Sucupira,2020-06-09,0,0,0,0,0.0,0.0,,0.0
Sucupira,2020-06-10,0,0,0,0,0.0,0.0,,0.0
Sucupira,2020-06-11,0,0,0,0,0.0,0.0,,0.0
Sucupira,2020-06-12,0,0,0,0,0.0,0.0,,0.0
Sucupira,2020-06-13,0,0,0,0,0.0,0.0,,0.0
Sucupira,2020-06-14,0,0,0,0,0.0,0.0,,0.0
Sucupira,2020-06-15,0,0,0,0,0.0,0.0,,0.0
Sucupira,2020-06-16,0,0,0,0,0.0,0.0,,0.0
Sucupira,2020-06-17,0,0,0,0,0.0,0.0,,0.0
Sucupira,2020-06-18,0,0,0,0,0.0,0.0,,0.0
Sucupira,2020-06-19,0,0,0,0,0.0,0.0,,0.0
Sucupira,2020-06-20,0,0,0,0,0.0,0.0,,0.0
Sucupira,2020-06-21,0,0,0,0,0.0,0.0,,0.0
Sucupira,2020-06-22,0,0,0,0,0.0,0.0,,0.0
Sucupira,2020-06-23,0,0,0,0,0.0,0.0,,0.0
Sucupira,2020-06-24,0,0,0,0,0.0,0.0,,0.0
Sucupira,2020-06-25,0,0,0,0,0.0,0.0,,0.0
Sucupira,2020-06-26,0,0,0,0,0.0,0.0,,0.0
Sucupira,2020-06-27,0,0,0,0,0.0,0.0,,0.0
Sucupira,2020-06-28,0,0,0,0,0.0,0.0,,0.0
Sucupira,2020-06-29,0,0,0,0,0.0,0.0,,0.0
Sucupira,2020-06-30,0,0,0,0,0.0,0.0,,0.0
Sucupira,2020-07-01,0,0,0,0,0.0,0.0,,0.0
Sucupira,2020-07-02,0,0,0,0,0.0,0.0,,0.0
Sucupira,2020-07-03,0,0,0,0,0.0,0.0,,0.0
Sucupira,2020-07-04,0,0,0,0,0.0,0.0,,0.0
Sucupira,2020-07-05,0,0,0,0,0.0,0.0,,0.0
Sucupira,2020-07-06,0,0,0,0,0.0,0.0,,0.0
Sucupira,2020-07-07,1,1,0,0,0.07142857142857142,0.0,,0.0
Sucupira,2020-07-08,0,-1,0,0,0.0,0.0,,0.0
Sucupira,2020-07-09,0,0,0,0,0.0,0.0,,0.0
Sucupira,2020-07-10,0,0,0,0,0.0,0.0,,0.0
Sucupira,2020-07-11,0,0,0,0,0.0,0.0,,0.0
Sucupira,2020-07-12,0,0,0,0,0.0,0.0,,0.0
Sucupira,2020-07-13,0,0,0,0,0.0,0.0,,0.0
Sucupira,2020-07-14,0,0,0,0,0.0,0.0,,0.0
Sucupira,2020-07-15,0,0,0,0,0.0,0.0,,0.0
Sucupira,2020-07-16,0,0,0,0,0.0,0.0,,0.0
Sucupira,2020-07-17,0,0,0,0,0.0,0.0,,0.0
Sucupira,2020-07-18,0,0,0,0,0.0,0.0,,0.0
Sucupira,2020-07-19,0,0,0,0,0.0,0.0,,0.0
Sucupira,2020-07-20,0,0,0,0,0.0,0.0,,0.0
Sucupira,2020-07-21,1,1,0,0,0.0,0.0,,0.0
Sucupira,2020-07-22,1,0,0,0,0.07142857142857142,0.0,,0.0
Sucupira,2020-07-23,1,0,0,0,0.07142857142857142,0.0,,0.0
Sucupira,2020-07-24,1,0,0,0,0.07142857142857142,0.0,,0.0
Sucupira,2020-07-25,2,1,0,0,0.14285714285714285,0.0,,0.3010299956639812
Sucupira,2020-07-26,3,1,0,0,0.21428571428571427,0.0,,0.47712125471966244
Sucupira,2020-07-27,3,0,0,0,0.21428571428571427,0.0,,0.47712125471966244
Sucupira,2020-07-28,2,-1,0,0,0.14285714285714285,0.0,,0.3010299956639812
Sucupira,2020-07-29,3,1,0,0,0.21428571428571427,0.0,,0.47712125471966244
Sucupira,2020-07-30,7,4,0,0,0.5,0.0,,0.8450980400142568
Sucupira,2020-07-31,7,0,0,0,0.5,0.0,,0.8450980400142568
Sucupira,2020-08-01,9,2,0,0,0.6428571428571429,0.0,,0.9542425094393249
Sucupira,2020-08-02,9,0,0,0,0.6428571428571429,0.0,,0.9542425094393249
Sucupira,2020-08-03,18,9,0,0,1.2857142857142858,0.0,,1.255272505103306
Sucupira,2020-08-04,22,4,0,0,1.5,0.0,,1.3424226808222062
Sucupira,2020-08-05,22,0,0,0,1.5,0.0,,1.3424226808222062
Sucupira,2020-08-06,23,1,0,0,1.5714285714285714,0.0,,1.3617278360175928
Sucupira,2020-08-07,23,0,0,0,1.5714285714285714,0.0,,1.3617278360175928
Sucupira,2020-08-08,24,1,0,0,1.5714285714285714,0.0,,1.380211241711606
Sucupira,2020-08-09,24,0,0,0,1.5,0.0,,1.380211241711606
Sucupira,2020-08-10,31,7,0,0,2.0,0.0,,1.4913616938342726
Sucupira,2020-08-11,32,1,0,0,2.142857142857143,0.0,,1.505149978319906
Sucupira,2020-08-12,33,1,0,0,2.142857142857143,0.0,,1.5185139398778875
Sucupira,2020-08-13,33,0,0,0,1.8571428571428572,0.0,,1.5185139398778875
Sucupira,2020-08-14,33,0,0,0,1.8571428571428572,0.0,,1.5185139398778875
Sucupira,2020-08-15,34,1,0,0,1.7857142857142858,0.0,,1.5314789170422551
Sucupira,2020-08-16,36,2,0,0,1.9285714285714286,0.0,,1.5563025007672873
Sucupira,2020-08-17,37,1,0,0,1.3571428571428572,0.0,,1.568201724066995
Sucupira,2020-08-18,37,0,0,0,1.0714285714285714,0.0,,1.568201724066995
Sucupira,2020-08-19,36,-1,0,0,1.0,0.0,,1.5563025007672873
Sucupira,2020-08-20,36,0,0,0,0.9285714285714286,0.0,,1.5563025007672873
Sucupira,2020-08-21,39,3,0,0,1.1428571428571428,0.0,,1.591064607026499
Sucupira,2020-08-22,39,0,0,0,1.0714285714285714,0.0,,1.591064607026499
Sucupira,2020-08-23,39,0,0,0,1.0714285714285714,0.0,,1.591064607026499
Sucupira,2020-08-24,39,0,0,0,0.5714285714285714,0.0,,1.591064607026499
Sucupira,2020-08-25,39,0,0,0,0.5,0.0,,1.591064607026499
Sucupira,2020-08-26,40,1,0,0,0.5,0.0,,1.6020599913279625
Sucupira,2020-08-27,41,1,0,0,0.5714285714285714,0.0,,1.6127838567197355
Sucupira,2020-08-28,43,2,0,0,0.7142857142857143,0.0,,1.6334684555795866
Sucupira,2020-08-29,43,0,0,0,0.6428571428571429,0.0,,1.6334684555795866
Sucupira,2020-08-30,43,0,0,0,0.5,0.0,,1.6334684555795866
Sucupira,2020-08-31,43,0,0,0,0.42857142857142855,0.0,,1.6334684555795866
Sucupira,2020-09-01,46,3,0,0,0.6428571428571429,0.0,,1.662757831681574
Sucupira,2020-09-02,47,1,0,0,0.7857142857142857,0.0,,1.6720978579357175
Sucupira,2020-09-03,50,3,0,0,1.0,0.0,,1.6989700043360187
Sucupira,2020-09-04,50,0,0,0,0.7857142857142857,0.0,,1.6989700043360187
Sucupira,2020-09-05,50,0,0,0,0.7857142857142857,0.0,,1.6989700043360187
Sucupira,2020-09-06,50,0,0,0,0.7857142857142857,0.0,,1.6989700043360187
Sucupira,2020-09-07,50,0,0,0,0.7857142857142857,0.0,,1.6989700043360187
Sucupira,2020-09-08,50,0,0,0,0.7857142857142857,0.0,,1.6989700043360187
Sucupira,2020-09-09,49,-1,0,0,0.6428571428571429,0.0,,1.6901960800285136
Sucupira,2020-09-10,56,7,0,0,1.0714285714285714,0.0,,1.7481880270062005
Sucupira,2020-09-11,56,0,0,0,0.9285714285714286,0.0,,1.7481880270062005
Sucupira,2020-09-12,56,0,0,0,0.9285714285714286,0.0,,1.7481880270062005
Sucupira,2020-09-13,56,0,0,0,0.9285714285714286,0.0,,1.7481880270062005
Sucupira,2020-09-14,56,0,0,0,0.9285714285714286,0.0,,1.7481880270062005
Sucupira,2020-09-15,56,0,0,0,0.7142857142857143,0.0,,1.7481880270062005
Sucupira,2020-09-16,56,0,0,0,0.6428571428571429,0.0,,1.7481880270062005
Sucupira,2020-09-17,56,0,0,0,0.42857142857142855,0.0,,1.7481880270062005
Sucupira,2020-09-18,56,0,0,0,0.42857142857142855,0.0,,1.7481880270062005
Sucupira,2020-09-19,56,0,0,0,0.42857142857142855,0.0,,1.7481880270062005
Sucupira,2020-09-20,56,0,0,0,0.42857142857142855,0.0,,1.7481880270062005
Sucupira,2020-09-21,56,0,0,0,0.42857142857142855,0.0,,1.7481880270062005
Sucupira,2020-09-22,57,1,0,0,0.5,0.0,,1.7558748556724915
Sucupira,2020-09-23,58,1,0,0,0.6428571428571429,0.0,,1.7634279935629373
Sucupira,2020-09-24,58,0,0,0,0.14285714285714285,0.0,,1.7634279935629373
Sucupira,2020-09-25,58,0,0,0,0.14285714285714285,0.0,,1.7634279935629373
Sucupira,2020-09-26,58,0,0,0,0.14285714285714285,0.0,,1.7634279935629373
Sucupira,2020-09-27,58,0,0,0,0.14285714285714285,0.0,,1.7634279935629373
Sucupira,2020-09-28,58,0,0,0,0.14285714285714285,0.0,,1.7634279935629373
Sucupira,2020-09-29,58,0,0,0,0.14285714285714285,0.0,,1.7634279935629373
Sucupira,2020-09-30,58,0,0,0,0.14285714285714285,0.0,,1.7634279935629373
Sucupira,2020-10-01,58,0,0,0,0.14285714285714285,0.0,,1.7634279935629373
Sucupira,2020-10-02,58,0,0,0,0.14285714285714285,0.0,,1.7634279935629373
Sucupira,2020-10-03,58,0,0,0,0.14285714285714285,0.0,,1.7634279935629373
Sucupira,2020-10-04,58,0,0,0,0.14285714285714285,0.0,,1.7634279935629373
Sucupira,2020-10-05,58,0,0,0,0.14285714285714285,0.0,,1.7634279935629373
Sucupira,2020-10-06,58,0,0,0,0.07142857142857142,0.0,,1.7634279935629373
Sucupira,2020-10-07,58,0,0,0,0.0,0.0,,1.7634279935629373
Sucupira,2020-10-08,58,0,0,0,0.0,0.0,,1.7634279935629373
Sucupira,2020-10-09,58,0,0,0,0.0,0.0,,1.7634279935629373
Sucupira,2020-10-10,60,2,0,0,0.14285714285714285,0.0,,1.7781512503836436
Sucupira,2020-10-11,60,0,0,0,0.14285714285714285,0.0,,1.7781512503836436
Sucupira,2020-10-12,60,0,0,0,0.14285714285714285,0.0,,1.7781512503836436
Sucupira,2020-10-13,60,0,0,0,0.14285714285714285,0.0,,1.7781512503836436
Sucupira,2020-10-14,59,-1,0,0,0.07142857142857142,0.0,,1.7708520116421442
Sucupira,2020-10-15,60,1,0,0,0.14285714285714285,0.0,,1.7781512503836436
Sucupira,2020-10-16,61,1,0,0,0.21428571428571427,0.0,,1.7853298350107671
Sucupira,2020-10-17,61,0,0,0,0.21428571428571427,0.0,,1.7853298350107671
Sucupira,2020-10-18,61,0,0,0,0.21428571428571427,0.0,,1.7853298350107671
Sucupira,2020-10-19,61,0,0,0,0.21428571428571427,0.0,,1.7853298350107671
Sucupira,2020-10-20,61,0,0,0,0.21428571428571427,0.0,,1.7853298350107671
Sucupira,2020-10-21,62,1,0,0,0.2857142857142857,0.0,,1.792391689498254
Sucupira,2020-10-22,62,0,0,0,0.2857142857142857,0.0,,1.792391689498254
Sucupira,2020-10-23,62,0,0,0,0.2857142857142857,0.0,,1.792391689498254
Sucupira,2020-10-24,62,0,0,0,0.14285714285714285,0.0,,1.792391689498254
Sucupira,2020-10-25,62,0,0,0,0.14285714285714285,0.0,,1.792391689498254
Sucupira,2020-10-26,62,0,0,0,0.14285714285714285,0.0,,1.792391689498254
Sucupira,2020-10-27,64,2,0,0,0.2857142857142857,0.0,,1.806179973983887
Sucupira,2020-10-28,64,0,0,0,0.35714285714285715,0.0,,1.806179973983887
Sucupira,2020-10-29,64,0,0,0,0.2857142857142857,0.0,,1.806179973983887
Sucupira,2020-10-30,65,1,0,0,0.2857142857142857,0.0,,1.8129133566428555
Sucupira,2020-10-31,65,0,0,0,0.2857142857142857,0.0,,1.8129133566428555
Sucupira,2020-11-01,65,0,0,0,0.2857142857142857,0.0,,1.8129133566428555
Sucupira,2020-11-02,65,0,0,0,0.2857142857142857,0.0,,1.8129133566428555
Sucupira,2020-11-03,66,1,0,0,0.35714285714285715,0.0,,1.8195439355418688
Sucupira,2020-11-04,66,0,0,0,0.2857142857142857,0.0,,1.8195439355418688
Sucupira,2020-11-05,65,-1,0,0,0.21428571428571427,0.0,,1.8129133566428555
Sucupira,2020-11-06,65,0,0,0,0.21428571428571427,0.0,,1.8129133566428555
Sucupira,2020-11-07,65,0,0,0,0.21428571428571427,0.0,,1.8129133566428555
Sucupira,2020-11-08,65,0,0,0,0.21428571428571427,0.0,,1.8129133566428555
Sucupira,2020-11-09,65,0,0,0,0.21428571428571427,0.0,,1.8129133566428555
Sucupira,2020-11-10,65,0,0,0,0.07142857142857142,0.0,,1.8129133566428555
Sucupira,2020-11-11,65,0,0,0,0.07142857142857142,0.0,,1.8129133566428555
Sucupira,2020-11-12,66,1,0,0,0.14285714285714285,0.0,,1.8195439355418688
Sucupira,2020-11-13,69,3,0,0,0.2857142857142857,0.0,,1.8388490907372552
Sucupira,2020-11-14,68,-1,0,0,0.21428571428571427,0.0,,1.8325089127062364
Sucupira,2020-11-15,68,0,0,0,0.21428571428571427,0.0,,1.8325089127062364
Sucupira,2020-11-16,68,0,0,0,0.21428571428571427,0.0,,1.8325089127062364
Sucupira,2020-11-17,68,0,0,0,0.14285714285714285,0.0,,1.8325089127062364
Sucupira,2020-11-18,68,0,0,0,0.14285714285714285,0.0,,1.8325089127062364
Sucupira,2020-11-19,68,0,0,0,0.21428571428571427,0.0,,1.8325089127062364
Sucupira,2020-11-20,69,1,0,0,0.2857142857142857,0.0,,1.8388490907372552
Sucupira,2020-11-21,69,0,0,0,0.2857142857142857,0.0,,1.8388490907372552
Sucupira,2020-11-22,69,0,0,0,0.2857142857142857,0.0,,1.8388490907372552
Sucupira,2020-11-23,69,0,0,0,0.2857142857142857,0.0,,1.8388490907372552
Sucupira,2020-11-24,68,-1,0,0,0.21428571428571427,0.0,,1.8325089127062364
Sucupira,2020-11-25,68,0,0,0,0.21428571428571427,0.0,,1.8325089127062364
Sucupira,2020-11-26,68,0,0,0,0.14285714285714285,0.0,,1.8325089127062364
Sucupira,2020-11-27,68,0,0,0,-0.07142857142857142,0.0,,1.8325089127062364
Sucupira,2020-11-28,68,0,0,0,0.0,0.0,,1.8325089127062364
Sucupira,2020-11-29,68,0,0,0,0.0,0.0,,1.8325089127062364
Sucupira,2020-11-30,69,1,0,0,0.07142857142857142,0.0,,1.8388490907372552
Sucupira,2020-12-01,69,0,0,0,0.07142857142857142,0.0,,1.8388490907372552
Sucupira,2020-12-02,68,-1,0,0,0.0,0.0,,1.8325089127062364
Sucupira,2020-12-03,68,0,0,0,0.0,0.0,,1.8325089127062364
Sucupira,2020-12-04,68,0,0,0,-0.07142857142857142,0.0,,1.8325089127062364
Sucupira,2020-12-05,68,0,0,0,-0.07142857142857142,0.0,,1.8325089127062364
Sucupira,2020-12-06,68,0,0,0,-0.07142857142857142,0.0,,1.8325089127062364
Sucupira,2020-12-07,68,0,0,0,-0.07142857142857142,0.0,,1.8325089127062364
Sucupira,2020-12-08,68,0,0,0,0.0,0.0,,1.8325089127062364
Sucupira,2020-12-09,68,0,0,0,0.0,0.0,,1.8325089127062364
Sucupira,2020-12-10,68,0,0,0,0.0,0.0,,1.8325089127062364
Sucupira,2020-12-11,68,0,0,0,0.0,0.0,,1.8325089127062364
Sucupira,2020-12-12,70,2,0,0,0.14285714285714285,0.0,,1.845098040014257
Sucupira,2020-12-13,70,0,0,0,0.14285714285714285,0.0,,1.845098040014257
Sucupira,2020-12-14,70,0,0,0,0.07142857142857142,0.0,,1.845098040014257
Sucupira,2020-12-15,71,1,0,0,0.14285714285714285,0.0,,1.8512583487190752
Sucupira,2020-12-16,71,0,0,0,0.21428571428571427,0.0,,1.8512583487190752
Sucupira,2020-12-17,71,0,0,0,0.21428571428571427,0.0,,1.8512583487190752
Sucupira,2020-12-18,71,0,0,0,0.21428571428571427,0.0,,1.8512583487190752
Sucupira,2020-12-19,71,0,0,0,0.21428571428571427,0.0,,1.8512583487190752
Sucupira,2020-12-20,71,0,0,0,0.21428571428571427,0.0,,1.8512583487190752
Sucupira,2020-12-21,71,0,0,0,0.21428571428571427,0.0,,1.8512583487190752
Sucupira,2020-12-22,72,1,0,0,0.2857142857142857,0.0,,1.8573324964312685
Sucupira,2020-12-23,72,0,0,0,0.2857142857142857,0.0,,1.8573324964312685
Sucupira,2020-12-24,75,3,0,0,0.5,0.0,,1.8750612633917
Sucupira,2020-12-25,75,0,0,0,0.5,0.0,,1.8750612633917
Sucupira,2020-12-26,75,0,0,0,0.35714285714285715,0.0,,1.8750612633917
Sucupira,2020-12-27,75,0,0,0,0.35714285714285715,0.0,,1.8750612633917
Sucupira,2020-12-28,75,0,0,0,0.35714285714285715,0.0,,1.8750612633917
Sucupira,2020-12-29,75,0,0,0,0.2857142857142857,0.0,,1.8750612633917
Sucupira,2020-12-30,75,0,0,0,0.2857142857142857,0.0,,1.8750612633917
Sucupira,2020-12-31,75,0,0,0,0.2857142857142857,0.0,,1.8750612633917
Sucupira,2021-01-01,75,0,0,0,0.2857142857142857,0.0,,1.8750612633917
Sucupira,2021-01-02,75,0,0,0,0.2857142857142857,0.0,,1.8750612633917
Sucupira,2021-01-03,75,0,0,0,0.2857142857142857,0.0,,1.8750612633917
Sucupira,2021-01-04,75,0,0,0,0.2857142857142857,0.0,,1.8750612633917
Sucupira,2021-01-05,75,0,0,0,0.21428571428571427,0.0,,1.8750612633917
Sucupira,2021-01-06,75,0,0,0,0.21428571428571427,0.0,,1.8750612633917
Sucupira,2021-01-07,75,0,0,0,0.0,0.0,,1.8750612633917
Sucupira,2021-01-08,75,0,0,0,0.0,0.0,,1.8750612633917
Sucupira,2021-01-09,74,-1,0,0,-0.07142857142857142,0.0,,1.8692317197309762
Sucupira,2021-01-10,74,0,0,0,-0.07142857142857142,0.0,,1.8692317197309762
Sucupira,2021-01-11,74,0,0,0,-0.07142857142857142,0.0,,1.8692317197309762
Sucupira,2021-01-12,74,0,0,0,-0.07142857142857142,0.0,,1.8692317197309762
Sucupira,2021-01-13,74,0,0,0,-0.07142857142857142,0.0,,1.8692317197309762
Sucupira,2021-01-14,76,2,0,0,0.07142857142857142,0.0,,1.8808135922807914
Sucupira,2021-01-15,76,0,0,0,0.07142857142857142,0.0,,1.8808135922807914
Sucupira,2021-01-16,76,0,0,0,0.07142857142857142,0.0,,1.8808135922807914
Sucupira,2021-01-17,76,0,0,0,0.07142857142857142,0.0,,1.8808135922807914
Sucupira,2021-01-18,76,0,0,0,0.07142857142857142,0.0,,1.8808135922807914
Sucupira,2021-01-19,76,0,0,0,0.07142857142857142,0.0,,1.8808135922807914
Sucupira,2021-01-20,76,0,0,0,0.07142857142857142,0.0,,1.8808135922807914
Taguatinga,2020-03-27,0,0,0,0,,,,0.0
Taguatinga,2020-03-28,0,0,0,0,,,,0.0
Taguatinga,2020-03-29,0,0,0,0,,,,0.0
Taguatinga,2020-03-30,0,0,0,0,,,,0.0
Taguatinga,2020-03-31,0,0,0,0,,,,0.0
Taguatinga,2020-04-01,0,0,0,0,,,,0.0
Taguatinga,2020-04-02,0,0,0,0,,,,0.0
Taguatinga,2020-04-03,0,0,0,0,,,,0.0
Taguatinga,2020-04-04,0,0,0,0,,,,0.0
Taguatinga,2020-04-05,0,0,0,0,,,,0.0
Taguatinga,2020-04-06,0,0,0,0,,,,0.0
Taguatinga,2020-04-07,0,0,0,0,,,,0.0
Taguatinga,2020-04-08,0,0,0,0,,,,0.0
Taguatinga,2020-04-09,0,0,0,0,0.0,0.0,,0.0
Taguatinga,2020-04-10,0,0,0,0,0.0,0.0,,0.0
Taguatinga,2020-04-11,0,0,0,0,0.0,0.0,,0.0
Taguatinga,2020-04-12,0,0,0,0,0.0,0.0,,0.0
Taguatinga,2020-04-13,0,0,0,0,0.0,0.0,,0.0
Taguatinga,2020-04-14,0,0,0,0,0.0,0.0,,0.0
Taguatinga,2020-04-15,0,0,0,0,0.0,0.0,,0.0
Taguatinga,2020-04-16,0,0,0,0,0.0,0.0,,0.0
Taguatinga,2020-04-17,0,0,0,0,0.0,0.0,,0.0
Taguatinga,2020-04-18,0,0,0,0,0.0,0.0,,0.0
Taguatinga,2020-04-19,0,0,0,0,0.0,0.0,,0.0
Taguatinga,2020-04-20,0,0,0,0,0.0,0.0,,0.0
Taguatinga,2020-04-21,0,0,0,0,0.0,0.0,,0.0
Taguatinga,2020-04-22,0,0,0,0,0.0,0.0,,0.0
Taguatinga,2020-04-23,0,0,0,0,0.0,0.0,,0.0
Taguatinga,2020-04-24,0,0,0,0,0.0,0.0,,0.0
Taguatinga,2020-04-25,0,0,0,0,0.0,0.0,,0.0
Taguatinga,2020-04-26,0,0,0,0,0.0,0.0,,0.0
Taguatinga,2020-04-27,0,0,0,0,0.0,0.0,,0.0
Taguatinga,2020-04-28,0,0,0,0,0.0,0.0,,0.0
Taguatinga,2020-04-29,0,0,0,0,0.0,0.0,,0.0
Taguatinga,2020-04-30,0,0,0,0,0.0,0.0,,0.0
Taguatinga,2020-05-01,0,0,0,0,0.0,0.0,,0.0
Taguatinga,2020-05-02,0,0,0,0,0.0,0.0,,0.0
Taguatinga,2020-05-03,0,0,0,0,0.0,0.0,,0.0
Taguatinga,2020-05-04,0,0,0,0,0.0,0.0,,0.0
Taguatinga,2020-05-05,0,0,0,0,0.0,0.0,,0.0
Taguatinga,2020-05-06,0,0,0,0,0.0,0.0,,0.0
Taguatinga,2020-05-07,0,0,0,0,0.0,0.0,,0.0
Taguatinga,2020-05-08,0,0,0,0,0.0,0.0,,0.0
Taguatinga,2020-05-09,0,0,0,0,0.0,0.0,,0.0
Taguatinga,2020-05-10,0,0,0,0,0.0,0.0,,0.0
Taguatinga,2020-05-11,0,0,0,0,0.0,0.0,,0.0
Taguatinga,2020-05-12,0,0,0,0,0.0,0.0,,0.0
Taguatinga,2020-05-13,0,0,0,0,0.0,0.0,,0.0
Taguatinga,2020-05-14,0,0,0,0,0.0,0.0,,0.0
Taguatinga,2020-05-15,0,0,0,0,0.0,0.0,,0.0
Taguatinga,2020-05-16,0,0,0,0,0.0,0.0,,0.0
Taguatinga,2020-05-17,0,0,0,0,0.0,0.0,,0.0
Taguatinga,2020-05-18,0,0,0,0,0.0,0.0,,0.0
Taguatinga,2020-05-19,0,0,0,0,0.0,0.0,,0.0
Taguatinga,2020-05-20,0,0,0,0,0.0,0.0,,0.0
Taguatinga,2020-05-21,0,0,0,0,0.0,0.0,,0.0
Taguatinga,2020-05-22,0,0,0,0,0.0,0.0,,0.0
Taguatinga,2020-05-23,0,0,0,0,0.0,0.0,,0.0
Taguatinga,2020-05-24,0,0,0,0,0.0,0.0,,0.0
Taguatinga,2020-05-25,0,0,0,0,0.0,0.0,,0.0
Taguatinga,2020-05-26,0,0,0,0,0.0,0.0,,0.0
Taguatinga,2020-05-27,0,0,0,0,0.0,0.0,,0.0
Taguatinga,2020-05-28,0,0,0,0,0.0,0.0,,0.0
Taguatinga,2020-05-29,0,0,0,0,0.0,0.0,,0.0
Taguatinga,2020-05-30,0,0,0,0,0.0,0.0,,0.0
Taguatinga,2020-05-31,0,0,0,0,0.0,0.0,,0.0
Taguatinga,2020-06-01,0,0,0,0,0.0,0.0,,0.0
Taguatinga,2020-06-02,0,0,0,0,0.0,0.0,,0.0
Taguatinga,2020-06-03,0,0,0,0,0.0,0.0,,0.0
Taguatinga,2020-06-04,0,0,0,0,0.0,0.0,,0.0
Taguatinga,2020-06-05,0,0,0,0,0.0,0.0,,0.0
Taguatinga,2020-06-06,0,0,0,0,0.0,0.0,,0.0
Taguatinga,2020-06-07,0,0,0,0,0.0,0.0,,0.0
Taguatinga,2020-06-08,0,0,0,0,0.0,0.0,,0.0
Taguatinga,2020-06-09,0,0,0,0,0.0,0.0,,0.0
Taguatinga,2020-06-10,0,0,0,0,0.0,0.0,,0.0
Taguatinga,2020-06-11,0,0,0,0,0.0,0.0,,0.0
Taguatinga,2020-06-12,1,1,0,0,0.07142857142857142,0.0,,0.0
Taguatinga,2020-06-13,0,-1,0,0,0.0,0.0,,0.0
Taguatinga,2020-06-14,0,0,0,0,0.0,0.0,,0.0
Taguatinga,2020-06-15,0,0,0,0,0.0,0.0,,0.0
Taguatinga,2020-06-16,0,0,0,0,0.0,0.0,,0.0
Taguatinga,2020-06-17,0,0,0,0,0.0,0.0,,0.0
Taguatinga,2020-06-18,0,0,0,0,0.0,0.0,,0.0
Taguatinga,2020-06-19,0,0,0,0,0.0,0.0,,0.0
Taguatinga,2020-06-20,0,0,0,0,0.0,0.0,,0.0
Taguatinga,2020-06-21,0,0,0,0,0.0,0.0,,0.0
Taguatinga,2020-06-22,0,0,0,0,0.0,0.0,,0.0
Taguatinga,2020-06-23,0,0,0,0,0.0,0.0,,0.0
Taguatinga,2020-06-24,0,0,0,0,0.0,0.0,,0.0
Taguatinga,2020-06-25,0,0,0,0,0.0,0.0,,0.0
Taguatinga,2020-06-26,0,0,0,0,-0.07142857142857142,0.0,,0.0
Taguatinga,2020-06-27,0,0,0,0,0.0,0.0,,0.0
Taguatinga,2020-06-28,1,1,0,0,0.07142857142857142,0.0,,0.0
Taguatinga,2020-06-29,1,0,0,0,0.07142857142857142,0.0,,0.0
Taguatinga,2020-06-30,1,0,0,0,0.07142857142857142,0.0,,0.0
Taguatinga,2020-07-01,1,0,0,0,0.07142857142857142,0.0,,0.0
Taguatinga,2020-07-02,1,0,0,0,0.07142857142857142,0.0,,0.0
Taguatinga,2020-07-03,1,0,0,0,0.07142857142857142,0.0,,0.0
Taguatinga,2020-07-04,1,0,0,0,0.07142857142857142,0.0,,0.0
Taguatinga,2020-07-05,1,0,0,0,0.07142857142857142,0.0,,0.0
Taguatinga,2020-07-06,1,0,0,0,0.07142857142857142,0.0,,0.0
Taguatinga,2020-07-07,1,0,0,0,0.07142857142857142,0.0,,0.0
Taguatinga,2020-07-08,1,0,0,0,0.07142857142857142,0.0,,0.0
Taguatinga,2020-07-09,1,0,0,0,0.07142857142857142,0.0,,0.0
Taguatinga,2020-07-10,1,0,0,0,0.07142857142857142,0.0,,0.0
Taguatinga,2020-07-11,1,0,0,0,0.07142857142857142,0.0,,0.0
Taguatinga,2020-07-12,1,0,0,0,0.0,0.0,,0.0
Taguatinga,2020-07-13,1,0,0,0,0.0,0.0,,0.0
Taguatinga,2020-07-14,1,0,0,0,0.0,0.0,,0.0
Taguatinga,2020-07-15,1,0,0,0,0.0,0.0,,0.0
Taguatinga,2020-07-16,1,0,0,0,0.0,0.0,,0.0
Taguatinga,2020-07-17,1,0,0,0,0.0,0.0,,0.0
Taguatinga,2020-07-18,1,0,0,0,0.0,0.0,,0.0
Taguatinga,2020-07-19,2,1,0,0,0.07142857142857142,0.0,,0.3010299956639812
Taguatinga,2020-07-20,2,0,0,0,0.07142857142857142,0.0,,0.3010299956639812
Taguatinga,2020-07-21,3,1,0,0,0.14285714285714285,0.0,,0.47712125471966244
Taguatinga,2020-07-22,3,0,0,0,0.14285714285714285,0.0,,0.47712125471966244
Taguatinga,2020-07-23,3,0,0,0,0.14285714285714285,0.0,,0.47712125471966244
Taguatinga,2020-07-24,3,0,0,0,0.14285714285714285,0.0,,0.47712125471966244
Taguatinga,2020-07-25,3,0,0,0,0.14285714285714285,0.0,,0.47712125471966244
Taguatinga,2020-07-26,3,0,0,0,0.14285714285714285,0.0,,0.47712125471966244
Taguatinga,2020-07-27,3,0,0,0,0.14285714285714285,0.0,,0.47712125471966244
Taguatinga,2020-07-28,4,1,1,1,0.21428571428571427,0.07142857142857142,inf,0.6020599913279624
Taguatinga,2020-07-29,4,0,1,0,0.21428571428571427,0.07142857142857142,inf,0.6020599913279624
Taguatinga,2020-07-30,6,2,1,0,0.35714285714285715,0.07142857142857142,inf,0.7781512503836436
Taguatinga,2020-07-31,7,1,1,0,0.42857142857142855,0.07142857142857142,inf,0.8450980400142568
Taguatinga,2020-08-01,7,0,1,0,0.42857142857142855,0.07142857142857142,inf,0.8450980400142568
Taguatinga,2020-08-02,12,5,1,0,0.7142857142857143,0.07142857142857142,inf,1.0791812460476249
Taguatinga,2020-08-03,12,0,1,0,0.7142857142857143,0.07142857142857142,inf,1.0791812460476249
Taguatinga,2020-08-04,12,0,1,0,0.6428571428571429,0.07142857142857142,inf,1.0791812460476249
Taguatinga,2020-08-05,15,3,1,0,0.8571428571428571,0.07142857142857142,inf,1.1760912590556813
Taguatinga,2020-08-06,18,3,1,0,1.0714285714285714,0.07142857142857142,inf,1.255272505103306
Taguatinga,2020-08-07,19,1,2,1,1.1428571428571428,0.14285714285714285,inf,1.2787536009528289
Taguatinga,2020-08-08,20,1,2,0,1.2142857142857142,0.14285714285714285,inf,1.3010299956639813
Taguatinga,2020-08-09,25,5,2,0,1.5714285714285714,0.14285714285714285,inf,1.3979400086720377
Taguatinga,2020-08-10,25,0,2,0,1.5714285714285714,0.14285714285714285,inf,1.3979400086720377
Taguatinga,2020-08-11,30,5,2,0,1.8571428571428572,0.07142857142857142,0.0,1.4771212547196624
Taguatinga,2020-08-12,29,-1,2,0,1.7857142857142858,0.07142857142857142,0.0,1.462397997898956
Taguatinga,2020-08-13,30,1,2,0,1.7142857142857142,0.07142857142857142,0.0,1.4771212547196624
Taguatinga,2020-08-14,32,2,2,0,1.7857142857142858,0.07142857142857142,0.0,1.505149978319906
Taguatinga,2020-08-15,35,3,2,0,2.0,0.07142857142857142,0.0,1.5440680443502757
Taguatinga,2020-08-16,37,2,2,0,1.7857142857142858,0.07142857142857142,0.0,1.568201724066995
Taguatinga,2020-08-17,37,0,2,0,1.7857142857142858,0.07142857142857142,0.0,1.568201724066995
Taguatinga,2020-08-18,37,0,2,0,1.7857142857142858,0.07142857142857142,0.0,1.568201724066995
Taguatinga,2020-08-19,40,3,2,0,1.7857142857142858,0.07142857142857142,0.0,1.6020599913279625
Taguatinga,2020-08-20,42,2,2,0,1.7142857142857142,0.07142857142857142,0.0,1.6232492903979006
Taguatinga,2020-08-21,43,1,2,0,1.7142857142857142,0.0,-1.0,1.6334684555795866
Taguatinga,2020-08-22,44,1,2,0,1.7142857142857142,0.0,-1.0,1.6434526764861874
Taguatinga,2020-08-23,44,0,2,0,1.3571428571428572,0.0,-1.0,1.6434526764861874
Taguatinga,2020-08-24,44,0,2,0,1.3571428571428572,0.0,-1.0,1.6434526764861874
Taguatinga,2020-08-25,45,1,2,0,1.0714285714285714,0.0,-1.0,1.6532125137753437
Taguatinga,2020-08-26,47,2,2,0,1.2857142857142858,0.0,-1.0,1.6720978579357175
Taguatinga,2020-08-27,51,4,2,0,1.5,0.0,-1.0,1.7075701760979363
Taguatinga,2020-08-28,51,0,2,0,1.3571428571428572,0.0,-1.0,1.7075701760979363
Taguatinga,2020-08-29,52,1,3,1,1.2142857142857142,0.07142857142857142,0.0,1.7160033436347992
Taguatinga,2020-08-30,52,0,3,0,1.0714285714285714,0.07142857142857142,0.0,1.7160033436347992
Taguatinga,2020-08-31,52,0,3,0,1.0714285714285714,0.07142857142857142,0.0,1.7160033436347992
Taguatinga,2020-09-01,53,1,3,0,1.1428571428571428,0.07142857142857142,0.0,1.7242758696007892
Taguatinga,2020-09-02,53,0,3,0,0.9285714285714286,0.07142857142857142,0.0,1.7242758696007892
Taguatinga,2020-09-03,53,0,3,0,0.7857142857142857,0.07142857142857142,0.0,1.7242758696007892
Taguatinga,2020-09-04,53,0,3,0,0.7142857142857143,0.07142857142857142,inf,1.7242758696007892
Taguatinga,2020-09-05,53,0,3,0,0.6428571428571429,0.07142857142857142,inf,1.7242758696007892
Taguatinga,2020-09-06,53,0,3,0,0.6428571428571429,0.07142857142857142,inf,1.7242758696007892
Taguatinga,2020-09-07,53,0,3,0,0.6428571428571429,0.07142857142857142,inf,1.7242758696007892
Taguatinga,2020-09-08,53,0,3,0,0.5714285714285714,0.07142857142857142,inf,1.7242758696007892
Taguatinga,2020-09-09,52,-1,3,0,0.35714285714285715,0.07142857142857142,inf,1.7160033436347992
Taguatinga,2020-09-10,52,0,3,0,0.07142857142857142,0.07142857142857142,inf,1.7160033436347992
Taguatinga,2020-09-11,53,1,3,0,0.14285714285714285,0.07142857142857142,inf,1.7242758696007892
Taguatinga,2020-09-12,53,0,3,0,0.07142857142857142,0.0,-1.0,1.7242758696007892
Taguatinga,2020-09-13,55,2,3,0,0.21428571428571427,0.0,-1.0,1.7403626894942439
Taguatinga,2020-09-14,55,0,3,0,0.21428571428571427,0.0,-1.0,1.7403626894942439
Taguatinga,2020-09-15,60,5,3,0,0.5,0.0,-1.0,1.7781512503836436
Taguatinga,2020-09-16,66,6,3,0,0.9285714285714286,0.0,-1.0,1.8195439355418688
Taguatinga,2020-09-17,67,1,3,0,1.0,0.0,-1.0,1.8260748027008264
Taguatinga,2020-09-18,67,0,3,0,1.0,0.0,-1.0,1.8260748027008264
Taguatinga,2020-09-19,69,2,3,0,1.1428571428571428,0.0,-1.0,1.8388490907372552
Taguatinga,2020-09-20,69,0,3,0,1.1428571428571428,0.0,-1.0,1.8388490907372552
Taguatinga,2020-09-21,69,0,3,0,1.1428571428571428,0.0,-1.0,1.8388490907372552
Taguatinga,2020-09-22,71,2,3,0,1.2857142857142858,0.0,-1.0,1.8512583487190752
Taguatinga,2020-09-23,72,1,3,0,1.4285714285714286,0.0,-1.0,1.8573324964312685
Taguatinga,2020-09-24,78,6,3,0,1.8571428571428572,0.0,-1.0,1.8920946026904804
Taguatinga,2020-09-25,78,0,3,0,1.7857142857142858,0.0,-1.0,1.8920946026904804
Taguatinga,2020-09-26,88,10,3,0,2.5,0.0,,1.9444826721501687
Taguatinga,2020-09-27,88,0,3,0,2.357142857142857,0.0,,1.9444826721501687
Taguatinga,2020-09-28,88,0,3,0,2.357142857142857,0.0,,1.9444826721501687
Taguatinga,2020-09-29,89,1,3,0,2.0714285714285716,0.0,,1.9493900066449128
Taguatinga,2020-09-30,94,5,3,0,2.0,0.0,,1.9731278535996986
Taguatinga,2020-10-01,94,0,3,0,1.9285714285714286,0.0,,1.9731278535996986
Taguatinga,2020-10-02,100,6,3,0,2.357142857142857,0.0,,2.0
Taguatinga,2020-10-03,100,0,3,0,2.2142857142857144,0.0,,2.0
Taguatinga,2020-10-04,100,0,3,0,2.2142857142857144,0.0,,2.0
Taguatinga,2020-10-05,100,0,3,0,2.2142857142857144,0.0,,2.0
Taguatinga,2020-10-06,103,3,3,0,2.2857142857142856,0.0,,2.012837224705172
Taguatinga,2020-10-07,110,7,3,0,2.7142857142857144,0.0,,2.041392685158225
Taguatinga,2020-10-08,109,-1,3,0,2.2142857142857144,0.0,,2.037426497940624
Taguatinga,2020-10-09,110,1,3,0,2.2857142857142856,0.0,,2.041392685158225
Taguatinga,2020-10-10,110,0,3,0,1.5714285714285714,0.0,,2.041392685158225
Taguatinga,2020-10-11,110,0,3,0,1.5714285714285714,0.0,,2.041392685158225
Taguatinga,2020-10-12,110,0,3,0,1.5714285714285714,0.0,,2.041392685158225
Taguatinga,2020-10-13,110,0,3,0,1.5,0.0,,2.041392685158225
Taguatinga,2020-10-14,114,4,3,0,1.4285714285714286,0.0,,2.0569048513364727
Taguatinga,2020-10-15,114,0,3,0,1.4285714285714286,0.0,,2.0569048513364727
Taguatinga,2020-10-16,116,2,3,0,1.1428571428571428,0.0,,2.0644579892269186
Taguatinga,2020-10-17,116,0,3,0,1.1428571428571428,0.0,,2.0644579892269186
Taguatinga,2020-10-18,116,0,3,0,1.1428571428571428,0.0,,2.0644579892269186
Taguatinga,2020-10-19,116,0,3,0,1.1428571428571428,0.0,,2.0644579892269186
Taguatinga,2020-10-20,118,2,3,0,1.0714285714285714,0.0,,2.0718820073061255
Taguatinga,2020-10-21,118,0,3,0,0.5714285714285714,0.0,,2.0718820073061255
Taguatinga,2020-10-22,119,1,3,0,0.7142857142857143,0.0,,2.075546961392531
Taguatinga,2020-10-23,119,0,3,0,0.6428571428571429,0.0,,2.075546961392531
Taguatinga,2020-10-24,120,1,3,0,0.7142857142857143,0.0,,2.0791812460476247
Taguatinga,2020-10-25,120,0,3,0,0.7142857142857143,0.0,,2.0791812460476247
Taguatinga,2020-10-26,120,0,3,0,0.7142857142857143,0.0,,2.0791812460476247
Taguatinga,2020-10-27,122,2,3,0,0.8571428571428571,0.0,,2.0863598306747484
Taguatinga,2020-10-28,123,1,3,0,0.6428571428571429,0.0,,2.089905111439398
Taguatinga,2020-10-29,125,2,3,0,0.7857142857142857,0.0,,2.0969100130080562
Taguatinga,2020-10-30,125,0,3,0,0.6428571428571429,0.0,,2.0969100130080562
Taguatinga,2020-10-31,125,0,3,0,0.6428571428571429,0.0,,2.0969100130080562
Taguatinga,2020-11-01,125,0,3,0,0.6428571428571429,0.0,,2.0969100130080562
Taguatinga,2020-11-02,125,0,3,0,0.6428571428571429,0.0,,2.0969100130080562
Taguatinga,2020-11-03,125,0,4,1,0.5,0.07142857142857142,inf,2.0969100130080562
Taguatinga,2020-11-04,126,1,4,0,0.5714285714285714,0.07142857142857142,inf,2.100370545117563
Taguatinga,2020-11-05,128,2,4,0,0.6428571428571429,0.07142857142857142,inf,2.1072099696478683
Taguatinga,2020-11-06,129,1,4,0,0.7142857142857143,0.07142857142857142,inf,2.110589710299249
Taguatinga,2020-11-07,129,0,4,0,0.6428571428571429,0.07142857142857142,inf,2.110589710299249
Taguatinga,2020-11-08,130,1,4,0,0.7142857142857143,0.07142857142857142,inf,2.113943352306837
Taguatinga,2020-11-09,134,4,4,0,1.0,0.07142857142857142,inf,2.1271047983648077
Taguatinga,2020-11-10,136,2,4,0,1.0,0.07142857142857142,inf,2.1335389083702174
Taguatinga,2020-11-11,136,0,4,0,0.9285714285714286,0.07142857142857142,inf,2.1335389083702174
Taguatinga,2020-11-12,136,0,4,0,0.7857142857142857,0.07142857142857142,inf,2.1335389083702174
Taguatinga,2020-11-13,136,0,4,0,0.7857142857142857,0.07142857142857142,inf,2.1335389083702174
Taguatinga,2020-11-14,136,0,4,0,0.7857142857142857,0.07142857142857142,inf,2.1335389083702174
Taguatinga,2020-11-15,136,0,4,0,0.7857142857142857,0.07142857142857142,inf,2.1335389083702174
Taguatinga,2020-11-16,138,2,4,0,0.9285714285714286,0.07142857142857142,inf,2.1398790864012365
Taguatinga,2020-11-17,138,0,4,0,0.9285714285714286,0.0,-1.0,2.1398790864012365
Taguatinga,2020-11-18,139,1,4,0,0.9285714285714286,0.0,-1.0,2.143014800254095
Taguatinga,2020-11-19,140,1,4,0,0.8571428571428571,0.0,-1.0,2.146128035678238
Taguatinga,2020-11-20,140,0,4,0,0.7857142857142857,0.0,-1.0,2.146128035678238
Taguatinga,2020-11-21,140,0,4,0,0.7857142857142857,0.0,-1.0,2.146128035678238
Taguatinga,2020-11-22,140,0,4,0,0.7142857142857143,0.0,-1.0,2.146128035678238
Taguatinga,2020-11-23,140,0,4,0,0.42857142857142855,0.0,-1.0,2.146128035678238
Taguatinga,2020-11-24,140,0,4,0,0.2857142857142857,0.0,-1.0,2.146128035678238
Taguatinga,2020-11-25,146,6,4,0,0.7142857142857143,0.0,-1.0,2.164352855784437
Taguatinga,2020-11-26,146,0,4,0,0.7142857142857143,0.0,-1.0,2.164352855784437
Taguatinga,2020-11-27,147,1,4,0,0.7857142857142857,0.0,-1.0,2.167317334748176
Taguatinga,2020-11-28,150,3,4,0,1.0,0.0,-1.0,2.1760912590556813
Taguatinga,2020-11-29,151,1,4,0,1.0714285714285714,0.0,-1.0,2.1789769472931693
Taguatinga,2020-11-30,151,0,4,0,0.9285714285714286,0.0,-1.0,2.1789769472931693
Taguatinga,2020-12-01,151,0,4,0,0.9285714285714286,0.0,,2.1789769472931693
Taguatinga,2020-12-02,158,7,4,0,1.3571428571428572,0.0,,2.1986570869544226
Taguatinga,2020-12-03,158,0,4,0,1.2857142857142858,0.0,,2.1986570869544226
Taguatinga,2020-12-04,164,6,4,0,1.7142857142857142,0.0,,2.214843848047698
Taguatinga,2020-12-05,168,4,4,0,2.0,0.0,,2.225309281725863
Taguatinga,2020-12-06,168,0,4,0,2.0,0.0,,2.225309281725863
Taguatinga,2020-12-07,169,1,4,0,2.0714285714285716,0.0,,2.2278867046136734
Taguatinga,2020-12-08,169,0,4,0,2.0714285714285716,0.0,,2.2278867046136734
Taguatinga,2020-12-09,173,4,4,0,1.9285714285714286,0.0,,2.2380461031287955
Taguatinga,2020-12-10,173,0,4,0,1.9285714285714286,0.0,,2.2380461031287955
Taguatinga,2020-12-11,173,0,4,0,1.8571428571428572,0.0,,2.2380461031287955
Taguatinga,2020-12-12,174,1,4,0,1.7142857142857142,0.0,,2.2405492482825995
Taguatinga,2020-12-13,174,0,4,0,1.6428571428571428,0.0,,2.2405492482825995
Taguatinga,2020-12-14,174,0,4,0,1.6428571428571428,0.0,,2.2405492482825995
Taguatinga,2020-12-15,174,0,4,0,1.6428571428571428,0.0,,2.2405492482825995
Taguatinga,2020-12-16,176,2,4,0,1.2857142857142858,0.0,,2.24551266781415
Taguatinga,2020-12-17,176,0,4,0,1.2857142857142858,0.0,,2.24551266781415
Taguatinga,2020-12-18,177,1,4,0,0.9285714285714286,0.0,,2.2479732663618064
Taguatinga,2020-12-19,177,0,4,0,0.6428571428571429,0.0,,2.2479732663618064
Taguatinga,2020-12-20,177,0,4,0,0.6428571428571429,0.0,,2.2479732663618064
Taguatinga,2020-12-21,177,0,4,0,0.5714285714285714,0.0,,2.2479732663618064
Taguatinga,2020-12-22,177,0,4,0,0.5714285714285714,0.0,,2.2479732663618064
Taguatinga,2020-12-23,178,1,4,0,0.35714285714285715,0.0,,2.250420002308894
Taguatinga,2020-12-24,178,0,4,0,0.35714285714285715,0.0,,2.250420002308894
Taguatinga,2020-12-25,178,0,4,0,0.35714285714285715,0.0,,2.250420002308894
Taguatinga,2020-12-26,178,0,4,0,0.2857142857142857,0.0,,2.250420002308894
Taguatinga,2020-12-27,178,0,4,0,0.2857142857142857,0.0,,2.250420002308894
Taguatinga,2020-12-28,178,0,4,0,0.2857142857142857,0.0,,2.250420002308894
Taguatinga,2020-12-29,179,1,4,0,0.35714285714285715,0.0,,2.2528530309798933
Taguatinga,2020-12-30,182,3,4,0,0.42857142857142855,0.0,,2.2600713879850747
Taguatinga,2020-12-31,188,6,4,0,0.8571428571428571,0.0,,2.27415784926368
Taguatinga,2021-01-01,188,0,4,0,0.7857142857142857,0.0,,2.27415784926368
Taguatinga,2021-01-02,188,0,4,0,0.7857142857142857,0.0,,2.27415784926368
Taguatinga,2021-01-03,188,0,4,0,0.7857142857142857,0.0,,2.27415784926368
Taguatinga,2021-01-04,188,0,4,0,0.7857142857142857,0.0,,2.27415784926368
Taguatinga,2021-01-05,189,1,4,0,0.8571428571428571,0.0,,2.2764618041732443
Taguatinga,2021-01-06,198,9,4,0,1.4285714285714286,0.0,,2.296665190261531
Taguatinga,2021-01-07,200,2,4,0,1.5714285714285714,0.0,,2.3010299956639813
Taguatinga,2021-01-08,201,1,4,0,1.6428571428571428,0.0,,2.303196057420489
Taguatinga,2021-01-09,203,2,4,0,1.7857142857142858,0.0,,2.307496037913213
Taguatinga,2021-01-10,204,1,4,0,1.8571428571428572,0.0,,2.3096301674258988
Taguatinga,2021-01-11,205,1,4,0,1.9285714285714286,0.0,,2.311753861055754
Taguatinga,2021-01-12,209,4,4,0,2.142857142857143,0.0,,2.320146286111054
Taguatinga,2021-01-13,210,1,4,0,2.0,0.0,,2.322219294733919
Taguatinga,2021-01-14,187,-23,3,-1,-0.07142857142857142,-0.07142857142857142,-inf,2.271841606536499
Taguatinga,2021-01-15,215,28,4,1,1.9285714285714286,0.0,,2.3324384599156054
Taguatinga,2021-01-16,220,5,4,0,2.2857142857142856,0.0,,2.342422680822206
Taguatinga,2021-01-17,220,0,4,0,2.2857142857142856,0.0,,2.342422680822206
Taguatinga,2021-01-18,220,0,4,0,2.2857142857142856,0.0,,2.342422680822206
Taguatinga,2021-01-19,219,-1,4,0,2.142857142857143,0.0,,2.3404441148401185
Taguatinga,2021-01-20,219,0,4,0,1.5,0.0,,2.3404441148401185
Taipas do Tocantins,2020-03-27,0,0,0,0,,,,0.0
Taipas do Tocantins,2020-03-28,0,0,0,0,,,,0.0
Taipas do Tocantins,2020-03-29,0,0,0,0,,,,0.0
Taipas do Tocantins,2020-03-30,0,0,0,0,,,,0.0
Taipas do Tocantins,2020-03-31,0,0,0,0,,,,0.0
Taipas do Tocantins,2020-04-01,0,0,0,0,,,,0.0
Taipas do Tocantins,2020-04-02,0,0,0,0,,,,0.0
Taipas do Tocantins,2020-04-03,0,0,0,0,,,,0.0
Taipas do Tocantins,2020-04-04,0,0,0,0,,,,0.0
Taipas do Tocantins,2020-04-05,0,0,0,0,,,,0.0
Taipas do Tocantins,2020-04-06,0,0,0,0,,,,0.0
Taipas do Tocantins,2020-04-07,0,0,0,0,,,,0.0
Taipas do Tocantins,2020-04-08,0,0,0,0,,,,0.0
Taipas do Tocantins,2020-04-09,0,0,0,0,0.0,0.0,,0.0
Taipas do Tocantins,2020-04-10,0,0,0,0,0.0,0.0,,0.0
Taipas do Tocantins,2020-04-11,0,0,0,0,0.0,0.0,,0.0
Taipas do Tocantins,2020-04-12,0,0,0,0,0.0,0.0,,0.0
Taipas do Tocantins,2020-04-13,0,0,0,0,0.0,0.0,,0.0
Taipas do Tocantins,2020-04-14,0,0,0,0,0.0,0.0,,0.0
Taipas do Tocantins,2020-04-15,0,0,0,0,0.0,0.0,,0.0
Taipas do Tocantins,2020-04-16,0,0,0,0,0.0,0.0,,0.0
Taipas do Tocantins,2020-04-17,0,0,0,0,0.0,0.0,,0.0
Taipas do Tocantins,2020-04-18,0,0,0,0,0.0,0.0,,0.0
Taipas do Tocantins,2020-04-19,0,0,0,0,0.0,0.0,,0.0
Taipas do Tocantins,2020-04-20,0,0,0,0,0.0,0.0,,0.0
Taipas do Tocantins,2020-04-21,0,0,0,0,0.0,0.0,,0.0
Taipas do Tocantins,2020-04-22,0,0,0,0,0.0,0.0,,0.0
Taipas do Tocantins,2020-04-23,0,0,0,0,0.0,0.0,,0.0
Taipas do Tocantins,2020-04-24,0,0,0,0,0.0,0.0,,0.0
Taipas do Tocantins,2020-04-25,0,0,0,0,0.0,0.0,,0.0
Taipas do Tocantins,2020-04-26,0,0,0,0,0.0,0.0,,0.0
Taipas do Tocantins,2020-04-27,0,0,0,0,0.0,0.0,,0.0
Taipas do Tocantins,2020-04-28,0,0,0,0,0.0,0.0,,0.0
Taipas do Tocantins,2020-04-29,0,0,0,0,0.0,0.0,,0.0
Taipas do Tocantins,2020-04-30,0,0,0,0,0.0,0.0,,0.0
Taipas do Tocantins,2020-05-01,0,0,0,0,0.0,0.0,,0.0
Taipas do Tocantins,2020-05-02,0,0,0,0,0.0,0.0,,0.0
Taipas do Tocantins,2020-05-03,0,0,0,0,0.0,0.0,,0.0
Taipas do Tocantins,2020-05-04,0,0,0,0,0.0,0.0,,0.0
Taipas do Tocantins,2020-05-05,0,0,0,0,0.0,0.0,,0.0
Taipas do Tocantins,2020-05-06,0,0,0,0,0.0,0.0,,0.0
Taipas do Tocantins,2020-05-07,0,0,0,0,0.0,0.0,,0.0
Taipas do Tocantins,2020-05-08,0,0,0,0,0.0,0.0,,0.0
Taipas do Tocantins,2020-05-09,0,0,0,0,0.0,0.0,,0.0
Taipas do Tocantins,2020-05-10,0,0,0,0,0.0,0.0,,0.0
Taipas do Tocantins,2020-05-11,0,0,0,0,0.0,0.0,,0.0
Taipas do Tocantins,2020-05-12,0,0,0,0,0.0,0.0,,0.0
Taipas do Tocantins,2020-05-13,0,0,0,0,0.0,0.0,,0.0
Taipas do Tocantins,2020-05-14,0,0,0,0,0.0,0.0,,0.0
Taipas do Tocantins,2020-05-15,0,0,0,0,0.0,0.0,,0.0
Taipas do Tocantins,2020-05-16,0,0,0,0,0.0,0.0,,0.0
Taipas do Tocantins,2020-05-17,0,0,0,0,0.0,0.0,,0.0
Taipas do Tocantins,2020-05-18,0,0,0,0,0.0,0.0,,0.0
Taipas do Tocantins,2020-05-19,0,0,0,0,0.0,0.0,,0.0
Taipas do Tocantins,2020-05-20,0,0,0,0,0.0,0.0,,0.0
Taipas do Tocantins,2020-05-21,0,0,0,0,0.0,0.0,,0.0
Taipas do Tocantins,2020-05-22,0,0,0,0,0.0,0.0,,0.0
Taipas do Tocantins,2020-05-23,0,0,0,0,0.0,0.0,,0.0
Taipas do Tocantins,2020-05-24,0,0,0,0,0.0,0.0,,0.0
Taipas do Tocantins,2020-05-25,0,0,0,0,0.0,0.0,,0.0
Taipas do Tocantins,2020-05-26,0,0,0,0,0.0,0.0,,0.0
Taipas do Tocantins,2020-05-27,0,0,0,0,0.0,0.0,,0.0
Taipas do Tocantins,2020-05-28,0,0,0,0,0.0,0.0,,0.0
Taipas do Tocantins,2020-05-29,0,0,0,0,0.0,0.0,,0.0
Taipas do Tocantins,2020-05-30,0,0,0,0,0.0,0.0,,0.0
Taipas do Tocantins,2020-05-31,0,0,0,0,0.0,0.0,,0.0
Taipas do Tocantins,2020-06-01,0,0,0,0,0.0,0.0,,0.0
Taipas do Tocantins,2020-06-02,0,0,0,0,0.0,0.0,,0.0
Taipas do Tocantins,2020-06-03,0,0,0,0,0.0,0.0,,0.0
Taipas do Tocantins,2020-06-04,0,0,0,0,0.0,0.0,,0.0
Taipas do Tocantins,2020-06-05,0,0,0,0,0.0,0.0,,0.0
Taipas do Tocantins,2020-06-06,0,0,0,0,0.0,0.0,,0.0
Taipas do Tocantins,2020-06-07,0,0,0,0,0.0,0.0,,0.0
Taipas do Tocantins,2020-06-08,0,0,0,0,0.0,0.0,,0.0
Taipas do Tocantins,2020-06-09,0,0,0,0,0.0,0.0,,0.0
Taipas do Tocantins,2020-06-10,0,0,0,0,0.0,0.0,,0.0
Taipas do Tocantins,2020-06-11,0,0,0,0,0.0,0.0,,0.0
Taipas do Tocantins,2020-06-12,0,0,0,0,0.0,0.0,,0.0
Taipas do Tocantins,2020-06-13,0,0,0,0,0.0,0.0,,0.0
Taipas do Tocantins,2020-06-14,0,0,0,0,0.0,0.0,,0.0
Taipas do Tocantins,2020-06-15,0,0,0,0,0.0,0.0,,0.0
Taipas do Tocantins,2020-06-16,0,0,0,0,0.0,0.0,,0.0
Taipas do Tocantins,2020-06-17,0,0,0,0,0.0,0.0,,0.0
Taipas do Tocantins,2020-06-18,0,0,0,0,0.0,0.0,,0.0
Taipas do Tocantins,2020-06-19,0,0,0,0,0.0,0.0,,0.0
Taipas do Tocantins,2020-06-20,0,0,0,0,0.0,0.0,,0.0
Taipas do Tocantins,2020-06-21,0,0,0,0,0.0,0.0,,0.0
Taipas do Tocantins,2020-06-22,0,0,0,0,0.0,0.0,,0.0
Taipas do Tocantins,2020-06-23,0,0,0,0,0.0,0.0,,0.0
Taipas do Tocantins,2020-06-24,0,0,0,0,0.0,0.0,,0.0
Taipas do Tocantins,2020-06-25,0,0,0,0,0.0,0.0,,0.0
Taipas do Tocantins,2020-06-26,0,0,0,0,0.0,0.0,,0.0
Taipas do Tocantins,2020-06-27,0,0,0,0,0.0,0.0,,0.0
Taipas do Tocantins,2020-06-28,0,0,0,0,0.0,0.0,,0.0
Taipas do Tocantins,2020-06-29,0,0,0,0,0.0,0.0,,0.0
Taipas do Tocantins,2020-06-30,0,0,0,0,0.0,0.0,,0.0
Taipas do Tocantins,2020-07-01,1,1,0,0,0.07142857142857142,0.0,,0.0
Taipas do Tocantins,2020-07-02,1,0,0,0,0.07142857142857142,0.0,,0.0
Taipas do Tocantins,2020-07-03,1,0,0,0,0.07142857142857142,0.0,,0.0
Taipas do Tocantins,2020-07-04,1,0,0,0,0.07142857142857142,0.0,,0.0
Taipas do Tocantins,2020-07-05,1,0,0,0,0.07142857142857142,0.0,,0.0
Taipas do Tocantins,2020-07-06,1,0,0,0,0.07142857142857142,0.0,,0.0
Taipas do Tocantins,2020-07-07,1,0,0,0,0.07142857142857142,0.0,,0.0
Taipas do Tocantins,2020-07-08,1,0,0,0,0.07142857142857142,0.0,,0.0
Taipas do Tocantins,2020-07-09,1,0,0,0,0.07142857142857142,0.0,,0.0
Taipas do Tocantins,2020-07-10,1,0,0,0,0.07142857142857142,0.0,,0.0
Taipas do Tocantins,2020-07-11,1,0,0,0,0.07142857142857142,0.0,,0.0
Taipas do Tocantins,2020-07-12,1,0,0,0,0.07142857142857142,0.0,,0.0
Taipas do Tocantins,2020-07-13,1,0,0,0,0.07142857142857142,0.0,,0.0
Taipas do Tocantins,2020-07-14,1,0,0,0,0.07142857142857142,0.0,,0.0
Taipas do Tocantins,2020-07-15,1,0,0,0,0.0,0.0,,0.0
Taipas do Tocantins,2020-07-16,1,0,0,0,0.0,0.0,,0.0
Taipas do Tocantins,2020-07-17,1,0,0,0,0.0,0.0,,0.0
Taipas do Tocantins,2020-07-18,1,0,0,0,0.0,0.0,,0.0
Taipas do Tocantins,2020-07-19,1,0,0,0,0.0,0.0,,0.0
Taipas do Tocantins,2020-07-20,1,0,0,0,0.0,0.0,,0.0
Taipas do Tocantins,2020-07-21,2,1,0,0,0.07142857142857142,0.0,,0.3010299956639812
Taipas do Tocantins,2020-07-22,2,0,0,0,0.07142857142857142,0.0,,0.3010299956639812
Taipas do Tocantins,2020-07-23,2,0,0,0,0.07142857142857142,0.0,,0.3010299956639812
Taipas do Tocantins,2020-07-24,2,0,0,0,0.07142857142857142,0.0,,0.3010299956639812
Taipas do Tocantins,2020-07-25,2,0,0,0,0.07142857142857142,0.0,,0.3010299956639812
Taipas do Tocantins,2020-07-26,2,0,0,0,0.07142857142857142,0.0,,0.3010299956639812
Taipas do Tocantins,2020-07-27,2,0,0,0,0.07142857142857142,0.0,,0.3010299956639812
Taipas do Tocantins,2020-07-28,2,0,0,0,0.07142857142857142,0.0,,0.3010299956639812
Taipas do Tocantins,2020-07-29,2,0,0,0,0.07142857142857142,0.0,,0.3010299956639812
Taipas do Tocantins,2020-07-30,2,0,0,0,0.07142857142857142,0.0,,0.3010299956639812
Taipas do Tocantins,2020-07-31,2,0,0,0,0.07142857142857142,0.0,,0.3010299956639812
Taipas do Tocantins,2020-08-01,2,0,0,0,0.07142857142857142,0.0,,0.3010299956639812
Taipas do Tocantins,2020-08-02,2,0,0,0,0.07142857142857142,0.0,,0.3010299956639812
Taipas do Tocantins,2020-08-03,2,0,0,0,0.07142857142857142,0.0,,0.3010299956639812
Taipas do Tocantins,2020-08-04,2,0,0,0,0.0,0.0,,0.3010299956639812
Taipas do Tocantins,2020-08-05,2,0,0,0,0.0,0.0,,0.3010299956639812
Taipas do Tocantins,2020-08-06,2,0,0,0,0.0,0.0,,0.3010299956639812
Taipas do Tocantins,2020-08-07,2,0,0,0,0.0,0.0,,0.3010299956639812
Taipas do Tocantins,2020-08-08,2,0,0,0,0.0,0.0,,0.3010299956639812
Taipas do Tocantins,2020-08-09,2,0,0,0,0.0,0.0,,0.3010299956639812
Taipas do Tocantins,2020-08-10,2,0,0,0,0.0,0.0,,0.3010299956639812
Taipas do Tocantins,2020-08-11,2,0,0,0,0.0,0.0,,0.3010299956639812
Taipas do Tocantins,2020-08-12,2,0,0,0,0.0,0.0,,0.3010299956639812
Taipas do Tocantins,2020-08-13,2,0,0,0,0.0,0.0,,0.3010299956639812
Taipas do Tocantins,2020-08-14,2,0,0,0,0.0,0.0,,0.3010299956639812
Taipas do Tocantins,2020-08-15,2,0,0,0,0.0,0.0,,0.3010299956639812
Taipas do Tocantins,2020-08-16,2,0,0,0,0.0,0.0,,0.3010299956639812
Taipas do Tocantins,2020-08-17,2,0,0,0,0.0,0.0,,0.3010299956639812
Taipas do Tocantins,2020-08-18,2,0,0,0,0.0,0.0,,0.3010299956639812
Taipas do Tocantins,2020-08-19,2,0,0,0,0.0,0.0,,0.3010299956639812
Taipas do Tocantins,2020-08-20,2,0,0,0,0.0,0.0,,0.3010299956639812
Taipas do Tocantins,2020-08-21,2,0,0,0,0.0,0.0,,0.3010299956639812
Taipas do Tocantins,2020-08-22,3,1,0,0,0.07142857142857142,0.0,,0.47712125471966244
Taipas do Tocantins,2020-08-23,3,0,0,0,0.07142857142857142,0.0,,0.47712125471966244
Taipas do Tocantins,2020-08-24,3,0,0,0,0.07142857142857142,0.0,,0.47712125471966244
Taipas do Tocantins,2020-08-25,4,1,0,0,0.14285714285714285,0.0,,0.6020599913279624
Taipas do Tocantins,2020-08-26,4,0,0,0,0.14285714285714285,0.0,,0.6020599913279624
Taipas do Tocantins,2020-08-27,4,0,0,0,0.14285714285714285,0.0,,0.6020599913279624
Taipas do Tocantins,2020-08-28,4,0,0,0,0.14285714285714285,0.0,,0.6020599913279624
Taipas do Tocantins,2020-08-29,4,0,0,0,0.14285714285714285,0.0,,0.6020599913279624
Taipas do Tocantins,2020-08-30,4,0,0,0,0.14285714285714285,0.0,,0.6020599913279624
Taipas do Tocantins,2020-08-31,4,0,0,0,0.14285714285714285,0.0,,0.6020599913279624
Taipas do Tocantins,2020-09-01,4,0,0,0,0.14285714285714285,0.0,,0.6020599913279624
Taipas do Tocantins,2020-09-02,4,0,0,0,0.14285714285714285,0.0,,0.6020599913279624
Taipas do Tocantins,2020-09-03,6,2,0,0,0.2857142857142857,0.0,,0.7781512503836436
Taipas do Tocantins,2020-09-04,6,0,0,0,0.2857142857142857,0.0,,0.7781512503836436
Taipas do Tocantins,2020-09-05,6,0,0,0,0.21428571428571427,0.0,,0.7781512503836436
Taipas do Tocantins,2020-09-06,6,0,0,0,0.21428571428571427,0.0,,0.7781512503836436
Taipas do Tocantins,2020-09-07,6,0,0,0,0.21428571428571427,0.0,,0.7781512503836436
Taipas do Tocantins,2020-09-08,6,0,0,0,0.14285714285714285,0.0,,0.7781512503836436
Taipas do Tocantins,2020-09-09,6,0,0,0,0.14285714285714285,0.0,,0.7781512503836436
Taipas do Tocantins,2020-09-10,10,4,0,0,0.42857142857142855,0.0,,1.0
Taipas do Tocantins,2020-09-11,10,0,0,0,0.42857142857142855,0.0,,1.0
Taipas do Tocantins,2020-09-12,10,0,0,0,0.42857142857142855,0.0,,1.0
Taipas do Tocantins,2020-09-13,10,0,0,0,0.42857142857142855,0.0,,1.0
Taipas do Tocantins,2020-09-14,10,0,0,0,0.42857142857142855,0.0,,1.0
Taipas do Tocantins,2020-09-15,11,1,0,0,0.5,0.0,,1.041392685158225
Taipas do Tocantins,2020-09-16,11,0,0,0,0.5,0.0,,1.041392685158225
Taipas do Tocantins,2020-09-17,18,7,0,0,0.8571428571428571,0.0,,1.255272505103306
Taipas do Tocantins,2020-09-18,18,0,0,0,0.8571428571428571,0.0,,1.255272505103306
Taipas do Tocantins,2020-09-19,18,0,0,0,0.8571428571428571,0.0,,1.255272505103306
Taipas do Tocantins,2020-09-20,18,0,0,0,0.8571428571428571,0.0,,1.255272505103306
Taipas do Tocantins,2020-09-21,18,0,0,0,0.8571428571428571,0.0,,1.255272505103306
Taipas do Tocantins,2020-09-22,18,0,0,0,0.8571428571428571,0.0,,1.255272505103306
Taipas do Tocantins,2020-09-23,18,0,0,0,0.8571428571428571,0.0,,1.255272505103306
Taipas do Tocantins,2020-09-24,18,0,0,0,0.5714285714285714,0.0,,1.255272505103306
Taipas do Tocantins,2020-09-25,18,0,0,0,0.5714285714285714,0.0,,1.255272505103306
Taipas do Tocantins,2020-09-26,20,2,0,0,0.7142857142857143,0.0,,1.3010299956639813
Taipas do Tocantins,2020-09-27,20,0,0,0,0.7142857142857143,0.0,,1.3010299956639813
Taipas do Tocantins,2020-09-28,20,0,0,0,0.7142857142857143,0.0,,1.3010299956639813
Taipas do Tocantins,2020-09-29,21,1,0,0,0.7142857142857143,0.0,,1.3222192947339193
Taipas do Tocantins,2020-09-30,21,0,0,0,0.7142857142857143,0.0,,1.3222192947339193
Taipas do Tocantins,2020-10-01,25,4,0,0,0.5,0.0,,1.3979400086720377
Taipas do Tocantins,2020-10-02,25,0,0,0,0.5,0.0,,1.3979400086720377
Taipas do Tocantins,2020-10-03,25,0,0,0,0.5,0.0,,1.3979400086720377
Taipas do Tocantins,2020-10-04,25,0,0,0,0.5,0.0,,1.3979400086720377
Taipas do Tocantins,2020-10-05,25,0,0,0,0.5,0.0,,1.3979400086720377
Taipas do Tocantins,2020-10-06,25,0,0,0,0.5,0.0,,1.3979400086720377
Taipas do Tocantins,2020-10-07,28,3,0,0,0.7142857142857143,0.0,,1.4471580313422192
Taipas do Tocantins,2020-10-08,30,2,0,0,0.8571428571428571,0.0,,1.4771212547196624
Taipas do Tocantins,2020-10-09,30,0,0,0,0.8571428571428571,0.0,,1.4771212547196624
Taipas do Tocantins,2020-10-10,30,0,0,0,0.7142857142857143,0.0,,1.4771212547196624
Taipas do Tocantins,2020-10-11,30,0,0,0,0.7142857142857143,0.0,,1.4771212547196624
Taipas do Tocantins,2020-10-12,30,0,0,0,0.7142857142857143,0.0,,1.4771212547196624
Taipas do Tocantins,2020-10-13,30,0,0,0,0.6428571428571429,0.0,,1.4771212547196624
Taipas do Tocantins,2020-10-14,30,0,0,0,0.6428571428571429,0.0,,1.4771212547196624
Taipas do Tocantins,2020-10-15,30,0,0,0,0.35714285714285715,0.0,,1.4771212547196624
Taipas do Tocantins,2020-10-16,30,0,0,0,0.35714285714285715,0.0,,1.4771212547196624
Taipas do Tocantins,2020-10-17,30,0,0,0,0.35714285714285715,0.0,,1.4771212547196624
Taipas do Tocantins,2020-10-18,30,0,0,0,0.35714285714285715,0.0,,1.4771212547196624
Taipas do Tocantins,2020-10-19,30,0,0,0,0.35714285714285715,0.0,,1.4771212547196624
Taipas do Tocantins,2020-10-20,30,0,0,0,0.35714285714285715,0.0,,1.4771212547196624
Taipas do Tocantins,2020-10-21,30,0,0,0,0.14285714285714285,0.0,,1.4771212547196624
Taipas do Tocantins,2020-10-22,30,0,0,0,0.0,0.0,,1.4771212547196624
Taipas do Tocantins,2020-10-23,30,0,0,0,0.0,0.0,,1.4771212547196624
Taipas do Tocantins,2020-10-24,30,0,0,0,0.0,0.0,,1.4771212547196624
Taipas do Tocantins,2020-10-25,30,0,0,0,0.0,0.0,,1.4771212547196624
Taipas do Tocantins,2020-10-26,30,0,0,0,0.0,0.0,,1.4771212547196624
Taipas do Tocantins,2020-10-27,30,0,0,0,0.0,0.0,,1.4771212547196624
Taipas do Tocantins,2020-10-28,30,0,0,0,0.0,0.0,,1.4771212547196624
Taipas do Tocantins,2020-10-29,30,0,0,0,0.0,0.0,,1.4771212547196624
Taipas do Tocantins,2020-10-30,30,0,0,0,0.0,0.0,,1.4771212547196624
Taipas do Tocantins,2020-10-31,30,0,0,0,0.0,0.0,,1.4771212547196624
Taipas do Tocantins,2020-11-01,30,0,0,0,0.0,0.0,,1.4771212547196624
Taipas do Tocantins,2020-11-02,30,0,0,0,0.0,0.0,,1.4771212547196624
Taipas do Tocantins,2020-11-03,30,0,0,0,0.0,0.0,,1.4771212547196624
Taipas do Tocantins,2020-11-04,30,0,0,0,0.0,0.0,,1.4771212547196624
Taipas do Tocantins,2020-11-05,30,0,0,0,0.0,0.0,,1.4771212547196624
Taipas do Tocantins,2020-11-06,30,0,0,0,0.0,0.0,,1.4771212547196624
Taipas do Tocantins,2020-11-07,30,0,0,0,0.0,0.0,,1.4771212547196624
Taipas do Tocantins,2020-11-08,30,0,0,0,0.0,0.0,,1.4771212547196624
Taipas do Tocantins,2020-11-09,30,0,0,0,0.0,0.0,,1.4771212547196624
Taipas do Tocantins,2020-11-10,30,0,0,0,0.0,0.0,,1.4771212547196624
Taipas do Tocantins,2020-11-11,30,0,0,0,0.0,0.0,,1.4771212547196624
Taipas do Tocantins,2020-11-12,30,0,0,0,0.0,0.0,,1.4771212547196624
Taipas do Tocantins,2020-11-13,30,0,0,0,0.0,0.0,,1.4771212547196624
Taipas do Tocantins,2020-11-14,30,0,0,0,0.0,0.0,,1.4771212547196624
Taipas do Tocantins,2020-11-15,30,0,0,0,0.0,0.0,,1.4771212547196624
Taipas do Tocantins,2020-11-16,30,0,0,0,0.0,0.0,,1.4771212547196624
Taipas do Tocantins,2020-11-17,30,0,0,0,0.0,0.0,,1.4771212547196624
Taipas do Tocantins,2020-11-18,30,0,0,0,0.0,0.0,,1.4771212547196624
Taipas do Tocantins,2020-11-19,30,0,0,0,0.0,0.0,,1.4771212547196624
Taipas do Tocantins,2020-11-20,30,0,0,0,0.0,0.0,,1.4771212547196624
Taipas do Tocantins,2020-11-21,30,0,0,0,0.0,0.0,,1.4771212547196624
Taipas do Tocantins,2020-11-22,30,0,0,0,0.0,0.0,,1.4771212547196624
Taipas do Tocantins,2020-11-23,30,0,0,0,0.0,0.0,,1.4771212547196624
Taipas do Tocantins,2020-11-24,30,0,0,0,0.0,0.0,,1.4771212547196624
Taipas do Tocantins,2020-11-25,30,0,0,0,0.0,0.0,,1.4771212547196624
Taipas do Tocantins,2020-11-26,30,0,0,0,0.0,0.0,,1.4771212547196624
Taipas do Tocantins,2020-11-27,30,0,0,0,0.0,0.0,,1.4771212547196624
Taipas do Tocantins,2020-11-28,30,0,0,0,0.0,0.0,,1.4771212547196624
Taipas do Tocantins,2020-11-29,30,0,0,0,0.0,0.0,,1.4771212547196624
Taipas do Tocantins,2020-11-30,30,0,0,0,0.0,0.0,,1.4771212547196624
Taipas do Tocantins,2020-12-01,30,0,0,0,0.0,0.0,,1.4771212547196624
Taipas do Tocantins,2020-12-02,30,0,0,0,0.0,0.0,,1.4771212547196624
Taipas do Tocantins,2020-12-03,30,0,0,0,0.0,0.0,,1.4771212547196624
Taipas do Tocantins,2020-12-04,30,0,0,0,0.0,0.0,,1.4771212547196624
Taipas do Tocantins,2020-12-05,30,0,0,0,0.0,0.0,,1.4771212547196624
Taipas do Tocantins,2020-12-06,30,0,0,0,0.0,0.0,,1.4771212547196624
Taipas do Tocantins,2020-12-07,30,0,0,0,0.0,0.0,,1.4771212547196624
Taipas do Tocantins,2020-12-08,30,0,0,0,0.0,0.0,,1.4771212547196624
Taipas do Tocantins,2020-12-09,30,0,0,0,0.0,0.0,,1.4771212547196624
Taipas do Tocantins,2020-12-10,30,0,0,0,0.0,0.0,,1.4771212547196624
Taipas do Tocantins,2020-12-11,30,0,0,0,0.0,0.0,,1.4771212547196624
Taipas do Tocantins,2020-12-12,30,0,0,0,0.0,0.0,,1.4771212547196624
Taipas do Tocantins,2020-12-13,30,0,0,0,0.0,0.0,,1.4771212547196624
Taipas do Tocantins,2020-12-14,30,0,0,0,0.0,0.0,,1.4771212547196624
Taipas do Tocantins,2020-12-15,30,0,0,0,0.0,0.0,,1.4771212547196624
Taipas do Tocantins,2020-12-16,32,2,0,0,0.14285714285714285,0.0,,1.505149978319906
Taipas do Tocantins,2020-12-17,32,0,0,0,0.14285714285714285,0.0,,1.505149978319906
Taipas do Tocantins,2020-12-18,32,0,0,0,0.14285714285714285,0.0,,1.505149978319906
Taipas do Tocantins,2020-12-19,32,0,0,0,0.14285714285714285,0.0,,1.505149978319906
Taipas do Tocantins,2020-12-20,32,0,0,0,0.14285714285714285,0.0,,1.505149978319906
Taipas do Tocantins,2020-12-21,32,0,0,0,0.14285714285714285,0.0,,1.505149978319906
Taipas do Tocantins,2020-12-22,32,0,0,0,0.14285714285714285,0.0,,1.505149978319906
Taipas do Tocantins,2020-12-23,32,0,0,0,0.14285714285714285,0.0,,1.505149978319906
Taipas do Tocantins,2020-12-24,32,0,0,0,0.14285714285714285,0.0,,1.505149978319906
Taipas do Tocantins,2020-12-25,32,0,0,0,0.14285714285714285,0.0,,1.505149978319906
Taipas do Tocantins,2020-12-26,32,0,0,0,0.14285714285714285,0.0,,1.505149978319906
Taipas do Tocantins,2020-12-27,32,0,0,0,0.14285714285714285,0.0,,1.505149978319906
Taipas do Tocantins,2020-12-28,32,0,0,0,0.14285714285714285,0.0,,1.505149978319906
Taipas do Tocantins,2020-12-29,32,0,0,0,0.14285714285714285,0.0,,1.505149978319906
Taipas do Tocantins,2020-12-30,32,0,0,0,0.0,0.0,,1.505149978319906
Taipas do Tocantins,2020-12-31,32,0,0,0,0.0,0.0,,1.505149978319906
Taipas do Tocantins,2021-01-01,32,0,0,0,0.0,0.0,,1.505149978319906
Taipas do Tocantins,2021-01-02,32,0,0,0,0.0,0.0,,1.505149978319906
Taipas do Tocantins,2021-01-03,32,0,0,0,0.0,0.0,,1.505149978319906
Taipas do Tocantins,2021-01-04,32,0,0,0,0.0,0.0,,1.505149978319906
Taipas do Tocantins,2021-01-05,32,0,0,0,0.0,0.0,,1.505149978319906
Taipas do Tocantins,2021-01-06,32,0,0,0,0.0,0.0,,1.505149978319906
Taipas do Tocantins,2021-01-07,32,0,0,0,0.0,0.0,,1.505149978319906
Taipas do Tocantins,2021-01-08,32,0,0,0,0.0,0.0,,1.505149978319906
Taipas do Tocantins,2021-01-09,32,0,0,0,0.0,0.0,,1.505149978319906
Taipas do Tocantins,2021-01-10,32,0,0,0,0.0,0.0,,1.505149978319906
Taipas do Tocantins,2021-01-11,32,0,0,0,0.0,0.0,,1.505149978319906
Taipas do Tocantins,2021-01-12,32,0,0,0,0.0,0.0,,1.505149978319906
Taipas do Tocantins,2021-01-13,32,0,0,0,0.0,0.0,,1.505149978319906
Taipas do Tocantins,2021-01-14,32,0,0,0,0.0,0.0,,1.505149978319906
Taipas do Tocantins,2021-01-15,32,0,1,1,0.0,0.07142857142857142,inf,1.505149978319906
Taipas do Tocantins,2021-01-16,32,0,0,-1,0.0,0.0,,1.505149978319906
Taipas do Tocantins,2021-01-17,32,0,0,0,0.0,0.0,,1.505149978319906
Taipas do Tocantins,2021-01-18,32,0,0,0,0.0,0.0,,1.505149978319906
Taipas do Tocantins,2021-01-19,32,0,0,0,0.0,0.0,,1.505149978319906
Taipas do Tocantins,2021-01-20,34,2,0,0,0.14285714285714285,0.0,,1.5314789170422551
Talismã,2020-03-27,0,0,0,0,,,,0.0
Talismã,2020-03-28,0,0,0,0,,,,0.0
Talismã,2020-03-29,0,0,0,0,,,,0.0
Talismã,2020-03-30,0,0,0,0,,,,0.0
Talismã,2020-03-31,0,0,0,0,,,,0.0
Talismã,2020-04-01,0,0,0,0,,,,0.0
Talismã,2020-04-02,0,0,0,0,,,,0.0
Talismã,2020-04-03,0,0,0,0,,,,0.0
Talismã,2020-04-04,0,0,0,0,,,,0.0
Talismã,2020-04-05,0,0,0,0,,,,0.0
Talismã,2020-04-06,0,0,0,0,,,,0.0
Talismã,2020-04-07,0,0,0,0,,,,0.0
Talismã,2020-04-08,0,0,0,0,,,,0.0
Talismã,2020-04-09,0,0,0,0,0.0,0.0,,0.0
Talismã,2020-04-10,0,0,0,0,0.0,0.0,,0.0
Talismã,2020-04-11,0,0,0,0,0.0,0.0,,0.0
Talismã,2020-04-12,0,0,0,0,0.0,0.0,,0.0
Talismã,2020-04-13,0,0,0,0,0.0,0.0,,0.0
Talismã,2020-04-14,0,0,0,0,0.0,0.0,,0.0
Talismã,2020-04-15,0,0,0,0,0.0,0.0,,0.0
Talismã,2020-04-16,0,0,0,0,0.0,0.0,,0.0
Talismã,2020-04-17,0,0,0,0,0.0,0.0,,0.0
Talismã,2020-04-18,0,0,0,0,0.0,0.0,,0.0
Talismã,2020-04-19,0,0,0,0,0.0,0.0,,0.0
Talismã,2020-04-20,0,0,0,0,0.0,0.0,,0.0
Talismã,2020-04-21,0,0,0,0,0.0,0.0,,0.0
Talismã,2020-04-22,0,0,0,0,0.0,0.0,,0.0
Talismã,2020-04-23,0,0,0,0,0.0,0.0,,0.0
Talismã,2020-04-24,0,0,0,0,0.0,0.0,,0.0
Talismã,2020-04-25,0,0,0,0,0.0,0.0,,0.0
Talismã,2020-04-26,0,0,0,0,0.0,0.0,,0.0
Talismã,2020-04-27,0,0,0,0,0.0,0.0,,0.0
Talismã,2020-04-28,0,0,0,0,0.0,0.0,,0.0
Talismã,2020-04-29,0,0,0,0,0.0,0.0,,0.0
Talismã,2020-04-30,0,0,0,0,0.0,0.0,,0.0
Talismã,2020-05-01,0,0,0,0,0.0,0.0,,0.0
Talismã,2020-05-02,0,0,0,0,0.0,0.0,,0.0
Talismã,2020-05-03,0,0,0,0,0.0,0.0,,0.0
Talismã,2020-05-04,0,0,0,0,0.0,0.0,,0.0
Talismã,2020-05-05,0,0,0,0,0.0,0.0,,0.0
Talismã,2020-05-06,0,0,0,0,0.0,0.0,,0.0
Talismã,2020-05-07,0,0,0,0,0.0,0.0,,0.0
Talismã,2020-05-08,0,0,0,0,0.0,0.0,,0.0
Talismã,2020-05-09,0,0,0,0,0.0,0.0,,0.0
Talismã,2020-05-10,0,0,0,0,0.0,0.0,,0.0
Talismã,2020-05-11,0,0,0,0,0.0,0.0,,0.0
Talismã,2020-05-12,0,0,0,0,0.0,0.0,,0.0
Talismã,2020-05-13,0,0,0,0,0.0,0.0,,0.0
Talismã,2020-05-14,0,0,0,0,0.0,0.0,,0.0
Talismã,2020-05-15,0,0,0,0,0.0,0.0,,0.0
Talismã,2020-05-16,0,0,0,0,0.0,0.0,,0.0
Talismã,2020-05-17,0,0,0,0,0.0,0.0,,0.0
Talismã,2020-05-18,0,0,0,0,0.0,0.0,,0.0
Talismã,2020-05-19,0,0,0,0,0.0,0.0,,0.0
Talismã,2020-05-20,0,0,0,0,0.0,0.0,,0.0
Talismã,2020-05-21,0,0,0,0,0.0,0.0,,0.0
Talismã,2020-05-22,0,0,0,0,0.0,0.0,,0.0
Talismã,2020-05-23,0,0,0,0,0.0,0.0,,0.0
Talismã,2020-05-24,0,0,0,0,0.0,0.0,,0.0
Talismã,2020-05-25,0,0,0,0,0.0,0.0,,0.0
Talismã,2020-05-26,0,0,0,0,0.0,0.0,,0.0
Talismã,2020-05-27,0,0,0,0,0.0,0.0,,0.0
Talismã,2020-05-28,0,0,0,0,0.0,0.0,,0.0
Talismã,2020-05-29,0,0,0,0,0.0,0.0,,0.0
Talismã,2020-05-30,0,0,0,0,0.0,0.0,,0.0
Talismã,2020-05-31,0,0,0,0,0.0,0.0,,0.0
Talismã,2020-06-01,0,0,0,0,0.0,0.0,,0.0
Talismã,2020-06-02,0,0,0,0,0.0,0.0,,0.0
Talismã,2020-06-03,0,0,0,0,0.0,0.0,,0.0
Talismã,2020-06-04,0,0,0,0,0.0,0.0,,0.0
Talismã,2020-06-05,1,1,0,0,0.07142857142857142,0.0,,0.0
Talismã,2020-06-06,1,0,0,0,0.07142857142857142,0.0,,0.0
Talismã,2020-06-07,1,0,0,0,0.07142857142857142,0.0,,0.0
Talismã,2020-06-08,1,0,0,0,0.07142857142857142,0.0,,0.0
Talismã,2020-06-09,1,0,0,0,0.07142857142857142,0.0,,0.0
Talismã,2020-06-10,5,4,0,0,0.35714285714285715,0.0,,0.6989700043360189
Talismã,2020-06-11,6,1,0,0,0.42857142857142855,0.0,,0.7781512503836436
Talismã,2020-06-12,9,3,0,0,0.6428571428571429,0.0,,0.9542425094393249
Talismã,2020-06-13,9,0,0,0,0.6428571428571429,0.0,,0.9542425094393249
Talismã,2020-06-14,9,0,0,0,0.6428571428571429,0.0,,0.9542425094393249
Talismã,2020-06-15,9,0,0,0,0.6428571428571429,0.0,,0.9542425094393249
Talismã,2020-06-16,9,0,0,0,0.6428571428571429,0.0,,0.9542425094393249
Talismã,2020-06-17,9,0,0,0,0.6428571428571429,0.0,,0.9542425094393249
Talismã,2020-06-18,9,0,0,0,0.6428571428571429,0.0,,0.9542425094393249
Talismã,2020-06-19,9,0,0,0,0.5714285714285714,0.0,,0.9542425094393249
Talismã,2020-06-20,9,0,0,0,0.5714285714285714,0.0,,0.9542425094393249
Talismã,2020-06-21,9,0,0,0,0.5714285714285714,0.0,,0.9542425094393249
Talismã,2020-06-22,9,0,0,0,0.5714285714285714,0.0,,0.9542425094393249
Talismã,2020-06-23,11,2,0,0,0.7142857142857143,0.0,,1.041392685158225
Talismã,2020-06-24,11,0,0,0,0.42857142857142855,0.0,,1.041392685158225
Talismã,2020-06-25,11,0,0,0,0.35714285714285715,0.0,,1.041392685158225
Talismã,2020-06-26,11,0,0,0,0.14285714285714285,0.0,,1.041392685158225
Talismã,2020-06-27,11,0,0,0,0.14285714285714285,0.0,,1.041392685158225
Talismã,2020-06-28,11,0,0,0,0.14285714285714285,0.0,,1.041392685158225
Talismã,2020-06-29,11,0,0,0,0.14285714285714285,0.0,,1.041392685158225
Talismã,2020-06-30,11,0,0,0,0.14285714285714285,0.0,,1.041392685158225
Talismã,2020-07-01,11,0,0,0,0.14285714285714285,0.0,,1.041392685158225
Talismã,2020-07-02,11,0,0,0,0.14285714285714285,0.0,,1.041392685158225
Talismã,2020-07-03,11,0,0,0,0.14285714285714285,0.0,,1.041392685158225
Talismã,2020-07-04,11,0,0,0,0.14285714285714285,0.0,,1.041392685158225
Talismã,2020-07-05,12,1,0,0,0.21428571428571427,0.0,,1.0791812460476249
Talismã,2020-07-06,12,0,0,0,0.21428571428571427,0.0,,1.0791812460476249
Talismã,2020-07-07,12,0,0,0,0.07142857142857142,0.0,,1.0791812460476249
Talismã,2020-07-08,12,0,0,0,0.07142857142857142,0.0,,1.0791812460476249
Talismã,2020-07-09,12,0,0,0,0.07142857142857142,0.0,,1.0791812460476249
Talismã,2020-07-10,12,0,0,0,0.07142857142857142,0.0,,1.0791812460476249
Talismã,2020-07-11,14,2,0,0,0.21428571428571427,0.0,,1.146128035678238
Talismã,2020-07-12,14,0,0,0,0.21428571428571427,0.0,,1.146128035678238
Talismã,2020-07-13,14,0,0,0,0.21428571428571427,0.0,,1.146128035678238
Talismã,2020-07-14,14,0,0,0,0.21428571428571427,0.0,,1.146128035678238
Talismã,2020-07-15,14,0,0,0,0.21428571428571427,0.0,,1.146128035678238
Talismã,2020-07-16,15,1,0,0,0.2857142857142857,0.0,,1.1760912590556813
Talismã,2020-07-17,15,0,0,0,0.2857142857142857,0.0,,1.1760912590556813
Talismã,2020-07-18,15,0,0,0,0.2857142857142857,0.0,,1.1760912590556813
Talismã,2020-07-19,15,0,0,0,0.21428571428571427,0.0,,1.1760912590556813
Talismã,2020-07-20,15,0,0,0,0.21428571428571427,0.0,,1.1760912590556813
Talismã,2020-07-21,15,0,0,0,0.21428571428571427,0.0,,1.1760912590556813
Talismã,2020-07-22,16,1,0,0,0.2857142857142857,0.0,,1.2041199826559248
Talismã,2020-07-23,16,0,0,0,0.2857142857142857,0.0,,1.2041199826559248
Talismã,2020-07-24,17,1,0,0,0.35714285714285715,0.0,,1.2304489213782739
Talismã,2020-07-25,19,2,0,0,0.35714285714285715,0.0,,1.2787536009528289
Talismã,2020-07-26,20,1,0,0,0.42857142857142855,0.0,,1.3010299956639813
Talismã,2020-07-27,20,0,0,0,0.42857142857142855,0.0,,1.3010299956639813
Talismã,2020-07-28,20,0,0,0,0.42857142857142855,0.0,,1.3010299956639813
Talismã,2020-07-29,20,0,0,0,0.42857142857142855,0.0,,1.3010299956639813
Talismã,2020-07-30,22,2,0,0,0.5,0.0,,1.3424226808222062
Talismã,2020-07-31,22,0,0,0,0.5,0.0,,1.3424226808222062
Talismã,2020-08-01,28,6,0,0,0.9285714285714286,0.0,,1.4471580313422192
Talismã,2020-08-02,30,2,0,0,1.0714285714285714,0.0,,1.4771212547196624
Talismã,2020-08-03,30,0,0,0,1.0714285714285714,0.0,,1.4771212547196624
Talismã,2020-08-04,38,8,0,0,1.6428571428571428,0.0,,1.5797835966168101
Talismã,2020-08-05,39,1,0,0,1.6428571428571428,0.0,,1.591064607026499
Talismã,2020-08-06,41,2,0,0,1.7857142857142858,0.0,,1.6127838567197355
Talismã,2020-08-07,41,0,0,0,1.7142857142857142,0.0,,1.6127838567197355
Talismã,2020-08-08,42,1,0,0,1.6428571428571428,0.0,,1.6232492903979006
Talismã,2020-08-09,42,0,0,0,1.5714285714285714,0.0,,1.6232492903979006
Talismã,2020-08-10,42,0,0,0,1.5714285714285714,0.0,,1.6232492903979006
Talismã,2020-08-11,42,0,1,1,1.5714285714285714,0.07142857142857142,inf,1.6232492903979006
Talismã,2020-08-12,42,0,1,0,1.5714285714285714,0.07142857142857142,inf,1.6232492903979006
Talismã,2020-08-13,43,1,1,0,1.5,0.07142857142857142,inf,1.6334684555795866
Talismã,2020-08-14,51,8,1,0,2.0714285714285716,0.07142857142857142,inf,1.7075701760979363
Talismã,2020-08-15,53,2,1,0,1.7857142857142858,0.07142857142857142,inf,1.7242758696007892
Talismã,2020-08-16,53,0,1,0,1.6428571428571428,0.07142857142857142,inf,1.7242758696007892
Talismã,2020-08-17,56,3,1,0,1.8571428571428572,0.07142857142857142,inf,1.7481880270062005
Talismã,2020-08-18,56,0,1,0,1.2857142857142858,0.07142857142857142,inf,1.7481880270062005
Talismã,2020-08-19,56,0,1,0,1.2142857142857142,0.07142857142857142,inf,1.7481880270062005
Talismã,2020-08-20,59,3,1,0,1.2857142857142858,0.07142857142857142,inf,1.7708520116421442
Talismã,2020-08-21,59,0,1,0,1.2857142857142858,0.07142857142857142,inf,1.7708520116421442
Talismã,2020-08-22,66,7,1,0,1.7142857142857142,0.07142857142857142,inf,1.8195439355418688
Talismã,2020-08-23,66,0,1,0,1.7142857142857142,0.07142857142857142,inf,1.8195439355418688
Talismã,2020-08-24,66,0,1,0,1.7142857142857142,0.07142857142857142,inf,1.8195439355418688
Talismã,2020-08-25,67,1,1,0,1.7857142857142858,0.0,-1.0,1.8260748027008264
Talismã,2020-08-26,67,0,1,0,1.7857142857142858,0.0,-1.0,1.8260748027008264
Talismã,2020-08-27,67,0,1,0,1.7142857142857142,0.0,-1.0,1.8260748027008264
Talismã,2020-08-28,66,-1,1,0,1.0714285714285714,0.0,-1.0,1.8195439355418688
Talismã,2020-08-29,66,0,1,0,0.9285714285714286,0.0,-1.0,1.8195439355418688
Talismã,2020-08-30,70,4,1,0,1.2142857142857142,0.0,-1.0,1.845098040014257
Talismã,2020-08-31,71,1,1,0,1.0714285714285714,0.0,-1.0,1.8512583487190752
Talismã,2020-09-01,76,5,1,0,1.4285714285714286,0.0,-1.0,1.8808135922807914
Talismã,2020-09-02,77,1,1,0,1.5,0.0,-1.0,1.8864907251724818
Talismã,2020-09-03,78,1,1,0,1.3571428571428572,0.0,-1.0,1.8920946026904804
Talismã,2020-09-04,82,4,1,0,1.6428571428571428,0.0,-1.0,1.9138138523837167
Talismã,2020-09-05,84,2,1,0,1.2857142857142858,0.0,-1.0,1.9242792860618816
Talismã,2020-09-06,84,0,1,0,1.2857142857142858,0.0,-1.0,1.9242792860618816
Talismã,2020-09-07,84,0,1,0,1.2857142857142858,0.0,-1.0,1.9242792860618816
Talismã,2020-09-08,84,0,1,0,1.2142857142857142,0.0,,1.9242792860618816
Talismã,2020-09-09,84,0,1,0,1.2142857142857142,0.0,,1.9242792860618816
Talismã,2020-09-10,84,0,1,0,1.2142857142857142,0.0,,1.9242792860618816
Talismã,2020-09-11,84,0,1,0,1.2857142857142858,0.0,,1.9242792860618816
Talismã,2020-09-12,84,0,1,0,1.2857142857142858,0.0,,1.9242792860618816
Talismã,2020-09-13,84,0,1,0,1.0,0.0,,1.9242792860618816
Talismã,2020-09-14,84,0,1,0,0.9285714285714286,0.0,,1.9242792860618816
Talismã,2020-09-15,84,0,1,0,0.5714285714285714,0.0,,1.9242792860618816
Talismã,2020-09-16,84,0,1,0,0.5,0.0,,1.9242792860618816
Talismã,2020-09-17,85,1,1,0,0.5,0.0,,1.9294189257142929
Talismã,2020-09-18,86,1,1,0,0.2857142857142857,0.0,,1.9344984512435677
Talismã,2020-09-19,87,1,1,0,0.21428571428571427,0.0,,1.9395192526186185
Talismã,2020-09-20,88,1,1,0,0.2857142857142857,0.0,,1.9444826721501687
Talismã,2020-09-21,88,0,1,0,0.2857142857142857,0.0,,1.9444826721501687
Talismã,2020-09-22,89,1,1,0,0.35714285714285715,0.0,,1.9493900066449128
Talismã,2020-09-23,89,0,1,0,0.35714285714285715,0.0,,1.9493900066449128
Talismã,2020-09-24,89,0,1,0,0.35714285714285715,0.0,,1.9493900066449128
Talismã,2020-09-25,95,6,1,0,0.7857142857142857,0.0,,1.9777236052888478
Talismã,2020-09-26,99,4,1,0,1.0714285714285714,0.0,,1.99563519459755
Talismã,2020-09-27,99,0,1,0,1.0714285714285714,0.0,,1.99563519459755
Talismã,2020-09-28,99,0,1,0,1.0714285714285714,0.0,,1.99563519459755
Talismã,2020-09-29,99,0,1,0,1.0714285714285714,0.0,,1.99563519459755
Talismã,2020-09-30,100,1,1,0,1.1428571428571428,0.0,,2.0
Talismã,2020-10-01,100,0,1,0,1.0714285714285714,0.0,,2.0
Talismã,2020-10-02,100,0,1,0,1.0,0.0,,2.0
Talismã,2020-10-03,100,0,1,0,0.9285714285714286,0.0,,2.0
Talismã,2020-10-04,100,0,1,0,0.8571428571428571,0.0,,2.0
Talismã,2020-10-05,100,0,1,0,0.8571428571428571,0.0,,2.0
Talismã,2020-10-06,100,0,1,0,0.7857142857142857,0.0,,2.0
Talismã,2020-10-07,102,2,1,0,0.9285714285714286,0.0,,2.0086001717619175
Talismã,2020-10-08,102,0,1,0,0.9285714285714286,0.0,,2.0086001717619175
Talismã,2020-10-09,102,0,1,0,0.5,0.0,,2.0086001717619175
Talismã,2020-10-10,102,0,1,0,0.21428571428571427,0.0,,2.0086001717619175
Talismã,2020-10-11,102,0,1,0,0.21428571428571427,0.0,,2.0086001717619175
Talismã,2020-10-12,103,1,1,0,0.2857142857142857,0.0,,2.012837224705172
Talismã,2020-10-13,103,0,1,0,0.2857142857142857,0.0,,2.012837224705172
Talismã,2020-10-14,103,0,1,0,0.21428571428571427,0.0,,2.012837224705172
Talismã,2020-10-15,103,0,1,0,0.21428571428571427,0.0,,2.012837224705172
Talismã,2020-10-16,103,0,1,0,0.21428571428571427,0.0,,2.012837224705172
Talismã,2020-10-17,103,0,1,0,0.21428571428571427,0.0,,2.012837224705172
Talismã,2020-10-18,103,0,1,0,0.21428571428571427,0.0,,2.012837224705172
Talismã,2020-10-19,103,0,1,0,0.21428571428571427,0.0,,2.012837224705172
Talismã,2020-10-20,103,0,1,0,0.21428571428571427,0.0,,2.012837224705172
Talismã,2020-10-21,103,0,1,0,0.07142857142857142,0.0,,2.012837224705172
Talismã,2020-10-22,103,0,1,0,0.07142857142857142,0.0,,2.012837224705172
Talismã,2020-10-23,103,0,1,0,0.07142857142857142,0.0,,2.012837224705172
Talismã,2020-10-24,103,0,1,0,0.07142857142857142,0.0,,2.012837224705172
Talismã,2020-10-25,103,0,1,0,0.07142857142857142,0.0,,2.012837224705172
Talismã,2020-10-26,103,0,1,0,0.0,0.0,,2.012837224705172
Talismã,2020-10-27,103,0,1,0,0.0,0.0,,2.012837224705172
Talismã,2020-10-28,103,0,1,0,0.0,0.0,,2.012837224705172
Talismã,2020-10-29,103,0,1,0,0.0,0.0,,2.012837224705172
Talismã,2020-10-30,103,0,1,0,0.0,0.0,,2.012837224705172
Talismã,2020-10-31,103,0,1,0,0.0,0.0,,2.012837224705172
Talismã,2020-11-01,103,0,1,0,0.0,0.0,,2.012837224705172
Talismã,2020-11-02,103,0,1,0,0.0,0.0,,2.012837224705172
Talismã,2020-11-03,103,0,1,0,0.0,0.0,,2.012837224705172
Talismã,2020-11-04,103,0,1,0,0.0,0.0,,2.012837224705172
Talismã,2020-11-05,103,0,1,0,0.0,0.0,,2.012837224705172
Talismã,2020-11-06,103,0,1,0,0.0,0.0,,2.012837224705172
Talismã,2020-11-07,103,0,1,0,0.0,0.0,,2.012837224705172
Talismã,2020-11-08,103,0,1,0,0.0,0.0,,2.012837224705172
Talismã,2020-11-09,103,0,1,0,0.0,0.0,,2.012837224705172
Talismã,2020-11-10,103,0,1,0,0.0,0.0,,2.012837224705172
Talismã,2020-11-11,103,0,1,0,0.0,0.0,,2.012837224705172
Talismã,2020-11-12,103,0,1,0,0.0,0.0,,2.012837224705172
Talismã,2020-11-13,103,0,1,0,0.0,0.0,,2.012837224705172
Talismã,2020-11-14,103,0,1,0,0.0,0.0,,2.012837224705172
Talismã,2020-11-15,103,0,1,0,0.0,0.0,,2.012837224705172
Talismã,2020-11-16,103,0,1,0,0.0,0.0,,2.012837224705172
Talismã,2020-11-17,104,1,1,0,0.07142857142857142,0.0,,2.0170333392987803
Talismã,2020-11-18,105,1,1,0,0.14285714285714285,0.0,,2.0211892990699383
Talismã,2020-11-19,105,0,1,0,0.14285714285714285,0.0,,2.0211892990699383
Talismã,2020-11-20,105,0,1,0,0.14285714285714285,0.0,,2.0211892990699383
Talismã,2020-11-21,105,0,1,0,0.14285714285714285,0.0,,2.0211892990699383
Talismã,2020-11-22,105,0,1,0,0.14285714285714285,0.0,,2.0211892990699383
Talismã,2020-11-23,105,0,1,0,0.14285714285714285,0.0,,2.0211892990699383
Talismã,2020-11-24,105,0,1,0,0.14285714285714285,0.0,,2.0211892990699383
Talismã,2020-11-25,105,0,1,0,0.14285714285714285,0.0,,2.0211892990699383
Talismã,2020-11-26,105,0,1,0,0.14285714285714285,0.0,,2.0211892990699383
Talismã,2020-11-27,105,0,1,0,0.14285714285714285,0.0,,2.0211892990699383
Talismã,2020-11-28,105,0,1,0,0.14285714285714285,0.0,,2.0211892990699383
Talismã,2020-11-29,105,0,1,0,0.14285714285714285,0.0,,2.0211892990699383
Talismã,2020-11-30,105,0,1,0,0.14285714285714285,0.0,,2.0211892990699383
Talismã,2020-12-01,105,0,1,0,0.07142857142857142,0.0,,2.0211892990699383
Talismã,2020-12-02,105,0,1,0,0.0,0.0,,2.0211892990699383
Talismã,2020-12-03,105,0,1,0,0.0,0.0,,2.0211892990699383
Talismã,2020-12-04,105,0,1,0,0.0,0.0,,2.0211892990699383
Talismã,2020-12-05,105,0,1,0,0.0,0.0,,2.0211892990699383
Talismã,2020-12-06,105,0,1,0,0.0,0.0,,2.0211892990699383
Talismã,2020-12-07,105,0,1,0,0.0,0.0,,2.0211892990699383
Talismã,2020-12-08,104,-1,1,0,-0.07142857142857142,0.0,,2.0170333392987803
Talismã,2020-12-09,104,0,1,0,-0.07142857142857142,0.0,,2.0170333392987803
Talismã,2020-12-10,104,0,1,0,-0.07142857142857142,0.0,,2.0170333392987803
Talismã,2020-12-11,104,0,1,0,-0.07142857142857142,0.0,,2.0170333392987803
Talismã,2020-12-12,104,0,1,0,-0.07142857142857142,0.0,,2.0170333392987803
Talismã,2020-12-13,104,0,1,0,-0.07142857142857142,0.0,,2.0170333392987803
Talismã,2020-12-14,104,0,1,0,-0.07142857142857142,0.0,,2.0170333392987803
Talismã,2020-12-15,105,1,1,0,0.0,0.0,,2.0211892990699383
Talismã,2020-12-16,105,0,1,0,0.0,0.0,,2.0211892990699383
Talismã,2020-12-17,105,0,1,0,0.0,0.0,,2.0211892990699383
Talismã,2020-12-18,105,0,1,0,0.0,0.0,,2.0211892990699383
Talismã,2020-12-19,105,0,1,0,0.0,0.0,,2.0211892990699383
Talismã,2020-12-20,105,0,1,0,0.0,0.0,,2.0211892990699383
Talismã,2020-12-21,105,0,1,0,0.0,0.0,,2.0211892990699383
Talismã,2020-12-22,105,0,1,0,0.07142857142857142,0.0,,2.0211892990699383
Talismã,2020-12-23,107,2,1,0,0.21428571428571427,0.0,,2.0293837776852097
Talismã,2020-12-24,107,0,1,0,0.21428571428571427,0.0,,2.0293837776852097
Talismã,2020-12-25,107,0,1,0,0.21428571428571427,0.0,,2.0293837776852097
Talismã,2020-12-26,107,0,1,0,0.21428571428571427,0.0,,2.0293837776852097
Talismã,2020-12-27,107,0,1,0,0.21428571428571427,0.0,,2.0293837776852097
Talismã,2020-12-28,107,0,1,0,0.21428571428571427,0.0,,2.0293837776852097
Talismã,2020-12-29,109,2,1,0,0.2857142857142857,0.0,,2.037426497940624
Talismã,2020-12-30,109,0,1,0,0.2857142857142857,0.0,,2.037426497940624
Talismã,2020-12-31,110,1,1,0,0.35714285714285715,0.0,,2.041392685158225
Talismã,2021-01-01,110,0,1,0,0.35714285714285715,0.0,,2.041392685158225
Talismã,2021-01-02,110,0,1,0,0.35714285714285715,0.0,,2.041392685158225
Talismã,2021-01-03,110,0,1,0,0.35714285714285715,0.0,,2.041392685158225
Talismã,2021-01-04,110,0,1,0,0.35714285714285715,0.0,,2.041392685158225
Talismã,2021-01-05,119,9,1,0,1.0,0.0,,2.075546961392531
Talismã,2021-01-06,123,4,1,0,1.1428571428571428,0.0,,2.089905111439398
Talismã,2021-01-07,127,4,1,0,1.4285714285714286,0.0,,2.103803720955957
Talismã,2021-01-08,132,5,1,0,1.7857142857142858,0.0,,2.12057393120585
Talismã,2021-01-09,136,4,1,0,2.0714285714285716,0.0,,2.1335389083702174
Talismã,2021-01-10,136,0,1,0,2.0714285714285716,0.0,,2.1335389083702174
Talismã,2021-01-11,136,0,1,0,2.0714285714285716,0.0,,2.1335389083702174
Talismã,2021-01-12,141,5,1,0,2.2857142857142856,0.0,,2.1492191126553797
Talismã,2021-01-13,142,1,1,0,2.357142857142857,0.0,,2.1522883443830563
Talismã,2021-01-14,143,1,1,0,2.357142857142857,0.0,,2.155336037465062
Talismã,2021-01-15,143,0,0,-1,2.357142857142857,-0.07142857142857142,-inf,2.155336037465062
Talismã,2021-01-16,146,3,1,1,2.5714285714285716,0.0,,2.164352855784437
Talismã,2021-01-17,146,0,1,0,2.5714285714285716,0.0,,2.164352855784437
Talismã,2021-01-18,146,0,1,0,2.5714285714285716,0.0,,2.164352855784437
Talismã,2021-01-19,147,1,1,0,2.0,0.0,,2.167317334748176
Talismã,2021-01-20,151,4,1,0,2.0,0.0,,2.1789769472931693
São Salvador do Tocantins,2020-03-27,0,0,0,0,,,,0.0
São Salvador do Tocantins,2020-03-28,0,0,0,0,,,,0.0
São Salvador do Tocantins,2020-03-29,0,0,0,0,,,,0.0
São Salvador do Tocantins,2020-03-30,0,0,0,0,,,,0.0
São Salvador do Tocantins,2020-03-31,0,0,0,0,,,,0.0
São Salvador do Tocantins,2020-04-01,0,0,0,0,,,,0.0
São Salvador do Tocantins,2020-04-02,0,0,0,0,,,,0.0
São Salvador do Tocantins,2020-04-03,0,0,0,0,,,,0.0
São Salvador do Tocantins,2020-04-04,0,0,0,0,,,,0.0
São Salvador do Tocantins,2020-04-05,0,0,0,0,,,,0.0
São Salvador do Tocantins,2020-04-06,0,0,0,0,,,,0.0
São Salvador do Tocantins,2020-04-07,0,0,0,0,,,,0.0
São Salvador do Tocantins,2020-04-08,0,0,0,0,,,,0.0
São Salvador do Tocantins,2020-04-09,0,0,0,0,0.0,0.0,,0.0
São Salvador do Tocantins,2020-04-10,0,0,0,0,0.0,0.0,,0.0
São Salvador do Tocantins,2020-04-11,0,0,0,0,0.0,0.0,,0.0
São Salvador do Tocantins,2020-04-12,0,0,0,0,0.0,0.0,,0.0
São Salvador do Tocantins,2020-04-13,0,0,0,0,0.0,0.0,,0.0
São Salvador do Tocantins,2020-04-14,0,0,0,0,0.0,0.0,,0.0
São Salvador do Tocantins,2020-04-15,0,0,0,0,0.0,0.0,,0.0
São Salvador do Tocantins,2020-04-16,0,0,0,0,0.0,0.0,,0.0
São Salvador do Tocantins,2020-04-17,0,0,0,0,0.0,0.0,,0.0
São Salvador do Tocantins,2020-04-18,0,0,0,0,0.0,0.0,,0.0
São Salvador do Tocantins,2020-04-19,0,0,0,0,0.0,0.0,,0.0
São Salvador do Tocantins,2020-04-20,0,0,0,0,0.0,0.0,,0.0
São Salvador do Tocantins,2020-04-21,0,0,0,0,0.0,0.0,,0.0
São Salvador do Tocantins,2020-04-22,0,0,0,0,0.0,0.0,,0.0
São Salvador do Tocantins,2020-04-23,0,0,0,0,0.0,0.0,,0.0
São Salvador do Tocantins,2020-04-24,0,0,0,0,0.0,0.0,,0.0
São Salvador do Tocantins,2020-04-25,0,0,0,0,0.0,0.0,,0.0
São Salvador do Tocantins,2020-04-26,0,0,0,0,0.0,0.0,,0.0
São Salvador do Tocantins,2020-04-27,0,0,0,0,0.0,0.0,,0.0
São Salvador do Tocantins,2020-04-28,0,0,0,0,0.0,0.0,,0.0
São Salvador do Tocantins,2020-04-29,0,0,0,0,0.0,0.0,,0.0
São Salvador do Tocantins,2020-04-30,0,0,0,0,0.0,0.0,,0.0
São Salvador do Tocantins,2020-05-01,0,0,0,0,0.0,0.0,,0.0
São Salvador do Tocantins,2020-05-02,0,0,0,0,0.0,0.0,,0.0
São Salvador do Tocantins,2020-05-03,0,0,0,0,0.0,0.0,,0.0
São Salvador do Tocantins,2020-05-04,0,0,0,0,0.0,0.0,,0.0
São Salvador do Tocantins,2020-05-05,0,0,0,0,0.0,0.0,,0.0
São Salvador do Tocantins,2020-05-06,0,0,0,0,0.0,0.0,,0.0
São Salvador do Tocantins,2020-05-07,0,0,0,0,0.0,0.0,,0.0
São Salvador do Tocantins,2020-05-08,0,0,0,0,0.0,0.0,,0.0
São Salvador do Tocantins,2020-05-09,0,0,0,0,0.0,0.0,,0.0
São Salvador do Tocantins,2020-05-10,0,0,0,0,0.0,0.0,,0.0
São Salvador do Tocantins,2020-05-11,0,0,0,0,0.0,0.0,,0.0
São Salvador do Tocantins,2020-05-12,0,0,0,0,0.0,0.0,,0.0
São Salvador do Tocantins,2020-05-13,0,0,0,0,0.0,0.0,,0.0
São Salvador do Tocantins,2020-05-14,0,0,0,0,0.0,0.0,,0.0
São Salvador do Tocantins,2020-05-15,0,0,0,0,0.0,0.0,,0.0
São Salvador do Tocantins,2020-05-16,0,0,0,0,0.0,0.0,,0.0
São Salvador do Tocantins,2020-05-17,0,0,0,0,0.0,0.0,,0.0
São Salvador do Tocantins,2020-05-18,0,0,0,0,0.0,0.0,,0.0
São Salvador do Tocantins,2020-05-19,0,0,0,0,0.0,0.0,,0.0
São Salvador do Tocantins,2020-05-20,0,0,0,0,0.0,0.0,,0.0
São Salvador do Tocantins,2020-05-21,0,0,0,0,0.0,0.0,,0.0
São Salvador do Tocantins,2020-05-22,0,0,0,0,0.0,0.0,,0.0
São Salvador do Tocantins,2020-05-23,0,0,0,0,0.0,0.0,,0.0
São Salvador do Tocantins,2020-05-24,0,0,0,0,0.0,0.0,,0.0
São Salvador do Tocantins,2020-05-25,0,0,0,0,0.0,0.0,,0.0
São Salvador do Tocantins,2020-05-26,0,0,0,0,0.0,0.0,,0.0
São Salvador do Tocantins,2020-05-27,0,0,0,0,0.0,0.0,,0.0
São Salvador do Tocantins,2020-05-28,0,0,0,0,0.0,0.0,,0.0
São Salvador do Tocantins,2020-05-29,0,0,0,0,0.0,0.0,,0.0
São Salvador do Tocantins,2020-05-30,0,0,0,0,0.0,0.0,,0.0
São Salvador do Tocantins,2020-05-31,0,0,0,0,0.0,0.0,,0.0
São Salvador do Tocantins,2020-06-01,0,0,0,0,0.0,0.0,,0.0
São Salvador do Tocantins,2020-06-02,0,0,0,0,0.0,0.0,,0.0
São Salvador do Tocantins,2020-06-03,1,1,0,0,0.07142857142857142,0.0,,0.0
São Salvador do Tocantins,2020-06-04,1,0,0,0,0.07142857142857142,0.0,,0.0
São Salvador do Tocantins,2020-06-05,1,0,0,0,0.07142857142857142,0.0,,0.0
São Salvador do Tocantins,2020-06-06,2,1,0,0,0.14285714285714285,0.0,,0.3010299956639812
São Salvador do Tocantins,2020-06-07,1,-1,0,0,0.07142857142857142,0.0,,0.0
São Salvador do Tocantins,2020-06-08,1,0,0,0,0.07142857142857142,0.0,,0.0
São Salvador do Tocantins,2020-06-09,1,0,0,0,0.07142857142857142,0.0,,0.0
São Salvador do Tocantins,2020-06-10,1,0,0,0,0.07142857142857142,0.0,,0.0
São Salvador do Tocantins,2020-06-11,1,0,0,0,0.07142857142857142,0.0,,0.0
São Salvador do Tocantins,2020-06-12,1,0,0,0,0.07142857142857142,0.0,,0.0
São Salvador do Tocantins,2020-06-13,1,0,0,0,0.07142857142857142,0.0,,0.0
São Salvador do Tocantins,2020-06-14,1,0,0,0,0.07142857142857142,0.0,,0.0
São Salvador do Tocantins,2020-06-15,1,0,0,0,0.07142857142857142,0.0,,0.0
São Salvador do Tocantins,2020-06-16,1,0,0,0,0.07142857142857142,0.0,,0.0
São Salvador do Tocantins,2020-06-17,1,0,0,0,0.0,0.0,,0.0
São Salvador do Tocantins,2020-06-18,1,0,0,0,0.0,0.0,,0.0
São Salvador do Tocantins,2020-06-19,1,0,0,0,0.0,0.0,,0.0
São Salvador do Tocantins,2020-06-20,1,0,0,0,-0.07142857142857142,0.0,,0.0
São Salvador do Tocantins,2020-06-21,1,0,0,0,0.0,0.0,,0.0
São Salvador do Tocantins,2020-06-22,1,0,0,0,0.0,0.0,,0.0
São Salvador do Tocantins,2020-06-23,1,0,0,0,0.0,0.0,,0.0
São Salvador do Tocantins,2020-06-24,1,0,0,0,0.0,0.0,,0.0
São Salvador do Tocantins,2020-06-25,1,0,0,0,0.0,0.0,,0.0
São Salvador do Tocantins,2020-06-26,1,0,0,0,0.0,0.0,,0.0
São Salvador do Tocantins,2020-06-27,1,0,0,0,0.0,0.0,,0.0
São Salvador do Tocantins,2020-06-28,1,0,0,0,0.0,0.0,,0.0
São Salvador do Tocantins,2020-06-29,1,0,0,0,0.0,0.0,,0.0
São Salvador do Tocantins,2020-06-30,1,0,0,0,0.0,0.0,,0.0
São Salvador do Tocantins,2020-07-01,1,0,0,0,0.0,0.0,,0.0
São Salvador do Tocantins,2020-07-02,1,0,0,0,0.0,0.0,,0.0
São Salvador do Tocantins,2020-07-03,1,0,0,0,0.0,0.0,,0.0
São Salvador do Tocantins,2020-07-04,1,0,0,0,0.0,0.0,,0.0
São Salvador do Tocantins,2020-07-05,1,0,0,0,0.0,0.0,,0.0
São Salvador do Tocantins,2020-07-06,1,0,0,0,0.0,0.0,,0.0
São Salvador do Tocantins,2020-07-07,1,0,0,0,0.0,0.0,,0.0
São Salvador do Tocantins,2020-07-08,1,0,0,0,0.0,0.0,,0.0
São Salvador do Tocantins,2020-07-09,1,0,0,0,0.0,0.0,,0.0
São Salvador do Tocantins,2020-07-10,1,0,0,0,0.0,0.0,,0.0
São Salvador do Tocantins,2020-07-11,1,0,0,0,0.0,0.0,,0.0
São Salvador do Tocantins,2020-07-12,1,0,0,0,0.0,0.0,,0.0
São Salvador do Tocantins,2020-07-13,1,0,0,0,0.0,0.0,,0.0
São Salvador do Tocantins,2020-07-14,1,0,0,0,0.0,0.0,,0.0
São Salvador do Tocantins,2020-07-15,1,0,0,0,0.0,0.0,,0.0
São Salvador do Tocantins,2020-07-16,1,0,0,0,0.0,0.0,,0.0
São Salvador do Tocantins,2020-07-17,1,0,0,0,0.0,0.0,,0.0
São Salvador do Tocantins,2020-07-18,1,0,0,0,0.0,0.0,,0.0
São Salvador do Tocantins,2020-07-19,1,0,0,0,0.0,0.0,,0.0
São Salvador do Tocantins,2020-07-20,1,0,0,0,0.0,0.0,,0.0
São Salvador do Tocantins,2020-07-21,1,0,0,0,0.0,0.0,,0.0
São Salvador do Tocantins,2020-07-22,1,0,0,0,0.0,0.0,,0.0
São Salvador do Tocantins,2020-07-23,1,0,0,0,0.0,0.0,,0.0
São Salvador do Tocantins,2020-07-24,1,0,0,0,0.0,0.0,,0.0
São Salvador do Tocantins,2020-07-25,1,0,0,0,0.0,0.0,,0.0
São Salvador do Tocantins,2020-07-26,2,1,0,0,0.07142857142857142,0.0,,0.3010299956639812
São Salvador do Tocantins,2020-07-27,2,0,0,0,0.07142857142857142,0.0,,0.3010299956639812
São Salvador do Tocantins,2020-07-28,2,0,0,0,0.07142857142857142,0.0,,0.3010299956639812
São Salvador do Tocantins,2020-07-29,4,2,0,0,0.21428571428571427,0.0,,0.6020599913279624
São Salvador do Tocantins,2020-07-30,5,1,0,0,0.2857142857142857,0.0,,0.6989700043360189
São Salvador do Tocantins,2020-07-31,5,0,0,0,0.2857142857142857,0.0,,0.6989700043360189
São Salvador do Tocantins,2020-08-01,5,0,0,0,0.2857142857142857,0.0,,0.6989700043360189
São Salvador do Tocantins,2020-08-02,5,0,0,0,0.2857142857142857,0.0,,0.6989700043360189
São Salvador do Tocantins,2020-08-03,5,0,0,0,0.2857142857142857,0.0,,0.6989700043360189
São Salvador do Tocantins,2020-08-04,5,0,0,0,0.2857142857142857,0.0,,0.6989700043360189
São Salvador do Tocantins,2020-08-05,5,0,0,0,0.2857142857142857,0.0,,0.6989700043360189
São Salvador do Tocantins,2020-08-06,6,1,0,0,0.35714285714285715,0.0,,0.7781512503836436
São Salvador do Tocantins,2020-08-07,6,0,0,0,0.35714285714285715,0.0,,0.7781512503836436
São Salvador do Tocantins,2020-08-08,6,0,0,0,0.35714285714285715,0.0,,0.7781512503836436
São Salvador do Tocantins,2020-08-09,6,0,0,0,0.2857142857142857,0.0,,0.7781512503836436
São Salvador do Tocantins,2020-08-10,6,0,0,0,0.2857142857142857,0.0,,0.7781512503836436
São Salvador do Tocantins,2020-08-11,6,0,0,0,0.2857142857142857,0.0,,0.7781512503836436
São Salvador do Tocantins,2020-08-12,6,0,0,0,0.14285714285714285,0.0,,0.7781512503836436
São Salvador do Tocantins,2020-08-13,13,7,0,0,0.5714285714285714,0.0,,1.1139433523068367
São Salvador do Tocantins,2020-08-14,16,3,0,0,0.7857142857142857,0.0,,1.2041199826559248
São Salvador do Tocantins,2020-08-15,16,0,0,0,0.7857142857142857,0.0,,1.2041199826559248
São Salvador do Tocantins,2020-08-16,16,0,0,0,0.7857142857142857,0.0,,1.2041199826559248
São Salvador do Tocantins,2020-08-17,16,0,0,0,0.7857142857142857,0.0,,1.2041199826559248
São Salvador do Tocantins,2020-08-18,17,1,0,0,0.8571428571428571,0.0,,1.2304489213782739
São Salvador do Tocantins,2020-08-19,18,1,0,0,0.9285714285714286,0.0,,1.255272505103306
São Salvador do Tocantins,2020-08-20,18,0,0,0,0.8571428571428571,0.0,,1.255272505103306
São Salvador do Tocantins,2020-08-21,18,0,0,0,0.8571428571428571,0.0,,1.255272505103306
São Salvador do Tocantins,2020-08-22,18,0,0,0,0.8571428571428571,0.0,,1.255272505103306
São Salvador do Tocantins,2020-08-23,18,0,0,0,0.8571428571428571,0.0,,1.255272505103306
São Salvador do Tocantins,2020-08-24,18,0,0,0,0.8571428571428571,0.0,,1.255272505103306
São Salvador do Tocantins,2020-08-25,19,1,0,0,0.9285714285714286,0.0,,1.2787536009528289
São Salvador do Tocantins,2020-08-26,18,-1,0,0,0.8571428571428571,0.0,,1.255272505103306
São Salvador do Tocantins,2020-08-27,19,1,0,0,0.42857142857142855,0.0,,1.2787536009528289
São Salvador do Tocantins,2020-08-28,19,0,0,0,0.21428571428571427,0.0,,1.2787536009528289
São Salvador do Tocantins,2020-08-29,19,0,0,0,0.21428571428571427,0.0,,1.2787536009528289
São Salvador do Tocantins,2020-08-30,20,1,0,0,0.2857142857142857,0.0,,1.3010299956639813
São Salvador do Tocantins,2020-08-31,20,0,0,0,0.2857142857142857,0.0,,1.3010299956639813
São Salvador do Tocantins,2020-09-01,20,0,0,0,0.21428571428571427,0.0,,1.3010299956639813
São Salvador do Tocantins,2020-09-02,20,0,0,0,0.14285714285714285,0.0,,1.3010299956639813
São Salvador do Tocantins,2020-09-03,20,0,0,0,0.14285714285714285,0.0,,1.3010299956639813
São Salvador do Tocantins,2020-09-04,20,0,0,0,0.14285714285714285,0.0,,1.3010299956639813
São Salvador do Tocantins,2020-09-05,20,0,0,0,0.14285714285714285,0.0,,1.3010299956639813
São Salvador do Tocantins,2020-09-06,20,0,0,0,0.14285714285714285,0.0,,1.3010299956639813
São Salvador do Tocantins,2020-09-07,20,0,0,0,0.14285714285714285,0.0,,1.3010299956639813
São Salvador do Tocantins,2020-09-08,20,0,0,0,0.07142857142857142,0.0,,1.3010299956639813
São Salvador do Tocantins,2020-09-09,20,0,0,0,0.14285714285714285,0.0,,1.3010299956639813
São Salvador do Tocantins,2020-09-10,20,0,0,0,0.07142857142857142,0.0,,1.3010299956639813
São Salvador do Tocantins,2020-09-11,20,0,0,0,0.07142857142857142,0.0,,1.3010299956639813
São Salvador do Tocantins,2020-09-12,20,0,0,0,0.07142857142857142,0.0,,1.3010299956639813
São Salvador do Tocantins,2020-09-13,20,0,0,0,0.0,0.0,,1.3010299956639813
São Salvador do Tocantins,2020-09-14,20,0,0,0,0.0,0.0,,1.3010299956639813
São Salvador do Tocantins,2020-09-15,20,0,0,0,0.0,0.0,,1.3010299956639813
São Salvador do Tocantins,2020-09-16,22,2,0,0,0.14285714285714285,0.0,,1.3424226808222062
São Salvador do Tocantins,2020-09-17,23,1,0,0,0.21428571428571427,0.0,,1.3617278360175928
São Salvador do Tocantins,2020-09-18,23,0,0,0,0.21428571428571427,0.0,,1.3617278360175928
São Salvador do Tocantins,2020-09-19,23,0,0,0,0.21428571428571427,0.0,,1.3617278360175928
São Salvador do Tocantins,2020-09-20,23,0,0,0,0.21428571428571427,0.0,,1.3617278360175928
São Salvador do Tocantins,2020-09-21,23,0,0,0,0.21428571428571427,0.0,,1.3617278360175928
São Salvador do Tocantins,2020-09-22,23,0,0,0,0.21428571428571427,0.0,,1.3617278360175928
São Salvador do Tocantins,2020-09-23,23,0,0,0,0.21428571428571427,0.0,,1.3617278360175928
São Salvador do Tocantins,2020-09-24,22,-1,0,0,0.14285714285714285,0.0,,1.3424226808222062
São Salvador do Tocantins,2020-09-25,22,0,0,0,0.14285714285714285,0.0,,1.3424226808222062
São Salvador do Tocantins,2020-09-26,22,0,0,0,0.14285714285714285,0.0,,1.3424226808222062
São Salvador do Tocantins,2020-09-27,22,0,0,0,0.14285714285714285,0.0,,1.3424226808222062
São Salvador do Tocantins,2020-09-28,22,0,0,0,0.14285714285714285,0.0,,1.3424226808222062
São Salvador do Tocantins,2020-09-29,22,0,0,0,0.14285714285714285,0.0,,1.3424226808222062
São Salvador do Tocantins,2020-09-30,26,4,0,0,0.2857142857142857,0.0,,1.414973347970818
São Salvador do Tocantins,2020-10-01,33,7,0,0,0.7142857142857143,0.0,,1.5185139398778875
São Salvador do Tocantins,2020-10-02,33,0,0,0,0.7142857142857143,0.0,,1.5185139398778875
São Salvador do Tocantins,2020-10-03,33,0,0,0,0.7142857142857143,0.0,,1.5185139398778875
São Salvador do Tocantins,2020-10-04,33,0,0,0,0.7142857142857143,0.0,,1.5185139398778875
São Salvador do Tocantins,2020-10-05,33,0,0,0,0.7142857142857143,0.0,,1.5185139398778875
São Salvador do Tocantins,2020-10-06,33,0,0,0,0.7142857142857143,0.0,,1.5185139398778875
São Salvador do Tocantins,2020-10-07,33,0,0,0,0.7142857142857143,0.0,,1.5185139398778875
São Salvador do Tocantins,2020-10-08,33,0,0,0,0.7857142857142857,0.0,,1.5185139398778875
São Salvador do Tocantins,2020-10-09,33,0,0,0,0.7857142857142857,0.0,,1.5185139398778875
São Salvador do Tocantins,2020-10-10,33,0,0,0,0.7857142857142857,0.0,,1.5185139398778875
São Salvador do Tocantins,2020-10-11,33,0,0,0,0.7857142857142857,0.0,,1.5185139398778875
São Salvador do Tocantins,2020-10-12,33,0,0,0,0.7857142857142857,0.0,,1.5185139398778875
São Salvador do Tocantins,2020-10-13,33,0,0,0,0.7857142857142857,0.0,,1.5185139398778875
São Salvador do Tocantins,2020-10-14,33,0,0,0,0.5,0.0,,1.5185139398778875
São Salvador do Tocantins,2020-10-15,33,0,0,0,0.0,0.0,,1.5185139398778875
São Salvador do Tocantins,2020-10-16,33,0,0,0,0.0,0.0,,1.5185139398778875
São Salvador do Tocantins,2020-10-17,33,0,0,0,0.0,0.0,,1.5185139398778875
São Salvador do Tocantins,2020-10-18,33,0,0,0,0.0,0.0,,1.5185139398778875
São Salvador do Tocantins,2020-10-19,33,0,0,0,0.0,0.0,,1.5185139398778875
São Salvador do Tocantins,2020-10-20,33,0,0,0,0.0,0.0,,1.5185139398778875
São Salvador do Tocantins,2020-10-21,33,0,0,0,0.0,0.0,,1.5185139398778875
São Salvador do Tocantins,2020-10-22,33,0,0,0,0.0,0.0,,1.5185139398778875
São Salvador do Tocantins,2020-10-23,33,0,0,0,0.0,0.0,,1.5185139398778875
São Salvador do Tocantins,2020-10-24,33,0,0,0,0.0,0.0,,1.5185139398778875
São Salvador do Tocantins,2020-10-25,33,0,0,0,0.0,0.0,,1.5185139398778875
São Salvador do Tocantins,2020-10-26,33,0,0,0,0.0,0.0,,1.5185139398778875
São Salvador do Tocantins,2020-10-27,33,0,0,0,0.0,0.0,,1.5185139398778875
São Salvador do Tocantins,2020-10-28,33,0,0,0,0.0,0.0,,1.5185139398778875
São Salvador do Tocantins,2020-10-29,33,0,0,0,0.0,0.0,,1.5185139398778875
São Salvador do Tocantins,2020-10-30,33,0,0,0,0.0,0.0,,1.5185139398778875
São Salvador do Tocantins,2020-10-31,33,0,0,0,0.0,0.0,,1.5185139398778875
São Salvador do Tocantins,2020-11-01,33,0,0,0,0.0,0.0,,1.5185139398778875
São Salvador do Tocantins,2020-11-02,33,0,0,0,0.0,0.0,,1.5185139398778875
São Salvador do Tocantins,2020-11-03,33,0,0,0,0.0,0.0,,1.5185139398778875
São Salvador do Tocantins,2020-11-04,33,0,0,0,0.0,0.0,,1.5185139398778875
São Salvador do Tocantins,2020-11-05,33,0,0,0,0.0,0.0,,1.5185139398778875
São Salvador do Tocantins,2020-11-06,33,0,0,0,0.0,0.0,,1.5185139398778875
São Salvador do Tocantins,2020-11-07,33,0,0,0,0.0,0.0,,1.5185139398778875
São Salvador do Tocantins,2020-11-08,33,0,0,0,0.0,0.0,,1.5185139398778875
São Salvador do Tocantins,2020-11-09,33,0,0,0,0.0,0.0,,1.5185139398778875
São Salvador do Tocantins,2020-11-10,33,0,0,0,0.0,0.0,,1.5185139398778875
São Salvador do Tocantins,2020-11-11,33,0,0,0,0.0,0.0,,1.5185139398778875
São Salvador do Tocantins,2020-11-12,33,0,0,0,0.0,0.0,,1.5185139398778875
São Salvador do Tocantins,2020-11-13,33,0,0,0,0.0,0.0,,1.5185139398778875
São Salvador do Tocantins,2020-11-14,33,0,0,0,0.0,0.0,,1.5185139398778875
São Salvador do Tocantins,2020-11-15,33,0,0,0,0.0,0.0,,1.5185139398778875
São Salvador do Tocantins,2020-11-16,33,0,0,0,0.0,0.0,,1.5185139398778875
São Salvador do Tocantins,2020-11-17,33,0,0,0,0.0,0.0,,1.5185139398778875
São Salvador do Tocantins,2020-11-18,33,0,0,0,0.0,0.0,,1.5185139398778875
São Salvador do Tocantins,2020-11-19,33,0,0,0,0.0,0.0,,1.5185139398778875
São Salvador do Tocantins,2020-11-20,33,0,0,0,0.0,0.0,,1.5185139398778875
São Salvador do Tocantins,2020-11-21,33,0,0,0,0.0,0.0,,1.5185139398778875
São Salvador do Tocantins,2020-11-22,33,0,0,0,0.0,0.0,,1.5185139398778875
São Salvador do Tocantins,2020-11-23,33,0,0,0,0.0,0.0,,1.5185139398778875
São Salvador do Tocantins,2020-11-24,33,0,0,0,0.0,0.0,,1.5185139398778875
São Salvador do Tocantins,2020-11-25,33,0,0,0,0.0,0.0,,1.5185139398778875
São Salvador do Tocantins,2020-11-26,33,0,0,0,0.0,0.0,,1.5185139398778875
São Salvador do Tocantins,2020-11-27,33,0,0,0,0.0,0.0,,1.5185139398778875
São Salvador do Tocantins,2020-11-28,33,0,0,0,0.0,0.0,,1.5185139398778875
São Salvador do Tocantins,2020-11-29,33,0,0,0,0.0,0.0,,1.5185139398778875
São Salvador do Tocantins,2020-11-30,33,0,0,0,0.0,0.0,,1.5185139398778875
São Salvador do Tocantins,2020-12-01,33,0,0,0,0.0,0.0,,1.5185139398778875
São Salvador do Tocantins,2020-12-02,33,0,0,0,0.0,0.0,,1.5185139398778875
São Salvador do Tocantins,2020-12-03,33,0,0,0,0.0,0.0,,1.5185139398778875
São Salvador do Tocantins,2020-12-04,33,0,0,0,0.0,0.0,,1.5185139398778875
São Salvador do Tocantins,2020-12-05,33,0,0,0,0.0,0.0,,1.5185139398778875
São Salvador do Tocantins,2020-12-06,33,0,0,0,0.0,0.0,,1.5185139398778875
São Salvador do Tocantins,2020-12-07,33,0,0,0,0.0,0.0,,1.5185139398778875
São Salvador do Tocantins,2020-12-08,33,0,0,0,0.0,0.0,,1.5185139398778875
São Salvador do Tocantins,2020-12-09,34,1,0,0,0.07142857142857142,0.0,,1.5314789170422551
São Salvador do Tocantins,2020-12-10,34,0,0,0,0.07142857142857142,0.0,,1.5314789170422551
São Salvador do Tocantins,2020-12-11,34,0,0,0,0.07142857142857142,0.0,,1.5314789170422551
São Salvador do Tocantins,2020-12-12,34,0,0,0,0.07142857142857142,0.0,,1.5314789170422551
São Salvador do Tocantins,2020-12-13,34,0,0,0,0.07142857142857142,0.0,,1.5314789170422551
São Salvador do Tocantins,2020-12-14,34,0,0,0,0.07142857142857142,0.0,,1.5314789170422551
São Salvador do Tocantins,2020-12-15,35,1,0,0,0.14285714285714285,0.0,,1.5440680443502757
São Salvador do Tocantins,2020-12-16,35,0,0,0,0.14285714285714285,0.0,,1.5440680443502757
São Salvador do Tocantins,2020-12-17,35,0,0,0,0.14285714285714285,0.0,,1.5440680443502757
São Salvador do Tocantins,2020-12-18,35,0,0,0,0.14285714285714285,0.0,,1.5440680443502757
São Salvador do Tocantins,2020-12-19,35,0,0,0,0.14285714285714285,0.0,,1.5440680443502757
São Salvador do Tocantins,2020-12-20,35,0,0,0,0.14285714285714285,0.0,,1.5440680443502757
São Salvador do Tocantins,2020-12-21,35,0,0,0,0.14285714285714285,0.0,,1.5440680443502757
São Salvador do Tocantins,2020-12-22,35,0,0,0,0.14285714285714285,0.0,,1.5440680443502757
São Salvador do Tocantins,2020-12-23,35,0,0,0,0.07142857142857142,0.0,,1.5440680443502757
São Salvador do Tocantins,2020-12-24,35,0,0,0,0.07142857142857142,0.0,,1.5440680443502757
São Salvador do Tocantins,2020-12-25,35,0,0,0,0.07142857142857142,0.0,,1.5440680443502757
São Salvador do Tocantins,2020-12-26,35,0,0,0,0.07142857142857142,0.0,,1.5440680443502757
São Salvador do Tocantins,2020-12-27,35,0,0,0,0.07142857142857142,0.0,,1.5440680443502757
São Salvador do Tocantins,2020-12-28,35,0,0,0,0.07142857142857142,0.0,,1.5440680443502757
São Salvador do Tocantins,2020-12-29,35,0,0,0,0.0,0.0,,1.5440680443502757
São Salvador do Tocantins,2020-12-30,35,0,0,0,0.0,0.0,,1.5440680443502757
São Salvador do Tocantins,2020-12-31,35,0,0,0,0.0,0.0,,1.5440680443502757
São Salvador do Tocantins,2021-01-01,35,0,0,0,0.0,0.0,,1.5440680443502757
São Salvador do Tocantins,2021-01-02,35,0,0,0,0.0,0.0,,1.5440680443502757
São Salvador do Tocantins,2021-01-03,35,0,0,0,0.0,0.0,,1.5440680443502757
São Salvador do Tocantins,2021-01-04,35,0,0,0,0.0,0.0,,1.5440680443502757
São Salvador do Tocantins,2021-01-05,35,0,0,0,0.0,0.0,,1.5440680443502757
São Salvador do Tocantins,2021-01-06,35,0,0,0,0.0,0.0,,1.5440680443502757
São Salvador do Tocantins,2021-01-07,35,0,0,0,0.0,0.0,,1.5440680443502757
São Salvador do Tocantins,2021-01-08,36,1,0,0,0.07142857142857142,0.0,,1.5563025007672873
São Salvador do Tocantins,2021-01-09,36,0,0,0,0.07142857142857142,0.0,,1.5563025007672873
São Salvador do Tocantins,2021-01-10,36,0,0,0,0.07142857142857142,0.0,,1.5563025007672873
São Salvador do Tocantins,2021-01-11,36,0,0,0,0.07142857142857142,0.0,,1.5563025007672873
São Salvador do Tocantins,2021-01-12,38,2,0,0,0.21428571428571427,0.0,,1.5797835966168101
São Salvador do Tocantins,2021-01-13,39,1,0,0,0.2857142857142857,0.0,,1.591064607026499
São Salvador do Tocantins,2021-01-14,39,0,0,0,0.2857142857142857,0.0,,1.591064607026499
São Salvador do Tocantins,2021-01-15,39,0,0,0,0.2857142857142857,0.0,,1.591064607026499
São Salvador do Tocantins,2021-01-16,39,0,0,0,0.2857142857142857,0.0,,1.591064607026499
São Salvador do Tocantins,2021-01-17,39,0,0,0,0.2857142857142857,0.0,,1.591064607026499
São Salvador do Tocantins,2021-01-18,39,0,0,0,0.2857142857142857,0.0,,1.591064607026499
São Salvador do Tocantins,2021-01-19,39,0,0,0,0.2857142857142857,0.0,,1.591064607026499
São Salvador do Tocantins,2021-01-20,39,0,0,0,0.2857142857142857,0.0,,1.591064607026499
São Miguel do Tocantins,2020-03-27,0,0,0,0,,,,0.0
São Miguel do Tocantins,2020-03-28,0,0,0,0,,,,0.0
São Miguel do Tocantins,2020-03-29,0,0,0,0,,,,0.0
São Miguel do Tocantins,2020-03-30,0,0,0,0,,,,0.0
São Miguel do Tocantins,2020-03-31,0,0,0,0,,,,0.0
São Miguel do Tocantins,2020-04-01,0,0,0,0,,,,0.0
São Miguel do Tocantins,2020-04-02,0,0,0,0,,,,0.0
São Miguel do Tocantins,2020-04-03,0,0,0,0,,,,0.0
São Miguel do Tocantins,2020-04-04,0,0,0,0,,,,0.0
São Miguel do Tocantins,2020-04-05,0,0,0,0,,,,0.0
São Miguel do Tocantins,2020-04-06,0,0,0,0,,,,0.0
São Miguel do Tocantins,2020-04-07,0,0,0,0,,,,0.0
São Miguel do Tocantins,2020-04-08,0,0,0,0,,,,0.0
São Miguel do Tocantins,2020-04-09,0,0,0,0,0.0,0.0,,0.0
São Miguel do Tocantins,2020-04-10,0,0,0,0,0.0,0.0,,0.0
São Miguel do Tocantins,2020-04-11,0,0,0,0,0.0,0.0,,0.0
São Miguel do Tocantins,2020-04-12,0,0,0,0,0.0,0.0,,0.0
São Miguel do Tocantins,2020-04-13,0,0,0,0,0.0,0.0,,0.0
São Miguel do Tocantins,2020-04-14,0,0,0,0,0.0,0.0,,0.0
São Miguel do Tocantins,2020-04-15,0,0,0,0,0.0,0.0,,0.0
São Miguel do Tocantins,2020-04-16,0,0,0,0,0.0,0.0,,0.0
São Miguel do Tocantins,2020-04-17,0,0,0,0,0.0,0.0,,0.0
São Miguel do Tocantins,2020-04-18,0,0,0,0,0.0,0.0,,0.0
São Miguel do Tocantins,2020-04-19,0,0,0,0,0.0,0.0,,0.0
São Miguel do Tocantins,2020-04-20,0,0,0,0,0.0,0.0,,0.0
São Miguel do Tocantins,2020-04-21,0,0,0,0,0.0,0.0,,0.0
São Miguel do Tocantins,2020-04-22,0,0,0,0,0.0,0.0,,0.0
São Miguel do Tocantins,2020-04-23,0,0,0,0,0.0,0.0,,0.0
São Miguel do Tocantins,2020-04-24,0,0,0,0,0.0,0.0,,0.0
São Miguel do Tocantins,2020-04-25,0,0,0,0,0.0,0.0,,0.0
São Miguel do Tocantins,2020-04-26,0,0,0,0,0.0,0.0,,0.0
São Miguel do Tocantins,2020-04-27,0,0,0,0,0.0,0.0,,0.0
São Miguel do Tocantins,2020-04-28,1,1,0,0,0.07142857142857142,0.0,,0.0
São Miguel do Tocantins,2020-04-29,2,1,0,0,0.14285714285714285,0.0,,0.3010299956639812
São Miguel do Tocantins,2020-04-30,3,1,0,0,0.21428571428571427,0.0,,0.47712125471966244
São Miguel do Tocantins,2020-05-01,6,3,0,0,0.42857142857142855,0.0,,0.7781512503836436
São Miguel do Tocantins,2020-05-02,9,3,0,0,0.6428571428571429,0.0,,0.9542425094393249
São Miguel do Tocantins,2020-05-03,9,0,0,0,0.6428571428571429,0.0,,0.9542425094393249
São Miguel do Tocantins,2020-05-04,9,0,0,0,0.6428571428571429,0.0,,0.9542425094393249
São Miguel do Tocantins,2020-05-05,9,0,0,0,0.6428571428571429,0.0,,0.9542425094393249
São Miguel do Tocantins,2020-05-06,18,9,0,0,1.2857142857142858,0.0,,1.255272505103306
São Miguel do Tocantins,2020-05-07,18,0,0,0,1.2857142857142858,0.0,,1.255272505103306
São Miguel do Tocantins,2020-05-08,18,0,0,0,1.2857142857142858,0.0,,1.255272505103306
São Miguel do Tocantins,2020-05-09,18,0,0,0,1.2857142857142858,0.0,,1.255272505103306
São Miguel do Tocantins,2020-05-10,18,0,0,0,1.2857142857142858,0.0,,1.255272505103306
São Miguel do Tocantins,2020-05-11,18,0,0,0,1.2857142857142858,0.0,,1.255272505103306
São Miguel do Tocantins,2020-05-12,20,2,1,1,1.3571428571428572,0.07142857142857142,inf,1.3010299956639813
São Miguel do Tocantins,2020-05-13,25,5,2,1,1.6428571428571428,0.14285714285714285,inf,1.3979400086720377
São Miguel do Tocantins,2020-05-14,25,0,2,0,1.5714285714285714,0.14285714285714285,inf,1.3979400086720377
São Miguel do Tocantins,2020-05-15,29,4,2,0,1.6428571428571428,0.14285714285714285,inf,1.462397997898956
São Miguel do Tocantins,2020-05-16,30,1,2,0,1.5,0.14285714285714285,inf,1.4771212547196624
São Miguel do Tocantins,2020-05-17,30,0,3,1,1.5,0.21428571428571427,inf,1.4771212547196624
São Miguel do Tocantins,2020-05-18,30,0,3,0,1.5,0.21428571428571427,inf,1.4771212547196624
São Miguel do Tocantins,2020-05-19,35,5,3,0,1.8571428571428572,0.21428571428571427,inf,1.5440680443502757
São Miguel do Tocantins,2020-05-20,36,1,3,0,1.2857142857142858,0.21428571428571427,inf,1.5563025007672873
São Miguel do Tocantins,2020-05-21,35,-1,3,0,1.2142857142857142,0.21428571428571427,inf,1.5440680443502757
São Miguel do Tocantins,2020-05-22,37,2,3,0,1.3571428571428572,0.21428571428571427,inf,1.568201724066995
São Miguel do Tocantins,2020-05-23,37,0,3,0,1.3571428571428572,0.21428571428571427,inf,1.568201724066995
São Miguel do Tocantins,2020-05-24,38,1,3,0,1.4285714285714286,0.21428571428571427,inf,1.5797835966168101
São Miguel do Tocantins,2020-05-25,38,0,3,0,1.4285714285714286,0.21428571428571427,inf,1.5797835966168101
São Miguel do Tocantins,2020-05-26,43,5,3,0,1.6428571428571428,0.14285714285714285,1.0,1.6334684555795866
São Miguel do Tocantins,2020-05-27,46,3,3,0,1.5,0.07142857142857142,-0.5,1.662757831681574
São Miguel do Tocantins,2020-05-28,46,0,3,0,1.5,0.07142857142857142,-0.5,1.662757831681574
São Miguel do Tocantins,2020-05-29,57,11,3,0,2.0,0.07142857142857142,-0.5,1.7558748556724915
São Miguel do Tocantins,2020-05-30,62,5,3,0,2.2857142857142856,0.07142857142857142,-0.5,1.792391689498254
São Miguel do Tocantins,2020-05-31,61,-1,3,0,2.2142857142857144,0.0,-1.0,1.7853298350107671
São Miguel do Tocantins,2020-06-01,61,0,3,0,2.2142857142857144,0.0,-1.0,1.7853298350107671
São Miguel do Tocantins,2020-06-02,67,6,3,0,2.2857142857142856,0.0,-1.0,1.8260748027008264
São Miguel do Tocantins,2020-06-03,76,9,3,0,2.857142857142857,0.0,-1.0,1.8808135922807914
São Miguel do Tocantins,2020-06-04,83,7,3,0,3.4285714285714284,0.0,-1.0,1.919078092376074
São Miguel do Tocantins,2020-06-05,88,5,3,0,3.642857142857143,0.0,-1.0,1.9444826721501687
São Miguel do Tocantins,2020-06-06,88,0,4,1,3.642857142857143,0.07142857142857142,-0.6666666666666666,1.9444826721501687
São Miguel do Tocantins,2020-06-07,88,0,4,0,3.5714285714285716,0.07142857142857142,-0.6666666666666666,1.9444826721501687
São Miguel do Tocantins,2020-06-08,89,1,4,0,3.642857142857143,0.07142857142857142,-0.6666666666666666,1.9493900066449128
São Miguel do Tocantins,2020-06-09,91,2,4,0,3.4285714285714284,0.07142857142857142,-0.5,1.9590413923210936
São Miguel do Tocantins,2020-06-10,94,3,4,0,3.4285714285714284,0.07142857142857142,0.0,1.9731278535996986
São Miguel do Tocantins,2020-06-11,94,0,4,0,3.4285714285714284,0.07142857142857142,0.0,1.9731278535996986
São Miguel do Tocantins,2020-06-12,96,2,5,1,2.7857142857142856,0.14285714285714285,1.0,1.9822712330395684
São Miguel do Tocantins,2020-06-13,106,10,5,0,3.142857142857143,0.14285714285714285,1.0,2.0253058652647704
São Miguel do Tocantins,2020-06-14,106,0,5,0,3.2142857142857144,0.14285714285714285,inf,2.0253058652647704
São Miguel do Tocantins,2020-06-15,109,3,5,0,3.4285714285714284,0.14285714285714285,inf,2.037426497940624
São Miguel do Tocantins,2020-06-16,113,4,5,0,3.2857142857142856,0.14285714285714285,inf,2.05307844348342
São Miguel do Tocantins,2020-06-17,116,3,6,1,2.857142857142857,0.21428571428571427,inf,2.0644579892269186
São Miguel do Tocantins,2020-06-18,120,4,6,0,2.642857142857143,0.21428571428571427,inf,2.0791812460476247
São Miguel do Tocantins,2020-06-19,124,4,6,0,2.5714285714285716,0.21428571428571427,inf,2.093421685162235
São Miguel do Tocantins,2020-06-20,125,1,6,0,2.642857142857143,0.14285714285714285,1.0,2.0969100130080562
São Miguel do Tocantins,2020-06-21,125,0,6,0,2.642857142857143,0.14285714285714285,1.0,2.0969100130080562
São Miguel do Tocantins,2020-06-22,125,0,6,0,2.5714285714285716,0.14285714285714285,1.0,2.0969100130080562
São Miguel do Tocantins,2020-06-23,128,3,6,0,2.642857142857143,0.14285714285714285,1.0,2.1072099696478683
São Miguel do Tocantins,2020-06-24,128,0,0,-6,2.4285714285714284,-0.2857142857142857,-5.0,2.1072099696478683
São Miguel do Tocantins,2020-06-25,129,1,6,6,2.5,0.14285714285714285,1.0,2.110589710299249
São Miguel do Tocantins,2020-06-26,129,0,6,0,2.357142857142857,0.07142857142857142,-0.5,2.110589710299249
São Miguel do Tocantins,2020-06-27,129,0,6,0,1.6428571428571428,0.07142857142857142,-0.5,2.110589710299249
São Miguel do Tocantins,2020-06-28,129,0,6,0,1.6428571428571428,0.07142857142857142,-0.5,2.110589710299249
São Miguel do Tocantins,2020-06-29,129,0,6,0,1.4285714285714286,0.07142857142857142,-0.5,2.110589710299249
São Miguel do Tocantins,2020-06-30,135,6,6,0,1.5714285714285714,0.07142857142857142,-0.5,2.130333768495006
São Miguel do Tocantins,2020-07-01,135,0,6,0,1.3571428571428572,0.0,-1.0,2.130333768495006
São Miguel do Tocantins,2020-07-02,135,0,6,0,1.0714285714285714,0.0,-1.0,2.130333768495006
São Miguel do Tocantins,2020-07-03,135,0,6,0,0.7857142857142857,0.0,-1.0,2.130333768495006
São Miguel do Tocantins,2020-07-04,135,0,6,0,0.7142857142857143,0.0,-1.0,2.130333768495006
São Miguel do Tocantins,2020-07-05,135,0,6,0,0.7142857142857143,0.0,-1.0,2.130333768495006
São Miguel do Tocantins,2020-07-06,135,0,6,0,0.7142857142857143,0.0,-1.0,2.130333768495006
São Miguel do Tocantins,2020-07-07,143,8,6,0,1.0714285714285714,0.0,-1.0,2.155336037465062
São Miguel do Tocantins,2020-07-08,144,1,6,0,1.1428571428571428,0.42857142857142855,-2.5,2.1583624920952498
São Miguel do Tocantins,2020-07-09,144,0,6,0,1.0714285714285714,0.0,-1.0,2.1583624920952498
São Miguel do Tocantins,2020-07-10,145,1,6,0,1.1428571428571428,0.0,-1.0,2.161368002234975
São Miguel do Tocantins,2020-07-11,145,0,6,0,1.1428571428571428,0.0,-1.0,2.161368002234975
São Miguel do Tocantins,2020-07-12,145,0,6,0,1.1428571428571428,0.0,-1.0,2.161368002234975
São Miguel do Tocantins,2020-07-13,145,0,6,0,1.1428571428571428,0.0,-1.0,2.161368002234975
São Miguel do Tocantins,2020-07-14,149,4,6,0,1.0,0.0,-1.0,2.173186268412274
São Miguel do Tocantins,2020-07-15,149,0,6,0,1.0,0.0,,2.173186268412274
São Miguel do Tocantins,2020-07-16,150,1,6,0,1.0714285714285714,0.0,,2.1760912590556813
São Miguel do Tocantins,2020-07-17,157,7,6,0,1.5714285714285714,0.0,,2.1958996524092336
São Miguel do Tocantins,2020-07-18,157,0,6,0,1.5714285714285714,0.0,,2.1958996524092336
São Miguel do Tocantins,2020-07-19,157,0,6,0,1.5714285714285714,0.0,,2.1958996524092336
São Miguel do Tocantins,2020-07-20,157,0,6,0,1.5714285714285714,0.0,,2.1958996524092336
São Miguel do Tocantins,2020-07-21,160,3,6,0,1.2142857142857142,0.0,,2.204119982655925
São Miguel do Tocantins,2020-07-22,163,3,6,0,1.3571428571428572,0.0,-1.0,2.2121876044039577
São Miguel do Tocantins,2020-07-23,163,0,6,0,1.3571428571428572,0.0,,2.2121876044039577
São Miguel do Tocantins,2020-07-24,172,9,6,0,1.9285714285714286,0.0,,2.2355284469075487
São Miguel do Tocantins,2020-07-25,172,0,6,0,1.9285714285714286,0.0,,2.2355284469075487
São Miguel do Tocantins,2020-07-26,172,0,6,0,1.9285714285714286,0.0,,2.2355284469075487
São Miguel do Tocantins,2020-07-27,172,0,6,0,1.9285714285714286,0.0,,2.2355284469075487
São Miguel do Tocantins,2020-07-28,172,0,6,0,1.6428571428571428,0.0,,2.2355284469075487
São Miguel do Tocantins,2020-07-29,179,7,6,0,2.142857142857143,0.0,,2.2528530309798933
São Miguel do Tocantins,2020-07-30,185,6,6,0,2.5,0.0,,2.2671717284030137
São Miguel do Tocantins,2020-07-31,185,0,6,0,2.0,0.0,,2.2671717284030137
São Miguel do Tocantins,2020-08-01,185,0,6,0,2.0,0.0,,2.2671717284030137
São Miguel do Tocantins,2020-08-02,206,21,7,1,3.5,0.07142857142857142,inf,2.3138672203691533
São Miguel do Tocantins,2020-08-03,206,0,7,0,3.5,0.07142857142857142,inf,2.3138672203691533
São Miguel do Tocantins,2020-08-04,208,2,7,0,3.4285714285714284,0.07142857142857142,inf,2.3180633349627615
São Miguel do Tocantins,2020-08-05,222,14,7,0,4.214285714285714,0.07142857142857142,inf,2.346352974450639
São Miguel do Tocantins,2020-08-06,231,9,7,0,4.857142857142857,0.07142857142857142,inf,2.3636119798921444
São Miguel do Tocantins,2020-08-07,238,7,7,0,4.714285714285714,0.07142857142857142,inf,2.376576957056512
São Miguel do Tocantins,2020-08-08,239,1,7,0,4.785714285714286,0.07142857142857142,inf,2.3783979009481375
São Miguel do Tocantins,2020-08-09,239,0,7,0,4.785714285714286,0.07142857142857142,inf,2.3783979009481375
São Miguel do Tocantins,2020-08-10,239,0,7,0,4.785714285714286,0.07142857142857142,inf,2.3783979009481375
São Miguel do Tocantins,2020-08-11,247,8,7,0,5.357142857142857,0.07142857142857142,inf,2.392696953259666
São Miguel do Tocantins,2020-08-12,255,8,7,0,5.428571428571429,0.07142857142857142,inf,2.406540180433955
São Miguel do Tocantins,2020-08-13,257,2,7,0,5.142857142857143,0.07142857142857142,inf,2.4099331233312946
São Miguel do Tocantins,2020-08-14,274,17,7,0,6.357142857142857,0.07142857142857142,inf,2.437750562820388
São Miguel do Tocantins,2020-08-15,274,0,7,0,6.357142857142857,0.07142857142857142,inf,2.437750562820388
São Miguel do Tocantins,2020-08-16,274,0,7,0,4.857142857142857,0.0,-1.0,2.437750562820388
São Miguel do Tocantins,2020-08-17,274,0,7,0,4.857142857142857,0.0,-1.0,2.437750562820388
São Miguel do Tocantins,2020-08-18,283,9,7,0,5.357142857142857,0.0,-1.0,2.45178643552429
São Miguel do Tocantins,2020-08-19,283,0,7,0,4.357142857142857,0.0,-1.0,2.45178643552429
São Miguel do Tocantins,2020-08-20,285,2,7,0,3.857142857142857,0.0,-1.0,2.45484486000851
São Miguel do Tocantins,2020-08-21,287,2,7,0,3.5,0.0,-1.0,2.4578818967339924
São Miguel do Tocantins,2020-08-22,288,1,7,0,3.5,0.0,-1.0,2.459392487759231
São Miguel do Tocantins,2020-08-23,288,0,7,0,3.5,0.0,-1.0,2.459392487759231
São Miguel do Tocantins,2020-08-24,288,0,7,0,3.5,0.0,-1.0,2.459392487759231
São Miguel do Tocantins,2020-08-25,288,0,7,0,2.9285714285714284,0.0,-1.0,2.459392487759231
São Miguel do Tocantins,2020-08-26,292,4,7,0,2.642857142857143,0.0,-1.0,2.4653828514484184
São Miguel do Tocantins,2020-08-27,294,2,7,0,2.642857142857143,0.0,-1.0,2.4683473304121573
São Miguel do Tocantins,2020-08-28,294,0,7,0,1.4285714285714286,0.0,-1.0,2.4683473304121573
São Miguel do Tocantins,2020-08-29,295,1,7,0,1.5,0.0,-1.0,2.469822015978163
São Miguel do Tocantins,2020-08-30,295,0,7,0,1.5,0.0,,2.469822015978163
São Miguel do Tocantins,2020-08-31,295,0,7,0,1.5,0.0,,2.469822015978163
São Miguel do Tocantins,2020-09-01,298,3,7,0,1.0714285714285714,0.0,,2.4742162640762553
São Miguel do Tocantins,2020-09-02,299,1,7,0,1.1428571428571428,0.0,,2.4756711883244296
São Miguel do Tocantins,2020-09-03,299,0,7,0,1.0,0.0,,2.4756711883244296
São Miguel do Tocantins,2020-09-04,300,1,7,0,0.9285714285714286,0.0,,2.4771212547196626
São Miguel do Tocantins,2020-09-05,300,0,7,0,0.8571428571428571,0.0,,2.4771212547196626
São Miguel do Tocantins,2020-09-06,300,0,7,0,0.8571428571428571,0.0,,2.4771212547196626
São Miguel do Tocantins,2020-09-07,300,0,7,0,0.8571428571428571,0.0,,2.4771212547196626
São Miguel do Tocantins,2020-09-08,300,0,7,0,0.8571428571428571,0.0,,2.4771212547196626
São Miguel do Tocantins,2020-09-09,300,0,7,0,0.5714285714285714,0.0,,2.4771212547196626
São Miguel do Tocantins,2020-09-10,310,10,7,0,1.1428571428571428,0.0,,2.4913616938342726
São Miguel do Tocantins,2020-09-11,310,0,7,0,1.1428571428571428,0.0,,2.4913616938342726
São Miguel do Tocantins,2020-09-12,306,-4,7,0,0.7857142857142857,0.0,,2.48572142648158
São Miguel do Tocantins,2020-09-13,306,0,7,0,0.7857142857142857,0.0,,2.48572142648158
São Miguel do Tocantins,2020-09-14,306,0,7,0,0.7857142857142857,0.0,,2.48572142648158
São Miguel do Tocantins,2020-09-15,308,2,7,0,0.7142857142857143,0.0,,2.4885507165004443
São Miguel do Tocantins,2020-09-16,311,3,7,0,0.8571428571428571,0.0,,2.4927603890268375
São Miguel do Tocantins,2020-09-17,311,0,7,0,0.8571428571428571,0.0,,2.4927603890268375
São Miguel do Tocantins,2020-09-18,312,1,7,0,0.8571428571428571,0.0,,2.494154594018443
São Miguel do Tocantins,2020-09-19,313,1,7,0,0.9285714285714286,0.0,,2.4955443375464483
São Miguel do Tocantins,2020-09-20,313,0,7,0,0.9285714285714286,0.0,,2.4955443375464483
São Miguel do Tocantins,2020-09-21,313,0,7,0,0.9285714285714286,0.0,,2.4955443375464483
São Miguel do Tocantins,2020-09-22,314,1,7,0,1.0,0.0,,2.496929648073215
São Miguel do Tocantins,2020-09-23,314,0,7,0,1.0,0.0,,2.496929648073215
São Miguel do Tocantins,2020-09-24,318,4,7,0,0.5714285714285714,0.0,,2.5024271199844326
São Miguel do Tocantins,2020-09-25,318,0,7,0,0.5714285714285714,0.0,,2.5024271199844326
São Miguel do Tocantins,2020-09-26,318,0,7,0,0.8571428571428571,0.0,,2.5024271199844326
São Miguel do Tocantins,2020-09-27,318,0,7,0,0.8571428571428571,0.0,,2.5024271199844326
São Miguel do Tocantins,2020-09-28,318,0,7,0,0.8571428571428571,0.0,,2.5024271199844326
São Miguel do Tocantins,2020-09-29,322,4,7,0,1.0,0.0,,2.507855871695831
São Miguel do Tocantins,2020-09-30,322,0,7,0,0.7857142857142857,0.0,,2.507855871695831
São Miguel do Tocantins,2020-10-01,325,3,7,0,1.0,0.0,,2.5118833609788744
São Miguel do Tocantins,2020-10-02,325,0,7,0,0.9285714285714286,0.0,,2.5118833609788744
São Miguel do Tocantins,2020-10-03,325,0,7,0,0.8571428571428571,0.0,,2.5118833609788744
São Miguel do Tocantins,2020-10-04,325,0,7,0,0.8571428571428571,0.0,,2.5118833609788744
São Miguel do Tocantins,2020-10-05,325,0,7,0,0.8571428571428571,0.0,,2.5118833609788744
São Miguel do Tocantins,2020-10-06,325,0,7,0,0.7857142857142857,0.0,,2.5118833609788744
São Miguel do Tocantins,2020-10-07,326,1,7,0,0.8571428571428571,0.0,,2.513217600067939
São Miguel do Tocantins,2020-10-08,326,0,7,0,0.5714285714285714,0.0,,2.513217600067939
São Miguel do Tocantins,2020-10-09,326,0,7,0,0.5714285714285714,0.0,,2.513217600067939
São Miguel do Tocantins,2020-10-10,326,0,7,0,0.5714285714285714,0.0,,2.513217600067939
São Miguel do Tocantins,2020-10-11,326,0,7,0,0.5714285714285714,0.0,,2.513217600067939
São Miguel do Tocantins,2020-10-12,326,0,7,0,0.5714285714285714,0.0,,2.513217600067939
São Miguel do Tocantins,2020-10-13,327,1,7,0,0.35714285714285715,0.0,,2.514547752660286
São Miguel do Tocantins,2020-10-14,327,0,7,0,0.35714285714285715,0.0,,2.514547752660286
São Miguel do Tocantins,2020-10-15,327,0,7,0,0.14285714285714285,0.0,,2.514547752660286
São Miguel do Tocantins,2020-10-16,327,0,7,0,0.14285714285714285,0.0,,2.514547752660286
São Miguel do Tocantins,2020-10-17,327,0,7,0,0.14285714285714285,0.0,,2.514547752660286
São Miguel do Tocantins,2020-10-18,327,0,7,0,0.14285714285714285,0.0,,2.514547752660286
São Miguel do Tocantins,2020-10-19,327,0,7,0,0.14285714285714285,0.0,,2.514547752660286
São Miguel do Tocantins,2020-10-20,327,0,7,0,0.14285714285714285,0.0,,2.514547752660286
São Miguel do Tocantins,2020-10-21,327,0,7,0,0.07142857142857142,0.0,,2.514547752660286
São Miguel do Tocantins,2020-10-22,330,3,7,0,0.2857142857142857,0.0,,2.5185139398778875
São Miguel do Tocantins,2020-10-23,330,0,7,0,0.2857142857142857,0.0,,2.5185139398778875
São Miguel do Tocantins,2020-10-24,330,0,7,0,0.2857142857142857,0.0,,2.5185139398778875
São Miguel do Tocantins,2020-10-25,330,0,7,0,0.2857142857142857,0.0,,2.5185139398778875
São Miguel do Tocantins,2020-10-26,330,0,7,0,0.2857142857142857,0.0,,2.5185139398778875
São Miguel do Tocantins,2020-10-27,331,1,7,0,0.2857142857142857,0.0,,2.519827993775719
São Miguel do Tocantins,2020-10-28,331,0,7,0,0.2857142857142857,0.0,,2.519827993775719
São Miguel do Tocantins,2020-10-29,331,0,7,0,0.2857142857142857,0.0,,2.519827993775719
São Miguel do Tocantins,2020-10-30,331,0,7,0,0.2857142857142857,0.0,,2.519827993775719
São Miguel do Tocantins,2020-10-31,331,0,7,0,0.2857142857142857,0.0,,2.519827993775719
São Miguel do Tocantins,2020-11-01,331,0,7,0,0.2857142857142857,0.0,,2.519827993775719
São Miguel do Tocantins,2020-11-02,331,0,7,0,0.2857142857142857,0.0,,2.519827993775719
São Miguel do Tocantins,2020-11-03,331,0,7,0,0.2857142857142857,0.0,,2.519827993775719
São Miguel do Tocantins,2020-11-04,331,0,7,0,0.2857142857142857,0.0,,2.519827993775719
São Miguel do Tocantins,2020-11-05,333,2,7,0,0.21428571428571427,0.0,,2.5224442335063197
São Miguel do Tocantins,2020-11-06,334,1,7,0,0.2857142857142857,0.0,,2.5237464668115646
São Miguel do Tocantins,2020-11-07,334,0,7,0,0.2857142857142857,0.0,,2.5237464668115646
São Miguel do Tocantins,2020-11-08,334,0,7,0,0.2857142857142857,0.0,,2.5237464668115646
São Miguel do Tocantins,2020-11-09,334,0,7,0,0.2857142857142857,0.0,,2.5237464668115646
São Miguel do Tocantins,2020-11-10,334,0,7,0,0.21428571428571427,0.0,,2.5237464668115646
São Miguel do Tocantins,2020-11-11,334,0,7,0,0.21428571428571427,0.0,,2.5237464668115646
São Miguel do Tocantins,2020-11-12,334,0,7,0,0.21428571428571427,0.0,,2.5237464668115646
São Miguel do Tocantins,2020-11-13,334,0,7,0,0.21428571428571427,0.0,,2.5237464668115646
São Miguel do Tocantins,2020-11-14,334,0,7,0,0.21428571428571427,0.0,,2.5237464668115646
São Miguel do Tocantins,2020-11-15,334,0,8,1,0.21428571428571427,0.07142857142857142,inf,2.5237464668115646
São Miguel do Tocantins,2020-11-16,334,0,8,0,0.21428571428571427,0.07142857142857142,inf,2.5237464668115646
São Miguel do Tocantins,2020-11-17,334,0,8,0,0.21428571428571427,0.07142857142857142,inf,2.5237464668115646
São Miguel do Tocantins,2020-11-18,335,1,8,0,0.2857142857142857,0.07142857142857142,inf,2.525044807036845
São Miguel do Tocantins,2020-11-19,336,1,8,0,0.21428571428571427,0.07142857142857142,inf,2.526339277389844
São Miguel do Tocantins,2020-11-20,336,0,8,0,0.14285714285714285,0.07142857142857142,inf,2.526339277389844
São Miguel do Tocantins,2020-11-21,336,0,8,0,0.14285714285714285,0.07142857142857142,inf,2.526339277389844
São Miguel do Tocantins,2020-11-22,336,0,8,0,0.14285714285714285,0.07142857142857142,inf,2.526339277389844
São Miguel do Tocantins,2020-11-23,336,0,8,0,0.14285714285714285,0.07142857142857142,inf,2.526339277389844
São Miguel do Tocantins,2020-11-24,336,0,8,0,0.14285714285714285,0.07142857142857142,inf,2.526339277389844
São Miguel do Tocantins,2020-11-25,338,2,8,0,0.2857142857142857,0.07142857142857142,inf,2.5289167002776547
São Miguel do Tocantins,2020-11-26,338,0,8,0,0.2857142857142857,0.07142857142857142,inf,2.5289167002776547
São Miguel do Tocantins,2020-11-27,338,0,8,0,0.2857142857142857,0.07142857142857142,inf,2.5289167002776547
São Miguel do Tocantins,2020-11-28,338,0,8,0,0.2857142857142857,0.07142857142857142,inf,2.5289167002776547
São Miguel do Tocantins,2020-11-29,338,0,8,0,0.2857142857142857,0.0,-1.0,2.5289167002776547
São Miguel do Tocantins,2020-11-30,338,0,8,0,0.2857142857142857,0.0,-1.0,2.5289167002776547
São Miguel do Tocantins,2020-12-01,338,0,8,0,0.2857142857142857,0.0,-1.0,2.5289167002776547
São Miguel do Tocantins,2020-12-02,339,1,8,0,0.2857142857142857,0.0,-1.0,2.530199698203082
São Miguel do Tocantins,2020-12-03,340,1,9,1,0.2857142857142857,0.07142857142857142,0.0,2.531478917042255
São Miguel do Tocantins,2020-12-04,340,0,9,0,0.2857142857142857,0.07142857142857142,0.0,2.531478917042255
São Miguel do Tocantins,2020-12-05,340,0,9,0,0.2857142857142857,0.07142857142857142,0.0,2.531478917042255
São Miguel do Tocantins,2020-12-06,340,0,9,0,0.2857142857142857,0.07142857142857142,0.0,2.531478917042255
São Miguel do Tocantins,2020-12-07,340,0,9,0,0.2857142857142857,0.07142857142857142,0.0,2.531478917042255
São Miguel do Tocantins,2020-12-08,340,0,9,0,0.2857142857142857,0.07142857142857142,0.0,2.531478917042255
São Miguel do Tocantins,2020-12-09,340,0,9,0,0.14285714285714285,0.07142857142857142,0.0,2.531478917042255
São Miguel do Tocantins,2020-12-10,341,1,9,0,0.21428571428571427,0.07142857142857142,0.0,2.5327543789924976
São Miguel do Tocantins,2020-12-11,341,0,9,0,0.21428571428571427,0.07142857142857142,0.0,2.5327543789924976
São Miguel do Tocantins,2020-12-12,341,0,9,0,0.21428571428571427,0.07142857142857142,0.0,2.5327543789924976
São Miguel do Tocantins,2020-12-13,341,0,9,0,0.21428571428571427,0.07142857142857142,inf,2.5327543789924976
São Miguel do Tocantins,2020-12-14,341,0,9,0,0.21428571428571427,0.07142857142857142,inf,2.5327543789924976
São Miguel do Tocantins,2020-12-15,341,0,9,0,0.21428571428571427,0.07142857142857142,inf,2.5327543789924976
São Miguel do Tocantins,2020-12-16,341,0,9,0,0.14285714285714285,0.07142857142857142,inf,2.5327543789924976
São Miguel do Tocantins,2020-12-17,341,0,9,0,0.07142857142857142,0.0,-1.0,2.5327543789924976
São Miguel do Tocantins,2020-12-18,341,0,9,0,0.07142857142857142,0.0,-1.0,2.5327543789924976
São Miguel do Tocantins,2020-12-19,341,0,9,0,0.07142857142857142,0.0,-1.0,2.5327543789924976
São Miguel do Tocantins,2020-12-20,342,1,10,1,0.14285714285714285,0.07142857142857142,0.0,2.534026106056135
São Miguel do Tocantins,2020-12-21,342,0,10,0,0.14285714285714285,0.07142857142857142,0.0,2.534026106056135
São Miguel do Tocantins,2020-12-22,343,1,10,0,0.21428571428571427,0.07142857142857142,0.0,2.5352941200427703
São Miguel do Tocantins,2020-12-23,343,0,10,0,0.21428571428571427,0.07142857142857142,0.0,2.5352941200427703
São Miguel do Tocantins,2020-12-24,344,1,10,0,0.21428571428571427,0.07142857142857142,0.0,2.53655844257153
São Miguel do Tocantins,2020-12-25,344,0,10,0,0.21428571428571427,0.07142857142857142,0.0,2.53655844257153
São Miguel do Tocantins,2020-12-26,344,0,10,0,0.21428571428571427,0.07142857142857142,0.0,2.53655844257153
São Miguel do Tocantins,2020-12-27,344,0,10,0,0.21428571428571427,0.07142857142857142,0.0,2.53655844257153
São Miguel do Tocantins,2020-12-28,344,0,10,0,0.21428571428571427,0.07142857142857142,0.0,2.53655844257153
São Miguel do Tocantins,2020-12-29,344,0,10,0,0.21428571428571427,0.07142857142857142,0.0,2.53655844257153
São Miguel do Tocantins,2020-12-30,344,0,10,0,0.21428571428571427,0.07142857142857142,0.0,2.53655844257153
São Miguel do Tocantins,2020-12-31,344,0,10,0,0.21428571428571427,0.07142857142857142,inf,2.53655844257153
São Miguel do Tocantins,2021-01-01,344,0,10,0,0.21428571428571427,0.07142857142857142,inf,2.53655844257153
São Miguel do Tocantins,2021-01-02,344,0,10,0,0.21428571428571427,0.07142857142857142,inf,2.53655844257153
São Miguel do Tocantins,2021-01-03,345,1,10,0,0.21428571428571427,0.0,-1.0,2.537819095073274
São Miguel do Tocantins,2021-01-04,345,0,10,0,0.21428571428571427,0.0,-1.0,2.537819095073274
São Miguel do Tocantins,2021-01-05,345,0,10,0,0.14285714285714285,0.0,-1.0,2.537819095073274
São Miguel do Tocantins,2021-01-06,345,0,10,0,0.14285714285714285,0.0,-1.0,2.537819095073274
São Miguel do Tocantins,2021-01-07,345,0,10,0,0.07142857142857142,0.0,-1.0,2.537819095073274
São Miguel do Tocantins,2021-01-08,345,0,10,0,0.07142857142857142,0.0,-1.0,2.537819095073274
São Miguel do Tocantins,2021-01-09,348,3,10,0,0.2857142857142857,0.0,-1.0,2.5415792439465807
São Miguel do Tocantins,2021-01-10,348,0,10,0,0.2857142857142857,0.0,-1.0,2.5415792439465807
São Miguel do Tocantins,2021-01-11,348,0,10,0,0.2857142857142857,0.0,-1.0,2.5415792439465807
São Miguel do Tocantins,2021-01-12,350,2,10,0,0.42857142857142855,0.0,-1.0,2.5440680443502757
São Miguel do Tocantins,2021-01-13,350,0,10,0,0.42857142857142855,0.0,-1.0,2.5440680443502757
São Miguel do Tocantins,2021-01-14,350,0,10,0,0.42857142857142855,0.0,-1.0,2.5440680443502757
São Miguel do Tocantins,2021-01-15,351,1,10,0,0.5,0.0,-1.0,2.545307116465824
São Miguel do Tocantins,2021-01-16,351,0,10,0,0.5,0.0,-1.0,2.545307116465824
São Miguel do Tocantins,2021-01-17,351,0,10,0,0.42857142857142855,0.0,,2.545307116465824
São Miguel do Tocantins,2021-01-18,351,0,10,0,0.42857142857142855,0.0,,2.545307116465824
São Miguel do Tocantins,2021-01-19,351,0,10,0,0.42857142857142855,0.0,,2.545307116465824
São Miguel do Tocantins,2021-01-20,352,1,10,0,0.5,0.0,,2.546542663478131
Sandolândia,2020-03-27,0,0,0,0,,,,0.0
Sandolândia,2020-03-28,0,0,0,0,,,,0.0
Sandolândia,2020-03-29,0,0,0,0,,,,0.0
Sandolândia,2020-03-30,0,0,0,0,,,,0.0
Sandolândia,2020-03-31,0,0,0,0,,,,0.0
Sandolândia,2020-04-01,0,0,0,0,,,,0.0
Sandolândia,2020-04-02,0,0,0,0,,,,0.0
Sandolândia,2020-04-03,0,0,0,0,,,,0.0
Sandolândia,2020-04-04,0,0,0,0,,,,0.0
Sandolândia,2020-04-05,0,0,0,0,,,,0.0
Sandolândia,2020-04-06,0,0,0,0,,,,0.0
Sandolândia,2020-04-07,0,0,0,0,,,,0.0
Sandolândia,2020-04-08,0,0,0,0,,,,0.0
Sandolândia,2020-04-09,0,0,0,0,0.0,0.0,,0.0
Sandolândia,2020-04-10,0,0,0,0,0.0,0.0,,0.0
Sandolândia,2020-04-11,0,0,0,0,0.0,0.0,,0.0
Sandolândia,2020-04-12,0,0,0,0,0.0,0.0,,0.0
Sandolândia,2020-04-13,0,0,0,0,0.0,0.0,,0.0
Sandolândia,2020-04-14,0,0,0,0,0.0,0.0,,0.0
Sandolândia,2020-04-15,0,0,0,0,0.0,0.0,,0.0
Sandolândia,2020-04-16,0,0,0,0,0.0,0.0,,0.0
Sandolândia,2020-04-17,0,0,0,0,0.0,0.0,,0.0
Sandolândia,2020-04-18,0,0,0,0,0.0,0.0,,0.0
Sandolândia,2020-04-19,0,0,0,0,0.0,0.0,,0.0
Sandolândia,2020-04-20,0,0,0,0,0.0,0.0,,0.0
Sandolândia,2020-04-21,0,0,0,0,0.0,0.0,,0.0
Sandolândia,2020-04-22,0,0,0,0,0.0,0.0,,0.0
Sandolândia,2020-04-23,0,0,0,0,0.0,0.0,,0.0
Sandolândia,2020-04-24,0,0,0,0,0.0,0.0,,0.0
Sandolândia,2020-04-25,0,0,0,0,0.0,0.0,,0.0
Sandolândia,2020-04-26,0,0,0,0,0.0,0.0,,0.0
Sandolândia,2020-04-27,0,0,0,0,0.0,0.0,,0.0
Sandolândia,2020-04-28,0,0,0,0,0.0,0.0,,0.0
Sandolândia,2020-04-29,0,0,0,0,0.0,0.0,,0.0
Sandolândia,2020-04-30,0,0,0,0,0.0,0.0,,0.0
Sandolândia,2020-05-01,0,0,0,0,0.0,0.0,,0.0
Sandolândia,2020-05-02,0,0,0,0,0.0,0.0,,0.0
Sandolândia,2020-05-03,0,0,0,0,0.0,0.0,,0.0
Sandolândia,2020-05-04,0,0,0,0,0.0,0.0,,0.0
Sandolândia,2020-05-05,0,0,0,0,0.0,0.0,,0.0
Sandolândia,2020-05-06,0,0,0,0,0.0,0.0,,0.0
Sandolândia,2020-05-07,0,0,0,0,0.0,0.0,,0.0
Sandolândia,2020-05-08,0,0,0,0,0.0,0.0,,0.0
Sandolândia,2020-05-09,0,0,0,0,0.0,0.0,,0.0
Sandolândia,2020-05-10,0,0,0,0,0.0,0.0,,0.0
Sandolândia,2020-05-11,0,0,0,0,0.0,0.0,,0.0
Sandolândia,2020-05-12,0,0,0,0,0.0,0.0,,0.0
Sandolândia,2020-05-13,0,0,0,0,0.0,0.0,,0.0
Sandolândia,2020-05-14,0,0,0,0,0.0,0.0,,0.0
Sandolândia,2020-05-15,0,0,0,0,0.0,0.0,,0.0
Sandolândia,2020-05-16,0,0,0,0,0.0,0.0,,0.0
Sandolândia,2020-05-17,0,0,0,0,0.0,0.0,,0.0
Sandolândia,2020-05-18,0,0,0,0,0.0,0.0,,0.0
Sandolândia,2020-05-19,0,0,0,0,0.0,0.0,,0.0
Sandolândia,2020-05-20,0,0,0,0,0.0,0.0,,0.0
Sandolândia,2020-05-21,0,0,0,0,0.0,0.0,,0.0
Sandolândia,2020-05-22,0,0,0,0,0.0,0.0,,0.0
Sandolândia,2020-05-23,0,0,0,0,0.0,0.0,,0.0
Sandolândia,2020-05-24,0,0,0,0,0.0,0.0,,0.0
Sandolândia,2020-05-25,0,0,0,0,0.0,0.0,,0.0
Sandolândia,2020-05-26,0,0,0,0,0.0,0.0,,0.0
Sandolândia,2020-05-27,0,0,0,0,0.0,0.0,,0.0
Sandolândia,2020-05-28,0,0,0,0,0.0,0.0,,0.0
Sandolândia,2020-05-29,0,0,0,0,0.0,0.0,,0.0
Sandolândia,2020-05-30,0,0,0,0,0.0,0.0,,0.0
Sandolândia,2020-05-31,1,1,0,0,0.07142857142857142,0.0,,0.0
Sandolândia,2020-06-01,1,0,0,0,0.07142857142857142,0.0,,0.0
Sandolândia,2020-06-02,1,0,0,0,0.07142857142857142,0.0,,0.0
Sandolândia,2020-06-03,2,1,0,0,0.14285714285714285,0.0,,0.3010299956639812
Sandolândia,2020-06-04,2,0,0,0,0.14285714285714285,0.0,,0.3010299956639812
Sandolândia,2020-06-05,3,1,0,0,0.21428571428571427,0.0,,0.47712125471966244
Sandolândia,2020-06-06,3,0,0,0,0.21428571428571427,0.0,,0.47712125471966244
Sandolândia,2020-06-07,3,0,0,0,0.21428571428571427,0.0,,0.47712125471966244
Sandolândia,2020-06-08,3,0,0,0,0.21428571428571427,0.0,,0.47712125471966244
Sandolândia,2020-06-09,3,0,0,0,0.21428571428571427,0.0,,0.47712125471966244
Sandolândia,2020-06-10,3,0,0,0,0.21428571428571427,0.0,,0.47712125471966244
Sandolândia,2020-06-11,3,0,0,0,0.21428571428571427,0.0,,0.47712125471966244
Sandolândia,2020-06-12,5,2,0,0,0.35714285714285715,0.0,,0.6989700043360189
Sandolândia,2020-06-13,5,0,0,0,0.35714285714285715,0.0,,0.6989700043360189
Sandolândia,2020-06-14,5,0,0,0,0.2857142857142857,0.0,,0.6989700043360189
Sandolândia,2020-06-15,5,0,0,0,0.2857142857142857,0.0,,0.6989700043360189
Sandolândia,2020-06-16,5,0,0,0,0.2857142857142857,0.0,,0.6989700043360189
Sandolândia,2020-06-17,5,0,0,0,0.21428571428571427,0.0,,0.6989700043360189
Sandolândia,2020-06-18,5,0,0,0,0.21428571428571427,0.0,,0.6989700043360189
Sandolândia,2020-06-19,5,0,0,0,0.14285714285714285,0.0,,0.6989700043360189
Sandolândia,2020-06-20,5,0,0,0,0.14285714285714285,0.0,,0.6989700043360189
Sandolândia,2020-06-21,5,0,0,0,0.14285714285714285,0.0,,0.6989700043360189
Sandolândia,2020-06-22,5,0,0,0,0.14285714285714285,0.0,,0.6989700043360189
Sandolândia,2020-06-23,5,0,0,0,0.14285714285714285,0.0,,0.6989700043360189
Sandolândia,2020-06-24,5,0,0,0,0.14285714285714285,0.0,,0.6989700043360189
Sandolândia,2020-06-25,5,0,0,0,0.14285714285714285,0.0,,0.6989700043360189
Sandolândia,2020-06-26,5,0,0,0,0.0,0.0,,0.6989700043360189
Sandolândia,2020-06-27,5,0,0,0,0.0,0.0,,0.6989700043360189
Sandolândia,2020-06-28,5,0,0,0,0.0,0.0,,0.6989700043360189
Sandolândia,2020-06-29,5,0,0,0,0.0,0.0,,0.6989700043360189
Sandolândia,2020-06-30,5,0,0,0,0.0,0.0,,0.6989700043360189
Sandolândia,2020-07-01,5,0,0,0,0.0,0.0,,0.6989700043360189
Sandolândia,2020-07-02,5,0,0,0,0.0,0.0,,0.6989700043360189
Sandolândia,2020-07-03,5,0,0,0,0.0,0.0,,0.6989700043360189
Sandolândia,2020-07-04,7,2,0,0,0.14285714285714285,0.0,,0.8450980400142568
Sandolândia,2020-07-05,7,0,0,0,0.14285714285714285,0.0,,0.8450980400142568
Sandolândia,2020-07-06,7,0,0,0,0.14285714285714285,0.0,,0.8450980400142568
Sandolândia,2020-07-07,8,1,0,0,0.21428571428571427,0.0,,0.9030899869919435
Sandolândia,2020-07-08,9,1,0,0,0.2857142857142857,0.0,,0.9542425094393249
Sandolândia,2020-07-09,9,0,0,0,0.2857142857142857,0.0,,0.9542425094393249
Sandolândia,2020-07-10,10,1,0,0,0.35714285714285715,0.0,,1.0
Sandolândia,2020-07-11,11,1,0,0,0.42857142857142855,0.0,,1.041392685158225
Sandolândia,2020-07-12,11,0,0,0,0.42857142857142855,0.0,,1.041392685158225
Sandolândia,2020-07-13,11,0,0,0,0.42857142857142855,0.0,,1.041392685158225
Sandolândia,2020-07-14,11,0,0,0,0.42857142857142855,0.0,,1.041392685158225
Sandolândia,2020-07-15,11,0,0,0,0.42857142857142855,0.0,,1.041392685158225
Sandolândia,2020-07-16,11,0,0,0,0.42857142857142855,0.0,,1.041392685158225
Sandolândia,2020-07-17,11,0,0,0,0.42857142857142855,0.0,,1.041392685158225
Sandolândia,2020-07-18,11,0,0,0,0.2857142857142857,0.0,,1.041392685158225
Sandolândia,2020-07-19,11,0,0,0,0.2857142857142857,0.0,,1.041392685158225
Sandolândia,2020-07-20,11,0,0,0,0.2857142857142857,0.0,,1.041392685158225
Sandolândia,2020-07-21,12,1,0,0,0.2857142857142857,0.0,,1.0791812460476249
Sandolândia,2020-07-22,12,0,0,0,0.21428571428571427,0.0,,1.0791812460476249
Sandolândia,2020-07-23,12,0,0,0,0.21428571428571427,0.0,,1.0791812460476249
Sandolândia,2020-07-24,11,-1,0,0,0.07142857142857142,0.0,,1.041392685158225
Sandolândia,2020-07-25,13,2,0,0,0.14285714285714285,0.0,,1.1139433523068367
Sandolândia,2020-07-26,13,0,0,0,0.14285714285714285,0.0,,1.1139433523068367
Sandolândia,2020-07-27,13,0,0,0,0.14285714285714285,0.0,,1.1139433523068367
Sandolândia,2020-07-28,13,0,0,0,0.14285714285714285,0.0,,1.1139433523068367
Sandolândia,2020-07-29,13,0,0,0,0.14285714285714285,0.0,,1.1139433523068367
Sandolândia,2020-07-30,13,0,0,0,0.14285714285714285,0.0,,1.1139433523068367
Sandolândia,2020-07-31,14,1,0,0,0.21428571428571427,0.0,,1.146128035678238
Sandolândia,2020-08-01,14,0,0,0,0.21428571428571427,0.0,,1.146128035678238
Sandolândia,2020-08-02,15,1,0,0,0.2857142857142857,0.0,,1.1760912590556813
Sandolândia,2020-08-03,15,0,0,0,0.2857142857142857,0.0,,1.1760912590556813
Sandolândia,2020-08-04,15,0,0,0,0.21428571428571427,0.0,,1.1760912590556813
Sandolândia,2020-08-05,15,0,0,0,0.21428571428571427,0.0,,1.1760912590556813
Sandolândia,2020-08-06,15,0,1,1,0.21428571428571427,0.07142857142857142,inf,1.1760912590556813
Sandolândia,2020-08-07,15,0,1,0,0.2857142857142857,0.07142857142857142,inf,1.1760912590556813
Sandolândia,2020-08-08,14,-1,1,0,0.07142857142857142,0.07142857142857142,inf,1.146128035678238
Sandolândia,2020-08-09,14,0,1,0,0.07142857142857142,0.07142857142857142,inf,1.146128035678238
Sandolândia,2020-08-10,14,0,1,0,0.07142857142857142,0.07142857142857142,inf,1.146128035678238
Sandolândia,2020-08-11,14,0,2,1,0.07142857142857142,0.14285714285714285,inf,1.146128035678238
Sandolândia,2020-08-12,14,0,2,0,0.07142857142857142,0.14285714285714285,inf,1.146128035678238
Sandolândia,2020-08-13,15,1,2,0,0.14285714285714285,0.14285714285714285,inf,1.1760912590556813
Sandolândia,2020-08-14,17,2,2,0,0.21428571428571427,0.14285714285714285,inf,1.2304489213782739
Sandolândia,2020-08-15,17,0,2,0,0.21428571428571427,0.14285714285714285,inf,1.2304489213782739
Sandolândia,2020-08-16,17,0,2,0,0.14285714285714285,0.14285714285714285,inf,1.2304489213782739
Sandolândia,2020-08-17,17,0,2,0,0.14285714285714285,0.14285714285714285,inf,1.2304489213782739
Sandolândia,2020-08-18,17,0,2,0,0.14285714285714285,0.14285714285714285,inf,1.2304489213782739
Sandolândia,2020-08-19,18,1,2,0,0.21428571428571427,0.14285714285714285,inf,1.255272505103306
Sandolândia,2020-08-20,19,1,2,0,0.2857142857142857,0.07142857142857142,0.0,1.2787536009528289
Sandolândia,2020-08-21,17,-2,2,0,0.14285714285714285,0.07142857142857142,0.0,1.2304489213782739
Sandolândia,2020-08-22,17,0,2,0,0.21428571428571427,0.07142857142857142,0.0,1.2304489213782739
Sandolândia,2020-08-23,18,1,3,1,0.2857142857142857,0.14285714285714285,1.0,1.255272505103306
Sandolândia,2020-08-24,19,1,3,0,0.35714285714285715,0.14285714285714285,1.0,1.2787536009528289
Sandolândia,2020-08-25,19,0,3,0,0.35714285714285715,0.07142857142857142,-0.5,1.2787536009528289
Sandolândia,2020-08-26,19,0,3,0,0.35714285714285715,0.07142857142857142,-0.5,1.2787536009528289
Sandolândia,2020-08-27,19,0,3,0,0.2857142857142857,0.07142857142857142,-0.5,1.2787536009528289
Sandolândia,2020-08-28,19,0,3,0,0.14285714285714285,0.07142857142857142,-0.5,1.2787536009528289
Sandolândia,2020-08-29,19,0,3,0,0.14285714285714285,0.07142857142857142,-0.5,1.2787536009528289
Sandolândia,2020-08-30,19,0,3,0,0.14285714285714285,0.07142857142857142,-0.5,1.2787536009528289
Sandolândia,2020-08-31,19,0,3,0,0.14285714285714285,0.07142857142857142,-0.5,1.2787536009528289
Sandolândia,2020-09-01,20,1,3,0,0.21428571428571427,0.07142857142857142,-0.5,1.3010299956639813
Sandolândia,2020-09-02,20,0,3,0,0.14285714285714285,0.07142857142857142,-0.5,1.3010299956639813
Sandolândia,2020-09-03,20,0,3,0,0.07142857142857142,0.07142857142857142,0.0,1.3010299956639813
Sandolândia,2020-09-04,21,1,3,0,0.2857142857142857,0.07142857142857142,0.0,1.3222192947339193
Sandolândia,2020-09-05,30,9,3,0,0.9285714285714286,0.07142857142857142,0.0,1.4771212547196624
Sandolândia,2020-09-06,31,1,3,0,0.9285714285714286,0.0,-1.0,1.4913616938342726
Sandolândia,2020-09-07,31,0,3,0,0.8571428571428571,0.0,-1.0,1.4913616938342726
Sandolândia,2020-09-08,31,0,3,0,0.8571428571428571,0.0,-1.0,1.4913616938342726
Sandolândia,2020-09-09,31,0,3,0,0.8571428571428571,0.0,-1.0,1.4913616938342726
Sandolândia,2020-09-10,32,1,3,0,0.9285714285714286,0.0,-1.0,1.505149978319906
Sandolândia,2020-09-11,31,-1,3,0,0.8571428571428571,0.0,-1.0,1.4913616938342726
Sandolândia,2020-09-12,31,0,3,0,0.8571428571428571,0.0,-1.0,1.4913616938342726
Sandolândia,2020-09-13,31,0,3,0,0.8571428571428571,0.0,-1.0,1.4913616938342726
Sandolândia,2020-09-14,31,0,3,0,0.8571428571428571,0.0,-1.0,1.4913616938342726
Sandolândia,2020-09-15,34,3,3,0,1.0,0.0,-1.0,1.5314789170422551
Sandolândia,2020-09-16,34,0,3,0,1.0,0.0,-1.0,1.5314789170422551
Sandolândia,2020-09-17,35,1,3,0,1.0714285714285714,0.0,-1.0,1.5440680443502757
Sandolândia,2020-09-18,39,4,3,0,1.2857142857142858,0.0,-1.0,1.591064607026499
Sandolândia,2020-09-19,40,1,3,0,0.7142857142857143,0.0,-1.0,1.6020599913279625
Sandolândia,2020-09-20,40,0,3,0,0.6428571428571429,0.0,,1.6020599913279625
Sandolândia,2020-09-21,40,0,3,0,0.6428571428571429,0.0,,1.6020599913279625
Sandolândia,2020-09-22,40,0,3,0,0.6428571428571429,0.0,,1.6020599913279625
Sandolândia,2020-09-23,43,3,3,0,0.8571428571428571,0.0,,1.6334684555795866
Sandolândia,2020-09-24,43,0,3,0,0.7857142857142857,0.0,,1.6334684555795866
Sandolândia,2020-09-25,46,3,3,0,1.0714285714285714,0.0,,1.662757831681574
Sandolândia,2020-09-26,52,6,3,0,1.5,0.0,,1.7160033436347992
Sandolândia,2020-09-27,52,0,3,0,1.5,0.0,,1.7160033436347992
Sandolândia,2020-09-28,52,0,3,0,1.5,0.0,,1.7160033436347992
Sandolândia,2020-09-29,55,3,3,0,1.5,0.0,,1.7403626894942439
Sandolândia,2020-09-30,57,2,3,0,1.6428571428571428,0.0,,1.7558748556724915
Sandolândia,2020-10-01,57,0,3,0,1.5714285714285714,0.0,,1.7558748556724915
Sandolândia,2020-10-02,57,0,3,0,1.2857142857142858,0.0,,1.7558748556724915
Sandolândia,2020-10-03,57,0,3,0,1.2142857142857142,0.0,,1.7558748556724915
Sandolândia,2020-10-04,57,0,3,0,1.2142857142857142,0.0,,1.7558748556724915
Sandolândia,2020-10-05,57,0,3,0,1.2142857142857142,0.0,,1.7558748556724915
Sandolândia,2020-10-06,57,0,3,0,1.2142857142857142,0.0,,1.7558748556724915
Sandolândia,2020-10-07,58,1,3,0,1.0714285714285714,0.0,,1.7634279935629373
Sandolândia,2020-10-08,58,0,3,0,1.0714285714285714,0.0,,1.7634279935629373
Sandolândia,2020-10-09,64,6,3,0,1.2857142857142858,0.0,,1.806179973983887
Sandolândia,2020-10-10,65,1,3,0,0.9285714285714286,0.0,,1.8129133566428555
Sandolândia,2020-10-11,65,0,3,0,0.9285714285714286,0.0,,1.8129133566428555
Sandolândia,2020-10-12,65,0,3,0,0.9285714285714286,0.0,,1.8129133566428555
Sandolândia,2020-10-13,65,0,3,0,0.7142857142857143,0.0,,1.8129133566428555
Sandolândia,2020-10-14,68,3,3,0,0.7857142857142857,0.0,,1.8325089127062364
Sandolândia,2020-10-15,68,0,3,0,0.7857142857142857,0.0,,1.8325089127062364
Sandolândia,2020-10-16,69,1,3,0,0.8571428571428571,0.0,,1.8388490907372552
Sandolândia,2020-10-17,72,3,3,0,1.0714285714285714,0.0,,1.8573324964312685
Sandolândia,2020-10-18,72,0,3,0,1.0714285714285714,0.0,,1.8573324964312685
Sandolândia,2020-10-19,72,0,3,0,1.0714285714285714,0.0,,1.8573324964312685
Sandolândia,2020-10-20,73,1,3,0,1.1428571428571428,0.0,,1.863322860120456
Sandolândia,2020-10-21,84,11,3,0,1.8571428571428572,0.0,,1.9242792860618816
Sandolândia,2020-10-22,85,1,3,0,1.9285714285714286,0.0,,1.9294189257142929
Sandolândia,2020-10-23,122,37,3,0,4.142857142857143,0.0,,2.0863598306747484
Sandolândia,2020-10-24,127,5,3,0,4.428571428571429,0.0,,2.103803720955957
Sandolândia,2020-10-25,127,0,3,0,4.428571428571429,0.0,,2.103803720955957
Sandolândia,2020-10-26,127,0,3,0,4.428571428571429,0.0,,2.103803720955957
Sandolândia,2020-10-27,129,2,3,0,4.571428571428571,0.0,,2.110589710299249
Sandolândia,2020-10-28,133,4,3,0,4.642857142857143,0.0,,2.123851640967086
Sandolândia,2020-10-29,136,3,3,0,4.857142857142857,0.0,,2.1335389083702174
Sandolândia,2020-10-30,139,3,3,0,5.0,0.0,,2.143014800254095
Sandolândia,2020-10-31,139,0,3,0,4.785714285714286,0.0,,2.143014800254095
Sandolândia,2020-11-01,139,0,3,0,4.785714285714286,0.0,,2.143014800254095
Sandolândia,2020-11-02,139,0,3,0,4.785714285714286,0.0,,2.143014800254095
Sandolândia,2020-11-03,139,0,3,0,4.714285714285714,0.0,,2.143014800254095
Sandolândia,2020-11-04,139,0,3,0,3.9285714285714284,0.0,,2.143014800254095
Sandolândia,2020-11-05,141,2,3,0,4.0,0.0,,2.1492191126553797
Sandolândia,2020-11-06,141,0,3,0,1.3571428571428572,0.0,,2.1492191126553797
Sandolândia,2020-11-07,141,0,3,0,1.0,0.0,,2.1492191126553797
Sandolândia,2020-11-08,141,0,3,0,1.0,0.0,,2.1492191126553797
Sandolândia,2020-11-09,141,0,3,0,1.0,0.0,,2.1492191126553797
Sandolândia,2020-11-10,141,0,3,0,0.8571428571428571,0.0,,2.1492191126553797
Sandolândia,2020-11-11,144,3,3,0,0.7857142857142857,0.0,,2.1583624920952498
Sandolândia,2020-11-12,144,0,3,0,0.5714285714285714,0.0,,2.1583624920952498
Sandolândia,2020-11-13,145,1,3,0,0.42857142857142855,0.0,,2.161368002234975
Sandolândia,2020-11-14,145,0,3,0,0.42857142857142855,0.0,,2.161368002234975
Sandolândia,2020-11-15,146,1,4,1,0.5,0.07142857142857142,inf,2.164352855784437
Sandolândia,2020-11-16,146,0,4,0,0.5,0.07142857142857142,inf,2.164352855784437
Sandolândia,2020-11-17,146,0,4,0,0.5,0.07142857142857142,inf,2.164352855784437
Sandolândia,2020-11-18,146,0,4,0,0.5,0.07142857142857142,inf,2.164352855784437
Sandolândia,2020-11-19,146,0,4,0,0.35714285714285715,0.07142857142857142,inf,2.164352855784437
Sandolândia,2020-11-20,146,0,4,0,0.35714285714285715,0.07142857142857142,inf,2.164352855784437
Sandolândia,2020-11-21,146,0,4,0,0.35714285714285715,0.07142857142857142,inf,2.164352855784437
Sandolândia,2020-11-22,146,0,4,0,0.35714285714285715,0.07142857142857142,inf,2.164352855784437
Sandolândia,2020-11-23,146,0,4,0,0.35714285714285715,0.07142857142857142,inf,2.164352855784437
Sandolândia,2020-11-24,146,0,4,0,0.35714285714285715,0.07142857142857142,inf,2.164352855784437
Sandolândia,2020-11-25,146,0,4,0,0.14285714285714285,0.07142857142857142,inf,2.164352855784437
Sandolândia,2020-11-26,146,0,4,0,0.14285714285714285,0.07142857142857142,inf,2.164352855784437
Sandolândia,2020-11-27,146,0,4,0,0.07142857142857142,0.07142857142857142,inf,2.164352855784437
Sandolândia,2020-11-28,146,0,4,0,0.07142857142857142,0.07142857142857142,inf,2.164352855784437
Sandolândia,2020-11-29,146,0,4,0,0.0,0.0,-1.0,2.164352855784437
Sandolândia,2020-11-30,146,0,4,0,0.0,0.0,-1.0,2.164352855784437
Sandolândia,2020-12-01,146,0,4,0,0.0,0.0,-1.0,2.164352855784437
Sandolândia,2020-12-02,146,0,4,0,0.0,0.0,-1.0,2.164352855784437
Sandolândia,2020-12-03,146,0,4,0,0.0,0.0,-1.0,2.164352855784437
Sandolândia,2020-12-04,146,0,4,0,0.0,0.0,-1.0,2.164352855784437
Sandolândia,2020-12-05,146,0,4,0,0.0,0.0,-1.0,2.164352855784437
Sandolândia,2020-12-06,146,0,4,0,0.0,0.0,-1.0,2.164352855784437
Sandolândia,2020-12-07,146,0,4,0,0.0,0.0,-1.0,2.164352855784437
Sandolândia,2020-12-08,146,0,4,0,0.0,0.0,-1.0,2.164352855784437
Sandolândia,2020-12-09,146,0,4,0,0.0,0.0,-1.0,2.164352855784437
Sandolândia,2020-12-10,146,0,4,0,0.0,0.0,-1.0,2.164352855784437
Sandolândia,2020-12-11,146,0,4,0,0.0,0.0,-1.0,2.164352855784437
Sandolândia,2020-12-12,146,0,4,0,0.0,0.0,-1.0,2.164352855784437
Sandolândia,2020-12-13,146,0,4,0,0.0,0.0,,2.164352855784437
Sandolândia,2020-12-14,146,0,4,0,0.0,0.0,,2.164352855784437
Sandolândia,2020-12-15,146,0,4,0,0.0,0.0,,2.164352855784437
Sandolândia,2020-12-16,146,0,4,0,0.0,0.0,,2.164352855784437
Sandolândia,2020-12-17,147,1,4,0,0.07142857142857142,0.0,,2.167317334748176
Sandolândia,2020-12-18,147,0,4,0,0.07142857142857142,0.0,,2.167317334748176
Sandolândia,2020-12-19,147,0,4,0,0.07142857142857142,0.0,,2.167317334748176
Sandolândia,2020-12-20,147,0,4,0,0.07142857142857142,0.0,,2.167317334748176
Sandolândia,2020-12-21,147,0,4,0,0.07142857142857142,0.0,,2.167317334748176
Sandolândia,2020-12-22,147,0,4,0,0.07142857142857142,0.0,,2.167317334748176
Sandolândia,2020-12-23,147,0,4,0,0.07142857142857142,0.0,,2.167317334748176
Sandolândia,2020-12-24,147,0,4,0,0.07142857142857142,0.0,,2.167317334748176
Sandolândia,2020-12-25,147,0,4,0,0.07142857142857142,0.0,,2.167317334748176
Sandolândia,2020-12-26,147,0,4,0,0.07142857142857142,0.0,,2.167317334748176
Sandolândia,2020-12-27,147,0,4,0,0.07142857142857142,0.0,,2.167317334748176
Sandolândia,2020-12-28,147,0,4,0,0.07142857142857142,0.0,,2.167317334748176
Sandolândia,2020-12-29,147,0,4,0,0.07142857142857142,0.0,,2.167317334748176
Sandolândia,2020-12-30,147,0,4,0,0.07142857142857142,0.0,,2.167317334748176
Sandolândia,2020-12-31,147,0,4,0,0.0,0.0,,2.167317334748176
Sandolândia,2021-01-01,147,0,4,0,0.0,0.0,,2.167317334748176
Sandolândia,2021-01-02,147,0,4,0,0.0,0.0,,2.167317334748176
Sandolândia,2021-01-03,147,0,4,0,0.0,0.0,,2.167317334748176
Sandolândia,2021-01-04,147,0,4,0,0.0,0.0,,2.167317334748176
Sandolândia,2021-01-05,147,0,4,0,0.0,0.0,,2.167317334748176
Sandolândia,2021-01-06,147,0,4,0,0.0,0.0,,2.167317334748176
Sandolândia,2021-01-07,148,1,4,0,0.07142857142857142,0.0,,2.1702617153949575
Sandolândia,2021-01-08,150,2,4,0,0.21428571428571427,0.0,,2.1760912590556813
Sandolândia,2021-01-09,158,8,4,0,0.7857142857142857,0.0,,2.1986570869544226
Sandolândia,2021-01-10,158,0,4,0,0.7857142857142857,0.0,,2.1986570869544226
Sandolândia,2021-01-11,158,0,4,0,0.7857142857142857,0.0,,2.1986570869544226
Sandolândia,2021-01-12,160,2,4,0,0.9285714285714286,0.0,,2.204119982655925
Sandolândia,2021-01-13,163,3,4,0,1.1428571428571428,0.0,,2.2121876044039577
Sandolândia,2021-01-14,164,1,4,0,1.2142857142857142,0.0,,2.214843848047698
Sandolândia,2021-01-15,166,2,4,0,1.3571428571428572,0.0,,2.220108088040055
Sandolândia,2021-01-16,166,0,4,0,1.3571428571428572,0.0,,2.220108088040055
Sandolândia,2021-01-17,166,0,4,0,1.3571428571428572,0.0,,2.220108088040055
Sandolândia,2021-01-18,166,0,4,0,1.3571428571428572,0.0,,2.220108088040055
Sandolândia,2021-01-19,168,2,4,0,1.5,0.0,,2.225309281725863
Sandolândia,2021-01-20,168,0,4,0,1.5,0.0,,2.225309281725863
Santa Fé do Araguaia,2020-03-27,0,0,0,0,,,,0.0
Santa Fé do Araguaia,2020-03-28,0,0,0,0,,,,0.0
Santa Fé do Araguaia,2020-03-29,0,0,0,0,,,,0.0
Santa Fé do Araguaia,2020-03-30,0,0,0,0,,,,0.0
Santa Fé do Araguaia,2020-03-31,0,0,0,0,,,,0.0
Santa Fé do Araguaia,2020-04-01,0,0,0,0,,,,0.0
Santa Fé do Araguaia,2020-04-02,0,0,0,0,,,,0.0
Santa Fé do Araguaia,2020-04-03,0,0,0,0,,,,0.0
Santa Fé do Araguaia,2020-04-04,0,0,0,0,,,,0.0
Santa Fé do Araguaia,2020-04-05,0,0,0,0,,,,0.0
Santa Fé do Araguaia,2020-04-06,0,0,0,0,,,,0.0
Santa Fé do Araguaia,2020-04-07,0,0,0,0,,,,0.0
Santa Fé do Araguaia,2020-04-08,0,0,0,0,,,,0.0
Santa Fé do Araguaia,2020-04-09,0,0,0,0,0.0,0.0,,0.0
Santa Fé do Araguaia,2020-04-10,0,0,0,0,0.0,0.0,,0.0
Santa Fé do Araguaia,2020-04-11,0,0,0,0,0.0,0.0,,0.0
Santa Fé do Araguaia,2020-04-12,0,0,0,0,0.0,0.0,,0.0
Santa Fé do Araguaia,2020-04-13,0,0,0,0,0.0,0.0,,0.0
Santa Fé do Araguaia,2020-04-14,0,0,0,0,0.0,0.0,,0.0
Santa Fé do Araguaia,2020-04-15,0,0,0,0,0.0,0.0,,0.0
Santa Fé do Araguaia,2020-04-16,0,0,0,0,0.0,0.0,,0.0
Santa Fé do Araguaia,2020-04-17,0,0,0,0,0.0,0.0,,0.0
Santa Fé do Araguaia,2020-04-18,0,0,0,0,0.0,0.0,,0.0
Santa Fé do Araguaia,2020-04-19,0,0,0,0,0.0,0.0,,0.0
Santa Fé do Araguaia,2020-04-20,0,0,0,0,0.0,0.0,,0.0
Santa Fé do Araguaia,2020-04-21,0,0,0,0,0.0,0.0,,0.0
Santa Fé do Araguaia,2020-04-22,0,0,0,0,0.0,0.0,,0.0
Santa Fé do Araguaia,2020-04-23,0,0,0,0,0.0,0.0,,0.0
Santa Fé do Araguaia,2020-04-24,0,0,0,0,0.0,0.0,,0.0
Santa Fé do Araguaia,2020-04-25,0,0,0,0,0.0,0.0,,0.0
Santa Fé do Araguaia,2020-04-26,0,0,0,0,0.0,0.0,,0.0
Santa Fé do Araguaia,2020-04-27,0,0,0,0,0.0,0.0,,0.0
Santa Fé do Araguaia,2020-04-28,0,0,0,0,0.0,0.0,,0.0
Santa Fé do Araguaia,2020-04-29,0,0,0,0,0.0,0.0,,0.0
Santa Fé do Araguaia,2020-04-30,0,0,0,0,0.0,0.0,,0.0
Santa Fé do Araguaia,2020-05-01,0,0,0,0,0.0,0.0,,0.0
Santa Fé do Araguaia,2020-05-02,0,0,0,0,0.0,0.0,,0.0
Santa Fé do Araguaia,2020-05-03,0,0,0,0,0.0,0.0,,0.0
Santa Fé do Araguaia,2020-05-04,0,0,0,0,0.0,0.0,,0.0
Santa Fé do Araguaia,2020-05-05,0,0,0,0,0.0,0.0,,0.0
Santa Fé do Araguaia,2020-05-06,0,0,0,0,0.0,0.0,,0.0
Santa Fé do Araguaia,2020-05-07,0,0,0,0,0.0,0.0,,0.0
Santa Fé do Araguaia,2020-05-08,0,0,0,0,0.0,0.0,,0.0
Santa Fé do Araguaia,2020-05-09,0,0,0,0,0.0,0.0,,0.0
Santa Fé do Araguaia,2020-05-10,0,0,0,0,0.0,0.0,,0.0
Santa Fé do Araguaia,2020-05-11,0,0,0,0,0.0,0.0,,0.0
Santa Fé do Araguaia,2020-05-12,0,0,0,0,0.0,0.0,,0.0
Santa Fé do Araguaia,2020-05-13,0,0,0,0,0.0,0.0,,0.0
Santa Fé do Araguaia,2020-05-14,0,0,0,0,0.0,0.0,,0.0
Santa Fé do Araguaia,2020-05-15,0,0,0,0,0.0,0.0,,0.0
Santa Fé do Araguaia,2020-05-16,0,0,0,0,0.0,0.0,,0.0
Santa Fé do Araguaia,2020-05-17,1,1,0,0,0.07142857142857142,0.0,,0.0
Santa Fé do Araguaia,2020-05-18,2,1,0,0,0.14285714285714285,0.0,,0.3010299956639812
Santa Fé do Araguaia,2020-05-19,2,0,0,0,0.14285714285714285,0.0,,0.3010299956639812
Santa Fé do Araguaia,2020-05-20,2,0,0,0,0.14285714285714285,0.0,,0.3010299956639812
Santa Fé do Araguaia,2020-05-21,1,-1,0,0,0.07142857142857142,0.0,,0.0
Santa Fé do Araguaia,2020-05-22,1,0,0,0,0.07142857142857142,0.0,,0.0
Santa Fé do Araguaia,2020-05-23,1,0,0,0,0.07142857142857142,0.0,,0.0
Santa Fé do Araguaia,2020-05-24,1,0,0,0,0.07142857142857142,0.0,,0.0
Santa Fé do Araguaia,2020-05-25,2,1,0,0,0.14285714285714285,0.0,,0.3010299956639812
Santa Fé do Araguaia,2020-05-26,2,0,0,0,0.14285714285714285,0.0,,0.3010299956639812
Santa Fé do Araguaia,2020-05-27,2,0,0,0,0.14285714285714285,0.0,,0.3010299956639812
Santa Fé do Araguaia,2020-05-28,2,0,0,0,0.14285714285714285,0.0,,0.3010299956639812
Santa Fé do Araguaia,2020-05-29,3,1,0,0,0.21428571428571427,0.0,,0.47712125471966244
Santa Fé do Araguaia,2020-05-30,5,2,0,0,0.35714285714285715,0.0,,0.6989700043360189
Santa Fé do Araguaia,2020-05-31,4,-1,0,0,0.21428571428571427,0.0,,0.6020599913279624
Santa Fé do Araguaia,2020-06-01,4,0,0,0,0.14285714285714285,0.0,,0.6020599913279624
Santa Fé do Araguaia,2020-06-02,4,0,0,0,0.14285714285714285,0.0,,0.6020599913279624
Santa Fé do Araguaia,2020-06-03,4,0,0,0,0.14285714285714285,0.0,,0.6020599913279624
Santa Fé do Araguaia,2020-06-04,4,0,0,0,0.21428571428571427,0.0,,0.6020599913279624
Santa Fé do Araguaia,2020-06-05,7,3,0,0,0.42857142857142855,0.0,,0.8450980400142568
Santa Fé do Araguaia,2020-06-06,8,1,0,0,0.5,0.0,,0.9030899869919435
Santa Fé do Araguaia,2020-06-07,11,3,0,0,0.7142857142857143,0.0,,1.041392685158225
Santa Fé do Araguaia,2020-06-08,12,1,0,0,0.7142857142857143,0.0,,1.0791812460476249
Santa Fé do Araguaia,2020-06-09,13,1,0,0,0.7857142857142857,0.0,,1.1139433523068367
Santa Fé do Araguaia,2020-06-10,15,2,0,0,0.9285714285714286,0.0,,1.1760912590556813
Santa Fé do Araguaia,2020-06-11,15,0,0,0,0.9285714285714286,0.0,,1.1760912590556813
Santa Fé do Araguaia,2020-06-12,14,-1,0,0,0.7857142857142857,0.0,,1.146128035678238
Santa Fé do Araguaia,2020-06-13,14,0,0,0,0.6428571428571429,0.0,,1.146128035678238
Santa Fé do Araguaia,2020-06-14,14,0,0,0,0.7142857142857143,0.0,,1.146128035678238
Santa Fé do Araguaia,2020-06-15,14,0,0,0,0.7142857142857143,0.0,,1.146128035678238
Santa Fé do Araguaia,2020-06-16,14,0,0,0,0.7142857142857143,0.0,,1.146128035678238
Santa Fé do Araguaia,2020-06-17,14,0,0,0,0.7142857142857143,0.0,,1.146128035678238
Santa Fé do Araguaia,2020-06-18,14,0,0,0,0.7142857142857143,0.0,,1.146128035678238
Santa Fé do Araguaia,2020-06-19,15,1,0,0,0.5714285714285714,0.0,,1.1760912590556813
Santa Fé do Araguaia,2020-06-20,15,0,0,0,0.5,0.0,,1.1760912590556813
Santa Fé do Araguaia,2020-06-21,15,0,0,0,0.2857142857142857,0.0,,1.1760912590556813
Santa Fé do Araguaia,2020-06-22,15,0,0,0,0.21428571428571427,0.0,,1.1760912590556813
Santa Fé do Araguaia,2020-06-23,15,0,0,0,0.14285714285714285,0.0,,1.1760912590556813
Santa Fé do Araguaia,2020-06-24,16,1,0,0,0.07142857142857142,0.0,,1.2041199826559248
Santa Fé do Araguaia,2020-06-25,16,0,0,0,0.07142857142857142,0.0,,1.2041199826559248
Santa Fé do Araguaia,2020-06-26,17,1,0,0,0.21428571428571427,0.0,,1.2304489213782739
Santa Fé do Araguaia,2020-06-27,22,5,0,0,0.5714285714285714,0.0,,1.3424226808222062
Santa Fé do Araguaia,2020-06-28,22,0,0,0,0.5714285714285714,0.0,,1.3424226808222062
Santa Fé do Araguaia,2020-06-29,22,0,0,0,0.5714285714285714,0.0,,1.3424226808222062
Santa Fé do Araguaia,2020-06-30,22,0,0,0,0.5714285714285714,0.0,,1.3424226808222062
Santa Fé do Araguaia,2020-07-01,23,1,0,0,0.6428571428571429,0.0,,1.3617278360175928
Santa Fé do Araguaia,2020-07-02,25,2,0,0,0.7857142857142857,0.0,,1.3979400086720377
Santa Fé do Araguaia,2020-07-03,26,1,0,0,0.7857142857142857,0.0,,1.414973347970818
Santa Fé do Araguaia,2020-07-04,35,9,0,0,1.4285714285714286,0.0,,1.5440680443502757
Santa Fé do Araguaia,2020-07-05,41,6,0,0,1.8571428571428572,0.0,,1.6127838567197355
Santa Fé do Araguaia,2020-07-06,42,1,0,0,1.9285714285714286,0.0,,1.6232492903979006
Santa Fé do Araguaia,2020-07-07,46,4,0,0,2.2142857142857144,0.0,,1.662757831681574
Santa Fé do Araguaia,2020-07-08,46,0,0,0,2.142857142857143,0.0,,1.662757831681574
Santa Fé do Araguaia,2020-07-09,70,24,0,0,3.857142857142857,0.0,,1.845098040014257
Santa Fé do Araguaia,2020-07-10,71,1,0,0,3.857142857142857,0.0,,1.8512583487190752
Santa Fé do Araguaia,2020-07-11,73,2,0,0,3.642857142857143,0.0,,1.863322860120456
Santa Fé do Araguaia,2020-07-12,77,4,0,0,3.9285714285714284,0.0,,1.8864907251724818
Santa Fé do Araguaia,2020-07-13,82,5,0,0,4.285714285714286,0.0,,1.9138138523837167
Santa Fé do Araguaia,2020-07-14,82,0,0,0,4.285714285714286,0.0,,1.9138138523837167
Santa Fé do Araguaia,2020-07-15,87,5,1,1,4.571428571428571,0.07142857142857142,inf,1.9395192526186185
Santa Fé do Araguaia,2020-07-16,96,9,1,0,5.071428571428571,0.07142857142857142,inf,1.9822712330395684
Santa Fé do Araguaia,2020-07-17,98,2,1,0,5.142857142857143,0.07142857142857142,inf,1.9912260756924949
Santa Fé do Araguaia,2020-07-18,100,2,1,0,4.642857142857143,0.07142857142857142,inf,2.0
Santa Fé do Araguaia,2020-07-19,103,3,1,0,4.428571428571429,0.07142857142857142,inf,2.012837224705172
Santa Fé do Araguaia,2020-07-20,104,1,1,0,4.428571428571429,0.07142857142857142,inf,2.0170333392987803
Santa Fé do Araguaia,2020-07-21,103,-1,1,0,4.071428571428571,0.07142857142857142,inf,2.012837224705172
Santa Fé do Araguaia,2020-07-22,103,0,1,0,4.071428571428571,0.07142857142857142,inf,2.012837224705172
Santa Fé do Araguaia,2020-07-23,107,4,1,0,2.642857142857143,0.07142857142857142,inf,2.0293837776852097
Santa Fé do Araguaia,2020-07-24,107,0,1,0,2.5714285714285716,0.07142857142857142,inf,2.0293837776852097
Santa Fé do Araguaia,2020-07-25,113,6,1,0,2.857142857142857,0.07142857142857142,inf,2.05307844348342
Santa Fé do Araguaia,2020-07-26,113,0,1,0,2.5714285714285716,0.07142857142857142,inf,2.05307844348342
Santa Fé do Araguaia,2020-07-27,113,0,1,0,2.2142857142857144,0.07142857142857142,inf,2.05307844348342
Santa Fé do Araguaia,2020-07-28,116,3,1,0,2.4285714285714284,0.07142857142857142,inf,2.0644579892269186
Santa Fé do Araguaia,2020-07-29,117,1,1,0,2.142857142857143,0.0,-1.0,2.0681858617461617
Santa Fé do Araguaia,2020-07-30,130,13,1,0,2.4285714285714284,0.0,-1.0,2.113943352306837
Santa Fé do Araguaia,2020-07-31,130,0,1,0,2.2857142857142856,0.0,-1.0,2.113943352306837
Santa Fé do Araguaia,2020-08-01,137,7,1,0,2.642857142857143,0.0,-1.0,2.1367205671564067
Santa Fé do Araguaia,2020-08-02,146,9,1,0,3.0714285714285716,0.0,-1.0,2.164352855784437
Santa Fé do Araguaia,2020-08-03,146,0,1,0,3.0,0.0,-1.0,2.164352855784437
Santa Fé do Araguaia,2020-08-04,144,-2,1,0,2.9285714285714284,0.0,-1.0,2.1583624920952498
Santa Fé do Araguaia,2020-08-05,145,1,1,0,3.0,0.0,-1.0,2.161368002234975
Santa Fé do Araguaia,2020-08-06,145,0,1,0,2.7142857142857144,0.0,-1.0,2.161368002234975
Santa Fé do Araguaia,2020-08-07,145,0,1,0,2.7142857142857144,0.0,-1.0,2.161368002234975
Santa Fé do Araguaia,2020-08-08,147,2,1,0,2.4285714285714284,0.0,-1.0,2.167317334748176
Santa Fé do Araguaia,2020-08-09,150,3,1,0,2.642857142857143,0.0,-1.0,2.1760912590556813
Santa Fé do Araguaia,2020-08-10,153,3,1,0,2.857142857142857,0.0,-1.0,2.184691430817599
Santa Fé do Araguaia,2020-08-11,155,2,1,0,2.7857142857142856,0.0,-1.0,2.1903316981702914
Santa Fé do Araguaia,2020-08-12,156,1,1,0,2.7857142857142856,0.0,,2.1931245983544616
Santa Fé do Araguaia,2020-08-13,156,0,2,1,1.8571428571428572,0.07142857142857142,inf,2.1931245983544616
Santa Fé do Araguaia,2020-08-14,160,4,2,0,2.142857142857143,0.07142857142857142,inf,2.204119982655925
Santa Fé do Araguaia,2020-08-15,160,0,2,0,1.6428571428571428,0.07142857142857142,inf,2.204119982655925
Santa Fé do Araguaia,2020-08-16,160,0,2,0,1.0,0.07142857142857142,inf,2.204119982655925
Santa Fé do Araguaia,2020-08-17,160,0,2,0,1.0,0.07142857142857142,inf,2.204119982655925
Santa Fé do Araguaia,2020-08-18,165,5,2,0,1.5,0.07142857142857142,inf,2.2174839442139063
Santa Fé do Araguaia,2020-08-19,164,-1,2,0,1.3571428571428572,0.07142857142857142,inf,2.214843848047698
Santa Fé do Araguaia,2020-08-20,166,2,3,1,1.5,0.14285714285714285,inf,2.220108088040055
Santa Fé do Araguaia,2020-08-21,169,3,3,0,1.7142857142857142,0.14285714285714285,inf,2.2278867046136734
Santa Fé do Araguaia,2020-08-22,169,0,3,0,1.5714285714285714,0.14285714285714285,inf,2.2278867046136734
Santa Fé do Araguaia,2020-08-23,170,1,3,0,1.4285714285714286,0.14285714285714285,inf,2.230448921378274
Santa Fé do Araguaia,2020-08-24,199,29,3,0,3.2857142857142856,0.14285714285714285,inf,2.298853076409707
Santa Fé do Araguaia,2020-08-25,204,5,3,0,3.5,0.14285714285714285,inf,2.3096301674258988
Santa Fé do Araguaia,2020-08-26,207,3,3,0,3.642857142857143,0.14285714285714285,inf,2.315970345456918
Santa Fé do Araguaia,2020-08-27,212,5,3,0,4.0,0.07142857142857142,0.0,2.3263358609287517
Santa Fé do Araguaia,2020-08-28,213,1,3,0,3.7857142857142856,0.07142857142857142,0.0,2.3283796034387376
Santa Fé do Araguaia,2020-08-29,224,11,3,0,4.571428571428571,0.07142857142857142,0.0,2.3502480183341627
Santa Fé do Araguaia,2020-08-30,225,1,4,1,4.642857142857143,0.14285714285714285,1.0,2.3521825181113627
Santa Fé do Araguaia,2020-08-31,226,1,4,0,4.714285714285714,0.14285714285714285,1.0,2.3541084391474008
Santa Fé do Araguaia,2020-09-01,229,3,4,0,4.571428571428571,0.14285714285714285,1.0,2.359835482339888
Santa Fé do Araguaia,2020-09-02,230,1,4,0,4.714285714285714,0.14285714285714285,1.0,2.361727836017593
Santa Fé do Araguaia,2020-09-03,234,4,4,0,4.857142857142857,0.07142857142857142,-0.5,2.369215857410143
Santa Fé do Araguaia,2020-09-04,244,10,4,0,5.357142857142857,0.07142857142857142,-0.5,2.3873898263387296
Santa Fé do Araguaia,2020-09-05,244,0,4,0,5.357142857142857,0.07142857142857142,-0.5,2.3873898263387296
Santa Fé do Araguaia,2020-09-06,244,0,4,0,5.285714285714286,0.07142857142857142,-0.5,2.3873898263387296
Santa Fé do Araguaia,2020-09-07,244,0,4,0,3.2142857142857144,0.07142857142857142,-0.5,2.3873898263387296
Santa Fé do Araguaia,2020-09-08,244,0,4,0,2.857142857142857,0.07142857142857142,-0.5,2.3873898263387296
Santa Fé do Araguaia,2020-09-09,244,0,4,0,2.642857142857143,0.07142857142857142,-0.5,2.3873898263387296
Santa Fé do Araguaia,2020-09-10,247,3,4,0,2.5,0.07142857142857142,0.0,2.392696953259666
Santa Fé do Araguaia,2020-09-11,260,13,4,0,3.357142857142857,0.07142857142857142,0.0,2.4149733479708178
Santa Fé do Araguaia,2020-09-12,262,2,4,0,2.7142857142857144,0.07142857142857142,0.0,2.4183012913197452
Santa Fé do Araguaia,2020-09-13,262,0,4,0,2.642857142857143,0.0,-1.0,2.4183012913197452
Santa Fé do Araguaia,2020-09-14,262,0,4,0,2.5714285714285716,0.0,-1.0,2.4183012913197452
Santa Fé do Araguaia,2020-09-15,262,0,4,0,2.357142857142857,0.0,-1.0,2.4183012913197452
Santa Fé do Araguaia,2020-09-16,262,0,4,0,2.2857142857142856,0.0,-1.0,2.4183012913197452
Santa Fé do Araguaia,2020-09-17,262,0,4,0,2.0,0.0,-1.0,2.4183012913197452
Santa Fé do Araguaia,2020-09-18,265,3,4,0,1.5,0.0,-1.0,2.423245873936808
Santa Fé do Araguaia,2020-09-19,272,7,4,0,2.0,0.0,-1.0,2.4345689040341987
Santa Fé do Araguaia,2020-09-20,272,0,4,0,2.0,0.0,-1.0,2.4345689040341987
Santa Fé do Araguaia,2020-09-21,272,0,4,0,2.0,0.0,-1.0,2.4345689040341987
Santa Fé do Araguaia,2020-09-22,277,5,4,0,2.357142857142857,0.0,-1.0,2.4424797690644486
Santa Fé do Araguaia,2020-09-23,277,0,4,0,2.357142857142857,0.0,-1.0,2.4424797690644486
Santa Fé do Araguaia,2020-09-24,277,0,4,0,2.142857142857143,0.0,-1.0,2.4424797690644486
Santa Fé do Araguaia,2020-09-25,278,1,4,0,1.2857142857142858,0.0,-1.0,2.444044795918076
Santa Fé do Araguaia,2020-09-26,279,1,4,0,1.2142857142857142,0.0,-1.0,2.4456042032735974
Santa Fé do Araguaia,2020-09-27,279,0,4,0,1.2142857142857142,0.0,,2.4456042032735974
Santa Fé do Araguaia,2020-09-28,279,0,4,0,1.2142857142857142,0.0,,2.4456042032735974
Santa Fé do Araguaia,2020-09-29,280,1,4,0,1.2857142857142858,0.0,,2.4471580313422194
Santa Fé do Araguaia,2020-09-30,280,0,4,0,1.2857142857142858,0.0,,2.4471580313422194
Santa Fé do Araguaia,2020-10-01,280,0,4,0,1.2857142857142858,0.0,,2.4471580313422194
Santa Fé do Araguaia,2020-10-02,281,1,4,0,1.1428571428571428,0.0,,2.44870631990508
Santa Fé do Araguaia,2020-10-03,282,1,4,0,0.7142857142857143,0.0,,2.450249108319361
Santa Fé do Araguaia,2020-10-04,282,0,4,0,0.7142857142857143,0.0,,2.450249108319361
Santa Fé do Araguaia,2020-10-05,282,0,4,0,0.7142857142857143,0.0,,2.450249108319361
Santa Fé do Araguaia,2020-10-06,282,0,4,0,0.35714285714285715,0.0,,2.450249108319361
Santa Fé do Araguaia,2020-10-07,281,-1,4,0,0.2857142857142857,0.0,,2.44870631990508
Santa Fé do Araguaia,2020-10-08,281,0,4,0,0.2857142857142857,0.0,,2.44870631990508
Santa Fé do Araguaia,2020-10-09,281,0,4,0,0.21428571428571427,0.0,,2.44870631990508
Santa Fé do Araguaia,2020-10-10,280,-1,4,0,0.07142857142857142,0.0,,2.4471580313422194
Santa Fé do Araguaia,2020-10-11,280,0,4,0,0.07142857142857142,0.0,,2.4471580313422194
Santa Fé do Araguaia,2020-10-12,280,0,4,0,0.07142857142857142,0.0,,2.4471580313422194
Santa Fé do Araguaia,2020-10-13,280,0,4,0,0.0,0.0,,2.4471580313422194
Santa Fé do Araguaia,2020-10-14,280,0,4,0,0.0,0.0,,2.4471580313422194
Santa Fé do Araguaia,2020-10-15,280,0,4,0,0.0,0.0,,2.4471580313422194
Santa Fé do Araguaia,2020-10-16,280,0,4,0,-0.07142857142857142,0.0,,2.4471580313422194
Santa Fé do Araguaia,2020-10-17,280,0,4,0,-0.14285714285714285,0.0,,2.4471580313422194
Santa Fé do Araguaia,2020-10-18,280,0,4,0,-0.14285714285714285,0.0,,2.4471580313422194
Santa Fé do Araguaia,2020-10-19,280,0,4,0,-0.14285714285714285,0.0,,2.4471580313422194
Santa Fé do Araguaia,2020-10-20,281,1,4,0,-0.07142857142857142,0.0,,2.44870631990508
Santa Fé do Araguaia,2020-10-21,281,0,4,0,0.0,0.0,,2.44870631990508
Santa Fé do Araguaia,2020-10-22,282,1,4,0,0.07142857142857142,0.0,,2.450249108319361
Santa Fé do Araguaia,2020-10-23,282,0,4,0,0.07142857142857142,0.0,,2.450249108319361
Santa Fé do Araguaia,2020-10-24,282,0,4,0,0.14285714285714285,0.0,,2.450249108319361
Santa Fé do Araguaia,2020-10-25,282,0,4,0,0.14285714285714285,0.0,,2.450249108319361
Santa Fé do Araguaia,2020-10-26,283,1,4,0,0.21428571428571427,0.0,,2.45178643552429
Santa Fé do Araguaia,2020-10-27,282,-1,4,0,0.14285714285714285,0.0,,2.450249108319361
Santa Fé do Araguaia,2020-10-28,284,2,4,0,0.2857142857142857,0.0,,2.4533183400470375
Santa Fé do Araguaia,2020-10-29,289,5,4,0,0.6428571428571429,0.0,,2.4608978427565478
Santa Fé do Araguaia,2020-10-30,295,6,4,0,1.0714285714285714,0.0,,2.469822015978163
Santa Fé do Araguaia,2020-10-31,295,0,4,0,1.0714285714285714,0.0,,2.469822015978163
Santa Fé do Araguaia,2020-11-01,295,0,4,0,1.0714285714285714,0.0,,2.469822015978163
Santa Fé do Araguaia,2020-11-02,295,0,4,0,1.0714285714285714,0.0,,2.469822015978163
Santa Fé do Araguaia,2020-11-03,295,0,4,0,1.0,0.0,,2.469822015978163
Santa Fé do Araguaia,2020-11-04,295,0,4,0,1.0,0.0,,2.469822015978163
Santa Fé do Araguaia,2020-11-05,295,0,4,0,0.9285714285714286,0.0,,2.469822015978163
Santa Fé do Araguaia,2020-11-06,295,0,4,0,0.9285714285714286,0.0,,2.469822015978163
Santa Fé do Araguaia,2020-11-07,294,-1,4,0,0.8571428571428571,0.0,,2.4683473304121573
Santa Fé do Araguaia,2020-11-08,294,0,4,0,0.8571428571428571,0.0,,2.4683473304121573
Santa Fé do Araguaia,2020-11-09,294,0,4,0,0.7857142857142857,0.0,,2.4683473304121573
Santa Fé do Araguaia,2020-11-10,295,1,4,0,0.9285714285714286,0.0,,2.469822015978163
Santa Fé do Araguaia,2020-11-11,298,3,4,0,1.0,0.0,,2.4742162640762553
Santa Fé do Araguaia,2020-11-12,299,1,4,0,0.7142857142857143,0.0,,2.4756711883244296
Santa Fé do Araguaia,2020-11-13,299,0,4,0,0.2857142857142857,0.0,,2.4756711883244296
Santa Fé do Araguaia,2020-11-14,299,0,4,0,0.2857142857142857,0.0,,2.4756711883244296
Santa Fé do Araguaia,2020-11-15,299,0,4,0,0.2857142857142857,0.0,,2.4756711883244296
Santa Fé do Araguaia,2020-11-16,299,0,4,0,0.2857142857142857,0.0,,2.4756711883244296
Santa Fé do Araguaia,2020-11-17,299,0,4,0,0.2857142857142857,0.0,,2.4756711883244296
Santa Fé do Araguaia,2020-11-18,296,-3,4,0,0.07142857142857142,0.0,,2.4712917110589387
Santa Fé do Araguaia,2020-11-19,296,0,4,0,0.07142857142857142,0.0,,2.4712917110589387
Santa Fé do Araguaia,2020-11-20,296,0,4,0,0.07142857142857142,0.0,,2.4712917110589387
Santa Fé do Araguaia,2020-11-21,296,0,4,0,0.14285714285714285,0.0,,2.4712917110589387
Santa Fé do Araguaia,2020-11-22,296,0,4,0,0.14285714285714285,0.0,,2.4712917110589387
Santa Fé do Araguaia,2020-11-23,296,0,4,0,0.14285714285714285,0.0,,2.4712917110589387
Santa Fé do Araguaia,2020-11-24,298,2,4,0,0.21428571428571427,0.0,,2.4742162640762553
Santa Fé do Araguaia,2020-11-25,299,1,4,0,0.07142857142857142,0.0,,2.4756711883244296
Santa Fé do Araguaia,2020-11-26,299,0,4,0,0.0,0.0,,2.4756711883244296
Santa Fé do Araguaia,2020-11-27,300,1,4,0,0.07142857142857142,0.0,,2.4771212547196626
Santa Fé do Araguaia,2020-11-28,301,1,4,0,0.14285714285714285,0.0,,2.478566495593843
Santa Fé do Araguaia,2020-11-29,301,0,4,0,0.14285714285714285,0.0,,2.478566495593843
Santa Fé do Araguaia,2020-11-30,301,0,4,0,0.14285714285714285,0.0,,2.478566495593843
Santa Fé do Araguaia,2020-12-01,302,1,4,0,0.21428571428571427,0.0,,2.4800069429571505
Santa Fé do Araguaia,2020-12-02,303,1,4,0,0.5,0.0,,2.481442628502305
Santa Fé do Araguaia,2020-12-03,303,0,4,0,0.5,0.0,,2.481442628502305
Santa Fé do Araguaia,2020-12-04,304,1,4,0,0.5714285714285714,0.0,,2.482873583608754
Santa Fé do Araguaia,2020-12-05,305,1,4,0,0.6428571428571429,0.0,,2.484299839346786
Santa Fé do Araguaia,2020-12-06,305,0,4,0,0.6428571428571429,0.0,,2.484299839346786
Santa Fé do Araguaia,2020-12-07,305,0,4,0,0.6428571428571429,0.0,,2.484299839346786
Santa Fé do Araguaia,2020-12-08,305,0,4,0,0.5,0.0,,2.484299839346786
Santa Fé do Araguaia,2020-12-09,307,2,4,0,0.5714285714285714,0.0,,2.4871383754771865
Santa Fé do Araguaia,2020-12-10,306,-1,4,0,0.5,0.0,,2.48572142648158
Santa Fé do Araguaia,2020-12-11,312,6,4,0,0.8571428571428571,0.0,,2.494154594018443
Santa Fé do Araguaia,2020-12-12,312,0,4,0,0.7857142857142857,0.0,,2.494154594018443
Santa Fé do Araguaia,2020-12-13,312,0,4,0,0.7857142857142857,0.0,,2.494154594018443
Santa Fé do Araguaia,2020-12-14,312,0,4,0,0.7857142857142857,0.0,,2.494154594018443
Santa Fé do Araguaia,2020-12-15,312,0,4,0,0.7142857142857143,0.0,,2.494154594018443
Santa Fé do Araguaia,2020-12-16,317,5,4,0,1.0,0.0,,2.5010592622177517
Santa Fé do Araguaia,2020-12-17,325,8,4,0,1.5714285714285714,0.0,,2.5118833609788744
Santa Fé do Araguaia,2020-12-18,334,9,4,0,2.142857142857143,0.0,,2.5237464668115646
Santa Fé do Araguaia,2020-12-19,336,2,4,0,2.2142857142857144,0.0,,2.526339277389844
Santa Fé do Araguaia,2020-12-20,336,0,4,0,2.2142857142857144,0.0,,2.526339277389844
Santa Fé do Araguaia,2020-12-21,343,7,4,0,2.7142857142857144,0.0,,2.5352941200427703
Santa Fé do Araguaia,2020-12-22,347,4,4,0,3.0,0.0,,2.5403294747908736
Santa Fé do Araguaia,2020-12-23,348,1,4,0,2.9285714285714284,0.0,,2.5415792439465807
Santa Fé do Araguaia,2020-12-24,349,1,4,0,3.0714285714285716,0.0,,2.5428254269591797
Santa Fé do Araguaia,2020-12-25,363,14,4,0,3.642857142857143,0.0,,2.5599066250361124
Santa Fé do Araguaia,2020-12-26,363,0,4,0,3.642857142857143,0.0,,2.5599066250361124
Santa Fé do Araguaia,2020-12-27,363,0,4,0,3.642857142857143,0.0,,2.5599066250361124
Santa Fé do Araguaia,2020-12-28,363,0,4,0,3.642857142857143,0.0,,2.5599066250361124
Santa Fé do Araguaia,2020-12-29,381,18,5,1,4.928571428571429,0.07142857142857142,inf,2.5809249756756194
Santa Fé do Araguaia,2020-12-30,382,1,5,0,4.642857142857143,0.07142857142857142,inf,2.582063362911709
Santa Fé do Araguaia,2020-12-31,384,2,5,0,4.214285714285714,0.07142857142857142,inf,2.584331224367531
Santa Fé do Araguaia,2021-01-01,392,8,5,0,4.142857142857143,0.07142857142857142,inf,2.593286067020457
Santa Fé do Araguaia,2021-01-02,395,3,5,0,4.214285714285714,0.07142857142857142,inf,2.59659709562646
Santa Fé do Araguaia,2021-01-03,404,9,5,0,4.857142857142857,0.07142857142857142,inf,2.606381365110605
Santa Fé do Araguaia,2021-01-04,409,5,5,0,4.714285714285714,0.07142857142857142,inf,2.611723308007342
Santa Fé do Araguaia,2021-01-05,411,2,5,0,4.571428571428571,0.07142857142857142,inf,2.6138418218760693
Santa Fé do Araguaia,2021-01-06,413,2,5,0,4.642857142857143,0.07142857142857142,inf,2.615950051656401
Santa Fé do Araguaia,2021-01-07,415,2,5,0,4.714285714285714,0.07142857142857142,inf,2.6180480967120925
Santa Fé do Araguaia,2021-01-08,430,15,5,0,4.785714285714286,0.07142857142857142,inf,2.6334684555795866
Santa Fé do Araguaia,2021-01-09,431,1,5,0,4.857142857142857,0.07142857142857142,inf,2.6344772701607315
Santa Fé do Araguaia,2021-01-10,431,0,5,0,4.857142857142857,0.07142857142857142,inf,2.6344772701607315
Santa Fé do Araguaia,2021-01-11,433,2,5,0,5.0,0.07142857142857142,inf,2.6364878963533656
Santa Fé do Araguaia,2021-01-12,446,13,5,0,4.642857142857143,0.0,-1.0,2.649334858712142
Santa Fé do Araguaia,2021-01-13,447,1,5,0,4.642857142857143,0.0,-1.0,2.6503075231319366
Santa Fé do Araguaia,2021-01-14,447,0,5,0,4.5,0.0,-1.0,2.6503075231319366
Santa Fé do Araguaia,2021-01-15,450,3,5,0,4.142857142857143,0.0,-1.0,2.6532125137753435
Santa Fé do Araguaia,2021-01-16,462,12,5,0,4.785714285714286,0.0,-1.0,2.6646419755561257
Santa Fé do Araguaia,2021-01-17,462,0,5,0,4.142857142857143,0.0,-1.0,2.6646419755561257
Santa Fé do Araguaia,2021-01-18,462,0,5,0,3.7857142857142856,0.0,-1.0,2.6646419755561257
Santa Fé do Araguaia,2021-01-19,478,16,5,0,4.785714285714286,0.0,-1.0,2.6794278966121188
Santa Fé do Araguaia,2021-01-20,479,1,5,0,4.714285714285714,0.0,-1.0,2.680335513414563
Santa Maria do Tocantins,2020-03-27,0,0,0,0,,,,0.0
Santa Maria do Tocantins,2020-03-28,0,0,0,0,,,,0.0
Santa Maria do Tocantins,2020-03-29,0,0,0,0,,,,0.0
Santa Maria do Tocantins,2020-03-30,0,0,0,0,,,,0.0
Santa Maria do Tocantins,2020-03-31,0,0,0,0,,,,0.0
Santa Maria do Tocantins,2020-04-01,0,0,0,0,,,,0.0
Santa Maria do Tocantins,2020-04-02,0,0,0,0,,,,0.0
Santa Maria do Tocantins,2020-04-03,0,0,0,0,,,,0.0
Santa Maria do Tocantins,2020-04-04,0,0,0,0,,,,0.0
Santa Maria do Tocantins,2020-04-05,0,0,0,0,,,,0.0
Santa Maria do Tocantins,2020-04-06,0,0,0,0,,,,0.0
Santa Maria do Tocantins,2020-04-07,0,0,0,0,,,,0.0
Santa Maria do Tocantins,2020-04-08,0,0,0,0,,,,0.0
Santa Maria do Tocantins,2020-04-09,0,0,0,0,0.0,0.0,,0.0
Santa Maria do Tocantins,2020-04-10,0,0,0,0,0.0,0.0,,0.0
Santa Maria do Tocantins,2020-04-11,0,0,0,0,0.0,0.0,,0.0
Santa Maria do Tocantins,2020-04-12,0,0,0,0,0.0,0.0,,0.0
Santa Maria do Tocantins,2020-04-13,0,0,0,0,0.0,0.0,,0.0
Santa Maria do Tocantins,2020-04-14,0,0,0,0,0.0,0.0,,0.0
Santa Maria do Tocantins,2020-04-15,0,0,0,0,0.0,0.0,,0.0
Santa Maria do Tocantins,2020-04-16,0,0,0,0,0.0,0.0,,0.0
Santa Maria do Tocantins,2020-04-17,0,0,0,0,0.0,0.0,,0.0
Santa Maria do Tocantins,2020-04-18,0,0,0,0,0.0,0.0,,0.0
Santa Maria do Tocantins,2020-04-19,0,0,0,0,0.0,0.0,,0.0
Santa Maria do Tocantins,2020-04-20,0,0,0,0,0.0,0.0,,0.0
Santa Maria do Tocantins,2020-04-21,0,0,0,0,0.0,0.0,,0.0
Santa Maria do Tocantins,2020-04-22,0,0,0,0,0.0,0.0,,0.0
Santa Maria do Tocantins,2020-04-23,0,0,0,0,0.0,0.0,,0.0
Santa Maria do Tocantins,2020-04-24,0,0,0,0,0.0,0.0,,0.0
Santa Maria do Tocantins,2020-04-25,0,0,0,0,0.0,0.0,,0.0
Santa Maria do Tocantins,2020-04-26,0,0,0,0,0.0,0.0,,0.0
Santa Maria do Tocantins,2020-04-27,0,0,0,0,0.0,0.0,,0.0
Santa Maria do Tocantins,2020-04-28,0,0,0,0,0.0,0.0,,0.0
Santa Maria do Tocantins,2020-04-29,0,0,0,0,0.0,0.0,,0.0
Santa Maria do Tocantins,2020-04-30,0,0,0,0,0.0,0.0,,0.0
Santa Maria do Tocantins,2020-05-01,0,0,0,0,0.0,0.0,,0.0
Santa Maria do Tocantins,2020-05-02,0,0,0,0,0.0,0.0,,0.0
Santa Maria do Tocantins,2020-05-03,0,0,0,0,0.0,0.0,,0.0
Santa Maria do Tocantins,2020-05-04,0,0,0,0,0.0,0.0,,0.0
Santa Maria do Tocantins,2020-05-05,0,0,0,0,0.0,0.0,,0.0
Santa Maria do Tocantins,2020-05-06,0,0,0,0,0.0,0.0,,0.0
Santa Maria do Tocantins,2020-05-07,0,0,0,0,0.0,0.0,,0.0
Santa Maria do Tocantins,2020-05-08,0,0,0,0,0.0,0.0,,0.0
Santa Maria do Tocantins,2020-05-09,0,0,0,0,0.0,0.0,,0.0
Santa Maria do Tocantins,2020-05-10,0,0,0,0,0.0,0.0,,0.0
Santa Maria do Tocantins,2020-05-11,0,0,0,0,0.0,0.0,,0.0
Santa Maria do Tocantins,2020-05-12,0,0,0,0,0.0,0.0,,0.0
Santa Maria do Tocantins,2020-05-13,0,0,0,0,0.0,0.0,,0.0
Santa Maria do Tocantins,2020-05-14,0,0,0,0,0.0,0.0,,0.0
Santa Maria do Tocantins,2020-05-15,0,0,0,0,0.0,0.0,,0.0
Santa Maria do Tocantins,2020-05-16,0,0,0,0,0.0,0.0,,0.0
Santa Maria do Tocantins,2020-05-17,0,0,0,0,0.0,0.0,,0.0
Santa Maria do Tocantins,2020-05-18,0,0,0,0,0.0,0.0,,0.0
Santa Maria do Tocantins,2020-05-19,0,0,0,0,0.0,0.0,,0.0
Santa Maria do Tocantins,2020-05-20,0,0,0,0,0.0,0.0,,0.0
Santa Maria do Tocantins,2020-05-21,0,0,0,0,0.0,0.0,,0.0
Santa Maria do Tocantins,2020-05-22,0,0,0,0,0.0,0.0,,0.0
Santa Maria do Tocantins,2020-05-23,0,0,0,0,0.0,0.0,,0.0
Santa Maria do Tocantins,2020-05-24,0,0,0,0,0.0,0.0,,0.0
Santa Maria do Tocantins,2020-05-25,0,0,0,0,0.0,0.0,,0.0
Santa Maria do Tocantins,2020-05-26,0,0,0,0,0.0,0.0,,0.0
Santa Maria do Tocantins,2020-05-27,0,0,0,0,0.0,0.0,,0.0
Santa Maria do Tocantins,2020-05-28,0,0,0,0,0.0,0.0,,0.0
Santa Maria do Tocantins,2020-05-29,0,0,0,0,0.0,0.0,,0.0
Santa Maria do Tocantins,2020-05-30,0,0,0,0,0.0,0.0,,0.0
Santa Maria do Tocantins,2020-05-31,0,0,0,0,0.0,0.0,,0.0
Santa Maria do Tocantins,2020-06-01,0,0,0,0,0.0,0.0,,0.0
Santa Maria do Tocantins,2020-06-02,0,0,0,0,0.0,0.0,,0.0
Santa Maria do Tocantins,2020-06-03,0,0,0,0,0.0,0.0,,0.0
Santa Maria do Tocantins,2020-06-04,0,0,0,0,0.0,0.0,,0.0
Santa Maria do Tocantins,2020-06-05,0,0,0,0,0.0,0.0,,0.0
Santa Maria do Tocantins,2020-06-06,0,0,0,0,0.0,0.0,,0.0
Santa Maria do Tocantins,2020-06-07,0,0,0,0,0.0,0.0,,0.0
Santa Maria do Tocantins,2020-06-08,0,0,0,0,0.0,0.0,,0.0
Santa Maria do Tocantins,2020-06-09,0,0,0,0,0.0,0.0,,0.0
Santa Maria do Tocantins,2020-06-10,0,0,0,0,0.0,0.0,,0.0
Santa Maria do Tocantins,2020-06-11,0,0,0,0,0.0,0.0,,0.0
Santa Maria do Tocantins,2020-06-12,0,0,0,0,0.0,0.0,,0.0
Santa Maria do Tocantins,2020-06-13,0,0,0,0,0.0,0.0,,0.0
Santa Maria do Tocantins,2020-06-14,0,0,0,0,0.0,0.0,,0.0
Santa Maria do Tocantins,2020-06-15,0,0,0,0,0.0,0.0,,0.0
Santa Maria do Tocantins,2020-06-16,0,0,0,0,0.0,0.0,,0.0
Santa Maria do Tocantins,2020-06-17,0,0,0,0,0.0,0.0,,0.0
Santa Maria do Tocantins,2020-06-18,0,0,0,0,0.0,0.0,,0.0
Santa Maria do Tocantins,2020-06-19,0,0,0,0,0.0,0.0,,0.0
Santa Maria do Tocantins,2020-06-20,0,0,0,0,0.0,0.0,,0.0
Santa Maria do Tocantins,2020-06-21,0,0,0,0,0.0,0.0,,0.0
Santa Maria do Tocantins,2020-06-22,0,0,0,0,0.0,0.0,,0.0
Santa Maria do Tocantins,2020-06-23,0,0,0,0,0.0,0.0,,0.0
Santa Maria do Tocantins,2020-06-24,0,0,0,0,0.0,0.0,,0.0
Santa Maria do Tocantins,2020-06-25,0,0,0,0,0.0,0.0,,0.0
Santa Maria do Tocantins,2020-06-26,0,0,0,0,0.0,0.0,,0.0
Santa Maria do Tocantins,2020-06-27,0,0,0,0,0.0,0.0,,0.0
Santa Maria do Tocantins,2020-06-28,0,0,0,0,0.0,0.0,,0.0
Santa Maria do Tocantins,2020-06-29,0,0,0,0,0.0,0.0,,0.0
Santa Maria do Tocantins,2020-06-30,0,0,0,0,0.0,0.0,,0.0
Santa Maria do Tocantins,2020-07-01,0,0,0,0,0.0,0.0,,0.0
Santa Maria do Tocantins,2020-07-02,1,1,0,0,0.07142857142857142,0.0,,0.0
Santa Maria do Tocantins,2020-07-03,1,0,0,0,0.07142857142857142,0.0,,0.0
Santa Maria do Tocantins,2020-07-04,1,0,0,0,0.07142857142857142,0.0,,0.0
Santa Maria do Tocantins,2020-07-05,1,0,0,0,0.07142857142857142,0.0,,0.0
Santa Maria do Tocantins,2020-07-06,1,0,0,0,0.07142857142857142,0.0,,0.0
Santa Maria do Tocantins,2020-07-07,1,0,0,0,0.07142857142857142,0.0,,0.0
Santa Maria do Tocantins,2020-07-08,1,0,0,0,0.07142857142857142,0.0,,0.0
Santa Maria do Tocantins,2020-07-09,1,0,0,0,0.07142857142857142,0.0,,0.0
Santa Maria do Tocantins,2020-07-10,1,0,0,0,0.07142857142857142,0.0,,0.0
Santa Maria do Tocantins,2020-07-11,1,0,0,0,0.07142857142857142,0.0,,0.0
Santa Maria do Tocantins,2020-07-12,1,0,0,0,0.07142857142857142,0.0,,0.0
Santa Maria do Tocantins,2020-07-13,1,0,0,0,0.07142857142857142,0.0,,0.0
Santa Maria do Tocantins,2020-07-14,1,0,0,0,0.07142857142857142,0.0,,0.0
Santa Maria do Tocantins,2020-07-15,1,0,0,0,0.07142857142857142,0.0,,0.0
Santa Maria do Tocantins,2020-07-16,1,0,0,0,0.0,0.0,,0.0
Santa Maria do Tocantins,2020-07-17,1,0,0,0,0.0,0.0,,0.0
Santa Maria do Tocantins,2020-07-18,1,0,0,0,0.0,0.0,,0.0
Santa Maria do Tocantins,2020-07-19,1,0,0,0,0.0,0.0,,0.0
Santa Maria do Tocantins,2020-07-20,1,0,0,0,0.0,0.0,,0.0
Santa Maria do Tocantins,2020-07-21,1,0,0,0,0.0,0.0,,0.0
Santa Maria do Tocantins,2020-07-22,1,0,0,0,0.0,0.0,,0.0
Santa Maria do Tocantins,2020-07-23,3,2,0,0,0.14285714285714285,0.0,,0.47712125471966244
Santa Maria do Tocantins,2020-07-24,3,0,0,0,0.14285714285714285,0.0,,0.47712125471966244
Santa Maria do Tocantins,2020-07-25,3,0,0,0,0.14285714285714285,0.0,,0.47712125471966244
Santa Maria do Tocantins,2020-07-26,3,0,0,0,0.14285714285714285,0.0,,0.47712125471966244
Santa Maria do Tocantins,2020-07-27,3,0,0,0,0.14285714285714285,0.0,,0.47712125471966244
Santa Maria do Tocantins,2020-07-28,5,2,0,0,0.2857142857142857,0.0,,0.6989700043360189
Santa Maria do Tocantins,2020-07-29,5,0,0,0,0.2857142857142857,0.0,,0.6989700043360189
Santa Maria do Tocantins,2020-07-30,6,1,0,0,0.35714285714285715,0.0,,0.7781512503836436
Santa Maria do Tocantins,2020-07-31,6,0,0,0,0.35714285714285715,0.0,,0.7781512503836436
Santa Maria do Tocantins,2020-08-01,6,0,0,0,0.35714285714285715,0.0,,0.7781512503836436
Santa Maria do Tocantins,2020-08-02,6,0,0,0,0.35714285714285715,0.0,,0.7781512503836436
Santa Maria do Tocantins,2020-08-03,6,0,0,0,0.35714285714285715,0.0,,0.7781512503836436
Santa Maria do Tocantins,2020-08-04,6,0,0,0,0.35714285714285715,0.0,,0.7781512503836436
Santa Maria do Tocantins,2020-08-05,6,0,0,0,0.35714285714285715,0.0,,0.7781512503836436
Santa Maria do Tocantins,2020-08-06,12,6,0,0,0.6428571428571429,0.0,,1.0791812460476249
Santa Maria do Tocantins,2020-08-07,12,0,0,0,0.6428571428571429,0.0,,1.0791812460476249
Santa Maria do Tocantins,2020-08-08,13,1,0,0,0.7142857142857143,0.0,,1.1139433523068367
Santa Maria do Tocantins,2020-08-09,13,0,0,0,0.7142857142857143,0.0,,1.1139433523068367
Santa Maria do Tocantins,2020-08-10,13,0,0,0,0.7142857142857143,0.0,,1.1139433523068367
Santa Maria do Tocantins,2020-08-11,14,1,0,0,0.6428571428571429,0.0,,1.146128035678238
Santa Maria do Tocantins,2020-08-12,16,2,0,0,0.7857142857142857,0.0,,1.2041199826559248
Santa Maria do Tocantins,2020-08-13,16,0,0,0,0.7142857142857143,0.0,,1.2041199826559248
Santa Maria do Tocantins,2020-08-14,16,0,0,0,0.7142857142857143,0.0,,1.2041199826559248
Santa Maria do Tocantins,2020-08-15,16,0,0,0,0.7142857142857143,0.0,,1.2041199826559248
Santa Maria do Tocantins,2020-08-16,16,0,0,0,0.7142857142857143,0.0,,1.2041199826559248
Santa Maria do Tocantins,2020-08-17,16,0,0,0,0.7142857142857143,0.0,,1.2041199826559248
Santa Maria do Tocantins,2020-08-18,18,2,0,0,0.8571428571428571,0.0,,1.255272505103306
Santa Maria do Tocantins,2020-08-19,19,1,0,0,0.9285714285714286,0.0,,1.2787536009528289
Santa Maria do Tocantins,2020-08-20,19,0,0,0,0.5,0.0,,1.2787536009528289
Santa Maria do Tocantins,2020-08-21,19,0,0,0,0.5,0.0,,1.2787536009528289
Santa Maria do Tocantins,2020-08-22,19,0,0,0,0.42857142857142855,0.0,,1.2787536009528289
Santa Maria do Tocantins,2020-08-23,19,0,0,0,0.42857142857142855,0.0,,1.2787536009528289
Santa Maria do Tocantins,2020-08-24,19,0,0,0,0.42857142857142855,0.0,,1.2787536009528289
Santa Maria do Tocantins,2020-08-25,19,0,0,0,0.35714285714285715,0.0,,1.2787536009528289
Santa Maria do Tocantins,2020-08-26,19,0,0,0,0.21428571428571427,0.0,,1.2787536009528289
Santa Maria do Tocantins,2020-08-27,20,1,0,0,0.2857142857142857,0.0,,1.3010299956639813
Santa Maria do Tocantins,2020-08-28,20,0,0,0,0.2857142857142857,0.0,,1.3010299956639813
Santa Maria do Tocantins,2020-08-29,23,3,0,0,0.5,0.0,,1.3617278360175928
Santa Maria do Tocantins,2020-08-30,23,0,0,0,0.5,0.0,,1.3617278360175928
Santa Maria do Tocantins,2020-08-31,23,0,0,0,0.5,0.0,,1.3617278360175928
Santa Maria do Tocantins,2020-09-01,25,2,0,0,0.5,0.0,,1.3979400086720377
Santa Maria do Tocantins,2020-09-02,25,0,0,0,0.42857142857142855,0.0,,1.3979400086720377
Santa Maria do Tocantins,2020-09-03,25,0,0,0,0.42857142857142855,0.0,,1.3979400086720377
Santa Maria do Tocantins,2020-09-04,25,0,0,0,0.42857142857142855,0.0,,1.3979400086720377
Santa Maria do Tocantins,2020-09-05,25,0,0,0,0.42857142857142855,0.0,,1.3979400086720377
Santa Maria do Tocantins,2020-09-06,25,0,0,0,0.42857142857142855,0.0,,1.3979400086720377
Santa Maria do Tocantins,2020-09-07,25,0,0,0,0.42857142857142855,0.0,,1.3979400086720377
Santa Maria do Tocantins,2020-09-08,25,0,0,0,0.42857142857142855,0.0,,1.3979400086720377
Santa Maria do Tocantins,2020-09-09,25,0,0,0,0.42857142857142855,0.0,,1.3979400086720377
Santa Maria do Tocantins,2020-09-10,25,0,0,0,0.35714285714285715,0.0,,1.3979400086720377
Santa Maria do Tocantins,2020-09-11,26,1,0,0,0.42857142857142855,0.0,,1.414973347970818
Santa Maria do Tocantins,2020-09-12,26,0,0,0,0.21428571428571427,0.0,,1.414973347970818
Santa Maria do Tocantins,2020-09-13,26,0,0,0,0.21428571428571427,0.0,,1.414973347970818
Santa Maria do Tocantins,2020-09-14,26,0,0,0,0.21428571428571427,0.0,,1.414973347970818
Santa Maria do Tocantins,2020-09-15,26,0,0,0,0.07142857142857142,0.0,,1.414973347970818
Santa Maria do Tocantins,2020-09-16,26,0,0,0,0.07142857142857142,0.0,,1.414973347970818
Santa Maria do Tocantins,2020-09-17,26,0,0,0,0.07142857142857142,0.0,,1.414973347970818
Santa Maria do Tocantins,2020-09-18,26,0,0,0,0.07142857142857142,0.0,,1.414973347970818
Santa Maria do Tocantins,2020-09-19,26,0,0,0,0.07142857142857142,0.0,,1.414973347970818
Santa Maria do Tocantins,2020-09-20,26,0,0,0,0.07142857142857142,0.0,,1.414973347970818
Santa Maria do Tocantins,2020-09-21,26,0,0,0,0.07142857142857142,0.0,,1.414973347970818
Santa Maria do Tocantins,2020-09-22,26,0,0,0,0.07142857142857142,0.0,,1.414973347970818
Santa Maria do Tocantins,2020-09-23,26,0,0,0,0.07142857142857142,0.0,,1.414973347970818
Santa Maria do Tocantins,2020-09-24,26,0,0,0,0.07142857142857142,0.0,,1.414973347970818
Santa Maria do Tocantins,2020-09-25,26,0,0,0,0.0,0.0,,1.414973347970818
Santa Maria do Tocantins,2020-09-26,27,1,0,0,0.07142857142857142,0.0,,1.4313637641589874
Santa Maria do Tocantins,2020-09-27,27,0,0,0,0.07142857142857142,0.0,,1.4313637641589874
Santa Maria do Tocantins,2020-09-28,27,0,0,0,0.07142857142857142,0.0,,1.4313637641589874
Santa Maria do Tocantins,2020-09-29,27,0,0,0,0.07142857142857142,0.0,,1.4313637641589874
Santa Maria do Tocantins,2020-09-30,27,0,0,0,0.07142857142857142,0.0,,1.4313637641589874
Santa Maria do Tocantins,2020-10-01,27,0,0,0,0.07142857142857142,0.0,,1.4313637641589874
Santa Maria do Tocantins,2020-10-02,27,0,0,0,0.07142857142857142,0.0,,1.4313637641589874
Santa Maria do Tocantins,2020-10-03,27,0,0,0,0.07142857142857142,0.0,,1.4313637641589874
Santa Maria do Tocantins,2020-10-04,27,0,0,0,0.07142857142857142,0.0,,1.4313637641589874
Santa Maria do Tocantins,2020-10-05,27,0,0,0,0.07142857142857142,0.0,,1.4313637641589874
Santa Maria do Tocantins,2020-10-06,27,0,0,0,0.07142857142857142,0.0,,1.4313637641589874
Santa Maria do Tocantins,2020-10-07,27,0,0,0,0.07142857142857142,0.0,,1.4313637641589874
Santa Maria do Tocantins,2020-10-08,27,0,0,0,0.07142857142857142,0.0,,1.4313637641589874
Santa Maria do Tocantins,2020-10-09,27,0,0,0,0.07142857142857142,0.0,,1.4313637641589874
Santa Maria do Tocantins,2020-10-10,27,0,0,0,0.0,0.0,,1.4313637641589874
Santa Maria do Tocantins,2020-10-11,27,0,0,0,0.0,0.0,,1.4313637641589874
Santa Maria do Tocantins,2020-10-12,27,0,0,0,0.0,0.0,,1.4313637641589874
Santa Maria do Tocantins,2020-10-13,27,0,0,0,0.0,0.0,,1.4313637641589874
Santa Maria do Tocantins,2020-10-14,27,0,0,0,0.0,0.0,,1.4313637641589874
Santa Maria do Tocantins,2020-10-15,27,0,0,0,0.0,0.0,,1.4313637641589874
Santa Maria do Tocantins,2020-10-16,27,0,0,0,0.0,0.0,,1.4313637641589874
Santa Maria do Tocantins,2020-10-17,27,0,0,0,0.0,0.0,,1.4313637641589874
Santa Maria do Tocantins,2020-10-18,27,0,0,0,0.0,0.0,,1.4313637641589874
Santa Maria do Tocantins,2020-10-19,27,0,0,0,0.0,0.0,,1.4313637641589874
Santa Maria do Tocantins,2020-10-20,27,0,0,0,0.0,0.0,,1.4313637641589874
Santa Maria do Tocantins,2020-10-21,27,0,0,0,0.0,0.0,,1.4313637641589874
Santa Maria do Tocantins,2020-10-22,27,0,0,0,0.0,0.0,,1.4313637641589874
Santa Maria do Tocantins,2020-10-23,27,0,0,0,0.0,0.0,,1.4313637641589874
Santa Maria do Tocantins,2020-10-24,27,0,0,0,0.0,0.0,,1.4313637641589874
Santa Maria do Tocantins,2020-10-25,27,0,0,0,0.0,0.0,,1.4313637641589874
Santa Maria do Tocantins,2020-10-26,27,0,0,0,0.0,0.0,,1.4313637641589874
Santa Maria do Tocantins,2020-10-27,28,1,0,0,0.07142857142857142,0.0,,1.4471580313422192
Santa Maria do Tocantins,2020-10-28,29,1,0,0,0.14285714285714285,0.0,,1.462397997898956
Santa Maria do Tocantins,2020-10-29,29,0,0,0,0.14285714285714285,0.0,,1.462397997898956
Santa Maria do Tocantins,2020-10-30,29,0,0,0,0.14285714285714285,0.0,,1.462397997898956
Santa Maria do Tocantins,2020-10-31,29,0,0,0,0.14285714285714285,0.0,,1.462397997898956
Santa Maria do Tocantins,2020-11-01,29,0,0,0,0.14285714285714285,0.0,,1.462397997898956
Santa Maria do Tocantins,2020-11-02,29,0,0,0,0.14285714285714285,0.0,,1.462397997898956
Santa Maria do Tocantins,2020-11-03,29,0,0,0,0.14285714285714285,0.0,,1.462397997898956
Santa Maria do Tocantins,2020-11-04,30,1,0,0,0.21428571428571427,0.0,,1.4771212547196624
Santa Maria do Tocantins,2020-11-05,28,-2,0,0,0.07142857142857142,0.0,,1.4471580313422192
Santa Maria do Tocantins,2020-11-06,28,0,0,0,0.07142857142857142,0.0,,1.4471580313422192
Santa Maria do Tocantins,2020-11-07,28,0,0,0,0.07142857142857142,0.0,,1.4471580313422192
Santa Maria do Tocantins,2020-11-08,28,0,0,0,0.07142857142857142,0.0,,1.4471580313422192
Santa Maria do Tocantins,2020-11-09,28,0,0,0,0.07142857142857142,0.0,,1.4471580313422192
Santa Maria do Tocantins,2020-11-10,28,0,0,0,0.0,0.0,,1.4471580313422192
Santa Maria do Tocantins,2020-11-11,31,3,0,0,0.14285714285714285,0.0,,1.4913616938342726
Santa Maria do Tocantins,2020-11-12,31,0,0,0,0.14285714285714285,0.0,,1.4913616938342726
Santa Maria do Tocantins,2020-11-13,31,0,0,0,0.14285714285714285,0.0,,1.4913616938342726
Santa Maria do Tocantins,2020-11-14,31,0,0,0,0.14285714285714285,0.0,,1.4913616938342726
Santa Maria do Tocantins,2020-11-15,31,0,0,0,0.14285714285714285,0.0,,1.4913616938342726
Santa Maria do Tocantins,2020-11-16,31,0,0,0,0.14285714285714285,0.0,,1.4913616938342726
Santa Maria do Tocantins,2020-11-17,31,0,0,0,0.14285714285714285,0.0,,1.4913616938342726
Santa Maria do Tocantins,2020-11-18,31,0,0,0,0.07142857142857142,0.0,,1.4913616938342726
Santa Maria do Tocantins,2020-11-19,31,0,0,0,0.21428571428571427,0.0,,1.4913616938342726
Santa Maria do Tocantins,2020-11-20,31,0,0,0,0.21428571428571427,0.0,,1.4913616938342726
Santa Maria do Tocantins,2020-11-21,31,0,0,0,0.21428571428571427,0.0,,1.4913616938342726
Santa Maria do Tocantins,2020-11-22,31,0,0,0,0.21428571428571427,0.0,,1.4913616938342726
Santa Maria do Tocantins,2020-11-23,31,0,0,0,0.21428571428571427,0.0,,1.4913616938342726
Santa Maria do Tocantins,2020-11-24,31,0,0,0,0.21428571428571427,0.0,,1.4913616938342726
Santa Maria do Tocantins,2020-11-25,31,0,0,0,0.0,0.0,,1.4913616938342726
Santa Maria do Tocantins,2020-11-26,31,0,0,0,0.0,0.0,,1.4913616938342726
Santa Maria do Tocantins,2020-11-27,31,0,0,0,0.0,0.0,,1.4913616938342726
Santa Maria do Tocantins,2020-11-28,31,0,0,0,0.0,0.0,,1.4913616938342726
Santa Maria do Tocantins,2020-11-29,31,0,0,0,0.0,0.0,,1.4913616938342726
Santa Maria do Tocantins,2020-11-30,31,0,0,0,0.0,0.0,,1.4913616938342726
Santa Maria do Tocantins,2020-12-01,31,0,0,0,0.0,0.0,,1.4913616938342726
Santa Maria do Tocantins,2020-12-02,31,0,0,0,0.0,0.0,,1.4913616938342726
Santa Maria do Tocantins,2020-12-03,31,0,0,0,0.0,0.0,,1.4913616938342726
Santa Maria do Tocantins,2020-12-04,31,0,0,0,0.0,0.0,,1.4913616938342726
Santa Maria do Tocantins,2020-12-05,31,0,0,0,0.0,0.0,,1.4913616938342726
Santa Maria do Tocantins,2020-12-06,31,0,0,0,0.0,0.0,,1.4913616938342726
Santa Maria do Tocantins,2020-12-07,31,0,0,0,0.0,0.0,,1.4913616938342726
Santa Maria do Tocantins,2020-12-08,31,0,0,0,0.0,0.0,,1.4913616938342726
Santa Maria do Tocantins,2020-12-09,31,0,0,0,0.0,0.0,,1.4913616938342726
Santa Maria do Tocantins,2020-12-10,31,0,0,0,0.0,0.0,,1.4913616938342726
Santa Maria do Tocantins,2020-12-11,33,2,0,0,0.14285714285714285,0.0,,1.5185139398778875
Santa Maria do Tocantins,2020-12-12,33,0,0,0,0.14285714285714285,0.0,,1.5185139398778875
Santa Maria do Tocantins,2020-12-13,33,0,0,0,0.14285714285714285,0.0,,1.5185139398778875
Santa Maria do Tocantins,2020-12-14,33,0,0,0,0.14285714285714285,0.0,,1.5185139398778875
Santa Maria do Tocantins,2020-12-15,33,0,0,0,0.14285714285714285,0.0,,1.5185139398778875
Santa Maria do Tocantins,2020-12-16,33,0,0,0,0.14285714285714285,0.0,,1.5185139398778875
Santa Maria do Tocantins,2020-12-17,33,0,0,0,0.14285714285714285,0.0,,1.5185139398778875
Santa Maria do Tocantins,2020-12-18,33,0,0,0,0.14285714285714285,0.0,,1.5185139398778875
Santa Maria do Tocantins,2020-12-19,33,0,0,0,0.14285714285714285,0.0,,1.5185139398778875
Santa Maria do Tocantins,2020-12-20,33,0,0,0,0.14285714285714285,0.0,,1.5185139398778875
Santa Maria do Tocantins,2020-12-21,33,0,0,0,0.14285714285714285,0.0,,1.5185139398778875
Santa Maria do Tocantins,2020-12-22,33,0,0,0,0.14285714285714285,0.0,,1.5185139398778875
Santa Maria do Tocantins,2020-12-23,33,0,0,0,0.14285714285714285,0.0,,1.5185139398778875
Santa Maria do Tocantins,2020-12-24,33,0,0,0,0.14285714285714285,0.0,,1.5185139398778875
Santa Maria do Tocantins,2020-12-25,33,0,0,0,0.0,0.0,,1.5185139398778875
Santa Maria do Tocantins,2020-12-26,33,0,0,0,0.0,0.0,,1.5185139398778875
Santa Maria do Tocantins,2020-12-27,33,0,0,0,0.0,0.0,,1.5185139398778875
Santa Maria do Tocantins,2020-12-28,33,0,0,0,0.0,0.0,,1.5185139398778875
Santa Maria do Tocantins,2020-12-29,33,0,0,0,0.0,0.0,,1.5185139398778875
Santa Maria do Tocantins,2020-12-30,33,0,0,0,0.0,0.0,,1.5185139398778875
Santa Maria do Tocantins,2020-12-31,33,0,0,0,0.0,0.0,,1.5185139398778875
Santa Maria do Tocantins,2021-01-01,33,0,0,0,0.0,0.0,,1.5185139398778875
Santa Maria do Tocantins,2021-01-02,33,0,0,0,0.0,0.0,,1.5185139398778875
Santa Maria do Tocantins,2021-01-03,33,0,0,0,0.0,0.0,,1.5185139398778875
Santa Maria do Tocantins,2021-01-04,33,0,0,0,0.0,0.0,,1.5185139398778875
Santa Maria do Tocantins,2021-01-05,33,0,0,0,0.0,0.0,,1.5185139398778875
Santa Maria do Tocantins,2021-01-06,33,0,0,0,0.0,0.0,,1.5185139398778875
Santa Maria do Tocantins,2021-01-07,37,4,0,0,0.2857142857142857,0.0,,1.568201724066995
Santa Maria do Tocantins,2021-01-08,38,1,0,0,0.35714285714285715,0.0,,1.5797835966168101
Santa Maria do Tocantins,2021-01-09,40,2,0,0,0.5,0.0,,1.6020599913279625
Santa Maria do Tocantins,2021-01-10,40,0,0,0,0.5,0.0,,1.6020599913279625
Santa Maria do Tocantins,2021-01-11,40,0,0,0,0.5,0.0,,1.6020599913279625
Santa Maria do Tocantins,2021-01-12,40,0,0,0,0.5,0.0,,1.6020599913279625
Santa Maria do Tocantins,2021-01-13,40,0,0,0,0.5,0.0,,1.6020599913279625
Santa Maria do Tocantins,2021-01-14,42,2,0,0,0.6428571428571429,0.0,,1.6232492903979006
Santa Maria do Tocantins,2021-01-15,44,2,0,0,0.7857142857142857,0.0,,1.6434526764861874
Santa Maria do Tocantins,2021-01-16,45,1,0,0,0.8571428571428571,0.0,,1.6532125137753437
Santa Maria do Tocantins,2021-01-17,45,0,0,0,0.8571428571428571,0.0,,1.6532125137753437
Santa Maria do Tocantins,2021-01-18,45,0,0,0,0.8571428571428571,0.0,,1.6532125137753437
Santa Maria do Tocantins,2021-01-19,47,2,0,0,1.0,0.0,,1.6720978579357175
Santa Maria do Tocantins,2021-01-20,49,2,0,0,1.1428571428571428,0.0,,1.6901960800285136
Santa Rita do Tocantins,2020-03-27,0,0,0,0,,,,0.0
Santa Rita do Tocantins,2020-03-28,0,0,0,0,,,,0.0
Santa Rita do Tocantins,2020-03-29,0,0,0,0,,,,0.0
Santa Rita do Tocantins,2020-03-30,0,0,0,0,,,,0.0
Santa Rita do Tocantins,2020-03-31,0,0,0,0,,,,0.0
Santa Rita do Tocantins,2020-04-01,0,0,0,0,,,,0.0
Santa Rita do Tocantins,2020-04-02,0,0,0,0,,,,0.0
Santa Rita do Tocantins,2020-04-03,0,0,0,0,,,,0.0
Santa Rita do Tocantins,2020-04-04,0,0,0,0,,,,0.0
Santa Rita do Tocantins,2020-04-05,0,0,0,0,,,,0.0
Santa Rita do Tocantins,2020-04-06,0,0,0,0,,,,0.0
Santa Rita do Tocantins,2020-04-07,0,0,0,0,,,,0.0
Santa Rita do Tocantins,2020-04-08,0,0,0,0,,,,0.0
Santa Rita do Tocantins,2020-04-09,0,0,0,0,0.0,0.0,,0.0
Santa Rita do Tocantins,2020-04-10,0,0,0,0,0.0,0.0,,0.0
Santa Rita do Tocantins,2020-04-11,0,0,0,0,0.0,0.0,,0.0
Santa Rita do Tocantins,2020-04-12,0,0,0,0,0.0,0.0,,0.0
Santa Rita do Tocantins,2020-04-13,0,0,0,0,0.0,0.0,,0.0
Santa Rita do Tocantins,2020-04-14,0,0,0,0,0.0,0.0,,0.0
Santa Rita do Tocantins,2020-04-15,0,0,0,0,0.0,0.0,,0.0
Santa Rita do Tocantins,2020-04-16,0,0,0,0,0.0,0.0,,0.0
Santa Rita do Tocantins,2020-04-17,0,0,0,0,0.0,0.0,,0.0
Santa Rita do Tocantins,2020-04-18,0,0,0,0,0.0,0.0,,0.0
Santa Rita do Tocantins,2020-04-19,0,0,0,0,0.0,0.0,,0.0
Santa Rita do Tocantins,2020-04-20,0,0,0,0,0.0,0.0,,0.0
Santa Rita do Tocantins,2020-04-21,0,0,0,0,0.0,0.0,,0.0
Santa Rita do Tocantins,2020-04-22,0,0,0,0,0.0,0.0,,0.0
Santa Rita do Tocantins,2020-04-23,0,0,0,0,0.0,0.0,,0.0
Santa Rita do Tocantins,2020-04-24,0,0,0,0,0.0,0.0,,0.0
Santa Rita do Tocantins,2020-04-25,0,0,0,0,0.0,0.0,,0.0
Santa Rita do Tocantins,2020-04-26,0,0,0,0,0.0,0.0,,0.0
Santa Rita do Tocantins,2020-04-27,0,0,0,0,0.0,0.0,,0.0
Santa Rita do Tocantins,2020-04-28,0,0,0,0,0.0,0.0,,0.0
Santa Rita do Tocantins,2020-04-29,0,0,0,0,0.0,0.0,,0.0
Santa Rita do Tocantins,2020-04-30,0,0,0,0,0.0,0.0,,0.0
Santa Rita do Tocantins,2020-05-01,0,0,0,0,0.0,0.0,,0.0
Santa Rita do Tocantins,2020-05-02,0,0,0,0,0.0,0.0,,0.0
Santa Rita do Tocantins,2020-05-03,0,0,0,0,0.0,0.0,,0.0
Santa Rita do Tocantins,2020-05-04,0,0,0,0,0.0,0.0,,0.0
Santa Rita do Tocantins,2020-05-05,0,0,0,0,0.0,0.0,,0.0
Santa Rita do Tocantins,2020-05-06,0,0,0,0,0.0,0.0,,0.0
Santa Rita do Tocantins,2020-05-07,0,0,0,0,0.0,0.0,,0.0
Santa Rita do Tocantins,2020-05-08,0,0,0,0,0.0,0.0,,0.0
Santa Rita do Tocantins,2020-05-09,0,0,0,0,0.0,0.0,,0.0
Santa Rita do Tocantins,2020-05-10,0,0,0,0,0.0,0.0,,0.0
Santa Rita do Tocantins,2020-05-11,0,0,0,0,0.0,0.0,,0.0
Santa Rita do Tocantins,2020-05-12,0,0,0,0,0.0,0.0,,0.0
Santa Rita do Tocantins,2020-05-13,0,0,0,0,0.0,0.0,,0.0
Santa Rita do Tocantins,2020-05-14,0,0,0,0,0.0,0.0,,0.0
Santa Rita do Tocantins,2020-05-15,0,0,0,0,0.0,0.0,,0.0
Santa Rita do Tocantins,2020-05-16,0,0,0,0,0.0,0.0,,0.0
Santa Rita do Tocantins,2020-05-17,0,0,0,0,0.0,0.0,,0.0
Santa Rita do Tocantins,2020-05-18,0,0,0,0,0.0,0.0,,0.0
Santa Rita do Tocantins,2020-05-19,0,0,0,0,0.0,0.0,,0.0
Santa Rita do Tocantins,2020-05-20,0,0,0,0,0.0,0.0,,0.0
Santa Rita do Tocantins,2020-05-21,0,0,0,0,0.0,0.0,,0.0
Santa Rita do Tocantins,2020-05-22,0,0,0,0,0.0,0.0,,0.0
Santa Rita do Tocantins,2020-05-23,0,0,0,0,0.0,0.0,,0.0
Santa Rita do Tocantins,2020-05-24,0,0,0,0,0.0,0.0,,0.0
Santa Rita do Tocantins,2020-05-25,0,0,0,0,0.0,0.0,,0.0
Santa Rita do Tocantins,2020-05-26,0,0,0,0,0.0,0.0,,0.0
Santa Rita do Tocantins,2020-05-27,0,0,0,0,0.0,0.0,,0.0
Santa Rita do Tocantins,2020-05-28,0,0,0,0,0.0,0.0,,0.0
Santa Rita do Tocantins,2020-05-29,0,0,0,0,0.0,0.0,,0.0
Santa Rita do Tocantins,2020-05-30,0,0,0,0,0.0,0.0,,0.0
Santa Rita do Tocantins,2020-05-31,0,0,0,0,0.0,0.0,,0.0
Santa Rita do Tocantins,2020-06-01,0,0,0,0,0.0,0.0,,0.0
Santa Rita do Tocantins,2020-06-02,0,0,0,0,0.0,0.0,,0.0
Santa Rita do Tocantins,2020-06-03,0,0,0,0,0.0,0.0,,0.0
Santa Rita do Tocantins,2020-06-04,0,0,0,0,0.0,0.0,,0.0
Santa Rita do Tocantins,2020-06-05,0,0,0,0,0.0,0.0,,0.0
Santa Rita do Tocantins,2020-06-06,0,0,0,0,0.0,0.0,,0.0
Santa Rita do Tocantins,2020-06-07,0,0,0,0,0.0,0.0,,0.0
Santa Rita do Tocantins,2020-06-08,0,0,0,0,0.0,0.0,,0.0
Santa Rita do Tocantins,2020-06-09,0,0,0,0,0.0,0.0,,0.0
Santa Rita do Tocantins,2020-06-10,0,0,0,0,0.0,0.0,,0.0
Santa Rita do Tocantins,2020-06-11,0,0,0,0,0.0,0.0,,0.0
Santa Rita do Tocantins,2020-06-12,0,0,0,0,0.0,0.0,,0.0
Santa Rita do Tocantins,2020-06-13,0,0,0,0,0.0,0.0,,0.0
Santa Rita do Tocantins,2020-06-14,0,0,0,0,0.0,0.0,,0.0
Santa Rita do Tocantins,2020-06-15,0,0,0,0,0.0,0.0,,0.0
Santa Rita do Tocantins,2020-06-16,0,0,0,0,0.0,0.0,,0.0
Santa Rita do Tocantins,2020-06-17,0,0,0,0,0.0,0.0,,0.0
Santa Rita do Tocantins,2020-06-18,0,0,0,0,0.0,0.0,,0.0
Santa Rita do Tocantins,2020-06-19,0,0,0,0,0.0,0.0,,0.0
Santa Rita do Tocantins,2020-06-20,0,0,0,0,0.0,0.0,,0.0
Santa Rita do Tocantins,2020-06-21,0,0,0,0,0.0,0.0,,0.0
Santa Rita do Tocantins,2020-06-22,0,0,0,0,0.0,0.0,,0.0
Santa Rita do Tocantins,2020-06-23,0,0,0,0,0.0,0.0,,0.0
Santa Rita do Tocantins,2020-06-24,0,0,0,0,0.0,0.0,,0.0
Santa Rita do Tocantins,2020-06-25,0,0,0,0,0.0,0.0,,0.0
Santa Rita do Tocantins,2020-06-26,0,0,0,0,0.0,0.0,,0.0
Santa Rita do Tocantins,2020-06-27,0,0,0,0,0.0,0.0,,0.0
Santa Rita do Tocantins,2020-06-28,1,1,0,0,0.07142857142857142,0.0,,0.0
Santa Rita do Tocantins,2020-06-29,1,0,0,0,0.07142857142857142,0.0,,0.0
Santa Rita do Tocantins,2020-06-30,0,-1,0,0,0.0,0.0,,0.0
Santa Rita do Tocantins,2020-07-01,0,0,0,0,0.0,0.0,,0.0
Santa Rita do Tocantins,2020-07-02,0,0,0,0,0.0,0.0,,0.0
Santa Rita do Tocantins,2020-07-03,0,0,0,0,0.0,0.0,,0.0
Santa Rita do Tocantins,2020-07-04,0,0,0,0,0.0,0.0,,0.0
Santa Rita do Tocantins,2020-07-05,0,0,0,0,0.0,0.0,,0.0
Santa Rita do Tocantins,2020-07-06,0,0,0,0,0.0,0.0,,0.0
Santa Rita do Tocantins,2020-07-07,0,0,0,0,0.0,0.0,,0.0
Santa Rita do Tocantins,2020-07-08,0,0,0,0,0.0,0.0,,0.0
Santa Rita do Tocantins,2020-07-09,0,0,0,0,0.0,0.0,,0.0
Santa Rita do Tocantins,2020-07-10,0,0,0,0,0.0,0.0,,0.0
Santa Rita do Tocantins,2020-07-11,1,1,0,0,0.07142857142857142,0.0,,0.0
Santa Rita do Tocantins,2020-07-12,1,0,0,0,0.0,0.0,,0.0
Santa Rita do Tocantins,2020-07-13,1,0,0,0,0.0,0.0,,0.0
Santa Rita do Tocantins,2020-07-14,1,0,0,0,0.07142857142857142,0.0,,0.0
Santa Rita do Tocantins,2020-07-15,3,2,0,0,0.21428571428571427,0.0,,0.47712125471966244
Santa Rita do Tocantins,2020-07-16,3,0,0,0,0.21428571428571427,0.0,,0.47712125471966244
Santa Rita do Tocantins,2020-07-17,3,0,0,0,0.21428571428571427,0.0,,0.47712125471966244
Santa Rita do Tocantins,2020-07-18,3,0,0,0,0.21428571428571427,0.0,,0.47712125471966244
Santa Rita do Tocantins,2020-07-19,3,0,0,0,0.21428571428571427,0.0,,0.47712125471966244
Santa Rita do Tocantins,2020-07-20,3,0,0,0,0.21428571428571427,0.0,,0.47712125471966244
Santa Rita do Tocantins,2020-07-21,3,0,0,0,0.21428571428571427,0.0,,0.47712125471966244
Santa Rita do Tocantins,2020-07-22,3,0,0,0,0.21428571428571427,0.0,,0.47712125471966244
Santa Rita do Tocantins,2020-07-23,3,0,0,0,0.21428571428571427,0.0,,0.47712125471966244
Santa Rita do Tocantins,2020-07-24,3,0,0,0,0.21428571428571427,0.0,,0.47712125471966244
Santa Rita do Tocantins,2020-07-25,4,1,0,0,0.21428571428571427,0.0,,0.6020599913279624
Santa Rita do Tocantins,2020-07-26,4,0,0,0,0.21428571428571427,0.0,,0.6020599913279624
Santa Rita do Tocantins,2020-07-27,4,0,0,0,0.21428571428571427,0.0,,0.6020599913279624
Santa Rita do Tocantins,2020-07-28,5,1,0,0,0.2857142857142857,0.0,,0.6989700043360189
Santa Rita do Tocantins,2020-07-29,5,0,0,0,0.14285714285714285,0.0,,0.6989700043360189
Santa Rita do Tocantins,2020-07-30,6,1,0,0,0.21428571428571427,0.0,,0.7781512503836436
Santa Rita do Tocantins,2020-07-31,7,1,0,0,0.2857142857142857,0.0,,0.8450980400142568
Santa Rita do Tocantins,2020-08-01,7,0,0,0,0.2857142857142857,0.0,,0.8450980400142568
Santa Rita do Tocantins,2020-08-02,8,1,0,0,0.35714285714285715,0.0,,0.9030899869919435
Santa Rita do Tocantins,2020-08-03,8,0,0,0,0.35714285714285715,0.0,,0.9030899869919435
Santa Rita do Tocantins,2020-08-04,8,0,0,0,0.35714285714285715,0.0,,0.9030899869919435
Santa Rita do Tocantins,2020-08-05,9,1,0,0,0.42857142857142855,0.0,,0.9542425094393249
Santa Rita do Tocantins,2020-08-06,9,0,0,0,0.42857142857142855,0.0,,0.9542425094393249
Santa Rita do Tocantins,2020-08-07,9,0,0,0,0.42857142857142855,0.0,,0.9542425094393249
Santa Rita do Tocantins,2020-08-08,11,2,0,0,0.5,0.0,,1.041392685158225
Santa Rita do Tocantins,2020-08-09,11,0,0,0,0.5,0.0,,1.041392685158225
Santa Rita do Tocantins,2020-08-10,11,0,0,0,0.5,0.0,,1.041392685158225
Santa Rita do Tocantins,2020-08-11,11,0,0,0,0.42857142857142855,0.0,,1.041392685158225
Santa Rita do Tocantins,2020-08-12,11,0,0,0,0.42857142857142855,0.0,,1.041392685158225
Santa Rita do Tocantins,2020-08-13,11,0,0,0,0.35714285714285715,0.0,,1.041392685158225
Santa Rita do Tocantins,2020-08-14,9,-2,0,0,0.14285714285714285,0.0,,0.9542425094393249
Santa Rita do Tocantins,2020-08-15,9,0,0,0,0.14285714285714285,0.0,,0.9542425094393249
Santa Rita do Tocantins,2020-08-16,11,2,0,0,0.21428571428571427,0.0,,1.041392685158225
Santa Rita do Tocantins,2020-08-17,11,0,0,0,0.21428571428571427,0.0,,1.041392685158225
Santa Rita do Tocantins,2020-08-18,11,0,0,0,0.21428571428571427,0.0,,1.041392685158225
Santa Rita do Tocantins,2020-08-19,11,0,0,0,0.14285714285714285,0.0,,1.041392685158225
Santa Rita do Tocantins,2020-08-20,11,0,0,0,0.14285714285714285,0.0,,1.041392685158225
Santa Rita do Tocantins,2020-08-21,11,0,0,0,0.14285714285714285,0.0,,1.041392685158225
Santa Rita do Tocantins,2020-08-22,14,3,0,0,0.21428571428571427,0.0,,1.146128035678238
Santa Rita do Tocantins,2020-08-23,14,0,0,0,0.21428571428571427,0.0,,1.146128035678238
Santa Rita do Tocantins,2020-08-24,14,0,0,0,0.21428571428571427,0.0,,1.146128035678238
Santa Rita do Tocantins,2020-08-25,19,5,0,0,0.5714285714285714,0.0,,1.2787536009528289
Santa Rita do Tocantins,2020-08-26,19,0,0,0,0.5714285714285714,0.0,,1.2787536009528289
Santa Rita do Tocantins,2020-08-27,20,1,0,0,0.6428571428571429,0.0,,1.3010299956639813
Santa Rita do Tocantins,2020-08-28,20,0,0,0,0.7857142857142857,0.0,,1.3010299956639813
Santa Rita do Tocantins,2020-08-29,21,1,0,0,0.8571428571428571,0.0,,1.3222192947339193
Santa Rita do Tocantins,2020-08-30,21,0,0,0,0.7142857142857143,0.0,,1.3222192947339193
Santa Rita do Tocantins,2020-08-31,21,0,0,0,0.7142857142857143,0.0,,1.3222192947339193
Santa Rita do Tocantins,2020-09-01,22,1,0,0,0.7857142857142857,0.0,,1.3424226808222062
Santa Rita do Tocantins,2020-09-02,22,0,0,0,0.7857142857142857,0.0,,1.3424226808222062
Santa Rita do Tocantins,2020-09-03,22,0,0,0,0.7857142857142857,0.0,,1.3424226808222062
Santa Rita do Tocantins,2020-09-04,23,1,0,0,0.8571428571428571,0.0,,1.3617278360175928
Santa Rita do Tocantins,2020-09-05,23,0,0,0,0.6428571428571429,0.0,,1.3617278360175928
Santa Rita do Tocantins,2020-09-06,23,0,0,0,0.6428571428571429,0.0,,1.3617278360175928
Santa Rita do Tocantins,2020-09-07,23,0,0,0,0.6428571428571429,0.0,,1.3617278360175928
Santa Rita do Tocantins,2020-09-08,23,0,0,0,0.2857142857142857,0.0,,1.3617278360175928
Santa Rita do Tocantins,2020-09-09,24,1,0,0,0.35714285714285715,0.0,,1.380211241711606
Santa Rita do Tocantins,2020-09-10,26,2,0,0,0.42857142857142855,0.0,,1.414973347970818
Santa Rita do Tocantins,2020-09-11,28,2,0,0,0.5714285714285714,0.0,,1.4471580313422192
Santa Rita do Tocantins,2020-09-12,28,0,0,0,0.5,0.0,,1.4471580313422192
Santa Rita do Tocantins,2020-09-13,28,0,0,0,0.5,0.0,,1.4471580313422192
Santa Rita do Tocantins,2020-09-14,31,3,0,0,0.7142857142857143,0.0,,1.4913616938342726
Santa Rita do Tocantins,2020-09-15,31,0,0,0,0.6428571428571429,0.0,,1.4913616938342726
Santa Rita do Tocantins,2020-09-16,35,4,0,0,0.9285714285714286,0.0,,1.5440680443502757
Santa Rita do Tocantins,2020-09-17,35,0,0,0,0.9285714285714286,0.0,,1.5440680443502757
Santa Rita do Tocantins,2020-09-18,36,1,0,0,0.9285714285714286,0.0,,1.5563025007672873
Santa Rita do Tocantins,2020-09-19,36,0,0,0,0.9285714285714286,0.0,,1.5563025007672873
Santa Rita do Tocantins,2020-09-20,36,0,0,0,0.9285714285714286,0.0,,1.5563025007672873
Santa Rita do Tocantins,2020-09-21,36,0,0,0,0.9285714285714286,0.0,,1.5563025007672873
Santa Rita do Tocantins,2020-09-22,37,1,0,0,1.0,0.0,,1.568201724066995
Santa Rita do Tocantins,2020-09-23,40,3,0,0,1.1428571428571428,0.0,,1.6020599913279625
Santa Rita do Tocantins,2020-09-24,40,0,0,0,1.0,0.0,,1.6020599913279625
Santa Rita do Tocantins,2020-09-25,40,0,0,0,0.8571428571428571,0.0,,1.6020599913279625
Santa Rita do Tocantins,2020-09-26,40,0,0,0,0.8571428571428571,0.0,,1.6020599913279625
Santa Rita do Tocantins,2020-09-27,40,0,0,0,0.8571428571428571,0.0,,1.6020599913279625
Santa Rita do Tocantins,2020-09-28,40,0,0,0,0.6428571428571429,0.0,,1.6020599913279625
Santa Rita do Tocantins,2020-09-29,43,3,0,0,0.8571428571428571,0.0,,1.6334684555795866
Santa Rita do Tocantins,2020-09-30,41,-2,0,0,0.42857142857142855,0.0,,1.6127838567197355
Santa Rita do Tocantins,2020-10-01,42,1,0,0,0.5,0.0,,1.6232492903979006
Santa Rita do Tocantins,2020-10-02,42,0,0,0,0.42857142857142855,0.0,,1.6232492903979006
Santa Rita do Tocantins,2020-10-03,42,0,0,0,0.42857142857142855,0.0,,1.6232492903979006
Santa Rita do Tocantins,2020-10-04,42,0,0,0,0.42857142857142855,0.0,,1.6232492903979006
Santa Rita do Tocantins,2020-10-05,42,0,0,0,0.42857142857142855,0.0,,1.6232492903979006
Santa Rita do Tocantins,2020-10-06,43,1,0,0,0.42857142857142855,0.0,,1.6334684555795866
Santa Rita do Tocantins,2020-10-07,43,0,0,0,0.21428571428571427,0.0,,1.6334684555795866
Santa Rita do Tocantins,2020-10-08,47,4,0,0,0.5,0.0,,1.6720978579357175
Santa Rita do Tocantins,2020-10-09,47,0,0,0,0.5,0.0,,1.6720978579357175
Santa Rita do Tocantins,2020-10-10,47,0,0,0,0.5,0.0,,1.6720978579357175
Santa Rita do Tocantins,2020-10-11,47,0,0,0,0.5,0.0,,1.6720978579357175
Santa Rita do Tocantins,2020-10-12,47,0,0,0,0.5,0.0,,1.6720978579357175
Santa Rita do Tocantins,2020-10-13,47,0,0,0,0.2857142857142857,0.0,,1.6720978579357175
Santa Rita do Tocantins,2020-10-14,47,0,0,0,0.42857142857142855,0.0,,1.6720978579357175
Santa Rita do Tocantins,2020-10-15,47,0,0,0,0.35714285714285715,0.0,,1.6720978579357175
Santa Rita do Tocantins,2020-10-16,47,0,0,0,0.35714285714285715,0.0,,1.6720978579357175
Santa Rita do Tocantins,2020-10-17,47,0,0,0,0.35714285714285715,0.0,,1.6720978579357175
Santa Rita do Tocantins,2020-10-18,47,0,0,0,0.35714285714285715,0.0,,1.6720978579357175
Santa Rita do Tocantins,2020-10-19,47,0,0,0,0.35714285714285715,0.0,,1.6720978579357175
Santa Rita do Tocantins,2020-10-20,47,0,0,0,0.2857142857142857,0.0,,1.6720978579357175
Santa Rita do Tocantins,2020-10-21,47,0,0,0,0.2857142857142857,0.0,,1.6720978579357175
Santa Rita do Tocantins,2020-10-22,48,1,1,1,0.07142857142857142,0.07142857142857142,inf,1.6812412373755872
Santa Rita do Tocantins,2020-10-23,48,0,1,0,0.07142857142857142,0.07142857142857142,inf,1.6812412373755872
Santa Rita do Tocantins,2020-10-24,48,0,1,0,0.07142857142857142,0.07142857142857142,inf,1.6812412373755872
Santa Rita do Tocantins,2020-10-25,48,0,1,0,0.07142857142857142,0.07142857142857142,inf,1.6812412373755872
Santa Rita do Tocantins,2020-10-26,48,0,1,0,0.07142857142857142,0.07142857142857142,inf,1.6812412373755872
Santa Rita do Tocantins,2020-10-27,48,0,1,0,0.07142857142857142,0.07142857142857142,inf,1.6812412373755872
Santa Rita do Tocantins,2020-10-28,48,0,1,0,0.07142857142857142,0.07142857142857142,inf,1.6812412373755872
Santa Rita do Tocantins,2020-10-29,48,0,1,0,0.07142857142857142,0.07142857142857142,inf,1.6812412373755872
Santa Rita do Tocantins,2020-10-30,48,0,1,0,0.07142857142857142,0.07142857142857142,inf,1.6812412373755872
Santa Rita do Tocantins,2020-10-31,48,0,1,0,0.07142857142857142,0.07142857142857142,inf,1.6812412373755872
Santa Rita do Tocantins,2020-11-01,48,0,1,0,0.07142857142857142,0.07142857142857142,inf,1.6812412373755872
Santa Rita do Tocantins,2020-11-02,48,0,1,0,0.07142857142857142,0.07142857142857142,inf,1.6812412373755872
Santa Rita do Tocantins,2020-11-03,48,0,1,0,0.07142857142857142,0.07142857142857142,inf,1.6812412373755872
Santa Rita do Tocantins,2020-11-04,58,10,1,0,0.7857142857142857,0.07142857142857142,inf,1.7634279935629373
Santa Rita do Tocantins,2020-11-05,58,0,1,0,0.7142857142857143,0.0,-1.0,1.7634279935629373
Santa Rita do Tocantins,2020-11-06,58,0,1,0,0.7142857142857143,0.0,-1.0,1.7634279935629373
Santa Rita do Tocantins,2020-11-07,58,0,1,0,0.7142857142857143,0.0,-1.0,1.7634279935629373
Santa Rita do Tocantins,2020-11-08,58,0,1,0,0.7142857142857143,0.0,-1.0,1.7634279935629373
Santa Rita do Tocantins,2020-11-09,58,0,1,0,0.7142857142857143,0.0,-1.0,1.7634279935629373
Santa Rita do Tocantins,2020-11-10,58,0,1,0,0.7142857142857143,0.0,-1.0,1.7634279935629373
Santa Rita do Tocantins,2020-11-11,58,0,1,0,0.7142857142857143,0.0,-1.0,1.7634279935629373
Santa Rita do Tocantins,2020-11-12,63,5,1,0,1.0714285714285714,0.0,-1.0,1.7993405494535817
Santa Rita do Tocantins,2020-11-13,63,0,1,0,1.0714285714285714,0.0,-1.0,1.7993405494535817
Santa Rita do Tocantins,2020-11-14,63,0,1,0,1.0714285714285714,0.0,-1.0,1.7993405494535817
Santa Rita do Tocantins,2020-11-15,63,0,1,0,1.0714285714285714,0.0,-1.0,1.7993405494535817
Santa Rita do Tocantins,2020-11-16,63,0,1,0,1.0714285714285714,0.0,-1.0,1.7993405494535817
Santa Rita do Tocantins,2020-11-17,63,0,1,0,1.0714285714285714,0.0,-1.0,1.7993405494535817
Santa Rita do Tocantins,2020-11-18,63,0,1,0,0.35714285714285715,0.0,-1.0,1.7993405494535817
Santa Rita do Tocantins,2020-11-19,63,0,1,0,0.35714285714285715,0.0,,1.7993405494535817
Santa Rita do Tocantins,2020-11-20,63,0,1,0,0.35714285714285715,0.0,,1.7993405494535817
Santa Rita do Tocantins,2020-11-21,63,0,1,0,0.35714285714285715,0.0,,1.7993405494535817
Santa Rita do Tocantins,2020-11-22,63,0,1,0,0.35714285714285715,0.0,,1.7993405494535817
Santa Rita do Tocantins,2020-11-23,63,0,1,0,0.35714285714285715,0.0,,1.7993405494535817
Santa Rita do Tocantins,2020-11-24,63,0,1,0,0.35714285714285715,0.0,,1.7993405494535817
Santa Rita do Tocantins,2020-11-25,63,0,1,0,0.35714285714285715,0.0,,1.7993405494535817
Santa Rita do Tocantins,2020-11-26,63,0,1,0,0.0,0.0,,1.7993405494535817
Santa Rita do Tocantins,2020-11-27,63,0,1,0,0.0,0.0,,1.7993405494535817
Santa Rita do Tocantins,2020-11-28,63,0,1,0,0.0,0.0,,1.7993405494535817
Santa Rita do Tocantins,2020-11-29,63,0,1,0,0.0,0.0,,1.7993405494535817
Santa Rita do Tocantins,2020-11-30,63,0,1,0,0.0,0.0,,1.7993405494535817
Santa Rita do Tocantins,2020-12-01,64,1,1,0,0.07142857142857142,0.0,,1.806179973983887
Santa Rita do Tocantins,2020-12-02,64,0,1,0,0.07142857142857142,0.0,,1.806179973983887
Santa Rita do Tocantins,2020-12-03,64,0,1,0,0.07142857142857142,0.0,,1.806179973983887
Santa Rita do Tocantins,2020-12-04,64,0,1,0,0.07142857142857142,0.0,,1.806179973983887
Santa Rita do Tocantins,2020-12-05,64,0,1,0,0.07142857142857142,0.0,,1.806179973983887
Santa Rita do Tocantins,2020-12-06,64,0,1,0,0.07142857142857142,0.0,,1.806179973983887
Santa Rita do Tocantins,2020-12-07,64,0,1,0,0.07142857142857142,0.0,,1.806179973983887
Santa Rita do Tocantins,2020-12-08,64,0,1,0,0.07142857142857142,0.0,,1.806179973983887
Santa Rita do Tocantins,2020-12-09,64,0,1,0,0.07142857142857142,0.0,,1.806179973983887
Santa Rita do Tocantins,2020-12-10,64,0,1,0,0.07142857142857142,0.0,,1.806179973983887
Santa Rita do Tocantins,2020-12-11,64,0,1,0,0.07142857142857142,0.0,,1.806179973983887
Santa Rita do Tocantins,2020-12-12,64,0,1,0,0.07142857142857142,0.0,,1.806179973983887
Santa Rita do Tocantins,2020-12-13,64,0,1,0,0.07142857142857142,0.0,,1.806179973983887
Santa Rita do Tocantins,2020-12-14,64,0,1,0,0.07142857142857142,0.0,,1.806179973983887
Santa Rita do Tocantins,2020-12-15,64,0,1,0,0.0,0.0,,1.806179973983887
Santa Rita do Tocantins,2020-12-16,64,0,1,0,0.0,0.0,,1.806179973983887
Santa Rita do Tocantins,2020-12-17,64,0,1,0,0.0,0.0,,1.806179973983887
Santa Rita do Tocantins,2020-12-18,64,0,1,0,0.0,0.0,,1.806179973983887
Santa Rita do Tocantins,2020-12-19,65,1,1,0,0.07142857142857142,0.0,,1.8129133566428555
Santa Rita do Tocantins,2020-12-20,65,0,1,0,0.07142857142857142,0.0,,1.8129133566428555
Santa Rita do Tocantins,2020-12-21,65,0,1,0,0.07142857142857142,0.0,,1.8129133566428555
Santa Rita do Tocantins,2020-12-22,65,0,1,0,0.07142857142857142,0.0,,1.8129133566428555
Santa Rita do Tocantins,2020-12-23,65,0,1,0,0.07142857142857142,0.0,,1.8129133566428555
Santa Rita do Tocantins,2020-12-24,65,0,1,0,0.07142857142857142,0.0,,1.8129133566428555
Santa Rita do Tocantins,2020-12-25,65,0,1,0,0.07142857142857142,0.0,,1.8129133566428555
Santa Rita do Tocantins,2020-12-26,65,0,1,0,0.07142857142857142,0.0,,1.8129133566428555
Santa Rita do Tocantins,2020-12-27,65,0,1,0,0.07142857142857142,0.0,,1.8129133566428555
Santa Rita do Tocantins,2020-12-28,65,0,1,0,0.07142857142857142,0.0,,1.8129133566428555
Santa Rita do Tocantins,2020-12-29,65,0,1,0,0.07142857142857142,0.0,,1.8129133566428555
Santa Rita do Tocantins,2020-12-30,65,0,1,0,0.07142857142857142,0.0,,1.8129133566428555
Santa Rita do Tocantins,2020-12-31,65,0,1,0,0.07142857142857142,0.0,,1.8129133566428555
Santa Rita do Tocantins,2021-01-01,65,0,1,0,0.07142857142857142,0.0,,1.8129133566428555
Santa Rita do Tocantins,2021-01-02,65,0,1,0,0.0,0.0,,1.8129133566428555
Santa Rita do Tocantins,2021-01-03,65,0,1,0,0.0,0.0,,1.8129133566428555
Santa Rita do Tocantins,2021-01-04,65,0,1,0,0.0,0.0,,1.8129133566428555
Santa Rita do Tocantins,2021-01-05,65,0,1,0,0.0,0.0,,1.8129133566428555
Santa Rita do Tocantins,2021-01-06,65,0,1,0,0.0,0.0,,1.8129133566428555
Santa Rita do Tocantins,2021-01-07,65,0,1,0,0.0,0.0,,1.8129133566428555
Santa Rita do Tocantins,2021-01-08,65,0,1,0,0.0,0.0,,1.8129133566428555
Santa Rita do Tocantins,2021-01-09,65,0,1,0,0.0,0.0,,1.8129133566428555
Santa Rita do Tocantins,2021-01-10,65,0,1,0,0.0,0.0,,1.8129133566428555
Santa Rita do Tocantins,2021-01-11,65,0,1,0,0.0,0.0,,1.8129133566428555
Santa Rita do Tocantins,2021-01-12,65,0,1,0,0.0,0.0,,1.8129133566428555
Santa Rita do Tocantins,2021-01-13,73,8,1,0,0.5714285714285714,0.0,,1.863322860120456
Santa Rita do Tocantins,2021-01-14,73,0,1,0,0.5714285714285714,0.0,,1.863322860120456
Santa Rita do Tocantins,2021-01-15,73,0,1,0,0.5714285714285714,0.0,,1.863322860120456
Santa Rita do Tocantins,2021-01-16,73,0,1,0,0.5714285714285714,0.0,,1.863322860120456
Santa Rita do Tocantins,2021-01-17,73,0,1,0,0.5714285714285714,0.0,,1.863322860120456
Santa Rita do Tocantins,2021-01-18,73,0,1,0,0.5714285714285714,0.0,,1.863322860120456
Santa Rita do Tocantins,2021-01-19,79,6,1,0,1.0,0.0,,1.8976270912904414
Santa Rita do Tocantins,2021-01-20,79,0,1,0,1.0,0.0,,1.8976270912904414
Santa Tereza do Tocantins,2020-03-27,0,0,0,0,,,,0.0
Santa Tereza do Tocantins,2020-03-28,0,0,0,0,,,,0.0
Santa Tereza do Tocantins,2020-03-29,0,0,0,0,,,,0.0
Santa Tereza do Tocantins,2020-03-30,0,0,0,0,,,,0.0
Santa Tereza do Tocantins,2020-03-31,0,0,0,0,,,,0.0
Santa Tereza do Tocantins,2020-04-01,0,0,0,0,,,,0.0
Santa Tereza do Tocantins,2020-04-02,0,0,0,0,,,,0.0
Santa Tereza do Tocantins,2020-04-03,0,0,0,0,,,,0.0
Santa Tereza do Tocantins,2020-04-04,0,0,0,0,,,,0.0
Santa Tereza do Tocantins,2020-04-05,0,0,0,0,,,,0.0
Santa Tereza do Tocantins,2020-04-06,0,0,0,0,,,,0.0
Santa Tereza do Tocantins,2020-04-07,0,0,0,0,,,,0.0
Santa Tereza do Tocantins,2020-04-08,0,0,0,0,,,,0.0
Santa Tereza do Tocantins,2020-04-09,0,0,0,0,0.0,0.0,,0.0
Santa Tereza do Tocantins,2020-04-10,0,0,0,0,0.0,0.0,,0.0
Santa Tereza do Tocantins,2020-04-11,0,0,0,0,0.0,0.0,,0.0
Santa Tereza do Tocantins,2020-04-12,0,0,0,0,0.0,0.0,,0.0
Santa Tereza do Tocantins,2020-04-13,0,0,0,0,0.0,0.0,,0.0
Santa Tereza do Tocantins,2020-04-14,0,0,0,0,0.0,0.0,,0.0
Santa Tereza do Tocantins,2020-04-15,0,0,0,0,0.0,0.0,,0.0
Santa Tereza do Tocantins,2020-04-16,0,0,0,0,0.0,0.0,,0.0
Santa Tereza do Tocantins,2020-04-17,0,0,0,0,0.0,0.0,,0.0
Santa Tereza do Tocantins,2020-04-18,0,0,0,0,0.0,0.0,,0.0
Santa Tereza do Tocantins,2020-04-19,0,0,0,0,0.0,0.0,,0.0
Santa Tereza do Tocantins,2020-04-20,0,0,0,0,0.0,0.0,,0.0
Santa Tereza do Tocantins,2020-04-21,0,0,0,0,0.0,0.0,,0.0
Santa Tereza do Tocantins,2020-04-22,0,0,0,0,0.0,0.0,,0.0
Santa Tereza do Tocantins,2020-04-23,0,0,0,0,0.0,0.0,,0.0
Santa Tereza do Tocantins,2020-04-24,0,0,0,0,0.0,0.0,,0.0
Santa Tereza do Tocantins,2020-04-25,0,0,0,0,0.0,0.0,,0.0
Santa Tereza do Tocantins,2020-04-26,0,0,0,0,0.0,0.0,,0.0
Santa Tereza do Tocantins,2020-04-27,0,0,0,0,0.0,0.0,,0.0
Santa Tereza do Tocantins,2020-04-28,0,0,0,0,0.0,0.0,,0.0
Santa Tereza do Tocantins,2020-04-29,0,0,0,0,0.0,0.0,,0.0
Santa Tereza do Tocantins,2020-04-30,0,0,0,0,0.0,0.0,,0.0
Santa Tereza do Tocantins,2020-05-01,0,0,0,0,0.0,0.0,,0.0
Santa Tereza do Tocantins,2020-05-02,0,0,0,0,0.0,0.0,,0.0
Santa Tereza do Tocantins,2020-05-03,0,0,0,0,0.0,0.0,,0.0
Santa Tereza do Tocantins,2020-05-04,0,0,0,0,0.0,0.0,,0.0
Santa Tereza do Tocantins,2020-05-05,0,0,0,0,0.0,0.0,,0.0
Santa Tereza do Tocantins,2020-05-06,0,0,0,0,0.0,0.0,,0.0
Santa Tereza do Tocantins,2020-05-07,0,0,0,0,0.0,0.0,,0.0
Santa Tereza do Tocantins,2020-05-08,0,0,0,0,0.0,0.0,,0.0
Santa Tereza do Tocantins,2020-05-09,0,0,0,0,0.0,0.0,,0.0
Santa Tereza do Tocantins,2020-05-10,0,0,0,0,0.0,0.0,,0.0
Santa Tereza do Tocantins,2020-05-11,0,0,0,0,0.0,0.0,,0.0
Santa Tereza do Tocantins,2020-05-12,0,0,0,0,0.0,0.0,,0.0
Santa Tereza do Tocantins,2020-05-13,0,0,0,0,0.0,0.0,,0.0
Santa Tereza do Tocantins,2020-05-14,0,0,0,0,0.0,0.0,,0.0
Santa Tereza do Tocantins,2020-05-15,0,0,0,0,0.0,0.0,,0.0
Santa Tereza do Tocantins,2020-05-16,0,0,0,0,0.0,0.0,,0.0
Santa Tereza do Tocantins,2020-05-17,0,0,0,0,0.0,0.0,,0.0
Santa Tereza do Tocantins,2020-05-18,0,0,0,0,0.0,0.0,,0.0
Santa Tereza do Tocantins,2020-05-19,0,0,0,0,0.0,0.0,,0.0
Santa Tereza do Tocantins,2020-05-20,0,0,0,0,0.0,0.0,,0.0
Santa Tereza do Tocantins,2020-05-21,0,0,0,0,0.0,0.0,,0.0
Santa Tereza do Tocantins,2020-05-22,0,0,0,0,0.0,0.0,,0.0
Santa Tereza do Tocantins,2020-05-23,2,2,0,0,0.14285714285714285,0.0,,0.3010299956639812
Santa Tereza do Tocantins,2020-05-24,2,0,0,0,0.14285714285714285,0.0,,0.3010299956639812
Santa Tereza do Tocantins,2020-05-25,2,0,0,0,0.14285714285714285,0.0,,0.3010299956639812
Santa Tereza do Tocantins,2020-05-26,3,1,0,0,0.21428571428571427,0.0,,0.47712125471966244
Santa Tereza do Tocantins,2020-05-27,3,0,0,0,0.21428571428571427,0.0,,0.47712125471966244
Santa Tereza do Tocantins,2020-05-28,3,0,0,0,0.21428571428571427,0.0,,0.47712125471966244
Santa Tereza do Tocantins,2020-05-29,3,0,0,0,0.21428571428571427,0.0,,0.47712125471966244
Santa Tereza do Tocantins,2020-05-30,3,0,0,0,0.21428571428571427,0.0,,0.47712125471966244
Santa Tereza do Tocantins,2020-05-31,4,1,0,0,0.2857142857142857,0.0,,0.6020599913279624
Santa Tereza do Tocantins,2020-06-01,4,0,0,0,0.2857142857142857,0.0,,0.6020599913279624
Santa Tereza do Tocantins,2020-06-02,4,0,1,1,0.2857142857142857,0.07142857142857142,inf,0.6020599913279624
Santa Tereza do Tocantins,2020-06-03,4,0,1,0,0.2857142857142857,0.07142857142857142,inf,0.6020599913279624
Santa Tereza do Tocantins,2020-06-04,5,1,1,0,0.35714285714285715,0.07142857142857142,inf,0.6989700043360189
Santa Tereza do Tocantins,2020-06-05,5,0,1,0,0.35714285714285715,0.07142857142857142,inf,0.6989700043360189
Santa Tereza do Tocantins,2020-06-06,5,0,1,0,0.21428571428571427,0.07142857142857142,inf,0.6989700043360189
Santa Tereza do Tocantins,2020-06-07,5,0,1,0,0.21428571428571427,0.07142857142857142,inf,0.6989700043360189
Santa Tereza do Tocantins,2020-06-08,5,0,1,0,0.21428571428571427,0.07142857142857142,inf,0.6989700043360189
Santa Tereza do Tocantins,2020-06-09,5,0,1,0,0.14285714285714285,0.07142857142857142,inf,0.6989700043360189
Santa Tereza do Tocantins,2020-06-10,5,0,1,0,0.14285714285714285,0.07142857142857142,inf,0.6989700043360189
Santa Tereza do Tocantins,2020-06-11,5,0,1,0,0.14285714285714285,0.07142857142857142,inf,0.6989700043360189
Santa Tereza do Tocantins,2020-06-12,5,0,1,0,0.14285714285714285,0.07142857142857142,inf,0.6989700043360189
Santa Tereza do Tocantins,2020-06-13,5,0,1,0,0.14285714285714285,0.07142857142857142,inf,0.6989700043360189
Santa Tereza do Tocantins,2020-06-14,5,0,1,0,0.07142857142857142,0.07142857142857142,inf,0.6989700043360189
Santa Tereza do Tocantins,2020-06-15,5,0,1,0,0.07142857142857142,0.07142857142857142,inf,0.6989700043360189
Santa Tereza do Tocantins,2020-06-16,5,0,1,0,0.07142857142857142,0.0,-1.0,0.6989700043360189
Santa Tereza do Tocantins,2020-06-17,5,0,1,0,0.07142857142857142,0.0,-1.0,0.6989700043360189
Santa Tereza do Tocantins,2020-06-18,5,0,1,0,0.0,0.0,-1.0,0.6989700043360189
Santa Tereza do Tocantins,2020-06-19,5,0,1,0,0.0,0.0,-1.0,0.6989700043360189
Santa Tereza do Tocantins,2020-06-20,5,0,1,0,0.0,0.0,-1.0,0.6989700043360189
Santa Tereza do Tocantins,2020-06-21,5,0,1,0,0.0,0.0,-1.0,0.6989700043360189
Santa Tereza do Tocantins,2020-06-22,7,2,1,0,0.14285714285714285,0.0,-1.0,0.8450980400142568
Santa Tereza do Tocantins,2020-06-23,7,0,1,0,0.14285714285714285,0.0,-1.0,0.8450980400142568
Santa Tereza do Tocantins,2020-06-24,7,0,0,-1,0.14285714285714285,-0.07142857142857142,-2.0,0.8450980400142568
Santa Tereza do Tocantins,2020-06-25,7,0,1,1,0.14285714285714285,0.0,-1.0,0.8450980400142568
Santa Tereza do Tocantins,2020-06-26,8,1,1,0,0.21428571428571427,0.0,-1.0,0.9030899869919435
Santa Tereza do Tocantins,2020-06-27,7,-1,1,0,0.14285714285714285,0.0,-1.0,0.8450980400142568
Santa Tereza do Tocantins,2020-06-28,7,0,1,0,0.14285714285714285,0.0,-1.0,0.8450980400142568
Santa Tereza do Tocantins,2020-06-29,7,0,1,0,0.14285714285714285,0.0,-1.0,0.8450980400142568
Santa Tereza do Tocantins,2020-06-30,7,0,1,0,0.14285714285714285,0.0,,0.8450980400142568
Santa Tereza do Tocantins,2020-07-01,9,2,1,0,0.2857142857142857,0.0,,0.9542425094393249
Santa Tereza do Tocantins,2020-07-02,11,2,1,0,0.42857142857142855,0.0,,1.041392685158225
Santa Tereza do Tocantins,2020-07-03,11,0,1,0,0.42857142857142855,0.0,,1.041392685158225
Santa Tereza do Tocantins,2020-07-04,11,0,1,0,0.42857142857142855,0.0,,1.041392685158225
Santa Tereza do Tocantins,2020-07-05,11,0,1,0,0.42857142857142855,0.0,,1.041392685158225
Santa Tereza do Tocantins,2020-07-06,11,0,1,0,0.2857142857142857,0.0,,1.041392685158225
Santa Tereza do Tocantins,2020-07-07,11,0,1,0,0.2857142857142857,0.0,,1.041392685158225
Santa Tereza do Tocantins,2020-07-08,11,0,1,0,0.2857142857142857,0.07142857142857142,-2.0,1.041392685158225
Santa Tereza do Tocantins,2020-07-09,11,0,1,0,0.2857142857142857,0.0,,1.041392685158225
Santa Tereza do Tocantins,2020-07-10,11,0,1,0,0.21428571428571427,0.0,,1.041392685158225
Santa Tereza do Tocantins,2020-07-11,11,0,1,0,0.2857142857142857,0.0,,1.041392685158225
Santa Tereza do Tocantins,2020-07-12,11,0,1,0,0.2857142857142857,0.0,,1.041392685158225
Santa Tereza do Tocantins,2020-07-13,11,0,1,0,0.2857142857142857,0.0,,1.041392685158225
Santa Tereza do Tocantins,2020-07-14,13,2,1,0,0.42857142857142855,0.0,,1.1139433523068367
Santa Tereza do Tocantins,2020-07-15,14,1,1,0,0.35714285714285715,0.0,,1.146128035678238
Santa Tereza do Tocantins,2020-07-16,14,0,1,0,0.21428571428571427,0.0,,1.146128035678238
Santa Tereza do Tocantins,2020-07-17,17,3,1,0,0.42857142857142855,0.0,,1.2304489213782739
Santa Tereza do Tocantins,2020-07-18,21,4,1,0,0.7142857142857143,0.0,,1.3222192947339193
Santa Tereza do Tocantins,2020-07-19,21,0,1,0,0.7142857142857143,0.0,,1.3222192947339193
Santa Tereza do Tocantins,2020-07-20,23,2,1,0,0.8571428571428571,0.0,,1.3617278360175928
Santa Tereza do Tocantins,2020-07-21,23,0,1,0,0.8571428571428571,0.0,,1.3617278360175928
Santa Tereza do Tocantins,2020-07-22,27,4,1,0,1.1428571428571428,0.0,-1.0,1.4313637641589874
Santa Tereza do Tocantins,2020-07-23,27,0,1,0,1.1428571428571428,0.0,,1.4313637641589874
Santa Tereza do Tocantins,2020-07-24,27,0,1,0,1.1428571428571428,0.0,,1.4313637641589874
Santa Tereza do Tocantins,2020-07-25,29,2,1,0,1.2857142857142858,0.0,,1.462397997898956
Santa Tereza do Tocantins,2020-07-26,30,1,1,0,1.3571428571428572,0.0,,1.4771212547196624
Santa Tereza do Tocantins,2020-07-27,30,0,1,0,1.3571428571428572,0.0,,1.4771212547196624
Santa Tereza do Tocantins,2020-07-28,32,2,1,0,1.3571428571428572,0.0,,1.505149978319906
Santa Tereza do Tocantins,2020-07-29,32,0,1,0,1.2857142857142858,0.0,,1.505149978319906
Santa Tereza do Tocantins,2020-07-30,32,0,1,0,1.2857142857142858,0.0,,1.505149978319906
Santa Tereza do Tocantins,2020-07-31,33,1,1,0,1.1428571428571428,0.0,,1.5185139398778875
Santa Tereza do Tocantins,2020-08-01,33,0,1,0,0.8571428571428571,0.0,,1.5185139398778875
Santa Tereza do Tocantins,2020-08-02,37,4,1,0,1.1428571428571428,0.0,,1.568201724066995
Santa Tereza do Tocantins,2020-08-03,37,0,1,0,1.0,0.0,,1.568201724066995
Santa Tereza do Tocantins,2020-08-04,37,0,1,0,1.0,0.0,,1.568201724066995
Santa Tereza do Tocantins,2020-08-05,37,0,1,0,0.7142857142857143,0.0,,1.568201724066995
Santa Tereza do Tocantins,2020-08-06,37,0,1,0,0.7142857142857143,0.0,,1.568201724066995
Santa Tereza do Tocantins,2020-08-07,41,4,1,0,1.0,0.0,,1.6127838567197355
Santa Tereza do Tocantins,2020-08-08,41,0,1,0,0.8571428571428571,0.0,,1.6127838567197355
Santa Tereza do Tocantins,2020-08-09,41,0,1,0,0.7857142857142857,0.0,,1.6127838567197355
Santa Tereza do Tocantins,2020-08-10,41,0,1,0,0.7857142857142857,0.0,,1.6127838567197355
Santa Tereza do Tocantins,2020-08-11,41,0,1,0,0.6428571428571429,0.0,,1.6127838567197355
Santa Tereza do Tocantins,2020-08-12,41,0,1,0,0.6428571428571429,0.0,,1.6127838567197355
Santa Tereza do Tocantins,2020-08-13,41,0,1,0,0.6428571428571429,0.0,,1.6127838567197355
Santa Tereza do Tocantins,2020-08-14,48,7,1,0,1.0714285714285714,0.0,,1.6812412373755872
Santa Tereza do Tocantins,2020-08-15,55,7,1,0,1.5714285714285714,0.0,,1.7403626894942439
Santa Tereza do Tocantins,2020-08-16,55,0,1,0,1.2857142857142858,0.0,,1.7403626894942439
Santa Tereza do Tocantins,2020-08-17,55,0,1,0,1.2857142857142858,0.0,,1.7403626894942439
Santa Tereza do Tocantins,2020-08-18,55,0,1,0,1.2857142857142858,0.0,,1.7403626894942439
Santa Tereza do Tocantins,2020-08-19,55,0,1,0,1.2857142857142858,0.0,,1.7403626894942439
Santa Tereza do Tocantins,2020-08-20,55,0,1,0,1.2857142857142858,0.0,,1.7403626894942439
Santa Tereza do Tocantins,2020-08-21,55,0,1,0,1.0,0.0,,1.7403626894942439
Santa Tereza do Tocantins,2020-08-22,55,0,1,0,1.0,0.0,,1.7403626894942439
Santa Tereza do Tocantins,2020-08-23,55,0,1,0,1.0,0.0,,1.7403626894942439
Santa Tereza do Tocantins,2020-08-24,55,0,1,0,1.0,0.0,,1.7403626894942439
Santa Tereza do Tocantins,2020-08-25,57,2,1,0,1.1428571428571428,0.0,,1.7558748556724915
Santa Tereza do Tocantins,2020-08-26,58,1,1,0,1.2142857142857142,0.0,,1.7634279935629373
Santa Tereza do Tocantins,2020-08-27,58,0,1,0,1.2142857142857142,0.0,,1.7634279935629373
Santa Tereza do Tocantins,2020-08-28,58,0,1,0,0.7142857142857143,0.0,,1.7634279935629373
Santa Tereza do Tocantins,2020-08-29,58,0,1,0,0.21428571428571427,0.0,,1.7634279935629373
Santa Tereza do Tocantins,2020-08-30,58,0,1,0,0.21428571428571427,0.0,,1.7634279935629373
Santa Tereza do Tocantins,2020-08-31,58,0,1,0,0.21428571428571427,0.0,,1.7634279935629373
Santa Tereza do Tocantins,2020-09-01,58,0,1,0,0.21428571428571427,0.0,,1.7634279935629373
Santa Tereza do Tocantins,2020-09-02,58,0,1,0,0.21428571428571427,0.0,,1.7634279935629373
Santa Tereza do Tocantins,2020-09-03,58,0,1,0,0.21428571428571427,0.0,,1.7634279935629373
Santa Tereza do Tocantins,2020-09-04,84,26,1,0,2.0714285714285716,0.0,,1.9242792860618816
Santa Tereza do Tocantins,2020-09-05,84,0,1,0,2.0714285714285716,0.0,,1.9242792860618816
Santa Tereza do Tocantins,2020-09-06,85,1,1,0,2.142857142857143,0.0,,1.9294189257142929
Santa Tereza do Tocantins,2020-09-07,85,0,1,0,2.142857142857143,0.0,,1.9294189257142929
Santa Tereza do Tocantins,2020-09-08,85,0,1,0,2.0,0.0,,1.9294189257142929
Santa Tereza do Tocantins,2020-09-09,85,0,1,0,1.9285714285714286,0.0,,1.9294189257142929
Santa Tereza do Tocantins,2020-09-10,85,0,1,0,1.9285714285714286,0.0,,1.9294189257142929
Santa Tereza do Tocantins,2020-09-11,85,0,1,0,1.9285714285714286,0.0,,1.9294189257142929
Santa Tereza do Tocantins,2020-09-12,97,12,1,0,2.7857142857142856,0.0,,1.9867717342662448
Santa Tereza do Tocantins,2020-09-13,97,0,1,0,2.7857142857142856,0.0,,1.9867717342662448
Santa Tereza do Tocantins,2020-09-14,97,0,1,0,2.7857142857142856,0.0,,1.9867717342662448
Santa Tereza do Tocantins,2020-09-15,97,0,1,0,2.7857142857142856,0.0,,1.9867717342662448
Santa Tereza do Tocantins,2020-09-16,97,0,1,0,2.7857142857142856,0.0,,1.9867717342662448
Santa Tereza do Tocantins,2020-09-17,118,21,1,0,4.285714285714286,0.0,,2.0718820073061255
Santa Tereza do Tocantins,2020-09-18,120,2,1,0,2.5714285714285716,0.0,,2.0791812460476247
Santa Tereza do Tocantins,2020-09-19,121,1,1,0,2.642857142857143,0.0,,2.08278537031645
Santa Tereza do Tocantins,2020-09-20,121,0,1,0,2.5714285714285716,0.0,,2.08278537031645
Santa Tereza do Tocantins,2020-09-21,121,0,1,0,2.5714285714285716,0.0,,2.08278537031645
Santa Tereza do Tocantins,2020-09-22,122,1,1,0,2.642857142857143,0.0,,2.0863598306747484
Santa Tereza do Tocantins,2020-09-23,135,13,1,0,3.5714285714285716,0.0,,2.130333768495006
Santa Tereza do Tocantins,2020-09-24,135,0,1,0,3.5714285714285716,0.0,,2.130333768495006
Santa Tereza do Tocantins,2020-09-25,135,0,1,0,3.5714285714285716,0.0,,2.130333768495006
Santa Tereza do Tocantins,2020-09-26,136,1,1,0,2.7857142857142856,0.0,,2.1335389083702174
Santa Tereza do Tocantins,2020-09-27,136,0,1,0,2.7857142857142856,0.0,,2.1335389083702174
Santa Tereza do Tocantins,2020-09-28,136,0,1,0,2.7857142857142856,0.0,,2.1335389083702174
Santa Tereza do Tocantins,2020-09-29,137,1,1,0,2.857142857142857,0.0,,2.1367205671564067
Santa Tereza do Tocantins,2020-09-30,137,0,1,0,2.857142857142857,0.0,,2.1367205671564067
Santa Tereza do Tocantins,2020-10-01,137,0,1,0,1.3571428571428572,0.0,,2.1367205671564067
Santa Tereza do Tocantins,2020-10-02,138,1,2,1,1.2857142857142858,0.07142857142857142,inf,2.1398790864012365
Santa Tereza do Tocantins,2020-10-03,138,0,2,0,1.2142857142857142,0.07142857142857142,inf,2.1398790864012365
Santa Tereza do Tocantins,2020-10-04,138,0,2,0,1.2142857142857142,0.07142857142857142,inf,2.1398790864012365
Santa Tereza do Tocantins,2020-10-05,138,0,2,0,1.2142857142857142,0.07142857142857142,inf,2.1398790864012365
Santa Tereza do Tocantins,2020-10-06,138,0,2,0,1.1428571428571428,0.07142857142857142,inf,2.1398790864012365
Santa Tereza do Tocantins,2020-10-07,140,2,2,0,0.35714285714285715,0.07142857142857142,inf,2.146128035678238
Santa Tereza do Tocantins,2020-10-08,139,-1,2,0,0.2857142857142857,0.07142857142857142,inf,2.143014800254095
Santa Tereza do Tocantins,2020-10-09,144,5,2,0,0.6428571428571429,0.07142857142857142,inf,2.1583624920952498
Santa Tereza do Tocantins,2020-10-10,144,0,2,0,0.5714285714285714,0.07142857142857142,inf,2.1583624920952498
Santa Tereza do Tocantins,2020-10-11,144,0,2,0,0.5714285714285714,0.07142857142857142,inf,2.1583624920952498
Santa Tereza do Tocantins,2020-10-12,144,0,2,0,0.5714285714285714,0.07142857142857142,inf,2.1583624920952498
Santa Tereza do Tocantins,2020-10-13,144,0,2,0,0.5,0.07142857142857142,inf,2.1583624920952498
Santa Tereza do Tocantins,2020-10-14,144,0,2,0,0.5,0.07142857142857142,inf,2.1583624920952498
Santa Tereza do Tocantins,2020-10-15,144,0,2,0,0.5,0.07142857142857142,inf,2.1583624920952498
Santa Tereza do Tocantins,2020-10-16,144,0,2,0,0.42857142857142855,0.0,-1.0,2.1583624920952498
Santa Tereza do Tocantins,2020-10-17,144,0,2,0,0.42857142857142855,0.0,-1.0,2.1583624920952498
Santa Tereza do Tocantins,2020-10-18,144,0,2,0,0.42857142857142855,0.0,-1.0,2.1583624920952498
Santa Tereza do Tocantins,2020-10-19,144,0,2,0,0.42857142857142855,0.0,-1.0,2.1583624920952498
Santa Tereza do Tocantins,2020-10-20,144,0,2,0,0.42857142857142855,0.0,-1.0,2.1583624920952498
Santa Tereza do Tocantins,2020-10-21,144,0,2,0,0.2857142857142857,0.0,-1.0,2.1583624920952498
Santa Tereza do Tocantins,2020-10-22,144,0,2,0,0.35714285714285715,0.0,-1.0,2.1583624920952498
Santa Tereza do Tocantins,2020-10-23,144,0,2,0,0.0,0.0,-1.0,2.1583624920952498
Santa Tereza do Tocantins,2020-10-24,144,0,2,0,0.0,0.0,-1.0,2.1583624920952498
Santa Tereza do Tocantins,2020-10-25,144,0,2,0,0.0,0.0,-1.0,2.1583624920952498
Santa Tereza do Tocantins,2020-10-26,144,0,2,0,0.0,0.0,-1.0,2.1583624920952498
Santa Tereza do Tocantins,2020-10-27,144,0,2,0,0.0,0.0,-1.0,2.1583624920952498
Santa Tereza do Tocantins,2020-10-28,144,0,2,0,0.0,0.0,-1.0,2.1583624920952498
Santa Tereza do Tocantins,2020-10-29,144,0,2,0,0.0,0.0,-1.0,2.1583624920952498
Santa Tereza do Tocantins,2020-10-30,144,0,2,0,0.0,0.0,,2.1583624920952498
Santa Tereza do Tocantins,2020-10-31,144,0,2,0,0.0,0.0,,2.1583624920952498
Santa Tereza do Tocantins,2020-11-01,144,0,2,0,0.0,0.0,,2.1583624920952498
Santa Tereza do Tocantins,2020-11-02,144,0,2,0,0.0,0.0,,2.1583624920952498
Santa Tereza do Tocantins,2020-11-03,144,0,2,0,0.0,0.0,,2.1583624920952498
Santa Tereza do Tocantins,2020-11-04,144,0,2,0,0.0,0.0,,2.1583624920952498
Santa Tereza do Tocantins,2020-11-05,144,0,2,0,0.0,0.0,,2.1583624920952498
Santa Tereza do Tocantins,2020-11-06,144,0,2,0,0.0,0.0,,2.1583624920952498
Santa Tereza do Tocantins,2020-11-07,144,0,2,0,0.0,0.0,,2.1583624920952498
Santa Tereza do Tocantins,2020-11-08,144,0,2,0,0.0,0.0,,2.1583624920952498
Santa Tereza do Tocantins,2020-11-09,144,0,2,0,0.0,0.0,,2.1583624920952498
Santa Tereza do Tocantins,2020-11-10,145,1,2,0,0.07142857142857142,0.0,,2.161368002234975
Santa Tereza do Tocantins,2020-11-11,144,-1,2,0,0.0,0.0,,2.1583624920952498
Santa Tereza do Tocantins,2020-11-12,145,1,2,0,0.07142857142857142,0.0,,2.161368002234975
Santa Tereza do Tocantins,2020-11-13,145,0,2,0,0.07142857142857142,0.0,,2.161368002234975
Santa Tereza do Tocantins,2020-11-14,145,0,2,0,0.07142857142857142,0.0,,2.161368002234975
Santa Tereza do Tocantins,2020-11-15,145,0,2,0,0.07142857142857142,0.0,,2.161368002234975
Santa Tereza do Tocantins,2020-11-16,145,0,2,0,0.07142857142857142,0.0,,2.161368002234975
Santa Tereza do Tocantins,2020-11-17,145,0,2,0,0.07142857142857142,0.0,,2.161368002234975
Santa Tereza do Tocantins,2020-11-18,145,0,2,0,0.07142857142857142,0.0,,2.161368002234975
Santa Tereza do Tocantins,2020-11-19,145,0,2,0,0.07142857142857142,0.0,,2.161368002234975
Santa Tereza do Tocantins,2020-11-20,145,0,2,0,0.07142857142857142,0.0,,2.161368002234975
Santa Tereza do Tocantins,2020-11-21,145,0,2,0,0.07142857142857142,0.0,,2.161368002234975
Santa Tereza do Tocantins,2020-11-22,145,0,2,0,0.07142857142857142,0.0,,2.161368002234975
Santa Tereza do Tocantins,2020-11-23,145,0,2,0,0.07142857142857142,0.0,,2.161368002234975
Santa Tereza do Tocantins,2020-11-24,145,0,2,0,0.0,0.0,,2.161368002234975
Santa Tereza do Tocantins,2020-11-25,148,3,2,0,0.2857142857142857,0.0,,2.1702617153949575
Santa Tereza do Tocantins,2020-11-26,148,0,2,0,0.21428571428571427,0.0,,2.1702617153949575
Santa Tereza do Tocantins,2020-11-27,148,0,2,0,0.21428571428571427,0.0,,2.1702617153949575
Santa Tereza do Tocantins,2020-11-28,148,0,2,0,0.21428571428571427,0.0,,2.1702617153949575
Santa Tereza do Tocantins,2020-11-29,148,0,2,0,0.21428571428571427,0.0,,2.1702617153949575
Santa Tereza do Tocantins,2020-11-30,148,0,2,0,0.21428571428571427,0.0,,2.1702617153949575
Santa Tereza do Tocantins,2020-12-01,148,0,2,0,0.21428571428571427,0.0,,2.1702617153949575
Santa Tereza do Tocantins,2020-12-02,148,0,2,0,0.21428571428571427,0.0,,2.1702617153949575
Santa Tereza do Tocantins,2020-12-03,148,0,2,0,0.21428571428571427,0.0,,2.1702617153949575
Santa Tereza do Tocantins,2020-12-04,148,0,2,0,0.21428571428571427,0.0,,2.1702617153949575
Santa Tereza do Tocantins,2020-12-05,148,0,2,0,0.21428571428571427,0.0,,2.1702617153949575
Santa Tereza do Tocantins,2020-12-06,148,0,2,0,0.21428571428571427,0.0,,2.1702617153949575
Santa Tereza do Tocantins,2020-12-07,148,0,2,0,0.21428571428571427,0.0,,2.1702617153949575
Santa Tereza do Tocantins,2020-12-08,148,0,2,0,0.21428571428571427,0.0,,2.1702617153949575
Santa Tereza do Tocantins,2020-12-09,148,0,2,0,0.0,0.0,,2.1702617153949575
Santa Tereza do Tocantins,2020-12-10,148,0,2,0,0.0,0.0,,2.1702617153949575
Santa Tereza do Tocantins,2020-12-11,148,0,2,0,0.0,0.0,,2.1702617153949575
Santa Tereza do Tocantins,2020-12-12,148,0,2,0,0.0,0.0,,2.1702617153949575
Santa Tereza do Tocantins,2020-12-13,148,0,2,0,0.0,0.0,,2.1702617153949575
Santa Tereza do Tocantins,2020-12-14,148,0,2,0,0.0,0.0,,2.1702617153949575
Santa Tereza do Tocantins,2020-12-15,148,0,2,0,0.0,0.0,,2.1702617153949575
Santa Tereza do Tocantins,2020-12-16,148,0,2,0,0.0,0.0,,2.1702617153949575
Santa Tereza do Tocantins,2020-12-17,148,0,2,0,0.0,0.0,,2.1702617153949575
Santa Tereza do Tocantins,2020-12-18,148,0,2,0,0.0,0.0,,2.1702617153949575
Santa Tereza do Tocantins,2020-12-19,148,0,2,0,0.0,0.0,,2.1702617153949575
Santa Tereza do Tocantins,2020-12-20,148,0,2,0,0.0,0.0,,2.1702617153949575
Santa Tereza do Tocantins,2020-12-21,148,0,2,0,0.0,0.0,,2.1702617153949575
Santa Tereza do Tocantins,2020-12-22,148,0,2,0,0.0,0.0,,2.1702617153949575
Santa Tereza do Tocantins,2020-12-23,148,0,2,0,0.0,0.0,,2.1702617153949575
Santa Tereza do Tocantins,2020-12-24,148,0,2,0,0.0,0.0,,2.1702617153949575
Santa Tereza do Tocantins,2020-12-25,148,0,2,0,0.0,0.0,,2.1702617153949575
Santa Tereza do Tocantins,2020-12-26,148,0,2,0,0.0,0.0,,2.1702617153949575
Santa Tereza do Tocantins,2020-12-27,148,0,2,0,0.0,0.0,,2.1702617153949575
Santa Tereza do Tocantins,2020-12-28,148,0,2,0,0.0,0.0,,2.1702617153949575
Santa Tereza do Tocantins,2020-12-29,148,0,2,0,0.0,0.0,,2.1702617153949575
Santa Tereza do Tocantins,2020-12-30,148,0,2,0,0.0,0.0,,2.1702617153949575
Santa Tereza do Tocantins,2020-12-31,148,0,2,0,0.0,0.0,,2.1702617153949575
Santa Tereza do Tocantins,2021-01-01,148,0,2,0,0.0,0.0,,2.1702617153949575
Santa Tereza do Tocantins,2021-01-02,148,0,2,0,0.0,0.0,,2.1702617153949575
Santa Tereza do Tocantins,2021-01-03,148,0,2,0,0.0,0.0,,2.1702617153949575
Santa Tereza do Tocantins,2021-01-04,148,0,2,0,0.0,0.0,,2.1702617153949575
Santa Tereza do Tocantins,2021-01-05,148,0,2,0,0.0,0.0,,2.1702617153949575
Santa Tereza do Tocantins,2021-01-06,148,0,2,0,0.0,0.0,,2.1702617153949575
Santa Tereza do Tocantins,2021-01-07,148,0,2,0,0.0,0.0,,2.1702617153949575
Santa Tereza do Tocantins,2021-01-08,148,0,2,0,0.0,0.0,,2.1702617153949575
Santa Tereza do Tocantins,2021-01-09,148,0,2,0,0.0,0.0,,2.1702617153949575
Santa Tereza do Tocantins,2021-01-10,148,0,2,0,0.0,0.0,,2.1702617153949575
Santa Tereza do Tocantins,2021-01-11,148,0,2,0,0.0,0.0,,2.1702617153949575
Santa Tereza do Tocantins,2021-01-12,148,0,2,0,0.0,0.0,,2.1702617153949575
Santa Tereza do Tocantins,2021-01-13,148,0,2,0,0.0,0.0,,2.1702617153949575
Santa Tereza do Tocantins,2021-01-14,149,1,2,0,0.07142857142857142,0.0,,2.173186268412274
Santa Tereza do Tocantins,2021-01-15,149,0,2,0,0.07142857142857142,0.0,,2.173186268412274
Santa Tereza do Tocantins,2021-01-16,149,0,2,0,0.07142857142857142,0.0,,2.173186268412274
Santa Tereza do Tocantins,2021-01-17,149,0,2,0,0.07142857142857142,0.0,,2.173186268412274
Santa Tereza do Tocantins,2021-01-18,150,1,3,1,0.14285714285714285,0.07142857142857142,inf,2.1760912590556813
Santa Tereza do Tocantins,2021-01-19,150,0,3,0,0.14285714285714285,0.07142857142857142,inf,2.1760912590556813
Santa Tereza do Tocantins,2021-01-20,150,0,3,0,0.14285714285714285,0.07142857142857142,inf,2.1760912590556813
Santa Terezinha do Tocantins,2020-03-27,0,0,0,0,,,,0.0
Santa Terezinha do Tocantins,2020-03-28,0,0,0,0,,,,0.0
Santa Terezinha do Tocantins,2020-03-29,0,0,0,0,,,,0.0
Santa Terezinha do Tocantins,2020-03-30,0,0,0,0,,,,0.0
Santa Terezinha do Tocantins,2020-03-31,0,0,0,0,,,,0.0
Santa Terezinha do Tocantins,2020-04-01,0,0,0,0,,,,0.0
Santa Terezinha do Tocantins,2020-04-02,0,0,0,0,,,,0.0
Santa Terezinha do Tocantins,2020-04-03,0,0,0,0,,,,0.0
Santa Terezinha do Tocantins,2020-04-04,0,0,0,0,,,,0.0
Santa Terezinha do Tocantins,2020-04-05,0,0,0,0,,,,0.0
Santa Terezinha do Tocantins,2020-04-06,0,0,0,0,,,,0.0
Santa Terezinha do Tocantins,2020-04-07,0,0,0,0,,,,0.0
Santa Terezinha do Tocantins,2020-04-08,0,0,0,0,,,,0.0
Santa Terezinha do Tocantins,2020-04-09,0,0,0,0,0.0,0.0,,0.0
Santa Terezinha do Tocantins,2020-04-10,0,0,0,0,0.0,0.0,,0.0
Santa Terezinha do Tocantins,2020-04-11,0,0,0,0,0.0,0.0,,0.0
Santa Terezinha do Tocantins,2020-04-12,0,0,0,0,0.0,0.0,,0.0
Santa Terezinha do Tocantins,2020-04-13,0,0,0,0,0.0,0.0,,0.0
Santa Terezinha do Tocantins,2020-04-14,0,0,0,0,0.0,0.0,,0.0
Santa Terezinha do Tocantins,2020-04-15,0,0,0,0,0.0,0.0,,0.0
Santa Terezinha do Tocantins,2020-04-16,0,0,0,0,0.0,0.0,,0.0
Santa Terezinha do Tocantins,2020-04-17,0,0,0,0,0.0,0.0,,0.0
Santa Terezinha do Tocantins,2020-04-18,0,0,0,0,0.0,0.0,,0.0
Santa Terezinha do Tocantins,2020-04-19,0,0,0,0,0.0,0.0,,0.0
Santa Terezinha do Tocantins,2020-04-20,0,0,0,0,0.0,0.0,,0.0
Santa Terezinha do Tocantins,2020-04-21,0,0,0,0,0.0,0.0,,0.0
Santa Terezinha do Tocantins,2020-04-22,0,0,0,0,0.0,0.0,,0.0
Santa Terezinha do Tocantins,2020-04-23,0,0,0,0,0.0,0.0,,0.0
Santa Terezinha do Tocantins,2020-04-24,0,0,0,0,0.0,0.0,,0.0
Santa Terezinha do Tocantins,2020-04-25,0,0,0,0,0.0,0.0,,0.0
Santa Terezinha do Tocantins,2020-04-26,0,0,0,0,0.0,0.0,,0.0
Santa Terezinha do Tocantins,2020-04-27,0,0,0,0,0.0,0.0,,0.0
Santa Terezinha do Tocantins,2020-04-28,0,0,0,0,0.0,0.0,,0.0
Santa Terezinha do Tocantins,2020-04-29,0,0,0,0,0.0,0.0,,0.0
Santa Terezinha do Tocantins,2020-04-30,0,0,0,0,0.0,0.0,,0.0
Santa Terezinha do Tocantins,2020-05-01,0,0,0,0,0.0,0.0,,0.0
Santa Terezinha do Tocantins,2020-05-02,0,0,0,0,0.0,0.0,,0.0
Santa Terezinha do Tocantins,2020-05-03,0,0,0,0,0.0,0.0,,0.0
Santa Terezinha do Tocantins,2020-05-04,0,0,0,0,0.0,0.0,,0.0
Santa Terezinha do Tocantins,2020-05-05,0,0,0,0,0.0,0.0,,0.0
Santa Terezinha do Tocantins,2020-05-06,0,0,0,0,0.0,0.0,,0.0
Santa Terezinha do Tocantins,2020-05-07,0,0,0,0,0.0,0.0,,0.0
Santa Terezinha do Tocantins,2020-05-08,0,0,0,0,0.0,0.0,,0.0
Santa Terezinha do Tocantins,2020-05-09,0,0,0,0,0.0,0.0,,0.0
Santa Terezinha do Tocantins,2020-05-10,0,0,0,0,0.0,0.0,,0.0
Santa Terezinha do Tocantins,2020-05-11,0,0,0,0,0.0,0.0,,0.0
Santa Terezinha do Tocantins,2020-05-12,0,0,0,0,0.0,0.0,,0.0
Santa Terezinha do Tocantins,2020-05-13,0,0,0,0,0.0,0.0,,0.0
Santa Terezinha do Tocantins,2020-05-14,0,0,0,0,0.0,0.0,,0.0
Santa Terezinha do Tocantins,2020-05-15,0,0,0,0,0.0,0.0,,0.0
Santa Terezinha do Tocantins,2020-05-16,0,0,0,0,0.0,0.0,,0.0
Santa Terezinha do Tocantins,2020-05-17,0,0,0,0,0.0,0.0,,0.0
Santa Terezinha do Tocantins,2020-05-18,0,0,0,0,0.0,0.0,,0.0
Santa Terezinha do Tocantins,2020-05-19,0,0,0,0,0.0,0.0,,0.0
Santa Terezinha do Tocantins,2020-05-20,0,0,0,0,0.0,0.0,,0.0
Santa Terezinha do Tocantins,2020-05-21,0,0,0,0,0.0,0.0,,0.0
Santa Terezinha do Tocantins,2020-05-22,0,0,0,0,0.0,0.0,,0.0
Santa Terezinha do Tocantins,2020-05-23,0,0,0,0,0.0,0.0,,0.0
Santa Terezinha do Tocantins,2020-05-24,0,0,0,0,0.0,0.0,,0.0
Santa Terezinha do Tocantins,2020-05-25,0,0,0,0,0.0,0.0,,0.0
Santa Terezinha do Tocantins,2020-05-26,0,0,0,0,0.0,0.0,,0.0
Santa Terezinha do Tocantins,2020-05-27,0,0,0,0,0.0,0.0,,0.0
Santa Terezinha do Tocantins,2020-05-28,0,0,0,0,0.0,0.0,,0.0
Santa Terezinha do Tocantins,2020-05-29,0,0,0,0,0.0,0.0,,0.0
Santa Terezinha do Tocantins,2020-05-30,0,0,0,0,0.0,0.0,,0.0
Santa Terezinha do Tocantins,2020-05-31,0,0,0,0,0.0,0.0,,0.0
Santa Terezinha do Tocantins,2020-06-01,0,0,0,0,0.0,0.0,,0.0
Santa Terezinha do Tocantins,2020-06-02,0,0,0,0,0.0,0.0,,0.0
Santa Terezinha do Tocantins,2020-06-03,0,0,0,0,0.0,0.0,,0.0
Santa Terezinha do Tocantins,2020-06-04,0,0,0,0,0.0,0.0,,0.0
Santa Terezinha do Tocantins,2020-06-05,0,0,0,0,0.0,0.0,,0.0
Santa Terezinha do Tocantins,2020-06-06,0,0,0,0,0.0,0.0,,0.0
Santa Terezinha do Tocantins,2020-06-07,0,0,0,0,0.0,0.0,,0.0
Santa Terezinha do Tocantins,2020-06-08,0,0,0,0,0.0,0.0,,0.0
Santa Terezinha do Tocantins,2020-06-09,0,0,0,0,0.0,0.0,,0.0
Santa Terezinha do Tocantins,2020-06-10,0,0,0,0,0.0,0.0,,0.0
Santa Terezinha do Tocantins,2020-06-11,0,0,0,0,0.0,0.0,,0.0
Santa Terezinha do Tocantins,2020-06-12,0,0,0,0,0.0,0.0,,0.0
Santa Terezinha do Tocantins,2020-06-13,0,0,0,0,0.0,0.0,,0.0
Santa Terezinha do Tocantins,2020-06-14,0,0,0,0,0.0,0.0,,0.0
Santa Terezinha do Tocantins,2020-06-15,0,0,0,0,0.0,0.0,,0.0
Santa Terezinha do Tocantins,2020-06-16,0,0,0,0,0.0,0.0,,0.0
Santa Terezinha do Tocantins,2020-06-17,0,0,0,0,0.0,0.0,,0.0
Santa Terezinha do Tocantins,2020-06-18,0,0,0,0,0.0,0.0,,0.0
Santa Terezinha do Tocantins,2020-06-19,0,0,0,0,0.0,0.0,,0.0
Santa Terezinha do Tocantins,2020-06-20,1,1,0,0,0.07142857142857142,0.0,,0.0
Santa Terezinha do Tocantins,2020-06-21,1,0,0,0,0.07142857142857142,0.0,,0.0
Santa Terezinha do Tocantins,2020-06-22,1,0,0,0,0.07142857142857142,0.0,,0.0
Santa Terezinha do Tocantins,2020-06-23,6,5,0,0,0.42857142857142855,0.0,,0.7781512503836436
Santa Terezinha do Tocantins,2020-06-24,14,8,0,0,1.0,0.0,,1.146128035678238
Santa Terezinha do Tocantins,2020-06-25,22,8,0,0,1.5714285714285714,0.0,,1.3424226808222062
Santa Terezinha do Tocantins,2020-06-26,25,3,0,0,1.7857142857142858,0.0,,1.3979400086720377
Santa Terezinha do Tocantins,2020-06-27,26,1,0,0,1.8571428571428572,0.0,,1.414973347970818
Santa Terezinha do Tocantins,2020-06-28,26,0,0,0,1.8571428571428572,0.0,,1.414973347970818
Santa Terezinha do Tocantins,2020-06-29,26,0,0,0,1.8571428571428572,0.0,,1.414973347970818
Santa Terezinha do Tocantins,2020-06-30,28,2,0,0,2.0,0.0,,1.4471580313422192
Santa Terezinha do Tocantins,2020-07-01,29,1,0,0,2.0714285714285716,0.0,,1.462397997898956
Santa Terezinha do Tocantins,2020-07-02,29,0,0,0,2.0714285714285716,0.0,,1.462397997898956
Santa Terezinha do Tocantins,2020-07-03,29,0,0,0,2.0714285714285716,0.0,,1.462397997898956
Santa Terezinha do Tocantins,2020-07-04,29,0,0,0,2.0,0.0,,1.462397997898956
Santa Terezinha do Tocantins,2020-07-05,29,0,0,0,2.0,0.0,,1.462397997898956
Santa Terezinha do Tocantins,2020-07-06,29,0,0,0,2.0,0.0,,1.462397997898956
Santa Terezinha do Tocantins,2020-07-07,29,0,0,0,1.6428571428571428,0.0,,1.462397997898956
Santa Terezinha do Tocantins,2020-07-08,29,0,0,0,1.0714285714285714,0.0,,1.462397997898956
Santa Terezinha do Tocantins,2020-07-09,29,0,0,0,0.5,0.0,,1.462397997898956
Santa Terezinha do Tocantins,2020-07-10,38,9,1,1,0.9285714285714286,0.07142857142857142,inf,1.5797835966168101
Santa Terezinha do Tocantins,2020-07-11,41,3,1,0,1.0714285714285714,0.07142857142857142,inf,1.6127838567197355
Santa Terezinha do Tocantins,2020-07-12,41,0,1,0,1.0714285714285714,0.07142857142857142,inf,1.6127838567197355
Santa Terezinha do Tocantins,2020-07-13,41,0,1,0,1.0714285714285714,0.07142857142857142,inf,1.6127838567197355
Santa Terezinha do Tocantins,2020-07-14,41,0,1,0,0.9285714285714286,0.07142857142857142,inf,1.6127838567197355
Santa Terezinha do Tocantins,2020-07-15,41,0,1,0,0.8571428571428571,0.07142857142857142,inf,1.6127838567197355
Santa Terezinha do Tocantins,2020-07-16,41,0,1,0,0.8571428571428571,0.07142857142857142,inf,1.6127838567197355
Santa Terezinha do Tocantins,2020-07-17,41,0,1,0,0.8571428571428571,0.07142857142857142,inf,1.6127838567197355
Santa Terezinha do Tocantins,2020-07-18,47,6,1,0,1.2857142857142858,0.07142857142857142,inf,1.6720978579357175
Santa Terezinha do Tocantins,2020-07-19,47,0,1,0,1.2857142857142858,0.07142857142857142,inf,1.6720978579357175
Santa Terezinha do Tocantins,2020-07-20,47,0,1,0,1.2857142857142858,0.07142857142857142,inf,1.6720978579357175
Santa Terezinha do Tocantins,2020-07-21,47,0,1,0,1.2857142857142858,0.07142857142857142,inf,1.6720978579357175
Santa Terezinha do Tocantins,2020-07-22,48,1,1,0,1.3571428571428572,0.07142857142857142,inf,1.6812412373755872
Santa Terezinha do Tocantins,2020-07-23,50,2,1,0,1.5,0.07142857142857142,inf,1.6989700043360187
Santa Terezinha do Tocantins,2020-07-24,50,0,1,0,0.8571428571428571,0.0,-1.0,1.6989700043360187
Santa Terezinha do Tocantins,2020-07-25,51,1,1,0,0.7142857142857143,0.0,-1.0,1.7075701760979363
Santa Terezinha do Tocantins,2020-07-26,51,0,1,0,0.7142857142857143,0.0,-1.0,1.7075701760979363
Santa Terezinha do Tocantins,2020-07-27,51,0,1,0,0.7142857142857143,0.0,-1.0,1.7075701760979363
Santa Terezinha do Tocantins,2020-07-28,51,0,1,0,0.7142857142857143,0.0,-1.0,1.7075701760979363
Santa Terezinha do Tocantins,2020-07-29,51,0,1,0,0.7142857142857143,0.0,-1.0,1.7075701760979363
Santa Terezinha do Tocantins,2020-07-30,52,1,2,1,0.7857142857142857,0.07142857142857142,0.0,1.7160033436347992
Santa Terezinha do Tocantins,2020-07-31,52,0,2,0,0.7857142857142857,0.07142857142857142,0.0,1.7160033436347992
Santa Terezinha do Tocantins,2020-08-01,52,0,2,0,0.35714285714285715,0.07142857142857142,0.0,1.7160033436347992
Santa Terezinha do Tocantins,2020-08-02,52,0,2,0,0.35714285714285715,0.07142857142857142,0.0,1.7160033436347992
Santa Terezinha do Tocantins,2020-08-03,52,0,2,0,0.35714285714285715,0.07142857142857142,0.0,1.7160033436347992
Santa Terezinha do Tocantins,2020-08-04,52,0,2,0,0.35714285714285715,0.07142857142857142,0.0,1.7160033436347992
Santa Terezinha do Tocantins,2020-08-05,52,0,2,0,0.2857142857142857,0.07142857142857142,0.0,1.7160033436347992
Santa Terezinha do Tocantins,2020-08-06,52,0,2,0,0.14285714285714285,0.07142857142857142,0.0,1.7160033436347992
Santa Terezinha do Tocantins,2020-08-07,52,0,2,0,0.14285714285714285,0.07142857142857142,inf,1.7160033436347992
Santa Terezinha do Tocantins,2020-08-08,52,0,2,0,0.07142857142857142,0.07142857142857142,inf,1.7160033436347992
Santa Terezinha do Tocantins,2020-08-09,53,1,2,0,0.14285714285714285,0.07142857142857142,inf,1.7242758696007892
Santa Terezinha do Tocantins,2020-08-10,53,0,2,0,0.14285714285714285,0.07142857142857142,inf,1.7242758696007892
Santa Terezinha do Tocantins,2020-08-11,53,0,2,0,0.14285714285714285,0.07142857142857142,inf,1.7242758696007892
Santa Terezinha do Tocantins,2020-08-12,53,0,2,0,0.14285714285714285,0.07142857142857142,inf,1.7242758696007892
Santa Terezinha do Tocantins,2020-08-13,53,0,2,0,0.07142857142857142,0.0,-1.0,1.7242758696007892
Santa Terezinha do Tocantins,2020-08-14,52,-1,2,0,0.0,0.0,-1.0,1.7160033436347992
Santa Terezinha do Tocantins,2020-08-15,52,0,2,0,0.0,0.0,-1.0,1.7160033436347992
Santa Terezinha do Tocantins,2020-08-16,52,0,2,0,0.0,0.0,-1.0,1.7160033436347992
Santa Terezinha do Tocantins,2020-08-17,52,0,2,0,0.0,0.0,-1.0,1.7160033436347992
Santa Terezinha do Tocantins,2020-08-18,52,0,2,0,0.0,0.0,-1.0,1.7160033436347992
Santa Terezinha do Tocantins,2020-08-19,52,0,2,0,0.0,0.0,-1.0,1.7160033436347992
Santa Terezinha do Tocantins,2020-08-20,52,0,2,0,0.0,0.0,-1.0,1.7160033436347992
Santa Terezinha do Tocantins,2020-08-21,52,0,2,0,0.0,0.0,-1.0,1.7160033436347992
Santa Terezinha do Tocantins,2020-08-22,52,0,2,0,0.0,0.0,-1.0,1.7160033436347992
Santa Terezinha do Tocantins,2020-08-23,52,0,2,0,-0.07142857142857142,0.0,-1.0,1.7160033436347992
Santa Terezinha do Tocantins,2020-08-24,52,0,2,0,-0.07142857142857142,0.0,-1.0,1.7160033436347992
Santa Terezinha do Tocantins,2020-08-25,52,0,2,0,-0.07142857142857142,0.0,-1.0,1.7160033436347992
Santa Terezinha do Tocantins,2020-08-26,52,0,2,0,-0.07142857142857142,0.0,-1.0,1.7160033436347992
Santa Terezinha do Tocantins,2020-08-27,52,0,2,0,-0.07142857142857142,0.0,,1.7160033436347992
Santa Terezinha do Tocantins,2020-08-28,52,0,2,0,0.0,0.0,,1.7160033436347992
Santa Terezinha do Tocantins,2020-08-29,52,0,2,0,0.0,0.0,,1.7160033436347992
Santa Terezinha do Tocantins,2020-08-30,52,0,2,0,0.0,0.0,,1.7160033436347992
Santa Terezinha do Tocantins,2020-08-31,52,0,2,0,0.0,0.0,,1.7160033436347992
Santa Terezinha do Tocantins,2020-09-01,61,9,2,0,0.6428571428571429,0.0,,1.7853298350107671
Santa Terezinha do Tocantins,2020-09-02,61,0,2,0,0.6428571428571429,0.0,,1.7853298350107671
Santa Terezinha do Tocantins,2020-09-03,72,11,2,0,1.4285714285714286,0.0,,1.8573324964312685
Santa Terezinha do Tocantins,2020-09-04,72,0,2,0,1.4285714285714286,0.0,,1.8573324964312685
Santa Terezinha do Tocantins,2020-09-05,76,4,2,0,1.7142857142857142,0.0,,1.8808135922807914
Santa Terezinha do Tocantins,2020-09-06,76,0,2,0,1.7142857142857142,0.0,,1.8808135922807914
Santa Terezinha do Tocantins,2020-09-07,76,0,2,0,1.7142857142857142,0.0,,1.8808135922807914
Santa Terezinha do Tocantins,2020-09-08,76,0,2,0,1.7142857142857142,0.0,,1.8808135922807914
Santa Terezinha do Tocantins,2020-09-09,76,0,2,0,1.7142857142857142,0.0,,1.8808135922807914
Santa Terezinha do Tocantins,2020-09-10,80,4,2,0,2.0,0.0,,1.9030899869919435
Santa Terezinha do Tocantins,2020-09-11,78,-2,2,0,1.8571428571428572,0.0,,1.8920946026904804
Santa Terezinha do Tocantins,2020-09-12,78,0,2,0,1.8571428571428572,0.0,,1.8920946026904804
Santa Terezinha do Tocantins,2020-09-13,79,1,2,0,1.9285714285714286,0.0,,1.8976270912904414
Santa Terezinha do Tocantins,2020-09-14,79,0,2,0,1.9285714285714286,0.0,,1.8976270912904414
Santa Terezinha do Tocantins,2020-09-15,79,0,2,0,1.2857142857142858,0.0,,1.8976270912904414
Santa Terezinha do Tocantins,2020-09-16,80,1,2,0,1.3571428571428572,0.0,,1.9030899869919435
Santa Terezinha do Tocantins,2020-09-17,80,0,2,0,0.5714285714285714,0.0,,1.9030899869919435
Santa Terezinha do Tocantins,2020-09-18,80,0,2,0,0.5714285714285714,0.0,,1.9030899869919435
Santa Terezinha do Tocantins,2020-09-19,80,0,2,0,0.2857142857142857,0.0,,1.9030899869919435
Santa Terezinha do Tocantins,2020-09-20,80,0,2,0,0.2857142857142857,0.0,,1.9030899869919435
Santa Terezinha do Tocantins,2020-09-21,80,0,2,0,0.2857142857142857,0.0,,1.9030899869919435
Santa Terezinha do Tocantins,2020-09-22,80,0,2,0,0.2857142857142857,0.0,,1.9030899869919435
Santa Terezinha do Tocantins,2020-09-23,80,0,2,0,0.2857142857142857,0.0,,1.9030899869919435
Santa Terezinha do Tocantins,2020-09-24,81,1,2,0,0.07142857142857142,0.0,,1.9084850188786497
Santa Terezinha do Tocantins,2020-09-25,81,0,2,0,0.21428571428571427,0.0,,1.9084850188786497
Santa Terezinha do Tocantins,2020-09-26,81,0,2,0,0.21428571428571427,0.0,,1.9084850188786497
Santa Terezinha do Tocantins,2020-09-27,81,0,2,0,0.14285714285714285,0.0,,1.9084850188786497
Santa Terezinha do Tocantins,2020-09-28,81,0,2,0,0.14285714285714285,0.0,,1.9084850188786497
Santa Terezinha do Tocantins,2020-09-29,80,-1,2,0,0.07142857142857142,0.0,,1.9030899869919435
Santa Terezinha do Tocantins,2020-09-30,80,0,2,0,0.0,0.0,,1.9030899869919435
Santa Terezinha do Tocantins,2020-10-01,80,0,2,0,0.0,0.0,,1.9030899869919435
Santa Terezinha do Tocantins,2020-10-02,81,1,2,0,0.07142857142857142,0.0,,1.9084850188786497
Santa Terezinha do Tocantins,2020-10-03,81,0,2,0,0.07142857142857142,0.0,,1.9084850188786497
Santa Terezinha do Tocantins,2020-10-04,81,0,2,0,0.07142857142857142,0.0,,1.9084850188786497
Santa Terezinha do Tocantins,2020-10-05,81,0,2,0,0.07142857142857142,0.0,,1.9084850188786497
Santa Terezinha do Tocantins,2020-10-06,81,0,2,0,0.07142857142857142,0.0,,1.9084850188786497
Santa Terezinha do Tocantins,2020-10-07,81,0,2,0,0.07142857142857142,0.0,,1.9084850188786497
Santa Terezinha do Tocantins,2020-10-08,81,0,2,0,0.0,0.0,,1.9084850188786497
Santa Terezinha do Tocantins,2020-10-09,81,0,2,0,0.0,0.0,,1.9084850188786497
Santa Terezinha do Tocantins,2020-10-10,81,0,2,0,0.0,0.0,,1.9084850188786497
Santa Terezinha do Tocantins,2020-10-11,81,0,2,0,0.0,0.0,,1.9084850188786497
Santa Terezinha do Tocantins,2020-10-12,81,0,2,0,0.0,0.0,,1.9084850188786497
Santa Terezinha do Tocantins,2020-10-13,81,0,2,0,0.07142857142857142,0.0,,1.9084850188786497
Santa Terezinha do Tocantins,2020-10-14,81,0,2,0,0.07142857142857142,0.0,,1.9084850188786497
Santa Terezinha do Tocantins,2020-10-15,81,0,2,0,0.07142857142857142,0.0,,1.9084850188786497
Santa Terezinha do Tocantins,2020-10-16,81,0,2,0,0.0,0.0,,1.9084850188786497
Santa Terezinha do Tocantins,2020-10-17,81,0,2,0,0.0,0.0,,1.9084850188786497
Santa Terezinha do Tocantins,2020-10-18,81,0,2,0,0.0,0.0,,1.9084850188786497
Santa Terezinha do Tocantins,2020-10-19,81,0,2,0,0.0,0.0,,1.9084850188786497
Santa Terezinha do Tocantins,2020-10-20,81,0,2,0,0.0,0.0,,1.9084850188786497
Santa Terezinha do Tocantins,2020-10-21,81,0,2,0,0.0,0.0,,1.9084850188786497
Santa Terezinha do Tocantins,2020-10-22,81,0,2,0,0.0,0.0,,1.9084850188786497
Santa Terezinha do Tocantins,2020-10-23,81,0,2,0,0.0,0.0,,1.9084850188786497
Santa Terezinha do Tocantins,2020-10-24,81,0,2,0,0.0,0.0,,1.9084850188786497
Santa Terezinha do Tocantins,2020-10-25,81,0,2,0,0.0,0.0,,1.9084850188786497
Santa Terezinha do Tocantins,2020-10-26,81,0,2,0,0.0,0.0,,1.9084850188786497
Santa Terezinha do Tocantins,2020-10-27,81,0,2,0,0.0,0.0,,1.9084850188786497
Santa Terezinha do Tocantins,2020-10-28,82,1,2,0,0.07142857142857142,0.0,,1.9138138523837167
Santa Terezinha do Tocantins,2020-10-29,84,2,2,0,0.21428571428571427,0.0,,1.9242792860618816
Santa Terezinha do Tocantins,2020-10-30,84,0,2,0,0.21428571428571427,0.0,,1.9242792860618816
Santa Terezinha do Tocantins,2020-10-31,84,0,2,0,0.21428571428571427,0.0,,1.9242792860618816
Santa Terezinha do Tocantins,2020-11-01,84,0,2,0,0.21428571428571427,0.0,,1.9242792860618816
Santa Terezinha do Tocantins,2020-11-02,84,0,2,0,0.21428571428571427,0.0,,1.9242792860618816
Santa Terezinha do Tocantins,2020-11-03,84,0,2,0,0.21428571428571427,0.0,,1.9242792860618816
Santa Terezinha do Tocantins,2020-11-04,84,0,2,0,0.21428571428571427,0.0,,1.9242792860618816
Santa Terezinha do Tocantins,2020-11-05,84,0,2,0,0.21428571428571427,0.0,,1.9242792860618816
Santa Terezinha do Tocantins,2020-11-06,88,4,2,0,0.5,0.0,,1.9444826721501687
Santa Terezinha do Tocantins,2020-11-07,88,0,2,0,0.5,0.0,,1.9444826721501687
Santa Terezinha do Tocantins,2020-11-08,88,0,2,0,0.5,0.0,,1.9444826721501687
Santa Terezinha do Tocantins,2020-11-09,88,0,2,0,0.5,0.0,,1.9444826721501687
Santa Terezinha do Tocantins,2020-11-10,88,0,2,0,0.5,0.0,,1.9444826721501687
Santa Terezinha do Tocantins,2020-11-11,89,1,2,0,0.5,0.0,,1.9493900066449128
Santa Terezinha do Tocantins,2020-11-12,89,0,2,0,0.35714285714285715,0.0,,1.9493900066449128
Santa Terezinha do Tocantins,2020-11-13,90,1,3,1,0.42857142857142855,0.07142857142857142,inf,1.9542425094393248
Santa Terezinha do Tocantins,2020-11-14,90,0,3,0,0.42857142857142855,0.07142857142857142,inf,1.9542425094393248
Santa Terezinha do Tocantins,2020-11-15,90,0,3,0,0.42857142857142855,0.07142857142857142,inf,1.9542425094393248
Santa Terezinha do Tocantins,2020-11-16,90,0,3,0,0.42857142857142855,0.07142857142857142,inf,1.9542425094393248
Santa Terezinha do Tocantins,2020-11-17,90,0,3,0,0.42857142857142855,0.07142857142857142,inf,1.9542425094393248
Santa Terezinha do Tocantins,2020-11-18,92,2,3,0,0.5714285714285714,0.07142857142857142,inf,1.9637878273455553
Santa Terezinha do Tocantins,2020-11-19,92,0,3,0,0.5714285714285714,0.07142857142857142,inf,1.9637878273455553
Santa Terezinha do Tocantins,2020-11-20,92,0,3,0,0.2857142857142857,0.07142857142857142,inf,1.9637878273455553
Santa Terezinha do Tocantins,2020-11-21,91,-1,3,0,0.21428571428571427,0.07142857142857142,inf,1.9590413923210936
Santa Terezinha do Tocantins,2020-11-22,91,0,3,0,0.21428571428571427,0.07142857142857142,inf,1.9590413923210936
Santa Terezinha do Tocantins,2020-11-23,91,0,3,0,0.21428571428571427,0.07142857142857142,inf,1.9590413923210936
Santa Terezinha do Tocantins,2020-11-24,91,0,3,0,0.21428571428571427,0.07142857142857142,inf,1.9590413923210936
Santa Terezinha do Tocantins,2020-11-25,91,0,3,0,0.14285714285714285,0.07142857142857142,inf,1.9590413923210936
Santa Terezinha do Tocantins,2020-11-26,91,0,3,0,0.14285714285714285,0.07142857142857142,inf,1.9590413923210936
Santa Terezinha do Tocantins,2020-11-27,95,4,3,0,0.35714285714285715,0.0,-1.0,1.9777236052888478
Santa Terezinha do Tocantins,2020-11-28,95,0,3,0,0.35714285714285715,0.0,-1.0,1.9777236052888478
Santa Terezinha do Tocantins,2020-11-29,95,0,3,0,0.35714285714285715,0.0,-1.0,1.9777236052888478
Santa Terezinha do Tocantins,2020-11-30,95,0,3,0,0.35714285714285715,0.0,-1.0,1.9777236052888478
Santa Terezinha do Tocantins,2020-12-01,95,0,3,0,0.35714285714285715,0.0,-1.0,1.9777236052888478
Santa Terezinha do Tocantins,2020-12-02,95,0,3,0,0.21428571428571427,0.0,-1.0,1.9777236052888478
Santa Terezinha do Tocantins,2020-12-03,99,4,3,0,0.5,0.0,-1.0,1.99563519459755
Santa Terezinha do Tocantins,2020-12-04,99,0,3,0,0.5,0.0,-1.0,1.99563519459755
Santa Terezinha do Tocantins,2020-12-05,101,2,3,0,0.7142857142857143,0.0,-1.0,2.0043213737826426
Santa Terezinha do Tocantins,2020-12-06,101,0,3,0,0.7142857142857143,0.0,-1.0,2.0043213737826426
Santa Terezinha do Tocantins,2020-12-07,101,0,3,0,0.7142857142857143,0.0,-1.0,2.0043213737826426
Santa Terezinha do Tocantins,2020-12-08,101,0,3,0,0.7142857142857143,0.0,-1.0,2.0043213737826426
Santa Terezinha do Tocantins,2020-12-09,105,4,3,0,1.0,0.0,-1.0,2.0211892990699383
Santa Terezinha do Tocantins,2020-12-10,106,1,3,0,1.0714285714285714,0.0,-1.0,2.0253058652647704
Santa Terezinha do Tocantins,2020-12-11,106,0,3,0,0.7857142857142857,0.0,,2.0253058652647704
Santa Terezinha do Tocantins,2020-12-12,108,2,3,0,0.9285714285714286,0.0,,2.03342375548695
Santa Terezinha do Tocantins,2020-12-13,108,0,3,0,0.9285714285714286,0.0,,2.03342375548695
Santa Terezinha do Tocantins,2020-12-14,108,0,3,0,0.9285714285714286,0.0,,2.03342375548695
Santa Terezinha do Tocantins,2020-12-15,108,0,3,0,0.9285714285714286,0.0,,2.03342375548695
Santa Terezinha do Tocantins,2020-12-16,108,0,3,0,0.9285714285714286,0.0,,2.03342375548695
Santa Terezinha do Tocantins,2020-12-17,108,0,3,0,0.6428571428571429,0.0,,2.03342375548695
Santa Terezinha do Tocantins,2020-12-18,108,0,3,0,0.6428571428571429,0.0,,2.03342375548695
Santa Terezinha do Tocantins,2020-12-19,108,0,3,0,0.5,0.0,,2.03342375548695
Santa Terezinha do Tocantins,2020-12-20,108,0,3,0,0.5,0.0,,2.03342375548695
Santa Terezinha do Tocantins,2020-12-21,108,0,3,0,0.5,0.0,,2.03342375548695
Santa Terezinha do Tocantins,2020-12-22,108,0,3,0,0.5,0.0,,2.03342375548695
Santa Terezinha do Tocantins,2020-12-23,108,0,3,0,0.21428571428571427,0.0,,2.03342375548695
Santa Terezinha do Tocantins,2020-12-24,108,0,3,0,0.14285714285714285,0.0,,2.03342375548695
Santa Terezinha do Tocantins,2020-12-25,108,0,3,0,0.14285714285714285,0.0,,2.03342375548695
Santa Terezinha do Tocantins,2020-12-26,108,0,3,0,0.0,0.0,,2.03342375548695
Santa Terezinha do Tocantins,2020-12-27,108,0,3,0,0.0,0.0,,2.03342375548695
Santa Terezinha do Tocantins,2020-12-28,108,0,3,0,0.0,0.0,,2.03342375548695
Santa Terezinha do Tocantins,2020-12-29,108,0,3,0,0.0,0.0,,2.03342375548695
Santa Terezinha do Tocantins,2020-12-30,108,0,3,0,0.0,0.0,,2.03342375548695
Santa Terezinha do Tocantins,2020-12-31,108,0,3,0,0.0,0.0,,2.03342375548695
Santa Terezinha do Tocantins,2021-01-01,108,0,3,0,0.0,0.0,,2.03342375548695
Santa Terezinha do Tocantins,2021-01-02,108,0,3,0,0.0,0.0,,2.03342375548695
Santa Terezinha do Tocantins,2021-01-03,108,0,3,0,0.0,0.0,,2.03342375548695
Santa Terezinha do Tocantins,2021-01-04,108,0,3,0,0.0,0.0,,2.03342375548695
Santa Terezinha do Tocantins,2021-01-05,110,2,3,0,0.14285714285714285,0.0,,2.041392685158225
Santa Terezinha do Tocantins,2021-01-06,111,1,3,0,0.21428571428571427,0.0,,2.0453229787866576
Santa Terezinha do Tocantins,2021-01-07,111,0,3,0,0.21428571428571427,0.0,,2.0453229787866576
Santa Terezinha do Tocantins,2021-01-08,111,0,3,0,0.21428571428571427,0.0,,2.0453229787866576
Santa Terezinha do Tocantins,2021-01-09,111,0,3,0,0.21428571428571427,0.0,,2.0453229787866576
Santa Terezinha do Tocantins,2021-01-10,111,0,3,0,0.21428571428571427,0.0,,2.0453229787866576
Santa Terezinha do Tocantins,2021-01-11,111,0,3,0,0.21428571428571427,0.0,,2.0453229787866576
Santa Terezinha do Tocantins,2021-01-12,111,0,3,0,0.21428571428571427,0.0,,2.0453229787866576
Santa Terezinha do Tocantins,2021-01-13,114,3,3,0,0.42857142857142855,0.0,,2.0569048513364727
Santa Terezinha do Tocantins,2021-01-14,114,0,3,0,0.42857142857142855,0.0,,2.0569048513364727
Santa Terezinha do Tocantins,2021-01-15,114,0,3,0,0.42857142857142855,0.0,,2.0569048513364727
Santa Terezinha do Tocantins,2021-01-16,114,0,3,0,0.42857142857142855,0.0,,2.0569048513364727
Santa Terezinha do Tocantins,2021-01-17,114,0,3,0,0.42857142857142855,0.0,,2.0569048513364727
Santa Terezinha do Tocantins,2021-01-18,114,0,3,0,0.42857142857142855,0.0,,2.0569048513364727
Santa Terezinha do Tocantins,2021-01-19,114,0,3,0,0.2857142857142857,0.0,,2.0569048513364727
Santa Terezinha do Tocantins,2021-01-20,115,1,3,0,0.2857142857142857,0.0,,2.060697840353612
São Bento do Tocantins,2020-03-27,0,0,0,0,,,,0.0
São Bento do Tocantins,2020-03-28,0,0,0,0,,,,0.0
São Bento do Tocantins,2020-03-29,0,0,0,0,,,,0.0
São Bento do Tocantins,2020-03-30,0,0,0,0,,,,0.0
São Bento do Tocantins,2020-03-31,0,0,0,0,,,,0.0
São Bento do Tocantins,2020-04-01,0,0,0,0,,,,0.0
São Bento do Tocantins,2020-04-02,0,0,0,0,,,,0.0
São Bento do Tocantins,2020-04-03,0,0,0,0,,,,0.0
São Bento do Tocantins,2020-04-04,0,0,0,0,,,,0.0
São Bento do Tocantins,2020-04-05,0,0,0,0,,,,0.0
São Bento do Tocantins,2020-04-06,0,0,0,0,,,,0.0
São Bento do Tocantins,2020-04-07,0,0,0,0,,,,0.0
São Bento do Tocantins,2020-04-08,0,0,0,0,,,,0.0
São Bento do Tocantins,2020-04-09,0,0,0,0,0.0,0.0,,0.0
São Bento do Tocantins,2020-04-10,0,0,0,0,0.0,0.0,,0.0
São Bento do Tocantins,2020-04-11,0,0,0,0,0.0,0.0,,0.0
São Bento do Tocantins,2020-04-12,0,0,0,0,0.0,0.0,,0.0
São Bento do Tocantins,2020-04-13,0,0,0,0,0.0,0.0,,0.0
São Bento do Tocantins,2020-04-14,0,0,0,0,0.0,0.0,,0.0
São Bento do Tocantins,2020-04-15,0,0,0,0,0.0,0.0,,0.0
São Bento do Tocantins,2020-04-16,0,0,0,0,0.0,0.0,,0.0
São Bento do Tocantins,2020-04-17,0,0,0,0,0.0,0.0,,0.0
São Bento do Tocantins,2020-04-18,0,0,0,0,0.0,0.0,,0.0
São Bento do Tocantins,2020-04-19,0,0,0,0,0.0,0.0,,0.0
São Bento do Tocantins,2020-04-20,0,0,0,0,0.0,0.0,,0.0
São Bento do Tocantins,2020-04-21,0,0,0,0,0.0,0.0,,0.0
São Bento do Tocantins,2020-04-22,0,0,0,0,0.0,0.0,,0.0
São Bento do Tocantins,2020-04-23,0,0,0,0,0.0,0.0,,0.0
São Bento do Tocantins,2020-04-24,0,0,0,0,0.0,0.0,,0.0
São Bento do Tocantins,2020-04-25,0,0,0,0,0.0,0.0,,0.0
São Bento do Tocantins,2020-04-26,0,0,0,0,0.0,0.0,,0.0
São Bento do Tocantins,2020-04-27,0,0,0,0,0.0,0.0,,0.0
São Bento do Tocantins,2020-04-28,0,0,0,0,0.0,0.0,,0.0
São Bento do Tocantins,2020-04-29,0,0,0,0,0.0,0.0,,0.0
São Bento do Tocantins,2020-04-30,0,0,0,0,0.0,0.0,,0.0
São Bento do Tocantins,2020-05-01,0,0,0,0,0.0,0.0,,0.0
São Bento do Tocantins,2020-05-02,0,0,0,0,0.0,0.0,,0.0
São Bento do Tocantins,2020-05-03,0,0,0,0,0.0,0.0,,0.0
São Bento do Tocantins,2020-05-04,0,0,0,0,0.0,0.0,,0.0
São Bento do Tocantins,2020-05-05,0,0,0,0,0.0,0.0,,0.0
São Bento do Tocantins,2020-05-06,0,0,0,0,0.0,0.0,,0.0
São Bento do Tocantins,2020-05-07,0,0,0,0,0.0,0.0,,0.0
São Bento do Tocantins,2020-05-08,0,0,0,0,0.0,0.0,,0.0
São Bento do Tocantins,2020-05-09,0,0,0,0,0.0,0.0,,0.0
São Bento do Tocantins,2020-05-10,1,1,0,0,0.07142857142857142,0.0,,0.0
São Bento do Tocantins,2020-05-11,1,0,0,0,0.07142857142857142,0.0,,0.0
São Bento do Tocantins,2020-05-12,1,0,0,0,0.07142857142857142,0.0,,0.0
São Bento do Tocantins,2020-05-13,2,1,0,0,0.14285714285714285,0.0,,0.3010299956639812
São Bento do Tocantins,2020-05-14,2,0,0,0,0.14285714285714285,0.0,,0.3010299956639812
São Bento do Tocantins,2020-05-15,3,1,0,0,0.21428571428571427,0.0,,0.47712125471966244
São Bento do Tocantins,2020-05-16,3,0,0,0,0.21428571428571427,0.0,,0.47712125471966244
São Bento do Tocantins,2020-05-17,3,0,0,0,0.21428571428571427,0.0,,0.47712125471966244
São Bento do Tocantins,2020-05-18,3,0,0,0,0.21428571428571427,0.0,,0.47712125471966244
São Bento do Tocantins,2020-05-19,4,1,0,0,0.2857142857142857,0.0,,0.6020599913279624
São Bento do Tocantins,2020-05-20,4,0,0,0,0.2857142857142857,0.0,,0.6020599913279624
São Bento do Tocantins,2020-05-21,5,1,0,0,0.35714285714285715,0.0,,0.6989700043360189
São Bento do Tocantins,2020-05-22,7,2,0,0,0.5,0.0,,0.8450980400142568
São Bento do Tocantins,2020-05-23,7,0,0,0,0.5,0.0,,0.8450980400142568
São Bento do Tocantins,2020-05-24,6,-1,0,0,0.35714285714285715,0.0,,0.7781512503836436
São Bento do Tocantins,2020-05-25,6,0,0,0,0.35714285714285715,0.0,,0.7781512503836436
São Bento do Tocantins,2020-05-26,9,3,0,0,0.5714285714285714,0.0,,0.9542425094393249
São Bento do Tocantins,2020-05-27,9,0,0,0,0.5,0.0,,0.9542425094393249
São Bento do Tocantins,2020-05-28,9,0,0,0,0.5,0.0,,0.9542425094393249
São Bento do Tocantins,2020-05-29,9,0,0,0,0.42857142857142855,0.0,,0.9542425094393249
São Bento do Tocantins,2020-05-30,10,1,0,0,0.5,0.0,,1.0
São Bento do Tocantins,2020-05-31,10,0,0,0,0.5,0.0,,1.0
São Bento do Tocantins,2020-06-01,11,1,0,0,0.5714285714285714,0.0,,1.041392685158225
São Bento do Tocantins,2020-06-02,11,0,0,0,0.5,0.0,,1.041392685158225
São Bento do Tocantins,2020-06-03,11,0,0,0,0.5,0.0,,1.041392685158225
São Bento do Tocantins,2020-06-04,11,0,0,0,0.42857142857142855,0.0,,1.041392685158225
São Bento do Tocantins,2020-06-05,11,0,0,0,0.2857142857142857,0.0,,1.041392685158225
São Bento do Tocantins,2020-06-06,11,0,0,0,0.2857142857142857,0.0,,1.041392685158225
São Bento do Tocantins,2020-06-07,11,0,0,0,0.35714285714285715,0.0,,1.041392685158225
São Bento do Tocantins,2020-06-08,11,0,0,0,0.35714285714285715,0.0,,1.041392685158225
São Bento do Tocantins,2020-06-09,13,2,0,0,0.2857142857142857,0.0,,1.1139433523068367
São Bento do Tocantins,2020-06-10,13,0,0,0,0.2857142857142857,0.0,,1.1139433523068367
São Bento do Tocantins,2020-06-11,13,0,0,0,0.2857142857142857,0.0,,1.1139433523068367
São Bento do Tocantins,2020-06-12,16,3,0,0,0.5,0.0,,1.2041199826559248
São Bento do Tocantins,2020-06-13,17,1,0,0,0.5,0.0,,1.2304489213782739
São Bento do Tocantins,2020-06-14,17,0,0,0,0.5,0.0,,1.2304489213782739
São Bento do Tocantins,2020-06-15,17,0,0,0,0.42857142857142855,0.0,,1.2304489213782739
São Bento do Tocantins,2020-06-16,17,0,0,0,0.42857142857142855,0.0,,1.2304489213782739
São Bento do Tocantins,2020-06-17,17,0,0,0,0.42857142857142855,0.0,,1.2304489213782739
São Bento do Tocantins,2020-06-18,18,1,0,0,0.5,0.0,,1.255272505103306
São Bento do Tocantins,2020-06-19,18,0,0,0,0.5,0.0,,1.255272505103306
São Bento do Tocantins,2020-06-20,18,0,0,0,0.5,0.0,,1.255272505103306
São Bento do Tocantins,2020-06-21,18,0,0,0,0.5,0.0,,1.255272505103306
São Bento do Tocantins,2020-06-22,24,6,0,0,0.9285714285714286,0.0,,1.380211241711606
São Bento do Tocantins,2020-06-23,24,0,0,0,0.7857142857142857,0.0,,1.380211241711606
São Bento do Tocantins,2020-06-24,24,0,6,6,0.7857142857142857,0.42857142857142855,inf,1.380211241711606
São Bento do Tocantins,2020-06-25,24,0,0,-6,0.7857142857142857,0.0,,1.380211241711606
São Bento do Tocantins,2020-06-26,24,0,0,0,0.5714285714285714,0.0,,1.380211241711606
São Bento do Tocantins,2020-06-27,27,3,0,0,0.7142857142857143,0.0,,1.4313637641589874
São Bento do Tocantins,2020-06-28,26,-1,0,0,0.6428571428571429,0.0,,1.414973347970818
São Bento do Tocantins,2020-06-29,27,1,0,0,0.7142857142857143,0.0,,1.4313637641589874
São Bento do Tocantins,2020-06-30,27,0,0,0,0.7142857142857143,0.0,,1.4313637641589874
São Bento do Tocantins,2020-07-01,27,0,0,0,0.7142857142857143,0.0,,1.4313637641589874
São Bento do Tocantins,2020-07-02,27,0,0,0,0.6428571428571429,0.0,,1.4313637641589874
São Bento do Tocantins,2020-07-03,27,0,0,0,0.6428571428571429,0.0,,1.4313637641589874
São Bento do Tocantins,2020-07-04,27,0,0,0,0.6428571428571429,0.0,,1.4313637641589874
São Bento do Tocantins,2020-07-05,27,0,0,0,0.6428571428571429,0.0,,1.4313637641589874
São Bento do Tocantins,2020-07-06,28,1,0,0,0.2857142857142857,0.0,,1.4471580313422192
São Bento do Tocantins,2020-07-07,28,0,0,0,0.2857142857142857,0.0,,1.4471580313422192
São Bento do Tocantins,2020-07-08,28,0,0,0,0.2857142857142857,-0.42857142857142855,-2.0,1.4471580313422192
São Bento do Tocantins,2020-07-09,28,0,0,0,0.2857142857142857,0.0,,1.4471580313422192
São Bento do Tocantins,2020-07-10,28,0,0,0,0.2857142857142857,0.0,,1.4471580313422192
São Bento do Tocantins,2020-07-11,29,1,0,0,0.14285714285714285,0.0,,1.462397997898956
São Bento do Tocantins,2020-07-12,28,-1,0,0,0.14285714285714285,0.0,,1.4471580313422192
São Bento do Tocantins,2020-07-13,30,2,0,0,0.21428571428571427,0.0,,1.4771212547196624
São Bento do Tocantins,2020-07-14,30,0,0,0,0.21428571428571427,0.0,,1.4771212547196624
São Bento do Tocantins,2020-07-15,31,1,0,0,0.2857142857142857,0.0,,1.4913616938342726
São Bento do Tocantins,2020-07-16,31,0,0,0,0.2857142857142857,0.0,,1.4913616938342726
São Bento do Tocantins,2020-07-17,32,1,0,0,0.35714285714285715,0.0,,1.505149978319906
São Bento do Tocantins,2020-07-18,32,0,0,0,0.35714285714285715,0.0,,1.505149978319906
São Bento do Tocantins,2020-07-19,32,0,0,0,0.35714285714285715,0.0,,1.505149978319906
São Bento do Tocantins,2020-07-20,32,0,0,0,0.2857142857142857,0.0,,1.505149978319906
São Bento do Tocantins,2020-07-21,33,1,0,0,0.35714285714285715,0.0,,1.5185139398778875
São Bento do Tocantins,2020-07-22,34,1,0,0,0.42857142857142855,0.0,-1.0,1.5314789170422551
São Bento do Tocantins,2020-07-23,35,1,0,0,0.5,0.0,,1.5440680443502757
São Bento do Tocantins,2020-07-24,37,2,1,1,0.6428571428571429,0.07142857142857142,inf,1.568201724066995
São Bento do Tocantins,2020-07-25,44,7,1,0,1.0714285714285714,0.07142857142857142,inf,1.6434526764861874
São Bento do Tocantins,2020-07-26,48,4,1,0,1.4285714285714286,0.07142857142857142,inf,1.6812412373755872
São Bento do Tocantins,2020-07-27,48,0,1,0,1.2857142857142858,0.07142857142857142,inf,1.6812412373755872
São Bento do Tocantins,2020-07-28,58,10,1,0,2.0,0.07142857142857142,inf,1.7634279935629373
São Bento do Tocantins,2020-07-29,58,0,1,0,1.9285714285714286,0.07142857142857142,inf,1.7634279935629373
São Bento do Tocantins,2020-07-30,59,1,1,0,2.0,0.07142857142857142,inf,1.7708520116421442
São Bento do Tocantins,2020-07-31,60,1,1,0,2.0,0.07142857142857142,inf,1.7781512503836436
São Bento do Tocantins,2020-08-01,60,0,1,0,2.0,0.07142857142857142,inf,1.7781512503836436
São Bento do Tocantins,2020-08-02,66,6,1,0,2.4285714285714284,0.07142857142857142,inf,1.8195439355418688
São Bento do Tocantins,2020-08-03,67,1,1,0,2.5,0.07142857142857142,inf,1.8260748027008264
São Bento do Tocantins,2020-08-04,70,3,1,0,2.642857142857143,0.07142857142857142,inf,1.845098040014257
São Bento do Tocantins,2020-08-05,71,1,1,0,2.642857142857143,0.07142857142857142,inf,1.8512583487190752
São Bento do Tocantins,2020-08-06,77,6,1,0,3.0,0.07142857142857142,inf,1.8864907251724818
São Bento do Tocantins,2020-08-07,77,0,1,0,2.857142857142857,0.0,-1.0,1.8864907251724818
São Bento do Tocantins,2020-08-08,78,1,1,0,2.4285714285714284,0.0,-1.0,1.8920946026904804
São Bento do Tocantins,2020-08-09,79,1,1,0,2.2142857142857144,0.0,-1.0,1.8976270912904414
São Bento do Tocantins,2020-08-10,86,7,1,0,2.7142857142857144,0.0,-1.0,1.9344984512435677
São Bento do Tocantins,2020-08-11,89,3,1,0,2.2142857142857144,0.0,-1.0,1.9493900066449128
São Bento do Tocantins,2020-08-12,91,2,1,0,2.357142857142857,0.0,-1.0,1.9590413923210936
São Bento do Tocantins,2020-08-13,93,2,1,0,2.4285714285714284,0.0,-1.0,1.968482948553935
São Bento do Tocantins,2020-08-14,103,10,1,0,3.0714285714285716,0.0,-1.0,2.012837224705172
São Bento do Tocantins,2020-08-15,110,7,1,0,3.5714285714285716,0.0,-1.0,2.041392685158225
São Bento do Tocantins,2020-08-16,118,8,1,0,3.7142857142857144,0.0,-1.0,2.0718820073061255
São Bento do Tocantins,2020-08-17,118,0,1,0,3.642857142857143,0.0,-1.0,2.0718820073061255
São Bento do Tocantins,2020-08-18,120,2,1,0,3.5714285714285716,0.0,-1.0,2.0791812460476247
São Bento do Tocantins,2020-08-19,121,1,1,0,3.5714285714285716,0.0,-1.0,2.08278537031645
São Bento do Tocantins,2020-08-20,123,2,1,0,3.2857142857142856,0.0,-1.0,2.089905111439398
São Bento do Tocantins,2020-08-21,133,10,1,0,4.0,0.0,,2.123851640967086
São Bento do Tocantins,2020-08-22,139,6,1,0,4.357142857142857,0.0,,2.143014800254095
São Bento do Tocantins,2020-08-23,148,9,2,1,4.928571428571429,0.07142857142857142,inf,2.1702617153949575
São Bento do Tocantins,2020-08-24,148,0,2,0,4.428571428571429,0.07142857142857142,inf,2.1702617153949575
São Bento do Tocantins,2020-08-25,162,14,2,0,5.214285714285714,0.07142857142857142,inf,2.2095150145426308
São Bento do Tocantins,2020-08-26,175,13,2,0,6.0,0.07142857142857142,inf,2.2430380486862944
São Bento do Tocantins,2020-08-27,190,15,2,0,6.928571428571429,0.07142857142857142,inf,2.278753600952829
São Bento do Tocantins,2020-08-28,194,4,2,0,6.5,0.07142857142857142,inf,2.287801729930226
São Bento do Tocantins,2020-08-29,210,16,2,0,7.142857142857143,0.07142857142857142,inf,2.322219294733919
São Bento do Tocantins,2020-08-30,210,0,2,0,6.571428571428571,0.07142857142857142,inf,2.322219294733919
São Bento do Tocantins,2020-08-31,210,0,2,0,6.571428571428571,0.07142857142857142,inf,2.322219294733919
São Bento do Tocantins,2020-09-01,216,6,2,0,6.857142857142857,0.07142857142857142,inf,2.3344537511509307
São Bento do Tocantins,2020-09-02,222,6,2,0,7.214285714285714,0.07142857142857142,inf,2.346352974450639
São Bento do Tocantins,2020-09-03,234,12,2,0,7.928571428571429,0.07142857142857142,inf,2.369215857410143
São Bento do Tocantins,2020-09-04,242,8,2,0,7.785714285714286,0.07142857142857142,inf,2.383815365980431
São Bento do Tocantins,2020-09-05,252,10,2,0,8.071428571428571,0.07142857142857142,inf,2.401400540781544
São Bento do Tocantins,2020-09-06,253,1,2,0,7.5,0.0,-1.0,2.403120521175818
São Bento do Tocantins,2020-09-07,254,1,2,0,7.571428571428571,0.0,-1.0,2.404833716619938
São Bento do Tocantins,2020-09-08,255,1,2,0,6.642857142857143,0.0,-1.0,2.406540180433955
São Bento do Tocantins,2020-09-09,255,0,2,0,5.714285714285714,0.0,-1.0,2.406540180433955
São Bento do Tocantins,2020-09-10,268,13,2,0,5.571428571428571,0.0,-1.0,2.428134794028789
São Bento do Tocantins,2020-09-11,283,15,2,0,6.357142857142857,0.0,-1.0,2.45178643552429
São Bento do Tocantins,2020-09-12,294,11,2,0,6.0,0.0,-1.0,2.4683473304121573
São Bento do Tocantins,2020-09-13,296,2,2,0,6.142857142857143,0.0,-1.0,2.4712917110589387
São Bento do Tocantins,2020-09-14,296,0,2,0,6.142857142857143,0.0,-1.0,2.4712917110589387
São Bento do Tocantins,2020-09-15,304,8,2,0,6.285714285714286,0.0,-1.0,2.482873583608754
São Bento do Tocantins,2020-09-16,307,3,2,0,6.071428571428571,0.0,-1.0,2.4871383754771865
São Bento do Tocantins,2020-09-17,313,6,2,0,5.642857142857143,0.0,-1.0,2.4955443375464483
São Bento do Tocantins,2020-09-18,316,3,2,0,5.285714285714286,0.0,-1.0,2.499687082618404
São Bento do Tocantins,2020-09-19,321,5,2,0,4.928571428571429,0.0,-1.0,2.506505032404872
São Bento do Tocantins,2020-09-20,322,1,2,0,4.928571428571429,0.0,,2.507855871695831
São Bento do Tocantins,2020-09-21,323,1,2,0,4.928571428571429,0.0,,2.509202522331103
São Bento do Tocantins,2020-09-22,327,4,2,0,5.142857142857143,0.0,,2.514547752660286
São Bento do Tocantins,2020-09-23,337,10,2,0,5.857142857142857,0.0,,2.5276299008713385
São Bento do Tocantins,2020-09-24,337,0,2,0,4.928571428571429,0.0,,2.5276299008713385
São Bento do Tocantins,2020-09-25,344,7,2,0,4.357142857142857,0.0,,2.53655844257153
São Bento do Tocantins,2020-09-26,344,0,2,0,3.5714285714285716,0.0,,2.53655844257153
São Bento do Tocantins,2020-09-27,346,2,2,0,3.5714285714285716,0.0,,2.5390760987927767
São Bento do Tocantins,2020-09-28,346,0,2,0,3.5714285714285716,0.0,,2.5390760987927767
São Bento do Tocantins,2020-09-29,346,0,2,0,3.0,0.0,,2.5390760987927767
São Bento do Tocantins,2020-09-30,349,3,2,0,3.0,0.0,,2.5428254269591797
São Bento do Tocantins,2020-10-01,349,0,2,0,2.5714285714285716,0.0,,2.5428254269591797
São Bento do Tocantins,2020-10-02,349,0,2,0,2.357142857142857,0.0,,2.5428254269591797
São Bento do Tocantins,2020-10-03,349,0,2,0,2.0,0.0,,2.5428254269591797
São Bento do Tocantins,2020-10-04,349,0,2,0,1.9285714285714286,0.0,,2.5428254269591797
São Bento do Tocantins,2020-10-05,349,0,2,0,1.8571428571428572,0.0,,2.5428254269591797
São Bento do Tocantins,2020-10-06,350,1,2,0,1.6428571428571428,0.0,,2.5440680443502757
São Bento do Tocantins,2020-10-07,352,2,2,0,1.0714285714285714,0.0,,2.546542663478131
São Bento do Tocantins,2020-10-08,354,2,2,0,1.2142857142857142,0.0,,2.5490032620257876
São Bento do Tocantins,2020-10-09,356,2,2,0,0.8571428571428571,0.0,,2.5514499979728753
São Bento do Tocantins,2020-10-10,356,0,2,0,0.8571428571428571,0.0,,2.5514499979728753
São Bento do Tocantins,2020-10-11,357,1,2,0,0.7857142857142857,0.0,,2.552668216112193
São Bento do Tocantins,2020-10-12,357,0,2,0,0.7857142857142857,0.0,,2.552668216112193
São Bento do Tocantins,2020-10-13,357,0,2,0,0.7857142857142857,0.0,,2.552668216112193
São Bento do Tocantins,2020-10-14,357,0,2,0,0.5714285714285714,0.0,,2.552668216112193
São Bento do Tocantins,2020-10-15,357,0,3,1,0.5714285714285714,0.07142857142857142,inf,2.552668216112193
São Bento do Tocantins,2020-10-16,357,0,3,0,0.5714285714285714,0.07142857142857142,inf,2.552668216112193
São Bento do Tocantins,2020-10-17,357,0,3,0,0.5714285714285714,0.07142857142857142,inf,2.552668216112193
São Bento do Tocantins,2020-10-18,357,0,3,0,0.5714285714285714,0.07142857142857142,inf,2.552668216112193
São Bento do Tocantins,2020-10-19,357,0,3,0,0.5714285714285714,0.07142857142857142,inf,2.552668216112193
São Bento do Tocantins,2020-10-20,358,1,3,0,0.5714285714285714,0.07142857142857142,inf,2.5538830266438746
São Bento do Tocantins,2020-10-21,358,0,3,0,0.42857142857142855,0.07142857142857142,inf,2.5538830266438746
São Bento do Tocantins,2020-10-22,358,0,3,0,0.2857142857142857,0.07142857142857142,inf,2.5538830266438746
São Bento do Tocantins,2020-10-23,359,1,3,0,0.21428571428571427,0.07142857142857142,inf,2.5550944485783194
São Bento do Tocantins,2020-10-24,360,1,3,0,0.2857142857142857,0.07142857142857142,inf,2.5563025007672873
São Bento do Tocantins,2020-10-25,360,0,3,0,0.21428571428571427,0.07142857142857142,inf,2.5563025007672873
São Bento do Tocantins,2020-10-26,360,0,3,0,0.21428571428571427,0.07142857142857142,inf,2.5563025007672873
São Bento do Tocantins,2020-10-27,363,3,3,0,0.42857142857142855,0.07142857142857142,inf,2.5599066250361124
São Bento do Tocantins,2020-10-28,363,0,3,0,0.42857142857142855,0.07142857142857142,inf,2.5599066250361124
São Bento do Tocantins,2020-10-29,363,0,3,0,0.42857142857142855,0.0,-1.0,2.5599066250361124
São Bento do Tocantins,2020-10-30,364,1,3,0,0.5,0.0,-1.0,2.561101383649056
São Bento do Tocantins,2020-10-31,364,0,3,0,0.5,0.0,-1.0,2.561101383649056
São Bento do Tocantins,2020-11-01,364,0,3,0,0.5,0.0,-1.0,2.561101383649056
São Bento do Tocantins,2020-11-02,364,0,3,0,0.5,0.0,-1.0,2.561101383649056
São Bento do Tocantins,2020-11-03,364,0,3,0,0.42857142857142855,0.0,-1.0,2.561101383649056
São Bento do Tocantins,2020-11-04,364,0,3,0,0.42857142857142855,0.0,-1.0,2.561101383649056
São Bento do Tocantins,2020-11-05,364,0,3,0,0.42857142857142855,0.0,-1.0,2.561101383649056
São Bento do Tocantins,2020-11-06,371,7,3,0,0.8571428571428571,0.0,-1.0,2.569373909615046
São Bento do Tocantins,2020-11-07,371,0,3,0,0.7857142857142857,0.0,-1.0,2.569373909615046
São Bento do Tocantins,2020-11-08,371,0,3,0,0.7857142857142857,0.0,-1.0,2.569373909615046
São Bento do Tocantins,2020-11-09,371,0,3,0,0.7857142857142857,0.0,-1.0,2.569373909615046
São Bento do Tocantins,2020-11-10,371,0,3,0,0.5714285714285714,0.0,-1.0,2.569373909615046
São Bento do Tocantins,2020-11-11,371,0,3,0,0.5714285714285714,0.0,-1.0,2.569373909615046
São Bento do Tocantins,2020-11-12,371,0,3,0,0.5714285714285714,0.0,,2.569373909615046
São Bento do Tocantins,2020-11-13,372,1,3,0,0.5714285714285714,0.0,,2.5705429398818973
São Bento do Tocantins,2020-11-14,373,1,3,0,0.6428571428571429,0.0,,2.571708831808688
São Bento do Tocantins,2020-11-15,373,0,3,0,0.6428571428571429,0.0,,2.571708831808688
São Bento do Tocantins,2020-11-16,374,1,3,0,0.7142857142857143,0.0,,2.5728716022004803
São Bento do Tocantins,2020-11-17,376,2,3,0,0.8571428571428571,0.0,,2.575187844927661
São Bento do Tocantins,2020-11-18,382,6,3,0,1.2857142857142858,0.0,,2.582063362911709
São Bento do Tocantins,2020-11-19,385,3,3,0,1.5,0.0,,2.5854607295085006
São Bento do Tocantins,2020-11-20,389,4,3,0,1.2857142857142858,0.0,,2.5899496013257077
São Bento do Tocantins,2020-11-21,399,10,3,0,2.0,0.0,,2.6009728956867484
São Bento do Tocantins,2020-11-22,400,1,3,0,2.0714285714285716,0.0,,2.6020599913279625
São Bento do Tocantins,2020-11-23,400,0,3,0,2.0714285714285716,0.0,,2.6020599913279625
São Bento do Tocantins,2020-11-24,414,14,3,0,3.0714285714285716,0.0,,2.617000341120899
São Bento do Tocantins,2020-11-25,418,4,3,0,3.357142857142857,0.0,,2.621176281775035
São Bento do Tocantins,2020-11-26,435,17,3,0,4.571428571428571,0.0,,2.6384892569546374
São Bento do Tocantins,2020-11-27,439,4,3,0,4.785714285714286,0.0,,2.6424645202421213
São Bento do Tocantins,2020-11-28,484,45,3,0,7.928571428571429,0.0,,2.6848453616444123
São Bento do Tocantins,2020-11-29,494,10,3,0,8.642857142857142,0.0,,2.693726948923647
São Bento do Tocantins,2020-11-30,534,40,3,0,11.428571428571429,0.0,,2.727541257028556
São Bento do Tocantins,2020-12-01,540,6,3,0,11.714285714285714,0.0,,2.7323937598229686
São Bento do Tocantins,2020-12-02,541,1,4,1,11.357142857142858,0.07142857142857142,inf,2.7331972651065692
São Bento do Tocantins,2020-12-03,541,0,4,0,11.142857142857142,0.07142857142857142,inf,2.7331972651065692
São Bento do Tocantins,2020-12-04,542,1,4,0,10.928571428571429,0.07142857142857142,inf,2.733999286538387
São Bento do Tocantins,2020-12-05,557,15,4,0,11.285714285714286,0.07142857142857142,inf,2.745855195173729
São Bento do Tocantins,2020-12-06,559,2,4,0,11.357142857142858,0.07142857142857142,inf,2.747411807886423
São Bento do Tocantins,2020-12-07,559,0,4,0,11.357142857142858,0.07142857142857142,inf,2.747411807886423
São Bento do Tocantins,2020-12-08,584,25,4,0,12.142857142857142,0.07142857142857142,inf,2.7664128471123997
São Bento do Tocantins,2020-12-09,588,4,4,0,12.142857142857142,0.07142857142857142,inf,2.7693773260761385
São Bento do Tocantins,2020-12-10,588,0,4,0,10.928571428571429,0.07142857142857142,inf,2.7693773260761385
São Bento do Tocantins,2020-12-11,589,1,4,0,10.714285714285714,0.07142857142857142,inf,2.7701152947871015
São Bento do Tocantins,2020-12-12,590,1,4,0,7.571428571428571,0.07142857142857142,inf,2.7708520116421442
São Bento do Tocantins,2020-12-13,590,0,4,0,6.857142857142857,0.07142857142857142,inf,2.7708520116421442
São Bento do Tocantins,2020-12-14,590,0,4,0,4.0,0.07142857142857142,inf,2.7708520116421442
São Bento do Tocantins,2020-12-15,590,0,4,0,3.5714285714285716,0.07142857142857142,inf,2.7708520116421442
São Bento do Tocantins,2020-12-16,600,10,4,0,4.214285714285714,0.0,-1.0,2.7781512503836434
São Bento do Tocantins,2020-12-17,607,7,4,0,4.714285714285714,0.0,-1.0,2.7831886910752575
São Bento do Tocantins,2020-12-18,618,11,4,0,5.428571428571429,0.0,-1.0,2.790988475088816
São Bento do Tocantins,2020-12-19,618,0,4,0,4.357142857142857,0.0,-1.0,2.790988475088816
São Bento do Tocantins,2020-12-20,621,3,5,1,4.428571428571429,0.07142857142857142,0.0,2.79309160017658
São Bento do Tocantins,2020-12-21,628,7,5,0,4.928571428571429,0.07142857142857142,0.0,2.797959643737196
São Bento do Tocantins,2020-12-22,627,-1,5,0,3.0714285714285716,0.07142857142857142,0.0,2.7972675408307164
São Bento do Tocantins,2020-12-23,627,0,5,0,2.7857142857142856,0.07142857142857142,0.0,2.7972675408307164
São Bento do Tocantins,2020-12-24,639,12,5,0,3.642857142857143,0.07142857142857142,0.0,2.8055008581584002
São Bento do Tocantins,2020-12-25,641,2,5,0,3.7142857142857144,0.07142857142857142,0.0,2.8068580295188172
São Bento do Tocantins,2020-12-26,641,0,5,0,3.642857142857143,0.07142857142857142,0.0,2.8068580295188172
São Bento do Tocantins,2020-12-27,641,0,5,0,3.642857142857143,0.07142857142857142,0.0,2.8068580295188172
São Bento do Tocantins,2020-12-28,641,0,5,0,3.642857142857143,0.07142857142857142,0.0,2.8068580295188172
São Bento do Tocantins,2020-12-29,641,0,5,0,3.642857142857143,0.07142857142857142,0.0,2.8068580295188172
São Bento do Tocantins,2020-12-30,641,0,5,0,2.9285714285714284,0.07142857142857142,inf,2.8068580295188172
São Bento do Tocantins,2020-12-31,641,0,5,0,2.4285714285714284,0.07142857142857142,inf,2.8068580295188172
São Bento do Tocantins,2021-01-01,641,0,5,0,1.6428571428571428,0.07142857142857142,inf,2.8068580295188172
São Bento do Tocantins,2021-01-02,641,0,5,0,1.6428571428571428,0.07142857142857142,inf,2.8068580295188172
São Bento do Tocantins,2021-01-03,643,2,5,0,1.5714285714285714,0.0,-1.0,2.808210972924222
São Bento do Tocantins,2021-01-04,643,0,5,0,1.0714285714285714,0.0,-1.0,2.808210972924222
São Bento do Tocantins,2021-01-05,643,0,5,0,1.1428571428571428,0.0,-1.0,2.808210972924222
São Bento do Tocantins,2021-01-06,643,0,5,0,1.1428571428571428,0.0,-1.0,2.808210972924222
São Bento do Tocantins,2021-01-07,643,0,5,0,0.2857142857142857,0.0,-1.0,2.808210972924222
São Bento do Tocantins,2021-01-08,643,0,5,0,0.14285714285714285,0.0,-1.0,2.808210972924222
São Bento do Tocantins,2021-01-09,643,0,5,0,0.14285714285714285,0.0,-1.0,2.808210972924222
São Bento do Tocantins,2021-01-10,643,0,5,0,0.14285714285714285,0.0,-1.0,2.808210972924222
São Bento do Tocantins,2021-01-11,643,0,5,0,0.14285714285714285,0.0,-1.0,2.808210972924222
São Bento do Tocantins,2021-01-12,644,1,6,1,0.21428571428571427,0.07142857142857142,0.0,2.808885867359812
São Bento do Tocantins,2021-01-13,644,0,6,0,0.21428571428571427,0.07142857142857142,0.0,2.808885867359812
São Bento do Tocantins,2021-01-14,644,0,7,1,0.21428571428571427,0.14285714285714285,1.0,2.808885867359812
São Bento do Tocantins,2021-01-15,644,0,7,0,0.21428571428571427,0.14285714285714285,1.0,2.808885867359812
São Bento do Tocantins,2021-01-16,644,0,7,0,0.21428571428571427,0.14285714285714285,1.0,2.808885867359812
São Bento do Tocantins,2021-01-17,644,0,7,0,0.07142857142857142,0.14285714285714285,inf,2.808885867359812
São Bento do Tocantins,2021-01-18,650,6,7,0,0.5,0.14285714285714285,inf,2.8129133566428557
São Bento do Tocantins,2021-01-19,650,0,7,0,0.5,0.14285714285714285,inf,2.8129133566428557
São Bento do Tocantins,2021-01-20,650,0,7,0,0.5,0.14285714285714285,inf,2.8129133566428557
São Félix do Tocantins,2020-03-27,0,0,0,0,,,,0.0
São Félix do Tocantins,2020-03-28,0,0,0,0,,,,0.0
São Félix do Tocantins,2020-03-29,0,0,0,0,,,,0.0
São Félix do Tocantins,2020-03-30,0,0,0,0,,,,0.0
São Félix do Tocantins,2020-03-31,0,0,0,0,,,,0.0
São Félix do Tocantins,2020-04-01,0,0,0,0,,,,0.0
São Félix do Tocantins,2020-04-02,0,0,0,0,,,,0.0
São Félix do Tocantins,2020-04-03,0,0,0,0,,,,0.0
São Félix do Tocantins,2020-04-04,0,0,0,0,,,,0.0
São Félix do Tocantins,2020-04-05,0,0,0,0,,,,0.0
São Félix do Tocantins,2020-04-06,0,0,0,0,,,,0.0
São Félix do Tocantins,2020-04-07,0,0,0,0,,,,0.0
São Félix do Tocantins,2020-04-08,0,0,0,0,,,,0.0
São Félix do Tocantins,2020-04-09,0,0,0,0,0.0,0.0,,0.0
São Félix do Tocantins,2020-04-10,0,0,0,0,0.0,0.0,,0.0
São Félix do Tocantins,2020-04-11,0,0,0,0,0.0,0.0,,0.0
São Félix do Tocantins,2020-04-12,0,0,0,0,0.0,0.0,,0.0
São Félix do Tocantins,2020-04-13,0,0,0,0,0.0,0.0,,0.0
São Félix do Tocantins,2020-04-14,0,0,0,0,0.0,0.0,,0.0
São Félix do Tocantins,2020-04-15,0,0,0,0,0.0,0.0,,0.0
São Félix do Tocantins,2020-04-16,0,0,0,0,0.0,0.0,,0.0
São Félix do Tocantins,2020-04-17,0,0,0,0,0.0,0.0,,0.0
São Félix do Tocantins,2020-04-18,0,0,0,0,0.0,0.0,,0.0
São Félix do Tocantins,2020-04-19,0,0,0,0,0.0,0.0,,0.0
São Félix do Tocantins,2020-04-20,0,0,0,0,0.0,0.0,,0.0
São Félix do Tocantins,2020-04-21,0,0,0,0,0.0,0.0,,0.0
São Félix do Tocantins,2020-04-22,0,0,0,0,0.0,0.0,,0.0
São Félix do Tocantins,2020-04-23,0,0,0,0,0.0,0.0,,0.0
São Félix do Tocantins,2020-04-24,0,0,0,0,0.0,0.0,,0.0
São Félix do Tocantins,2020-04-25,0,0,0,0,0.0,0.0,,0.0
São Félix do Tocantins,2020-04-26,0,0,0,0,0.0,0.0,,0.0
São Félix do Tocantins,2020-04-27,0,0,0,0,0.0,0.0,,0.0
São Félix do Tocantins,2020-04-28,0,0,0,0,0.0,0.0,,0.0
São Félix do Tocantins,2020-04-29,0,0,0,0,0.0,0.0,,0.0
São Félix do Tocantins,2020-04-30,0,0,0,0,0.0,0.0,,0.0
São Félix do Tocantins,2020-05-01,0,0,0,0,0.0,0.0,,0.0
São Félix do Tocantins,2020-05-02,0,0,0,0,0.0,0.0,,0.0
São Félix do Tocantins,2020-05-03,0,0,0,0,0.0,0.0,,0.0
São Félix do Tocantins,2020-05-04,0,0,0,0,0.0,0.0,,0.0
São Félix do Tocantins,2020-05-05,0,0,0,0,0.0,0.0,,0.0
São Félix do Tocantins,2020-05-06,0,0,0,0,0.0,0.0,,0.0
São Félix do Tocantins,2020-05-07,0,0,0,0,0.0,0.0,,0.0
São Félix do Tocantins,2020-05-08,0,0,0,0,0.0,0.0,,0.0
São Félix do Tocantins,2020-05-09,0,0,0,0,0.0,0.0,,0.0
São Félix do Tocantins,2020-05-10,0,0,0,0,0.0,0.0,,0.0
São Félix do Tocantins,2020-05-11,0,0,0,0,0.0,0.0,,0.0
São Félix do Tocantins,2020-05-12,0,0,0,0,0.0,0.0,,0.0
São Félix do Tocantins,2020-05-13,0,0,0,0,0.0,0.0,,0.0
São Félix do Tocantins,2020-05-14,0,0,0,0,0.0,0.0,,0.0
São Félix do Tocantins,2020-05-15,0,0,0,0,0.0,0.0,,0.0
São Félix do Tocantins,2020-05-16,0,0,0,0,0.0,0.0,,0.0
São Félix do Tocantins,2020-05-17,0,0,0,0,0.0,0.0,,0.0
São Félix do Tocantins,2020-05-18,0,0,0,0,0.0,0.0,,0.0
São Félix do Tocantins,2020-05-19,0,0,0,0,0.0,0.0,,0.0
São Félix do Tocantins,2020-05-20,0,0,0,0,0.0,0.0,,0.0
São Félix do Tocantins,2020-05-21,0,0,0,0,0.0,0.0,,0.0
São Félix do Tocantins,2020-05-22,0,0,0,0,0.0,0.0,,0.0
São Félix do Tocantins,2020-05-23,0,0,0,0,0.0,0.0,,0.0
São Félix do Tocantins,2020-05-24,0,0,0,0,0.0,0.0,,0.0
São Félix do Tocantins,2020-05-25,0,0,0,0,0.0,0.0,,0.0
São Félix do Tocantins,2020-05-26,0,0,0,0,0.0,0.0,,0.0
São Félix do Tocantins,2020-05-27,0,0,0,0,0.0,0.0,,0.0
São Félix do Tocantins,2020-05-28,0,0,0,0,0.0,0.0,,0.0
São Félix do Tocantins,2020-05-29,0,0,0,0,0.0,0.0,,0.0
São Félix do Tocantins,2020-05-30,0,0,0,0,0.0,0.0,,0.0
São Félix do Tocantins,2020-05-31,0,0,0,0,0.0,0.0,,0.0
São Félix do Tocantins,2020-06-01,0,0,0,0,0.0,0.0,,0.0
São Félix do Tocantins,2020-06-02,0,0,0,0,0.0,0.0,,0.0
São Félix do Tocantins,2020-06-03,0,0,0,0,0.0,0.0,,0.0
São Félix do Tocantins,2020-06-04,0,0,0,0,0.0,0.0,,0.0
São Félix do Tocantins,2020-06-05,0,0,0,0,0.0,0.0,,0.0
São Félix do Tocantins,2020-06-06,0,0,0,0,0.0,0.0,,0.0
São Félix do Tocantins,2020-06-07,0,0,0,0,0.0,0.0,,0.0
São Félix do Tocantins,2020-06-08,0,0,0,0,0.0,0.0,,0.0
São Félix do Tocantins,2020-06-09,0,0,0,0,0.0,0.0,,0.0
São Félix do Tocantins,2020-06-10,0,0,0,0,0.0,0.0,,0.0
São Félix do Tocantins,2020-06-11,0,0,0,0,0.0,0.0,,0.0
São Félix do Tocantins,2020-06-12,0,0,0,0,0.0,0.0,,0.0
São Félix do Tocantins,2020-06-13,0,0,0,0,0.0,0.0,,0.0
São Félix do Tocantins,2020-06-14,0,0,0,0,0.0,0.0,,0.0
São Félix do Tocantins,2020-06-15,0,0,0,0,0.0,0.0,,0.0
São Félix do Tocantins,2020-06-16,0,0,0,0,0.0,0.0,,0.0
São Félix do Tocantins,2020-06-17,0,0,0,0,0.0,0.0,,0.0
São Félix do Tocantins,2020-06-18,0,0,0,0,0.0,0.0,,0.0
São Félix do Tocantins,2020-06-19,0,0,0,0,0.0,0.0,,0.0
São Félix do Tocantins,2020-06-20,0,0,0,0,0.0,0.0,,0.0
São Félix do Tocantins,2020-06-21,0,0,0,0,0.0,0.0,,0.0
São Félix do Tocantins,2020-06-22,0,0,0,0,0.0,0.0,,0.0
São Félix do Tocantins,2020-06-23,0,0,0,0,0.0,0.0,,0.0
São Félix do Tocantins,2020-06-24,0,0,0,0,0.0,0.0,,0.0
São Félix do Tocantins,2020-06-25,0,0,0,0,0.0,0.0,,0.0
São Félix do Tocantins,2020-06-26,0,0,0,0,0.0,0.0,,0.0
São Félix do Tocantins,2020-06-27,0,0,0,0,0.0,0.0,,0.0
São Félix do Tocantins,2020-06-28,0,0,0,0,0.0,0.0,,0.0
São Félix do Tocantins,2020-06-29,0,0,0,0,0.0,0.0,,0.0
São Félix do Tocantins,2020-06-30,0,0,0,0,0.0,0.0,,0.0
São Félix do Tocantins,2020-07-01,0,0,0,0,0.0,0.0,,0.0
São Félix do Tocantins,2020-07-02,0,0,0,0,0.0,0.0,,0.0
São Félix do Tocantins,2020-07-03,0,0,0,0,0.0,0.0,,0.0
São Félix do Tocantins,2020-07-04,0,0,0,0,0.0,0.0,,0.0
São Félix do Tocantins,2020-07-05,0,0,0,0,0.0,0.0,,0.0
São Félix do Tocantins,2020-07-06,0,0,0,0,0.0,0.0,,0.0
São Félix do Tocantins,2020-07-07,0,0,0,0,0.0,0.0,,0.0
São Félix do Tocantins,2020-07-08,0,0,0,0,0.0,0.0,,0.0
São Félix do Tocantins,2020-07-09,0,0,0,0,0.0,0.0,,0.0
São Félix do Tocantins,2020-07-10,0,0,0,0,0.0,0.0,,0.0
São Félix do Tocantins,2020-07-11,0,0,0,0,0.0,0.0,,0.0
São Félix do Tocantins,2020-07-12,0,0,0,0,0.0,0.0,,0.0
São Félix do Tocantins,2020-07-13,0,0,0,0,0.0,0.0,,0.0
São Félix do Tocantins,2020-07-14,0,0,0,0,0.0,0.0,,0.0
São Félix do Tocantins,2020-07-15,0,0,0,0,0.0,0.0,,0.0
São Félix do Tocantins,2020-07-16,0,0,0,0,0.0,0.0,,0.0
São Félix do Tocantins,2020-07-17,0,0,0,0,0.0,0.0,,0.0
São Félix do Tocantins,2020-07-18,0,0,0,0,0.0,0.0,,0.0
São Félix do Tocantins,2020-07-19,0,0,0,0,0.0,0.0,,0.0
São Félix do Tocantins,2020-07-20,0,0,0,0,0.0,0.0,,0.0
São Félix do Tocantins,2020-07-21,0,0,0,0,0.0,0.0,,0.0
São Félix do Tocantins,2020-07-22,0,0,0,0,0.0,0.0,,0.0
São Félix do Tocantins,2020-07-23,0,0,0,0,0.0,0.0,,0.0
São Félix do Tocantins,2020-07-24,0,0,0,0,0.0,0.0,,0.0
São Félix do Tocantins,2020-07-25,1,1,0,0,0.07142857142857142,0.0,,0.0
São Félix do Tocantins,2020-07-26,1,0,0,0,0.07142857142857142,0.0,,0.0
São Félix do Tocantins,2020-07-27,1,0,0,0,0.07142857142857142,0.0,,0.0
São Félix do Tocantins,2020-07-28,1,0,0,0,0.07142857142857142,0.0,,0.0
São Félix do Tocantins,2020-07-29,1,0,0,0,0.07142857142857142,0.0,,0.0
São Félix do Tocantins,2020-07-30,1,0,0,0,0.07142857142857142,0.0,,0.0
São Félix do Tocantins,2020-07-31,1,0,0,0,0.07142857142857142,0.0,,0.0
São Félix do Tocantins,2020-08-01,1,0,0,0,0.07142857142857142,0.0,,0.0
São Félix do Tocantins,2020-08-02,1,0,0,0,0.07142857142857142,0.0,,0.0
São Félix do Tocantins,2020-08-03,1,0,0,0,0.07142857142857142,0.0,,0.0
São Félix do Tocantins,2020-08-04,3,2,0,0,0.21428571428571427,0.0,,0.47712125471966244
São Félix do Tocantins,2020-08-05,5,2,0,0,0.35714285714285715,0.0,,0.6989700043360189
São Félix do Tocantins,2020-08-06,5,0,0,0,0.35714285714285715,0.0,,0.6989700043360189
São Félix do Tocantins,2020-08-07,5,0,0,0,0.35714285714285715,0.0,,0.6989700043360189
São Félix do Tocantins,2020-08-08,5,0,0,0,0.2857142857142857,0.0,,0.6989700043360189
São Félix do Tocantins,2020-08-09,5,0,0,0,0.2857142857142857,0.0,,0.6989700043360189
São Félix do Tocantins,2020-08-10,5,0,0,0,0.2857142857142857,0.0,,0.6989700043360189
São Félix do Tocantins,2020-08-11,5,0,0,0,0.2857142857142857,0.0,,0.6989700043360189
São Félix do Tocantins,2020-08-12,5,0,0,0,0.2857142857142857,0.0,,0.6989700043360189
São Félix do Tocantins,2020-08-13,5,0,0,0,0.2857142857142857,0.0,,0.6989700043360189
São Félix do Tocantins,2020-08-14,5,0,0,0,0.2857142857142857,0.0,,0.6989700043360189
São Félix do Tocantins,2020-08-15,6,1,0,0,0.35714285714285715,0.0,,0.7781512503836436
São Félix do Tocantins,2020-08-16,6,0,0,0,0.35714285714285715,0.0,,0.7781512503836436
São Félix do Tocantins,2020-08-17,6,0,0,0,0.35714285714285715,0.0,,0.7781512503836436
São Félix do Tocantins,2020-08-18,6,0,0,0,0.21428571428571427,0.0,,0.7781512503836436
São Félix do Tocantins,2020-08-19,6,0,0,0,0.07142857142857142,0.0,,0.7781512503836436
São Félix do Tocantins,2020-08-20,6,0,0,0,0.07142857142857142,0.0,,0.7781512503836436
São Félix do Tocantins,2020-08-21,6,0,0,0,0.07142857142857142,0.0,,0.7781512503836436
São Félix do Tocantins,2020-08-22,6,0,0,0,0.07142857142857142,0.0,,0.7781512503836436
São Félix do Tocantins,2020-08-23,6,0,0,0,0.07142857142857142,0.0,,0.7781512503836436
São Félix do Tocantins,2020-08-24,6,0,0,0,0.07142857142857142,0.0,,0.7781512503836436
São Félix do Tocantins,2020-08-25,6,0,0,0,0.07142857142857142,0.0,,0.7781512503836436
São Félix do Tocantins,2020-08-26,6,0,0,0,0.07142857142857142,0.0,,0.7781512503836436
São Félix do Tocantins,2020-08-27,6,0,0,0,0.07142857142857142,0.0,,0.7781512503836436
São Félix do Tocantins,2020-08-28,6,0,0,0,0.07142857142857142,0.0,,0.7781512503836436
São Félix do Tocantins,2020-08-29,6,0,0,0,0.0,0.0,,0.7781512503836436
São Félix do Tocantins,2020-08-30,6,0,0,0,0.0,0.0,,0.7781512503836436
São Félix do Tocantins,2020-08-31,6,0,0,0,0.0,0.0,,0.7781512503836436
São Félix do Tocantins,2020-09-01,7,1,0,0,0.07142857142857142,0.0,,0.8450980400142568
São Félix do Tocantins,2020-09-02,7,0,0,0,0.07142857142857142,0.0,,0.8450980400142568
São Félix do Tocantins,2020-09-03,7,0,0,0,0.07142857142857142,0.0,,0.8450980400142568
São Félix do Tocantins,2020-09-04,7,0,0,0,0.07142857142857142,0.0,,0.8450980400142568
São Félix do Tocantins,2020-09-05,7,0,0,0,0.07142857142857142,0.0,,0.8450980400142568
São Félix do Tocantins,2020-09-06,7,0,0,0,0.07142857142857142,0.0,,0.8450980400142568
São Félix do Tocantins,2020-09-07,7,0,0,0,0.07142857142857142,0.0,,0.8450980400142568
São Félix do Tocantins,2020-09-08,7,0,0,0,0.07142857142857142,0.0,,0.8450980400142568
São Félix do Tocantins,2020-09-09,7,0,0,0,0.07142857142857142,0.0,,0.8450980400142568
São Félix do Tocantins,2020-09-10,7,0,0,0,0.07142857142857142,0.0,,0.8450980400142568
São Félix do Tocantins,2020-09-11,10,3,0,0,0.2857142857142857,0.0,,1.0
São Félix do Tocantins,2020-09-12,10,0,0,0,0.2857142857142857,0.0,,1.0
São Félix do Tocantins,2020-09-13,10,0,0,0,0.2857142857142857,0.0,,1.0
São Félix do Tocantins,2020-09-14,10,0,0,0,0.2857142857142857,0.0,,1.0
São Félix do Tocantins,2020-09-15,10,0,0,0,0.21428571428571427,0.0,,1.0
São Félix do Tocantins,2020-09-16,17,7,0,0,0.7142857142857143,0.0,,1.2304489213782739
São Félix do Tocantins,2020-09-17,17,0,0,0,0.7142857142857143,0.0,,1.2304489213782739
São Félix do Tocantins,2020-09-18,17,0,0,0,0.7142857142857143,0.0,,1.2304489213782739
São Félix do Tocantins,2020-09-19,23,6,0,0,1.1428571428571428,0.0,,1.3617278360175928
São Félix do Tocantins,2020-09-20,23,0,0,0,1.1428571428571428,0.0,,1.3617278360175928
São Félix do Tocantins,2020-09-21,23,0,0,0,1.1428571428571428,0.0,,1.3617278360175928
São Félix do Tocantins,2020-09-22,30,7,0,0,1.6428571428571428,0.0,,1.4771212547196624
São Félix do Tocantins,2020-09-23,30,0,0,0,1.6428571428571428,0.0,,1.4771212547196624
São Félix do Tocantins,2020-09-24,30,0,0,0,1.6428571428571428,0.0,,1.4771212547196624
São Félix do Tocantins,2020-09-25,32,2,0,0,1.5714285714285714,0.0,,1.505149978319906
São Félix do Tocantins,2020-09-26,32,0,0,0,1.5714285714285714,0.0,,1.505149978319906
São Félix do Tocantins,2020-09-27,32,0,0,0,1.5714285714285714,0.0,,1.505149978319906
São Félix do Tocantins,2020-09-28,32,0,0,0,1.5714285714285714,0.0,,1.505149978319906
São Félix do Tocantins,2020-09-29,38,6,0,0,2.0,0.0,,1.5797835966168101
São Félix do Tocantins,2020-09-30,38,0,0,0,1.5,0.0,,1.5797835966168101
São Félix do Tocantins,2020-10-01,38,0,0,0,1.5,0.0,,1.5797835966168101
São Félix do Tocantins,2020-10-02,38,0,0,0,1.5,0.0,,1.5797835966168101
São Félix do Tocantins,2020-10-03,38,0,0,0,1.0714285714285714,0.0,,1.5797835966168101
São Félix do Tocantins,2020-10-04,38,0,0,0,1.0714285714285714,0.0,,1.5797835966168101
São Félix do Tocantins,2020-10-05,38,0,0,0,1.0714285714285714,0.0,,1.5797835966168101
São Félix do Tocantins,2020-10-06,38,0,0,0,0.5714285714285714,0.0,,1.5797835966168101
São Félix do Tocantins,2020-10-07,38,0,0,0,0.5714285714285714,0.0,,1.5797835966168101
São Félix do Tocantins,2020-10-08,41,3,0,0,0.7857142857142857,0.0,,1.6127838567197355
São Félix do Tocantins,2020-10-09,41,0,0,0,0.6428571428571429,0.0,,1.6127838567197355
São Félix do Tocantins,2020-10-10,41,0,0,0,0.6428571428571429,0.0,,1.6127838567197355
São Félix do Tocantins,2020-10-11,41,0,0,0,0.6428571428571429,0.0,,1.6127838567197355
São Félix do Tocantins,2020-10-12,41,0,0,0,0.6428571428571429,0.0,,1.6127838567197355
São Félix do Tocantins,2020-10-13,41,0,0,0,0.21428571428571427,0.0,,1.6127838567197355
São Félix do Tocantins,2020-10-14,41,0,0,0,0.21428571428571427,0.0,,1.6127838567197355
São Félix do Tocantins,2020-10-15,54,13,0,0,1.1428571428571428,0.0,,1.7323937598229686
São Félix do Tocantins,2020-10-16,54,0,0,0,1.1428571428571428,0.0,,1.7323937598229686
São Félix do Tocantins,2020-10-17,54,0,0,0,1.1428571428571428,0.0,,1.7323937598229686
São Félix do Tocantins,2020-10-18,54,0,0,0,1.1428571428571428,0.0,,1.7323937598229686
São Félix do Tocantins,2020-10-19,54,0,0,0,1.1428571428571428,0.0,,1.7323937598229686
São Félix do Tocantins,2020-10-20,54,0,0,0,1.1428571428571428,0.0,,1.7323937598229686
São Félix do Tocantins,2020-10-21,54,0,0,0,1.1428571428571428,0.0,,1.7323937598229686
São Félix do Tocantins,2020-10-22,56,2,0,0,1.0714285714285714,0.0,,1.7481880270062005
São Félix do Tocantins,2020-10-23,57,1,0,0,1.1428571428571428,0.0,,1.7558748556724915
São Félix do Tocantins,2020-10-24,60,3,0,0,1.3571428571428572,0.0,,1.7781512503836436
São Félix do Tocantins,2020-10-25,60,0,0,0,1.3571428571428572,0.0,,1.7781512503836436
São Félix do Tocantins,2020-10-26,60,0,0,0,1.3571428571428572,0.0,,1.7781512503836436
São Félix do Tocantins,2020-10-27,60,0,0,0,1.3571428571428572,0.0,,1.7781512503836436
São Félix do Tocantins,2020-10-28,60,0,0,0,1.3571428571428572,0.0,,1.7781512503836436
São Félix do Tocantins,2020-10-29,61,1,0,0,0.5,0.0,,1.7853298350107671
São Félix do Tocantins,2020-10-30,68,7,0,0,1.0,0.0,,1.8325089127062364
São Félix do Tocantins,2020-10-31,68,0,0,0,1.0,0.0,,1.8325089127062364
São Félix do Tocantins,2020-11-01,68,0,0,0,1.0,0.0,,1.8325089127062364
São Félix do Tocantins,2020-11-02,68,0,0,0,1.0,0.0,,1.8325089127062364
São Félix do Tocantins,2020-11-03,68,0,0,0,1.0,0.0,,1.8325089127062364
São Félix do Tocantins,2020-11-04,68,0,0,0,1.0,0.0,,1.8325089127062364
São Félix do Tocantins,2020-11-05,68,0,0,0,0.8571428571428571,0.0,,1.8325089127062364
São Félix do Tocantins,2020-11-06,68,0,0,0,0.7857142857142857,0.0,,1.8325089127062364
São Félix do Tocantins,2020-11-07,68,0,0,0,0.5714285714285714,0.0,,1.8325089127062364
São Félix do Tocantins,2020-11-08,68,0,0,0,0.5714285714285714,0.0,,1.8325089127062364
São Félix do Tocantins,2020-11-09,68,0,0,0,0.5714285714285714,0.0,,1.8325089127062364
São Félix do Tocantins,2020-11-10,68,0,0,0,0.5714285714285714,0.0,,1.8325089127062364
São Félix do Tocantins,2020-11-11,68,0,0,0,0.5714285714285714,0.0,,1.8325089127062364
São Félix do Tocantins,2020-11-12,68,0,0,0,0.5,0.0,,1.8325089127062364
São Félix do Tocantins,2020-11-13,68,0,0,0,0.0,0.0,,1.8325089127062364
São Félix do Tocantins,2020-11-14,68,0,0,0,0.0,0.0,,1.8325089127062364
São Félix do Tocantins,2020-11-15,68,0,0,0,0.0,0.0,,1.8325089127062364
São Félix do Tocantins,2020-11-16,68,0,0,0,0.0,0.0,,1.8325089127062364
São Félix do Tocantins,2020-11-17,68,0,0,0,0.0,0.0,,1.8325089127062364
São Félix do Tocantins,2020-11-18,68,0,0,0,0.0,0.0,,1.8325089127062364
São Félix do Tocantins,2020-11-19,68,0,0,0,0.0,0.0,,1.8325089127062364
São Félix do Tocantins,2020-11-20,68,0,0,0,0.0,0.0,,1.8325089127062364
São Félix do Tocantins,2020-11-21,68,0,0,0,0.0,0.0,,1.8325089127062364
São Félix do Tocantins,2020-11-22,69,1,0,0,0.07142857142857142,0.0,,1.8388490907372552
São Félix do Tocantins,2020-11-23,69,0,0,0,0.07142857142857142,0.0,,1.8388490907372552
São Félix do Tocantins,2020-11-24,69,0,0,0,0.07142857142857142,0.0,,1.8388490907372552
São Félix do Tocantins,2020-11-25,69,0,0,0,0.07142857142857142,0.0,,1.8388490907372552
São Félix do Tocantins,2020-11-26,69,0,0,0,0.07142857142857142,0.0,,1.8388490907372552
São Félix do Tocantins,2020-11-27,69,0,0,0,0.07142857142857142,0.0,,1.8388490907372552
São Félix do Tocantins,2020-11-28,69,0,0,0,0.07142857142857142,0.0,,1.8388490907372552
São Félix do Tocantins,2020-11-29,69,0,0,0,0.07142857142857142,0.0,,1.8388490907372552
São Félix do Tocantins,2020-11-30,69,0,0,0,0.07142857142857142,0.0,,1.8388490907372552
São Félix do Tocantins,2020-12-01,69,0,0,0,0.07142857142857142,0.0,,1.8388490907372552
São Félix do Tocantins,2020-12-02,69,0,0,0,0.07142857142857142,0.0,,1.8388490907372552
São Félix do Tocantins,2020-12-03,69,0,0,0,0.07142857142857142,0.0,,1.8388490907372552
São Félix do Tocantins,2020-12-04,69,0,0,0,0.07142857142857142,0.0,,1.8388490907372552
São Félix do Tocantins,2020-12-05,69,0,0,0,0.07142857142857142,0.0,,1.8388490907372552
São Félix do Tocantins,2020-12-06,69,0,0,0,0.0,0.0,,1.8388490907372552
São Félix do Tocantins,2020-12-07,69,0,0,0,0.0,0.0,,1.8388490907372552
São Félix do Tocantins,2020-12-08,69,0,0,0,0.0,0.0,,1.8388490907372552
São Félix do Tocantins,2020-12-09,69,0,0,0,0.0,0.0,,1.8388490907372552
São Félix do Tocantins,2020-12-10,69,0,0,0,0.0,0.0,,1.8388490907372552
São Félix do Tocantins,2020-12-11,69,0,0,0,0.0,0.0,,1.8388490907372552
São Félix do Tocantins,2020-12-12,69,0,0,0,0.0,0.0,,1.8388490907372552
São Félix do Tocantins,2020-12-13,69,0,0,0,0.0,0.0,,1.8388490907372552
São Félix do Tocantins,2020-12-14,72,3,0,0,0.21428571428571427,0.0,,1.8573324964312685
São Félix do Tocantins,2020-12-15,76,4,0,0,0.5,0.0,,1.8808135922807914
São Félix do Tocantins,2020-12-16,84,8,0,0,1.0714285714285714,0.0,,1.9242792860618816
São Félix do Tocantins,2020-12-17,86,2,0,0,1.2142857142857142,0.0,,1.9344984512435677
São Félix do Tocantins,2020-12-18,86,0,0,0,1.2142857142857142,0.0,,1.9344984512435677
São Félix do Tocantins,2020-12-19,86,0,0,0,1.2142857142857142,0.0,,1.9344984512435677
São Félix do Tocantins,2020-12-20,86,0,0,0,1.2142857142857142,0.0,,1.9344984512435677
São Félix do Tocantins,2020-12-21,86,0,0,0,1.2142857142857142,0.0,,1.9344984512435677
São Félix do Tocantins,2020-12-22,88,2,0,0,1.3571428571428572,0.0,,1.9444826721501687
São Félix do Tocantins,2020-12-23,88,0,0,0,1.3571428571428572,0.0,,1.9444826721501687
São Félix do Tocantins,2020-12-24,88,0,0,0,1.3571428571428572,0.0,,1.9444826721501687
São Félix do Tocantins,2020-12-25,88,0,0,0,1.3571428571428572,0.0,,1.9444826721501687
São Félix do Tocantins,2020-12-26,88,0,0,0,1.3571428571428572,0.0,,1.9444826721501687
São Félix do Tocantins,2020-12-27,88,0,0,0,1.3571428571428572,0.0,,1.9444826721501687
São Félix do Tocantins,2020-12-28,88,0,0,0,1.1428571428571428,0.0,,1.9444826721501687
São Félix do Tocantins,2020-12-29,88,0,0,0,0.8571428571428571,0.0,,1.9444826721501687
São Félix do Tocantins,2020-12-30,88,0,0,0,0.2857142857142857,0.0,,1.9444826721501687
São Félix do Tocantins,2020-12-31,88,0,0,0,0.14285714285714285,0.0,,1.9444826721501687
São Félix do Tocantins,2021-01-01,88,0,0,0,0.14285714285714285,0.0,,1.9444826721501687
São Félix do Tocantins,2021-01-02,88,0,0,0,0.14285714285714285,0.0,,1.9444826721501687
São Félix do Tocantins,2021-01-03,88,0,0,0,0.14285714285714285,0.0,,1.9444826721501687
São Félix do Tocantins,2021-01-04,88,0,0,0,0.14285714285714285,0.0,,1.9444826721501687
São Félix do Tocantins,2021-01-05,88,0,0,0,0.0,0.0,,1.9444826721501687
São Félix do Tocantins,2021-01-06,88,0,0,0,0.0,0.0,,1.9444826721501687
São Félix do Tocantins,2021-01-07,88,0,0,0,0.0,0.0,,1.9444826721501687
São Félix do Tocantins,2021-01-08,88,0,0,0,0.0,0.0,,1.9444826721501687
São Félix do Tocantins,2021-01-09,88,0,0,0,0.0,0.0,,1.9444826721501687
São Félix do Tocantins,2021-01-10,88,0,0,0,0.0,0.0,,1.9444826721501687
São Félix do Tocantins,2021-01-11,88,0,0,0,0.0,0.0,,1.9444826721501687
São Félix do Tocantins,2021-01-12,88,0,0,0,0.0,0.0,,1.9444826721501687
São Félix do Tocantins,2021-01-13,88,0,0,0,0.0,0.0,,1.9444826721501687
São Félix do Tocantins,2021-01-14,91,3,0,0,0.21428571428571427,0.0,,1.9590413923210936
São Félix do Tocantins,2021-01-15,91,0,0,0,0.21428571428571427,0.0,,1.9590413923210936
São Félix do Tocantins,2021-01-16,91,0,0,0,0.21428571428571427,0.0,,1.9590413923210936
São Félix do Tocantins,2021-01-17,91,0,0,0,0.21428571428571427,0.0,,1.9590413923210936
São Félix do Tocantins,2021-01-18,91,0,0,0,0.21428571428571427,0.0,,1.9590413923210936
São Félix do Tocantins,2021-01-19,91,0,0,0,0.21428571428571427,0.0,,1.9590413923210936
São Félix do Tocantins,2021-01-20,91,0,0,0,0.21428571428571427,0.0,,1.9590413923210936
Santa Rosa do Tocantins,2020-03-27,0,0,0,0,,,,0.0
Santa Rosa do Tocantins,2020-03-28,0,0,0,0,,,,0.0
Santa Rosa do Tocantins,2020-03-29,0,0,0,0,,,,0.0
Santa Rosa do Tocantins,2020-03-30,0,0,0,0,,,,0.0
Santa Rosa do Tocantins,2020-03-31,0,0,0,0,,,,0.0
Santa Rosa do Tocantins,2020-04-01,0,0,0,0,,,,0.0
Santa Rosa do Tocantins,2020-04-02,0,0,0,0,,,,0.0
Santa Rosa do Tocantins,2020-04-03,0,0,0,0,,,,0.0
Santa Rosa do Tocantins,2020-04-04,0,0,0,0,,,,0.0
Santa Rosa do Tocantins,2020-04-05,0,0,0,0,,,,0.0
Santa Rosa do Tocantins,2020-04-06,0,0,0,0,,,,0.0
Santa Rosa do Tocantins,2020-04-07,0,0,0,0,,,,0.0
Santa Rosa do Tocantins,2020-04-08,0,0,0,0,,,,0.0
Santa Rosa do Tocantins,2020-04-09,0,0,0,0,0.0,0.0,,0.0
Santa Rosa do Tocantins,2020-04-10,0,0,0,0,0.0,0.0,,0.0
Santa Rosa do Tocantins,2020-04-11,0,0,0,0,0.0,0.0,,0.0
Santa Rosa do Tocantins,2020-04-12,0,0,0,0,0.0,0.0,,0.0
Santa Rosa do Tocantins,2020-04-13,0,0,0,0,0.0,0.0,,0.0
Santa Rosa do Tocantins,2020-04-14,0,0,0,0,0.0,0.0,,0.0
Santa Rosa do Tocantins,2020-04-15,0,0,0,0,0.0,0.0,,0.0
Santa Rosa do Tocantins,2020-04-16,0,0,0,0,0.0,0.0,,0.0
Santa Rosa do Tocantins,2020-04-17,0,0,0,0,0.0,0.0,,0.0
Santa Rosa do Tocantins,2020-04-18,0,0,0,0,0.0,0.0,,0.0
Santa Rosa do Tocantins,2020-04-19,0,0,0,0,0.0,0.0,,0.0
Santa Rosa do Tocantins,2020-04-20,0,0,0,0,0.0,0.0,,0.0
Santa Rosa do Tocantins,2020-04-21,0,0,0,0,0.0,0.0,,0.0
Santa Rosa do Tocantins,2020-04-22,0,0,0,0,0.0,0.0,,0.0
Santa Rosa do Tocantins,2020-04-23,0,0,0,0,0.0,0.0,,0.0
Santa Rosa do Tocantins,2020-04-24,0,0,0,0,0.0,0.0,,0.0
Santa Rosa do Tocantins,2020-04-25,0,0,0,0,0.0,0.0,,0.0
Santa Rosa do Tocantins,2020-04-26,0,0,0,0,0.0,0.0,,0.0
Santa Rosa do Tocantins,2020-04-27,0,0,0,0,0.0,0.0,,0.0
Santa Rosa do Tocantins,2020-04-28,0,0,0,0,0.0,0.0,,0.0
Santa Rosa do Tocantins,2020-04-29,0,0,0,0,0.0,0.0,,0.0
Santa Rosa do Tocantins,2020-04-30,0,0,0,0,0.0,0.0,,0.0
Santa Rosa do Tocantins,2020-05-01,0,0,0,0,0.0,0.0,,0.0
Santa Rosa do Tocantins,2020-05-02,0,0,0,0,0.0,0.0,,0.0
Santa Rosa do Tocantins,2020-05-03,0,0,0,0,0.0,0.0,,0.0
Santa Rosa do Tocantins,2020-05-04,0,0,0,0,0.0,0.0,,0.0
Santa Rosa do Tocantins,2020-05-05,0,0,0,0,0.0,0.0,,0.0
Santa Rosa do Tocantins,2020-05-06,0,0,0,0,0.0,0.0,,0.0
Santa Rosa do Tocantins,2020-05-07,0,0,0,0,0.0,0.0,,0.0
Santa Rosa do Tocantins,2020-05-08,0,0,0,0,0.0,0.0,,0.0
Santa Rosa do Tocantins,2020-05-09,0,0,0,0,0.0,0.0,,0.0
Santa Rosa do Tocantins,2020-05-10,0,0,0,0,0.0,0.0,,0.0
Santa Rosa do Tocantins,2020-05-11,0,0,0,0,0.0,0.0,,0.0
Santa Rosa do Tocantins,2020-05-12,0,0,0,0,0.0,0.0,,0.0
Santa Rosa do Tocantins,2020-05-13,0,0,0,0,0.0,0.0,,0.0
Santa Rosa do Tocantins,2020-05-14,0,0,0,0,0.0,0.0,,0.0
Santa Rosa do Tocantins,2020-05-15,0,0,0,0,0.0,0.0,,0.0
Santa Rosa do Tocantins,2020-05-16,0,0,0,0,0.0,0.0,,0.0
Santa Rosa do Tocantins,2020-05-17,0,0,0,0,0.0,0.0,,0.0
Santa Rosa do Tocantins,2020-05-18,0,0,0,0,0.0,0.0,,0.0
Santa Rosa do Tocantins,2020-05-19,0,0,0,0,0.0,0.0,,0.0
Santa Rosa do Tocantins,2020-05-20,0,0,0,0,0.0,0.0,,0.0
Santa Rosa do Tocantins,2020-05-21,0,0,0,0,0.0,0.0,,0.0
Santa Rosa do Tocantins,2020-05-22,0,0,0,0,0.0,0.0,,0.0
Santa Rosa do Tocantins,2020-05-23,1,1,0,0,0.07142857142857142,0.0,,0.0
Santa Rosa do Tocantins,2020-05-24,1,0,0,0,0.07142857142857142,0.0,,0.0
Santa Rosa do Tocantins,2020-05-25,1,0,0,0,0.07142857142857142,0.0,,0.0
Santa Rosa do Tocantins,2020-05-26,1,0,0,0,0.07142857142857142,0.0,,0.0
Santa Rosa do Tocantins,2020-05-27,1,0,0,0,0.07142857142857142,0.0,,0.0
Santa Rosa do Tocantins,2020-05-28,1,0,0,0,0.07142857142857142,0.0,,0.0
Santa Rosa do Tocantins,2020-05-29,1,0,0,0,0.07142857142857142,0.0,,0.0
Santa Rosa do Tocantins,2020-05-30,1,0,0,0,0.07142857142857142,0.0,,0.0
Santa Rosa do Tocantins,2020-05-31,1,0,0,0,0.07142857142857142,0.0,,0.0
Santa Rosa do Tocantins,2020-06-01,1,0,0,0,0.07142857142857142,0.0,,0.0
Santa Rosa do Tocantins,2020-06-02,1,0,0,0,0.07142857142857142,0.0,,0.0
Santa Rosa do Tocantins,2020-06-03,1,0,0,0,0.07142857142857142,0.0,,0.0
Santa Rosa do Tocantins,2020-06-04,1,0,0,0,0.07142857142857142,0.0,,0.0
Santa Rosa do Tocantins,2020-06-05,1,0,0,0,0.07142857142857142,0.0,,0.0
Santa Rosa do Tocantins,2020-06-06,1,0,0,0,0.0,0.0,,0.0
Santa Rosa do Tocantins,2020-06-07,1,0,0,0,0.0,0.0,,0.0
Santa Rosa do Tocantins,2020-06-08,1,0,0,0,0.0,0.0,,0.0
Santa Rosa do Tocantins,2020-06-09,1,0,0,0,0.0,0.0,,0.0
Santa Rosa do Tocantins,2020-06-10,1,0,0,0,0.0,0.0,,0.0
Santa Rosa do Tocantins,2020-06-11,1,0,0,0,0.0,0.0,,0.0
Santa Rosa do Tocantins,2020-06-12,1,0,0,0,0.0,0.0,,0.0
Santa Rosa do Tocantins,2020-06-13,1,0,0,0,0.0,0.0,,0.0
Santa Rosa do Tocantins,2020-06-14,1,0,0,0,0.0,0.0,,0.0
Santa Rosa do Tocantins,2020-06-15,1,0,0,0,0.0,0.0,,0.0
Santa Rosa do Tocantins,2020-06-16,1,0,0,0,0.0,0.0,,0.0
Santa Rosa do Tocantins,2020-06-17,1,0,0,0,0.0,0.0,,0.0
Santa Rosa do Tocantins,2020-06-18,1,0,0,0,0.0,0.0,,0.0
Santa Rosa do Tocantins,2020-06-19,1,0,0,0,0.0,0.0,,0.0
Santa Rosa do Tocantins,2020-06-20,1,0,0,0,0.0,0.0,,0.0
Santa Rosa do Tocantins,2020-06-21,1,0,0,0,0.0,0.0,,0.0
Santa Rosa do Tocantins,2020-06-22,1,0,0,0,0.0,0.0,,0.0
Santa Rosa do Tocantins,2020-06-23,1,0,0,0,0.0,0.0,,0.0
Santa Rosa do Tocantins,2020-06-24,1,0,1,1,0.0,0.07142857142857142,inf,0.0
Santa Rosa do Tocantins,2020-06-25,1,0,0,-1,0.0,0.0,,0.0
Santa Rosa do Tocantins,2020-06-26,1,0,0,0,0.0,0.0,,0.0
Santa Rosa do Tocantins,2020-06-27,1,0,0,0,0.0,0.0,,0.0
Santa Rosa do Tocantins,2020-06-28,1,0,0,0,0.0,0.0,,0.0
Santa Rosa do Tocantins,2020-06-29,1,0,0,0,0.0,0.0,,0.0
Santa Rosa do Tocantins,2020-06-30,1,0,0,0,0.0,0.0,,0.0
Santa Rosa do Tocantins,2020-07-01,1,0,0,0,0.0,0.0,,0.0
Santa Rosa do Tocantins,2020-07-02,1,0,0,0,0.0,0.0,,0.0
Santa Rosa do Tocantins,2020-07-03,3,2,0,0,0.14285714285714285,0.0,,0.47712125471966244
Santa Rosa do Tocantins,2020-07-04,5,2,0,0,0.2857142857142857,0.0,,0.6989700043360189
Santa Rosa do Tocantins,2020-07-05,5,0,0,0,0.2857142857142857,0.0,,0.6989700043360189
Santa Rosa do Tocantins,2020-07-06,5,0,0,0,0.2857142857142857,0.0,,0.6989700043360189
Santa Rosa do Tocantins,2020-07-07,5,0,0,0,0.2857142857142857,0.0,,0.6989700043360189
Santa Rosa do Tocantins,2020-07-08,6,1,0,0,0.35714285714285715,-0.07142857142857142,-2.0,0.7781512503836436
Santa Rosa do Tocantins,2020-07-09,6,0,0,0,0.35714285714285715,0.0,,0.7781512503836436
Santa Rosa do Tocantins,2020-07-10,6,0,0,0,0.35714285714285715,0.0,,0.7781512503836436
Santa Rosa do Tocantins,2020-07-11,6,0,0,0,0.35714285714285715,0.0,,0.7781512503836436
Santa Rosa do Tocantins,2020-07-12,6,0,0,0,0.35714285714285715,0.0,,0.7781512503836436
Santa Rosa do Tocantins,2020-07-13,7,1,0,0,0.42857142857142855,0.0,,0.8450980400142568
Santa Rosa do Tocantins,2020-07-14,7,0,0,0,0.42857142857142855,0.0,,0.8450980400142568
Santa Rosa do Tocantins,2020-07-15,8,1,0,0,0.5,0.0,,0.9030899869919435
Santa Rosa do Tocantins,2020-07-16,8,0,0,0,0.5,0.0,,0.9030899869919435
Santa Rosa do Tocantins,2020-07-17,8,0,0,0,0.35714285714285715,0.0,,0.9030899869919435
Santa Rosa do Tocantins,2020-07-18,8,0,0,0,0.21428571428571427,0.0,,0.9030899869919435
Santa Rosa do Tocantins,2020-07-19,9,1,0,0,0.2857142857142857,0.0,,0.9542425094393249
Santa Rosa do Tocantins,2020-07-20,9,0,0,0,0.2857142857142857,0.0,,0.9542425094393249
Santa Rosa do Tocantins,2020-07-21,9,0,0,0,0.2857142857142857,0.0,,0.9542425094393249
Santa Rosa do Tocantins,2020-07-22,9,0,0,0,0.21428571428571427,0.0,-1.0,0.9542425094393249
Santa Rosa do Tocantins,2020-07-23,10,1,0,0,0.2857142857142857,0.0,,1.0
Santa Rosa do Tocantins,2020-07-24,11,1,0,0,0.35714285714285715,0.0,,1.041392685158225
Santa Rosa do Tocantins,2020-07-25,11,0,0,0,0.35714285714285715,0.0,,1.041392685158225
Santa Rosa do Tocantins,2020-07-26,15,4,0,0,0.6428571428571429,0.0,,1.1760912590556813
Santa Rosa do Tocantins,2020-07-27,15,0,0,0,0.5714285714285714,0.0,,1.1760912590556813
Santa Rosa do Tocantins,2020-07-28,15,0,0,0,0.5714285714285714,0.0,,1.1760912590556813
Santa Rosa do Tocantins,2020-07-29,15,0,0,0,0.5,0.0,,1.1760912590556813
Santa Rosa do Tocantins,2020-07-30,16,1,0,0,0.5714285714285714,0.0,,1.2041199826559248
Santa Rosa do Tocantins,2020-07-31,16,0,0,0,0.5714285714285714,0.0,,1.2041199826559248
Santa Rosa do Tocantins,2020-08-01,16,0,0,0,0.5714285714285714,0.0,,1.2041199826559248
Santa Rosa do Tocantins,2020-08-02,17,1,0,0,0.5714285714285714,0.0,,1.2304489213782739
Santa Rosa do Tocantins,2020-08-03,19,2,0,0,0.7142857142857143,0.0,,1.2787536009528289
Santa Rosa do Tocantins,2020-08-04,19,0,0,0,0.7142857142857143,0.0,,1.2787536009528289
Santa Rosa do Tocantins,2020-08-05,19,0,0,0,0.7142857142857143,0.0,,1.2787536009528289
Santa Rosa do Tocantins,2020-08-06,20,1,0,0,0.7142857142857143,0.0,,1.3010299956639813
Santa Rosa do Tocantins,2020-08-07,20,0,0,0,0.6428571428571429,0.0,,1.3010299956639813
Santa Rosa do Tocantins,2020-08-08,21,1,0,0,0.7142857142857143,0.0,,1.3222192947339193
Santa Rosa do Tocantins,2020-08-09,22,1,0,0,0.5,0.0,,1.3424226808222062
Santa Rosa do Tocantins,2020-08-10,25,3,0,0,0.7142857142857143,0.0,,1.3979400086720377
Santa Rosa do Tocantins,2020-08-11,29,4,0,0,1.0,0.0,,1.462397997898956
Santa Rosa do Tocantins,2020-08-12,29,0,0,0,1.0,0.0,,1.462397997898956
Santa Rosa do Tocantins,2020-08-13,29,0,0,0,0.9285714285714286,0.0,,1.462397997898956
Santa Rosa do Tocantins,2020-08-14,28,-1,0,0,0.8571428571428571,0.0,,1.4471580313422192
Santa Rosa do Tocantins,2020-08-15,27,-1,0,0,0.7857142857142857,0.0,,1.4313637641589874
Santa Rosa do Tocantins,2020-08-16,27,0,0,0,0.7142857142857143,0.0,,1.4313637641589874
Santa Rosa do Tocantins,2020-08-17,27,0,0,0,0.5714285714285714,0.0,,1.4313637641589874
Santa Rosa do Tocantins,2020-08-18,27,0,0,0,0.5714285714285714,0.0,,1.4313637641589874
Santa Rosa do Tocantins,2020-08-19,27,0,0,0,0.5714285714285714,0.0,,1.4313637641589874
Santa Rosa do Tocantins,2020-08-20,27,0,0,0,0.5,0.0,,1.4313637641589874
Santa Rosa do Tocantins,2020-08-21,28,1,0,0,0.5714285714285714,0.0,,1.4471580313422192
Santa Rosa do Tocantins,2020-08-22,28,0,0,0,0.5,0.0,,1.4471580313422192
Santa Rosa do Tocantins,2020-08-23,28,0,0,0,0.42857142857142855,0.0,,1.4471580313422192
Santa Rosa do Tocantins,2020-08-24,28,0,0,0,0.21428571428571427,0.0,,1.4471580313422192
Santa Rosa do Tocantins,2020-08-25,33,5,0,0,0.2857142857142857,0.0,,1.5185139398778875
Santa Rosa do Tocantins,2020-08-26,33,0,0,0,0.2857142857142857,0.0,,1.5185139398778875
Santa Rosa do Tocantins,2020-08-27,33,0,0,0,0.2857142857142857,0.0,,1.5185139398778875
Santa Rosa do Tocantins,2020-08-28,33,0,0,0,0.35714285714285715,0.0,,1.5185139398778875
Santa Rosa do Tocantins,2020-08-29,33,0,0,0,0.42857142857142855,0.0,,1.5185139398778875
Santa Rosa do Tocantins,2020-08-30,33,0,0,0,0.42857142857142855,0.0,,1.5185139398778875
Santa Rosa do Tocantins,2020-08-31,33,0,0,0,0.42857142857142855,0.0,,1.5185139398778875
Santa Rosa do Tocantins,2020-09-01,34,1,0,0,0.5,0.0,,1.5314789170422551
Santa Rosa do Tocantins,2020-09-02,34,0,0,0,0.5,0.0,,1.5314789170422551
Santa Rosa do Tocantins,2020-09-03,34,0,0,0,0.5,0.0,,1.5314789170422551
Santa Rosa do Tocantins,2020-09-04,35,1,0,0,0.5,0.0,,1.5440680443502757
Santa Rosa do Tocantins,2020-09-05,35,0,0,0,0.5,0.0,,1.5440680443502757
Santa Rosa do Tocantins,2020-09-06,35,0,0,0,0.5,0.0,,1.5440680443502757
Santa Rosa do Tocantins,2020-09-07,35,0,0,0,0.5,0.0,,1.5440680443502757
Santa Rosa do Tocantins,2020-09-08,35,0,0,0,0.14285714285714285,0.0,,1.5440680443502757
Santa Rosa do Tocantins,2020-09-09,35,0,0,0,0.14285714285714285,0.0,,1.5440680443502757
Santa Rosa do Tocantins,2020-09-10,36,1,0,0,0.21428571428571427,0.0,,1.5563025007672873
Santa Rosa do Tocantins,2020-09-11,37,1,0,0,0.2857142857142857,0.0,,1.568201724066995
Santa Rosa do Tocantins,2020-09-12,37,0,0,0,0.2857142857142857,0.0,,1.568201724066995
Santa Rosa do Tocantins,2020-09-13,37,0,0,0,0.2857142857142857,0.0,,1.568201724066995
Santa Rosa do Tocantins,2020-09-14,37,0,0,0,0.2857142857142857,0.0,,1.568201724066995
Santa Rosa do Tocantins,2020-09-15,40,3,0,0,0.42857142857142855,0.0,,1.6020599913279625
Santa Rosa do Tocantins,2020-09-16,40,0,0,0,0.42857142857142855,0.0,,1.6020599913279625
Santa Rosa do Tocantins,2020-09-17,42,2,1,1,0.5714285714285714,0.07142857142857142,inf,1.6232492903979006
Santa Rosa do Tocantins,2020-09-18,43,1,1,0,0.5714285714285714,0.07142857142857142,inf,1.6334684555795866
Santa Rosa do Tocantins,2020-09-19,43,0,1,0,0.5714285714285714,0.07142857142857142,inf,1.6334684555795866
Santa Rosa do Tocantins,2020-09-20,43,0,1,0,0.5714285714285714,0.07142857142857142,inf,1.6334684555795866
Santa Rosa do Tocantins,2020-09-21,43,0,1,0,0.5714285714285714,0.07142857142857142,inf,1.6334684555795866
Santa Rosa do Tocantins,2020-09-22,43,0,1,0,0.5714285714285714,0.07142857142857142,inf,1.6334684555795866
Santa Rosa do Tocantins,2020-09-23,44,1,1,0,0.6428571428571429,0.07142857142857142,inf,1.6434526764861874
Santa Rosa do Tocantins,2020-09-24,44,0,1,0,0.5714285714285714,0.07142857142857142,inf,1.6434526764861874
Santa Rosa do Tocantins,2020-09-25,45,1,1,0,0.5714285714285714,0.07142857142857142,inf,1.6532125137753437
Santa Rosa do Tocantins,2020-09-26,45,0,1,0,0.5714285714285714,0.07142857142857142,inf,1.6532125137753437
Santa Rosa do Tocantins,2020-09-27,45,0,1,0,0.5714285714285714,0.07142857142857142,inf,1.6532125137753437
Santa Rosa do Tocantins,2020-09-28,45,0,1,0,0.5714285714285714,0.07142857142857142,inf,1.6532125137753437
Santa Rosa do Tocantins,2020-09-29,45,0,1,0,0.35714285714285715,0.07142857142857142,inf,1.6532125137753437
Santa Rosa do Tocantins,2020-09-30,44,-1,1,0,0.2857142857142857,0.07142857142857142,inf,1.6434526764861874
Santa Rosa do Tocantins,2020-10-01,45,1,1,0,0.21428571428571427,0.0,-1.0,1.6532125137753437
Santa Rosa do Tocantins,2020-10-02,45,0,1,0,0.14285714285714285,0.0,-1.0,1.6532125137753437
Santa Rosa do Tocantins,2020-10-03,45,0,1,0,0.14285714285714285,0.0,-1.0,1.6532125137753437
Santa Rosa do Tocantins,2020-10-04,45,0,1,0,0.14285714285714285,0.0,-1.0,1.6532125137753437
Santa Rosa do Tocantins,2020-10-05,45,0,1,0,0.14285714285714285,0.0,-1.0,1.6532125137753437
Santa Rosa do Tocantins,2020-10-06,45,0,1,0,0.14285714285714285,0.0,-1.0,1.6532125137753437
Santa Rosa do Tocantins,2020-10-07,45,0,1,0,0.07142857142857142,0.0,-1.0,1.6532125137753437
Santa Rosa do Tocantins,2020-10-08,45,0,1,0,0.07142857142857142,0.0,-1.0,1.6532125137753437
Santa Rosa do Tocantins,2020-10-09,45,0,1,0,0.0,0.0,-1.0,1.6532125137753437
Santa Rosa do Tocantins,2020-10-10,46,1,2,1,0.07142857142857142,0.07142857142857142,0.0,1.662757831681574
Santa Rosa do Tocantins,2020-10-11,46,0,2,0,0.07142857142857142,0.07142857142857142,0.0,1.662757831681574
Santa Rosa do Tocantins,2020-10-12,46,0,2,0,0.07142857142857142,0.07142857142857142,0.0,1.662757831681574
Santa Rosa do Tocantins,2020-10-13,46,0,2,0,0.07142857142857142,0.07142857142857142,0.0,1.662757831681574
Santa Rosa do Tocantins,2020-10-14,46,0,2,0,0.14285714285714285,0.07142857142857142,0.0,1.662757831681574
Santa Rosa do Tocantins,2020-10-15,46,0,2,0,0.07142857142857142,0.07142857142857142,inf,1.662757831681574
Santa Rosa do Tocantins,2020-10-16,46,0,2,0,0.07142857142857142,0.07142857142857142,inf,1.662757831681574
Santa Rosa do Tocantins,2020-10-17,46,0,2,0,0.07142857142857142,0.07142857142857142,inf,1.662757831681574
Santa Rosa do Tocantins,2020-10-18,46,0,2,0,0.07142857142857142,0.07142857142857142,inf,1.662757831681574
Santa Rosa do Tocantins,2020-10-19,46,0,2,0,0.07142857142857142,0.07142857142857142,inf,1.662757831681574
Santa Rosa do Tocantins,2020-10-20,46,0,2,0,0.07142857142857142,0.07142857142857142,inf,1.662757831681574
Santa Rosa do Tocantins,2020-10-21,46,0,2,0,0.07142857142857142,0.07142857142857142,inf,1.662757831681574
Santa Rosa do Tocantins,2020-10-22,46,0,2,0,0.07142857142857142,0.07142857142857142,inf,1.662757831681574
Santa Rosa do Tocantins,2020-10-23,46,0,2,0,0.07142857142857142,0.07142857142857142,inf,1.662757831681574
Santa Rosa do Tocantins,2020-10-24,46,0,2,0,0.0,0.0,-1.0,1.662757831681574
Santa Rosa do Tocantins,2020-10-25,46,0,2,0,0.0,0.0,-1.0,1.662757831681574
Santa Rosa do Tocantins,2020-10-26,46,0,2,0,0.0,0.0,-1.0,1.662757831681574
Santa Rosa do Tocantins,2020-10-27,46,0,2,0,0.0,0.0,-1.0,1.662757831681574
Santa Rosa do Tocantins,2020-10-28,46,0,2,0,0.0,0.0,-1.0,1.662757831681574
Santa Rosa do Tocantins,2020-10-29,46,0,2,0,0.0,0.0,-1.0,1.662757831681574
Santa Rosa do Tocantins,2020-10-30,46,0,2,0,0.0,0.0,-1.0,1.662757831681574
Santa Rosa do Tocantins,2020-10-31,46,0,2,0,0.0,0.0,-1.0,1.662757831681574
Santa Rosa do Tocantins,2020-11-01,46,0,2,0,0.0,0.0,-1.0,1.662757831681574
Santa Rosa do Tocantins,2020-11-02,46,0,2,0,0.0,0.0,-1.0,1.662757831681574
Santa Rosa do Tocantins,2020-11-03,46,0,2,0,0.0,0.0,-1.0,1.662757831681574
Santa Rosa do Tocantins,2020-11-04,46,0,2,0,0.0,0.0,-1.0,1.662757831681574
Santa Rosa do Tocantins,2020-11-05,46,0,2,0,0.0,0.0,-1.0,1.662757831681574
Santa Rosa do Tocantins,2020-11-06,46,0,2,0,0.0,0.0,-1.0,1.662757831681574
Santa Rosa do Tocantins,2020-11-07,46,0,2,0,0.0,0.0,,1.662757831681574
Santa Rosa do Tocantins,2020-11-08,46,0,2,0,0.0,0.0,,1.662757831681574
Santa Rosa do Tocantins,2020-11-09,46,0,2,0,0.0,0.0,,1.662757831681574
Santa Rosa do Tocantins,2020-11-10,46,0,2,0,0.0,0.0,,1.662757831681574
Santa Rosa do Tocantins,2020-11-11,46,0,2,0,0.0,0.0,,1.662757831681574
Santa Rosa do Tocantins,2020-11-12,46,0,2,0,0.0,0.0,,1.662757831681574
Santa Rosa do Tocantins,2020-11-13,47,1,2,0,0.07142857142857142,0.0,,1.6720978579357175
Santa Rosa do Tocantins,2020-11-14,47,0,2,0,0.07142857142857142,0.0,,1.6720978579357175
Santa Rosa do Tocantins,2020-11-15,47,0,2,0,0.07142857142857142,0.0,,1.6720978579357175
Santa Rosa do Tocantins,2020-11-16,47,0,2,0,0.07142857142857142,0.0,,1.6720978579357175
Santa Rosa do Tocantins,2020-11-17,47,0,2,0,0.07142857142857142,0.0,,1.6720978579357175
Santa Rosa do Tocantins,2020-11-18,47,0,2,0,0.07142857142857142,0.0,,1.6720978579357175
Santa Rosa do Tocantins,2020-11-19,47,0,2,0,0.07142857142857142,0.0,,1.6720978579357175
Santa Rosa do Tocantins,2020-11-20,48,1,2,0,0.14285714285714285,0.0,,1.6812412373755872
Santa Rosa do Tocantins,2020-11-21,48,0,2,0,0.14285714285714285,0.0,,1.6812412373755872
Santa Rosa do Tocantins,2020-11-22,48,0,2,0,0.14285714285714285,0.0,,1.6812412373755872
Santa Rosa do Tocantins,2020-11-23,48,0,2,0,0.14285714285714285,0.0,,1.6812412373755872
Santa Rosa do Tocantins,2020-11-24,49,1,2,0,0.21428571428571427,0.0,,1.6901960800285136
Santa Rosa do Tocantins,2020-11-25,49,0,2,0,0.21428571428571427,0.0,,1.6901960800285136
Santa Rosa do Tocantins,2020-11-26,49,0,2,0,0.21428571428571427,0.0,,1.6901960800285136
Santa Rosa do Tocantins,2020-11-27,49,0,2,0,0.14285714285714285,0.0,,1.6901960800285136
Santa Rosa do Tocantins,2020-11-28,49,0,2,0,0.14285714285714285,0.0,,1.6901960800285136
Santa Rosa do Tocantins,2020-11-29,49,0,2,0,0.14285714285714285,0.0,,1.6901960800285136
Santa Rosa do Tocantins,2020-11-30,49,0,2,0,0.14285714285714285,0.0,,1.6901960800285136
Santa Rosa do Tocantins,2020-12-01,49,0,2,0,0.14285714285714285,0.0,,1.6901960800285136
Santa Rosa do Tocantins,2020-12-02,49,0,2,0,0.14285714285714285,0.0,,1.6901960800285136
Santa Rosa do Tocantins,2020-12-03,49,0,2,0,0.14285714285714285,0.0,,1.6901960800285136
Santa Rosa do Tocantins,2020-12-04,49,0,2,0,0.07142857142857142,0.0,,1.6901960800285136
Santa Rosa do Tocantins,2020-12-05,49,0,2,0,0.07142857142857142,0.0,,1.6901960800285136
Santa Rosa do Tocantins,2020-12-06,49,0,2,0,0.07142857142857142,0.0,,1.6901960800285136
Santa Rosa do Tocantins,2020-12-07,49,0,2,0,0.07142857142857142,0.0,,1.6901960800285136
Santa Rosa do Tocantins,2020-12-08,49,0,2,0,0.0,0.0,,1.6901960800285136
Santa Rosa do Tocantins,2020-12-09,49,0,2,0,0.0,0.0,,1.6901960800285136
Santa Rosa do Tocantins,2020-12-10,49,0,2,0,0.0,0.0,,1.6901960800285136
Santa Rosa do Tocantins,2020-12-11,49,0,2,0,0.0,0.0,,1.6901960800285136
Santa Rosa do Tocantins,2020-12-12,49,0,2,0,0.0,0.0,,1.6901960800285136
Santa Rosa do Tocantins,2020-12-13,49,0,2,0,0.0,0.0,,1.6901960800285136
Santa Rosa do Tocantins,2020-12-14,49,0,2,0,0.0,0.0,,1.6901960800285136
Santa Rosa do Tocantins,2020-12-15,50,1,2,0,0.07142857142857142,0.0,,1.6989700043360187
Santa Rosa do Tocantins,2020-12-16,50,0,2,0,0.07142857142857142,0.0,,1.6989700043360187
Santa Rosa do Tocantins,2020-12-17,52,2,2,0,0.21428571428571427,0.0,,1.7160033436347992
Santa Rosa do Tocantins,2020-12-18,52,0,2,0,0.21428571428571427,0.0,,1.7160033436347992
Santa Rosa do Tocantins,2020-12-19,52,0,2,0,0.21428571428571427,0.0,,1.7160033436347992
Santa Rosa do Tocantins,2020-12-20,52,0,2,0,0.21428571428571427,0.0,,1.7160033436347992
Santa Rosa do Tocantins,2020-12-21,52,0,2,0,0.21428571428571427,0.0,,1.7160033436347992
Santa Rosa do Tocantins,2020-12-22,52,0,2,0,0.21428571428571427,0.0,,1.7160033436347992
Santa Rosa do Tocantins,2020-12-23,52,0,2,0,0.21428571428571427,0.0,,1.7160033436347992
Santa Rosa do Tocantins,2020-12-24,52,0,2,0,0.21428571428571427,0.0,,1.7160033436347992
Santa Rosa do Tocantins,2020-12-25,52,0,2,0,0.21428571428571427,0.0,,1.7160033436347992
Santa Rosa do Tocantins,2020-12-26,52,0,2,0,0.21428571428571427,0.0,,1.7160033436347992
Santa Rosa do Tocantins,2020-12-27,52,0,2,0,0.21428571428571427,0.0,,1.7160033436347992
Santa Rosa do Tocantins,2020-12-28,52,0,2,0,0.21428571428571427,0.0,,1.7160033436347992
Santa Rosa do Tocantins,2020-12-29,53,1,2,0,0.21428571428571427,0.0,,1.7242758696007892
Santa Rosa do Tocantins,2020-12-30,55,2,2,0,0.35714285714285715,0.0,,1.7403626894942439
Santa Rosa do Tocantins,2020-12-31,55,0,2,0,0.21428571428571427,0.0,,1.7403626894942439
Santa Rosa do Tocantins,2021-01-01,55,0,2,0,0.21428571428571427,0.0,,1.7403626894942439
Santa Rosa do Tocantins,2021-01-02,55,0,2,0,0.21428571428571427,0.0,,1.7403626894942439
Santa Rosa do Tocantins,2021-01-03,55,0,2,0,0.21428571428571427,0.0,,1.7403626894942439
Santa Rosa do Tocantins,2021-01-04,55,0,2,0,0.21428571428571427,0.0,,1.7403626894942439
Santa Rosa do Tocantins,2021-01-05,55,0,2,0,0.21428571428571427,0.0,,1.7403626894942439
Santa Rosa do Tocantins,2021-01-06,55,0,2,0,0.21428571428571427,0.0,,1.7403626894942439
Santa Rosa do Tocantins,2021-01-07,55,0,2,0,0.21428571428571427,0.0,,1.7403626894942439
Santa Rosa do Tocantins,2021-01-08,55,0,2,0,0.21428571428571427,0.0,,1.7403626894942439
Santa Rosa do Tocantins,2021-01-09,55,0,2,0,0.21428571428571427,0.0,,1.7403626894942439
Santa Rosa do Tocantins,2021-01-10,55,0,2,0,0.21428571428571427,0.0,,1.7403626894942439
Santa Rosa do Tocantins,2021-01-11,55,0,2,0,0.21428571428571427,0.0,,1.7403626894942439
Santa Rosa do Tocantins,2021-01-12,55,0,2,0,0.14285714285714285,0.0,,1.7403626894942439
Santa Rosa do Tocantins,2021-01-13,56,1,2,0,0.07142857142857142,0.0,,1.7481880270062005
Santa Rosa do Tocantins,2021-01-14,56,0,2,0,0.07142857142857142,0.0,,1.7481880270062005
Santa Rosa do Tocantins,2021-01-15,57,1,2,0,0.14285714285714285,0.0,,1.7558748556724915
Santa Rosa do Tocantins,2021-01-16,57,0,2,0,0.14285714285714285,0.0,,1.7558748556724915
Santa Rosa do Tocantins,2021-01-17,57,0,2,0,0.14285714285714285,0.0,,1.7558748556724915
Santa Rosa do Tocantins,2021-01-18,57,0,2,0,0.14285714285714285,0.0,,1.7558748556724915
Santa Rosa do Tocantins,2021-01-19,60,3,2,0,0.35714285714285715,0.0,,1.7781512503836436
Santa Rosa do Tocantins,2021-01-20,62,2,2,0,0.5,0.0,,1.792391689498254
Paraíso do Tocantins,2020-03-27,0,0,0,0,,,,0.0
Paraíso do Tocantins,2020-03-28,0,0,0,0,,,,0.0
Paraíso do Tocantins,2020-03-29,0,0,0,0,,,,0.0
Paraíso do Tocantins,2020-03-30,0,0,0,0,,,,0.0
Paraíso do Tocantins,2020-03-31,0,0,0,0,,,,0.0
Paraíso do Tocantins,2020-04-01,0,0,0,0,,,,0.0
Paraíso do Tocantins,2020-04-02,0,0,0,0,,,,0.0
Paraíso do Tocantins,2020-04-03,0,0,0,0,,,,0.0
Paraíso do Tocantins,2020-04-04,0,0,0,0,,,,0.0
Paraíso do Tocantins,2020-04-05,0,0,0,0,,,,0.0
Paraíso do Tocantins,2020-04-06,0,0,0,0,,,,0.0
Paraíso do Tocantins,2020-04-07,0,0,0,0,,,,0.0
Paraíso do Tocantins,2020-04-08,0,0,0,0,,,,0.0
Paraíso do Tocantins,2020-04-09,0,0,0,0,0.0,0.0,,0.0
Paraíso do Tocantins,2020-04-10,0,0,0,0,0.0,0.0,,0.0
Paraíso do Tocantins,2020-04-11,0,0,0,0,0.0,0.0,,0.0
Paraíso do Tocantins,2020-04-12,1,1,0,0,0.07142857142857142,0.0,,0.0
Paraíso do Tocantins,2020-04-13,1,0,0,0,0.07142857142857142,0.0,,0.0
Paraíso do Tocantins,2020-04-14,1,0,0,0,0.07142857142857142,0.0,,0.0
Paraíso do Tocantins,2020-04-15,1,0,0,0,0.07142857142857142,0.0,,0.0
Paraíso do Tocantins,2020-04-16,1,0,0,0,0.07142857142857142,0.0,,0.0
Paraíso do Tocantins,2020-04-17,1,0,0,0,0.07142857142857142,0.0,,0.0
Paraíso do Tocantins,2020-04-18,1,0,0,0,0.07142857142857142,0.0,,0.0
Paraíso do Tocantins,2020-04-19,1,0,0,0,0.07142857142857142,0.0,,0.0
Paraíso do Tocantins,2020-04-20,1,0,0,0,0.07142857142857142,0.0,,0.0
Paraíso do Tocantins,2020-04-21,1,0,0,0,0.07142857142857142,0.0,,0.0
Paraíso do Tocantins,2020-04-22,1,0,0,0,0.07142857142857142,0.0,,0.0
Paraíso do Tocantins,2020-04-23,1,0,1,1,0.07142857142857142,0.07142857142857142,inf,0.0
Paraíso do Tocantins,2020-04-24,1,0,1,0,0.07142857142857142,0.07142857142857142,inf,0.0
Paraíso do Tocantins,2020-04-25,1,0,1,0,0.07142857142857142,0.07142857142857142,inf,0.0
Paraíso do Tocantins,2020-04-26,1,0,1,0,0.0,0.07142857142857142,inf,0.0
Paraíso do Tocantins,2020-04-27,1,0,1,0,0.0,0.07142857142857142,inf,0.0
Paraíso do Tocantins,2020-04-28,1,0,1,0,0.0,0.07142857142857142,inf,0.0
Paraíso do Tocantins,2020-04-29,1,0,1,0,0.0,0.07142857142857142,inf,0.0
Paraíso do Tocantins,2020-04-30,2,1,1,0,0.07142857142857142,0.07142857142857142,inf,0.3010299956639812
Paraíso do Tocantins,2020-05-01,3,1,1,0,0.14285714285714285,0.07142857142857142,inf,0.47712125471966244
Paraíso do Tocantins,2020-05-02,3,0,1,0,0.14285714285714285,0.07142857142857142,inf,0.47712125471966244
Paraíso do Tocantins,2020-05-03,4,1,1,0,0.21428571428571427,0.07142857142857142,inf,0.6020599913279624
Paraíso do Tocantins,2020-05-04,5,1,1,0,0.2857142857142857,0.07142857142857142,inf,0.6989700043360189
Paraíso do Tocantins,2020-05-05,5,0,1,0,0.2857142857142857,0.07142857142857142,inf,0.6989700043360189
Paraíso do Tocantins,2020-05-06,7,2,1,0,0.42857142857142855,0.07142857142857142,inf,0.8450980400142568
Paraíso do Tocantins,2020-05-07,8,1,1,0,0.5,0.0,-1.0,0.9030899869919435
Paraíso do Tocantins,2020-05-08,10,2,1,0,0.6428571428571429,0.0,-1.0,1.0
Paraíso do Tocantins,2020-05-09,12,2,1,0,0.7857142857142857,0.0,-1.0,1.0791812460476249
Paraíso do Tocantins,2020-05-10,15,3,2,1,1.0,0.07142857142857142,0.0,1.1760912590556813
Paraíso do Tocantins,2020-05-11,19,4,2,0,1.2857142857142858,0.07142857142857142,0.0,1.2787536009528289
Paraíso do Tocantins,2020-05-12,23,4,2,0,1.5714285714285714,0.07142857142857142,0.0,1.3617278360175928
Paraíso do Tocantins,2020-05-13,26,3,2,0,1.7857142857142858,0.07142857142857142,0.0,1.414973347970818
Paraíso do Tocantins,2020-05-14,27,1,2,0,1.7857142857142858,0.07142857142857142,0.0,1.4313637641589874
Paraíso do Tocantins,2020-05-15,28,1,2,0,1.7857142857142858,0.07142857142857142,0.0,1.4471580313422192
Paraíso do Tocantins,2020-05-16,37,9,3,1,2.4285714285714284,0.14285714285714285,1.0,1.568201724066995
Paraíso do Tocantins,2020-05-17,45,8,3,0,2.9285714285714284,0.14285714285714285,1.0,1.6532125137753437
Paraíso do Tocantins,2020-05-18,45,0,3,0,2.857142857142857,0.14285714285714285,1.0,1.6532125137753437
Paraíso do Tocantins,2020-05-19,56,11,3,0,3.642857142857143,0.14285714285714285,1.0,1.7481880270062005
Paraíso do Tocantins,2020-05-20,57,1,3,0,3.5714285714285716,0.14285714285714285,1.0,1.7558748556724915
Paraíso do Tocantins,2020-05-21,62,5,3,0,3.857142857142857,0.14285714285714285,inf,1.792391689498254
Paraíso do Tocantins,2020-05-22,68,6,3,0,4.142857142857143,0.14285714285714285,inf,1.8325089127062364
Paraíso do Tocantins,2020-05-23,70,2,3,0,4.142857142857143,0.14285714285714285,inf,1.845098040014257
Paraíso do Tocantins,2020-05-24,73,3,3,0,4.142857142857143,0.07142857142857142,0.0,1.863322860120456
Paraíso do Tocantins,2020-05-25,73,0,3,0,3.857142857142857,0.07142857142857142,0.0,1.863322860120456
Paraíso do Tocantins,2020-05-26,74,1,3,0,3.642857142857143,0.07142857142857142,0.0,1.8692317197309762
Paraíso do Tocantins,2020-05-27,83,9,3,0,4.071428571428571,0.07142857142857142,0.0,1.919078092376074
Paraíso do Tocantins,2020-05-28,103,20,3,0,5.428571428571429,0.07142857142857142,0.0,2.012837224705172
Paraíso do Tocantins,2020-05-29,106,3,3,0,5.571428571428571,0.07142857142857142,0.0,2.0253058652647704
Paraíso do Tocantins,2020-05-30,113,7,4,1,5.428571428571429,0.07142857142857142,-0.5,2.05307844348342
Paraíso do Tocantins,2020-05-31,116,3,4,0,5.071428571428571,0.07142857142857142,-0.5,2.0644579892269186
Paraíso do Tocantins,2020-06-01,116,0,4,0,5.071428571428571,0.07142857142857142,-0.5,2.0644579892269186
Paraíso do Tocantins,2020-06-02,119,3,5,1,4.5,0.14285714285714285,0.0,2.075546961392531
Paraíso do Tocantins,2020-06-03,127,8,6,1,5.0,0.21428571428571427,0.5,2.103803720955957
Paraíso do Tocantins,2020-06-04,132,5,6,0,5.0,0.21428571428571427,0.5,2.12057393120585
Paraíso do Tocantins,2020-06-05,140,8,6,0,5.142857142857143,0.21428571428571427,0.5,2.146128035678238
Paraíso do Tocantins,2020-06-06,146,6,6,0,5.428571428571429,0.21428571428571427,0.5,2.164352855784437
Paraíso do Tocantins,2020-06-07,150,4,6,0,5.5,0.21428571428571427,2.0,2.1760912590556813
Paraíso do Tocantins,2020-06-08,152,2,6,0,5.642857142857143,0.21428571428571427,2.0,2.1818435879447726
Paraíso do Tocantins,2020-06-09,151,-1,6,0,5.5,0.21428571428571427,2.0,2.1789769472931693
Paraíso do Tocantins,2020-06-10,161,10,6,0,5.571428571428571,0.21428571428571427,2.0,2.2068258760318495
Paraíso do Tocantins,2020-06-11,164,3,6,0,4.357142857142857,0.21428571428571427,2.0,2.214843848047698
Paraíso do Tocantins,2020-06-12,164,0,7,1,4.142857142857143,0.2857142857142857,3.0,2.214843848047698
Paraíso do Tocantins,2020-06-13,172,8,7,0,4.214285714285714,0.21428571428571427,2.0,2.2355284469075487
Paraíso do Tocantins,2020-06-14,173,1,7,0,4.071428571428571,0.21428571428571427,2.0,2.2380461031287955
Paraíso do Tocantins,2020-06-15,173,0,7,0,4.071428571428571,0.21428571428571427,2.0,2.2380461031287955
Paraíso do Tocantins,2020-06-16,173,0,7,0,3.857142857142857,0.14285714285714285,0.0,2.2380461031287955
Paraíso do Tocantins,2020-06-17,173,0,7,0,3.2857142857142856,0.07142857142857142,-0.6666666666666666,2.2380461031287955
Paraíso do Tocantins,2020-06-18,177,4,7,0,3.2142857142857144,0.07142857142857142,-0.6666666666666666,2.2479732663618064
Paraíso do Tocantins,2020-06-19,180,3,7,0,2.857142857142857,0.07142857142857142,-0.6666666666666666,2.255272505103306
Paraíso do Tocantins,2020-06-20,180,0,7,0,2.4285714285714284,0.07142857142857142,-0.6666666666666666,2.255272505103306
Paraíso do Tocantins,2020-06-21,182,2,7,0,2.2857142857142856,0.07142857142857142,-0.6666666666666666,2.2600713879850747
Paraíso do Tocantins,2020-06-22,185,3,7,0,2.357142857142857,0.07142857142857142,-0.6666666666666666,2.2671717284030137
Paraíso do Tocantins,2020-06-23,187,2,7,0,2.5714285714285716,0.07142857142857142,-0.6666666666666666,2.271841606536499
Paraíso do Tocantins,2020-06-24,188,1,0,-7,1.9285714285714286,-0.42857142857142855,-3.0,2.27415784926368
Paraíso do Tocantins,2020-06-25,188,0,7,7,1.7142857142857142,0.07142857142857142,-0.6666666666666666,2.27415784926368
Paraíso do Tocantins,2020-06-26,196,8,7,0,2.2857142857142856,0.0,-1.0,2.292256071356476
Paraíso do Tocantins,2020-06-27,204,8,8,1,2.2857142857142856,0.07142857142857142,-0.6666666666666666,2.3096301674258988
Paraíso do Tocantins,2020-06-28,207,3,8,0,2.4285714285714284,0.07142857142857142,-0.6666666666666666,2.315970345456918
Paraíso do Tocantins,2020-06-29,209,2,8,0,2.5714285714285716,0.07142857142857142,-0.6666666666666666,2.320146286111054
Paraíso do Tocantins,2020-06-30,212,3,8,0,2.7857142857142856,0.07142857142857142,-0.5,2.3263358609287517
Paraíso do Tocantins,2020-07-01,219,7,8,0,3.2857142857142856,0.07142857142857142,0.0,2.3404441148401185
Paraíso do Tocantins,2020-07-02,220,1,8,0,3.0714285714285716,0.07142857142857142,0.0,2.342422680822206
Paraíso do Tocantins,2020-07-03,225,5,8,0,3.2142857142857144,0.07142857142857142,0.0,2.3521825181113627
Paraíso do Tocantins,2020-07-04,244,19,8,0,4.571428571428571,0.07142857142857142,0.0,2.3873898263387296
Paraíso do Tocantins,2020-07-05,246,2,8,0,4.571428571428571,0.07142857142857142,0.0,2.3909351071033793
Paraíso do Tocantins,2020-07-06,246,0,8,0,4.357142857142857,0.07142857142857142,0.0,2.3909351071033793
Paraíso do Tocantins,2020-07-07,248,2,9,1,4.357142857142857,0.14285714285714285,1.0,2.3944516808262164
Paraíso do Tocantins,2020-07-08,255,7,9,0,4.785714285714286,0.6428571428571429,-2.5,2.406540180433955
Paraíso do Tocantins,2020-07-09,264,9,9,0,5.428571428571429,0.14285714285714285,1.0,2.4216039268698313
Paraíso do Tocantins,2020-07-10,275,11,9,0,5.642857142857143,0.14285714285714285,inf,2.439332693830263
Paraíso do Tocantins,2020-07-11,282,7,9,0,5.571428571428571,0.07142857142857142,0.0,2.450249108319361
Paraíso do Tocantins,2020-07-12,286,4,9,0,5.642857142857143,0.07142857142857142,0.0,2.456366033129043
Paraíso do Tocantins,2020-07-13,287,1,9,0,5.571428571428571,0.07142857142857142,0.0,2.4578818967339924
Paraíso do Tocantins,2020-07-14,288,1,9,0,5.428571428571429,0.07142857142857142,0.0,2.459392487759231
Paraíso do Tocantins,2020-07-15,292,4,9,0,5.214285714285714,0.07142857142857142,0.0,2.4653828514484184
Paraíso do Tocantins,2020-07-16,304,12,9,0,6.0,0.07142857142857142,0.0,2.482873583608754
Paraíso do Tocantins,2020-07-17,308,4,9,0,5.928571428571429,0.07142857142857142,0.0,2.4885507165004443
Paraíso do Tocantins,2020-07-18,309,1,10,1,4.642857142857143,0.14285714285714285,1.0,2.4899584794248346
Paraíso do Tocantins,2020-07-19,343,34,10,0,6.928571428571429,0.14285714285714285,1.0,2.5352941200427703
Paraíso do Tocantins,2020-07-20,344,1,10,0,7.0,0.14285714285714285,1.0,2.53655844257153
Paraíso do Tocantins,2020-07-21,348,4,10,0,7.142857142857143,0.07142857142857142,-0.5,2.5415792439465807
Paraíso do Tocantins,2020-07-22,352,4,11,1,6.928571428571429,0.14285714285714285,-0.7777777777777777,2.546542663478131
Paraíso do Tocantins,2020-07-23,357,5,11,0,6.642857142857143,0.14285714285714285,0.0,2.552668216112193
Paraíso do Tocantins,2020-07-24,370,13,11,0,6.785714285714286,0.14285714285714285,0.0,2.568201724066995
Paraíso do Tocantins,2020-07-25,396,26,11,0,8.142857142857142,0.14285714285714285,1.0,2.597695185925512
Paraíso do Tocantins,2020-07-26,455,59,11,0,12.071428571428571,0.14285714285714285,1.0,2.6580113966571126
Paraíso do Tocantins,2020-07-27,460,5,11,0,12.357142857142858,0.14285714285714285,1.0,2.6627578316815743
Paraíso do Tocantins,2020-07-28,461,1,11,0,12.357142857142858,0.14285714285714285,1.0,2.663700925389648
Paraíso do Tocantins,2020-07-29,481,20,11,0,13.5,0.14285714285714285,1.0,2.682145076373832
Paraíso do Tocantins,2020-07-30,561,80,11,0,18.357142857142858,0.14285714285714285,1.0,2.748962861256161
Paraíso do Tocantins,2020-07-31,583,22,12,1,19.642857142857142,0.21428571428571427,2.0,2.765668554759014
Paraíso do Tocantins,2020-08-01,646,63,13,1,24.071428571428573,0.21428571428571427,0.5,2.8102325179950842
Paraíso do Tocantins,2020-08-02,658,12,13,0,22.5,0.21428571428571427,0.5,2.8182258936139557
Paraíso do Tocantins,2020-08-03,662,4,13,0,22.714285714285715,0.21428571428571427,0.5,2.8208579894397
Paraíso do Tocantins,2020-08-04,680,18,13,0,23.714285714285715,0.21428571428571427,2.0,2.832508912706236
Paraíso do Tocantins,2020-08-05,698,18,14,1,24.714285714285715,0.21428571428571427,0.5,2.843855422623161
Paraíso do Tocantins,2020-08-06,786,88,16,2,30.642857142857142,0.35714285714285715,1.5000000000000002,2.895422546039408
Paraíso do Tocantins,2020-08-07,805,19,16,0,31.071428571428573,0.35714285714285715,1.5000000000000002,2.9057958803678687
Paraíso do Tocantins,2020-08-08,833,28,16,0,31.214285714285715,0.35714285714285715,1.5000000000000002,2.9206450014067875
Paraíso do Tocantins,2020-08-09,894,61,16,0,31.357142857142858,0.35714285714285715,1.5000000000000002,2.951337518795918
Paraíso do Tocantins,2020-08-10,906,12,19,3,31.857142857142858,0.5714285714285714,3.0,2.957128197676813
Paraíso do Tocantins,2020-08-11,916,10,19,0,32.5,0.5714285714285714,3.0,2.9618954736678504
Paraíso do Tocantins,2020-08-12,961,45,20,1,34.285714285714285,0.6428571428571429,3.5,2.9827233876685453
Paraíso do Tocantins,2020-08-13,969,8,23,3,29.142857142857142,0.8571428571428571,5.0,2.9863237770507656
Paraíso do Tocantins,2020-08-14,1004,35,23,0,30.071428571428573,0.7857142857142857,2.6666666666666665,3.0017337128090005
Paraíso do Tocantins,2020-08-15,1062,58,24,1,29.714285714285715,0.7857142857142857,2.6666666666666665,3.0261245167454502
Paraíso do Tocantins,2020-08-16,1096,34,25,1,31.285714285714285,0.8571428571428571,3.0,3.0398105541483504
Paraíso do Tocantins,2020-08-17,1203,107,25,0,38.642857142857146,0.8571428571428571,3.0,3.0802656273398448
Paraíso do Tocantins,2020-08-18,1223,20,25,0,38.785714285714285,0.8571428571428571,3.0,3.0874264570362855
Paraíso do Tocantins,2020-08-19,1232,9,25,0,38.142857142857146,0.7857142857142857,2.6666666666666665,3.090610707828407
Paraíso do Tocantins,2020-08-20,1273,41,25,0,34.785714285714285,0.6428571428571429,0.8,3.1048284036536553
Paraíso do Tocantins,2020-08-21,1307,34,26,1,35.857142857142854,0.7142857142857143,1.0,3.116275587580544
Paraíso do Tocantins,2020-08-22,1356,49,27,1,37.357142857142854,0.7857142857142857,1.2,3.1322596895310446
Paraíso do Tocantins,2020-08-23,1376,20,27,0,34.42857142857143,0.7857142857142857,1.2,3.1386184338994925
Paraíso do Tocantins,2020-08-24,1443,67,27,0,38.357142857142854,0.5714285714285714,0.0,3.159266331093494
Paraíso do Tocantins,2020-08-25,1452,9,28,1,38.285714285714285,0.6428571428571429,0.12500000000000014,3.161966616364075
Paraíso do Tocantins,2020-08-26,1470,18,28,0,36.357142857142854,0.5714285714285714,-0.11111111111111123,3.167317334748176
Paraíso do Tocantins,2020-08-27,1544,74,28,0,41.07142857142857,0.35714285714285715,-0.5833333333333333,3.188647295999717
Paraíso do Tocantins,2020-08-28,1560,16,28,0,39.714285714285715,0.35714285714285715,-0.5454545454545454,3.1931245983544616
Paraíso do Tocantins,2020-08-29,1571,11,28,0,36.357142857142854,0.2857142857142857,-0.6363636363636364,3.1961761850399735
Paraíso do Tocantins,2020-08-30,1603,32,29,1,36.214285714285715,0.2857142857142857,-0.6666666666666666,3.204933522354145
Paraíso do Tocantins,2020-08-31,1604,1,32,3,28.642857142857142,0.5,-0.41666666666666663,3.2052043639481447
Paraíso do Tocantins,2020-09-01,1613,9,34,2,27.857142857142858,0.6428571428571429,-0.2499999999999999,3.2076343673889616
Paraíso do Tocantins,2020-09-02,1584,-29,35,1,25.142857142857142,0.7142857142857143,-0.09090909090909087,3.1997551772534747
Paraíso do Tocantins,2020-09-03,1633,49,36,1,25.714285714285715,0.7857142857142857,0.2222222222222221,3.212986184736668
Paraíso do Tocantins,2020-09-04,1724,91,36,0,29.785714285714285,0.7142857142857143,0.0,3.236537261488694
Paraíso do Tocantins,2020-09-05,1767,43,36,0,29.357142857142858,0.6428571428571429,-0.18181818181818174,3.247236549506764
Paraíso do Tocantins,2020-09-06,1771,4,36,0,28.214285714285715,0.6428571428571429,-0.18181818181818174,3.248218561190075
Paraíso do Tocantins,2020-09-07,1788,17,37,1,24.642857142857142,0.7142857142857143,0.2500000000000001,3.2523675144598987
Paraíso do Tocantins,2020-09-08,1801,13,37,0,24.928571428571427,0.6428571428571429,0.0,3.2555137128195333
Paraíso do Tocantins,2020-09-09,1829,28,37,0,25.642857142857142,0.6428571428571429,0.12500000000000014,3.262213705476417
Paraíso do Tocantins,2020-09-10,1860,31,38,1,22.571428571428573,0.7142857142857143,1.0,3.269512944217916
Paraíso do Tocantins,2020-09-11,1921,61,38,0,25.785714285714285,0.7142857142857143,1.0,3.2835273648616936
Paraíso do Tocantins,2020-09-12,1930,9,39,1,25.642857142857142,0.7857142857142857,1.75,3.285557309007774
Paraíso do Tocantins,2020-09-13,1955,25,39,0,25.142857142857142,0.7142857142857143,1.5000000000000002,3.2911467617318855
Paraíso do Tocantins,2020-09-14,1955,0,39,0,25.071428571428573,0.5,0.0,3.2911467617318855
Paraíso do Tocantins,2020-09-15,1980,25,39,0,26.214285714285715,0.35714285714285715,-0.4444444444444445,3.296665190261531
Paraíso do Tocantins,2020-09-16,1992,12,40,1,29.142857142857142,0.35714285714285715,-0.5,3.29928933408768
Paraíso do Tocantins,2020-09-17,2021,29,41,1,27.714285714285715,0.35714285714285715,-0.5454545454545454,3.305566313515304
Paraíso do Tocantins,2020-09-18,2081,60,41,0,25.5,0.35714285714285715,-0.5,3.318272080211627
Paraíso do Tocantins,2020-09-19,2105,24,41,0,24.142857142857142,0.35714285714285715,-0.4444444444444445,3.323252100171687
Paraíso do Tocantins,2020-09-20,2105,0,41,0,23.857142857142858,0.35714285714285715,-0.4444444444444445,3.323252100171687
Paraíso do Tocantins,2020-09-21,2119,14,41,0,23.642857142857142,0.2857142857142857,-0.6,3.3261309567107946
Paraíso do Tocantins,2020-09-22,2155,36,41,0,25.285714285714285,0.2857142857142857,-0.5555555555555556,3.3334472744967503
Paraíso do Tocantins,2020-09-23,2188,33,41,0,25.642857142857142,0.2857142857142857,-0.5555555555555556,3.340047317661393
Paraíso do Tocantins,2020-09-24,2222,34,41,0,25.857142857142858,0.21428571428571427,-0.7,3.346744054604849
Paraíso do Tocantins,2020-09-25,2249,27,41,0,23.428571428571427,0.21428571428571427,-0.7,3.351989455435632
Paraíso do Tocantins,2020-09-26,2273,24,42,1,24.5,0.21428571428571427,-0.7272727272727273,3.356599435724971
Paraíso do Tocantins,2020-09-27,2308,35,42,0,25.214285714285715,0.21428571428571427,-0.7,3.363235804483694
Paraíso do Tocantins,2020-09-28,2309,1,43,1,25.285714285714285,0.2857142857142857,-0.4285714285714286,3.3634239329171765
Paraíso do Tocantins,2020-09-29,2316,7,43,0,24.0,0.2857142857142857,-0.20000000000000007,3.3647385550553985
Paraíso do Tocantins,2020-09-30,2315,-1,43,0,23.071428571428573,0.21428571428571427,-0.4,3.364550995353972
Paraíso do Tocantins,2020-10-01,2379,64,44,1,25.571428571428573,0.21428571428571427,-0.4,3.3763944420372662
Paraíso do Tocantins,2020-10-02,2393,14,44,0,22.285714285714285,0.21428571428571427,-0.4,3.378942698613437
Paraíso do Tocantins,2020-10-03,2397,4,44,0,20.857142857142858,0.21428571428571427,-0.4,3.379668034033654
Paraíso do Tocantins,2020-10-04,2397,0,44,0,20.857142857142858,0.21428571428571427,-0.4,3.379668034033654
Paraíso do Tocantins,2020-10-05,2398,1,44,0,19.928571428571427,0.21428571428571427,-0.25,3.37984917876283
Paraíso do Tocantins,2020-10-06,2398,0,44,0,17.357142857142858,0.21428571428571427,-0.25,3.37984917876283
Paraíso do Tocantins,2020-10-07,2414,16,44,0,16.142857142857142,0.21428571428571427,-0.25,3.3827372657613304
Paraíso do Tocantins,2020-10-08,2425,11,44,0,14.5,0.21428571428571427,0.0,3.3847117429382823
Paraíso do Tocantins,2020-10-09,2435,10,45,1,13.285714285714286,0.2857142857142857,0.3333333333333333,3.386498965550653
Paraíso do Tocantins,2020-10-10,2444,9,45,0,12.214285714285714,0.21428571428571427,0.0,3.3881012015705165
Paraíso do Tocantins,2020-10-11,2444,0,45,0,9.714285714285714,0.21428571428571427,0.0,3.3881012015705165
Paraíso do Tocantins,2020-10-12,2444,0,45,0,9.642857142857142,0.14285714285714285,-0.5,3.3881012015705165
Paraíso do Tocantins,2020-10-13,2444,0,45,0,9.142857142857142,0.14285714285714285,-0.5,3.3881012015705165
Paraíso do Tocantins,2020-10-14,2488,44,45,0,12.357142857142858,0.14285714285714285,-0.3333333333333333,3.3958503760187813
Paraíso do Tocantins,2020-10-15,2509,21,45,0,9.285714285714286,0.07142857142857142,-0.6666666666666666,3.3995006613146104
Paraíso do Tocantins,2020-10-16,2521,12,45,0,9.142857142857142,0.07142857142857142,-0.6666666666666666,3.401572845676446
Paraíso do Tocantins,2020-10-17,2528,7,45,0,9.357142857142858,0.07142857142857142,-0.6666666666666666,3.402777069610347
Paraíso do Tocantins,2020-10-18,2528,0,45,0,9.357142857142858,0.07142857142857142,-0.6666666666666666,3.402777069610347
Paraíso do Tocantins,2020-10-19,2536,8,45,0,9.857142857142858,0.07142857142857142,-0.6666666666666666,3.404149249209695
Paraíso do Tocantins,2020-10-20,2538,2,46,1,10.0,0.14285714285714285,-0.3333333333333333,3.404491617758686
Paraíso do Tocantins,2020-10-21,2539,1,46,0,8.928571428571429,0.14285714285714285,-0.3333333333333333,3.4046627008737222
Paraíso do Tocantins,2020-10-22,2554,15,46,0,9.214285714285714,0.14285714285714285,-0.3333333333333333,3.4072208929273966
Paraíso do Tocantins,2020-10-23,2558,4,46,0,8.785714285714286,0.07142857142857142,-0.75,3.407900540142635
Paraíso do Tocantins,2020-10-24,2560,2,46,0,8.285714285714286,0.07142857142857142,-0.6666666666666666,3.4082399653118496
Paraíso do Tocantins,2020-10-25,2560,0,46,0,8.285714285714286,0.07142857142857142,-0.6666666666666666,3.4082399653118496
Paraíso do Tocantins,2020-10-26,2560,0,46,0,8.285714285714286,0.07142857142857142,-0.5,3.4082399653118496
Paraíso do Tocantins,2020-10-27,2562,2,46,0,8.428571428571429,0.07142857142857142,-0.5,3.4085791254086675
Paraíso do Tocantins,2020-10-28,2567,5,46,0,5.642857142857143,0.07142857142857142,-0.5,3.4094258686714434
Paraíso do Tocantins,2020-10-29,2566,-1,46,0,4.071428571428571,0.07142857142857142,0.0,3.4092566520389096
Paraíso do Tocantins,2020-10-30,2573,7,46,0,3.7142857142857144,0.07142857142857142,0.0,3.4104397862103464
Paraíso do Tocantins,2020-10-31,2572,-1,46,0,3.142857142857143,0.07142857142857142,0.0,3.4102709642521845
Paraíso do Tocantins,2020-11-01,2573,1,46,0,3.2142857142857144,0.07142857142857142,0.0,3.4104397862103464
Paraíso do Tocantins,2020-11-02,2573,0,46,0,2.642857142857143,0.07142857142857142,0.0,3.4104397862103464
Paraíso do Tocantins,2020-11-03,2571,-2,46,0,2.357142857142857,0.0,-1.0,3.4101020766428607
Paraíso do Tocantins,2020-11-04,2574,3,48,2,2.5,0.14285714285714285,0.0,3.410608542568368
Paraíso do Tocantins,2020-11-05,2578,4,48,0,1.7142857142857142,0.14285714285714285,0.0,3.4112829130173843
Paraíso do Tocantins,2020-11-06,2582,4,48,0,1.7142857142857142,0.14285714285714285,1.0,3.4119562379304016
Paraíso do Tocantins,2020-11-07,2582,0,48,0,1.5714285714285714,0.14285714285714285,1.0,3.4119562379304016
Paraíso do Tocantins,2020-11-08,2583,1,48,0,1.6428571428571428,0.14285714285714285,1.0,3.412124406173317
Paraíso do Tocantins,2020-11-09,2583,0,48,0,1.6428571428571428,0.14285714285714285,1.0,3.412124406173317
Paraíso do Tocantins,2020-11-10,2583,0,48,0,1.5,0.14285714285714285,1.0,3.412124406173317
Paraíso do Tocantins,2020-11-11,2594,11,48,0,1.9285714285714286,0.14285714285714285,1.0,3.4139699717480614
Paraíso do Tocantins,2020-11-12,2593,-1,48,0,1.9285714285714286,0.14285714285714285,1.0,3.4138025167693513
Paraíso do Tocantins,2020-11-13,2596,3,48,0,1.6428571428571428,0.14285714285714285,1.0,3.4143046881283317
Paraíso do Tocantins,2020-11-14,2597,1,49,1,1.7857142857142858,0.21428571428571427,2.0,3.4144719496293026
Paraíso do Tocantins,2020-11-15,2599,2,49,0,1.8571428571428572,0.21428571428571427,2.0,3.4148062795010126
Paraíso do Tocantins,2020-11-16,2598,-1,49,0,1.7857142857142858,0.21428571428571427,2.0,3.414639146737009
Paraíso do Tocantins,2020-11-17,2603,5,49,0,2.2857142857142856,0.21428571428571427,inf,3.4154741681092355
Paraíso do Tocantins,2020-11-18,2607,4,49,0,2.357142857142857,0.07142857142857142,-0.5,3.416141031168329
Paraíso do Tocantins,2020-11-19,2607,0,49,0,2.0714285714285716,0.07142857142857142,-0.5,3.416141031168329
Paraíso do Tocantins,2020-11-20,2613,6,49,0,2.2142857142857144,0.07142857142857142,-0.5,3.4171394097273255
Paraíso do Tocantins,2020-11-21,2617,4,49,0,2.5,0.07142857142857142,-0.5,3.417803722639881
Paraíso do Tocantins,2020-11-22,2618,1,49,0,2.5,0.07142857142857142,-0.5,3.417969642214737
Paraíso do Tocantins,2020-11-23,2618,0,49,0,2.5,0.07142857142857142,-0.5,3.417969642214737
Paraíso do Tocantins,2020-11-24,2619,1,49,0,2.5714285714285716,0.07142857142857142,-0.5,3.418135498425232
Paraíso do Tocantins,2020-11-25,2624,5,49,0,2.142857142857143,0.07142857142857142,-0.5,3.4189638307036225
Paraíso do Tocantins,2020-11-26,2637,13,49,0,3.142857142857143,0.07142857142857142,-0.5,3.4211101297934343
Paraíso do Tocantins,2020-11-27,2642,5,49,0,3.2857142857142856,0.07142857142857142,-0.5,3.4219328132785085
Paraíso do Tocantins,2020-11-28,2647,5,49,0,3.5714285714285716,0.0,-1.0,3.422753941301348
Paraíso do Tocantins,2020-11-29,2647,0,49,0,3.4285714285714284,0.0,-1.0,3.422753941301348
Paraíso do Tocantins,2020-11-30,2650,3,49,0,3.7142857142857144,0.0,-1.0,3.423245873936808
Paraíso do Tocantins,2020-12-01,2651,1,49,0,3.4285714285714284,0.0,-1.0,3.4234097277330933
Paraíso do Tocantins,2020-12-02,2670,19,49,0,4.5,0.0,-1.0,3.4265112613645754
Paraíso do Tocantins,2020-12-03,2674,4,49,0,4.785714285714286,0.0,-1.0,3.4271614029259654
Paraíso do Tocantins,2020-12-04,2674,0,49,0,4.357142857142857,0.0,-1.0,3.4271614029259654
Paraíso do Tocantins,2020-12-05,2679,5,49,0,4.428571428571429,0.0,-1.0,3.427972713608209
Paraíso do Tocantins,2020-12-06,2679,0,49,0,4.357142857142857,0.0,-1.0,3.427972713608209
Paraíso do Tocantins,2020-12-07,2680,1,49,0,4.428571428571429,0.0,-1.0,3.428134794028789
Paraíso do Tocantins,2020-12-08,2683,3,49,0,4.571428571428571,0.0,-1.0,3.428620672671939
Paraíso do Tocantins,2020-12-09,2702,19,49,0,5.571428571428571,0.0,-1.0,3.4316853446860116
Paraíso do Tocantins,2020-12-10,2709,7,49,0,5.142857142857143,0.0,-1.0,3.4328090050331683
Paraíso do Tocantins,2020-12-11,2711,2,49,0,4.928571428571429,0.0,-1.0,3.4331295175804857
Paraíso do Tocantins,2020-12-12,2711,0,49,0,4.571428571428571,0.0,,3.4331295175804857
Paraíso do Tocantins,2020-12-13,2711,0,49,0,4.571428571428571,0.0,,3.4331295175804857
Paraíso do Tocantins,2020-12-14,2720,9,49,0,5.0,0.0,,3.4345689040341987
Paraíso do Tocantins,2020-12-15,2720,0,49,0,4.928571428571429,0.0,,3.4345689040341987
Paraíso do Tocantins,2020-12-16,2720,0,49,0,3.5714285714285716,0.0,,3.4345689040341987
Paraíso do Tocantins,2020-12-17,2741,21,49,0,4.785714285714286,0.0,,3.4379090355394983
Paraíso do Tocantins,2020-12-18,2747,6,49,0,5.214285714285714,0.0,,3.438858659420562
Paraíso do Tocantins,2020-12-19,2747,0,49,0,4.857142857142857,0.0,,3.438858659420562
Paraíso do Tocantins,2020-12-20,2760,13,49,0,5.785714285714286,0.0,,3.4409090820652177
Paraíso do Tocantins,2020-12-21,2760,0,49,0,5.714285714285714,0.0,,3.4409090820652177
Paraíso do Tocantins,2020-12-22,2763,3,49,0,5.714285714285714,0.0,,3.4413808849165113
Paraíso do Tocantins,2020-12-23,2765,2,49,0,4.5,0.0,,3.441695135640717
Paraíso do Tocantins,2020-12-24,2778,13,49,0,4.928571428571429,0.0,,3.4437322414015967
Paraíso do Tocantins,2020-12-25,2783,5,49,0,5.142857142857143,0.0,,3.444513206334043
Paraíso do Tocantins,2020-12-26,2792,9,49,0,5.785714285714286,0.0,,3.4459154139511234
Paraíso do Tocantins,2020-12-27,2792,0,49,0,5.785714285714286,0.0,,3.4459154139511234
Paraíso do Tocantins,2020-12-28,2793,1,49,0,5.214285714285714,0.0,,3.446070935701005
Paraíso do Tocantins,2020-12-29,2809,16,49,0,6.357142857142857,0.0,,3.4485517392015783
Paraíso do Tocantins,2020-12-30,2809,0,49,0,6.357142857142857,0.0,,3.4485517392015783
Paraíso do Tocantins,2020-12-31,2824,15,49,0,5.928571428571429,0.0,,3.450864692379766
Paraíso do Tocantins,2021-01-01,2824,0,49,0,5.5,0.0,,3.450864692379766
Paraíso do Tocantins,2021-01-02,2824,0,49,0,5.5,0.0,,3.450864692379766
Paraíso do Tocantins,2021-01-03,2824,0,49,0,4.571428571428571,0.0,,3.450864692379766
Paraíso do Tocantins,2021-01-04,2837,13,49,0,5.5,0.0,,3.452859335795852
Paraíso do Tocantins,2021-01-05,2850,13,49,0,6.214285714285714,0.0,,3.45484486000851
Paraíso do Tocantins,2021-01-06,2855,5,49,0,6.428571428571429,0.0,,3.455606112581867
Paraíso do Tocantins,2021-01-07,2907,52,50,1,9.214285714285714,0.07142857142857142,inf,3.4634450317704277
Paraíso do Tocantins,2021-01-08,2939,32,50,0,11.142857142857142,0.07142857142857142,inf,3.4681995860726125
Paraíso do Tocantins,2021-01-09,2940,1,50,0,10.571428571428571,0.07142857142857142,inf,3.4683473304121573
Paraíso do Tocantins,2021-01-10,2947,7,50,0,11.071428571428571,0.07142857142857142,inf,3.469380135849925
Paraíso do Tocantins,2021-01-11,2983,36,50,0,13.571428571428571,0.07142857142857142,inf,3.474653253362063
Paraíso do Tocantins,2021-01-12,3030,47,51,1,15.785714285714286,0.14285714285714285,inf,3.481442628502305
Paraíso do Tocantins,2021-01-13,3041,11,51,0,16.571428571428573,0.14285714285714285,inf,3.483016420144132
Paraíso do Tocantins,2021-01-14,3105,64,51,0,20.071428571428573,0.14285714285714285,inf,3.492061604512599
Paraíso do Tocantins,2021-01-15,3131,26,51,0,21.928571428571427,0.14285714285714285,inf,3.4956830676169153
Paraíso do Tocantins,2021-01-16,3134,3,51,0,22.142857142857142,0.14285714285714285,inf,3.496098992132571
Paraíso do Tocantins,2021-01-17,3154,20,51,0,23.571428571428573,0.14285714285714285,inf,3.498861688992884
Paraíso do Tocantins,2021-01-18,3204,50,51,0,26.214285714285715,0.14285714285714285,inf,3.5056925074122
Paraíso do Tocantins,2021-01-19,3228,24,51,0,27.0,0.14285714285714285,inf,3.5089335260500327
Paraíso do Tocantins,2021-01-20,3254,26,51,0,28.5,0.14285714285714285,inf,3.51241754860084
Itaguatins,2020-03-27,0,0,0,0,,,,0.0
Itaguatins,2020-03-28,0,0,0,0,,,,0.0
Itaguatins,2020-03-29,0,0,0,0,,,,0.0
Itaguatins,2020-03-30,0,0,0,0,,,,0.0
Itaguatins,2020-03-31,0,0,0,0,,,,0.0
Itaguatins,2020-04-01,0,0,0,0,,,,0.0
Itaguatins,2020-04-02,0,0,0,0,,,,0.0
Itaguatins,2020-04-03,0,0,0,0,,,,0.0
Itaguatins,2020-04-04,0,0,0,0,,,,0.0
Itaguatins,2020-04-05,0,0,0,0,,,,0.0
Itaguatins,2020-04-06,0,0,0,0,,,,0.0
Itaguatins,2020-04-07,0,0,0,0,,,,0.0
Itaguatins,2020-04-08,0,0,0,0,,,,0.0
Itaguatins,2020-04-09,0,0,0,0,0.0,0.0,,0.0
Itaguatins,2020-04-10,0,0,0,0,0.0,0.0,,0.0
Itaguatins,2020-04-11,0,0,0,0,0.0,0.0,,0.0
Itaguatins,2020-04-12,0,0,0,0,0.0,0.0,,0.0
Itaguatins,2020-04-13,0,0,0,0,0.0,0.0,,0.0
Itaguatins,2020-04-14,0,0,0,0,0.0,0.0,,0.0
Itaguatins,2020-04-15,0,0,0,0,0.0,0.0,,0.0
Itaguatins,2020-04-16,0,0,0,0,0.0,0.0,,0.0
Itaguatins,2020-04-17,0,0,0,0,0.0,0.0,,0.0
Itaguatins,2020-04-18,0,0,0,0,0.0,0.0,,0.0
Itaguatins,2020-04-19,0,0,0,0,0.0,0.0,,0.0
Itaguatins,2020-04-20,0,0,0,0,0.0,0.0,,0.0
Itaguatins,2020-04-21,0,0,0,0,0.0,0.0,,0.0
Itaguatins,2020-04-22,0,0,0,0,0.0,0.0,,0.0
Itaguatins,2020-04-23,0,0,0,0,0.0,0.0,,0.0
Itaguatins,2020-04-24,0,0,0,0,0.0,0.0,,0.0
Itaguatins,2020-04-25,0,0,0,0,0.0,0.0,,0.0
Itaguatins,2020-04-26,0,0,0,0,0.0,0.0,,0.0
Itaguatins,2020-04-27,0,0,0,0,0.0,0.0,,0.0
Itaguatins,2020-04-28,0,0,0,0,0.0,0.0,,0.0
Itaguatins,2020-04-29,0,0,0,0,0.0,0.0,,0.0
Itaguatins,2020-04-30,0,0,0,0,0.0,0.0,,0.0
Itaguatins,2020-05-01,0,0,0,0,0.0,0.0,,0.0
Itaguatins,2020-05-02,0,0,0,0,0.0,0.0,,0.0
Itaguatins,2020-05-03,0,0,0,0,0.0,0.0,,0.0
Itaguatins,2020-05-04,0,0,0,0,0.0,0.0,,0.0
Itaguatins,2020-05-05,0,0,0,0,0.0,0.0,,0.0
Itaguatins,2020-05-06,0,0,0,0,0.0,0.0,,0.0
Itaguatins,2020-05-07,0,0,0,0,0.0,0.0,,0.0
Itaguatins,2020-05-08,0,0,0,0,0.0,0.0,,0.0
Itaguatins,2020-05-09,0,0,0,0,0.0,0.0,,0.0
Itaguatins,2020-05-10,0,0,0,0,0.0,0.0,,0.0
Itaguatins,2020-05-11,0,0,0,0,0.0,0.0,,0.0
Itaguatins,2020-05-12,0,0,0,0,0.0,0.0,,0.0
Itaguatins,2020-05-13,0,0,0,0,0.0,0.0,,0.0
Itaguatins,2020-05-14,4,4,0,0,0.2857142857142857,0.0,,0.6020599913279624
Itaguatins,2020-05-15,5,1,0,0,0.35714285714285715,0.0,,0.6989700043360189
Itaguatins,2020-05-16,5,0,0,0,0.35714285714285715,0.0,,0.6989700043360189
Itaguatins,2020-05-17,14,9,0,0,1.0,0.0,,1.146128035678238
Itaguatins,2020-05-18,14,0,0,0,1.0,0.0,,1.146128035678238
Itaguatins,2020-05-19,15,1,0,0,1.0714285714285714,0.0,,1.1760912590556813
Itaguatins,2020-05-20,15,0,0,0,1.0714285714285714,0.0,,1.1760912590556813
Itaguatins,2020-05-21,18,3,0,0,1.2857142857142858,0.0,,1.255272505103306
Itaguatins,2020-05-22,22,4,0,0,1.5714285714285714,0.0,,1.3424226808222062
Itaguatins,2020-05-23,29,7,0,0,2.0714285714285716,0.0,,1.462397997898956
Itaguatins,2020-05-24,29,0,0,0,2.0714285714285716,0.0,,1.462397997898956
Itaguatins,2020-05-25,33,4,0,0,2.357142857142857,0.0,,1.5185139398778875
Itaguatins,2020-05-26,33,0,0,0,2.357142857142857,0.0,,1.5185139398778875
Itaguatins,2020-05-27,42,9,0,0,3.0,0.0,,1.6232492903979006
Itaguatins,2020-05-28,42,0,0,0,2.7142857142857144,0.0,,1.6232492903979006
Itaguatins,2020-05-29,47,5,0,0,3.0,0.0,,1.6720978579357175
Itaguatins,2020-05-30,49,2,0,0,3.142857142857143,0.0,,1.6901960800285136
Itaguatins,2020-05-31,56,7,0,0,3.0,0.0,,1.7481880270062005
Itaguatins,2020-06-01,58,2,0,0,3.142857142857143,0.0,,1.7634279935629373
Itaguatins,2020-06-02,58,0,0,0,3.0714285714285716,0.0,,1.7634279935629373
Itaguatins,2020-06-03,61,3,0,0,3.2857142857142856,0.0,,1.7853298350107671
Itaguatins,2020-06-04,65,4,0,0,3.357142857142857,0.0,,1.8129133566428555
Itaguatins,2020-06-05,67,2,0,0,3.2142857142857144,0.0,,1.8260748027008264
Itaguatins,2020-06-06,67,0,0,0,2.7142857142857144,0.0,,1.8260748027008264
Itaguatins,2020-06-07,69,2,0,0,2.857142857142857,0.0,,1.8388490907372552
Itaguatins,2020-06-08,70,1,1,1,2.642857142857143,0.07142857142857142,inf,1.845098040014257
Itaguatins,2020-06-09,73,3,1,0,2.857142857142857,0.07142857142857142,inf,1.863322860120456
Itaguatins,2020-06-10,74,1,1,0,2.2857142857142856,0.07142857142857142,inf,1.8692317197309762
Itaguatins,2020-06-11,76,2,1,0,2.4285714285714284,0.07142857142857142,inf,1.8808135922807914
Itaguatins,2020-06-12,77,1,1,0,2.142857142857143,0.07142857142857142,inf,1.8864907251724818
Itaguatins,2020-06-13,77,0,1,0,2.0,0.07142857142857142,inf,1.8864907251724818
Itaguatins,2020-06-14,77,0,1,0,1.5,0.07142857142857142,inf,1.8864907251724818
Itaguatins,2020-06-15,78,1,1,0,1.4285714285714286,0.07142857142857142,inf,1.8920946026904804
Itaguatins,2020-06-16,85,7,1,0,1.9285714285714286,0.07142857142857142,inf,1.9294189257142929
Itaguatins,2020-06-17,85,0,1,0,1.7142857142857142,0.07142857142857142,inf,1.9294189257142929
Itaguatins,2020-06-18,85,0,1,0,1.4285714285714286,0.07142857142857142,inf,1.9294189257142929
Itaguatins,2020-06-19,85,0,1,0,1.2857142857142858,0.07142857142857142,inf,1.9294189257142929
Itaguatins,2020-06-20,85,0,1,0,1.2857142857142858,0.07142857142857142,inf,1.9294189257142929
Itaguatins,2020-06-21,85,0,0,-1,1.1428571428571428,0.0,,1.9294189257142929
Itaguatins,2020-06-22,85,0,1,1,1.0714285714285714,0.0,-1.0,1.9294189257142929
Itaguatins,2020-06-23,88,3,1,0,1.0714285714285714,0.0,-1.0,1.9444826721501687
Itaguatins,2020-06-24,90,2,0,-1,1.1428571428571428,-0.07142857142857142,-2.0,1.9542425094393248
Itaguatins,2020-06-25,90,0,1,1,1.0,0.0,-1.0,1.9542425094393248
Itaguatins,2020-06-26,90,0,1,0,0.9285714285714286,0.0,-1.0,1.9542425094393248
Itaguatins,2020-06-27,90,0,1,0,0.9285714285714286,0.0,-1.0,1.9542425094393248
Itaguatins,2020-06-28,90,0,1,0,0.9285714285714286,0.0,-1.0,1.9542425094393248
Itaguatins,2020-06-29,91,1,1,0,0.9285714285714286,0.0,-1.0,1.9590413923210936
Itaguatins,2020-06-30,91,0,1,0,0.42857142857142855,0.0,-1.0,1.9590413923210936
Itaguatins,2020-07-01,92,1,1,0,0.5,0.0,-1.0,1.9637878273455553
Itaguatins,2020-07-02,92,0,1,0,0.5,0.0,-1.0,1.9637878273455553
Itaguatins,2020-07-03,92,0,1,0,0.5,0.0,-1.0,1.9637878273455553
Itaguatins,2020-07-04,92,0,1,0,0.5,0.0,-1.0,1.9637878273455553
Itaguatins,2020-07-05,92,0,1,0,0.5,0.07142857142857142,inf,1.9637878273455553
Itaguatins,2020-07-06,92,0,1,0,0.5,0.0,,1.9637878273455553
Itaguatins,2020-07-07,94,2,1,0,0.42857142857142855,0.0,,1.9731278535996986
Itaguatins,2020-07-08,94,0,1,0,0.2857142857142857,0.07142857142857142,-2.0,1.9731278535996986
Itaguatins,2020-07-09,94,0,1,0,0.2857142857142857,0.0,,1.9731278535996986
Itaguatins,2020-07-10,94,0,1,0,0.2857142857142857,0.0,,1.9731278535996986
Itaguatins,2020-07-11,94,0,1,0,0.2857142857142857,0.0,,1.9731278535996986
Itaguatins,2020-07-12,94,0,1,0,0.2857142857142857,0.0,,1.9731278535996986
Itaguatins,2020-07-13,94,0,1,0,0.21428571428571427,0.0,,1.9731278535996986
Itaguatins,2020-07-14,95,1,1,0,0.2857142857142857,0.0,,1.9777236052888478
Itaguatins,2020-07-15,95,0,1,0,0.21428571428571427,0.0,,1.9777236052888478
Itaguatins,2020-07-16,95,0,1,0,0.21428571428571427,0.0,,1.9777236052888478
Itaguatins,2020-07-17,95,0,1,0,0.21428571428571427,0.0,,1.9777236052888478
Itaguatins,2020-07-18,95,0,1,0,0.21428571428571427,0.0,,1.9777236052888478
Itaguatins,2020-07-19,95,0,1,0,0.21428571428571427,0.0,-1.0,1.9777236052888478
Itaguatins,2020-07-20,95,0,1,0,0.21428571428571427,0.0,,1.9777236052888478
Itaguatins,2020-07-21,95,0,1,0,0.07142857142857142,0.0,,1.9777236052888478
Itaguatins,2020-07-22,95,0,1,0,0.07142857142857142,0.0,-1.0,1.9777236052888478
Itaguatins,2020-07-23,95,0,1,0,0.07142857142857142,0.0,,1.9777236052888478
Itaguatins,2020-07-24,95,0,1,0,0.07142857142857142,0.0,,1.9777236052888478
Itaguatins,2020-07-25,95,0,1,0,0.07142857142857142,0.0,,1.9777236052888478
Itaguatins,2020-07-26,95,0,1,0,0.07142857142857142,0.0,,1.9777236052888478
Itaguatins,2020-07-27,96,1,1,0,0.14285714285714285,0.0,,1.9822712330395684
Itaguatins,2020-07-28,99,3,1,0,0.2857142857142857,0.0,,1.99563519459755
Itaguatins,2020-07-29,100,1,1,0,0.35714285714285715,0.0,,2.0
Itaguatins,2020-07-30,100,0,1,0,0.35714285714285715,0.0,,2.0
Itaguatins,2020-07-31,100,0,1,0,0.35714285714285715,0.0,,2.0
Itaguatins,2020-08-01,100,0,1,0,0.35714285714285715,0.0,,2.0
Itaguatins,2020-08-02,100,0,1,0,0.35714285714285715,0.0,,2.0
Itaguatins,2020-08-03,100,0,1,0,0.35714285714285715,0.0,,2.0
Itaguatins,2020-08-04,102,2,1,0,0.5,0.0,,2.0086001717619175
Itaguatins,2020-08-05,102,0,1,0,0.5,0.0,,2.0086001717619175
Itaguatins,2020-08-06,102,0,1,0,0.5,0.0,,2.0086001717619175
Itaguatins,2020-08-07,102,0,1,0,0.5,0.0,,2.0086001717619175
Itaguatins,2020-08-08,102,0,1,0,0.5,0.0,,2.0086001717619175
Itaguatins,2020-08-09,102,0,1,0,0.5,0.0,,2.0086001717619175
Itaguatins,2020-08-10,102,0,1,0,0.42857142857142855,0.0,,2.0086001717619175
Itaguatins,2020-08-11,104,2,1,0,0.35714285714285715,0.0,,2.0170333392987803
Itaguatins,2020-08-12,107,3,1,0,0.5,0.0,,2.0293837776852097
Itaguatins,2020-08-13,107,0,1,0,0.5,0.0,,2.0293837776852097
Itaguatins,2020-08-14,113,6,1,0,0.9285714285714286,0.0,,2.05307844348342
Itaguatins,2020-08-15,114,1,1,0,1.0,0.0,,2.0569048513364727
Itaguatins,2020-08-16,114,0,1,0,1.0,0.0,,2.0569048513364727
Itaguatins,2020-08-17,114,0,1,0,1.0,0.0,,2.0569048513364727
Itaguatins,2020-08-18,115,1,1,0,0.9285714285714286,0.0,,2.060697840353612
Itaguatins,2020-08-19,115,0,1,0,0.9285714285714286,0.0,,2.060697840353612
Itaguatins,2020-08-20,115,0,1,0,0.9285714285714286,0.0,,2.060697840353612
Itaguatins,2020-08-21,115,0,1,0,0.9285714285714286,0.0,,2.060697840353612
Itaguatins,2020-08-22,115,0,1,0,0.9285714285714286,0.0,,2.060697840353612
Itaguatins,2020-08-23,116,1,2,1,1.0,0.07142857142857142,inf,2.0644579892269186
Itaguatins,2020-08-24,116,0,2,0,1.0,0.07142857142857142,inf,2.0644579892269186
Itaguatins,2020-08-25,121,5,2,0,1.2142857142857142,0.07142857142857142,inf,2.08278537031645
Itaguatins,2020-08-26,121,0,2,0,1.0,0.07142857142857142,inf,2.08278537031645
Itaguatins,2020-08-27,121,0,2,0,1.0,0.07142857142857142,inf,2.08278537031645
Itaguatins,2020-08-28,122,1,2,0,0.6428571428571429,0.07142857142857142,inf,2.0863598306747484
Itaguatins,2020-08-29,123,1,2,0,0.6428571428571429,0.07142857142857142,inf,2.089905111439398
Itaguatins,2020-08-30,123,0,2,0,0.6428571428571429,0.07142857142857142,inf,2.089905111439398
Itaguatins,2020-08-31,123,0,2,0,0.6428571428571429,0.07142857142857142,inf,2.089905111439398
Itaguatins,2020-09-01,123,0,2,0,0.5714285714285714,0.07142857142857142,inf,2.089905111439398
Itaguatins,2020-09-02,126,3,2,0,0.7857142857142857,0.07142857142857142,inf,2.100370545117563
Itaguatins,2020-09-03,127,1,2,0,0.8571428571428571,0.07142857142857142,inf,2.103803720955957
Itaguatins,2020-09-04,127,0,2,0,0.8571428571428571,0.07142857142857142,inf,2.103803720955957
Itaguatins,2020-09-05,127,0,2,0,0.8571428571428571,0.07142857142857142,inf,2.103803720955957
Itaguatins,2020-09-06,128,1,2,0,0.8571428571428571,0.0,-1.0,2.1072099696478683
Itaguatins,2020-09-07,128,0,2,0,0.8571428571428571,0.0,-1.0,2.1072099696478683
Itaguatins,2020-09-08,128,0,2,0,0.5,0.0,-1.0,2.1072099696478683
Itaguatins,2020-09-09,128,0,2,0,0.5,0.0,-1.0,2.1072099696478683
Itaguatins,2020-09-10,129,1,2,0,0.5714285714285714,0.0,-1.0,2.110589710299249
Itaguatins,2020-09-11,130,1,2,0,0.5714285714285714,0.0,-1.0,2.113943352306837
Itaguatins,2020-09-12,130,0,2,0,0.5,0.0,-1.0,2.113943352306837
Itaguatins,2020-09-13,130,0,2,0,0.5,0.0,-1.0,2.113943352306837
Itaguatins,2020-09-14,130,0,2,0,0.5,0.0,-1.0,2.113943352306837
Itaguatins,2020-09-15,133,3,2,0,0.7142857142857143,0.0,-1.0,2.123851640967086
Itaguatins,2020-09-16,133,0,2,0,0.5,0.0,-1.0,2.123851640967086
Itaguatins,2020-09-17,133,0,2,0,0.42857142857142855,0.0,-1.0,2.123851640967086
Itaguatins,2020-09-18,133,0,2,0,0.42857142857142855,0.0,-1.0,2.123851640967086
Itaguatins,2020-09-19,133,0,2,0,0.42857142857142855,0.0,-1.0,2.123851640967086
Itaguatins,2020-09-20,133,0,2,0,0.35714285714285715,0.0,,2.123851640967086
Itaguatins,2020-09-21,133,0,2,0,0.35714285714285715,0.0,,2.123851640967086
Itaguatins,2020-09-22,134,1,2,0,0.42857142857142855,0.0,,2.1271047983648077
Itaguatins,2020-09-23,134,0,2,0,0.42857142857142855,0.0,,2.1271047983648077
Itaguatins,2020-09-24,135,1,2,0,0.42857142857142855,0.0,,2.130333768495006
Itaguatins,2020-09-25,135,0,2,0,0.35714285714285715,0.0,,2.130333768495006
Itaguatins,2020-09-26,135,0,2,0,0.35714285714285715,0.0,,2.130333768495006
Itaguatins,2020-09-27,135,0,2,0,0.35714285714285715,0.0,,2.130333768495006
Itaguatins,2020-09-28,136,1,2,0,0.42857142857142855,0.0,,2.1335389083702174
Itaguatins,2020-09-29,137,1,2,0,0.2857142857142857,0.0,,2.1367205671564067
Itaguatins,2020-09-30,137,0,2,0,0.2857142857142857,0.0,,2.1367205671564067
Itaguatins,2020-10-01,137,0,2,0,0.2857142857142857,0.0,,2.1367205671564067
Itaguatins,2020-10-02,137,0,2,0,0.2857142857142857,0.0,,2.1367205671564067
Itaguatins,2020-10-03,137,0,2,0,0.2857142857142857,0.0,,2.1367205671564067
Itaguatins,2020-10-04,137,0,2,0,0.2857142857142857,0.0,,2.1367205671564067
Itaguatins,2020-10-05,137,0,2,0,0.2857142857142857,0.0,,2.1367205671564067
Itaguatins,2020-10-06,137,0,2,0,0.21428571428571427,0.0,,2.1367205671564067
Itaguatins,2020-10-07,137,0,2,0,0.21428571428571427,0.0,,2.1367205671564067
Itaguatins,2020-10-08,137,0,2,0,0.14285714285714285,0.0,,2.1367205671564067
Itaguatins,2020-10-09,137,0,2,0,0.14285714285714285,0.0,,2.1367205671564067
Itaguatins,2020-10-10,137,0,2,0,0.14285714285714285,0.0,,2.1367205671564067
Itaguatins,2020-10-11,137,0,2,0,0.14285714285714285,0.0,,2.1367205671564067
Itaguatins,2020-10-12,137,0,2,0,0.07142857142857142,0.0,,2.1367205671564067
Itaguatins,2020-10-13,137,0,2,0,0.0,0.0,,2.1367205671564067
Itaguatins,2020-10-14,137,0,2,0,0.0,0.0,,2.1367205671564067
Itaguatins,2020-10-15,137,0,2,0,0.0,0.0,,2.1367205671564067
Itaguatins,2020-10-16,137,0,2,0,0.0,0.0,,2.1367205671564067
Itaguatins,2020-10-17,137,0,2,0,0.0,0.0,,2.1367205671564067
Itaguatins,2020-10-18,137,0,2,0,0.0,0.0,,2.1367205671564067
Itaguatins,2020-10-19,137,0,2,0,0.0,0.0,,2.1367205671564067
Itaguatins,2020-10-20,137,0,2,0,0.0,0.0,,2.1367205671564067
Itaguatins,2020-10-21,137,0,2,0,0.0,0.0,,2.1367205671564067
Itaguatins,2020-10-22,137,0,2,0,0.0,0.0,,2.1367205671564067
Itaguatins,2020-10-23,137,0,2,0,0.0,0.0,,2.1367205671564067
Itaguatins,2020-10-24,138,1,2,0,0.07142857142857142,0.0,,2.1398790864012365
Itaguatins,2020-10-25,138,0,2,0,0.07142857142857142,0.0,,2.1398790864012365
Itaguatins,2020-10-26,138,0,2,0,0.07142857142857142,0.0,,2.1398790864012365
Itaguatins,2020-10-27,138,0,2,0,0.07142857142857142,0.0,,2.1398790864012365
Itaguatins,2020-10-28,142,4,2,0,0.35714285714285715,0.0,,2.1522883443830563
Itaguatins,2020-10-29,143,1,2,0,0.42857142857142855,0.0,,2.155336037465062
Itaguatins,2020-10-30,143,0,2,0,0.42857142857142855,0.0,,2.155336037465062
Itaguatins,2020-10-31,143,0,2,0,0.42857142857142855,0.0,,2.155336037465062
Itaguatins,2020-11-01,143,0,2,0,0.42857142857142855,0.0,,2.155336037465062
Itaguatins,2020-11-02,143,0,2,0,0.42857142857142855,0.0,,2.155336037465062
Itaguatins,2020-11-03,143,0,2,0,0.42857142857142855,0.0,,2.155336037465062
Itaguatins,2020-11-04,146,3,2,0,0.6428571428571429,0.0,,2.164352855784437
Itaguatins,2020-11-05,146,0,2,0,0.6428571428571429,0.0,,2.164352855784437
Itaguatins,2020-11-06,151,5,2,0,1.0,0.0,,2.1789769472931693
Itaguatins,2020-11-07,153,2,2,0,1.0714285714285714,0.0,,2.184691430817599
Itaguatins,2020-11-08,153,0,2,0,1.0714285714285714,0.0,,2.184691430817599
Itaguatins,2020-11-09,153,0,2,0,1.0714285714285714,0.0,,2.184691430817599
Itaguatins,2020-11-10,155,2,2,0,1.2142857142857142,0.0,,2.1903316981702914
Itaguatins,2020-11-11,157,2,2,0,1.0714285714285714,0.0,,2.1958996524092336
Itaguatins,2020-11-12,157,0,2,0,1.0,0.0,,2.1958996524092336
Itaguatins,2020-11-13,157,0,2,0,1.0,0.0,,2.1958996524092336
Itaguatins,2020-11-14,160,3,2,0,1.2142857142857142,0.0,,2.204119982655925
Itaguatins,2020-11-15,160,0,2,0,1.2142857142857142,0.0,,2.204119982655925
Itaguatins,2020-11-16,160,0,2,0,1.2142857142857142,0.0,,2.204119982655925
Itaguatins,2020-11-17,161,1,2,0,1.2857142857142858,0.0,,2.2068258760318495
Itaguatins,2020-11-18,161,0,2,0,1.0714285714285714,0.0,,2.2068258760318495
Itaguatins,2020-11-19,161,0,2,0,1.0714285714285714,0.0,,2.2068258760318495
Itaguatins,2020-11-20,165,4,2,0,1.0,0.0,,2.2174839442139063
Itaguatins,2020-11-21,166,1,2,0,0.9285714285714286,0.0,,2.220108088040055
Itaguatins,2020-11-22,166,0,2,0,0.9285714285714286,0.0,,2.220108088040055
Itaguatins,2020-11-23,166,0,2,0,0.9285714285714286,0.0,,2.220108088040055
Itaguatins,2020-11-24,166,0,2,0,0.7857142857142857,0.0,,2.220108088040055
Itaguatins,2020-11-25,166,0,2,0,0.6428571428571429,0.0,,2.220108088040055
Itaguatins,2020-11-26,166,0,2,0,0.6428571428571429,0.0,,2.220108088040055
Itaguatins,2020-11-27,166,0,2,0,0.6428571428571429,0.0,,2.220108088040055
Itaguatins,2020-11-28,166,0,2,0,0.42857142857142855,0.0,,2.220108088040055
Itaguatins,2020-11-29,166,0,2,0,0.42857142857142855,0.0,,2.220108088040055
Itaguatins,2020-11-30,166,0,2,0,0.42857142857142855,0.0,,2.220108088040055
Itaguatins,2020-12-01,166,0,2,0,0.35714285714285715,0.0,,2.220108088040055
Itaguatins,2020-12-02,166,0,2,0,0.35714285714285715,0.0,,2.220108088040055
Itaguatins,2020-12-03,166,0,2,0,0.35714285714285715,0.0,,2.220108088040055
Itaguatins,2020-12-04,169,3,2,0,0.2857142857142857,0.0,,2.2278867046136734
Itaguatins,2020-12-05,169,0,2,0,0.21428571428571427,0.0,,2.2278867046136734
Itaguatins,2020-12-06,169,0,2,0,0.21428571428571427,0.0,,2.2278867046136734
Itaguatins,2020-12-07,169,0,2,0,0.21428571428571427,0.0,,2.2278867046136734
Itaguatins,2020-12-08,169,0,2,0,0.21428571428571427,0.0,,2.2278867046136734
Itaguatins,2020-12-09,170,1,2,0,0.2857142857142857,0.0,,2.230448921378274
Itaguatins,2020-12-10,171,1,2,0,0.35714285714285715,0.0,,2.2329961103921536
Itaguatins,2020-12-11,171,0,2,0,0.35714285714285715,0.0,,2.2329961103921536
Itaguatins,2020-12-12,171,0,2,0,0.35714285714285715,0.0,,2.2329961103921536
Itaguatins,2020-12-13,171,0,2,0,0.35714285714285715,0.0,,2.2329961103921536
Itaguatins,2020-12-14,171,0,2,0,0.35714285714285715,0.0,,2.2329961103921536
Itaguatins,2020-12-15,171,0,2,0,0.35714285714285715,0.0,,2.2329961103921536
Itaguatins,2020-12-16,171,0,2,0,0.35714285714285715,0.0,,2.2329961103921536
Itaguatins,2020-12-17,171,0,2,0,0.35714285714285715,0.0,,2.2329961103921536
Itaguatins,2020-12-18,171,0,2,0,0.14285714285714285,0.0,,2.2329961103921536
Itaguatins,2020-12-19,171,0,2,0,0.14285714285714285,0.0,,2.2329961103921536
Itaguatins,2020-12-20,171,0,2,0,0.14285714285714285,0.0,,2.2329961103921536
Itaguatins,2020-12-21,171,0,2,0,0.14285714285714285,0.0,,2.2329961103921536
Itaguatins,2020-12-22,171,0,2,0,0.14285714285714285,0.0,,2.2329961103921536
Itaguatins,2020-12-23,171,0,2,0,0.07142857142857142,0.0,,2.2329961103921536
Itaguatins,2020-12-24,171,0,2,0,0.0,0.0,,2.2329961103921536
Itaguatins,2020-12-25,171,0,2,0,0.0,0.0,,2.2329961103921536
Itaguatins,2020-12-26,171,0,2,0,0.0,0.0,,2.2329961103921536
Itaguatins,2020-12-27,171,0,2,0,0.0,0.0,,2.2329961103921536
Itaguatins,2020-12-28,171,0,2,0,0.0,0.0,,2.2329961103921536
Itaguatins,2020-12-29,171,0,2,0,0.0,0.0,,2.2329961103921536
Itaguatins,2020-12-30,171,0,2,0,0.0,0.0,,2.2329961103921536
Itaguatins,2020-12-31,171,0,2,0,0.0,0.0,,2.2329961103921536
Itaguatins,2021-01-01,171,0,2,0,0.0,0.0,,2.2329961103921536
Itaguatins,2021-01-02,171,0,2,0,0.0,0.0,,2.2329961103921536
Itaguatins,2021-01-03,171,0,2,0,0.0,0.0,,2.2329961103921536
Itaguatins,2021-01-04,171,0,2,0,0.0,0.0,,2.2329961103921536
Itaguatins,2021-01-05,171,0,2,0,0.0,0.0,,2.2329961103921536
Itaguatins,2021-01-06,172,1,2,0,0.07142857142857142,0.0,,2.2355284469075487
Itaguatins,2021-01-07,172,0,2,0,0.07142857142857142,0.0,,2.2355284469075487
Itaguatins,2021-01-08,172,0,2,0,0.07142857142857142,0.0,,2.2355284469075487
Itaguatins,2021-01-09,172,0,2,0,0.07142857142857142,0.0,,2.2355284469075487
Itaguatins,2021-01-10,172,0,2,0,0.07142857142857142,0.0,,2.2355284469075487
Itaguatins,2021-01-11,172,0,2,0,0.07142857142857142,0.0,,2.2355284469075487
Itaguatins,2021-01-12,172,0,2,0,0.07142857142857142,0.0,,2.2355284469075487
Itaguatins,2021-01-13,172,0,2,0,0.07142857142857142,0.0,,2.2355284469075487
Itaguatins,2021-01-14,172,0,2,0,0.07142857142857142,0.0,,2.2355284469075487
Itaguatins,2021-01-15,172,0,2,0,0.07142857142857142,0.0,,2.2355284469075487
Itaguatins,2021-01-16,172,0,2,0,0.07142857142857142,0.0,,2.2355284469075487
Itaguatins,2021-01-17,172,0,2,0,0.07142857142857142,0.0,,2.2355284469075487
Itaguatins,2021-01-18,173,1,2,0,0.14285714285714285,0.0,,2.2380461031287955
Itaguatins,2021-01-19,173,0,2,0,0.14285714285714285,0.0,,2.2380461031287955
Itaguatins,2021-01-20,175,2,2,0,0.21428571428571427,0.0,,2.2430380486862944
Itapiratins,2020-03-27,0,0,0,0,,,,0.0
Itapiratins,2020-03-28,0,0,0,0,,,,0.0
Itapiratins,2020-03-29,0,0,0,0,,,,0.0
Itapiratins,2020-03-30,0,0,0,0,,,,0.0
Itapiratins,2020-03-31,0,0,0,0,,,,0.0
Itapiratins,2020-04-01,0,0,0,0,,,,0.0
Itapiratins,2020-04-02,0,0,0,0,,,,0.0
Itapiratins,2020-04-03,0,0,0,0,,,,0.0
Itapiratins,2020-04-04,0,0,0,0,,,,0.0
Itapiratins,2020-04-05,0,0,0,0,,,,0.0
Itapiratins,2020-04-06,0,0,0,0,,,,0.0
Itapiratins,2020-04-07,0,0,0,0,,,,0.0
Itapiratins,2020-04-08,0,0,0,0,,,,0.0
Itapiratins,2020-04-09,0,0,0,0,0.0,0.0,,0.0
Itapiratins,2020-04-10,0,0,0,0,0.0,0.0,,0.0
Itapiratins,2020-04-11,0,0,0,0,0.0,0.0,,0.0
Itapiratins,2020-04-12,0,0,0,0,0.0,0.0,,0.0
Itapiratins,2020-04-13,0,0,0,0,0.0,0.0,,0.0
Itapiratins,2020-04-14,0,0,0,0,0.0,0.0,,0.0
Itapiratins,2020-04-15,0,0,0,0,0.0,0.0,,0.0
Itapiratins,2020-04-16,0,0,0,0,0.0,0.0,,0.0
Itapiratins,2020-04-17,0,0,0,0,0.0,0.0,,0.0
Itapiratins,2020-04-18,0,0,0,0,0.0,0.0,,0.0
Itapiratins,2020-04-19,0,0,0,0,0.0,0.0,,0.0
Itapiratins,2020-04-20,0,0,0,0,0.0,0.0,,0.0
Itapiratins,2020-04-21,0,0,0,0,0.0,0.0,,0.0
Itapiratins,2020-04-22,0,0,0,0,0.0,0.0,,0.0
Itapiratins,2020-04-23,0,0,0,0,0.0,0.0,,0.0
Itapiratins,2020-04-24,0,0,0,0,0.0,0.0,,0.0
Itapiratins,2020-04-25,0,0,0,0,0.0,0.0,,0.0
Itapiratins,2020-04-26,0,0,0,0,0.0,0.0,,0.0
Itapiratins,2020-04-27,0,0,0,0,0.0,0.0,,0.0
Itapiratins,2020-04-28,0,0,0,0,0.0,0.0,,0.0
Itapiratins,2020-04-29,0,0,0,0,0.0,0.0,,0.0
Itapiratins,2020-04-30,0,0,0,0,0.0,0.0,,0.0
Itapiratins,2020-05-01,0,0,0,0,0.0,0.0,,0.0
Itapiratins,2020-05-02,0,0,0,0,0.0,0.0,,0.0
Itapiratins,2020-05-03,0,0,0,0,0.0,0.0,,0.0
Itapiratins,2020-05-04,0,0,0,0,0.0,0.0,,0.0
Itapiratins,2020-05-05,0,0,0,0,0.0,0.0,,0.0
Itapiratins,2020-05-06,0,0,0,0,0.0,0.0,,0.0
Itapiratins,2020-05-07,0,0,0,0,0.0,0.0,,0.0
Itapiratins,2020-05-08,0,0,0,0,0.0,0.0,,0.0
Itapiratins,2020-05-09,0,0,0,0,0.0,0.0,,0.0
Itapiratins,2020-05-10,0,0,0,0,0.0,0.0,,0.0
Itapiratins,2020-05-11,0,0,0,0,0.0,0.0,,0.0
Itapiratins,2020-05-12,0,0,0,0,0.0,0.0,,0.0
Itapiratins,2020-05-13,0,0,0,0,0.0,0.0,,0.0
Itapiratins,2020-05-14,0,0,0,0,0.0,0.0,,0.0
Itapiratins,2020-05-15,0,0,0,0,0.0,0.0,,0.0
Itapiratins,2020-05-16,0,0,0,0,0.0,0.0,,0.0
Itapiratins,2020-05-17,0,0,0,0,0.0,0.0,,0.0
Itapiratins,2020-05-18,0,0,0,0,0.0,0.0,,0.0
Itapiratins,2020-05-19,0,0,0,0,0.0,0.0,,0.0
Itapiratins,2020-05-20,0,0,0,0,0.0,0.0,,0.0
Itapiratins,2020-05-21,0,0,0,0,0.0,0.0,,0.0
Itapiratins,2020-05-22,0,0,0,0,0.0,0.0,,0.0
Itapiratins,2020-05-23,0,0,0,0,0.0,0.0,,0.0
Itapiratins,2020-05-24,0,0,0,0,0.0,0.0,,0.0
Itapiratins,2020-05-25,0,0,0,0,0.0,0.0,,0.0
Itapiratins,2020-05-26,1,1,0,0,0.07142857142857142,0.0,,0.0
Itapiratins,2020-05-27,1,0,0,0,0.07142857142857142,0.0,,0.0
Itapiratins,2020-05-28,2,1,0,0,0.14285714285714285,0.0,,0.3010299956639812
Itapiratins,2020-05-29,3,1,0,0,0.21428571428571427,0.0,,0.47712125471966244
Itapiratins,2020-05-30,3,0,0,0,0.21428571428571427,0.0,,0.47712125471966244
Itapiratins,2020-05-31,3,0,0,0,0.21428571428571427,0.0,,0.47712125471966244
Itapiratins,2020-06-01,4,1,0,0,0.2857142857142857,0.0,,0.6020599913279624
Itapiratins,2020-06-02,4,0,0,0,0.2857142857142857,0.0,,0.6020599913279624
Itapiratins,2020-06-03,4,0,0,0,0.2857142857142857,0.0,,0.6020599913279624
Itapiratins,2020-06-04,5,1,0,0,0.35714285714285715,0.0,,0.6989700043360189
Itapiratins,2020-06-05,5,0,0,0,0.35714285714285715,0.0,,0.6989700043360189
Itapiratins,2020-06-06,15,10,0,0,1.0714285714285714,0.0,,1.1760912590556813
Itapiratins,2020-06-07,15,0,0,0,1.0714285714285714,0.0,,1.1760912590556813
Itapiratins,2020-06-08,25,10,0,0,1.7857142857142858,0.0,,1.3979400086720377
Itapiratins,2020-06-09,25,0,0,0,1.7142857142857142,0.0,,1.3979400086720377
Itapiratins,2020-06-10,25,0,0,0,1.7142857142857142,0.0,,1.3979400086720377
Itapiratins,2020-06-11,28,3,0,0,1.8571428571428572,0.0,,1.4471580313422192
Itapiratins,2020-06-12,28,0,0,0,1.7857142857142858,0.0,,1.4471580313422192
Itapiratins,2020-06-13,30,2,0,0,1.9285714285714286,0.0,,1.4771212547196624
Itapiratins,2020-06-14,30,0,0,0,1.9285714285714286,0.0,,1.4771212547196624
Itapiratins,2020-06-15,30,0,0,0,1.8571428571428572,0.0,,1.4771212547196624
Itapiratins,2020-06-16,30,0,0,0,1.8571428571428572,0.0,,1.4771212547196624
Itapiratins,2020-06-17,30,0,0,0,1.8571428571428572,0.0,,1.4771212547196624
Itapiratins,2020-06-18,32,2,0,0,1.9285714285714286,0.0,,1.505149978319906
Itapiratins,2020-06-19,32,0,0,0,1.9285714285714286,0.0,,1.505149978319906
Itapiratins,2020-06-20,32,0,0,0,1.2142857142857142,0.0,,1.505149978319906
Itapiratins,2020-06-21,33,1,0,0,1.2857142857142858,0.0,,1.5185139398778875
Itapiratins,2020-06-22,33,0,0,0,0.5714285714285714,0.0,,1.5185139398778875
Itapiratins,2020-06-23,35,2,0,0,0.7142857142857143,0.0,,1.5440680443502757
Itapiratins,2020-06-24,39,4,0,0,1.0,0.0,,1.591064607026499
Itapiratins,2020-06-25,40,1,0,0,0.8571428571428571,0.0,,1.6020599913279625
Itapiratins,2020-06-26,40,0,0,0,0.8571428571428571,0.0,,1.6020599913279625
Itapiratins,2020-06-27,40,0,0,0,0.7142857142857143,0.0,,1.6020599913279625
Itapiratins,2020-06-28,41,1,0,0,0.7857142857142857,0.0,,1.6127838567197355
Itapiratins,2020-06-29,41,0,0,0,0.7857142857142857,0.0,,1.6127838567197355
Itapiratins,2020-06-30,41,0,0,0,0.7857142857142857,0.0,,1.6127838567197355
Itapiratins,2020-07-01,41,0,0,0,0.7857142857142857,0.0,,1.6127838567197355
Itapiratins,2020-07-02,41,0,0,0,0.6428571428571429,0.0,,1.6127838567197355
Itapiratins,2020-07-03,41,0,0,0,0.6428571428571429,0.0,,1.6127838567197355
Itapiratins,2020-07-04,41,0,0,0,0.6428571428571429,0.0,,1.6127838567197355
Itapiratins,2020-07-05,41,0,0,0,0.5714285714285714,0.0,,1.6127838567197355
Itapiratins,2020-07-06,41,0,0,0,0.5714285714285714,0.0,,1.6127838567197355
Itapiratins,2020-07-07,41,0,0,0,0.42857142857142855,0.0,,1.6127838567197355
Itapiratins,2020-07-08,41,0,0,0,0.14285714285714285,0.0,,1.6127838567197355
Itapiratins,2020-07-09,41,0,0,0,0.07142857142857142,0.0,,1.6127838567197355
Itapiratins,2020-07-10,41,0,0,0,0.07142857142857142,0.0,,1.6127838567197355
Itapiratins,2020-07-11,41,0,0,0,0.07142857142857142,0.0,,1.6127838567197355
Itapiratins,2020-07-12,41,0,0,0,0.0,0.0,,1.6127838567197355
Itapiratins,2020-07-13,41,0,0,0,0.0,0.0,,1.6127838567197355
Itapiratins,2020-07-14,41,0,0,0,0.0,0.0,,1.6127838567197355
Itapiratins,2020-07-15,41,0,0,0,0.0,0.0,,1.6127838567197355
Itapiratins,2020-07-16,41,0,0,0,0.0,0.0,,1.6127838567197355
Itapiratins,2020-07-17,41,0,0,0,0.0,0.0,,1.6127838567197355
Itapiratins,2020-07-18,41,0,0,0,0.0,0.0,,1.6127838567197355
Itapiratins,2020-07-19,42,1,0,0,0.07142857142857142,0.0,,1.6232492903979006
Itapiratins,2020-07-20,42,0,0,0,0.07142857142857142,0.0,,1.6232492903979006
Itapiratins,2020-07-21,42,0,0,0,0.07142857142857142,0.0,,1.6232492903979006
Itapiratins,2020-07-22,42,0,0,0,0.07142857142857142,0.0,,1.6232492903979006
Itapiratins,2020-07-23,42,0,0,0,0.07142857142857142,0.0,,1.6232492903979006
Itapiratins,2020-07-24,42,0,0,0,0.07142857142857142,0.0,,1.6232492903979006
Itapiratins,2020-07-25,43,1,0,0,0.14285714285714285,0.0,,1.6334684555795866
Itapiratins,2020-07-26,43,0,0,0,0.14285714285714285,0.0,,1.6334684555795866
Itapiratins,2020-07-27,43,0,0,0,0.14285714285714285,0.0,,1.6334684555795866
Itapiratins,2020-07-28,44,1,0,0,0.21428571428571427,0.0,,1.6434526764861874
Itapiratins,2020-07-29,46,2,0,0,0.35714285714285715,0.0,,1.662757831681574
Itapiratins,2020-07-30,52,6,1,1,0.7857142857142857,0.07142857142857142,inf,1.7160033436347992
Itapiratins,2020-07-31,51,-1,0,-1,0.7142857142857143,0.0,,1.7075701760979363
Itapiratins,2020-08-01,50,-1,0,0,0.6428571428571429,0.0,,1.6989700043360187
Itapiratins,2020-08-02,50,0,0,0,0.5714285714285714,0.0,,1.6989700043360187
Itapiratins,2020-08-03,50,0,0,0,0.5714285714285714,0.0,,1.6989700043360187
Itapiratins,2020-08-04,53,3,0,0,0.7857142857142857,0.0,,1.7242758696007892
Itapiratins,2020-08-05,55,2,0,0,0.9285714285714286,0.0,,1.7403626894942439
Itapiratins,2020-08-06,55,0,0,0,0.9285714285714286,0.0,,1.7403626894942439
Itapiratins,2020-08-07,55,0,0,0,0.9285714285714286,0.0,,1.7403626894942439
Itapiratins,2020-08-08,55,0,0,0,0.8571428571428571,0.0,,1.7403626894942439
Itapiratins,2020-08-09,56,1,0,0,0.9285714285714286,0.0,,1.7481880270062005
Itapiratins,2020-08-10,62,6,0,0,1.3571428571428572,0.0,,1.792391689498254
Itapiratins,2020-08-11,63,1,0,0,1.3571428571428572,0.0,,1.7993405494535817
Itapiratins,2020-08-12,63,0,0,0,1.2142857142857142,0.0,,1.7993405494535817
Itapiratins,2020-08-13,65,2,0,0,0.9285714285714286,-0.07142857142857142,-2.0,1.8129133566428555
Itapiratins,2020-08-14,64,-1,0,0,0.9285714285714286,0.0,,1.806179973983887
Itapiratins,2020-08-15,68,4,0,0,1.2857142857142858,0.0,,1.8325089127062364
Itapiratins,2020-08-16,68,0,0,0,1.2857142857142858,0.0,,1.8325089127062364
Itapiratins,2020-08-17,68,0,0,0,1.2857142857142858,0.0,,1.8325089127062364
Itapiratins,2020-08-18,74,6,0,0,1.5,0.0,,1.8692317197309762
Itapiratins,2020-08-19,76,2,0,0,1.5,0.0,,1.8808135922807914
Itapiratins,2020-08-20,76,0,0,0,1.5,0.0,,1.8808135922807914
Itapiratins,2020-08-21,82,6,0,0,1.9285714285714286,0.0,,1.9138138523837167
Itapiratins,2020-08-22,82,0,0,0,1.9285714285714286,0.0,,1.9138138523837167
Itapiratins,2020-08-23,82,0,0,0,1.8571428571428572,0.0,,1.9138138523837167
Itapiratins,2020-08-24,82,0,0,0,1.4285714285714286,0.0,,1.9138138523837167
Itapiratins,2020-08-25,88,6,0,0,1.7857142857142858,0.0,,1.9444826721501687
Itapiratins,2020-08-26,88,0,0,0,1.7857142857142858,0.0,,1.9444826721501687
Itapiratins,2020-08-27,89,1,0,0,1.7142857142857142,0.0,-1.0,1.9493900066449128
Itapiratins,2020-08-28,89,0,0,0,1.7857142857142858,0.0,,1.9493900066449128
Itapiratins,2020-08-29,93,4,0,0,1.7857142857142858,0.0,,1.968482948553935
Itapiratins,2020-08-30,93,0,0,0,1.7857142857142858,0.0,,1.968482948553935
Itapiratins,2020-08-31,93,0,0,0,1.7857142857142858,0.0,,1.968482948553935
Itapiratins,2020-09-01,95,2,0,0,1.5,0.0,,1.9777236052888478
Itapiratins,2020-09-02,98,3,0,0,1.5714285714285714,0.0,,1.9912260756924949
Itapiratins,2020-09-03,98,0,0,0,1.5714285714285714,0.0,,1.9912260756924949
Itapiratins,2020-09-04,102,4,0,0,1.4285714285714286,0.0,,2.0086001717619175
Itapiratins,2020-09-05,102,0,0,0,1.4285714285714286,0.0,,2.0086001717619175
Itapiratins,2020-09-06,102,0,0,0,1.4285714285714286,0.0,,2.0086001717619175
Itapiratins,2020-09-07,102,0,0,0,1.4285714285714286,0.0,,2.0086001717619175
Itapiratins,2020-09-08,108,6,0,0,1.4285714285714286,0.0,,2.03342375548695
Itapiratins,2020-09-09,108,0,0,0,1.4285714285714286,0.0,,2.03342375548695
Itapiratins,2020-09-10,116,8,0,0,1.9285714285714286,0.0,,2.0644579892269186
Itapiratins,2020-09-11,116,0,0,0,1.9285714285714286,0.0,,2.0644579892269186
Itapiratins,2020-09-12,116,0,0,0,1.6428571428571428,0.0,,2.0644579892269186
Itapiratins,2020-09-13,116,0,0,0,1.6428571428571428,0.0,,2.0644579892269186
Itapiratins,2020-09-14,116,0,0,0,1.6428571428571428,0.0,,2.0644579892269186
Itapiratins,2020-09-15,120,4,0,0,1.7857142857142858,0.0,,2.0791812460476247
Itapiratins,2020-09-16,122,2,0,0,1.7142857142857142,0.0,,2.0863598306747484
Itapiratins,2020-09-17,124,2,0,0,1.8571428571428572,0.0,,2.093421685162235
Itapiratins,2020-09-18,129,5,0,0,1.9285714285714286,0.0,,2.110589710299249
Itapiratins,2020-09-19,143,14,0,0,2.9285714285714284,0.0,,2.155336037465062
Itapiratins,2020-09-20,144,1,0,0,3.0,0.0,,2.1583624920952498
Itapiratins,2020-09-21,144,0,0,0,3.0,0.0,,2.1583624920952498
Itapiratins,2020-09-22,146,2,0,0,2.7142857142857144,0.0,,2.164352855784437
Itapiratins,2020-09-23,148,2,0,0,2.857142857142857,0.0,,2.1702617153949575
Itapiratins,2020-09-24,148,0,0,0,2.2857142857142856,0.0,,2.1702617153949575
Itapiratins,2020-09-25,154,6,0,0,2.7142857142857144,0.0,,2.187520720836463
Itapiratins,2020-09-26,157,3,0,0,2.9285714285714284,0.0,,2.1958996524092336
Itapiratins,2020-09-27,157,0,0,0,2.9285714285714284,0.0,,2.1958996524092336
Itapiratins,2020-09-28,157,0,0,0,2.9285714285714284,0.0,,2.1958996524092336
Itapiratins,2020-09-29,160,3,0,0,2.857142857142857,0.0,,2.204119982655925
Itapiratins,2020-09-30,160,0,0,0,2.7142857142857144,0.0,,2.204119982655925
Itapiratins,2020-10-01,164,4,0,0,2.857142857142857,0.0,,2.214843848047698
Itapiratins,2020-10-02,165,1,0,0,2.5714285714285716,0.0,,2.2174839442139063
Itapiratins,2020-10-03,165,0,0,0,1.5714285714285714,0.0,,2.2174839442139063
Itapiratins,2020-10-04,165,0,0,0,1.5,0.0,,2.2174839442139063
Itapiratins,2020-10-05,165,0,0,0,1.5,0.0,,2.2174839442139063
Itapiratins,2020-10-06,165,0,0,0,1.3571428571428572,0.0,,2.2174839442139063
Itapiratins,2020-10-07,165,0,0,0,1.2142857142857142,0.0,,2.2174839442139063
Itapiratins,2020-10-08,165,0,0,0,1.2142857142857142,0.0,,2.2174839442139063
Itapiratins,2020-10-09,166,1,0,0,0.8571428571428571,0.0,,2.220108088040055
Itapiratins,2020-10-10,166,0,0,0,0.6428571428571429,0.0,,2.220108088040055
Itapiratins,2020-10-11,166,0,0,0,0.6428571428571429,0.0,,2.220108088040055
Itapiratins,2020-10-12,166,0,0,0,0.6428571428571429,0.0,,2.220108088040055
Itapiratins,2020-10-13,166,0,0,0,0.42857142857142855,0.0,,2.220108088040055
Itapiratins,2020-10-14,166,0,0,0,0.42857142857142855,0.0,,2.220108088040055
Itapiratins,2020-10-15,166,0,0,0,0.14285714285714285,0.0,,2.220108088040055
Itapiratins,2020-10-16,166,0,0,0,0.07142857142857142,0.0,,2.220108088040055
Itapiratins,2020-10-17,166,0,0,0,0.07142857142857142,0.0,,2.220108088040055
Itapiratins,2020-10-18,166,0,0,0,0.07142857142857142,0.0,,2.220108088040055
Itapiratins,2020-10-19,166,0,0,0,0.07142857142857142,0.0,,2.220108088040055
Itapiratins,2020-10-20,166,0,0,0,0.07142857142857142,0.0,,2.220108088040055
Itapiratins,2020-10-21,166,0,0,0,0.07142857142857142,0.0,,2.220108088040055
Itapiratins,2020-10-22,166,0,0,0,0.07142857142857142,0.0,,2.220108088040055
Itapiratins,2020-10-23,166,0,0,0,0.0,0.0,,2.220108088040055
Itapiratins,2020-10-24,166,0,0,0,0.0,0.0,,2.220108088040055
Itapiratins,2020-10-25,166,0,0,0,0.0,0.0,,2.220108088040055
Itapiratins,2020-10-26,166,0,0,0,0.0,0.0,,2.220108088040055
Itapiratins,2020-10-27,166,0,0,0,0.0,0.0,,2.220108088040055
Itapiratins,2020-10-28,166,0,0,0,0.0,0.0,,2.220108088040055
Itapiratins,2020-10-29,166,0,0,0,0.0,0.0,,2.220108088040055
Itapiratins,2020-10-30,168,2,0,0,0.14285714285714285,0.0,,2.225309281725863
Itapiratins,2020-10-31,168,0,0,0,0.14285714285714285,0.0,,2.225309281725863
Itapiratins,2020-11-01,168,0,0,0,0.14285714285714285,0.0,,2.225309281725863
Itapiratins,2020-11-02,168,0,0,0,0.14285714285714285,0.0,,2.225309281725863
Itapiratins,2020-11-03,168,0,0,0,0.14285714285714285,0.0,,2.225309281725863
Itapiratins,2020-11-04,168,0,0,0,0.14285714285714285,0.0,,2.225309281725863
Itapiratins,2020-11-05,168,0,0,0,0.14285714285714285,0.0,,2.225309281725863
Itapiratins,2020-11-06,170,2,0,0,0.2857142857142857,0.0,,2.230448921378274
Itapiratins,2020-11-07,170,0,0,0,0.2857142857142857,0.0,,2.230448921378274
Itapiratins,2020-11-08,170,0,0,0,0.2857142857142857,0.0,,2.230448921378274
Itapiratins,2020-11-09,170,0,0,0,0.2857142857142857,0.0,,2.230448921378274
Itapiratins,2020-11-10,171,1,0,0,0.35714285714285715,0.0,,2.2329961103921536
Itapiratins,2020-11-11,171,0,0,0,0.35714285714285715,0.0,,2.2329961103921536
Itapiratins,2020-11-12,171,0,0,0,0.35714285714285715,0.0,,2.2329961103921536
Itapiratins,2020-11-13,172,1,0,0,0.2857142857142857,0.0,,2.2355284469075487
Itapiratins,2020-11-14,172,0,0,0,0.2857142857142857,0.0,,2.2355284469075487
Itapiratins,2020-11-15,172,0,0,0,0.2857142857142857,0.0,,2.2355284469075487
Itapiratins,2020-11-16,172,0,0,0,0.2857142857142857,0.0,,2.2355284469075487
Itapiratins,2020-11-17,172,0,0,0,0.2857142857142857,0.0,,2.2355284469075487
Itapiratins,2020-11-18,172,0,0,0,0.2857142857142857,0.0,,2.2355284469075487
Itapiratins,2020-11-19,174,2,0,0,0.42857142857142855,0.0,,2.2405492482825995
Itapiratins,2020-11-20,177,3,0,0,0.5,0.0,,2.2479732663618064
Itapiratins,2020-11-21,177,0,0,0,0.5,0.0,,2.2479732663618064
Itapiratins,2020-11-22,177,0,0,0,0.5,0.0,,2.2479732663618064
Itapiratins,2020-11-23,177,0,0,0,0.5,0.0,,2.2479732663618064
Itapiratins,2020-11-24,179,2,0,0,0.5714285714285714,0.0,,2.2528530309798933
Itapiratins,2020-11-25,180,1,0,0,0.6428571428571429,0.0,,2.255272505103306
Itapiratins,2020-11-26,180,0,0,0,0.6428571428571429,0.0,,2.255272505103306
Itapiratins,2020-11-27,182,2,0,0,0.7142857142857143,0.0,,2.2600713879850747
Itapiratins,2020-11-28,184,2,0,0,0.8571428571428571,0.0,,2.2648178230095364
Itapiratins,2020-11-29,184,0,0,0,0.8571428571428571,0.0,,2.2648178230095364
Itapiratins,2020-11-30,184,0,0,0,0.8571428571428571,0.0,,2.2648178230095364
Itapiratins,2020-12-01,185,1,0,0,0.9285714285714286,0.0,,2.2671717284030137
Itapiratins,2020-12-02,186,1,0,0,1.0,0.0,,2.2695129442179165
Itapiratins,2020-12-03,186,0,0,0,0.8571428571428571,0.0,,2.2695129442179165
Itapiratins,2020-12-04,186,0,0,0,0.6428571428571429,0.0,,2.2695129442179165
Itapiratins,2020-12-05,186,0,0,0,0.6428571428571429,0.0,,2.2695129442179165
Itapiratins,2020-12-06,186,0,0,0,0.6428571428571429,0.0,,2.2695129442179165
Itapiratins,2020-12-07,186,0,0,0,0.6428571428571429,0.0,,2.2695129442179165
Itapiratins,2020-12-08,186,0,0,0,0.5,0.0,,2.2695129442179165
Itapiratins,2020-12-09,186,0,0,0,0.42857142857142855,0.0,,2.2695129442179165
Itapiratins,2020-12-10,186,0,0,0,0.42857142857142855,0.0,,2.2695129442179165
Itapiratins,2020-12-11,191,5,0,0,0.6428571428571429,0.0,,2.2810333672477277
Itapiratins,2020-12-12,198,7,0,0,1.0,0.0,,2.296665190261531
Itapiratins,2020-12-13,198,0,0,0,1.0,0.0,,2.296665190261531
Itapiratins,2020-12-14,199,1,0,0,1.0714285714285714,0.0,,2.298853076409707
Itapiratins,2020-12-15,200,1,0,0,1.0714285714285714,0.0,,2.3010299956639813
Itapiratins,2020-12-16,200,0,0,0,1.0,0.0,,2.3010299956639813
Itapiratins,2020-12-17,200,0,0,0,1.0,0.0,,2.3010299956639813
Itapiratins,2020-12-18,207,7,0,0,1.5,0.0,,2.315970345456918
Itapiratins,2020-12-19,207,0,0,0,1.5,0.0,,2.315970345456918
Itapiratins,2020-12-20,207,0,0,0,1.5,0.0,,2.315970345456918
Itapiratins,2020-12-21,207,0,0,0,1.5,0.0,,2.315970345456918
Itapiratins,2020-12-22,215,8,0,0,2.0714285714285716,0.0,,2.3324384599156054
Itapiratins,2020-12-23,218,3,0,0,2.2857142857142856,0.0,,2.3384564936046046
Itapiratins,2020-12-24,221,3,0,0,2.5,0.0,,2.3443922736851106
Itapiratins,2020-12-25,221,0,0,0,2.142857142857143,0.0,,2.3443922736851106
Itapiratins,2020-12-26,221,0,0,0,1.6428571428571428,0.0,,2.3443922736851106
Itapiratins,2020-12-27,221,0,0,0,1.6428571428571428,0.0,,2.3443922736851106
Itapiratins,2020-12-28,221,0,0,0,1.5714285714285714,0.0,,2.3443922736851106
Itapiratins,2020-12-29,232,11,0,0,2.2857142857142856,0.0,,2.3654879848909
Itapiratins,2020-12-30,232,0,0,0,2.2857142857142856,0.0,,2.3654879848909
Itapiratins,2020-12-31,232,0,0,0,2.2857142857142856,0.0,,2.3654879848909
Itapiratins,2021-01-01,232,0,0,0,1.7857142857142858,0.0,,2.3654879848909
Itapiratins,2021-01-02,235,3,0,0,2.0,0.0,,2.3710678622717363
Itapiratins,2021-01-03,235,0,0,0,2.0,0.0,,2.3710678622717363
Itapiratins,2021-01-04,235,0,0,0,2.0,0.0,,2.3710678622717363
Itapiratins,2021-01-05,239,4,0,0,1.7142857142857142,0.0,,2.3783979009481375
Itapiratins,2021-01-06,239,0,0,0,1.5,0.0,,2.3783979009481375
Itapiratins,2021-01-07,240,1,0,0,1.3571428571428572,0.0,,2.380211241711606
Itapiratins,2021-01-08,241,1,0,0,1.4285714285714286,0.0,,2.3820170425748683
Itapiratins,2021-01-09,241,0,0,0,1.4285714285714286,0.0,,2.3820170425748683
Itapiratins,2021-01-10,241,0,0,0,1.4285714285714286,0.0,,2.3820170425748683
Itapiratins,2021-01-11,241,0,0,0,1.4285714285714286,0.0,,2.3820170425748683
Itapiratins,2021-01-12,242,1,0,0,0.7142857142857143,0.0,,2.383815365980431
Itapiratins,2021-01-13,242,0,0,0,0.7142857142857143,0.0,,2.383815365980431
Itapiratins,2021-01-14,242,0,0,0,0.7142857142857143,0.0,,2.383815365980431
Itapiratins,2021-01-15,245,3,0,0,0.9285714285714286,0.0,,2.3891660843645326
Itapiratins,2021-01-16,245,0,0,0,0.7142857142857143,0.0,,2.3891660843645326
Itapiratins,2021-01-17,245,0,0,0,0.7142857142857143,0.0,,2.3891660843645326
Itapiratins,2021-01-18,245,0,0,0,0.7142857142857143,0.0,,2.3891660843645326
Itapiratins,2021-01-19,245,0,0,0,0.42857142857142855,0.0,,2.3891660843645326
Itapiratins,2021-01-20,245,0,0,0,0.42857142857142855,0.0,,2.3891660843645326
Itaporã do Tocantins,2020-03-27,0,0,0,0,,,,0.0
Itaporã do Tocantins,2020-03-28,0,0,0,0,,,,0.0
Itaporã do Tocantins,2020-03-29,0,0,0,0,,,,0.0
Itaporã do Tocantins,2020-03-30,0,0,0,0,,,,0.0
Itaporã do Tocantins,2020-03-31,0,0,0,0,,,,0.0
Itaporã do Tocantins,2020-04-01,0,0,0,0,,,,0.0
Itaporã do Tocantins,2020-04-02,0,0,0,0,,,,0.0
Itaporã do Tocantins,2020-04-03,0,0,0,0,,,,0.0
Itaporã do Tocantins,2020-04-04,0,0,0,0,,,,0.0
Itaporã do Tocantins,2020-04-05,0,0,0,0,,,,0.0
Itaporã do Tocantins,2020-04-06,0,0,0,0,,,,0.0
Itaporã do Tocantins,2020-04-07,0,0,0,0,,,,0.0
Itaporã do Tocantins,2020-04-08,0,0,0,0,,,,0.0
Itaporã do Tocantins,2020-04-09,0,0,0,0,0.0,0.0,,0.0
Itaporã do Tocantins,2020-04-10,0,0,0,0,0.0,0.0,,0.0
Itaporã do Tocantins,2020-04-11,0,0,0,0,0.0,0.0,,0.0
Itaporã do Tocantins,2020-04-12,0,0,0,0,0.0,0.0,,0.0
Itaporã do Tocantins,2020-04-13,0,0,0,0,0.0,0.0,,0.0
Itaporã do Tocantins,2020-04-14,0,0,0,0,0.0,0.0,,0.0
Itaporã do Tocantins,2020-04-15,0,0,0,0,0.0,0.0,,0.0
Itaporã do Tocantins,2020-04-16,0,0,0,0,0.0,0.0,,0.0
Itaporã do Tocantins,2020-04-17,0,0,0,0,0.0,0.0,,0.0
Itaporã do Tocantins,2020-04-18,0,0,0,0,0.0,0.0,,0.0
Itaporã do Tocantins,2020-04-19,0,0,0,0,0.0,0.0,,0.0
Itaporã do Tocantins,2020-04-20,0,0,0,0,0.0,0.0,,0.0
Itaporã do Tocantins,2020-04-21,0,0,0,0,0.0,0.0,,0.0
Itaporã do Tocantins,2020-04-22,0,0,0,0,0.0,0.0,,0.0
Itaporã do Tocantins,2020-04-23,0,0,0,0,0.0,0.0,,0.0
Itaporã do Tocantins,2020-04-24,0,0,0,0,0.0,0.0,,0.0
Itaporã do Tocantins,2020-04-25,0,0,0,0,0.0,0.0,,0.0
Itaporã do Tocantins,2020-04-26,0,0,0,0,0.0,0.0,,0.0
Itaporã do Tocantins,2020-04-27,0,0,0,0,0.0,0.0,,0.0
Itaporã do Tocantins,2020-04-28,0,0,0,0,0.0,0.0,,0.0
Itaporã do Tocantins,2020-04-29,0,0,0,0,0.0,0.0,,0.0
Itaporã do Tocantins,2020-04-30,0,0,0,0,0.0,0.0,,0.0
Itaporã do Tocantins,2020-05-01,0,0,0,0,0.0,0.0,,0.0
Itaporã do Tocantins,2020-05-02,0,0,0,0,0.0,0.0,,0.0
Itaporã do Tocantins,2020-05-03,0,0,0,0,0.0,0.0,,0.0
Itaporã do Tocantins,2020-05-04,0,0,0,0,0.0,0.0,,0.0
Itaporã do Tocantins,2020-05-05,0,0,0,0,0.0,0.0,,0.0
Itaporã do Tocantins,2020-05-06,0,0,0,0,0.0,0.0,,0.0
Itaporã do Tocantins,2020-05-07,0,0,0,0,0.0,0.0,,0.0
Itaporã do Tocantins,2020-05-08,0,0,0,0,0.0,0.0,,0.0
Itaporã do Tocantins,2020-05-09,0,0,0,0,0.0,0.0,,0.0
Itaporã do Tocantins,2020-05-10,0,0,0,0,0.0,0.0,,0.0
Itaporã do Tocantins,2020-05-11,0,0,0,0,0.0,0.0,,0.0
Itaporã do Tocantins,2020-05-12,0,0,0,0,0.0,0.0,,0.0
Itaporã do Tocantins,2020-05-13,0,0,0,0,0.0,0.0,,0.0
Itaporã do Tocantins,2020-05-14,0,0,0,0,0.0,0.0,,0.0
Itaporã do Tocantins,2020-05-15,0,0,0,0,0.0,0.0,,0.0
Itaporã do Tocantins,2020-05-16,0,0,0,0,0.0,0.0,,0.0
Itaporã do Tocantins,2020-05-17,0,0,0,0,0.0,0.0,,0.0
Itaporã do Tocantins,2020-05-18,0,0,0,0,0.0,0.0,,0.0
Itaporã do Tocantins,2020-05-19,0,0,0,0,0.0,0.0,,0.0
Itaporã do Tocantins,2020-05-20,0,0,0,0,0.0,0.0,,0.0
Itaporã do Tocantins,2020-05-21,0,0,0,0,0.0,0.0,,0.0
Itaporã do Tocantins,2020-05-22,0,0,0,0,0.0,0.0,,0.0
Itaporã do Tocantins,2020-05-23,0,0,0,0,0.0,0.0,,0.0
Itaporã do Tocantins,2020-05-24,0,0,0,0,0.0,0.0,,0.0
Itaporã do Tocantins,2020-05-25,0,0,0,0,0.0,0.0,,0.0
Itaporã do Tocantins,2020-05-26,0,0,0,0,0.0,0.0,,0.0
Itaporã do Tocantins,2020-05-27,0,0,0,0,0.0,0.0,,0.0
Itaporã do Tocantins,2020-05-28,0,0,0,0,0.0,0.0,,0.0
Itaporã do Tocantins,2020-05-29,0,0,0,0,0.0,0.0,,0.0
Itaporã do Tocantins,2020-05-30,0,0,0,0,0.0,0.0,,0.0
Itaporã do Tocantins,2020-05-31,0,0,0,0,0.0,0.0,,0.0
Itaporã do Tocantins,2020-06-01,0,0,0,0,0.0,0.0,,0.0
Itaporã do Tocantins,2020-06-02,0,0,0,0,0.0,0.0,,0.0
Itaporã do Tocantins,2020-06-03,0,0,0,0,0.0,0.0,,0.0
Itaporã do Tocantins,2020-06-04,0,0,0,0,0.0,0.0,,0.0
Itaporã do Tocantins,2020-06-05,0,0,0,0,0.0,0.0,,0.0
Itaporã do Tocantins,2020-06-06,0,0,0,0,0.0,0.0,,0.0
Itaporã do Tocantins,2020-06-07,0,0,0,0,0.0,0.0,,0.0
Itaporã do Tocantins,2020-06-08,0,0,0,0,0.0,0.0,,0.0
Itaporã do Tocantins,2020-06-09,0,0,0,0,0.0,0.0,,0.0
Itaporã do Tocantins,2020-06-10,0,0,0,0,0.0,0.0,,0.0
Itaporã do Tocantins,2020-06-11,0,0,0,0,0.0,0.0,,0.0
Itaporã do Tocantins,2020-06-12,0,0,0,0,0.0,0.0,,0.0
Itaporã do Tocantins,2020-06-13,0,0,0,0,0.0,0.0,,0.0
Itaporã do Tocantins,2020-06-14,0,0,0,0,0.0,0.0,,0.0
Itaporã do Tocantins,2020-06-15,0,0,0,0,0.0,0.0,,0.0
Itaporã do Tocantins,2020-06-16,0,0,0,0,0.0,0.0,,0.0
Itaporã do Tocantins,2020-06-17,0,0,0,0,0.0,0.0,,0.0
Itaporã do Tocantins,2020-06-18,0,0,0,0,0.0,0.0,,0.0
Itaporã do Tocantins,2020-06-19,0,0,0,0,0.0,0.0,,0.0
Itaporã do Tocantins,2020-06-20,0,0,0,0,0.0,0.0,,0.0
Itaporã do Tocantins,2020-06-21,0,0,0,0,0.0,0.0,,0.0
Itaporã do Tocantins,2020-06-22,0,0,0,0,0.0,0.0,,0.0
Itaporã do Tocantins,2020-06-23,0,0,0,0,0.0,0.0,,0.0
Itaporã do Tocantins,2020-06-24,0,0,0,0,0.0,0.0,,0.0
Itaporã do Tocantins,2020-06-25,0,0,0,0,0.0,0.0,,0.0
Itaporã do Tocantins,2020-06-26,0,0,0,0,0.0,0.0,,0.0
Itaporã do Tocantins,2020-06-27,0,0,0,0,0.0,0.0,,0.0
Itaporã do Tocantins,2020-06-28,0,0,0,0,0.0,0.0,,0.0
Itaporã do Tocantins,2020-06-29,0,0,0,0,0.0,0.0,,0.0
Itaporã do Tocantins,2020-06-30,0,0,0,0,0.0,0.0,,0.0
Itaporã do Tocantins,2020-07-01,0,0,0,0,0.0,0.0,,0.0
Itaporã do Tocantins,2020-07-02,0,0,0,0,0.0,0.0,,0.0
Itaporã do Tocantins,2020-07-03,0,0,0,0,0.0,0.0,,0.0
Itaporã do Tocantins,2020-07-04,1,1,0,0,0.07142857142857142,0.0,,0.0
Itaporã do Tocantins,2020-07-05,1,0,0,0,0.07142857142857142,0.0,,0.0
Itaporã do Tocantins,2020-07-06,2,1,0,0,0.14285714285714285,0.0,,0.3010299956639812
Itaporã do Tocantins,2020-07-07,2,0,0,0,0.14285714285714285,0.0,,0.3010299956639812
Itaporã do Tocantins,2020-07-08,7,5,0,0,0.5,0.0,,0.8450980400142568
Itaporã do Tocantins,2020-07-09,7,0,0,0,0.5,0.0,,0.8450980400142568
Itaporã do Tocantins,2020-07-10,7,0,0,0,0.5,0.0,,0.8450980400142568
Itaporã do Tocantins,2020-07-11,8,1,0,0,0.5714285714285714,0.0,,0.9030899869919435
Itaporã do Tocantins,2020-07-12,8,0,0,0,0.5714285714285714,0.0,,0.9030899869919435
Itaporã do Tocantins,2020-07-13,11,3,0,0,0.7857142857142857,0.0,,1.041392685158225
Itaporã do Tocantins,2020-07-14,11,0,0,0,0.7857142857142857,0.0,,1.041392685158225
Itaporã do Tocantins,2020-07-15,11,0,0,0,0.7857142857142857,0.0,,1.041392685158225
Itaporã do Tocantins,2020-07-16,15,4,0,0,1.0714285714285714,0.0,,1.1760912590556813
Itaporã do Tocantins,2020-07-17,15,0,0,0,1.0714285714285714,0.0,,1.1760912590556813
Itaporã do Tocantins,2020-07-18,15,0,0,0,1.0,0.0,,1.1760912590556813
Itaporã do Tocantins,2020-07-19,15,0,0,0,1.0,0.0,,1.1760912590556813
Itaporã do Tocantins,2020-07-20,15,0,0,0,0.9285714285714286,0.0,,1.1760912590556813
Itaporã do Tocantins,2020-07-21,15,0,0,0,0.9285714285714286,0.0,,1.1760912590556813
Itaporã do Tocantins,2020-07-22,15,0,0,0,0.5714285714285714,0.0,,1.1760912590556813
Itaporã do Tocantins,2020-07-23,16,1,0,0,0.6428571428571429,0.0,,1.2041199826559248
Itaporã do Tocantins,2020-07-24,17,1,0,0,0.7142857142857143,0.0,,1.2304489213782739
Itaporã do Tocantins,2020-07-25,18,1,0,0,0.7142857142857143,0.0,,1.255272505103306
Itaporã do Tocantins,2020-07-26,18,0,0,0,0.7142857142857143,0.0,,1.255272505103306
Itaporã do Tocantins,2020-07-27,18,0,0,0,0.5,0.0,,1.255272505103306
Itaporã do Tocantins,2020-07-28,20,2,0,0,0.6428571428571429,0.0,,1.3010299956639813
Itaporã do Tocantins,2020-07-29,20,0,0,0,0.6428571428571429,0.0,,1.3010299956639813
Itaporã do Tocantins,2020-07-30,20,0,0,0,0.35714285714285715,0.0,,1.3010299956639813
Itaporã do Tocantins,2020-07-31,20,0,0,0,0.35714285714285715,0.0,,1.3010299956639813
Itaporã do Tocantins,2020-08-01,23,3,0,0,0.5714285714285714,0.0,,1.3617278360175928
Itaporã do Tocantins,2020-08-02,26,3,0,0,0.7857142857142857,0.0,,1.414973347970818
Itaporã do Tocantins,2020-08-03,31,5,0,0,1.1428571428571428,0.0,,1.4913616938342726
Itaporã do Tocantins,2020-08-04,34,3,0,0,1.3571428571428572,0.0,,1.5314789170422551
Itaporã do Tocantins,2020-08-05,34,0,0,0,1.3571428571428572,0.0,,1.5314789170422551
Itaporã do Tocantins,2020-08-06,46,12,0,0,2.142857142857143,0.0,,1.662757831681574
Itaporã do Tocantins,2020-08-07,46,0,0,0,2.0714285714285716,0.0,,1.662757831681574
Itaporã do Tocantins,2020-08-08,47,1,0,0,2.0714285714285716,0.0,,1.6720978579357175
Itaporã do Tocantins,2020-08-09,56,9,0,0,2.7142857142857144,0.0,,1.7481880270062005
Itaporã do Tocantins,2020-08-10,59,3,0,0,2.9285714285714284,0.0,,1.7708520116421442
Itaporã do Tocantins,2020-08-11,59,0,0,0,2.7857142857142856,0.0,,1.7708520116421442
Itaporã do Tocantins,2020-08-12,59,0,0,0,2.7857142857142856,0.0,,1.7708520116421442
Itaporã do Tocantins,2020-08-13,59,0,0,0,2.7857142857142856,0.0,,1.7708520116421442
Itaporã do Tocantins,2020-08-14,60,1,0,0,2.857142857142857,0.0,,1.7781512503836436
Itaporã do Tocantins,2020-08-15,60,0,0,0,2.642857142857143,0.0,,1.7781512503836436
Itaporã do Tocantins,2020-08-16,60,0,0,0,2.4285714285714284,0.0,,1.7781512503836436
Itaporã do Tocantins,2020-08-17,65,5,0,0,2.4285714285714284,0.0,,1.8129133566428555
Itaporã do Tocantins,2020-08-18,71,6,0,0,2.642857142857143,0.0,,1.8512583487190752
Itaporã do Tocantins,2020-08-19,72,1,0,0,2.7142857142857144,0.0,,1.8573324964312685
Itaporã do Tocantins,2020-08-20,72,0,0,0,1.8571428571428572,0.0,,1.8573324964312685
Itaporã do Tocantins,2020-08-21,72,0,0,0,1.8571428571428572,0.0,,1.8573324964312685
Itaporã do Tocantins,2020-08-22,72,0,0,0,1.7857142857142858,0.0,,1.8573324964312685
Itaporã do Tocantins,2020-08-23,72,0,0,0,1.1428571428571428,0.0,,1.8573324964312685
Itaporã do Tocantins,2020-08-24,72,0,0,0,0.9285714285714286,0.0,,1.8573324964312685
Itaporã do Tocantins,2020-08-25,72,0,0,0,0.9285714285714286,0.0,,1.8573324964312685
Itaporã do Tocantins,2020-08-26,72,0,0,0,0.9285714285714286,0.0,,1.8573324964312685
Itaporã do Tocantins,2020-08-27,74,2,0,0,1.0714285714285714,0.0,,1.8692317197309762
Itaporã do Tocantins,2020-08-28,77,3,0,0,1.2142857142857142,0.0,,1.8864907251724818
Itaporã do Tocantins,2020-08-29,77,0,0,0,1.2142857142857142,0.0,,1.8864907251724818
Itaporã do Tocantins,2020-08-30,77,0,0,0,1.2142857142857142,0.0,,1.8864907251724818
Itaporã do Tocantins,2020-08-31,79,2,0,0,1.0,0.0,,1.8976270912904414
Itaporã do Tocantins,2020-09-01,82,3,0,0,0.7857142857142857,0.0,,1.9138138523837167
Itaporã do Tocantins,2020-09-02,82,0,0,0,0.7142857142857143,0.0,,1.9138138523837167
Itaporã do Tocantins,2020-09-03,82,0,0,0,0.7142857142857143,0.0,,1.9138138523837167
Itaporã do Tocantins,2020-09-04,83,1,0,0,0.7857142857142857,0.0,,1.919078092376074
Itaporã do Tocantins,2020-09-05,84,1,0,0,0.8571428571428571,0.0,,1.9242792860618816
Itaporã do Tocantins,2020-09-06,91,7,0,0,1.3571428571428572,0.0,,1.9590413923210936
Itaporã do Tocantins,2020-09-07,92,1,0,0,1.4285714285714286,0.0,,1.9637878273455553
Itaporã do Tocantins,2020-09-08,92,0,0,0,1.4285714285714286,0.0,,1.9637878273455553
Itaporã do Tocantins,2020-09-09,95,3,0,0,1.6428571428571428,0.0,,1.9777236052888478
Itaporã do Tocantins,2020-09-10,96,1,0,0,1.5714285714285714,0.0,,1.9822712330395684
Itaporã do Tocantins,2020-09-11,98,2,0,0,1.5,0.0,,1.9912260756924949
Itaporã do Tocantins,2020-09-12,99,1,0,0,1.5714285714285714,0.0,,1.99563519459755
Itaporã do Tocantins,2020-09-13,99,0,0,0,1.5714285714285714,0.0,,1.99563519459755
Itaporã do Tocantins,2020-09-14,100,1,0,0,1.5,0.0,,2.0
Itaporã do Tocantins,2020-09-15,104,4,0,0,1.5714285714285714,0.0,,2.0170333392987803
Itaporã do Tocantins,2020-09-16,104,0,0,0,1.5714285714285714,0.0,,2.0170333392987803
Itaporã do Tocantins,2020-09-17,107,3,0,0,1.7857142857142858,0.0,,2.0293837776852097
Itaporã do Tocantins,2020-09-18,107,0,0,0,1.7142857142857142,0.0,,2.0293837776852097
Itaporã do Tocantins,2020-09-19,107,0,0,0,1.6428571428571428,0.0,,2.0293837776852097
Itaporã do Tocantins,2020-09-20,107,0,0,0,1.1428571428571428,0.0,,2.0293837776852097
Itaporã do Tocantins,2020-09-21,107,0,0,0,1.0714285714285714,0.0,,2.0293837776852097
Itaporã do Tocantins,2020-09-22,107,0,0,0,1.0714285714285714,0.0,,2.0293837776852097
Itaporã do Tocantins,2020-09-23,107,0,0,0,0.8571428571428571,0.0,,2.0293837776852097
Itaporã do Tocantins,2020-09-24,108,1,0,0,0.8571428571428571,0.0,,2.03342375548695
Itaporã do Tocantins,2020-09-25,108,0,0,0,0.7142857142857143,0.0,,2.03342375548695
Itaporã do Tocantins,2020-09-26,108,0,0,0,0.6428571428571429,0.0,,2.03342375548695
Itaporã do Tocantins,2020-09-27,108,0,0,0,0.6428571428571429,0.0,,2.03342375548695
Itaporã do Tocantins,2020-09-28,108,0,0,0,0.5714285714285714,0.0,,2.03342375548695
Itaporã do Tocantins,2020-09-29,108,0,0,0,0.2857142857142857,0.0,,2.03342375548695
Itaporã do Tocantins,2020-09-30,108,0,0,0,0.2857142857142857,0.0,,2.03342375548695
Itaporã do Tocantins,2020-10-01,108,0,0,0,0.07142857142857142,0.0,,2.03342375548695
Itaporã do Tocantins,2020-10-02,108,0,0,0,0.07142857142857142,0.0,,2.03342375548695
Itaporã do Tocantins,2020-10-03,108,0,0,0,0.07142857142857142,0.0,,2.03342375548695
Itaporã do Tocantins,2020-10-04,108,0,0,0,0.07142857142857142,0.0,,2.03342375548695
Itaporã do Tocantins,2020-10-05,108,0,0,0,0.07142857142857142,0.0,,2.03342375548695
Itaporã do Tocantins,2020-10-06,108,0,0,0,0.07142857142857142,0.0,,2.03342375548695
Itaporã do Tocantins,2020-10-07,108,0,0,0,0.07142857142857142,0.0,,2.03342375548695
Itaporã do Tocantins,2020-10-08,108,0,0,0,0.0,0.0,,2.03342375548695
Itaporã do Tocantins,2020-10-09,108,0,0,0,0.0,0.0,,2.03342375548695
Itaporã do Tocantins,2020-10-10,108,0,0,0,0.0,0.0,,2.03342375548695
Itaporã do Tocantins,2020-10-11,108,0,0,0,0.0,0.0,,2.03342375548695
Itaporã do Tocantins,2020-10-12,108,0,0,0,0.0,0.0,,2.03342375548695
Itaporã do Tocantins,2020-10-13,108,0,0,0,0.0,0.0,,2.03342375548695
Itaporã do Tocantins,2020-10-14,109,1,0,0,0.07142857142857142,0.0,,2.037426497940624
Itaporã do Tocantins,2020-10-15,109,0,0,0,0.07142857142857142,0.0,,2.037426497940624
Itaporã do Tocantins,2020-10-16,110,1,0,0,0.14285714285714285,0.0,,2.041392685158225
Itaporã do Tocantins,2020-10-17,110,0,0,0,0.14285714285714285,0.0,,2.041392685158225
Itaporã do Tocantins,2020-10-18,110,0,0,0,0.14285714285714285,0.0,,2.041392685158225
Itaporã do Tocantins,2020-10-19,110,0,0,0,0.14285714285714285,0.0,,2.041392685158225
Itaporã do Tocantins,2020-10-20,110,0,0,0,0.14285714285714285,0.0,,2.041392685158225
Itaporã do Tocantins,2020-10-21,110,0,0,0,0.14285714285714285,0.0,,2.041392685158225
Itaporã do Tocantins,2020-10-22,110,0,0,0,0.14285714285714285,0.0,,2.041392685158225
Itaporã do Tocantins,2020-10-23,110,0,0,0,0.14285714285714285,0.0,,2.041392685158225
Itaporã do Tocantins,2020-10-24,110,0,0,0,0.14285714285714285,0.0,,2.041392685158225
Itaporã do Tocantins,2020-10-25,110,0,0,0,0.14285714285714285,0.0,,2.041392685158225
Itaporã do Tocantins,2020-10-26,110,0,0,0,0.14285714285714285,0.0,,2.041392685158225
Itaporã do Tocantins,2020-10-27,111,1,0,0,0.21428571428571427,0.0,,2.0453229787866576
Itaporã do Tocantins,2020-10-28,111,0,0,0,0.14285714285714285,0.0,,2.0453229787866576
Itaporã do Tocantins,2020-10-29,111,0,0,0,0.14285714285714285,0.0,,2.0453229787866576
Itaporã do Tocantins,2020-10-30,112,1,0,0,0.14285714285714285,0.0,,2.0492180226701815
Itaporã do Tocantins,2020-10-31,112,0,0,0,0.14285714285714285,0.0,,2.0492180226701815
Itaporã do Tocantins,2020-11-01,112,0,0,0,0.14285714285714285,0.0,,2.0492180226701815
Itaporã do Tocantins,2020-11-02,112,0,0,0,0.14285714285714285,0.0,,2.0492180226701815
Itaporã do Tocantins,2020-11-03,112,0,0,0,0.14285714285714285,0.0,,2.0492180226701815
Itaporã do Tocantins,2020-11-04,112,0,0,0,0.14285714285714285,0.0,,2.0492180226701815
Itaporã do Tocantins,2020-11-05,112,0,0,0,0.14285714285714285,0.0,,2.0492180226701815
Itaporã do Tocantins,2020-11-06,112,0,0,0,0.14285714285714285,0.0,,2.0492180226701815
Itaporã do Tocantins,2020-11-07,112,0,0,0,0.14285714285714285,0.0,,2.0492180226701815
Itaporã do Tocantins,2020-11-08,112,0,0,0,0.14285714285714285,0.0,,2.0492180226701815
Itaporã do Tocantins,2020-11-09,112,0,0,0,0.14285714285714285,0.0,,2.0492180226701815
Itaporã do Tocantins,2020-11-10,112,0,0,0,0.07142857142857142,0.0,,2.0492180226701815
Itaporã do Tocantins,2020-11-11,112,0,0,0,0.07142857142857142,0.0,,2.0492180226701815
Itaporã do Tocantins,2020-11-12,112,0,0,0,0.07142857142857142,0.0,,2.0492180226701815
Itaporã do Tocantins,2020-11-13,112,0,0,0,0.0,0.0,,2.0492180226701815
Itaporã do Tocantins,2020-11-14,112,0,0,0,0.0,0.0,,2.0492180226701815
Itaporã do Tocantins,2020-11-15,112,0,0,0,0.0,0.0,,2.0492180226701815
Itaporã do Tocantins,2020-11-16,112,0,0,0,0.0,0.0,,2.0492180226701815
Itaporã do Tocantins,2020-11-17,112,0,0,0,0.0,0.0,,2.0492180226701815
Itaporã do Tocantins,2020-11-18,112,0,0,0,0.0,0.0,,2.0492180226701815
Itaporã do Tocantins,2020-11-19,112,0,0,0,0.0,0.0,,2.0492180226701815
Itaporã do Tocantins,2020-11-20,112,0,0,0,0.0,0.0,,2.0492180226701815
Itaporã do Tocantins,2020-11-21,112,0,0,0,0.0,0.0,,2.0492180226701815
Itaporã do Tocantins,2020-11-22,112,0,0,0,0.0,0.0,,2.0492180226701815
Itaporã do Tocantins,2020-11-23,112,0,0,0,0.0,0.0,,2.0492180226701815
Itaporã do Tocantins,2020-11-24,112,0,0,0,0.0,0.0,,2.0492180226701815
Itaporã do Tocantins,2020-11-25,112,0,0,0,0.0,0.0,,2.0492180226701815
Itaporã do Tocantins,2020-11-26,113,1,0,0,0.07142857142857142,0.0,,2.05307844348342
Itaporã do Tocantins,2020-11-27,114,1,0,0,0.14285714285714285,0.0,,2.0569048513364727
Itaporã do Tocantins,2020-11-28,114,0,0,0,0.14285714285714285,0.0,,2.0569048513364727
Itaporã do Tocantins,2020-11-29,114,0,0,0,0.14285714285714285,0.0,,2.0569048513364727
Itaporã do Tocantins,2020-11-30,114,0,0,0,0.14285714285714285,0.0,,2.0569048513364727
Itaporã do Tocantins,2020-12-01,114,0,0,0,0.14285714285714285,0.0,,2.0569048513364727
Itaporã do Tocantins,2020-12-02,118,4,0,0,0.42857142857142855,0.0,,2.0718820073061255
Itaporã do Tocantins,2020-12-03,122,4,0,0,0.7142857142857143,0.0,,2.0863598306747484
Itaporã do Tocantins,2020-12-04,123,1,0,0,0.7857142857142857,0.0,,2.089905111439398
Itaporã do Tocantins,2020-12-05,124,1,0,0,0.8571428571428571,0.0,,2.093421685162235
Itaporã do Tocantins,2020-12-06,124,0,0,0,0.8571428571428571,0.0,,2.093421685162235
Itaporã do Tocantins,2020-12-07,124,0,3,3,0.8571428571428571,0.21428571428571427,inf,2.093421685162235
Itaporã do Tocantins,2020-12-08,124,0,0,-3,0.8571428571428571,0.0,,2.093421685162235
Itaporã do Tocantins,2020-12-09,124,0,0,0,0.8571428571428571,0.0,,2.093421685162235
Itaporã do Tocantins,2020-12-10,124,0,0,0,0.7857142857142857,0.0,,2.093421685162235
Itaporã do Tocantins,2020-12-11,129,5,0,0,1.0714285714285714,0.0,,2.110589710299249
Itaporã do Tocantins,2020-12-12,129,0,0,0,1.0714285714285714,0.0,,2.110589710299249
Itaporã do Tocantins,2020-12-13,129,0,0,0,1.0714285714285714,0.0,,2.110589710299249
Itaporã do Tocantins,2020-12-14,129,0,0,0,1.0714285714285714,0.0,,2.110589710299249
Itaporã do Tocantins,2020-12-15,129,0,0,0,1.0714285714285714,0.0,,2.110589710299249
Itaporã do Tocantins,2020-12-16,132,3,0,0,1.0,0.0,,2.12057393120585
Itaporã do Tocantins,2020-12-17,133,1,0,0,0.7857142857142857,0.0,,2.123851640967086
Itaporã do Tocantins,2020-12-18,133,0,0,0,0.7142857142857143,0.0,,2.123851640967086
Itaporã do Tocantins,2020-12-19,134,1,0,0,0.7142857142857143,0.0,,2.1271047983648077
Itaporã do Tocantins,2020-12-20,134,0,0,0,0.7142857142857143,0.0,,2.1271047983648077
Itaporã do Tocantins,2020-12-21,134,0,0,0,0.7142857142857143,-0.21428571428571427,-2.0,2.1271047983648077
Itaporã do Tocantins,2020-12-22,134,0,0,0,0.7142857142857143,0.0,,2.1271047983648077
Itaporã do Tocantins,2020-12-23,134,0,0,0,0.7142857142857143,0.0,,2.1271047983648077
Itaporã do Tocantins,2020-12-24,146,12,0,0,1.5714285714285714,0.0,,2.164352855784437
Itaporã do Tocantins,2020-12-25,148,2,0,0,1.3571428571428572,0.0,,2.1702617153949575
Itaporã do Tocantins,2020-12-26,148,0,0,0,1.3571428571428572,0.0,,2.1702617153949575
Itaporã do Tocantins,2020-12-27,148,0,0,0,1.3571428571428572,0.0,,2.1702617153949575
Itaporã do Tocantins,2020-12-28,154,6,0,0,1.7857142857142858,0.0,,2.187520720836463
Itaporã do Tocantins,2020-12-29,155,1,0,0,1.8571428571428572,0.0,,2.1903316981702914
Itaporã do Tocantins,2020-12-30,155,0,0,0,1.6428571428571428,0.0,,2.1903316981702914
Itaporã do Tocantins,2020-12-31,156,1,0,0,1.6428571428571428,0.0,,2.1931245983544616
Itaporã do Tocantins,2021-01-01,156,0,0,0,1.6428571428571428,0.0,,2.1931245983544616
Itaporã do Tocantins,2021-01-02,156,0,0,0,1.5714285714285714,0.0,,2.1931245983544616
Itaporã do Tocantins,2021-01-03,159,3,0,0,1.7857142857142858,0.0,,2.2013971243204513
Itaporã do Tocantins,2021-01-04,159,0,0,0,1.7857142857142858,0.0,-1.0,2.2013971243204513
Itaporã do Tocantins,2021-01-05,168,9,0,0,2.4285714285714284,0.0,,2.225309281725863
Itaporã do Tocantins,2021-01-06,169,1,1,1,2.5,0.07142857142857142,inf,2.2278867046136734
Itaporã do Tocantins,2021-01-07,168,-1,1,0,1.5714285714285714,0.07142857142857142,inf,2.225309281725863
Itaporã do Tocantins,2021-01-08,168,0,1,0,1.4285714285714286,0.07142857142857142,inf,2.225309281725863
Itaporã do Tocantins,2021-01-09,168,0,1,0,1.4285714285714286,0.07142857142857142,inf,2.225309281725863
Itaporã do Tocantins,2021-01-10,168,0,1,0,1.4285714285714286,0.07142857142857142,inf,2.225309281725863
Itaporã do Tocantins,2021-01-11,168,0,1,0,1.0,0.07142857142857142,inf,2.225309281725863
Itaporã do Tocantins,2021-01-12,168,0,1,0,0.9285714285714286,0.07142857142857142,inf,2.225309281725863
Itaporã do Tocantins,2021-01-13,168,0,1,0,0.9285714285714286,0.07142857142857142,inf,2.225309281725863
Itaporã do Tocantins,2021-01-14,168,0,1,0,0.8571428571428571,0.07142857142857142,inf,2.225309281725863
Itaporã do Tocantins,2021-01-15,170,2,1,0,1.0,0.07142857142857142,inf,2.230448921378274
Itaporã do Tocantins,2021-01-16,170,0,1,0,1.0,0.07142857142857142,inf,2.230448921378274
Itaporã do Tocantins,2021-01-17,170,0,1,0,0.7857142857142857,0.07142857142857142,inf,2.230448921378274
Itaporã do Tocantins,2021-01-18,170,0,1,0,0.7857142857142857,0.07142857142857142,inf,2.230448921378274
Itaporã do Tocantins,2021-01-19,170,0,1,0,0.14285714285714285,0.07142857142857142,inf,2.230448921378274
Itaporã do Tocantins,2021-01-20,170,0,1,0,0.07142857142857142,0.0,-1.0,2.230448921378274
Jaú do Tocantins,2020-03-27,0,0,0,0,,,,0.0
Jaú do Tocantins,2020-03-28,0,0,0,0,,,,0.0
Jaú do Tocantins,2020-03-29,0,0,0,0,,,,0.0
Jaú do Tocantins,2020-03-30,0,0,0,0,,,,0.0
Jaú do Tocantins,2020-03-31,0,0,0,0,,,,0.0
Jaú do Tocantins,2020-04-01,0,0,0,0,,,,0.0
Jaú do Tocantins,2020-04-02,0,0,0,0,,,,0.0
Jaú do Tocantins,2020-04-03,0,0,0,0,,,,0.0
Jaú do Tocantins,2020-04-04,0,0,0,0,,,,0.0
Jaú do Tocantins,2020-04-05,0,0,0,0,,,,0.0
Jaú do Tocantins,2020-04-06,0,0,0,0,,,,0.0
Jaú do Tocantins,2020-04-07,0,0,0,0,,,,0.0
Jaú do Tocantins,2020-04-08,0,0,0,0,,,,0.0
Jaú do Tocantins,2020-04-09,0,0,0,0,0.0,0.0,,0.0
Jaú do Tocantins,2020-04-10,0,0,0,0,0.0,0.0,,0.0
Jaú do Tocantins,2020-04-11,0,0,0,0,0.0,0.0,,0.0
Jaú do Tocantins,2020-04-12,0,0,0,0,0.0,0.0,,0.0
Jaú do Tocantins,2020-04-13,0,0,0,0,0.0,0.0,,0.0
Jaú do Tocantins,2020-04-14,0,0,0,0,0.0,0.0,,0.0
Jaú do Tocantins,2020-04-15,0,0,0,0,0.0,0.0,,0.0
Jaú do Tocantins,2020-04-16,0,0,0,0,0.0,0.0,,0.0
Jaú do Tocantins,2020-04-17,0,0,0,0,0.0,0.0,,0.0
Jaú do Tocantins,2020-04-18,0,0,0,0,0.0,0.0,,0.0
Jaú do Tocantins,2020-04-19,0,0,0,0,0.0,0.0,,0.0
Jaú do Tocantins,2020-04-20,0,0,0,0,0.0,0.0,,0.0
Jaú do Tocantins,2020-04-21,0,0,0,0,0.0,0.0,,0.0
Jaú do Tocantins,2020-04-22,0,0,0,0,0.0,0.0,,0.0
Jaú do Tocantins,2020-04-23,0,0,0,0,0.0,0.0,,0.0
Jaú do Tocantins,2020-04-24,0,0,0,0,0.0,0.0,,0.0
Jaú do Tocantins,2020-04-25,0,0,0,0,0.0,0.0,,0.0
Jaú do Tocantins,2020-04-26,0,0,0,0,0.0,0.0,,0.0
Jaú do Tocantins,2020-04-27,0,0,0,0,0.0,0.0,,0.0
Jaú do Tocantins,2020-04-28,0,0,0,0,0.0,0.0,,0.0
Jaú do Tocantins,2020-04-29,0,0,0,0,0.0,0.0,,0.0
Jaú do Tocantins,2020-04-30,0,0,0,0,0.0,0.0,,0.0
Jaú do Tocantins,2020-05-01,0,0,0,0,0.0,0.0,,0.0
Jaú do Tocantins,2020-05-02,0,0,0,0,0.0,0.0,,0.0
Jaú do Tocantins,2020-05-03,0,0,0,0,0.0,0.0,,0.0
Jaú do Tocantins,2020-05-04,0,0,0,0,0.0,0.0,,0.0
Jaú do Tocantins,2020-05-05,0,0,0,0,0.0,0.0,,0.0
Jaú do Tocantins,2020-05-06,0,0,0,0,0.0,0.0,,0.0
Jaú do Tocantins,2020-05-07,0,0,0,0,0.0,0.0,,0.0
Jaú do Tocantins,2020-05-08,0,0,0,0,0.0,0.0,,0.0
Jaú do Tocantins,2020-05-09,0,0,0,0,0.0,0.0,,0.0
Jaú do Tocantins,2020-05-10,0,0,0,0,0.0,0.0,,0.0
Jaú do Tocantins,2020-05-11,0,0,0,0,0.0,0.0,,0.0
Jaú do Tocantins,2020-05-12,0,0,0,0,0.0,0.0,,0.0
Jaú do Tocantins,2020-05-13,0,0,0,0,0.0,0.0,,0.0
Jaú do Tocantins,2020-05-14,0,0,0,0,0.0,0.0,,0.0
Jaú do Tocantins,2020-05-15,0,0,0,0,0.0,0.0,,0.0
Jaú do Tocantins,2020-05-16,0,0,0,0,0.0,0.0,,0.0
Jaú do Tocantins,2020-05-17,0,0,0,0,0.0,0.0,,0.0
Jaú do Tocantins,2020-05-18,0,0,0,0,0.0,0.0,,0.0
Jaú do Tocantins,2020-05-19,0,0,0,0,0.0,0.0,,0.0
Jaú do Tocantins,2020-05-20,0,0,0,0,0.0,0.0,,0.0
Jaú do Tocantins,2020-05-21,0,0,0,0,0.0,0.0,,0.0
Jaú do Tocantins,2020-05-22,0,0,0,0,0.0,0.0,,0.0
Jaú do Tocantins,2020-05-23,0,0,0,0,0.0,0.0,,0.0
Jaú do Tocantins,2020-05-24,0,0,0,0,0.0,0.0,,0.0
Jaú do Tocantins,2020-05-25,0,0,0,0,0.0,0.0,,0.0
Jaú do Tocantins,2020-05-26,0,0,0,0,0.0,0.0,,0.0
Jaú do Tocantins,2020-05-27,0,0,0,0,0.0,0.0,,0.0
Jaú do Tocantins,2020-05-28,0,0,0,0,0.0,0.0,,0.0
Jaú do Tocantins,2020-05-29,0,0,0,0,0.0,0.0,,0.0
Jaú do Tocantins,2020-05-30,0,0,0,0,0.0,0.0,,0.0
Jaú do Tocantins,2020-05-31,0,0,0,0,0.0,0.0,,0.0
Jaú do Tocantins,2020-06-01,0,0,0,0,0.0,0.0,,0.0
Jaú do Tocantins,2020-06-02,0,0,0,0,0.0,0.0,,0.0
Jaú do Tocantins,2020-06-03,0,0,0,0,0.0,0.0,,0.0
Jaú do Tocantins,2020-06-04,0,0,0,0,0.0,0.0,,0.0
Jaú do Tocantins,2020-06-05,0,0,0,0,0.0,0.0,,0.0
Jaú do Tocantins,2020-06-06,0,0,0,0,0.0,0.0,,0.0
Jaú do Tocantins,2020-06-07,0,0,0,0,0.0,0.0,,0.0
Jaú do Tocantins,2020-06-08,0,0,0,0,0.0,0.0,,0.0
Jaú do Tocantins,2020-06-09,0,0,0,0,0.0,0.0,,0.0
Jaú do Tocantins,2020-06-10,0,0,0,0,0.0,0.0,,0.0
Jaú do Tocantins,2020-06-11,0,0,0,0,0.0,0.0,,0.0
Jaú do Tocantins,2020-06-12,0,0,0,0,0.0,0.0,,0.0
Jaú do Tocantins,2020-06-13,0,0,0,0,0.0,0.0,,0.0
Jaú do Tocantins,2020-06-14,0,0,0,0,0.0,0.0,,0.0
Jaú do Tocantins,2020-06-15,0,0,0,0,0.0,0.0,,0.0
Jaú do Tocantins,2020-06-16,0,0,0,0,0.0,0.0,,0.0
Jaú do Tocantins,2020-06-17,0,0,0,0,0.0,0.0,,0.0
Jaú do Tocantins,2020-06-18,0,0,0,0,0.0,0.0,,0.0
Jaú do Tocantins,2020-06-19,0,0,0,0,0.0,0.0,,0.0
Jaú do Tocantins,2020-06-20,0,0,0,0,0.0,0.0,,0.0
Jaú do Tocantins,2020-06-21,0,0,0,0,0.0,0.0,,0.0
Jaú do Tocantins,2020-06-22,0,0,0,0,0.0,0.0,,0.0
Jaú do Tocantins,2020-06-23,0,0,0,0,0.0,0.0,,0.0
Jaú do Tocantins,2020-06-24,0,0,0,0,0.0,0.0,,0.0
Jaú do Tocantins,2020-06-25,0,0,0,0,0.0,0.0,,0.0
Jaú do Tocantins,2020-06-26,0,0,0,0,0.0,0.0,,0.0
Jaú do Tocantins,2020-06-27,0,0,0,0,0.0,0.0,,0.0
Jaú do Tocantins,2020-06-28,0,0,0,0,0.0,0.0,,0.0
Jaú do Tocantins,2020-06-29,0,0,0,0,0.0,0.0,,0.0
Jaú do Tocantins,2020-06-30,0,0,0,0,0.0,0.0,,0.0
Jaú do Tocantins,2020-07-01,0,0,0,0,0.0,0.0,,0.0
Jaú do Tocantins,2020-07-02,0,0,0,0,0.0,0.0,,0.0
Jaú do Tocantins,2020-07-03,0,0,0,0,0.0,0.0,,0.0
Jaú do Tocantins,2020-07-04,0,0,0,0,0.0,0.0,,0.0
Jaú do Tocantins,2020-07-05,0,0,0,0,0.0,0.0,,0.0
Jaú do Tocantins,2020-07-06,0,0,0,0,0.0,0.0,,0.0
Jaú do Tocantins,2020-07-07,0,0,0,0,0.0,0.0,,0.0
Jaú do Tocantins,2020-07-08,1,1,0,0,0.07142857142857142,0.0,,0.0
Jaú do Tocantins,2020-07-09,0,-1,0,0,0.0,0.0,,0.0
Jaú do Tocantins,2020-07-10,0,0,0,0,0.0,0.0,,0.0
Jaú do Tocantins,2020-07-11,0,0,0,0,0.0,0.0,,0.0
Jaú do Tocantins,2020-07-12,1,1,0,0,0.07142857142857142,0.0,,0.0
Jaú do Tocantins,2020-07-13,1,0,0,0,0.07142857142857142,0.0,,0.0
Jaú do Tocantins,2020-07-14,1,0,0,0,0.07142857142857142,0.0,,0.0
Jaú do Tocantins,2020-07-15,1,0,0,0,0.07142857142857142,0.0,,0.0
Jaú do Tocantins,2020-07-16,2,1,0,0,0.14285714285714285,0.0,,0.3010299956639812
Jaú do Tocantins,2020-07-17,3,1,0,0,0.21428571428571427,0.0,,0.47712125471966244
Jaú do Tocantins,2020-07-18,3,0,0,0,0.21428571428571427,0.0,,0.47712125471966244
Jaú do Tocantins,2020-07-19,3,0,0,0,0.21428571428571427,0.0,,0.47712125471966244
Jaú do Tocantins,2020-07-20,3,0,0,0,0.21428571428571427,0.0,,0.47712125471966244
Jaú do Tocantins,2020-07-21,3,0,0,0,0.21428571428571427,0.0,,0.47712125471966244
Jaú do Tocantins,2020-07-22,3,0,0,0,0.14285714285714285,0.0,,0.47712125471966244
Jaú do Tocantins,2020-07-23,4,1,0,0,0.2857142857142857,0.0,,0.6020599913279624
Jaú do Tocantins,2020-07-24,4,0,0,0,0.2857142857142857,0.0,,0.6020599913279624
Jaú do Tocantins,2020-07-25,4,0,0,0,0.2857142857142857,0.0,,0.6020599913279624
Jaú do Tocantins,2020-07-26,4,0,0,0,0.21428571428571427,0.0,,0.6020599913279624
Jaú do Tocantins,2020-07-27,4,0,0,0,0.21428571428571427,0.0,,0.6020599913279624
Jaú do Tocantins,2020-07-28,6,2,0,0,0.35714285714285715,0.0,,0.7781512503836436
Jaú do Tocantins,2020-07-29,6,0,0,0,0.35714285714285715,0.0,,0.7781512503836436
Jaú do Tocantins,2020-07-30,6,0,0,0,0.2857142857142857,0.0,,0.7781512503836436
Jaú do Tocantins,2020-07-31,6,0,0,0,0.21428571428571427,0.0,,0.7781512503836436
Jaú do Tocantins,2020-08-01,9,3,0,0,0.42857142857142855,0.0,,0.9542425094393249
Jaú do Tocantins,2020-08-02,11,2,0,0,0.5714285714285714,0.0,,1.041392685158225
Jaú do Tocantins,2020-08-03,12,1,0,0,0.6428571428571429,0.0,,1.0791812460476249
Jaú do Tocantins,2020-08-04,12,0,0,0,0.6428571428571429,0.0,,1.0791812460476249
Jaú do Tocantins,2020-08-05,11,-1,0,0,0.5714285714285714,0.0,,1.041392685158225
Jaú do Tocantins,2020-08-06,11,0,0,0,0.5,0.0,,1.041392685158225
Jaú do Tocantins,2020-08-07,11,0,0,0,0.5,0.0,,1.041392685158225
Jaú do Tocantins,2020-08-08,11,0,0,0,0.5,0.0,,1.041392685158225
Jaú do Tocantins,2020-08-09,11,0,0,0,0.5,0.0,,1.041392685158225
Jaú do Tocantins,2020-08-10,12,1,0,0,0.5714285714285714,0.0,,1.0791812460476249
Jaú do Tocantins,2020-08-11,15,3,0,0,0.6428571428571429,0.0,,1.1760912590556813
Jaú do Tocantins,2020-08-12,15,0,0,0,0.6428571428571429,0.0,,1.1760912590556813
Jaú do Tocantins,2020-08-13,16,1,0,0,0.7142857142857143,0.0,,1.2041199826559248
Jaú do Tocantins,2020-08-14,16,0,0,0,0.7142857142857143,0.0,,1.2041199826559248
Jaú do Tocantins,2020-08-15,17,1,0,0,0.5714285714285714,0.0,,1.2304489213782739
Jaú do Tocantins,2020-08-16,17,0,0,0,0.42857142857142855,0.0,,1.2304489213782739
Jaú do Tocantins,2020-08-17,18,1,0,0,0.42857142857142855,0.0,,1.255272505103306
Jaú do Tocantins,2020-08-18,18,0,0,0,0.42857142857142855,0.0,,1.255272505103306
Jaú do Tocantins,2020-08-19,19,1,0,0,0.5714285714285714,0.0,,1.2787536009528289
Jaú do Tocantins,2020-08-20,20,1,0,0,0.6428571428571429,0.0,,1.3010299956639813
Jaú do Tocantins,2020-08-21,21,1,1,1,0.7142857142857143,0.07142857142857142,inf,1.3222192947339193
Jaú do Tocantins,2020-08-22,22,1,1,0,0.7857142857142857,0.07142857142857142,inf,1.3424226808222062
Jaú do Tocantins,2020-08-23,22,0,2,1,0.7857142857142857,0.14285714285714285,inf,1.3424226808222062
Jaú do Tocantins,2020-08-24,22,0,2,0,0.7142857142857143,0.14285714285714285,inf,1.3424226808222062
Jaú do Tocantins,2020-08-25,22,0,2,0,0.5,0.14285714285714285,inf,1.3424226808222062
Jaú do Tocantins,2020-08-26,22,0,2,0,0.5,0.14285714285714285,inf,1.3424226808222062
Jaú do Tocantins,2020-08-27,24,2,2,0,0.5714285714285714,0.14285714285714285,inf,1.380211241711606
Jaú do Tocantins,2020-08-28,24,0,2,0,0.5714285714285714,0.14285714285714285,inf,1.380211241711606
Jaú do Tocantins,2020-08-29,26,2,2,0,0.6428571428571429,0.14285714285714285,inf,1.414973347970818
Jaú do Tocantins,2020-08-30,27,1,2,0,0.7142857142857143,0.14285714285714285,inf,1.4313637641589874
Jaú do Tocantins,2020-08-31,27,0,2,0,0.6428571428571429,0.14285714285714285,inf,1.4313637641589874
Jaú do Tocantins,2020-09-01,31,4,2,0,0.9285714285714286,0.14285714285714285,inf,1.4913616938342726
Jaú do Tocantins,2020-09-02,32,1,2,0,0.9285714285714286,0.14285714285714285,inf,1.505149978319906
Jaú do Tocantins,2020-09-03,34,2,2,0,1.0,0.14285714285714285,inf,1.5314789170422551
Jaú do Tocantins,2020-09-04,37,3,2,0,1.1428571428571428,0.07142857142857142,0.0,1.568201724066995
Jaú do Tocantins,2020-09-05,37,0,2,0,1.0714285714285714,0.07142857142857142,0.0,1.568201724066995
Jaú do Tocantins,2020-09-06,38,1,2,0,1.1428571428571428,0.0,-1.0,1.5797835966168101
Jaú do Tocantins,2020-09-07,38,0,2,0,1.1428571428571428,0.0,-1.0,1.5797835966168101
Jaú do Tocantins,2020-09-08,38,0,2,0,1.1428571428571428,0.0,-1.0,1.5797835966168101
Jaú do Tocantins,2020-09-09,37,-1,2,0,1.0714285714285714,0.0,-1.0,1.568201724066995
Jaú do Tocantins,2020-09-10,44,7,2,0,1.4285714285714286,0.0,-1.0,1.6434526764861874
Jaú do Tocantins,2020-09-11,44,0,2,0,1.4285714285714286,0.0,-1.0,1.6434526764861874
Jaú do Tocantins,2020-09-12,44,0,2,0,1.2857142857142858,0.0,-1.0,1.6434526764861874
Jaú do Tocantins,2020-09-13,44,0,2,0,1.2142857142857142,0.0,-1.0,1.6434526764861874
Jaú do Tocantins,2020-09-14,45,1,2,0,1.2857142857142858,0.0,-1.0,1.6532125137753437
Jaú do Tocantins,2020-09-15,45,0,2,0,1.0,0.0,-1.0,1.6532125137753437
Jaú do Tocantins,2020-09-16,46,1,2,0,1.0,0.0,-1.0,1.662757831681574
Jaú do Tocantins,2020-09-17,46,0,2,0,0.8571428571428571,0.0,-1.0,1.662757831681574
Jaú do Tocantins,2020-09-18,46,0,2,0,0.6428571428571429,0.0,-1.0,1.662757831681574
Jaú do Tocantins,2020-09-19,46,0,2,0,0.6428571428571429,0.0,-1.0,1.662757831681574
Jaú do Tocantins,2020-09-20,46,0,2,0,0.5714285714285714,0.0,,1.662757831681574
Jaú do Tocantins,2020-09-21,46,0,2,0,0.5714285714285714,0.0,,1.662757831681574
Jaú do Tocantins,2020-09-22,48,2,2,0,0.7142857142857143,0.0,,1.6812412373755872
Jaú do Tocantins,2020-09-23,48,0,2,0,0.7857142857142857,0.0,,1.6812412373755872
Jaú do Tocantins,2020-09-24,50,2,2,0,0.42857142857142855,0.0,,1.6989700043360187
Jaú do Tocantins,2020-09-25,50,0,2,0,0.42857142857142855,0.0,,1.6989700043360187
Jaú do Tocantins,2020-09-26,54,4,2,0,0.7142857142857143,0.0,,1.7323937598229686
Jaú do Tocantins,2020-09-27,54,0,2,0,0.7142857142857143,0.0,,1.7323937598229686
Jaú do Tocantins,2020-09-28,54,0,2,0,0.6428571428571429,0.0,,1.7323937598229686
Jaú do Tocantins,2020-09-29,54,0,2,0,0.6428571428571429,0.0,,1.7323937598229686
Jaú do Tocantins,2020-09-30,58,4,2,0,0.8571428571428571,0.0,,1.7634279935629373
Jaú do Tocantins,2020-10-01,58,0,2,0,0.8571428571428571,0.0,,1.7634279935629373
Jaú do Tocantins,2020-10-02,59,1,2,0,0.9285714285714286,0.0,,1.7708520116421442
Jaú do Tocantins,2020-10-03,59,0,2,0,0.9285714285714286,0.0,,1.7708520116421442
Jaú do Tocantins,2020-10-04,59,0,2,0,0.9285714285714286,0.0,,1.7708520116421442
Jaú do Tocantins,2020-10-05,59,0,2,0,0.9285714285714286,0.0,,1.7708520116421442
Jaú do Tocantins,2020-10-06,59,0,2,0,0.7857142857142857,0.0,,1.7708520116421442
Jaú do Tocantins,2020-10-07,59,0,2,0,0.7857142857142857,0.0,,1.7708520116421442
Jaú do Tocantins,2020-10-08,59,0,2,0,0.6428571428571429,0.0,,1.7708520116421442
Jaú do Tocantins,2020-10-09,65,6,2,0,1.0714285714285714,0.0,,1.8129133566428555
Jaú do Tocantins,2020-10-10,66,1,2,0,0.8571428571428571,0.0,,1.8195439355418688
Jaú do Tocantins,2020-10-11,66,0,2,0,0.8571428571428571,0.0,,1.8195439355418688
Jaú do Tocantins,2020-10-12,66,0,2,0,0.8571428571428571,0.0,,1.8195439355418688
Jaú do Tocantins,2020-10-13,66,0,2,0,0.8571428571428571,0.0,,1.8195439355418688
Jaú do Tocantins,2020-10-14,68,2,2,0,0.7142857142857143,0.0,,1.8325089127062364
Jaú do Tocantins,2020-10-15,68,0,3,1,0.7142857142857143,0.07142857142857142,inf,1.8325089127062364
Jaú do Tocantins,2020-10-16,69,1,3,0,0.7142857142857143,0.07142857142857142,inf,1.8388490907372552
Jaú do Tocantins,2020-10-17,70,1,3,0,0.7857142857142857,0.07142857142857142,inf,1.845098040014257
Jaú do Tocantins,2020-10-18,70,0,3,0,0.7857142857142857,0.07142857142857142,inf,1.845098040014257
Jaú do Tocantins,2020-10-19,70,0,3,0,0.7857142857142857,0.07142857142857142,inf,1.845098040014257
Jaú do Tocantins,2020-10-20,72,2,3,0,0.9285714285714286,0.07142857142857142,inf,1.8573324964312685
Jaú do Tocantins,2020-10-21,73,1,3,0,1.0,0.07142857142857142,inf,1.863322860120456
Jaú do Tocantins,2020-10-22,73,0,3,0,1.0,0.07142857142857142,inf,1.863322860120456
Jaú do Tocantins,2020-10-23,77,4,3,0,0.8571428571428571,0.07142857142857142,inf,1.8864907251724818
Jaú do Tocantins,2020-10-24,77,0,3,0,0.7857142857142857,0.07142857142857142,inf,1.8864907251724818
Jaú do Tocantins,2020-10-25,77,0,3,0,0.7857142857142857,0.07142857142857142,inf,1.8864907251724818
Jaú do Tocantins,2020-10-26,77,0,3,0,0.7857142857142857,0.07142857142857142,inf,1.8864907251724818
Jaú do Tocantins,2020-10-27,77,0,3,0,0.7857142857142857,0.07142857142857142,inf,1.8864907251724818
Jaú do Tocantins,2020-10-28,80,3,3,0,0.8571428571428571,0.07142857142857142,inf,1.9030899869919435
Jaú do Tocantins,2020-10-29,80,0,3,0,0.8571428571428571,0.0,-1.0,1.9030899869919435
Jaú do Tocantins,2020-10-30,80,0,3,0,0.7857142857142857,0.0,-1.0,1.9030899869919435
Jaú do Tocantins,2020-10-31,80,0,3,0,0.7142857142857143,0.0,-1.0,1.9030899869919435
Jaú do Tocantins,2020-11-01,80,0,3,0,0.7142857142857143,0.0,-1.0,1.9030899869919435
Jaú do Tocantins,2020-11-02,80,0,3,0,0.7142857142857143,0.0,-1.0,1.9030899869919435
Jaú do Tocantins,2020-11-03,80,0,3,0,0.5714285714285714,0.0,-1.0,1.9030899869919435
Jaú do Tocantins,2020-11-04,80,0,3,0,0.5,0.0,-1.0,1.9030899869919435
Jaú do Tocantins,2020-11-05,80,0,3,0,0.5,0.0,-1.0,1.9030899869919435
Jaú do Tocantins,2020-11-06,80,0,3,0,0.21428571428571427,0.0,-1.0,1.9030899869919435
Jaú do Tocantins,2020-11-07,80,0,3,0,0.21428571428571427,0.0,-1.0,1.9030899869919435
Jaú do Tocantins,2020-11-08,80,0,3,0,0.21428571428571427,0.0,-1.0,1.9030899869919435
Jaú do Tocantins,2020-11-09,80,0,3,0,0.21428571428571427,0.0,-1.0,1.9030899869919435
Jaú do Tocantins,2020-11-10,80,0,3,0,0.21428571428571427,0.0,-1.0,1.9030899869919435
Jaú do Tocantins,2020-11-11,80,0,3,0,0.0,0.0,-1.0,1.9030899869919435
Jaú do Tocantins,2020-11-12,80,0,3,0,0.0,0.0,,1.9030899869919435
Jaú do Tocantins,2020-11-13,80,0,3,0,0.0,0.0,,1.9030899869919435
Jaú do Tocantins,2020-11-14,80,0,3,0,0.0,0.0,,1.9030899869919435
Jaú do Tocantins,2020-11-15,80,0,3,0,0.0,0.0,,1.9030899869919435
Jaú do Tocantins,2020-11-16,80,0,3,0,0.0,0.0,,1.9030899869919435
Jaú do Tocantins,2020-11-17,80,0,3,0,0.0,0.0,,1.9030899869919435
Jaú do Tocantins,2020-11-18,80,0,3,0,0.0,0.0,,1.9030899869919435
Jaú do Tocantins,2020-11-19,80,0,3,0,0.0,0.0,,1.9030899869919435
Jaú do Tocantins,2020-11-20,80,0,3,0,0.0,0.0,,1.9030899869919435
Jaú do Tocantins,2020-11-21,80,0,3,0,0.0,0.0,,1.9030899869919435
Jaú do Tocantins,2020-11-22,80,0,3,0,0.0,0.0,,1.9030899869919435
Jaú do Tocantins,2020-11-23,80,0,3,0,0.0,0.0,,1.9030899869919435
Jaú do Tocantins,2020-11-24,79,-1,3,0,-0.07142857142857142,0.0,,1.8976270912904414
Jaú do Tocantins,2020-11-25,80,1,3,0,0.0,0.0,,1.9030899869919435
Jaú do Tocantins,2020-11-26,80,0,3,0,0.0,0.0,,1.9030899869919435
Jaú do Tocantins,2020-11-27,80,0,3,0,0.0,0.0,,1.9030899869919435
Jaú do Tocantins,2020-11-28,81,1,3,0,0.07142857142857142,0.0,,1.9084850188786497
Jaú do Tocantins,2020-11-29,81,0,3,0,0.07142857142857142,0.0,,1.9084850188786497
Jaú do Tocantins,2020-11-30,81,0,3,0,0.07142857142857142,0.0,,1.9084850188786497
Jaú do Tocantins,2020-12-01,81,0,3,0,0.07142857142857142,0.0,,1.9084850188786497
Jaú do Tocantins,2020-12-02,81,0,3,0,0.07142857142857142,0.0,,1.9084850188786497
Jaú do Tocantins,2020-12-03,81,0,3,0,0.07142857142857142,0.0,,1.9084850188786497
Jaú do Tocantins,2020-12-04,81,0,3,0,0.07142857142857142,0.0,,1.9084850188786497
Jaú do Tocantins,2020-12-05,81,0,3,0,0.07142857142857142,0.0,,1.9084850188786497
Jaú do Tocantins,2020-12-06,81,0,3,0,0.07142857142857142,0.0,,1.9084850188786497
Jaú do Tocantins,2020-12-07,81,0,0,-3,0.07142857142857142,-0.21428571428571427,-inf,1.9084850188786497
Jaú do Tocantins,2020-12-08,81,0,3,3,0.14285714285714285,0.0,,1.9084850188786497
Jaú do Tocantins,2020-12-09,83,2,3,0,0.21428571428571427,0.0,,1.919078092376074
Jaú do Tocantins,2020-12-10,83,0,3,0,0.21428571428571427,0.0,,1.919078092376074
Jaú do Tocantins,2020-12-11,83,0,3,0,0.21428571428571427,0.0,,1.919078092376074
Jaú do Tocantins,2020-12-12,83,0,3,0,0.14285714285714285,0.0,,1.919078092376074
Jaú do Tocantins,2020-12-13,83,0,3,0,0.14285714285714285,0.0,,1.919078092376074
Jaú do Tocantins,2020-12-14,84,1,3,0,0.21428571428571427,0.0,,1.9242792860618816
Jaú do Tocantins,2020-12-15,86,2,3,0,0.35714285714285715,0.0,,1.9344984512435677
Jaú do Tocantins,2020-12-16,86,0,3,0,0.35714285714285715,0.0,,1.9344984512435677
Jaú do Tocantins,2020-12-17,86,0,3,0,0.35714285714285715,0.0,,1.9344984512435677
Jaú do Tocantins,2020-12-18,86,0,3,0,0.35714285714285715,0.0,,1.9344984512435677
Jaú do Tocantins,2020-12-19,86,0,3,0,0.35714285714285715,0.0,,1.9344984512435677
Jaú do Tocantins,2020-12-20,86,0,3,0,0.35714285714285715,0.0,,1.9344984512435677
Jaú do Tocantins,2020-12-21,86,0,3,0,0.35714285714285715,0.21428571428571427,-2.0,1.9344984512435677
Jaú do Tocantins,2020-12-22,86,0,3,0,0.35714285714285715,0.0,,1.9344984512435677
Jaú do Tocantins,2020-12-23,86,0,3,0,0.21428571428571427,0.0,,1.9344984512435677
Jaú do Tocantins,2020-12-24,86,0,3,0,0.21428571428571427,0.0,,1.9344984512435677
Jaú do Tocantins,2020-12-25,86,0,3,0,0.21428571428571427,0.0,,1.9344984512435677
Jaú do Tocantins,2020-12-26,86,0,3,0,0.21428571428571427,0.0,,1.9344984512435677
Jaú do Tocantins,2020-12-27,86,0,3,0,0.21428571428571427,0.0,,1.9344984512435677
Jaú do Tocantins,2020-12-28,86,0,3,0,0.14285714285714285,0.0,,1.9344984512435677
Jaú do Tocantins,2020-12-29,86,0,3,0,0.0,0.0,,1.9344984512435677
Jaú do Tocantins,2020-12-30,86,0,3,0,0.0,0.0,,1.9344984512435677
Jaú do Tocantins,2020-12-31,86,0,3,0,0.0,0.0,,1.9344984512435677
Jaú do Tocantins,2021-01-01,93,7,3,0,0.5,0.0,,1.968482948553935
Jaú do Tocantins,2021-01-02,93,0,3,0,0.5,0.0,,1.968482948553935
Jaú do Tocantins,2021-01-03,93,0,3,0,0.5,0.0,,1.968482948553935
Jaú do Tocantins,2021-01-04,93,0,3,0,0.5,0.0,-1.0,1.968482948553935
Jaú do Tocantins,2021-01-05,100,7,3,0,1.0,0.0,,2.0
Jaú do Tocantins,2021-01-06,103,3,3,0,1.2142857142857142,0.0,,2.012837224705172
Jaú do Tocantins,2021-01-07,103,0,3,0,1.2142857142857142,0.0,,2.012837224705172
Jaú do Tocantins,2021-01-08,103,0,3,0,1.2142857142857142,0.0,,2.012837224705172
Jaú do Tocantins,2021-01-09,103,0,3,0,1.2142857142857142,0.0,,2.012837224705172
Jaú do Tocantins,2021-01-10,103,0,3,0,1.2142857142857142,0.0,,2.012837224705172
Jaú do Tocantins,2021-01-11,103,0,3,0,1.2142857142857142,0.0,,2.012837224705172
Jaú do Tocantins,2021-01-12,103,0,3,0,1.2142857142857142,0.0,,2.012837224705172
Jaú do Tocantins,2021-01-13,107,4,3,0,1.5,0.0,,2.0293837776852097
Jaú do Tocantins,2021-01-14,107,0,3,0,1.5,0.0,,2.0293837776852097
Jaú do Tocantins,2021-01-15,107,0,3,0,1.0,0.0,,2.0293837776852097
Jaú do Tocantins,2021-01-16,107,0,3,0,1.0,0.0,,2.0293837776852097
Jaú do Tocantins,2021-01-17,107,0,3,0,1.0,0.0,,2.0293837776852097
Jaú do Tocantins,2021-01-18,109,2,3,0,1.1428571428571428,0.0,,2.037426497940624
Jaú do Tocantins,2021-01-19,111,2,3,0,0.7857142857142857,0.0,,2.0453229787866576
Jaú do Tocantins,2021-01-20,111,0,3,0,0.5714285714285714,0.0,,2.0453229787866576
Juarina,2020-03-27,0,0,0,0,,,,0.0
Juarina,2020-03-28,0,0,0,0,,,,0.0
Juarina,2020-03-29,0,0,0,0,,,,0.0
Juarina,2020-03-30,0,0,0,0,,,,0.0
Juarina,2020-03-31,0,0,0,0,,,,0.0
Juarina,2020-04-01,0,0,0,0,,,,0.0
Juarina,2020-04-02,0,0,0,0,,,,0.0
Juarina,2020-04-03,0,0,0,0,,,,0.0
Juarina,2020-04-04,0,0,0,0,,,,0.0
Juarina,2020-04-05,0,0,0,0,,,,0.0
Juarina,2020-04-06,0,0,0,0,,,,0.0
Juarina,2020-04-07,0,0,0,0,,,,0.0
Juarina,2020-04-08,0,0,0,0,,,,0.0
Juarina,2020-04-09,0,0,0,0,0.0,0.0,,0.0
Juarina,2020-04-10,0,0,0,0,0.0,0.0,,0.0
Juarina,2020-04-11,0,0,0,0,0.0,0.0,,0.0
Juarina,2020-04-12,0,0,0,0,0.0,0.0,,0.0
Juarina,2020-04-13,0,0,0,0,0.0,0.0,,0.0
Juarina,2020-04-14,0,0,0,0,0.0,0.0,,0.0
Juarina,2020-04-15,0,0,0,0,0.0,0.0,,0.0
Juarina,2020-04-16,0,0,0,0,0.0,0.0,,0.0
Juarina,2020-04-17,0,0,0,0,0.0,0.0,,0.0
Juarina,2020-04-18,0,0,0,0,0.0,0.0,,0.0
Juarina,2020-04-19,0,0,0,0,0.0,0.0,,0.0
Juarina,2020-04-20,0,0,0,0,0.0,0.0,,0.0
Juarina,2020-04-21,0,0,0,0,0.0,0.0,,0.0
Juarina,2020-04-22,0,0,0,0,0.0,0.0,,0.0
Juarina,2020-04-23,0,0,0,0,0.0,0.0,,0.0
Juarina,2020-04-24,0,0,0,0,0.0,0.0,,0.0
Juarina,2020-04-25,0,0,0,0,0.0,0.0,,0.0
Juarina,2020-04-26,0,0,0,0,0.0,0.0,,0.0
Juarina,2020-04-27,0,0,0,0,0.0,0.0,,0.0
Juarina,2020-04-28,0,0,0,0,0.0,0.0,,0.0
Juarina,2020-04-29,0,0,0,0,0.0,0.0,,0.0
Juarina,2020-04-30,0,0,0,0,0.0,0.0,,0.0
Juarina,2020-05-01,0,0,0,0,0.0,0.0,,0.0
Juarina,2020-05-02,0,0,0,0,0.0,0.0,,0.0
Juarina,2020-05-03,0,0,0,0,0.0,0.0,,0.0
Juarina,2020-05-04,0,0,0,0,0.0,0.0,,0.0
Juarina,2020-05-05,0,0,0,0,0.0,0.0,,0.0
Juarina,2020-05-06,0,0,0,0,0.0,0.0,,0.0
Juarina,2020-05-07,0,0,0,0,0.0,0.0,,0.0
Juarina,2020-05-08,0,0,0,0,0.0,0.0,,0.0
Juarina,2020-05-09,0,0,0,0,0.0,0.0,,0.0
Juarina,2020-05-10,0,0,0,0,0.0,0.0,,0.0
Juarina,2020-05-11,0,0,0,0,0.0,0.0,,0.0
Juarina,2020-05-12,0,0,0,0,0.0,0.0,,0.0
Juarina,2020-05-13,0,0,0,0,0.0,0.0,,0.0
Juarina,2020-05-14,0,0,0,0,0.0,0.0,,0.0
Juarina,2020-05-15,0,0,0,0,0.0,0.0,,0.0
Juarina,2020-05-16,0,0,0,0,0.0,0.0,,0.0
Juarina,2020-05-17,0,0,0,0,0.0,0.0,,0.0
Juarina,2020-05-18,0,0,0,0,0.0,0.0,,0.0
Juarina,2020-05-19,0,0,0,0,0.0,0.0,,0.0
Juarina,2020-05-20,0,0,0,0,0.0,0.0,,0.0
Juarina,2020-05-21,0,0,0,0,0.0,0.0,,0.0
Juarina,2020-05-22,0,0,0,0,0.0,0.0,,0.0
Juarina,2020-05-23,0,0,0,0,0.0,0.0,,0.0
Juarina,2020-05-24,0,0,0,0,0.0,0.0,,0.0
Juarina,2020-05-25,0,0,0,0,0.0,0.0,,0.0
Juarina,2020-05-26,0,0,0,0,0.0,0.0,,0.0
Juarina,2020-05-27,0,0,0,0,0.0,0.0,,0.0
Juarina,2020-05-28,0,0,0,0,0.0,0.0,,0.0
Juarina,2020-05-29,0,0,0,0,0.0,0.0,,0.0
Juarina,2020-05-30,0,0,0,0,0.0,0.0,,0.0
Juarina,2020-05-31,0,0,0,0,0.0,0.0,,0.0
Juarina,2020-06-01,0,0,0,0,0.0,0.0,,0.0
Juarina,2020-06-02,0,0,0,0,0.0,0.0,,0.0
Juarina,2020-06-03,0,0,0,0,0.0,0.0,,0.0
Juarina,2020-06-04,0,0,0,0,0.0,0.0,,0.0
Juarina,2020-06-05,0,0,0,0,0.0,0.0,,0.0
Juarina,2020-06-06,1,1,0,0,0.07142857142857142,0.0,,0.0
Juarina,2020-06-07,1,0,0,0,0.07142857142857142,0.0,,0.0
Juarina,2020-06-08,1,0,0,0,0.07142857142857142,0.0,,0.0
Juarina,2020-06-09,1,0,0,0,0.07142857142857142,0.0,,0.0
Juarina,2020-06-10,1,0,0,0,0.07142857142857142,0.0,,0.0
Juarina,2020-06-11,1,0,0,0,0.07142857142857142,0.0,,0.0
Juarina,2020-06-12,1,0,0,0,0.07142857142857142,0.0,,0.0
Juarina,2020-06-13,1,0,0,0,0.07142857142857142,0.0,,0.0
Juarina,2020-06-14,1,0,0,0,0.07142857142857142,0.0,,0.0
Juarina,2020-06-15,1,0,0,0,0.07142857142857142,0.0,,0.0
Juarina,2020-06-16,1,0,0,0,0.07142857142857142,0.0,,0.0
Juarina,2020-06-17,1,0,0,0,0.07142857142857142,0.0,,0.0
Juarina,2020-06-18,1,0,0,0,0.07142857142857142,0.0,,0.0
Juarina,2020-06-19,1,0,0,0,0.07142857142857142,0.0,,0.0
Juarina,2020-06-20,1,0,0,0,0.0,0.0,,0.0
Juarina,2020-06-21,1,0,0,0,0.0,0.0,,0.0
Juarina,2020-06-22,1,0,0,0,0.0,0.0,,0.0
Juarina,2020-06-23,1,0,0,0,0.0,0.0,,0.0
Juarina,2020-06-24,1,0,0,0,0.0,0.0,,0.0
Juarina,2020-06-25,1,0,0,0,0.0,0.0,,0.0
Juarina,2020-06-26,1,0,0,0,0.0,0.0,,0.0
Juarina,2020-06-27,1,0,0,0,0.0,0.0,,0.0
Juarina,2020-06-28,1,0,0,0,0.0,0.0,,0.0
Juarina,2020-06-29,1,0,0,0,0.0,0.0,,0.0
Juarina,2020-06-30,1,0,0,0,0.0,0.0,,0.0
Juarina,2020-07-01,1,0,0,0,0.0,0.0,,0.0
Juarina,2020-07-02,1,0,0,0,0.0,0.0,,0.0
Juarina,2020-07-03,1,0,0,0,0.0,0.0,,0.0
Juarina,2020-07-04,1,0,0,0,0.0,0.0,,0.0
Juarina,2020-07-05,1,0,0,0,0.0,0.0,,0.0
Juarina,2020-07-06,1,0,0,0,0.0,0.0,,0.0
Juarina,2020-07-07,1,0,0,0,0.0,0.0,,0.0
Juarina,2020-07-08,1,0,0,0,0.0,0.0,,0.0
Juarina,2020-07-09,1,0,0,0,0.0,0.0,,0.0
Juarina,2020-07-10,1,0,0,0,0.0,0.0,,0.0
Juarina,2020-07-11,1,0,0,0,0.0,0.0,,0.0
Juarina,2020-07-12,1,0,0,0,0.0,0.0,,0.0
Juarina,2020-07-13,1,0,0,0,0.0,0.0,,0.0
Juarina,2020-07-14,1,0,0,0,0.0,0.0,,0.0
Juarina,2020-07-15,1,0,0,0,0.0,0.0,,0.0
Juarina,2020-07-16,1,0,0,0,0.0,0.0,,0.0
Juarina,2020-07-17,2,1,0,0,0.07142857142857142,0.0,,0.3010299956639812
Juarina,2020-07-18,2,0,0,0,0.07142857142857142,0.0,,0.3010299956639812
Juarina,2020-07-19,2,0,0,0,0.07142857142857142,0.0,,0.3010299956639812
Juarina,2020-07-20,2,0,0,0,0.07142857142857142,0.0,,0.3010299956639812
Juarina,2020-07-21,2,0,0,0,0.07142857142857142,0.0,,0.3010299956639812
Juarina,2020-07-22,2,0,0,0,0.07142857142857142,0.0,,0.3010299956639812
Juarina,2020-07-23,2,0,0,0,0.07142857142857142,0.0,,0.3010299956639812
Juarina,2020-07-24,2,0,0,0,0.07142857142857142,0.0,,0.3010299956639812
Juarina,2020-07-25,2,0,0,0,0.07142857142857142,0.0,,0.3010299956639812
Juarina,2020-07-26,2,0,0,0,0.07142857142857142,0.0,,0.3010299956639812
Juarina,2020-07-27,2,0,0,0,0.07142857142857142,0.0,,0.3010299956639812
Juarina,2020-07-28,2,0,0,0,0.07142857142857142,0.0,,0.3010299956639812
Juarina,2020-07-29,2,0,0,0,0.07142857142857142,0.0,,0.3010299956639812
Juarina,2020-07-30,2,0,0,0,0.07142857142857142,0.0,,0.3010299956639812
Juarina,2020-07-31,2,0,0,0,0.0,0.0,,0.3010299956639812
Juarina,2020-08-01,2,0,0,0,0.0,0.0,,0.3010299956639812
Juarina,2020-08-02,2,0,0,0,0.0,0.0,,0.3010299956639812
Juarina,2020-08-03,2,0,0,0,0.0,0.0,,0.3010299956639812
Juarina,2020-08-04,2,0,0,0,0.0,0.0,,0.3010299956639812
Juarina,2020-08-05,2,0,0,0,0.0,0.0,,0.3010299956639812
Juarina,2020-08-06,2,0,0,0,0.0,0.0,,0.3010299956639812
Juarina,2020-08-07,3,1,0,0,0.07142857142857142,0.0,,0.47712125471966244
Juarina,2020-08-08,5,2,0,0,0.21428571428571427,0.0,,0.6989700043360189
Juarina,2020-08-09,6,1,0,0,0.2857142857142857,0.0,,0.7781512503836436
Juarina,2020-08-10,7,1,0,0,0.35714285714285715,0.0,,0.8450980400142568
Juarina,2020-08-11,8,1,0,0,0.42857142857142855,0.0,,0.9030899869919435
Juarina,2020-08-12,8,0,0,0,0.42857142857142855,0.0,,0.9030899869919435
Juarina,2020-08-13,10,2,0,0,0.5714285714285714,0.0,,1.0
Juarina,2020-08-14,12,2,0,0,0.7142857142857143,0.0,,1.0791812460476249
Juarina,2020-08-15,19,7,0,0,1.2142857142857142,0.0,,1.2787536009528289
Juarina,2020-08-16,19,0,0,0,1.2142857142857142,0.0,,1.2787536009528289
Juarina,2020-08-17,19,0,0,0,1.2142857142857142,0.0,,1.2787536009528289
Juarina,2020-08-18,23,4,0,0,1.5,0.0,,1.3617278360175928
Juarina,2020-08-19,25,2,0,0,1.6428571428571428,0.0,,1.3979400086720377
Juarina,2020-08-20,26,1,0,0,1.7142857142857142,0.0,,1.414973347970818
Juarina,2020-08-21,26,0,0,0,1.6428571428571428,0.0,,1.414973347970818
Juarina,2020-08-22,26,0,0,0,1.5,0.0,,1.414973347970818
Juarina,2020-08-23,26,0,0,0,1.4285714285714286,0.0,,1.414973347970818
Juarina,2020-08-24,26,0,0,0,1.3571428571428572,0.0,,1.414973347970818
Juarina,2020-08-25,29,3,0,0,1.5,0.0,,1.462397997898956
Juarina,2020-08-26,29,0,0,0,1.5,0.0,,1.462397997898956
Juarina,2020-08-27,29,0,0,0,1.3571428571428572,0.0,,1.462397997898956
Juarina,2020-08-28,30,1,1,1,1.2857142857142858,0.07142857142857142,inf,1.4771212547196624
Juarina,2020-08-29,32,2,1,0,0.9285714285714286,0.07142857142857142,inf,1.505149978319906
Juarina,2020-08-30,33,1,1,0,1.0,0.07142857142857142,inf,1.5185139398778875
Juarina,2020-08-31,33,0,1,0,1.0,0.07142857142857142,inf,1.5185139398778875
Juarina,2020-09-01,33,0,1,0,0.7142857142857143,0.07142857142857142,inf,1.5185139398778875
Juarina,2020-09-02,33,0,1,0,0.5714285714285714,0.07142857142857142,inf,1.5185139398778875
Juarina,2020-09-03,36,3,1,0,0.7142857142857143,0.07142857142857142,inf,1.5563025007672873
Juarina,2020-09-04,36,0,1,0,0.7142857142857143,0.07142857142857142,inf,1.5563025007672873
Juarina,2020-09-05,36,0,1,0,0.7142857142857143,0.07142857142857142,inf,1.5563025007672873
Juarina,2020-09-06,36,0,1,0,0.7142857142857143,0.07142857142857142,inf,1.5563025007672873
Juarina,2020-09-07,36,0,1,0,0.7142857142857143,0.07142857142857142,inf,1.5563025007672873
Juarina,2020-09-08,36,0,1,0,0.5,0.07142857142857142,inf,1.5563025007672873
Juarina,2020-09-09,36,0,1,0,0.5,0.07142857142857142,inf,1.5563025007672873
Juarina,2020-09-10,37,1,1,0,0.5714285714285714,0.07142857142857142,inf,1.568201724066995
Juarina,2020-09-11,37,0,1,0,0.5,0.0,-1.0,1.568201724066995
Juarina,2020-09-12,37,0,1,0,0.35714285714285715,0.0,-1.0,1.568201724066995
Juarina,2020-09-13,37,0,1,0,0.2857142857142857,0.0,-1.0,1.568201724066995
Juarina,2020-09-14,37,0,1,0,0.2857142857142857,0.0,-1.0,1.568201724066995
Juarina,2020-09-15,38,1,1,0,0.35714285714285715,0.0,-1.0,1.5797835966168101
Juarina,2020-09-16,39,1,1,0,0.42857142857142855,0.0,-1.0,1.591064607026499
Juarina,2020-09-17,43,4,1,0,0.5,0.0,-1.0,1.6334684555795866
Juarina,2020-09-18,43,0,1,0,0.5,0.0,-1.0,1.6334684555795866
Juarina,2020-09-19,43,0,1,0,0.5,0.0,-1.0,1.6334684555795866
Juarina,2020-09-20,43,0,1,0,0.5,0.0,-1.0,1.6334684555795866
Juarina,2020-09-21,43,0,1,0,0.5,0.0,-1.0,1.6334684555795866
Juarina,2020-09-22,43,0,1,0,0.5,0.0,-1.0,1.6334684555795866
Juarina,2020-09-23,43,0,1,0,0.5,0.0,-1.0,1.6334684555795866
Juarina,2020-09-24,44,1,1,0,0.5,0.0,-1.0,1.6434526764861874
Juarina,2020-09-25,44,0,1,0,0.5,0.0,,1.6434526764861874
Juarina,2020-09-26,48,4,1,0,0.7857142857142857,0.0,,1.6812412373755872
Juarina,2020-09-27,48,0,1,0,0.7857142857142857,0.0,,1.6812412373755872
Juarina,2020-09-28,48,0,1,0,0.7857142857142857,0.0,,1.6812412373755872
Juarina,2020-09-29,48,0,1,0,0.7142857142857143,0.0,,1.6812412373755872
Juarina,2020-09-30,48,0,1,0,0.6428571428571429,0.0,,1.6812412373755872
Juarina,2020-10-01,48,0,1,0,0.35714285714285715,0.0,,1.6812412373755872
Juarina,2020-10-02,48,0,1,0,0.35714285714285715,0.0,,1.6812412373755872
Juarina,2020-10-03,48,0,1,0,0.35714285714285715,0.0,,1.6812412373755872
Juarina,2020-10-04,48,0,1,0,0.35714285714285715,0.0,,1.6812412373755872
Juarina,2020-10-05,48,0,1,0,0.35714285714285715,0.0,,1.6812412373755872
Juarina,2020-10-06,48,0,1,0,0.35714285714285715,0.0,,1.6812412373755872
Juarina,2020-10-07,48,0,1,0,0.35714285714285715,0.0,,1.6812412373755872
Juarina,2020-10-08,48,0,1,0,0.2857142857142857,0.0,,1.6812412373755872
Juarina,2020-10-09,48,0,1,0,0.2857142857142857,0.0,,1.6812412373755872
Juarina,2020-10-10,48,0,1,0,0.0,0.0,,1.6812412373755872
Juarina,2020-10-11,48,0,1,0,0.0,0.0,,1.6812412373755872
Juarina,2020-10-12,48,0,1,0,0.0,0.0,,1.6812412373755872
Juarina,2020-10-13,48,0,1,0,0.0,0.0,,1.6812412373755872
Juarina,2020-10-14,48,0,1,0,0.0,0.0,,1.6812412373755872
Juarina,2020-10-15,48,0,1,0,0.0,0.0,,1.6812412373755872
Juarina,2020-10-16,48,0,1,0,0.0,0.0,,1.6812412373755872
Juarina,2020-10-17,48,0,1,0,0.0,0.0,,1.6812412373755872
Juarina,2020-10-18,48,0,1,0,0.0,0.0,,1.6812412373755872
Juarina,2020-10-19,48,0,1,0,0.0,0.0,,1.6812412373755872
Juarina,2020-10-20,48,0,1,0,0.0,0.0,,1.6812412373755872
Juarina,2020-10-21,48,0,1,0,0.0,0.0,,1.6812412373755872
Juarina,2020-10-22,48,0,1,0,0.0,0.0,,1.6812412373755872
Juarina,2020-10-23,48,0,1,0,0.0,0.0,,1.6812412373755872
Juarina,2020-10-24,48,0,1,0,0.0,0.0,,1.6812412373755872
Juarina,2020-10-25,48,0,1,0,0.0,0.0,,1.6812412373755872
Juarina,2020-10-26,48,0,1,0,0.0,0.0,,1.6812412373755872
Juarina,2020-10-27,48,0,1,0,0.0,0.0,,1.6812412373755872
Juarina,2020-10-28,48,0,1,0,0.0,0.0,,1.6812412373755872
Juarina,2020-10-29,48,0,1,0,0.0,0.0,,1.6812412373755872
Juarina,2020-10-30,48,0,1,0,0.0,0.0,,1.6812412373755872
Juarina,2020-10-31,48,0,1,0,0.0,0.0,,1.6812412373755872
Juarina,2020-11-01,48,0,1,0,0.0,0.0,,1.6812412373755872
Juarina,2020-11-02,48,0,1,0,0.0,0.0,,1.6812412373755872
Juarina,2020-11-03,48,0,1,0,0.0,0.0,,1.6812412373755872
Juarina,2020-11-04,48,0,1,0,0.0,0.0,,1.6812412373755872
Juarina,2020-11-05,48,0,1,0,0.0,0.0,,1.6812412373755872
Juarina,2020-11-06,48,0,1,0,0.0,0.0,,1.6812412373755872
Juarina,2020-11-07,48,0,1,0,0.0,0.0,,1.6812412373755872
Juarina,2020-11-08,48,0,1,0,0.0,0.0,,1.6812412373755872
Juarina,2020-11-09,48,0,1,0,0.0,0.0,,1.6812412373755872
Juarina,2020-11-10,48,0,1,0,0.0,0.0,,1.6812412373755872
Juarina,2020-11-11,48,0,1,0,0.0,0.0,,1.6812412373755872
Juarina,2020-11-12,48,0,1,0,0.0,0.0,,1.6812412373755872
Juarina,2020-11-13,48,0,1,0,0.0,0.0,,1.6812412373755872
Juarina,2020-11-14,48,0,1,0,0.0,0.0,,1.6812412373755872
Juarina,2020-11-15,48,0,1,0,0.0,0.0,,1.6812412373755872
Juarina,2020-11-16,48,0,1,0,0.0,0.0,,1.6812412373755872
Juarina,2020-11-17,48,0,1,0,0.0,0.0,,1.6812412373755872
Juarina,2020-11-18,48,0,1,0,0.0,0.0,,1.6812412373755872
Juarina,2020-11-19,48,0,1,0,0.0,0.0,,1.6812412373755872
Juarina,2020-11-20,48,0,1,0,0.0,0.0,,1.6812412373755872
Juarina,2020-11-21,48,0,1,0,0.0,0.0,,1.6812412373755872
Juarina,2020-11-22,48,0,1,0,0.0,0.0,,1.6812412373755872
Juarina,2020-11-23,48,0,1,0,0.0,0.0,,1.6812412373755872
Juarina,2020-11-24,48,0,1,0,0.0,0.0,,1.6812412373755872
Juarina,2020-11-25,48,0,1,0,0.0,0.0,,1.6812412373755872
Juarina,2020-11-26,48,0,1,0,0.0,0.0,,1.6812412373755872
Juarina,2020-11-27,48,0,1,0,0.0,0.0,,1.6812412373755872
Juarina,2020-11-28,48,0,1,0,0.0,0.0,,1.6812412373755872
Juarina,2020-11-29,48,0,1,0,0.0,0.0,,1.6812412373755872
Juarina,2020-11-30,48,0,1,0,0.0,0.0,,1.6812412373755872
Juarina,2020-12-01,48,0,1,0,0.0,0.0,,1.6812412373755872
Juarina,2020-12-02,48,0,1,0,0.0,0.0,,1.6812412373755872
Juarina,2020-12-03,49,1,1,0,0.07142857142857142,0.0,,1.6901960800285136
Juarina,2020-12-04,49,0,1,0,0.07142857142857142,0.0,,1.6901960800285136
Juarina,2020-12-05,49,0,1,0,0.07142857142857142,0.0,,1.6901960800285136
Juarina,2020-12-06,49,0,1,0,0.07142857142857142,0.0,,1.6901960800285136
Juarina,2020-12-07,49,0,1,0,0.07142857142857142,0.0,,1.6901960800285136
Juarina,2020-12-08,49,0,1,0,0.07142857142857142,0.0,,1.6901960800285136
Juarina,2020-12-09,50,1,1,0,0.14285714285714285,0.0,,1.6989700043360187
Juarina,2020-12-10,54,4,1,0,0.42857142857142855,0.0,,1.7323937598229686
Juarina,2020-12-11,54,0,1,0,0.42857142857142855,0.0,,1.7323937598229686
Juarina,2020-12-12,54,0,1,0,0.42857142857142855,0.0,,1.7323937598229686
Juarina,2020-12-13,54,0,1,0,0.42857142857142855,0.0,,1.7323937598229686
Juarina,2020-12-14,54,0,1,0,0.42857142857142855,0.0,,1.7323937598229686
Juarina,2020-12-15,54,0,1,0,0.42857142857142855,0.0,,1.7323937598229686
Juarina,2020-12-16,54,0,1,0,0.42857142857142855,0.0,,1.7323937598229686
Juarina,2020-12-17,55,1,1,0,0.42857142857142855,0.0,,1.7403626894942439
Juarina,2020-12-18,55,0,1,0,0.42857142857142855,0.0,,1.7403626894942439
Juarina,2020-12-19,55,0,1,0,0.42857142857142855,0.0,,1.7403626894942439
Juarina,2020-12-20,55,0,1,0,0.42857142857142855,0.0,,1.7403626894942439
Juarina,2020-12-21,55,0,1,0,0.42857142857142855,0.0,,1.7403626894942439
Juarina,2020-12-22,55,0,1,0,0.42857142857142855,0.0,,1.7403626894942439
Juarina,2020-12-23,55,0,1,0,0.35714285714285715,0.0,,1.7403626894942439
Juarina,2020-12-24,55,0,1,0,0.07142857142857142,0.0,,1.7403626894942439
Juarina,2020-12-25,55,0,1,0,0.07142857142857142,0.0,,1.7403626894942439
Juarina,2020-12-26,55,0,1,0,0.07142857142857142,0.0,,1.7403626894942439
Juarina,2020-12-27,55,0,1,0,0.07142857142857142,0.0,,1.7403626894942439
Juarina,2020-12-28,55,0,1,0,0.07142857142857142,0.0,,1.7403626894942439
Juarina,2020-12-29,55,0,1,0,0.07142857142857142,0.0,,1.7403626894942439
Juarina,2020-12-30,55,0,1,0,0.07142857142857142,0.0,,1.7403626894942439
Juarina,2020-12-31,56,1,1,0,0.07142857142857142,0.0,,1.7481880270062005
Juarina,2021-01-01,56,0,1,0,0.07142857142857142,0.0,,1.7481880270062005
Juarina,2021-01-02,56,0,1,0,0.07142857142857142,0.0,,1.7481880270062005
Juarina,2021-01-03,56,0,1,0,0.07142857142857142,0.0,,1.7481880270062005
Juarina,2021-01-04,56,0,1,0,0.07142857142857142,0.0,,1.7481880270062005
Juarina,2021-01-05,56,0,1,0,0.07142857142857142,0.0,,1.7481880270062005
Juarina,2021-01-06,56,0,1,0,0.07142857142857142,0.0,,1.7481880270062005
Juarina,2021-01-07,57,1,1,0,0.14285714285714285,0.0,,1.7558748556724915
Juarina,2021-01-08,57,0,1,0,0.14285714285714285,0.0,,1.7558748556724915
Juarina,2021-01-09,57,0,1,0,0.14285714285714285,0.0,,1.7558748556724915
Juarina,2021-01-10,57,0,1,0,0.14285714285714285,0.0,,1.7558748556724915
Juarina,2021-01-11,57,0,1,0,0.14285714285714285,0.0,,1.7558748556724915
Juarina,2021-01-12,57,0,1,0,0.14285714285714285,0.0,,1.7558748556724915
Juarina,2021-01-13,58,1,2,1,0.21428571428571427,0.07142857142857142,inf,1.7634279935629373
Juarina,2021-01-14,58,0,2,0,0.14285714285714285,0.07142857142857142,inf,1.7634279935629373
Juarina,2021-01-15,58,0,2,0,0.14285714285714285,0.07142857142857142,inf,1.7634279935629373
Juarina,2021-01-16,58,0,2,0,0.14285714285714285,0.07142857142857142,inf,1.7634279935629373
Juarina,2021-01-17,58,0,2,0,0.14285714285714285,0.07142857142857142,inf,1.7634279935629373
Juarina,2021-01-18,58,0,2,0,0.14285714285714285,0.07142857142857142,inf,1.7634279935629373
Juarina,2021-01-19,58,0,2,0,0.14285714285714285,0.07142857142857142,inf,1.7634279935629373
Juarina,2021-01-20,59,1,2,0,0.21428571428571427,0.07142857142857142,inf,1.7708520116421442
Lagoa da Confusão,2020-03-27,0,0,0,0,,,,0.0
Lagoa da Confusão,2020-03-28,0,0,0,0,,,,0.0
Lagoa da Confusão,2020-03-29,0,0,0,0,,,,0.0
Lagoa da Confusão,2020-03-30,0,0,0,0,,,,0.0
Lagoa da Confusão,2020-03-31,0,0,0,0,,,,0.0
Lagoa da Confusão,2020-04-01,0,0,0,0,,,,0.0
Lagoa da Confusão,2020-04-02,0,0,0,0,,,,0.0
Lagoa da Confusão,2020-04-03,0,0,0,0,,,,0.0
Lagoa da Confusão,2020-04-04,0,0,0,0,,,,0.0
Lagoa da Confusão,2020-04-05,0,0,0,0,,,,0.0
Lagoa da Confusão,2020-04-06,0,0,0,0,,,,0.0
Lagoa da Confusão,2020-04-07,0,0,0,0,,,,0.0
Lagoa da Confusão,2020-04-08,0,0,0,0,,,,0.0
Lagoa da Confusão,2020-04-09,0,0,0,0,0.0,0.0,,0.0
Lagoa da Confusão,2020-04-10,0,0,0,0,0.0,0.0,,0.0
Lagoa da Confusão,2020-04-11,0,0,0,0,0.0,0.0,,0.0
Lagoa da Confusão,2020-04-12,0,0,0,0,0.0,0.0,,0.0
Lagoa da Confusão,2020-04-13,0,0,0,0,0.0,0.0,,0.0
Lagoa da Confusão,2020-04-14,0,0,0,0,0.0,0.0,,0.0
Lagoa da Confusão,2020-04-15,0,0,0,0,0.0,0.0,,0.0
Lagoa da Confusão,2020-04-16,0,0,0,0,0.0,0.0,,0.0
Lagoa da Confusão,2020-04-17,0,0,0,0,0.0,0.0,,0.0
Lagoa da Confusão,2020-04-18,0,0,0,0,0.0,0.0,,0.0
Lagoa da Confusão,2020-04-19,0,0,0,0,0.0,0.0,,0.0
Lagoa da Confusão,2020-04-20,0,0,0,0,0.0,0.0,,0.0
Lagoa da Confusão,2020-04-21,0,0,0,0,0.0,0.0,,0.0
Lagoa da Confusão,2020-04-22,0,0,0,0,0.0,0.0,,0.0
Lagoa da Confusão,2020-04-23,0,0,0,0,0.0,0.0,,0.0
Lagoa da Confusão,2020-04-24,0,0,0,0,0.0,0.0,,0.0
Lagoa da Confusão,2020-04-25,0,0,0,0,0.0,0.0,,0.0
Lagoa da Confusão,2020-04-26,0,0,0,0,0.0,0.0,,0.0
Lagoa da Confusão,2020-04-27,0,0,0,0,0.0,0.0,,0.0
Lagoa da Confusão,2020-04-28,0,0,0,0,0.0,0.0,,0.0
Lagoa da Confusão,2020-04-29,0,0,0,0,0.0,0.0,,0.0
Lagoa da Confusão,2020-04-30,0,0,0,0,0.0,0.0,,0.0
Lagoa da Confusão,2020-05-01,0,0,0,0,0.0,0.0,,0.0
Lagoa da Confusão,2020-05-02,0,0,0,0,0.0,0.0,,0.0
Lagoa da Confusão,2020-05-03,0,0,0,0,0.0,0.0,,0.0
Lagoa da Confusão,2020-05-04,0,0,0,0,0.0,0.0,,0.0
Lagoa da Confusão,2020-05-05,0,0,0,0,0.0,0.0,,0.0
Lagoa da Confusão,2020-05-06,0,0,0,0,0.0,0.0,,0.0
Lagoa da Confusão,2020-05-07,0,0,0,0,0.0,0.0,,0.0
Lagoa da Confusão,2020-05-08,0,0,0,0,0.0,0.0,,0.0
Lagoa da Confusão,2020-05-09,0,0,0,0,0.0,0.0,,0.0
Lagoa da Confusão,2020-05-10,0,0,0,0,0.0,0.0,,0.0
Lagoa da Confusão,2020-05-11,0,0,0,0,0.0,0.0,,0.0
Lagoa da Confusão,2020-05-12,0,0,0,0,0.0,0.0,,0.0
Lagoa da Confusão,2020-05-13,0,0,0,0,0.0,0.0,,0.0
Lagoa da Confusão,2020-05-14,0,0,0,0,0.0,0.0,,0.0
Lagoa da Confusão,2020-05-15,0,0,0,0,0.0,0.0,,0.0
Lagoa da Confusão,2020-05-16,0,0,0,0,0.0,0.0,,0.0
Lagoa da Confusão,2020-05-17,0,0,0,0,0.0,0.0,,0.0
Lagoa da Confusão,2020-05-18,0,0,0,0,0.0,0.0,,0.0
Lagoa da Confusão,2020-05-19,0,0,0,0,0.0,0.0,,0.0
Lagoa da Confusão,2020-05-20,0,0,0,0,0.0,0.0,,0.0
Lagoa da Confusão,2020-05-21,0,0,0,0,0.0,0.0,,0.0
Lagoa da Confusão,2020-05-22,0,0,0,0,0.0,0.0,,0.0
Lagoa da Confusão,2020-05-23,0,0,0,0,0.0,0.0,,0.0
Lagoa da Confusão,2020-05-24,0,0,0,0,0.0,0.0,,0.0
Lagoa da Confusão,2020-05-25,0,0,0,0,0.0,0.0,,0.0
Lagoa da Confusão,2020-05-26,1,1,0,0,0.07142857142857142,0.0,,0.0
Lagoa da Confusão,2020-05-27,2,1,0,0,0.14285714285714285,0.0,,0.3010299956639812
Lagoa da Confusão,2020-05-28,3,1,0,0,0.21428571428571427,0.0,,0.47712125471966244
Lagoa da Confusão,2020-05-29,6,3,0,0,0.42857142857142855,0.0,,0.7781512503836436
Lagoa da Confusão,2020-05-30,7,1,0,0,0.5,0.0,,0.8450980400142568
Lagoa da Confusão,2020-05-31,7,0,0,0,0.5,0.0,,0.8450980400142568
Lagoa da Confusão,2020-06-01,9,2,0,0,0.6428571428571429,0.0,,0.9542425094393249
Lagoa da Confusão,2020-06-02,9,0,0,0,0.6428571428571429,0.0,,0.9542425094393249
Lagoa da Confusão,2020-06-03,13,4,0,0,0.9285714285714286,0.0,,1.1139433523068367
Lagoa da Confusão,2020-06-04,13,0,0,0,0.9285714285714286,0.0,,1.1139433523068367
Lagoa da Confusão,2020-06-05,17,4,0,0,1.2142857142857142,0.0,,1.2304489213782739
Lagoa da Confusão,2020-06-06,20,3,0,0,1.4285714285714286,0.0,,1.3010299956639813
Lagoa da Confusão,2020-06-07,24,4,0,0,1.7142857142857142,0.0,,1.380211241711606
Lagoa da Confusão,2020-06-08,24,0,0,0,1.7142857142857142,0.0,,1.380211241711606
Lagoa da Confusão,2020-06-09,24,0,0,0,1.6428571428571428,0.0,,1.380211241711606
Lagoa da Confusão,2020-06-10,24,0,0,0,1.5714285714285714,0.0,,1.380211241711606
Lagoa da Confusão,2020-06-11,24,0,0,0,1.5,0.0,,1.380211241711606
Lagoa da Confusão,2020-06-12,24,0,0,0,1.2857142857142858,0.0,,1.380211241711606
Lagoa da Confusão,2020-06-13,24,0,0,0,1.2142857142857142,0.0,,1.380211241711606
Lagoa da Confusão,2020-06-14,24,0,0,0,1.2142857142857142,0.0,,1.380211241711606
Lagoa da Confusão,2020-06-15,25,1,0,0,1.1428571428571428,0.0,,1.3979400086720377
Lagoa da Confusão,2020-06-16,25,0,0,0,1.1428571428571428,0.0,,1.3979400086720377
Lagoa da Confusão,2020-06-17,25,0,0,0,0.8571428571428571,0.0,,1.3979400086720377
Lagoa da Confusão,2020-06-18,26,1,0,0,0.9285714285714286,0.0,,1.414973347970818
Lagoa da Confusão,2020-06-19,27,1,0,0,0.7142857142857143,0.0,,1.4313637641589874
Lagoa da Confusão,2020-06-20,27,0,0,0,0.5,0.0,,1.4313637641589874
Lagoa da Confusão,2020-06-21,27,0,0,0,0.21428571428571427,0.0,,1.4313637641589874
Lagoa da Confusão,2020-06-22,28,1,0,0,0.2857142857142857,0.0,,1.4471580313422192
Lagoa da Confusão,2020-06-23,28,0,0,0,0.2857142857142857,0.0,,1.4471580313422192
Lagoa da Confusão,2020-06-24,28,0,0,0,0.2857142857142857,0.0,,1.4471580313422192
Lagoa da Confusão,2020-06-25,28,0,0,0,0.2857142857142857,0.0,,1.4471580313422192
Lagoa da Confusão,2020-06-26,28,0,0,0,0.2857142857142857,0.0,,1.4471580313422192
Lagoa da Confusão,2020-06-27,28,0,0,0,0.2857142857142857,0.0,,1.4471580313422192
Lagoa da Confusão,2020-06-28,28,0,0,0,0.2857142857142857,0.0,,1.4471580313422192
Lagoa da Confusão,2020-06-29,29,1,0,0,0.2857142857142857,0.0,,1.462397997898956
Lagoa da Confusão,2020-06-30,29,0,0,0,0.2857142857142857,0.0,,1.462397997898956
Lagoa da Confusão,2020-07-01,29,0,0,0,0.2857142857142857,0.0,,1.462397997898956
Lagoa da Confusão,2020-07-02,29,0,0,0,0.21428571428571427,0.0,,1.462397997898956
Lagoa da Confusão,2020-07-03,29,0,0,0,0.14285714285714285,0.0,,1.462397997898956
Lagoa da Confusão,2020-07-04,31,2,0,0,0.2857142857142857,0.0,,1.4913616938342726
Lagoa da Confusão,2020-07-05,34,3,0,0,0.5,0.0,,1.5314789170422551
Lagoa da Confusão,2020-07-06,34,0,0,0,0.42857142857142855,0.0,,1.5314789170422551
Lagoa da Confusão,2020-07-07,34,0,0,0,0.42857142857142855,0.0,,1.5314789170422551
Lagoa da Confusão,2020-07-08,35,1,0,0,0.5,0.0,,1.5440680443502757
Lagoa da Confusão,2020-07-09,35,0,0,0,0.5,0.0,,1.5440680443502757
Lagoa da Confusão,2020-07-10,35,0,0,0,0.5,0.0,,1.5440680443502757
Lagoa da Confusão,2020-07-11,42,7,0,0,1.0,0.0,,1.6232492903979006
Lagoa da Confusão,2020-07-12,49,7,0,0,1.5,0.0,,1.6901960800285136
Lagoa da Confusão,2020-07-13,49,0,0,0,1.4285714285714286,0.0,,1.6901960800285136
Lagoa da Confusão,2020-07-14,43,-6,0,0,1.0,0.0,,1.6334684555795866
Lagoa da Confusão,2020-07-15,44,1,0,0,1.0714285714285714,0.0,,1.6434526764861874
Lagoa da Confusão,2020-07-16,73,29,0,0,3.142857142857143,0.0,,1.863322860120456
Lagoa da Confusão,2020-07-17,74,1,0,0,3.2142857142857144,0.0,,1.8692317197309762
Lagoa da Confusão,2020-07-18,75,1,1,1,3.142857142857143,0.07142857142857142,inf,1.8750612633917
Lagoa da Confusão,2020-07-19,89,14,1,0,3.9285714285714284,0.07142857142857142,inf,1.9493900066449128
Lagoa da Confusão,2020-07-20,94,5,1,0,4.285714285714286,0.07142857142857142,inf,1.9731278535996986
Lagoa da Confusão,2020-07-21,100,6,1,0,4.714285714285714,0.07142857142857142,inf,2.0
Lagoa da Confusão,2020-07-22,98,-2,0,-1,4.5,0.0,,1.9912260756924949
Lagoa da Confusão,2020-07-23,100,2,0,0,4.642857142857143,0.0,,2.0
Lagoa da Confusão,2020-07-24,102,2,1,1,4.785714285714286,0.07142857142857142,inf,2.0086001717619175
Lagoa da Confusão,2020-07-25,125,23,1,0,5.928571428571429,0.07142857142857142,inf,2.0969100130080562
Lagoa da Confusão,2020-07-26,129,4,1,0,5.714285714285714,0.07142857142857142,inf,2.110589710299249
Lagoa da Confusão,2020-07-27,129,0,1,0,5.714285714285714,0.07142857142857142,inf,2.110589710299249
Lagoa da Confusão,2020-07-28,131,2,1,0,6.285714285714286,0.07142857142857142,inf,2.1172712956557644
Lagoa da Confusão,2020-07-29,138,7,2,1,6.714285714285714,0.14285714285714285,inf,2.1398790864012365
Lagoa da Confusão,2020-07-30,146,8,2,0,5.214285714285714,0.14285714285714285,inf,2.164352855784437
Lagoa da Confusão,2020-07-31,153,7,2,0,5.642857142857143,0.14285714285714285,inf,2.184691430817599
Lagoa da Confusão,2020-08-01,170,17,2,0,6.785714285714286,0.07142857142857142,0.0,2.230448921378274
Lagoa da Confusão,2020-08-02,171,1,2,0,5.857142857142857,0.07142857142857142,0.0,2.2329961103921536
Lagoa da Confusão,2020-08-03,175,4,2,0,5.785714285714286,0.07142857142857142,0.0,2.2430380486862944
Lagoa da Confusão,2020-08-04,176,1,2,0,5.428571428571429,0.07142857142857142,0.0,2.24551266781415
Lagoa da Confusão,2020-08-05,176,0,2,0,5.571428571428571,0.14285714285714285,inf,2.24551266781415
Lagoa da Confusão,2020-08-06,176,0,2,0,5.428571428571429,0.14285714285714285,inf,2.24551266781415
Lagoa da Confusão,2020-08-07,178,2,2,0,5.428571428571429,0.07142857142857142,0.0,2.250420002308894
Lagoa da Confusão,2020-08-08,180,2,2,0,3.9285714285714284,0.07142857142857142,0.0,2.255272505103306
Lagoa da Confusão,2020-08-09,186,6,2,0,4.071428571428571,0.07142857142857142,0.0,2.2695129442179165
Lagoa da Confusão,2020-08-10,201,15,2,0,5.142857142857143,0.07142857142857142,0.0,2.303196057420489
Lagoa da Confusão,2020-08-11,201,0,2,0,5.0,0.07142857142857142,0.0,2.303196057420489
Lagoa da Confusão,2020-08-12,202,1,2,0,4.571428571428571,0.0,-1.0,2.305351369446624
Lagoa da Confusão,2020-08-13,202,0,2,0,4.0,0.0,-1.0,2.305351369446624
Lagoa da Confusão,2020-08-14,197,-5,2,0,3.142857142857143,0.0,-1.0,2.294466226161593
Lagoa da Confusão,2020-08-15,202,5,2,0,2.2857142857142856,0.0,-1.0,2.305351369446624
Lagoa da Confusão,2020-08-16,202,0,2,0,2.2142857142857144,0.0,-1.0,2.305351369446624
Lagoa da Confusão,2020-08-17,202,0,2,0,1.9285714285714286,0.0,-1.0,2.305351369446624
Lagoa da Confusão,2020-08-18,224,22,2,0,3.4285714285714284,0.0,-1.0,2.3502480183341627
Lagoa da Confusão,2020-08-19,235,11,2,0,4.214285714285714,0.0,-1.0,2.3710678622717363
Lagoa da Confusão,2020-08-20,237,2,3,1,4.357142857142857,0.07142857142857142,-0.5,2.374748346010104
Lagoa da Confusão,2020-08-21,258,21,3,0,5.714285714285714,0.07142857142857142,0.0,2.41161970596323
Lagoa da Confusão,2020-08-22,258,0,3,0,5.571428571428571,0.07142857142857142,0.0,2.41161970596323
Lagoa da Confusão,2020-08-23,258,0,3,0,5.142857142857143,0.07142857142857142,0.0,2.41161970596323
Lagoa da Confusão,2020-08-24,258,0,3,0,4.071428571428571,0.07142857142857142,0.0,2.41161970596323
Lagoa da Confusão,2020-08-25,290,32,3,0,6.357142857142857,0.07142857142857142,0.0,2.462397997898956
Lagoa da Confusão,2020-08-26,303,13,3,0,7.214285714285714,0.07142857142857142,inf,2.481442628502305
Lagoa da Confusão,2020-08-27,328,25,3,0,9.0,0.07142857142857142,inf,2.515873843711679
Lagoa da Confusão,2020-08-28,330,2,3,0,9.5,0.07142857142857142,inf,2.5185139398778875
Lagoa da Confusão,2020-08-29,333,3,3,0,9.357142857142858,0.07142857142857142,inf,2.5224442335063197
Lagoa da Confusão,2020-08-30,333,0,3,0,9.357142857142858,0.07142857142857142,inf,2.5224442335063197
Lagoa da Confusão,2020-08-31,333,0,3,0,9.357142857142858,0.07142857142857142,inf,2.5224442335063197
Lagoa da Confusão,2020-09-01,356,23,3,0,9.428571428571429,0.07142857142857142,inf,2.5514499979728753
Lagoa da Confusão,2020-09-02,369,13,4,1,9.571428571428571,0.14285714285714285,inf,2.56702636615906
Lagoa da Confusão,2020-09-03,376,7,4,0,9.928571428571429,0.07142857142857142,0.0,2.575187844927661
Lagoa da Confusão,2020-09-04,388,12,4,0,9.285714285714286,0.07142857142857142,0.0,2.5888317255942073
Lagoa da Confusão,2020-09-05,391,3,4,0,9.5,0.07142857142857142,0.0,2.5921767573958667
Lagoa da Confusão,2020-09-06,392,1,4,0,9.571428571428571,0.07142857142857142,0.0,2.593286067020457
Lagoa da Confusão,2020-09-07,392,0,4,0,9.571428571428571,0.07142857142857142,0.0,2.593286067020457
Lagoa da Confusão,2020-09-08,392,0,4,0,7.285714285714286,0.07142857142857142,0.0,2.593286067020457
Lagoa da Confusão,2020-09-09,397,5,4,0,6.714285714285714,0.07142857142857142,0.0,2.598790506763115
Lagoa da Confusão,2020-09-10,415,18,4,0,6.214285714285714,0.07142857142857142,0.0,2.6180480967120925
Lagoa da Confusão,2020-09-11,416,1,4,0,6.142857142857143,0.07142857142857142,0.0,2.6190933306267428
Lagoa da Confusão,2020-09-12,434,18,4,0,7.214285714285714,0.07142857142857142,0.0,2.637489729512511
Lagoa da Confusão,2020-09-13,434,0,4,0,7.214285714285714,0.07142857142857142,0.0,2.637489729512511
Lagoa da Confusão,2020-09-14,434,0,4,0,7.214285714285714,0.07142857142857142,0.0,2.637489729512511
Lagoa da Confusão,2020-09-15,440,6,4,0,6.0,0.07142857142857142,0.0,2.6434526764861874
Lagoa da Confusão,2020-09-16,452,12,4,0,5.928571428571429,0.0,-1.0,2.655138434811382
Lagoa da Confusão,2020-09-17,453,1,4,0,5.5,0.0,-1.0,2.656098202012832
Lagoa da Confusão,2020-09-18,467,14,4,0,5.642857142857143,0.0,-1.0,2.6693168805661123
Lagoa da Confusão,2020-09-19,479,12,4,0,6.285714285714286,0.0,-1.0,2.680335513414563
Lagoa da Confusão,2020-09-20,479,0,4,0,6.214285714285714,0.0,-1.0,2.680335513414563
Lagoa da Confusão,2020-09-21,479,0,4,0,6.214285714285714,0.0,-1.0,2.680335513414563
Lagoa da Confusão,2020-09-22,492,13,4,0,7.142857142857143,0.0,-1.0,2.6919651027673606
Lagoa da Confusão,2020-09-23,496,4,4,0,7.071428571428571,0.0,-1.0,2.6954816764901977
Lagoa da Confusão,2020-09-24,501,5,4,0,6.142857142857143,0.0,-1.0,2.699837725867246
Lagoa da Confusão,2020-09-25,517,16,4,0,7.214285714285714,0.0,-1.0,2.7134905430939424
Lagoa da Confusão,2020-09-26,518,1,4,0,6.0,0.0,-1.0,2.714329759745233
Lagoa da Confusão,2020-09-27,518,0,4,0,6.0,0.0,-1.0,2.714329759745233
Lagoa da Confusão,2020-09-28,518,0,4,0,6.0,0.0,-1.0,2.714329759745233
Lagoa da Confusão,2020-09-29,521,3,4,0,5.785714285714286,0.0,-1.0,2.7168377232995247
Lagoa da Confusão,2020-09-30,528,7,4,0,5.428571428571429,0.0,,2.722633922533812
Lagoa da Confusão,2020-10-01,528,0,4,0,5.357142857142857,0.0,,2.722633922533812
Lagoa da Confusão,2020-10-02,541,13,4,0,5.285714285714286,0.0,,2.7331972651065692
Lagoa da Confusão,2020-10-03,557,16,4,0,5.571428571428571,0.0,,2.745855195173729
Lagoa da Confusão,2020-10-04,557,0,4,0,5.571428571428571,0.0,,2.745855195173729
Lagoa da Confusão,2020-10-05,557,0,4,0,5.571428571428571,0.0,,2.745855195173729
Lagoa da Confusão,2020-10-06,557,0,4,0,4.642857142857143,0.0,,2.745855195173729
Lagoa da Confusão,2020-10-07,577,20,5,1,5.785714285714286,0.07142857142857142,inf,2.7611758131557314
Lagoa da Confusão,2020-10-08,579,2,5,0,5.571428571428571,0.07142857142857142,inf,2.762678563727436
Lagoa da Confusão,2020-10-09,597,18,5,0,5.714285714285714,0.07142857142857142,inf,2.775974331129369
Lagoa da Confusão,2020-10-10,597,0,5,0,5.642857142857143,0.07142857142857142,inf,2.775974331129369
Lagoa da Confusão,2020-10-11,597,0,5,0,5.642857142857143,0.07142857142857142,inf,2.775974331129369
Lagoa da Confusão,2020-10-12,597,0,5,0,5.642857142857143,0.07142857142857142,inf,2.775974331129369
Lagoa da Confusão,2020-10-13,597,0,5,0,5.428571428571429,0.07142857142857142,inf,2.775974331129369
Lagoa da Confusão,2020-10-14,609,12,5,0,5.785714285714286,0.07142857142857142,inf,2.784617292632875
Lagoa da Confusão,2020-10-15,609,0,5,0,5.785714285714286,0.07142857142857142,inf,2.784617292632875
Lagoa da Confusão,2020-10-16,604,-5,5,0,4.5,0.07142857142857142,inf,2.7810369386211318
Lagoa da Confusão,2020-10-17,604,0,5,0,3.357142857142857,0.07142857142857142,inf,2.7810369386211318
Lagoa da Confusão,2020-10-18,604,0,5,0,3.357142857142857,0.07142857142857142,inf,2.7810369386211318
Lagoa da Confusão,2020-10-19,604,0,5,0,3.357142857142857,0.07142857142857142,inf,2.7810369386211318
Lagoa da Confusão,2020-10-20,629,25,5,0,5.142857142857143,0.07142857142857142,inf,2.798650645445269
Lagoa da Confusão,2020-10-21,630,1,5,0,3.7857142857142856,0.0,-1.0,2.7993405494535817
Lagoa da Confusão,2020-10-22,632,2,5,0,3.7857142857142856,0.0,-1.0,2.800717078282385
Lagoa da Confusão,2020-10-23,633,1,5,0,2.5714285714285716,0.0,-1.0,2.801403710017355
Lagoa da Confusão,2020-10-24,633,0,5,0,2.5714285714285716,0.0,-1.0,2.801403710017355
Lagoa da Confusão,2020-10-25,633,0,5,0,2.5714285714285716,0.0,-1.0,2.801403710017355
Lagoa da Confusão,2020-10-26,633,0,5,0,2.5714285714285716,0.0,-1.0,2.801403710017355
Lagoa da Confusão,2020-10-27,633,0,5,0,2.5714285714285716,0.0,-1.0,2.801403710017355
Lagoa da Confusão,2020-10-28,633,0,5,0,1.7142857142857142,0.0,-1.0,2.801403710017355
Lagoa da Confusão,2020-10-29,633,0,5,0,1.7142857142857142,0.0,-1.0,2.801403710017355
Lagoa da Confusão,2020-10-30,633,0,5,0,2.0714285714285716,0.0,-1.0,2.801403710017355
Lagoa da Confusão,2020-10-31,633,0,5,0,2.0714285714285716,0.0,-1.0,2.801403710017355
Lagoa da Confusão,2020-11-01,633,0,5,0,2.0714285714285716,0.0,-1.0,2.801403710017355
Lagoa da Confusão,2020-11-02,634,1,5,0,2.142857142857143,0.0,-1.0,2.8020892578817325
Lagoa da Confusão,2020-11-03,634,0,5,0,0.35714285714285715,0.0,-1.0,2.8020892578817325
Lagoa da Confusão,2020-11-04,634,0,5,0,0.2857142857142857,0.0,,2.8020892578817325
Lagoa da Confusão,2020-11-05,634,0,5,0,0.14285714285714285,0.0,,2.8020892578817325
Lagoa da Confusão,2020-11-06,652,18,5,0,1.3571428571428572,0.0,,2.81424759573192
Lagoa da Confusão,2020-11-07,655,3,5,0,1.5714285714285714,0.0,,2.816241299991783
Lagoa da Confusão,2020-11-08,655,0,5,0,1.5714285714285714,0.0,,2.816241299991783
Lagoa da Confusão,2020-11-09,655,0,5,0,1.5714285714285714,0.0,,2.816241299991783
Lagoa da Confusão,2020-11-10,659,4,5,0,1.8571428571428572,0.0,,2.8188854145940097
Lagoa da Confusão,2020-11-11,661,2,5,0,2.0,0.0,,2.82020145948564
Lagoa da Confusão,2020-11-12,662,1,5,0,2.0714285714285716,0.0,,2.8208579894397
Lagoa da Confusão,2020-11-13,662,0,5,0,2.0714285714285716,0.0,,2.8208579894397
Lagoa da Confusão,2020-11-14,671,9,5,0,2.7142857142857144,0.0,,2.826722520168992
Lagoa da Confusão,2020-11-15,671,0,5,0,2.7142857142857144,0.0,,2.826722520168992
Lagoa da Confusão,2020-11-16,671,0,5,0,2.642857142857143,0.0,,2.826722520168992
Lagoa da Confusão,2020-11-17,671,0,5,0,2.642857142857143,0.0,,2.826722520168992
Lagoa da Confusão,2020-11-18,672,1,5,0,2.7142857142857144,0.0,,2.8273692730538253
Lagoa da Confusão,2020-11-19,674,2,5,0,2.857142857142857,0.0,,2.82865989653532
Lagoa da Confusão,2020-11-20,674,0,5,0,1.5714285714285714,0.0,,2.82865989653532
Lagoa da Confusão,2020-11-21,674,0,5,0,1.3571428571428572,0.0,,2.82865989653532
Lagoa da Confusão,2020-11-22,674,0,5,0,1.3571428571428572,0.0,,2.82865989653532
Lagoa da Confusão,2020-11-23,674,0,5,0,1.3571428571428572,0.0,,2.82865989653532
Lagoa da Confusão,2020-11-24,675,1,6,1,1.1428571428571428,0.07142857142857142,inf,2.829303772831025
Lagoa da Confusão,2020-11-25,676,1,6,0,1.0714285714285714,0.07142857142857142,inf,2.829946695941636
Lagoa da Confusão,2020-11-26,676,0,6,0,1.0,0.07142857142857142,inf,2.829946695941636
Lagoa da Confusão,2020-11-27,676,0,6,0,1.0,0.07142857142857142,inf,2.829946695941636
Lagoa da Confusão,2020-11-28,677,1,7,1,0.42857142857142855,0.14285714285714285,inf,2.8305886686851442
Lagoa da Confusão,2020-11-29,677,0,7,0,0.42857142857142855,0.14285714285714285,inf,2.8305886686851442
Lagoa da Confusão,2020-11-30,679,2,7,0,0.5714285714285714,0.14285714285714285,inf,2.8318697742805017
Lagoa da Confusão,2020-12-01,680,1,7,0,0.6428571428571429,0.14285714285714285,inf,2.832508912706236
Lagoa da Confusão,2020-12-02,680,0,7,0,0.5714285714285714,0.14285714285714285,inf,2.832508912706236
Lagoa da Confusão,2020-12-03,684,4,7,0,0.7142857142857143,0.14285714285714285,inf,2.835056101720116
Lagoa da Confusão,2020-12-04,690,6,7,0,1.1428571428571428,0.14285714285714285,inf,2.838849090737255
Lagoa da Confusão,2020-12-05,691,1,7,0,1.2142857142857142,0.14285714285714285,inf,2.8394780473741985
Lagoa da Confusão,2020-12-06,691,0,7,0,1.2142857142857142,0.14285714285714285,inf,2.8394780473741985
Lagoa da Confusão,2020-12-07,691,0,7,0,1.2142857142857142,0.14285714285714285,inf,2.8394780473741985
Lagoa da Confusão,2020-12-08,691,0,7,0,1.1428571428571428,0.07142857142857142,0.0,2.8394780473741985
Lagoa da Confusão,2020-12-09,692,1,7,0,1.1428571428571428,0.07142857142857142,0.0,2.840106094456758
Lagoa da Confusão,2020-12-10,691,-1,7,0,1.0714285714285714,0.07142857142857142,0.0,2.8394780473741985
Lagoa da Confusão,2020-12-11,696,5,7,0,1.4285714285714286,0.07142857142857142,0.0,2.842609239610562
Lagoa da Confusão,2020-12-12,697,1,8,1,1.4285714285714286,0.07142857142857142,-0.5,2.8432327780980096
Lagoa da Confusão,2020-12-13,698,1,9,1,1.5,0.14285714285714285,0.0,2.843855422623161
Lagoa da Confusão,2020-12-14,699,1,10,1,1.4285714285714286,0.21428571428571427,0.5,2.8444771757456815
Lagoa da Confusão,2020-12-15,705,6,13,3,1.7857142857142858,0.42857142857142855,2.0,2.848189116991399
Lagoa da Confusão,2020-12-16,710,5,13,0,2.142857142857143,0.42857142857142855,2.0,2.8512583487190755
Lagoa da Confusão,2020-12-17,713,3,13,0,2.0714285714285716,0.42857142857142855,2.0,2.8530895298518657
Lagoa da Confusão,2020-12-18,713,0,13,0,1.6428571428571428,0.42857142857142855,2.0,2.8530895298518657
Lagoa da Confusão,2020-12-19,716,3,13,0,1.7857142857142858,0.42857142857142855,2.0,2.8549130223078554
Lagoa da Confusão,2020-12-20,716,0,13,0,1.7857142857142858,0.42857142857142855,2.0,2.8549130223078554
Lagoa da Confusão,2020-12-21,716,0,13,0,1.7857142857142858,0.42857142857142855,2.0,2.8549130223078554
Lagoa da Confusão,2020-12-22,721,5,13,0,2.142857142857143,0.42857142857142855,5.0,2.857935264719429
Lagoa da Confusão,2020-12-23,721,0,13,0,2.0714285714285716,0.42857142857142855,5.0,2.857935264719429
Lagoa da Confusão,2020-12-24,721,0,13,0,2.142857142857143,0.42857142857142855,5.0,2.857935264719429
Lagoa da Confusão,2020-12-25,725,4,13,0,2.0714285714285716,0.42857142857142855,5.0,2.8603380065709936
Lagoa da Confusão,2020-12-26,726,1,14,1,2.0714285714285716,0.42857142857142855,5.0,2.8609366207000937
Lagoa da Confusão,2020-12-27,726,0,14,0,2.0,0.35714285714285715,1.5000000000000002,2.8609366207000937
Lagoa da Confusão,2020-12-28,731,5,14,0,2.2857142857142856,0.2857142857142857,0.3333333333333333,2.8639173769578603
Lagoa da Confusão,2020-12-29,732,1,14,0,1.9285714285714286,0.07142857142857142,-0.8333333333333333,2.864511081058392
Lagoa da Confusão,2020-12-30,732,0,14,0,1.5714285714285714,0.07142857142857142,-0.8333333333333333,2.864511081058392
Lagoa da Confusão,2020-12-31,734,2,14,0,1.5,0.07142857142857142,-0.8333333333333333,2.8656960599160706
Lagoa da Confusão,2021-01-01,734,0,14,0,1.5,0.07142857142857142,-0.8333333333333333,2.8656960599160706
Lagoa da Confusão,2021-01-02,734,0,14,0,1.2857142857142858,0.07142857142857142,-0.8333333333333333,2.8656960599160706
Lagoa da Confusão,2021-01-03,734,0,14,0,1.2857142857142858,0.07142857142857142,-0.8333333333333333,2.8656960599160706
Lagoa da Confusão,2021-01-04,734,0,14,0,1.2857142857142858,0.07142857142857142,-0.8333333333333333,2.8656960599160706
Lagoa da Confusão,2021-01-05,738,4,14,0,1.2142857142857142,0.07142857142857142,-0.8333333333333333,2.8680563618230415
Lagoa da Confusão,2021-01-06,748,10,14,0,1.9285714285714286,0.07142857142857142,-0.8333333333333333,2.8739015978644615
Lagoa da Confusão,2021-01-07,748,0,14,0,1.9285714285714286,0.07142857142857142,-0.8333333333333333,2.8739015978644615
Lagoa da Confusão,2021-01-08,748,0,14,0,1.6428571428571428,0.07142857142857142,-0.8333333333333333,2.8739015978644615
Lagoa da Confusão,2021-01-09,748,0,14,0,1.5714285714285714,0.0,-1.0,2.8739015978644615
Lagoa da Confusão,2021-01-10,748,0,14,0,1.5714285714285714,0.0,-1.0,2.8739015978644615
Lagoa da Confusão,2021-01-11,748,0,14,0,1.2142857142857142,0.0,-1.0,2.8739015978644615
Lagoa da Confusão,2021-01-12,748,0,14,0,1.1428571428571428,0.0,-1.0,2.8739015978644615
Lagoa da Confusão,2021-01-13,749,1,14,0,1.2142857142857142,0.0,-1.0,2.8744818176994666
Lagoa da Confusão,2021-01-14,750,1,14,0,1.1428571428571428,0.0,-1.0,2.8750612633917
Lagoa da Confusão,2021-01-15,750,0,14,0,1.1428571428571428,0.0,-1.0,2.8750612633917
Lagoa da Confusão,2021-01-16,754,4,14,0,1.4285714285714286,0.0,-1.0,2.877371345869774
Lagoa da Confusão,2021-01-17,754,0,14,0,1.4285714285714286,0.0,-1.0,2.877371345869774
Lagoa da Confusão,2021-01-18,756,2,14,0,1.5714285714285714,0.0,-1.0,2.8785217955012063
Lagoa da Confusão,2021-01-19,757,1,14,0,1.3571428571428572,0.0,-1.0,2.8790958795000727
Lagoa da Confusão,2021-01-20,757,0,14,0,0.6428571428571429,0.0,-1.0,2.8790958795000727
Lagoa do Tocantins,2020-03-27,0,0,0,0,,,,0.0
Lagoa do Tocantins,2020-03-28,0,0,0,0,,,,0.0
Lagoa do Tocantins,2020-03-29,0,0,0,0,,,,0.0
Lagoa do Tocantins,2020-03-30,0,0,0,0,,,,0.0
Lagoa do Tocantins,2020-03-31,0,0,0,0,,,,0.0
Lagoa do Tocantins,2020-04-01,0,0,0,0,,,,0.0
Lagoa do Tocantins,2020-04-02,0,0,0,0,,,,0.0
Lagoa do Tocantins,2020-04-03,0,0,0,0,,,,0.0
Lagoa do Tocantins,2020-04-04,0,0,0,0,,,,0.0
Lagoa do Tocantins,2020-04-05,0,0,0,0,,,,0.0
Lagoa do Tocantins,2020-04-06,0,0,0,0,,,,0.0
Lagoa do Tocantins,2020-04-07,0,0,0,0,,,,0.0
Lagoa do Tocantins,2020-04-08,0,0,0,0,,,,0.0
Lagoa do Tocantins,2020-04-09,0,0,0,0,0.0,0.0,,0.0
Lagoa do Tocantins,2020-04-10,0,0,0,0,0.0,0.0,,0.0
Lagoa do Tocantins,2020-04-11,0,0,0,0,0.0,0.0,,0.0
Lagoa do Tocantins,2020-04-12,0,0,0,0,0.0,0.0,,0.0
Lagoa do Tocantins,2020-04-13,0,0,0,0,0.0,0.0,,0.0
Lagoa do Tocantins,2020-04-14,0,0,0,0,0.0,0.0,,0.0
Lagoa do Tocantins,2020-04-15,0,0,0,0,0.0,0.0,,0.0
Lagoa do Tocantins,2020-04-16,0,0,0,0,0.0,0.0,,0.0
Lagoa do Tocantins,2020-04-17,0,0,0,0,0.0,0.0,,0.0
Lagoa do Tocantins,2020-04-18,0,0,0,0,0.0,0.0,,0.0
Lagoa do Tocantins,2020-04-19,0,0,0,0,0.0,0.0,,0.0
Lagoa do Tocantins,2020-04-20,0,0,0,0,0.0,0.0,,0.0
Lagoa do Tocantins,2020-04-21,0,0,0,0,0.0,0.0,,0.0
Lagoa do Tocantins,2020-04-22,0,0,0,0,0.0,0.0,,0.0
Lagoa do Tocantins,2020-04-23,0,0,0,0,0.0,0.0,,0.0
Lagoa do Tocantins,2020-04-24,0,0,0,0,0.0,0.0,,0.0
Lagoa do Tocantins,2020-04-25,0,0,0,0,0.0,0.0,,0.0
Lagoa do Tocantins,2020-04-26,0,0,0,0,0.0,0.0,,0.0
Lagoa do Tocantins,2020-04-27,0,0,0,0,0.0,0.0,,0.0
Lagoa do Tocantins,2020-04-28,0,0,0,0,0.0,0.0,,0.0
Lagoa do Tocantins,2020-04-29,0,0,0,0,0.0,0.0,,0.0
Lagoa do Tocantins,2020-04-30,0,0,0,0,0.0,0.0,,0.0
Lagoa do Tocantins,2020-05-01,0,0,0,0,0.0,0.0,,0.0
Lagoa do Tocantins,2020-05-02,0,0,0,0,0.0,0.0,,0.0
Lagoa do Tocantins,2020-05-03,0,0,0,0,0.0,0.0,,0.0
Lagoa do Tocantins,2020-05-04,0,0,0,0,0.0,0.0,,0.0
Lagoa do Tocantins,2020-05-05,0,0,0,0,0.0,0.0,,0.0
Lagoa do Tocantins,2020-05-06,0,0,0,0,0.0,0.0,,0.0
Lagoa do Tocantins,2020-05-07,0,0,0,0,0.0,0.0,,0.0
Lagoa do Tocantins,2020-05-08,0,0,0,0,0.0,0.0,,0.0
Lagoa do Tocantins,2020-05-09,0,0,0,0,0.0,0.0,,0.0
Lagoa do Tocantins,2020-05-10,0,0,0,0,0.0,0.0,,0.0
Lagoa do Tocantins,2020-05-11,0,0,0,0,0.0,0.0,,0.0
Lagoa do Tocantins,2020-05-12,0,0,0,0,0.0,0.0,,0.0
Lagoa do Tocantins,2020-05-13,0,0,0,0,0.0,0.0,,0.0
Lagoa do Tocantins,2020-05-14,0,0,0,0,0.0,0.0,,0.0
Lagoa do Tocantins,2020-05-15,0,0,0,0,0.0,0.0,,0.0
Lagoa do Tocantins,2020-05-16,0,0,0,0,0.0,0.0,,0.0
Lagoa do Tocantins,2020-05-17,0,0,0,0,0.0,0.0,,0.0
Lagoa do Tocantins,2020-05-18,0,0,0,0,0.0,0.0,,0.0
Lagoa do Tocantins,2020-05-19,0,0,0,0,0.0,0.0,,0.0
Lagoa do Tocantins,2020-05-20,0,0,0,0,0.0,0.0,,0.0
Lagoa do Tocantins,2020-05-21,0,0,0,0,0.0,0.0,,0.0
Lagoa do Tocantins,2020-05-22,0,0,0,0,0.0,0.0,,0.0
Lagoa do Tocantins,2020-05-23,0,0,0,0,0.0,0.0,,0.0
Lagoa do Tocantins,2020-05-24,0,0,0,0,0.0,0.0,,0.0
Lagoa do Tocantins,2020-05-25,0,0,0,0,0.0,0.0,,0.0
Lagoa do Tocantins,2020-05-26,0,0,0,0,0.0,0.0,,0.0
Lagoa do Tocantins,2020-05-27,0,0,0,0,0.0,0.0,,0.0
Lagoa do Tocantins,2020-05-28,0,0,0,0,0.0,0.0,,0.0
Lagoa do Tocantins,2020-05-29,0,0,0,0,0.0,0.0,,0.0
Lagoa do Tocantins,2020-05-30,0,0,0,0,0.0,0.0,,0.0
Lagoa do Tocantins,2020-05-31,1,1,0,0,0.07142857142857142,0.0,,0.0
Lagoa do Tocantins,2020-06-01,0,-1,0,0,0.0,0.0,,0.0
Lagoa do Tocantins,2020-06-02,0,0,0,0,0.0,0.0,,0.0
Lagoa do Tocantins,2020-06-03,0,0,0,0,0.0,0.0,,0.0
Lagoa do Tocantins,2020-06-04,0,0,0,0,0.0,0.0,,0.0
Lagoa do Tocantins,2020-06-05,0,0,0,0,0.0,0.0,,0.0
Lagoa do Tocantins,2020-06-06,0,0,0,0,0.0,0.0,,0.0
Lagoa do Tocantins,2020-06-07,0,0,0,0,0.0,0.0,,0.0
Lagoa do Tocantins,2020-06-08,0,0,0,0,0.0,0.0,,0.0
Lagoa do Tocantins,2020-06-09,0,0,0,0,0.0,0.0,,0.0
Lagoa do Tocantins,2020-06-10,0,0,0,0,0.0,0.0,,0.0
Lagoa do Tocantins,2020-06-11,0,0,0,0,0.0,0.0,,0.0
Lagoa do Tocantins,2020-06-12,0,0,0,0,0.0,0.0,,0.0
Lagoa do Tocantins,2020-06-13,0,0,0,0,0.0,0.0,,0.0
Lagoa do Tocantins,2020-06-14,0,0,0,0,-0.07142857142857142,0.0,,0.0
Lagoa do Tocantins,2020-06-15,0,0,0,0,0.0,0.0,,0.0
Lagoa do Tocantins,2020-06-16,0,0,0,0,0.0,0.0,,0.0
Lagoa do Tocantins,2020-06-17,0,0,0,0,0.0,0.0,,0.0
Lagoa do Tocantins,2020-06-18,0,0,0,0,0.0,0.0,,0.0
Lagoa do Tocantins,2020-06-19,0,0,0,0,0.0,0.0,,0.0
Lagoa do Tocantins,2020-06-20,0,0,0,0,0.0,0.0,,0.0
Lagoa do Tocantins,2020-06-21,0,0,0,0,0.0,0.0,,0.0
Lagoa do Tocantins,2020-06-22,0,0,0,0,0.0,0.0,,0.0
Lagoa do Tocantins,2020-06-23,0,0,0,0,0.0,0.0,,0.0
Lagoa do Tocantins,2020-06-24,0,0,0,0,0.0,0.0,,0.0
Lagoa do Tocantins,2020-06-25,0,0,0,0,0.0,0.0,,0.0
Lagoa do Tocantins,2020-06-26,0,0,0,0,0.0,0.0,,0.0
Lagoa do Tocantins,2020-06-27,0,0,0,0,0.0,0.0,,0.0
Lagoa do Tocantins,2020-06-28,0,0,0,0,0.0,0.0,,0.0
Lagoa do Tocantins,2020-06-29,0,0,0,0,0.0,0.0,,0.0
Lagoa do Tocantins,2020-06-30,1,1,0,0,0.07142857142857142,0.0,,0.0
Lagoa do Tocantins,2020-07-01,2,1,0,0,0.14285714285714285,0.0,,0.3010299956639812
Lagoa do Tocantins,2020-07-02,3,1,0,0,0.21428571428571427,0.0,,0.47712125471966244
Lagoa do Tocantins,2020-07-03,4,1,0,0,0.2857142857142857,0.0,,0.6020599913279624
Lagoa do Tocantins,2020-07-04,5,1,0,0,0.35714285714285715,0.0,,0.6989700043360189
Lagoa do Tocantins,2020-07-05,5,0,0,0,0.35714285714285715,0.0,,0.6989700043360189
Lagoa do Tocantins,2020-07-06,5,0,0,0,0.35714285714285715,0.0,,0.6989700043360189
Lagoa do Tocantins,2020-07-07,5,0,0,0,0.35714285714285715,0.0,,0.6989700043360189
Lagoa do Tocantins,2020-07-08,6,1,0,0,0.42857142857142855,0.0,,0.7781512503836436
Lagoa do Tocantins,2020-07-09,9,3,0,0,0.6428571428571429,0.0,,0.9542425094393249
Lagoa do Tocantins,2020-07-10,10,1,0,0,0.7142857142857143,0.0,,1.0
Lagoa do Tocantins,2020-07-11,15,5,0,0,1.0714285714285714,0.0,,1.1760912590556813
Lagoa do Tocantins,2020-07-12,21,6,0,0,1.5,0.0,,1.3222192947339193
Lagoa do Tocantins,2020-07-13,22,1,1,1,1.5714285714285714,0.07142857142857142,inf,1.3424226808222062
Lagoa do Tocantins,2020-07-14,23,1,2,1,1.5714285714285714,0.14285714285714285,inf,1.3617278360175928
Lagoa do Tocantins,2020-07-15,24,1,2,0,1.5714285714285714,0.14285714285714285,inf,1.380211241711606
Lagoa do Tocantins,2020-07-16,26,2,2,0,1.6428571428571428,0.14285714285714285,inf,1.414973347970818
Lagoa do Tocantins,2020-07-17,28,2,3,1,1.7142857142857142,0.21428571428571427,inf,1.4471580313422192
Lagoa do Tocantins,2020-07-18,30,2,3,0,1.7857142857142858,0.21428571428571427,inf,1.4771212547196624
Lagoa do Tocantins,2020-07-19,30,0,3,0,1.7857142857142858,0.21428571428571427,inf,1.4771212547196624
Lagoa do Tocantins,2020-07-20,31,1,3,0,1.8571428571428572,0.21428571428571427,inf,1.4913616938342726
Lagoa do Tocantins,2020-07-21,30,-1,3,0,1.7857142857142858,0.21428571428571427,inf,1.4771212547196624
Lagoa do Tocantins,2020-07-22,34,4,3,0,2.0,0.21428571428571427,inf,1.5314789170422551
Lagoa do Tocantins,2020-07-23,36,2,3,0,1.9285714285714286,0.21428571428571427,inf,1.5563025007672873
Lagoa do Tocantins,2020-07-24,38,2,4,1,2.0,0.2857142857142857,inf,1.5797835966168101
Lagoa do Tocantins,2020-07-25,39,1,4,0,1.7142857142857142,0.2857142857142857,inf,1.591064607026499
Lagoa do Tocantins,2020-07-26,39,0,4,0,1.2857142857142858,0.2857142857142857,inf,1.591064607026499
Lagoa do Tocantins,2020-07-27,39,0,4,0,1.2142857142857142,0.21428571428571427,2.0,1.591064607026499
Lagoa do Tocantins,2020-07-28,39,0,4,0,1.1428571428571428,0.14285714285714285,0.0,1.591064607026499
Lagoa do Tocantins,2020-07-29,39,0,4,0,1.0714285714285714,0.14285714285714285,0.0,1.591064607026499
Lagoa do Tocantins,2020-07-30,39,0,4,0,0.9285714285714286,0.14285714285714285,0.0,1.591064607026499
Lagoa do Tocantins,2020-07-31,39,0,4,0,0.7857142857142857,0.07142857142857142,-0.6666666666666666,1.591064607026499
Lagoa do Tocantins,2020-08-01,39,0,4,0,0.6428571428571429,0.07142857142857142,-0.6666666666666666,1.591064607026499
Lagoa do Tocantins,2020-08-02,43,4,4,0,0.9285714285714286,0.07142857142857142,-0.6666666666666666,1.6334684555795866
Lagoa do Tocantins,2020-08-03,43,0,4,0,0.8571428571428571,0.07142857142857142,-0.6666666666666666,1.6334684555795866
Lagoa do Tocantins,2020-08-04,43,0,4,0,0.9285714285714286,0.07142857142857142,-0.6666666666666666,1.6334684555795866
Lagoa do Tocantins,2020-08-05,43,0,4,0,0.6428571428571429,0.07142857142857142,-0.6666666666666666,1.6334684555795866
Lagoa do Tocantins,2020-08-06,43,0,4,0,0.5,0.07142857142857142,-0.6666666666666666,1.6334684555795866
Lagoa do Tocantins,2020-08-07,43,0,4,0,0.35714285714285715,0.0,-1.0,1.6334684555795866
Lagoa do Tocantins,2020-08-08,43,0,4,0,0.2857142857142857,0.0,-1.0,1.6334684555795866
Lagoa do Tocantins,2020-08-09,43,0,4,0,0.2857142857142857,0.0,-1.0,1.6334684555795866
Lagoa do Tocantins,2020-08-10,44,1,4,0,0.35714285714285715,0.0,-1.0,1.6434526764861874
Lagoa do Tocantins,2020-08-11,45,1,4,0,0.42857142857142855,0.0,-1.0,1.6532125137753437
Lagoa do Tocantins,2020-08-12,45,0,4,0,0.42857142857142855,0.0,-1.0,1.6532125137753437
Lagoa do Tocantins,2020-08-13,45,0,4,0,0.42857142857142855,0.0,-1.0,1.6532125137753437
Lagoa do Tocantins,2020-08-14,42,-3,4,0,0.21428571428571427,0.0,-1.0,1.6232492903979006
Lagoa do Tocantins,2020-08-15,42,0,4,0,0.21428571428571427,0.0,-1.0,1.6232492903979006
Lagoa do Tocantins,2020-08-16,42,0,4,0,-0.07142857142857142,0.0,-1.0,1.6232492903979006
Lagoa do Tocantins,2020-08-17,42,0,4,0,-0.07142857142857142,0.0,-1.0,1.6232492903979006
Lagoa do Tocantins,2020-08-18,42,0,4,0,-0.07142857142857142,0.0,-1.0,1.6232492903979006
Lagoa do Tocantins,2020-08-19,43,1,4,0,0.0,0.0,-1.0,1.6334684555795866
Lagoa do Tocantins,2020-08-20,43,0,4,0,0.0,0.0,-1.0,1.6334684555795866
Lagoa do Tocantins,2020-08-21,43,0,4,0,0.0,0.0,,1.6334684555795866
Lagoa do Tocantins,2020-08-22,43,0,4,0,0.0,0.0,,1.6334684555795866
Lagoa do Tocantins,2020-08-23,43,0,4,0,0.0,0.0,,1.6334684555795866
Lagoa do Tocantins,2020-08-24,44,1,4,0,0.0,0.0,,1.6434526764861874
Lagoa do Tocantins,2020-08-25,44,0,4,0,-0.07142857142857142,0.0,,1.6434526764861874
Lagoa do Tocantins,2020-08-26,46,2,4,0,0.07142857142857142,0.0,,1.662757831681574
Lagoa do Tocantins,2020-08-27,47,1,4,0,0.14285714285714285,0.0,,1.6720978579357175
Lagoa do Tocantins,2020-08-28,47,0,4,0,0.35714285714285715,0.0,,1.6720978579357175
Lagoa do Tocantins,2020-08-29,47,0,4,0,0.35714285714285715,0.0,,1.6720978579357175
Lagoa do Tocantins,2020-08-30,47,0,4,0,0.35714285714285715,0.0,,1.6720978579357175
Lagoa do Tocantins,2020-08-31,47,0,4,0,0.35714285714285715,0.0,,1.6720978579357175
Lagoa do Tocantins,2020-09-01,47,0,4,0,0.35714285714285715,0.0,,1.6720978579357175
Lagoa do Tocantins,2020-09-02,49,2,4,0,0.42857142857142855,0.0,,1.6901960800285136
Lagoa do Tocantins,2020-09-03,49,0,4,0,0.42857142857142855,0.0,,1.6901960800285136
Lagoa do Tocantins,2020-09-04,50,1,4,0,0.5,0.0,,1.6989700043360187
Lagoa do Tocantins,2020-09-05,50,0,4,0,0.5,0.0,,1.6989700043360187
Lagoa do Tocantins,2020-09-06,51,1,4,0,0.5714285714285714,0.0,,1.7075701760979363
Lagoa do Tocantins,2020-09-07,51,0,4,0,0.5,0.0,,1.7075701760979363
Lagoa do Tocantins,2020-09-08,51,0,4,0,0.5,0.0,,1.7075701760979363
Lagoa do Tocantins,2020-09-09,51,0,4,0,0.35714285714285715,0.0,,1.7075701760979363
Lagoa do Tocantins,2020-09-10,51,0,4,0,0.2857142857142857,0.0,,1.7075701760979363
Lagoa do Tocantins,2020-09-11,52,1,4,0,0.35714285714285715,0.0,,1.7160033436347992
Lagoa do Tocantins,2020-09-12,52,0,4,0,0.35714285714285715,0.0,,1.7160033436347992
Lagoa do Tocantins,2020-09-13,52,0,4,0,0.35714285714285715,0.0,,1.7160033436347992
Lagoa do Tocantins,2020-09-14,52,0,4,0,0.35714285714285715,0.0,,1.7160033436347992
Lagoa do Tocantins,2020-09-15,53,1,4,0,0.42857142857142855,0.0,,1.7242758696007892
Lagoa do Tocantins,2020-09-16,53,0,4,0,0.2857142857142857,0.0,,1.7242758696007892
Lagoa do Tocantins,2020-09-17,54,1,4,0,0.35714285714285715,0.0,,1.7323937598229686
Lagoa do Tocantins,2020-09-18,53,-1,4,0,0.21428571428571427,0.0,,1.7242758696007892
Lagoa do Tocantins,2020-09-19,54,1,4,0,0.2857142857142857,0.0,,1.7323937598229686
Lagoa do Tocantins,2020-09-20,54,0,4,0,0.21428571428571427,0.0,,1.7323937598229686
Lagoa do Tocantins,2020-09-21,54,0,4,0,0.21428571428571427,0.0,,1.7323937598229686
Lagoa do Tocantins,2020-09-22,58,4,4,0,0.5,0.0,,1.7634279935629373
Lagoa do Tocantins,2020-09-23,58,0,4,0,0.5,0.0,,1.7634279935629373
Lagoa do Tocantins,2020-09-24,58,0,4,0,0.5,0.0,,1.7634279935629373
Lagoa do Tocantins,2020-09-25,58,0,4,0,0.42857142857142855,0.0,,1.7634279935629373
Lagoa do Tocantins,2020-09-26,58,0,4,0,0.42857142857142855,0.0,,1.7634279935629373
Lagoa do Tocantins,2020-09-27,58,0,4,0,0.42857142857142855,0.0,,1.7634279935629373
Lagoa do Tocantins,2020-09-28,58,0,4,0,0.42857142857142855,0.0,,1.7634279935629373
Lagoa do Tocantins,2020-09-29,59,1,4,0,0.42857142857142855,0.0,,1.7708520116421442
Lagoa do Tocantins,2020-09-30,59,0,4,0,0.42857142857142855,0.0,,1.7708520116421442
Lagoa do Tocantins,2020-10-01,59,0,4,0,0.35714285714285715,0.0,,1.7708520116421442
Lagoa do Tocantins,2020-10-02,59,0,4,0,0.42857142857142855,0.0,,1.7708520116421442
Lagoa do Tocantins,2020-10-03,60,1,4,0,0.42857142857142855,0.0,,1.7781512503836436
Lagoa do Tocantins,2020-10-04,60,0,4,0,0.42857142857142855,0.0,,1.7781512503836436
Lagoa do Tocantins,2020-10-05,60,0,4,0,0.42857142857142855,0.0,,1.7781512503836436
Lagoa do Tocantins,2020-10-06,60,0,4,0,0.14285714285714285,0.0,,1.7781512503836436
Lagoa do Tocantins,2020-10-07,60,0,4,0,0.14285714285714285,0.0,,1.7781512503836436
Lagoa do Tocantins,2020-10-08,60,0,4,0,0.14285714285714285,0.0,,1.7781512503836436
Lagoa do Tocantins,2020-10-09,60,0,4,0,0.14285714285714285,0.0,,1.7781512503836436
Lagoa do Tocantins,2020-10-10,60,0,4,0,0.14285714285714285,0.0,,1.7781512503836436
Lagoa do Tocantins,2020-10-11,60,0,4,0,0.14285714285714285,0.0,,1.7781512503836436
Lagoa do Tocantins,2020-10-12,60,0,4,0,0.14285714285714285,0.0,,1.7781512503836436
Lagoa do Tocantins,2020-10-13,60,0,4,0,0.07142857142857142,0.0,,1.7781512503836436
Lagoa do Tocantins,2020-10-14,60,0,4,0,0.07142857142857142,0.0,,1.7781512503836436
Lagoa do Tocantins,2020-10-15,60,0,4,0,0.07142857142857142,0.0,,1.7781512503836436
Lagoa do Tocantins,2020-10-16,60,0,4,0,0.07142857142857142,0.0,,1.7781512503836436
Lagoa do Tocantins,2020-10-17,60,0,4,0,0.0,0.0,,1.7781512503836436
Lagoa do Tocantins,2020-10-18,60,0,4,0,0.0,0.0,,1.7781512503836436
Lagoa do Tocantins,2020-10-19,60,0,4,0,0.0,0.0,,1.7781512503836436
Lagoa do Tocantins,2020-10-20,62,2,4,0,0.14285714285714285,0.0,,1.792391689498254
Lagoa do Tocantins,2020-10-21,63,1,4,0,0.21428571428571427,0.0,,1.7993405494535817
Lagoa do Tocantins,2020-10-22,63,0,4,0,0.21428571428571427,0.0,,1.7993405494535817
Lagoa do Tocantins,2020-10-23,63,0,4,0,0.21428571428571427,0.0,,1.7993405494535817
Lagoa do Tocantins,2020-10-24,63,0,4,0,0.21428571428571427,0.0,,1.7993405494535817
Lagoa do Tocantins,2020-10-25,63,0,4,0,0.21428571428571427,0.0,,1.7993405494535817
Lagoa do Tocantins,2020-10-26,63,0,4,0,0.21428571428571427,0.0,,1.7993405494535817
Lagoa do Tocantins,2020-10-27,63,0,4,0,0.21428571428571427,0.0,,1.7993405494535817
Lagoa do Tocantins,2020-10-28,63,0,4,0,0.21428571428571427,0.0,,1.7993405494535817
Lagoa do Tocantins,2020-10-29,63,0,4,0,0.21428571428571427,0.0,,1.7993405494535817
Lagoa do Tocantins,2020-10-30,63,0,4,0,0.21428571428571427,0.0,,1.7993405494535817
Lagoa do Tocantins,2020-10-31,63,0,4,0,0.21428571428571427,0.0,,1.7993405494535817
Lagoa do Tocantins,2020-11-01,63,0,4,0,0.21428571428571427,0.0,,1.7993405494535817
Lagoa do Tocantins,2020-11-02,63,0,4,0,0.21428571428571427,0.0,,1.7993405494535817
Lagoa do Tocantins,2020-11-03,63,0,4,0,0.07142857142857142,0.0,,1.7993405494535817
Lagoa do Tocantins,2020-11-04,65,2,4,0,0.14285714285714285,0.0,,1.8129133566428555
Lagoa do Tocantins,2020-11-05,65,0,4,0,0.14285714285714285,0.0,,1.8129133566428555
Lagoa do Tocantins,2020-11-06,65,0,4,0,0.14285714285714285,0.0,,1.8129133566428555
Lagoa do Tocantins,2020-11-07,66,1,4,0,0.21428571428571427,0.0,,1.8195439355418688
Lagoa do Tocantins,2020-11-08,66,0,4,0,0.21428571428571427,0.0,,1.8195439355418688
Lagoa do Tocantins,2020-11-09,66,0,4,0,0.21428571428571427,0.0,,1.8195439355418688
Lagoa do Tocantins,2020-11-10,66,0,4,0,0.21428571428571427,0.0,,1.8195439355418688
Lagoa do Tocantins,2020-11-11,67,1,4,0,0.2857142857142857,0.0,,1.8260748027008264
Lagoa do Tocantins,2020-11-12,67,0,4,0,0.2857142857142857,0.0,,1.8260748027008264
Lagoa do Tocantins,2020-11-13,67,0,4,0,0.2857142857142857,0.0,,1.8260748027008264
Lagoa do Tocantins,2020-11-14,67,0,4,0,0.2857142857142857,0.0,,1.8260748027008264
Lagoa do Tocantins,2020-11-15,67,0,4,0,0.2857142857142857,0.0,,1.8260748027008264
Lagoa do Tocantins,2020-11-16,67,0,4,0,0.2857142857142857,0.0,,1.8260748027008264
Lagoa do Tocantins,2020-11-17,67,0,4,0,0.2857142857142857,0.0,,1.8260748027008264
Lagoa do Tocantins,2020-11-18,67,0,4,0,0.14285714285714285,0.0,,1.8260748027008264
Lagoa do Tocantins,2020-11-19,67,0,4,0,0.14285714285714285,0.0,,1.8260748027008264
Lagoa do Tocantins,2020-11-20,67,0,4,0,0.14285714285714285,0.0,,1.8260748027008264
Lagoa do Tocantins,2020-11-21,67,0,4,0,0.07142857142857142,0.0,,1.8260748027008264
Lagoa do Tocantins,2020-11-22,67,0,4,0,0.07142857142857142,0.0,,1.8260748027008264
Lagoa do Tocantins,2020-11-23,67,0,4,0,0.07142857142857142,0.0,,1.8260748027008264
Lagoa do Tocantins,2020-11-24,68,1,4,0,0.14285714285714285,0.0,,1.8325089127062364
Lagoa do Tocantins,2020-11-25,68,0,4,0,0.07142857142857142,0.0,,1.8325089127062364
Lagoa do Tocantins,2020-11-26,68,0,4,0,0.07142857142857142,0.0,,1.8325089127062364
Lagoa do Tocantins,2020-11-27,68,0,4,0,0.07142857142857142,0.0,,1.8325089127062364
Lagoa do Tocantins,2020-11-28,69,1,4,0,0.14285714285714285,0.0,,1.8388490907372552
Lagoa do Tocantins,2020-11-29,69,0,4,0,0.14285714285714285,0.0,,1.8388490907372552
Lagoa do Tocantins,2020-11-30,69,0,4,0,0.14285714285714285,0.0,,1.8388490907372552
Lagoa do Tocantins,2020-12-01,69,0,4,0,0.14285714285714285,0.0,,1.8388490907372552
Lagoa do Tocantins,2020-12-02,69,0,4,0,0.14285714285714285,0.0,,1.8388490907372552
Lagoa do Tocantins,2020-12-03,69,0,4,0,0.14285714285714285,0.0,,1.8388490907372552
Lagoa do Tocantins,2020-12-04,69,0,4,0,0.14285714285714285,0.0,,1.8388490907372552
Lagoa do Tocantins,2020-12-05,69,0,4,0,0.14285714285714285,0.0,,1.8388490907372552
Lagoa do Tocantins,2020-12-06,69,0,4,0,0.14285714285714285,0.0,,1.8388490907372552
Lagoa do Tocantins,2020-12-07,69,0,4,0,0.14285714285714285,0.0,,1.8388490907372552
Lagoa do Tocantins,2020-12-08,69,0,4,0,0.07142857142857142,0.0,,1.8388490907372552
Lagoa do Tocantins,2020-12-09,70,1,4,0,0.14285714285714285,0.0,,1.845098040014257
Lagoa do Tocantins,2020-12-10,70,0,4,0,0.14285714285714285,0.0,,1.845098040014257
Lagoa do Tocantins,2020-12-11,70,0,4,0,0.14285714285714285,0.0,,1.845098040014257
Lagoa do Tocantins,2020-12-12,71,1,4,0,0.14285714285714285,0.0,,1.8512583487190752
Lagoa do Tocantins,2020-12-13,71,0,4,0,0.14285714285714285,0.0,,1.8512583487190752
Lagoa do Tocantins,2020-12-14,71,0,4,0,0.14285714285714285,0.0,,1.8512583487190752
Lagoa do Tocantins,2020-12-15,71,0,4,0,0.14285714285714285,0.0,,1.8512583487190752
Lagoa do Tocantins,2020-12-16,71,0,4,0,0.14285714285714285,0.0,,1.8512583487190752
Lagoa do Tocantins,2020-12-17,71,0,4,0,0.14285714285714285,0.0,,1.8512583487190752
Lagoa do Tocantins,2020-12-18,71,0,4,0,0.14285714285714285,0.0,,1.8512583487190752
Lagoa do Tocantins,2020-12-19,71,0,4,0,0.14285714285714285,0.0,,1.8512583487190752
Lagoa do Tocantins,2020-12-20,71,0,4,0,0.14285714285714285,0.0,,1.8512583487190752
Lagoa do Tocantins,2020-12-21,71,0,4,0,0.14285714285714285,0.0,,1.8512583487190752
Lagoa do Tocantins,2020-12-22,71,0,4,0,0.14285714285714285,0.0,,1.8512583487190752
Lagoa do Tocantins,2020-12-23,71,0,4,0,0.07142857142857142,0.0,,1.8512583487190752
Lagoa do Tocantins,2020-12-24,71,0,4,0,0.07142857142857142,0.0,,1.8512583487190752
Lagoa do Tocantins,2020-12-25,71,0,4,0,0.07142857142857142,0.0,,1.8512583487190752
Lagoa do Tocantins,2020-12-26,71,0,4,0,0.0,0.0,,1.8512583487190752
Lagoa do Tocantins,2020-12-27,71,0,4,0,0.0,0.0,,1.8512583487190752
Lagoa do Tocantins,2020-12-28,71,0,4,0,0.0,0.0,,1.8512583487190752
Lagoa do Tocantins,2020-12-29,73,2,4,0,0.14285714285714285,0.0,,1.863322860120456
Lagoa do Tocantins,2020-12-30,73,0,4,0,0.14285714285714285,0.0,,1.863322860120456
Lagoa do Tocantins,2020-12-31,73,0,4,0,0.14285714285714285,0.0,,1.863322860120456
Lagoa do Tocantins,2021-01-01,73,0,4,0,0.14285714285714285,0.0,,1.863322860120456
Lagoa do Tocantins,2021-01-02,73,0,4,0,0.14285714285714285,0.0,,1.863322860120456
Lagoa do Tocantins,2021-01-03,73,0,4,0,0.14285714285714285,0.0,,1.863322860120456
Lagoa do Tocantins,2021-01-04,73,0,4,0,0.14285714285714285,0.0,,1.863322860120456
Lagoa do Tocantins,2021-01-05,73,0,4,0,0.14285714285714285,0.0,,1.863322860120456
Lagoa do Tocantins,2021-01-06,73,0,4,0,0.14285714285714285,0.0,,1.863322860120456
Lagoa do Tocantins,2021-01-07,73,0,4,0,0.14285714285714285,0.0,,1.863322860120456
Lagoa do Tocantins,2021-01-08,74,1,4,0,0.21428571428571427,0.0,,1.8692317197309762
Lagoa do Tocantins,2021-01-09,74,0,4,0,0.21428571428571427,0.0,,1.8692317197309762
Lagoa do Tocantins,2021-01-10,74,0,4,0,0.21428571428571427,0.0,,1.8692317197309762
Lagoa do Tocantins,2021-01-11,74,0,4,0,0.21428571428571427,0.0,,1.8692317197309762
Lagoa do Tocantins,2021-01-12,74,0,4,0,0.07142857142857142,0.0,,1.8692317197309762
Lagoa do Tocantins,2021-01-13,74,0,4,0,0.07142857142857142,0.0,,1.8692317197309762
Lagoa do Tocantins,2021-01-14,74,0,4,0,0.07142857142857142,0.0,,1.8692317197309762
Lagoa do Tocantins,2021-01-15,74,0,4,0,0.07142857142857142,0.0,,1.8692317197309762
Lagoa do Tocantins,2021-01-16,74,0,4,0,0.07142857142857142,0.0,,1.8692317197309762
Lagoa do Tocantins,2021-01-17,74,0,4,0,0.07142857142857142,0.0,,1.8692317197309762
Lagoa do Tocantins,2021-01-18,74,0,4,0,0.07142857142857142,0.0,,1.8692317197309762
Lagoa do Tocantins,2021-01-19,74,0,4,0,0.07142857142857142,0.0,,1.8692317197309762
Lagoa do Tocantins,2021-01-20,74,0,4,0,0.07142857142857142,0.0,,1.8692317197309762
Lajeado,2020-03-27,0,0,0,0,,,,0.0
Lajeado,2020-03-28,0,0,0,0,,,,0.0
Lajeado,2020-03-29,0,0,0,0,,,,0.0
Lajeado,2020-03-30,0,0,0,0,,,,0.0
Lajeado,2020-03-31,0,0,0,0,,,,0.0
Lajeado,2020-04-01,0,0,0,0,,,,0.0
Lajeado,2020-04-02,0,0,0,0,,,,0.0
Lajeado,2020-04-03,0,0,0,0,,,,0.0
Lajeado,2020-04-04,0,0,0,0,,,,0.0
Lajeado,2020-04-05,0,0,0,0,,,,0.0
Lajeado,2020-04-06,0,0,0,0,,,,0.0
Lajeado,2020-04-07,0,0,0,0,,,,0.0
Lajeado,2020-04-08,0,0,0,0,,,,0.0
Lajeado,2020-04-09,0,0,0,0,0.0,0.0,,0.0
Lajeado,2020-04-10,0,0,0,0,0.0,0.0,,0.0
Lajeado,2020-04-11,0,0,0,0,0.0,0.0,,0.0
Lajeado,2020-04-12,0,0,0,0,0.0,0.0,,0.0
Lajeado,2020-04-13,0,0,0,0,0.0,0.0,,0.0
Lajeado,2020-04-14,0,0,0,0,0.0,0.0,,0.0
Lajeado,2020-04-15,0,0,0,0,0.0,0.0,,0.0
Lajeado,2020-04-16,0,0,0,0,0.0,0.0,,0.0
Lajeado,2020-04-17,0,0,0,0,0.0,0.0,,0.0
Lajeado,2020-04-18,0,0,0,0,0.0,0.0,,0.0
Lajeado,2020-04-19,0,0,0,0,0.0,0.0,,0.0
Lajeado,2020-04-20,0,0,0,0,0.0,0.0,,0.0
Lajeado,2020-04-21,0,0,0,0,0.0,0.0,,0.0
Lajeado,2020-04-22,0,0,0,0,0.0,0.0,,0.0
Lajeado,2020-04-23,0,0,0,0,0.0,0.0,,0.0
Lajeado,2020-04-24,0,0,0,0,0.0,0.0,,0.0
Lajeado,2020-04-25,0,0,0,0,0.0,0.0,,0.0
Lajeado,2020-04-26,0,0,0,0,0.0,0.0,,0.0
Lajeado,2020-04-27,0,0,0,0,0.0,0.0,,0.0
Lajeado,2020-04-28,0,0,0,0,0.0,0.0,,0.0
Lajeado,2020-04-29,0,0,0,0,0.0,0.0,,0.0
Lajeado,2020-04-30,0,0,0,0,0.0,0.0,,0.0
Lajeado,2020-05-01,0,0,0,0,0.0,0.0,,0.0
Lajeado,2020-05-02,0,0,0,0,0.0,0.0,,0.0
Lajeado,2020-05-03,0,0,0,0,0.0,0.0,,0.0
Lajeado,2020-05-04,0,0,0,0,0.0,0.0,,0.0
Lajeado,2020-05-05,0,0,0,0,0.0,0.0,,0.0
Lajeado,2020-05-06,0,0,0,0,0.0,0.0,,0.0
Lajeado,2020-05-07,0,0,0,0,0.0,0.0,,0.0
Lajeado,2020-05-08,0,0,0,0,0.0,0.0,,0.0
Lajeado,2020-05-09,0,0,0,0,0.0,0.0,,0.0
Lajeado,2020-05-10,0,0,0,0,0.0,0.0,,0.0
Lajeado,2020-05-11,0,0,0,0,0.0,0.0,,0.0
Lajeado,2020-05-12,0,0,0,0,0.0,0.0,,0.0
Lajeado,2020-05-13,0,0,0,0,0.0,0.0,,0.0
Lajeado,2020-05-14,0,0,0,0,0.0,0.0,,0.0
Lajeado,2020-05-15,0,0,0,0,0.0,0.0,,0.0
Lajeado,2020-05-16,0,0,0,0,0.0,0.0,,0.0
Lajeado,2020-05-17,0,0,0,0,0.0,0.0,,0.0
Lajeado,2020-05-18,0,0,0,0,0.0,0.0,,0.0
Lajeado,2020-05-19,0,0,0,0,0.0,0.0,,0.0
Lajeado,2020-05-20,0,0,0,0,0.0,0.0,,0.0
Lajeado,2020-05-21,1,1,0,0,0.07142857142857142,0.0,,0.0
Lajeado,2020-05-22,1,0,0,0,0.07142857142857142,0.0,,0.0
Lajeado,2020-05-23,1,0,0,0,0.07142857142857142,0.0,,0.0
Lajeado,2020-05-24,1,0,0,0,0.07142857142857142,0.0,,0.0
Lajeado,2020-05-25,1,0,0,0,0.07142857142857142,0.0,,0.0
Lajeado,2020-05-26,1,0,0,0,0.07142857142857142,0.0,,0.0
Lajeado,2020-05-27,1,0,0,0,0.07142857142857142,0.0,,0.0
Lajeado,2020-05-28,1,0,0,0,0.07142857142857142,0.0,,0.0
Lajeado,2020-05-29,1,0,0,0,0.07142857142857142,0.0,,0.0
Lajeado,2020-05-30,1,0,0,0,0.07142857142857142,0.0,,0.0
Lajeado,2020-05-31,1,0,0,0,0.07142857142857142,0.0,,0.0
Lajeado,2020-06-01,1,0,0,0,0.07142857142857142,0.0,,0.0
Lajeado,2020-06-02,1,0,0,0,0.07142857142857142,0.0,,0.0
Lajeado,2020-06-03,1,0,0,0,0.07142857142857142,0.0,,0.0
Lajeado,2020-06-04,1,0,0,0,0.0,0.0,,0.0
Lajeado,2020-06-05,1,0,0,0,0.0,0.0,,0.0
Lajeado,2020-06-06,1,0,0,0,0.0,0.0,,0.0
Lajeado,2020-06-07,1,0,0,0,0.0,0.0,,0.0
Lajeado,2020-06-08,1,0,0,0,0.0,0.0,,0.0
Lajeado,2020-06-09,1,0,0,0,0.0,0.0,,0.0
Lajeado,2020-06-10,1,0,0,0,0.0,0.0,,0.0
Lajeado,2020-06-11,1,0,0,0,0.0,0.0,,0.0
Lajeado,2020-06-12,1,0,0,0,0.0,0.0,,0.0
Lajeado,2020-06-13,1,0,0,0,0.0,0.0,,0.0
Lajeado,2020-06-14,1,0,0,0,0.0,0.0,,0.0
Lajeado,2020-06-15,1,0,0,0,0.0,0.0,,0.0
Lajeado,2020-06-16,1,0,0,0,0.0,0.0,,0.0
Lajeado,2020-06-17,1,0,0,0,0.0,0.0,,0.0
Lajeado,2020-06-18,1,0,0,0,0.0,0.0,,0.0
Lajeado,2020-06-19,1,0,0,0,0.0,0.0,,0.0
Lajeado,2020-06-20,1,0,0,0,0.0,0.0,,0.0
Lajeado,2020-06-21,1,0,0,0,0.0,0.0,,0.0
Lajeado,2020-06-22,1,0,0,0,0.0,0.0,,0.0
Lajeado,2020-06-23,1,0,0,0,0.0,0.0,,0.0
Lajeado,2020-06-24,1,0,1,1,0.0,0.07142857142857142,inf,0.0
Lajeado,2020-06-25,1,0,0,-1,0.0,0.0,,0.0
Lajeado,2020-06-26,1,0,0,0,0.0,0.0,,0.0
Lajeado,2020-06-27,1,0,0,0,0.0,0.0,,0.0
Lajeado,2020-06-28,1,0,0,0,0.0,0.0,,0.0
Lajeado,2020-06-29,1,0,0,0,0.0,0.0,,0.0
Lajeado,2020-06-30,1,0,0,0,0.0,0.0,,0.0
Lajeado,2020-07-01,1,0,0,0,0.0,0.0,,0.0
Lajeado,2020-07-02,1,0,0,0,0.0,0.0,,0.0
Lajeado,2020-07-03,2,1,0,0,0.07142857142857142,0.0,,0.3010299956639812
Lajeado,2020-07-04,2,0,0,0,0.07142857142857142,0.0,,0.3010299956639812
Lajeado,2020-07-05,2,0,0,0,0.07142857142857142,0.0,,0.3010299956639812
Lajeado,2020-07-06,2,0,0,0,0.07142857142857142,0.0,,0.3010299956639812
Lajeado,2020-07-07,4,2,0,0,0.21428571428571427,0.0,,0.6020599913279624
Lajeado,2020-07-08,4,0,0,0,0.21428571428571427,-0.07142857142857142,-2.0,0.6020599913279624
Lajeado,2020-07-09,5,1,0,0,0.2857142857142857,0.0,,0.6989700043360189
Lajeado,2020-07-10,4,-1,0,0,0.21428571428571427,0.0,,0.6020599913279624
Lajeado,2020-07-11,4,0,0,0,0.21428571428571427,0.0,,0.6020599913279624
Lajeado,2020-07-12,4,0,0,0,0.21428571428571427,0.0,,0.6020599913279624
Lajeado,2020-07-13,4,0,0,0,0.21428571428571427,0.0,,0.6020599913279624
Lajeado,2020-07-14,4,0,0,0,0.21428571428571427,0.0,,0.6020599913279624
Lajeado,2020-07-15,4,0,0,0,0.21428571428571427,0.0,,0.6020599913279624
Lajeado,2020-07-16,4,0,0,0,0.21428571428571427,0.0,,0.6020599913279624
Lajeado,2020-07-17,4,0,0,0,0.14285714285714285,0.0,,0.6020599913279624
Lajeado,2020-07-18,4,0,0,0,0.14285714285714285,0.0,,0.6020599913279624
Lajeado,2020-07-19,4,0,0,0,0.14285714285714285,0.0,,0.6020599913279624
Lajeado,2020-07-20,4,0,0,0,0.14285714285714285,0.0,,0.6020599913279624
Lajeado,2020-07-21,4,0,0,0,0.0,0.0,,0.6020599913279624
Lajeado,2020-07-22,4,0,0,0,0.0,0.0,-1.0,0.6020599913279624
Lajeado,2020-07-23,5,1,0,0,0.0,0.0,,0.6989700043360189
Lajeado,2020-07-24,6,1,0,0,0.14285714285714285,0.0,,0.7781512503836436
Lajeado,2020-07-25,6,0,0,0,0.14285714285714285,0.0,,0.7781512503836436
Lajeado,2020-07-26,6,0,0,0,0.14285714285714285,0.0,,0.7781512503836436
Lajeado,2020-07-27,6,0,0,0,0.14285714285714285,0.0,,0.7781512503836436
Lajeado,2020-07-28,6,0,0,0,0.14285714285714285,0.0,,0.7781512503836436
Lajeado,2020-07-29,6,0,0,0,0.14285714285714285,0.0,,0.7781512503836436
Lajeado,2020-07-30,6,0,0,0,0.14285714285714285,0.0,,0.7781512503836436
Lajeado,2020-07-31,6,0,0,0,0.14285714285714285,0.0,,0.7781512503836436
Lajeado,2020-08-01,6,0,0,0,0.14285714285714285,0.0,,0.7781512503836436
Lajeado,2020-08-02,6,0,0,0,0.14285714285714285,0.0,,0.7781512503836436
Lajeado,2020-08-03,6,0,0,0,0.14285714285714285,0.0,,0.7781512503836436
Lajeado,2020-08-04,7,1,0,0,0.21428571428571427,0.0,,0.8450980400142568
Lajeado,2020-08-05,7,0,0,0,0.21428571428571427,0.0,,0.8450980400142568
Lajeado,2020-08-06,9,2,0,0,0.2857142857142857,0.0,,0.9542425094393249
Lajeado,2020-08-07,9,0,0,0,0.21428571428571427,0.0,,0.9542425094393249
Lajeado,2020-08-08,9,0,0,0,0.21428571428571427,0.0,,0.9542425094393249
Lajeado,2020-08-09,9,0,0,0,0.21428571428571427,0.0,,0.9542425094393249
Lajeado,2020-08-10,10,1,0,0,0.2857142857142857,0.0,,1.0
Lajeado,2020-08-11,15,5,0,0,0.6428571428571429,0.0,,1.1760912590556813
Lajeado,2020-08-12,16,1,0,0,0.7142857142857143,0.0,,1.2041199826559248
Lajeado,2020-08-13,20,4,0,0,1.0,0.0,,1.3010299956639813
Lajeado,2020-08-14,26,6,0,0,1.4285714285714286,0.0,,1.414973347970818
Lajeado,2020-08-15,32,6,0,0,1.8571428571428572,0.0,,1.505149978319906
Lajeado,2020-08-16,32,0,0,0,1.8571428571428572,0.0,,1.505149978319906
Lajeado,2020-08-17,32,0,0,0,1.8571428571428572,0.0,,1.505149978319906
Lajeado,2020-08-18,32,0,0,0,1.7857142857142858,0.0,,1.505149978319906
Lajeado,2020-08-19,34,2,0,0,1.9285714285714286,0.0,,1.5314789170422551
Lajeado,2020-08-20,34,0,0,0,1.7857142857142858,0.0,,1.5314789170422551
Lajeado,2020-08-21,33,-1,0,0,1.7142857142857142,0.0,,1.5185139398778875
Lajeado,2020-08-22,33,0,0,0,1.7142857142857142,0.0,,1.5185139398778875
Lajeado,2020-08-23,33,0,0,0,1.7142857142857142,0.0,,1.5185139398778875
Lajeado,2020-08-24,33,0,0,0,1.6428571428571428,0.0,,1.5185139398778875
Lajeado,2020-08-25,34,1,0,0,1.3571428571428572,0.0,,1.5314789170422551
Lajeado,2020-08-26,35,1,0,0,1.3571428571428572,0.0,,1.5440680443502757
Lajeado,2020-08-27,35,0,0,0,1.0714285714285714,0.0,,1.5440680443502757
Lajeado,2020-08-28,35,0,0,0,0.6428571428571429,0.0,,1.5440680443502757
Lajeado,2020-08-29,35,0,0,0,0.21428571428571427,0.0,,1.5440680443502757
Lajeado,2020-08-30,35,0,0,0,0.21428571428571427,0.0,,1.5440680443502757
Lajeado,2020-08-31,35,0,0,0,0.21428571428571427,0.0,,1.5440680443502757
Lajeado,2020-09-01,34,-1,0,0,0.14285714285714285,0.0,,1.5314789170422551
Lajeado,2020-09-02,37,3,0,0,0.21428571428571427,0.0,,1.568201724066995
Lajeado,2020-09-03,39,2,0,0,0.35714285714285715,0.0,,1.591064607026499
Lajeado,2020-09-04,41,2,0,0,0.5714285714285714,0.0,,1.6127838567197355
Lajeado,2020-09-05,41,0,0,0,0.5714285714285714,0.0,,1.6127838567197355
Lajeado,2020-09-06,42,1,0,0,0.6428571428571429,0.0,,1.6232492903979006
Lajeado,2020-09-07,42,0,0,0,0.6428571428571429,0.0,,1.6232492903979006
Lajeado,2020-09-08,42,0,0,0,0.5714285714285714,0.0,,1.6232492903979006
Lajeado,2020-09-09,42,0,0,0,0.5,0.0,,1.6232492903979006
Lajeado,2020-09-10,43,1,0,0,0.5714285714285714,0.0,,1.6334684555795866
Lajeado,2020-09-11,43,0,0,0,0.5714285714285714,0.0,,1.6334684555795866
Lajeado,2020-09-12,43,0,0,0,0.5714285714285714,0.0,,1.6334684555795866
Lajeado,2020-09-13,43,0,0,0,0.5714285714285714,0.0,,1.6334684555795866
Lajeado,2020-09-14,43,0,0,0,0.5714285714285714,0.0,,1.6334684555795866
Lajeado,2020-09-15,45,2,0,0,0.7857142857142857,0.0,,1.6532125137753437
Lajeado,2020-09-16,45,0,0,0,0.5714285714285714,0.0,,1.6532125137753437
Lajeado,2020-09-17,47,2,0,0,0.5714285714285714,0.0,,1.6720978579357175
Lajeado,2020-09-18,47,0,0,0,0.42857142857142855,0.0,,1.6720978579357175
Lajeado,2020-09-19,51,4,0,0,0.7142857142857143,0.0,,1.7075701760979363
Lajeado,2020-09-20,51,0,0,0,0.6428571428571429,0.0,,1.7075701760979363
Lajeado,2020-09-21,51,0,0,0,0.6428571428571429,0.0,,1.7075701760979363
Lajeado,2020-09-22,53,2,0,0,0.7857142857142857,0.0,,1.7242758696007892
Lajeado,2020-09-23,53,0,0,0,0.7857142857142857,0.0,,1.7242758696007892
Lajeado,2020-09-24,53,0,0,0,0.7142857142857143,0.0,,1.7242758696007892
Lajeado,2020-09-25,55,2,0,0,0.8571428571428571,0.0,,1.7403626894942439
Lajeado,2020-09-26,55,0,0,0,0.8571428571428571,0.0,,1.7403626894942439
Lajeado,2020-09-27,55,0,0,0,0.8571428571428571,0.0,,1.7403626894942439
Lajeado,2020-09-28,55,0,0,0,0.8571428571428571,0.0,,1.7403626894942439
Lajeado,2020-09-29,55,0,0,0,0.7142857142857143,0.0,,1.7403626894942439
Lajeado,2020-09-30,55,0,0,0,0.7142857142857143,0.0,,1.7403626894942439
Lajeado,2020-10-01,55,0,0,0,0.5714285714285714,0.0,,1.7403626894942439
Lajeado,2020-10-02,55,0,0,0,0.5714285714285714,0.0,,1.7403626894942439
Lajeado,2020-10-03,57,2,0,0,0.42857142857142855,0.0,,1.7558748556724915
Lajeado,2020-10-04,57,0,0,0,0.42857142857142855,0.0,,1.7558748556724915
Lajeado,2020-10-05,57,0,0,0,0.42857142857142855,0.0,,1.7558748556724915
Lajeado,2020-10-06,57,0,0,0,0.2857142857142857,0.0,,1.7558748556724915
Lajeado,2020-10-07,57,0,0,0,0.2857142857142857,0.0,,1.7558748556724915
Lajeado,2020-10-08,57,0,0,0,0.2857142857142857,0.0,,1.7558748556724915
Lajeado,2020-10-09,58,1,0,0,0.21428571428571427,0.0,,1.7634279935629373
Lajeado,2020-10-10,58,0,0,0,0.21428571428571427,0.0,,1.7634279935629373
Lajeado,2020-10-11,58,0,0,0,0.21428571428571427,0.0,,1.7634279935629373
Lajeado,2020-10-12,58,0,0,0,0.21428571428571427,0.0,,1.7634279935629373
Lajeado,2020-10-13,58,0,0,0,0.21428571428571427,0.0,,1.7634279935629373
Lajeado,2020-10-14,58,0,0,0,0.21428571428571427,0.0,,1.7634279935629373
Lajeado,2020-10-15,58,0,0,0,0.21428571428571427,0.0,,1.7634279935629373
Lajeado,2020-10-16,58,0,0,0,0.21428571428571427,0.0,,1.7634279935629373
Lajeado,2020-10-17,58,0,0,0,0.07142857142857142,0.0,,1.7634279935629373
Lajeado,2020-10-18,58,0,0,0,0.07142857142857142,0.0,,1.7634279935629373
Lajeado,2020-10-19,58,0,0,0,0.07142857142857142,0.0,,1.7634279935629373
Lajeado,2020-10-20,58,0,0,0,0.07142857142857142,0.0,,1.7634279935629373
Lajeado,2020-10-21,59,1,0,0,0.14285714285714285,0.0,,1.7708520116421442
Lajeado,2020-10-22,58,-1,0,0,0.07142857142857142,0.0,,1.7634279935629373
Lajeado,2020-10-23,60,2,1,1,0.14285714285714285,0.07142857142857142,inf,1.7781512503836436
Lajeado,2020-10-24,60,0,1,0,0.14285714285714285,0.07142857142857142,inf,1.7781512503836436
Lajeado,2020-10-25,60,0,1,0,0.14285714285714285,0.07142857142857142,inf,1.7781512503836436
Lajeado,2020-10-26,60,0,1,0,0.14285714285714285,0.07142857142857142,inf,1.7781512503836436
Lajeado,2020-10-27,60,0,1,0,0.14285714285714285,0.07142857142857142,inf,1.7781512503836436
Lajeado,2020-10-28,60,0,1,0,0.14285714285714285,0.07142857142857142,inf,1.7781512503836436
Lajeado,2020-10-29,60,0,1,0,0.14285714285714285,0.07142857142857142,inf,1.7781512503836436
Lajeado,2020-10-30,60,0,1,0,0.14285714285714285,0.07142857142857142,inf,1.7781512503836436
Lajeado,2020-10-31,60,0,1,0,0.14285714285714285,0.07142857142857142,inf,1.7781512503836436
Lajeado,2020-11-01,60,0,1,0,0.14285714285714285,0.07142857142857142,inf,1.7781512503836436
Lajeado,2020-11-02,60,0,1,0,0.14285714285714285,0.07142857142857142,inf,1.7781512503836436
Lajeado,2020-11-03,60,0,1,0,0.14285714285714285,0.07142857142857142,inf,1.7781512503836436
Lajeado,2020-11-04,60,0,1,0,0.07142857142857142,0.07142857142857142,inf,1.7781512503836436
Lajeado,2020-11-05,60,0,1,0,0.14285714285714285,0.07142857142857142,inf,1.7781512503836436
Lajeado,2020-11-06,61,1,1,0,0.07142857142857142,0.0,-1.0,1.7853298350107671
Lajeado,2020-11-07,61,0,1,0,0.07142857142857142,0.0,-1.0,1.7853298350107671
Lajeado,2020-11-08,61,0,1,0,0.07142857142857142,0.0,-1.0,1.7853298350107671
Lajeado,2020-11-09,61,0,1,0,0.07142857142857142,0.0,-1.0,1.7853298350107671
Lajeado,2020-11-10,61,0,1,0,0.07142857142857142,0.0,-1.0,1.7853298350107671
Lajeado,2020-11-11,61,0,1,0,0.07142857142857142,0.0,-1.0,1.7853298350107671
Lajeado,2020-11-12,61,0,1,0,0.07142857142857142,0.0,-1.0,1.7853298350107671
Lajeado,2020-11-13,61,0,1,0,0.07142857142857142,0.0,-1.0,1.7853298350107671
Lajeado,2020-11-14,61,0,1,0,0.07142857142857142,0.0,-1.0,1.7853298350107671
Lajeado,2020-11-15,61,0,1,0,0.07142857142857142,0.0,-1.0,1.7853298350107671
Lajeado,2020-11-16,61,0,1,0,0.07142857142857142,0.0,-1.0,1.7853298350107671
Lajeado,2020-11-17,61,0,1,0,0.07142857142857142,0.0,-1.0,1.7853298350107671
Lajeado,2020-11-18,61,0,1,0,0.07142857142857142,0.0,-1.0,1.7853298350107671
Lajeado,2020-11-19,61,0,1,0,0.07142857142857142,0.0,-1.0,1.7853298350107671
Lajeado,2020-11-20,62,1,1,0,0.07142857142857142,0.0,,1.792391689498254
Lajeado,2020-11-21,62,0,1,0,0.07142857142857142,0.0,,1.792391689498254
Lajeado,2020-11-22,62,0,1,0,0.07142857142857142,0.0,,1.792391689498254
Lajeado,2020-11-23,62,0,1,0,0.07142857142857142,0.0,,1.792391689498254
Lajeado,2020-11-24,62,0,1,0,0.07142857142857142,0.0,,1.792391689498254
Lajeado,2020-11-25,62,0,1,0,0.07142857142857142,0.0,,1.792391689498254
Lajeado,2020-11-26,62,0,1,0,0.07142857142857142,0.0,,1.792391689498254
Lajeado,2020-11-27,62,0,1,0,0.07142857142857142,0.0,,1.792391689498254
Lajeado,2020-11-28,62,0,1,0,0.07142857142857142,0.0,,1.792391689498254
Lajeado,2020-11-29,62,0,1,0,0.07142857142857142,0.0,,1.792391689498254
Lajeado,2020-11-30,62,0,1,0,0.07142857142857142,0.0,,1.792391689498254
Lajeado,2020-12-01,62,0,1,0,0.07142857142857142,0.0,,1.792391689498254
Lajeado,2020-12-02,62,0,1,0,0.07142857142857142,0.0,,1.792391689498254
Lajeado,2020-12-03,62,0,1,0,0.07142857142857142,0.0,,1.792391689498254
Lajeado,2020-12-04,63,1,1,0,0.07142857142857142,0.0,,1.7993405494535817
Lajeado,2020-12-05,65,2,1,0,0.21428571428571427,0.0,,1.8129133566428555
Lajeado,2020-12-06,65,0,1,0,0.21428571428571427,0.0,,1.8129133566428555
Lajeado,2020-12-07,65,0,1,0,0.21428571428571427,0.0,,1.8129133566428555
Lajeado,2020-12-08,66,1,1,0,0.2857142857142857,0.0,,1.8195439355418688
Lajeado,2020-12-09,67,1,2,1,0.35714285714285715,0.07142857142857142,inf,1.8260748027008264
Lajeado,2020-12-10,67,0,2,0,0.35714285714285715,0.07142857142857142,inf,1.8260748027008264
Lajeado,2020-12-11,67,0,2,0,0.35714285714285715,0.07142857142857142,inf,1.8260748027008264
Lajeado,2020-12-12,67,0,2,0,0.35714285714285715,0.07142857142857142,inf,1.8260748027008264
Lajeado,2020-12-13,67,0,2,0,0.35714285714285715,0.07142857142857142,inf,1.8260748027008264
Lajeado,2020-12-14,67,0,2,0,0.35714285714285715,0.07142857142857142,inf,1.8260748027008264
Lajeado,2020-12-15,67,0,2,0,0.35714285714285715,0.07142857142857142,inf,1.8260748027008264
Lajeado,2020-12-16,67,0,2,0,0.35714285714285715,0.07142857142857142,inf,1.8260748027008264
Lajeado,2020-12-17,67,0,2,0,0.35714285714285715,0.07142857142857142,inf,1.8260748027008264
Lajeado,2020-12-18,68,1,2,0,0.35714285714285715,0.07142857142857142,inf,1.8325089127062364
Lajeado,2020-12-19,68,0,2,0,0.21428571428571427,0.07142857142857142,inf,1.8325089127062364
Lajeado,2020-12-20,68,0,2,0,0.21428571428571427,0.07142857142857142,inf,1.8325089127062364
Lajeado,2020-12-21,68,0,2,0,0.21428571428571427,0.07142857142857142,inf,1.8325089127062364
Lajeado,2020-12-22,68,0,2,0,0.14285714285714285,0.07142857142857142,inf,1.8325089127062364
Lajeado,2020-12-23,68,0,2,0,0.07142857142857142,0.0,-1.0,1.8325089127062364
Lajeado,2020-12-24,70,2,2,0,0.21428571428571427,0.0,-1.0,1.845098040014257
Lajeado,2020-12-25,70,0,2,0,0.21428571428571427,0.0,-1.0,1.845098040014257
Lajeado,2020-12-26,70,0,2,0,0.21428571428571427,0.0,-1.0,1.845098040014257
Lajeado,2020-12-27,70,0,2,0,0.21428571428571427,0.0,-1.0,1.845098040014257
Lajeado,2020-12-28,70,0,2,0,0.21428571428571427,0.0,-1.0,1.845098040014257
Lajeado,2020-12-29,70,0,2,0,0.21428571428571427,0.0,-1.0,1.845098040014257
Lajeado,2020-12-30,70,0,2,0,0.21428571428571427,0.0,-1.0,1.845098040014257
Lajeado,2020-12-31,70,0,2,0,0.21428571428571427,0.0,-1.0,1.845098040014257
Lajeado,2021-01-01,70,0,2,0,0.14285714285714285,0.0,-1.0,1.845098040014257
Lajeado,2021-01-02,70,0,2,0,0.14285714285714285,0.0,-1.0,1.845098040014257
Lajeado,2021-01-03,70,0,2,0,0.14285714285714285,0.0,-1.0,1.845098040014257
Lajeado,2021-01-04,70,0,2,0,0.14285714285714285,0.0,-1.0,1.845098040014257
Lajeado,2021-01-05,70,0,2,0,0.14285714285714285,0.0,-1.0,1.845098040014257
Lajeado,2021-01-06,70,0,2,0,0.14285714285714285,0.0,,1.845098040014257
Lajeado,2021-01-07,70,0,2,0,0.0,0.0,,1.845098040014257
Lajeado,2021-01-08,70,0,2,0,0.0,0.0,,1.845098040014257
Lajeado,2021-01-09,70,0,2,0,0.0,0.0,,1.845098040014257
Lajeado,2021-01-10,70,0,2,0,0.0,0.0,,1.845098040014257
Lajeado,2021-01-11,70,0,2,0,0.0,0.0,,1.845098040014257
Lajeado,2021-01-12,70,0,2,0,0.0,0.0,,1.845098040014257
Lajeado,2021-01-13,70,0,2,0,0.0,0.0,,1.845098040014257
Lajeado,2021-01-14,70,0,2,0,0.0,0.0,,1.845098040014257
Lajeado,2021-01-15,70,0,2,0,0.0,0.0,,1.845098040014257
Lajeado,2021-01-16,70,0,2,0,0.0,0.0,,1.845098040014257
Lajeado,2021-01-17,70,0,2,0,0.0,0.0,,1.845098040014257
Lajeado,2021-01-18,71,1,2,0,0.07142857142857142,0.0,,1.8512583487190752
Lajeado,2021-01-19,71,0,2,0,0.07142857142857142,0.0,,1.8512583487190752
Lajeado,2021-01-20,71,0,2,0,0.07142857142857142,0.0,,1.8512583487190752
Itacajá,2020-03-27,0,0,0,0,,,,0.0
Itacajá,2020-03-28,0,0,0,0,,,,0.0
Itacajá,2020-03-29,0,0,0,0,,,,0.0
Itacajá,2020-03-30,0,0,0,0,,,,0.0
Itacajá,2020-03-31,0,0,0,0,,,,0.0
Itacajá,2020-04-01,0,0,0,0,,,,0.0
Itacajá,2020-04-02,0,0,0,0,,,,0.0
Itacajá,2020-04-03,0,0,0,0,,,,0.0
Itacajá,2020-04-04,0,0,0,0,,,,0.0
Itacajá,2020-04-05,0,0,0,0,,,,0.0
Itacajá,2020-04-06,0,0,0,0,,,,0.0
Itacajá,2020-04-07,0,0,0,0,,,,0.0
Itacajá,2020-04-08,0,0,0,0,,,,0.0
Itacajá,2020-04-09,0,0,0,0,0.0,0.0,,0.0
Itacajá,2020-04-10,0,0,0,0,0.0,0.0,,0.0
Itacajá,2020-04-11,0,0,0,0,0.0,0.0,,0.0
Itacajá,2020-04-12,0,0,0,0,0.0,0.0,,0.0
Itacajá,2020-04-13,0,0,0,0,0.0,0.0,,0.0
Itacajá,2020-04-14,0,0,0,0,0.0,0.0,,0.0
Itacajá,2020-04-15,0,0,0,0,0.0,0.0,,0.0
Itacajá,2020-04-16,0,0,0,0,0.0,0.0,,0.0
Itacajá,2020-04-17,0,0,0,0,0.0,0.0,,0.0
Itacajá,2020-04-18,0,0,0,0,0.0,0.0,,0.0
Itacajá,2020-04-19,0,0,0,0,0.0,0.0,,0.0
Itacajá,2020-04-20,0,0,0,0,0.0,0.0,,0.0
Itacajá,2020-04-21,0,0,0,0,0.0,0.0,,0.0
Itacajá,2020-04-22,0,0,0,0,0.0,0.0,,0.0
Itacajá,2020-04-23,0,0,0,0,0.0,0.0,,0.0
Itacajá,2020-04-24,0,0,0,0,0.0,0.0,,0.0
Itacajá,2020-04-25,0,0,0,0,0.0,0.0,,0.0
Itacajá,2020-04-26,0,0,0,0,0.0,0.0,,0.0
Itacajá,2020-04-27,0,0,0,0,0.0,0.0,,0.0
Itacajá,2020-04-28,0,0,0,0,0.0,0.0,,0.0
Itacajá,2020-04-29,0,0,0,0,0.0,0.0,,0.0
Itacajá,2020-04-30,0,0,0,0,0.0,0.0,,0.0
Itacajá,2020-05-01,0,0,0,0,0.0,0.0,,0.0
Itacajá,2020-05-02,0,0,0,0,0.0,0.0,,0.0
Itacajá,2020-05-03,0,0,0,0,0.0,0.0,,0.0
Itacajá,2020-05-04,0,0,0,0,0.0,0.0,,0.0
Itacajá,2020-05-05,0,0,0,0,0.0,0.0,,0.0
Itacajá,2020-05-06,0,0,0,0,0.0,0.0,,0.0
Itacajá,2020-05-07,0,0,0,0,0.0,0.0,,0.0
Itacajá,2020-05-08,0,0,0,0,0.0,0.0,,0.0
Itacajá,2020-05-09,0,0,0,0,0.0,0.0,,0.0
Itacajá,2020-05-10,0,0,0,0,0.0,0.0,,0.0
Itacajá,2020-05-11,0,0,0,0,0.0,0.0,,0.0
Itacajá,2020-05-12,0,0,0,0,0.0,0.0,,0.0
Itacajá,2020-05-13,0,0,0,0,0.0,0.0,,0.0
Itacajá,2020-05-14,0,0,0,0,0.0,0.0,,0.0
Itacajá,2020-05-15,0,0,0,0,0.0,0.0,,0.0
Itacajá,2020-05-16,0,0,0,0,0.0,0.0,,0.0
Itacajá,2020-05-17,0,0,0,0,0.0,0.0,,0.0
Itacajá,2020-05-18,0,0,0,0,0.0,0.0,,0.0
Itacajá,2020-05-19,0,0,0,0,0.0,0.0,,0.0
Itacajá,2020-05-20,0,0,0,0,0.0,0.0,,0.0
Itacajá,2020-05-21,0,0,0,0,0.0,0.0,,0.0
Itacajá,2020-05-22,0,0,0,0,0.0,0.0,,0.0
Itacajá,2020-05-23,0,0,0,0,0.0,0.0,,0.0
Itacajá,2020-05-24,0,0,0,0,0.0,0.0,,0.0
Itacajá,2020-05-25,0,0,0,0,0.0,0.0,,0.0
Itacajá,2020-05-26,0,0,0,0,0.0,0.0,,0.0
Itacajá,2020-05-27,0,0,0,0,0.0,0.0,,0.0
Itacajá,2020-05-28,0,0,0,0,0.0,0.0,,0.0
Itacajá,2020-05-29,0,0,0,0,0.0,0.0,,0.0
Itacajá,2020-05-30,0,0,0,0,0.0,0.0,,0.0
Itacajá,2020-05-31,0,0,0,0,0.0,0.0,,0.0
Itacajá,2020-06-01,0,0,0,0,0.0,0.0,,0.0
Itacajá,2020-06-02,0,0,0,0,0.0,0.0,,0.0
Itacajá,2020-06-03,0,0,0,0,0.0,0.0,,0.0
Itacajá,2020-06-04,0,0,0,0,0.0,0.0,,0.0
Itacajá,2020-06-05,0,0,0,0,0.0,0.0,,0.0
Itacajá,2020-06-06,0,0,0,0,0.0,0.0,,0.0
Itacajá,2020-06-07,0,0,0,0,0.0,0.0,,0.0
Itacajá,2020-06-08,0,0,0,0,0.0,0.0,,0.0
Itacajá,2020-06-09,0,0,0,0,0.0,0.0,,0.0
Itacajá,2020-06-10,0,0,0,0,0.0,0.0,,0.0
Itacajá,2020-06-11,0,0,0,0,0.0,0.0,,0.0
Itacajá,2020-06-12,0,0,0,0,0.0,0.0,,0.0
Itacajá,2020-06-13,2,2,0,0,0.14285714285714285,0.0,,0.3010299956639812
Itacajá,2020-06-14,2,0,0,0,0.14285714285714285,0.0,,0.3010299956639812
Itacajá,2020-06-15,2,0,0,0,0.14285714285714285,0.0,,0.3010299956639812
Itacajá,2020-06-16,2,0,0,0,0.14285714285714285,0.0,,0.3010299956639812
Itacajá,2020-06-17,1,-1,0,0,0.07142857142857142,0.0,,0.0
Itacajá,2020-06-18,1,0,0,0,0.07142857142857142,0.0,,0.0
Itacajá,2020-06-19,1,0,0,0,0.07142857142857142,0.0,,0.0
Itacajá,2020-06-20,1,0,0,0,0.07142857142857142,0.0,,0.0
Itacajá,2020-06-21,1,0,0,0,0.07142857142857142,0.0,,0.0
Itacajá,2020-06-22,1,0,0,0,0.07142857142857142,0.0,,0.0
Itacajá,2020-06-23,1,0,0,0,0.07142857142857142,0.0,,0.0
Itacajá,2020-06-24,1,0,1,1,0.07142857142857142,0.07142857142857142,inf,0.0
Itacajá,2020-06-25,1,0,0,-1,0.07142857142857142,0.0,,0.0
Itacajá,2020-06-26,1,0,0,0,0.07142857142857142,0.0,,0.0
Itacajá,2020-06-27,1,0,0,0,-0.07142857142857142,0.0,,0.0
Itacajá,2020-06-28,1,0,0,0,-0.07142857142857142,0.0,,0.0
Itacajá,2020-06-29,1,0,0,0,-0.07142857142857142,0.0,,0.0
Itacajá,2020-06-30,2,1,0,0,0.0,0.0,,0.3010299956639812
Itacajá,2020-07-01,2,0,0,0,0.07142857142857142,0.0,,0.3010299956639812
Itacajá,2020-07-02,2,0,0,0,0.07142857142857142,0.0,,0.3010299956639812
Itacajá,2020-07-03,2,0,0,0,0.07142857142857142,0.0,,0.3010299956639812
Itacajá,2020-07-04,2,0,0,0,0.07142857142857142,0.0,,0.3010299956639812
Itacajá,2020-07-05,3,1,0,0,0.14285714285714285,0.0,,0.47712125471966244
Itacajá,2020-07-06,3,0,0,0,0.14285714285714285,0.0,,0.47712125471966244
Itacajá,2020-07-07,2,-1,0,0,0.07142857142857142,0.0,,0.3010299956639812
Itacajá,2020-07-08,2,0,0,0,0.07142857142857142,-0.07142857142857142,-2.0,0.3010299956639812
Itacajá,2020-07-09,2,0,0,0,0.07142857142857142,0.0,,0.3010299956639812
Itacajá,2020-07-10,2,0,0,0,0.07142857142857142,0.0,,0.3010299956639812
Itacajá,2020-07-11,2,0,0,0,0.07142857142857142,0.0,,0.3010299956639812
Itacajá,2020-07-12,1,-1,0,0,0.0,0.0,,0.0
Itacajá,2020-07-13,1,0,0,0,0.0,0.0,,0.0
Itacajá,2020-07-14,3,2,0,0,0.07142857142857142,0.0,,0.47712125471966244
Itacajá,2020-07-15,3,0,0,0,0.07142857142857142,0.0,,0.47712125471966244
Itacajá,2020-07-16,4,1,0,0,0.14285714285714285,0.0,,0.6020599913279624
Itacajá,2020-07-17,6,2,0,0,0.2857142857142857,0.0,,0.7781512503836436
Itacajá,2020-07-18,7,1,0,0,0.35714285714285715,0.0,,0.8450980400142568
Itacajá,2020-07-19,7,0,0,0,0.2857142857142857,0.0,,0.8450980400142568
Itacajá,2020-07-20,7,0,0,0,0.2857142857142857,0.0,,0.8450980400142568
Itacajá,2020-07-21,7,0,0,0,0.35714285714285715,0.0,,0.8450980400142568
Itacajá,2020-07-22,7,0,0,0,0.35714285714285715,0.0,-1.0,0.8450980400142568
Itacajá,2020-07-23,11,4,0,0,0.6428571428571429,0.0,,1.041392685158225
Itacajá,2020-07-24,11,0,0,0,0.6428571428571429,0.0,,1.041392685158225
Itacajá,2020-07-25,11,0,0,0,0.6428571428571429,0.0,,1.041392685158225
Itacajá,2020-07-26,11,0,0,0,0.7142857142857143,0.0,,1.041392685158225
Itacajá,2020-07-27,11,0,0,0,0.7142857142857143,0.0,,1.041392685158225
Itacajá,2020-07-28,11,0,0,0,0.5714285714285714,0.0,,1.041392685158225
Itacajá,2020-07-29,18,7,0,0,1.0714285714285714,0.0,,1.255272505103306
Itacajá,2020-07-30,18,0,0,0,1.0,0.0,,1.255272505103306
Itacajá,2020-07-31,18,0,0,0,0.8571428571428571,0.0,,1.255272505103306
Itacajá,2020-08-01,19,1,0,0,0.8571428571428571,0.0,,1.2787536009528289
Itacajá,2020-08-02,37,18,0,0,2.142857142857143,0.0,,1.568201724066995
Itacajá,2020-08-03,37,0,0,0,2.142857142857143,0.0,,1.568201724066995
Itacajá,2020-08-04,44,7,0,0,2.642857142857143,0.0,,1.6434526764861874
Itacajá,2020-08-05,48,4,0,0,2.9285714285714284,0.0,,1.6812412373755872
Itacajá,2020-08-06,49,1,0,0,2.7142857142857144,0.0,,1.6901960800285136
Itacajá,2020-08-07,50,1,0,0,2.7857142857142856,0.0,,1.6989700043360187
Itacajá,2020-08-08,56,6,0,0,3.2142857142857144,0.0,,1.7481880270062005
Itacajá,2020-08-09,56,0,0,0,3.2142857142857144,0.0,,1.7481880270062005
Itacajá,2020-08-10,58,2,0,0,3.357142857142857,0.0,,1.7634279935629373
Itacajá,2020-08-11,59,1,0,0,3.4285714285714284,0.0,,1.7708520116421442
Itacajá,2020-08-12,66,7,0,0,3.4285714285714284,0.0,,1.8195439355418688
Itacajá,2020-08-13,71,5,0,0,3.7857142857142856,0.0,,1.8512583487190752
Itacajá,2020-08-14,79,8,0,0,4.357142857142857,0.0,,1.8976270912904414
Itacajá,2020-08-15,87,8,0,0,4.857142857142857,0.0,,1.9395192526186185
Itacajá,2020-08-16,89,2,0,0,3.7142857142857144,0.0,,1.9493900066449128
Itacajá,2020-08-17,89,0,0,0,3.7142857142857144,0.0,,1.9493900066449128
Itacajá,2020-08-18,89,0,0,0,3.2142857142857144,0.0,,1.9493900066449128
Itacajá,2020-08-19,114,25,0,0,4.714285714285714,0.0,,2.0569048513364727
Itacajá,2020-08-20,123,9,0,0,5.285714285714286,0.0,,2.089905111439398
Itacajá,2020-08-21,130,7,0,0,5.714285714285714,0.0,,2.113943352306837
Itacajá,2020-08-22,139,9,0,0,5.928571428571429,0.0,,2.143014800254095
Itacajá,2020-08-23,154,15,0,0,7.0,0.0,,2.187520720836463
Itacajá,2020-08-24,160,6,0,0,7.285714285714286,0.0,,2.204119982655925
Itacajá,2020-08-25,191,31,1,1,9.428571428571429,0.07142857142857142,inf,2.2810333672477277
Itacajá,2020-08-26,192,1,1,0,9.0,0.07142857142857142,inf,2.2833012287035497
Itacajá,2020-08-27,227,35,4,3,11.142857142857142,0.2857142857142857,inf,2.3560258571931225
Itacajá,2020-08-28,229,2,4,0,10.714285714285714,0.2857142857142857,inf,2.359835482339888
Itacajá,2020-08-29,252,23,4,0,11.785714285714286,0.2857142857142857,inf,2.401400540781544
Itacajá,2020-08-30,252,0,4,0,11.642857142857142,0.2857142857142857,inf,2.401400540781544
Itacajá,2020-08-31,251,-1,4,0,11.571428571428571,0.2857142857142857,inf,2.399673721481038
Itacajá,2020-09-01,264,13,5,1,12.5,0.35714285714285715,inf,2.4216039268698313
Itacajá,2020-09-02,265,1,6,1,10.785714285714286,0.42857142857142855,inf,2.423245873936808
Itacajá,2020-09-03,281,16,6,0,11.285714285714286,0.42857142857142855,inf,2.44870631990508
Itacajá,2020-09-04,283,2,6,0,10.928571428571429,0.42857142857142855,inf,2.45178643552429
Itacajá,2020-09-05,290,7,7,1,10.785714285714286,0.5,inf,2.462397997898956
Itacajá,2020-09-06,290,0,7,0,9.714285714285714,0.5,inf,2.462397997898956
Itacajá,2020-09-07,290,0,7,0,9.285714285714286,0.5,inf,2.462397997898956
Itacajá,2020-09-08,290,0,7,0,7.071428571428571,0.42857142857142855,5.0,2.462397997898956
Itacajá,2020-09-09,300,10,7,0,7.714285714285714,0.42857142857142855,5.0,2.4771212547196626
Itacajá,2020-09-10,305,5,7,0,5.571428571428571,0.21428571428571427,-0.25,2.484299839346786
Itacajá,2020-09-11,312,7,7,0,5.928571428571429,0.21428571428571427,-0.25,2.494154594018443
Itacajá,2020-09-12,321,9,7,0,4.928571428571429,0.21428571428571427,-0.25,2.506505032404872
Itacajá,2020-09-13,321,0,7,0,4.928571428571429,0.21428571428571427,-0.25,2.506505032404872
Itacajá,2020-09-14,321,0,7,0,5.0,0.21428571428571427,-0.25,2.506505032404872
Itacajá,2020-09-15,328,7,7,0,4.571428571428571,0.14285714285714285,-0.6,2.515873843711679
Itacajá,2020-09-16,337,9,7,0,5.142857142857143,0.07142857142857142,-0.8333333333333333,2.5276299008713385
Itacajá,2020-09-17,358,21,7,0,5.5,0.07142857142857142,-0.8333333333333333,2.5538830266438746
Itacajá,2020-09-18,360,2,7,0,5.5,0.07142857142857142,-0.8333333333333333,2.5563025007672873
Itacajá,2020-09-19,366,6,7,0,5.428571428571429,0.0,-1.0,2.5634810853944106
Itacajá,2020-09-20,366,0,7,0,5.428571428571429,0.0,-1.0,2.5634810853944106
Itacajá,2020-09-21,366,0,7,0,5.428571428571429,0.0,-1.0,2.5634810853944106
Itacajá,2020-09-22,384,18,7,0,6.714285714285714,0.0,-1.0,2.584331224367531
Itacajá,2020-09-23,389,5,7,0,6.357142857142857,0.0,-1.0,2.5899496013257077
Itacajá,2020-09-24,402,13,7,0,6.928571428571429,0.0,-1.0,2.60422605308447
Itacajá,2020-09-25,407,5,7,0,6.785714285714286,0.0,-1.0,2.60959440922522
Itacajá,2020-09-26,408,1,7,0,6.214285714285714,0.0,-1.0,2.61066016308988
Itacajá,2020-09-27,411,3,7,0,6.428571428571429,0.0,-1.0,2.6138418218760693
Itacajá,2020-09-28,416,5,7,0,6.785714285714286,0.0,-1.0,2.6190933306267428
Itacajá,2020-09-29,419,3,7,0,6.5,0.0,-1.0,2.622214022966295
Itacajá,2020-09-30,422,3,7,0,6.071428571428571,0.0,-1.0,2.625312450961674
Itacajá,2020-10-01,434,12,7,0,5.428571428571429,0.0,-1.0,2.637489729512511
Itacajá,2020-10-02,434,0,7,0,5.285714285714286,0.0,-1.0,2.637489729512511
Itacajá,2020-10-03,435,1,7,0,4.928571428571429,0.0,,2.6384892569546374
Itacajá,2020-10-04,435,0,7,0,4.928571428571429,0.0,,2.6384892569546374
Itacajá,2020-10-05,435,0,7,0,4.928571428571429,0.0,,2.6384892569546374
Itacajá,2020-10-06,435,0,7,0,3.642857142857143,0.0,,2.6384892569546374
Itacajá,2020-10-07,437,2,7,0,3.4285714285714284,0.0,,2.640481436970422
Itacajá,2020-10-08,437,0,7,0,2.5,0.0,,2.640481436970422
Itacajá,2020-10-09,438,1,7,0,2.2142857142857144,0.0,,2.6414741105040993
Itacajá,2020-10-10,443,5,7,0,2.5,0.0,,2.6464037262230695
Itacajá,2020-10-11,443,0,7,0,2.2857142857142856,0.0,,2.6464037262230695
Itacajá,2020-10-12,443,0,7,0,1.9285714285714286,0.0,,2.6464037262230695
Itacajá,2020-10-13,443,0,7,0,1.7142857142857142,0.0,,2.6464037262230695
Itacajá,2020-10-14,446,3,7,0,1.7142857142857142,0.0,,2.649334858712142
Itacajá,2020-10-15,448,2,7,0,1.0,0.0,,2.651278013998144
Itacajá,2020-10-16,457,9,7,0,1.6428571428571428,0.0,,2.6599162000698504
Itacajá,2020-10-17,457,0,7,0,1.5714285714285714,0.0,,2.6599162000698504
Itacajá,2020-10-18,457,0,7,0,1.5714285714285714,0.0,,2.6599162000698504
Itacajá,2020-10-19,457,0,7,0,1.5714285714285714,0.0,,2.6599162000698504
Itacajá,2020-10-20,459,2,7,0,1.7142857142857142,0.0,,2.661812685537261
Itacajá,2020-10-21,459,0,7,0,1.5714285714285714,0.0,,2.661812685537261
Itacajá,2020-10-22,461,2,7,0,1.7142857142857142,0.0,,2.663700925389648
Itacajá,2020-10-23,462,1,7,0,1.7142857142857142,0.0,,2.6646419755561257
Itacajá,2020-10-24,462,0,7,0,1.3571428571428572,0.0,,2.6646419755561257
Itacajá,2020-10-25,462,0,7,0,1.3571428571428572,0.0,,2.6646419755561257
Itacajá,2020-10-26,462,0,7,0,1.3571428571428572,0.0,,2.6646419755561257
Itacajá,2020-10-27,463,1,7,0,1.4285714285714286,0.0,,2.6655809910179533
Itacajá,2020-10-28,465,2,7,0,1.3571428571428572,0.0,,2.667452952889954
Itacajá,2020-10-29,466,1,7,0,1.2857142857142858,0.0,,2.66838591669
Itacajá,2020-10-30,466,0,7,0,0.6428571428571429,0.0,,2.66838591669
Itacajá,2020-10-31,466,0,7,0,0.6428571428571429,0.0,,2.66838591669
Itacajá,2020-11-01,466,0,7,0,0.6428571428571429,0.0,,2.66838591669
Itacajá,2020-11-02,466,0,7,0,0.6428571428571429,0.0,,2.66838591669
Itacajá,2020-11-03,466,0,7,0,0.5,0.0,,2.66838591669
Itacajá,2020-11-04,469,3,7,0,0.7142857142857143,0.0,,2.6711728427150834
Itacajá,2020-11-05,471,2,7,0,0.7142857142857143,0.0,,2.673020907128896
Itacajá,2020-11-06,471,0,7,0,0.6428571428571429,0.0,,2.673020907128896
Itacajá,2020-11-07,471,0,7,0,0.6428571428571429,0.0,,2.673020907128896
Itacajá,2020-11-08,471,0,7,0,0.6428571428571429,0.0,,2.673020907128896
Itacajá,2020-11-09,471,0,7,0,0.6428571428571429,0.0,,2.673020907128896
Itacajá,2020-11-10,471,0,7,0,0.5714285714285714,0.0,,2.673020907128896
Itacajá,2020-11-11,471,0,7,0,0.42857142857142855,0.0,,2.673020907128896
Itacajá,2020-11-12,471,0,7,0,0.35714285714285715,0.0,,2.673020907128896
Itacajá,2020-11-13,471,0,7,0,0.35714285714285715,0.0,,2.673020907128896
Itacajá,2020-11-14,471,0,7,0,0.35714285714285715,0.0,,2.673020907128896
Itacajá,2020-11-15,471,0,7,0,0.35714285714285715,0.0,,2.673020907128896
Itacajá,2020-11-16,471,0,7,0,0.35714285714285715,0.0,,2.673020907128896
Itacajá,2020-11-17,479,8,7,0,0.9285714285714286,0.0,,2.680335513414563
Itacajá,2020-11-18,481,2,7,0,0.8571428571428571,0.0,,2.682145076373832
Itacajá,2020-11-19,481,0,7,0,0.7142857142857143,0.0,,2.682145076373832
Itacajá,2020-11-20,488,7,7,0,1.2142857142857142,0.0,,2.6884198220027105
Itacajá,2020-11-21,488,0,7,0,1.2142857142857142,0.0,,2.6884198220027105
Itacajá,2020-11-22,488,0,7,0,1.2142857142857142,0.0,,2.6884198220027105
Itacajá,2020-11-23,488,0,7,0,1.2142857142857142,0.0,,2.6884198220027105
Itacajá,2020-11-24,490,2,7,0,1.3571428571428572,0.0,,2.690196080028514
Itacajá,2020-11-25,491,1,7,0,1.4285714285714286,0.0,,2.6910814921229687
Itacajá,2020-11-26,492,1,7,0,1.5,0.0,,2.6919651027673606
Itacajá,2020-11-27,492,0,7,0,1.5,0.0,,2.6919651027673606
Itacajá,2020-11-28,493,1,7,0,1.5714285714285714,0.0,,2.69284691927723
Itacajá,2020-11-29,493,0,7,0,1.5714285714285714,0.0,,2.69284691927723
Itacajá,2020-11-30,493,0,7,0,1.5714285714285714,0.0,,2.69284691927723
Itacajá,2020-12-01,493,0,7,0,1.0,0.0,,2.69284691927723
Itacajá,2020-12-02,497,4,7,0,1.1428571428571428,0.0,,2.6963563887333324
Itacajá,2020-12-03,497,0,7,0,1.1428571428571428,0.0,,2.6963563887333324
Itacajá,2020-12-04,498,1,7,0,0.7142857142857143,0.0,,2.6972293427597176
Itacajá,2020-12-05,498,0,7,0,0.7142857142857143,0.0,,2.6972293427597176
Itacajá,2020-12-06,498,0,7,0,0.7142857142857143,0.0,,2.6972293427597176
Itacajá,2020-12-07,498,0,7,0,0.7142857142857143,0.0,,2.6972293427597176
Itacajá,2020-12-08,498,0,7,0,0.5714285714285714,0.0,,2.6972293427597176
Itacajá,2020-12-09,501,3,7,0,0.7142857142857143,0.0,,2.699837725867246
Itacajá,2020-12-10,501,0,7,0,0.6428571428571429,0.0,,2.699837725867246
Itacajá,2020-12-11,504,3,7,0,0.8571428571428571,0.0,,2.7024305364455254
Itacajá,2020-12-12,504,0,7,0,0.7857142857142857,0.0,,2.7024305364455254
Itacajá,2020-12-13,504,0,7,0,0.7857142857142857,0.0,,2.7024305364455254
Itacajá,2020-12-14,504,0,7,0,0.7857142857142857,0.0,,2.7024305364455254
Itacajá,2020-12-15,504,0,7,0,0.7857142857142857,0.0,,2.7024305364455254
Itacajá,2020-12-16,504,0,7,0,0.5,0.0,,2.7024305364455254
Itacajá,2020-12-17,504,0,7,0,0.5,0.0,,2.7024305364455254
Itacajá,2020-12-18,504,0,7,0,0.42857142857142855,0.0,,2.7024305364455254
Itacajá,2020-12-19,506,2,7,0,0.5714285714285714,0.0,,2.7041505168397992
Itacajá,2020-12-20,506,0,7,0,0.5714285714285714,0.0,,2.7041505168397992
Itacajá,2020-12-21,506,0,7,0,0.5714285714285714,0.0,,2.7041505168397992
Itacajá,2020-12-22,508,2,7,0,0.7142857142857143,0.0,,2.7058637122839193
Itacajá,2020-12-23,510,2,7,0,0.6428571428571429,0.0,,2.7075701760979363
Itacajá,2020-12-24,513,3,7,0,0.8571428571428571,0.0,,2.7101173651118162
Itacajá,2020-12-25,513,0,7,0,0.6428571428571429,0.0,,2.7101173651118162
Itacajá,2020-12-26,513,0,7,0,0.6428571428571429,0.0,,2.7101173651118162
Itacajá,2020-12-27,513,0,7,0,0.6428571428571429,0.0,,2.7101173651118162
Itacajá,2020-12-28,513,0,7,0,0.6428571428571429,0.0,,2.7101173651118162
Itacajá,2020-12-29,516,3,7,0,0.8571428571428571,0.0,,2.7126497016272113
Itacajá,2020-12-30,518,2,8,1,1.0,0.07142857142857142,inf,2.714329759745233
Itacajá,2020-12-31,518,0,8,0,1.0,0.07142857142857142,inf,2.714329759745233
Itacajá,2021-01-01,518,0,8,0,1.0,0.07142857142857142,inf,2.714329759745233
Itacajá,2021-01-02,518,0,8,0,0.8571428571428571,0.07142857142857142,inf,2.714329759745233
Itacajá,2021-01-03,518,0,8,0,0.8571428571428571,0.07142857142857142,inf,2.714329759745233
Itacajá,2021-01-04,520,2,8,0,1.0,0.07142857142857142,inf,2.716003343634799
Itacajá,2021-01-05,523,3,8,0,1.0714285714285714,0.07142857142857142,inf,2.718501688867274
Itacajá,2021-01-06,523,0,8,0,0.9285714285714286,0.07142857142857142,inf,2.718501688867274
Itacajá,2021-01-07,524,1,8,0,0.7857142857142857,0.07142857142857142,inf,2.7193312869837265
Itacajá,2021-01-08,525,1,8,0,0.8571428571428571,0.07142857142857142,inf,2.720159303405957
Itacajá,2021-01-09,526,1,8,0,0.9285714285714286,0.07142857142857142,inf,2.7209857441537393
Itacajá,2021-01-10,526,0,8,0,0.9285714285714286,0.07142857142857142,inf,2.7209857441537393
Itacajá,2021-01-11,526,0,8,0,0.9285714285714286,0.07142857142857142,inf,2.7209857441537393
Itacajá,2021-01-12,529,3,8,0,0.9285714285714286,0.07142857142857142,inf,2.7234556720351857
Itacajá,2021-01-13,531,2,8,0,0.9285714285714286,0.0,-1.0,2.725094521081469
Itacajá,2021-01-14,531,0,8,0,0.9285714285714286,0.0,-1.0,2.725094521081469
Itacajá,2021-01-15,533,2,8,0,1.0714285714285714,0.0,-1.0,2.7267272090265724
Itacajá,2021-01-16,534,1,8,0,1.1428571428571428,0.0,-1.0,2.727541257028556
Itacajá,2021-01-17,534,0,8,0,1.1428571428571428,0.0,-1.0,2.727541257028556
Itacajá,2021-01-18,534,0,8,0,1.0,0.0,-1.0,2.727541257028556
Itacajá,2021-01-19,538,4,8,0,1.0714285714285714,0.0,-1.0,2.7307822756663893
Itacajá,2021-01-20,541,3,8,0,1.2857142857142858,0.0,-1.0,2.7331972651065692
Ipueiras,2020-03-27,0,0,0,0,,,,0.0
Ipueiras,2020-03-28,0,0,0,0,,,,0.0
Ipueiras,2020-03-29,0,0,0,0,,,,0.0
Ipueiras,2020-03-30,0,0,0,0,,,,0.0
Ipueiras,2020-03-31,0,0,0,0,,,,0.0
Ipueiras,2020-04-01,0,0,0,0,,,,0.0
Ipueiras,2020-04-02,0,0,0,0,,,,0.0
Ipueiras,2020-04-03,0,0,0,0,,,,0.0
Ipueiras,2020-04-04,0,0,0,0,,,,0.0
Ipueiras,2020-04-05,0,0,0,0,,,,0.0
Ipueiras,2020-04-06,0,0,0,0,,,,0.0
Ipueiras,2020-04-07,0,0,0,0,,,,0.0
Ipueiras,2020-04-08,0,0,0,0,,,,0.0
Ipueiras,2020-04-09,0,0,0,0,0.0,0.0,,0.0
Ipueiras,2020-04-10,0,0,0,0,0.0,0.0,,0.0
Ipueiras,2020-04-11,0,0,0,0,0.0,0.0,,0.0
Ipueiras,2020-04-12,0,0,0,0,0.0,0.0,,0.0
Ipueiras,2020-04-13,0,0,0,0,0.0,0.0,,0.0
Ipueiras,2020-04-14,0,0,0,0,0.0,0.0,,0.0
Ipueiras,2020-04-15,0,0,0,0,0.0,0.0,,0.0
Ipueiras,2020-04-16,0,0,0,0,0.0,0.0,,0.0
Ipueiras,2020-04-17,0,0,0,0,0.0,0.0,,0.0
Ipueiras,2020-04-18,0,0,0,0,0.0,0.0,,0.0
Ipueiras,2020-04-19,0,0,0,0,0.0,0.0,,0.0
Ipueiras,2020-04-20,0,0,0,0,0.0,0.0,,0.0
Ipueiras,2020-04-21,0,0,0,0,0.0,0.0,,0.0
Ipueiras,2020-04-22,0,0,0,0,0.0,0.0,,0.0
Ipueiras,2020-04-23,0,0,0,0,0.0,0.0,,0.0
Ipueiras,2020-04-24,0,0,0,0,0.0,0.0,,0.0
Ipueiras,2020-04-25,0,0,0,0,0.0,0.0,,0.0
Ipueiras,2020-04-26,0,0,0,0,0.0,0.0,,0.0
Ipueiras,2020-04-27,0,0,0,0,0.0,0.0,,0.0
Ipueiras,2020-04-28,0,0,0,0,0.0,0.0,,0.0
Ipueiras,2020-04-29,0,0,0,0,0.0,0.0,,0.0
Ipueiras,2020-04-30,0,0,0,0,0.0,0.0,,0.0
Ipueiras,2020-05-01,0,0,0,0,0.0,0.0,,0.0
Ipueiras,2020-05-02,0,0,0,0,0.0,0.0,,0.0
Ipueiras,2020-05-03,0,0,0,0,0.0,0.0,,0.0
Ipueiras,2020-05-04,0,0,0,0,0.0,0.0,,0.0
Ipueiras,2020-05-05,0,0,0,0,0.0,0.0,,0.0
Ipueiras,2020-05-06,0,0,0,0,0.0,0.0,,0.0
Ipueiras,2020-05-07,0,0,0,0,0.0,0.0,,0.0
Ipueiras,2020-05-08,0,0,0,0,0.0,0.0,,0.0
Ipueiras,2020-05-09,0,0,0,0,0.0,0.0,,0.0
Ipueiras,2020-05-10,0,0,0,0,0.0,0.0,,0.0
Ipueiras,2020-05-11,0,0,0,0,0.0,0.0,,0.0
Ipueiras,2020-05-12,0,0,0,0,0.0,0.0,,0.0
Ipueiras,2020-05-13,0,0,0,0,0.0,0.0,,0.0
Ipueiras,2020-05-14,0,0,0,0,0.0,0.0,,0.0
Ipueiras,2020-05-15,0,0,0,0,0.0,0.0,,0.0
Ipueiras,2020-05-16,0,0,0,0,0.0,0.0,,0.0
Ipueiras,2020-05-17,0,0,0,0,0.0,0.0,,0.0
Ipueiras,2020-05-18,0,0,0,0,0.0,0.0,,0.0
Ipueiras,2020-05-19,0,0,0,0,0.0,0.0,,0.0
Ipueiras,2020-05-20,0,0,0,0,0.0,0.0,,0.0
Ipueiras,2020-05-21,0,0,0,0,0.0,0.0,,0.0
Ipueiras,2020-05-22,2,2,0,0,0.14285714285714285,0.0,,0.3010299956639812
Ipueiras,2020-05-23,2,0,0,0,0.14285714285714285,0.0,,0.3010299956639812
Ipueiras,2020-05-24,2,0,0,0,0.14285714285714285,0.0,,0.3010299956639812
Ipueiras,2020-05-25,2,0,0,0,0.14285714285714285,0.0,,0.3010299956639812
Ipueiras,2020-05-26,2,0,1,1,0.14285714285714285,0.07142857142857142,inf,0.3010299956639812
Ipueiras,2020-05-27,2,0,1,0,0.14285714285714285,0.07142857142857142,inf,0.3010299956639812
Ipueiras,2020-05-28,2,0,1,0,0.14285714285714285,0.07142857142857142,inf,0.3010299956639812
Ipueiras,2020-05-29,2,0,1,0,0.14285714285714285,0.07142857142857142,inf,0.3010299956639812
Ipueiras,2020-05-30,2,0,1,0,0.14285714285714285,0.07142857142857142,inf,0.3010299956639812
Ipueiras,2020-05-31,2,0,1,0,0.14285714285714285,0.07142857142857142,inf,0.3010299956639812
Ipueiras,2020-06-01,2,0,1,0,0.14285714285714285,0.07142857142857142,inf,0.3010299956639812
Ipueiras,2020-06-02,2,0,1,0,0.14285714285714285,0.07142857142857142,inf,0.3010299956639812
Ipueiras,2020-06-03,2,0,1,0,0.14285714285714285,0.07142857142857142,inf,0.3010299956639812
Ipueiras,2020-06-04,2,0,1,0,0.14285714285714285,0.07142857142857142,inf,0.3010299956639812
Ipueiras,2020-06-05,2,0,1,0,0.0,0.07142857142857142,inf,0.3010299956639812
Ipueiras,2020-06-06,2,0,1,0,0.0,0.07142857142857142,inf,0.3010299956639812
Ipueiras,2020-06-07,2,0,1,0,0.0,0.07142857142857142,inf,0.3010299956639812
Ipueiras,2020-06-08,2,0,1,0,0.0,0.07142857142857142,inf,0.3010299956639812
Ipueiras,2020-06-09,2,0,1,0,0.0,0.0,-1.0,0.3010299956639812
Ipueiras,2020-06-10,2,0,1,0,0.0,0.0,-1.0,0.3010299956639812
Ipueiras,2020-06-11,2,0,1,0,0.0,0.0,-1.0,0.3010299956639812
Ipueiras,2020-06-12,2,0,1,0,0.0,0.0,-1.0,0.3010299956639812
Ipueiras,2020-06-13,2,0,1,0,0.0,0.0,-1.0,0.3010299956639812
Ipueiras,2020-06-14,2,0,1,0,0.0,0.0,-1.0,0.3010299956639812
Ipueiras,2020-06-15,2,0,1,0,0.0,0.0,-1.0,0.3010299956639812
Ipueiras,2020-06-16,2,0,1,0,0.0,0.0,-1.0,0.3010299956639812
Ipueiras,2020-06-17,2,0,1,0,0.0,0.0,-1.0,0.3010299956639812
Ipueiras,2020-06-18,2,0,1,0,0.0,0.0,-1.0,0.3010299956639812
Ipueiras,2020-06-19,2,0,1,0,0.0,0.0,-1.0,0.3010299956639812
Ipueiras,2020-06-20,2,0,1,0,0.0,0.0,-1.0,0.3010299956639812
Ipueiras,2020-06-21,2,0,1,0,0.0,0.0,-1.0,0.3010299956639812
Ipueiras,2020-06-22,2,0,1,0,0.0,0.0,-1.0,0.3010299956639812
Ipueiras,2020-06-23,2,0,1,0,0.0,0.0,,0.3010299956639812
Ipueiras,2020-06-24,2,0,0,-1,0.0,-0.07142857142857142,-inf,0.3010299956639812
Ipueiras,2020-06-25,2,0,1,1,0.0,0.0,,0.3010299956639812
Ipueiras,2020-06-26,2,0,1,0,0.0,0.0,,0.3010299956639812
Ipueiras,2020-06-27,2,0,1,0,0.0,0.0,,0.3010299956639812
Ipueiras,2020-06-28,2,0,1,0,0.0,0.0,,0.3010299956639812
Ipueiras,2020-06-29,2,0,1,0,0.0,0.0,,0.3010299956639812
Ipueiras,2020-06-30,3,1,1,0,0.07142857142857142,0.0,,0.47712125471966244
Ipueiras,2020-07-01,2,-1,1,0,0.0,0.0,,0.3010299956639812
Ipueiras,2020-07-02,2,0,1,0,0.0,0.0,,0.3010299956639812
Ipueiras,2020-07-03,2,0,1,0,0.0,0.0,,0.3010299956639812
Ipueiras,2020-07-04,2,0,1,0,0.0,0.0,,0.3010299956639812
Ipueiras,2020-07-05,2,0,1,0,0.0,0.0,,0.3010299956639812
Ipueiras,2020-07-06,2,0,1,0,0.0,0.0,,0.3010299956639812
Ipueiras,2020-07-07,2,0,1,0,0.0,0.0,,0.3010299956639812
Ipueiras,2020-07-08,2,0,1,0,0.0,0.07142857142857142,-2.0,0.3010299956639812
Ipueiras,2020-07-09,2,0,1,0,0.0,0.0,,0.3010299956639812
Ipueiras,2020-07-10,2,0,1,0,0.0,0.0,,0.3010299956639812
Ipueiras,2020-07-11,2,0,1,0,0.0,0.0,,0.3010299956639812
Ipueiras,2020-07-12,2,0,1,0,0.0,0.0,,0.3010299956639812
Ipueiras,2020-07-13,2,0,1,0,0.0,0.0,,0.3010299956639812
Ipueiras,2020-07-14,2,0,1,0,-0.07142857142857142,0.0,,0.3010299956639812
Ipueiras,2020-07-15,2,0,1,0,0.0,0.0,,0.3010299956639812
Ipueiras,2020-07-16,2,0,1,0,0.0,0.0,,0.3010299956639812
Ipueiras,2020-07-17,2,0,1,0,0.0,0.0,,0.3010299956639812
Ipueiras,2020-07-18,2,0,1,0,0.0,0.0,,0.3010299956639812
Ipueiras,2020-07-19,2,0,1,0,0.0,0.0,,0.3010299956639812
Ipueiras,2020-07-20,2,0,1,0,0.0,0.0,,0.3010299956639812
Ipueiras,2020-07-21,2,0,1,0,0.0,0.0,,0.3010299956639812
Ipueiras,2020-07-22,2,0,1,0,0.0,0.0,-1.0,0.3010299956639812
Ipueiras,2020-07-23,2,0,1,0,0.0,0.0,,0.3010299956639812
Ipueiras,2020-07-24,2,0,1,0,0.0,0.0,,0.3010299956639812
Ipueiras,2020-07-25,2,0,1,0,0.0,0.0,,0.3010299956639812
Ipueiras,2020-07-26,2,0,1,0,0.0,0.0,,0.3010299956639812
Ipueiras,2020-07-27,2,0,1,0,0.0,0.0,,0.3010299956639812
Ipueiras,2020-07-28,2,0,1,0,0.0,0.0,,0.3010299956639812
Ipueiras,2020-07-29,2,0,1,0,0.0,0.0,,0.3010299956639812
Ipueiras,2020-07-30,2,0,1,0,0.0,0.0,,0.3010299956639812
Ipueiras,2020-07-31,2,0,1,0,0.0,0.0,,0.3010299956639812
Ipueiras,2020-08-01,2,0,1,0,0.0,0.0,,0.3010299956639812
Ipueiras,2020-08-02,6,4,1,0,0.2857142857142857,0.0,,0.7781512503836436
Ipueiras,2020-08-03,6,0,1,0,0.2857142857142857,0.0,,0.7781512503836436
Ipueiras,2020-08-04,8,2,1,0,0.42857142857142855,0.0,,0.9030899869919435
Ipueiras,2020-08-05,8,0,1,0,0.42857142857142855,0.0,,0.9030899869919435
Ipueiras,2020-08-06,8,0,1,0,0.42857142857142855,0.0,,0.9030899869919435
Ipueiras,2020-08-07,8,0,1,0,0.42857142857142855,0.0,,0.9030899869919435
Ipueiras,2020-08-08,8,0,1,0,0.42857142857142855,0.0,,0.9030899869919435
Ipueiras,2020-08-09,8,0,1,0,0.42857142857142855,0.0,,0.9030899869919435
Ipueiras,2020-08-10,8,0,1,0,0.42857142857142855,0.0,,0.9030899869919435
Ipueiras,2020-08-11,8,0,1,0,0.42857142857142855,0.0,,0.9030899869919435
Ipueiras,2020-08-12,8,0,1,0,0.42857142857142855,0.0,,0.9030899869919435
Ipueiras,2020-08-13,8,0,1,0,0.42857142857142855,0.0,,0.9030899869919435
Ipueiras,2020-08-14,8,0,1,0,0.42857142857142855,0.0,,0.9030899869919435
Ipueiras,2020-08-15,8,0,1,0,0.42857142857142855,0.0,,0.9030899869919435
Ipueiras,2020-08-16,8,0,1,0,0.14285714285714285,0.0,,0.9030899869919435
Ipueiras,2020-08-17,8,0,1,0,0.14285714285714285,0.0,,0.9030899869919435
Ipueiras,2020-08-18,8,0,1,0,0.0,0.0,,0.9030899869919435
Ipueiras,2020-08-19,8,0,1,0,0.0,0.0,,0.9030899869919435
Ipueiras,2020-08-20,8,0,1,0,0.0,0.0,,0.9030899869919435
Ipueiras,2020-08-21,9,1,1,0,0.07142857142857142,0.0,,0.9542425094393249
Ipueiras,2020-08-22,9,0,1,0,0.07142857142857142,0.0,,0.9542425094393249
Ipueiras,2020-08-23,9,0,1,0,0.07142857142857142,0.0,,0.9542425094393249
Ipueiras,2020-08-24,9,0,1,0,0.07142857142857142,0.0,,0.9542425094393249
Ipueiras,2020-08-25,9,0,1,0,0.07142857142857142,0.0,,0.9542425094393249
Ipueiras,2020-08-26,9,0,1,0,0.07142857142857142,0.0,,0.9542425094393249
Ipueiras,2020-08-27,9,0,1,0,0.07142857142857142,0.0,,0.9542425094393249
Ipueiras,2020-08-28,9,0,1,0,0.07142857142857142,0.0,,0.9542425094393249
Ipueiras,2020-08-29,9,0,1,0,0.07142857142857142,0.0,,0.9542425094393249
Ipueiras,2020-08-30,9,0,1,0,0.07142857142857142,0.0,,0.9542425094393249
Ipueiras,2020-08-31,9,0,1,0,0.07142857142857142,0.0,,0.9542425094393249
Ipueiras,2020-09-01,9,0,1,0,0.07142857142857142,0.0,,0.9542425094393249
Ipueiras,2020-09-02,9,0,1,0,0.07142857142857142,0.0,,0.9542425094393249
Ipueiras,2020-09-03,10,1,1,0,0.14285714285714285,0.0,,1.0
Ipueiras,2020-09-04,10,0,1,0,0.07142857142857142,0.0,,1.0
Ipueiras,2020-09-05,15,5,1,0,0.42857142857142855,0.0,,1.1760912590556813
Ipueiras,2020-09-06,15,0,1,0,0.42857142857142855,0.0,,1.1760912590556813
Ipueiras,2020-09-07,15,0,1,0,0.42857142857142855,0.0,,1.1760912590556813
Ipueiras,2020-09-08,15,0,1,0,0.42857142857142855,0.0,,1.1760912590556813
Ipueiras,2020-09-09,16,1,1,0,0.5,0.0,,1.2041199826559248
Ipueiras,2020-09-10,19,3,1,0,0.7142857142857143,0.0,,1.2787536009528289
Ipueiras,2020-09-11,23,4,1,0,1.0,0.0,,1.3617278360175928
Ipueiras,2020-09-12,24,1,1,0,1.0714285714285714,0.0,,1.380211241711606
Ipueiras,2020-09-13,24,0,1,0,1.0714285714285714,0.0,,1.380211241711606
Ipueiras,2020-09-14,24,0,1,0,1.0714285714285714,0.0,,1.380211241711606
Ipueiras,2020-09-15,26,2,1,0,1.2142857142857142,0.0,,1.414973347970818
Ipueiras,2020-09-16,26,0,1,0,1.2142857142857142,0.0,,1.414973347970818
Ipueiras,2020-09-17,26,0,1,0,1.1428571428571428,0.0,,1.414973347970818
Ipueiras,2020-09-18,26,0,1,0,1.1428571428571428,0.0,,1.414973347970818
Ipueiras,2020-09-19,26,0,1,0,0.7857142857142857,0.0,,1.414973347970818
Ipueiras,2020-09-20,27,1,1,0,0.8571428571428571,0.0,,1.4313637641589874
Ipueiras,2020-09-21,27,0,1,0,0.8571428571428571,0.0,,1.4313637641589874
Ipueiras,2020-09-22,28,1,1,0,0.9285714285714286,0.0,,1.4471580313422192
Ipueiras,2020-09-23,28,0,1,0,0.8571428571428571,0.0,,1.4471580313422192
Ipueiras,2020-09-24,28,0,1,0,0.6428571428571429,0.0,,1.4471580313422192
Ipueiras,2020-09-25,29,1,1,0,0.42857142857142855,0.0,,1.462397997898956
Ipueiras,2020-09-26,29,0,1,0,0.35714285714285715,0.0,,1.462397997898956
Ipueiras,2020-09-27,29,0,1,0,0.35714285714285715,0.0,,1.462397997898956
Ipueiras,2020-09-28,29,0,1,0,0.35714285714285715,0.0,,1.462397997898956
Ipueiras,2020-09-29,29,0,1,0,0.21428571428571427,0.0,,1.462397997898956
Ipueiras,2020-09-30,29,0,1,0,0.21428571428571427,0.0,,1.462397997898956
Ipueiras,2020-10-01,30,1,1,0,0.2857142857142857,0.0,,1.4771212547196624
Ipueiras,2020-10-02,30,0,1,0,0.2857142857142857,0.0,,1.4771212547196624
Ipueiras,2020-10-03,30,0,1,0,0.2857142857142857,0.0,,1.4771212547196624
Ipueiras,2020-10-04,30,0,1,0,0.21428571428571427,0.0,,1.4771212547196624
Ipueiras,2020-10-05,30,0,1,0,0.21428571428571427,0.0,,1.4771212547196624
Ipueiras,2020-10-06,30,0,1,0,0.14285714285714285,0.0,,1.4771212547196624
Ipueiras,2020-10-07,30,0,1,0,0.14285714285714285,0.0,,1.4771212547196624
Ipueiras,2020-10-08,30,0,1,0,0.14285714285714285,0.0,,1.4771212547196624
Ipueiras,2020-10-09,30,0,1,0,0.07142857142857142,0.0,,1.4771212547196624
Ipueiras,2020-10-10,30,0,1,0,0.07142857142857142,0.0,,1.4771212547196624
Ipueiras,2020-10-11,30,0,1,0,0.07142857142857142,0.0,,1.4771212547196624
Ipueiras,2020-10-12,30,0,1,0,0.07142857142857142,0.0,,1.4771212547196624
Ipueiras,2020-10-13,30,0,1,0,0.07142857142857142,0.0,,1.4771212547196624
Ipueiras,2020-10-14,30,0,1,0,0.07142857142857142,0.0,,1.4771212547196624
Ipueiras,2020-10-15,30,0,1,0,0.0,0.0,,1.4771212547196624
Ipueiras,2020-10-16,30,0,1,0,0.0,0.0,,1.4771212547196624
Ipueiras,2020-10-17,30,0,1,0,0.0,0.0,,1.4771212547196624
Ipueiras,2020-10-18,30,0,1,0,0.0,0.0,,1.4771212547196624
Ipueiras,2020-10-19,30,0,1,0,0.0,0.0,,1.4771212547196624
Ipueiras,2020-10-20,32,2,1,0,0.14285714285714285,0.0,,1.505149978319906
Ipueiras,2020-10-21,32,0,1,0,0.14285714285714285,0.0,,1.505149978319906
Ipueiras,2020-10-22,32,0,1,0,0.14285714285714285,0.0,,1.505149978319906
Ipueiras,2020-10-23,32,0,1,0,0.14285714285714285,0.0,,1.505149978319906
Ipueiras,2020-10-24,32,0,1,0,0.14285714285714285,0.0,,1.505149978319906
Ipueiras,2020-10-25,32,0,1,0,0.14285714285714285,0.0,,1.505149978319906
Ipueiras,2020-10-26,32,0,1,0,0.14285714285714285,0.0,,1.505149978319906
Ipueiras,2020-10-27,32,0,1,0,0.14285714285714285,0.0,,1.505149978319906
Ipueiras,2020-10-28,32,0,1,0,0.14285714285714285,0.0,,1.505149978319906
Ipueiras,2020-10-29,32,0,1,0,0.14285714285714285,0.0,,1.505149978319906
Ipueiras,2020-10-30,32,0,1,0,0.14285714285714285,0.0,,1.505149978319906
Ipueiras,2020-10-31,32,0,1,0,0.14285714285714285,0.0,,1.505149978319906
Ipueiras,2020-11-01,32,0,1,0,0.14285714285714285,0.0,,1.505149978319906
Ipueiras,2020-11-02,32,0,1,0,0.14285714285714285,0.0,,1.505149978319906
Ipueiras,2020-11-03,32,0,1,0,0.0,0.0,,1.505149978319906
Ipueiras,2020-11-04,32,0,1,0,0.0,0.0,,1.505149978319906
Ipueiras,2020-11-05,32,0,1,0,0.0,0.0,,1.505149978319906
Ipueiras,2020-11-06,32,0,1,0,0.0,0.0,,1.505149978319906
Ipueiras,2020-11-07,32,0,1,0,0.0,0.0,,1.505149978319906
Ipueiras,2020-11-08,32,0,1,0,0.0,0.0,,1.505149978319906
Ipueiras,2020-11-09,32,0,1,0,0.0,0.0,,1.505149978319906
Ipueiras,2020-11-10,32,0,1,0,0.0,0.0,,1.505149978319906
Ipueiras,2020-11-11,32,0,1,0,0.0,0.0,,1.505149978319906
Ipueiras,2020-11-12,32,0,1,0,0.0,0.0,,1.505149978319906
Ipueiras,2020-11-13,32,0,1,0,0.0,0.0,,1.505149978319906
Ipueiras,2020-11-14,32,0,1,0,0.0,0.0,,1.505149978319906
Ipueiras,2020-11-15,32,0,1,0,0.0,0.0,,1.505149978319906
Ipueiras,2020-11-16,32,0,1,0,0.0,0.0,,1.505149978319906
Ipueiras,2020-11-17,32,0,1,0,0.0,0.0,,1.505149978319906
Ipueiras,2020-11-18,32,0,1,0,0.0,0.0,,1.505149978319906
Ipueiras,2020-11-19,32,0,1,0,0.0,0.0,,1.505149978319906
Ipueiras,2020-11-20,32,0,1,0,0.0,0.0,,1.505149978319906
Ipueiras,2020-11-21,32,0,1,0,0.0,0.0,,1.505149978319906
Ipueiras,2020-11-22,32,0,1,0,0.0,0.0,,1.505149978319906
Ipueiras,2020-11-23,32,0,1,0,0.0,0.0,,1.505149978319906
Ipueiras,2020-11-24,32,0,1,0,0.0,0.0,,1.505149978319906
Ipueiras,2020-11-25,32,0,1,0,0.0,0.0,,1.505149978319906
Ipueiras,2020-11-26,32,0,1,0,0.0,0.0,,1.505149978319906
Ipueiras,2020-11-27,32,0,1,0,0.0,0.0,,1.505149978319906
Ipueiras,2020-11-28,32,0,1,0,0.0,0.0,,1.505149978319906
Ipueiras,2020-11-29,32,0,1,0,0.0,0.0,,1.505149978319906
Ipueiras,2020-11-30,32,0,1,0,0.0,0.0,,1.505149978319906
Ipueiras,2020-12-01,32,0,1,0,0.0,0.0,,1.505149978319906
Ipueiras,2020-12-02,32,0,1,0,0.0,0.0,,1.505149978319906
Ipueiras,2020-12-03,33,1,1,0,0.07142857142857142,0.0,,1.5185139398778875
Ipueiras,2020-12-04,33,0,1,0,0.07142857142857142,0.0,,1.5185139398778875
Ipueiras,2020-12-05,33,0,1,0,0.07142857142857142,0.0,,1.5185139398778875
Ipueiras,2020-12-06,33,0,1,0,0.07142857142857142,0.0,,1.5185139398778875
Ipueiras,2020-12-07,33,0,1,0,0.07142857142857142,0.0,,1.5185139398778875
Ipueiras,2020-12-08,34,1,1,0,0.14285714285714285,0.0,,1.5314789170422551
Ipueiras,2020-12-09,34,0,1,0,0.14285714285714285,0.0,,1.5314789170422551
Ipueiras,2020-12-10,34,0,1,0,0.14285714285714285,0.0,,1.5314789170422551
Ipueiras,2020-12-11,34,0,1,0,0.14285714285714285,0.0,,1.5314789170422551
Ipueiras,2020-12-12,34,0,1,0,0.14285714285714285,0.0,,1.5314789170422551
Ipueiras,2020-12-13,34,0,1,0,0.14285714285714285,0.0,,1.5314789170422551
Ipueiras,2020-12-14,34,0,1,0,0.14285714285714285,0.0,,1.5314789170422551
Ipueiras,2020-12-15,34,0,1,0,0.14285714285714285,0.0,,1.5314789170422551
Ipueiras,2020-12-16,34,0,1,0,0.14285714285714285,0.0,,1.5314789170422551
Ipueiras,2020-12-17,34,0,1,0,0.07142857142857142,0.0,,1.5314789170422551
Ipueiras,2020-12-18,34,0,1,0,0.07142857142857142,0.0,,1.5314789170422551
Ipueiras,2020-12-19,34,0,1,0,0.07142857142857142,0.0,,1.5314789170422551
Ipueiras,2020-12-20,34,0,1,0,0.07142857142857142,0.0,,1.5314789170422551
Ipueiras,2020-12-21,34,0,1,0,0.07142857142857142,0.0,,1.5314789170422551
Ipueiras,2020-12-22,34,0,1,0,0.0,0.0,,1.5314789170422551
Ipueiras,2020-12-23,34,0,1,0,0.0,0.0,,1.5314789170422551
Ipueiras,2020-12-24,34,0,1,0,0.0,0.0,,1.5314789170422551
Ipueiras,2020-12-25,34,0,1,0,0.0,0.0,,1.5314789170422551
Ipueiras,2020-12-26,34,0,1,0,0.0,0.0,,1.5314789170422551
Ipueiras,2020-12-27,34,0,1,0,0.0,0.0,,1.5314789170422551
Ipueiras,2020-12-28,34,0,1,0,0.0,0.0,,1.5314789170422551
Ipueiras,2020-12-29,34,0,1,0,0.0,0.0,,1.5314789170422551
Ipueiras,2020-12-30,34,0,1,0,0.0,0.0,,1.5314789170422551
Ipueiras,2020-12-31,34,0,1,0,0.0,0.0,,1.5314789170422551
Ipueiras,2021-01-01,34,0,1,0,0.0,0.0,,1.5314789170422551
Ipueiras,2021-01-02,34,0,1,0,0.0,0.0,,1.5314789170422551
Ipueiras,2021-01-03,34,0,1,0,0.0,0.0,,1.5314789170422551
Ipueiras,2021-01-04,34,0,1,0,0.0,0.0,,1.5314789170422551
Ipueiras,2021-01-05,34,0,1,0,0.0,0.0,,1.5314789170422551
Ipueiras,2021-01-06,34,0,1,0,0.0,0.0,,1.5314789170422551
Ipueiras,2021-01-07,34,0,1,0,0.0,0.0,,1.5314789170422551
Ipueiras,2021-01-08,34,0,1,0,0.0,0.0,,1.5314789170422551
Ipueiras,2021-01-09,34,0,1,0,0.0,0.0,,1.5314789170422551
Ipueiras,2021-01-10,34,0,1,0,0.0,0.0,,1.5314789170422551
Ipueiras,2021-01-11,35,1,1,0,0.07142857142857142,0.0,,1.5440680443502757
Ipueiras,2021-01-12,35,0,1,0,0.07142857142857142,0.0,,1.5440680443502757
Ipueiras,2021-01-13,35,0,1,0,0.07142857142857142,0.0,,1.5440680443502757
Ipueiras,2021-01-14,35,0,1,0,0.07142857142857142,0.0,,1.5440680443502757
Ipueiras,2021-01-15,35,0,1,0,0.07142857142857142,0.0,,1.5440680443502757
Ipueiras,2021-01-16,35,0,1,0,0.07142857142857142,0.0,,1.5440680443502757
Ipueiras,2021-01-17,35,0,1,0,0.07142857142857142,0.0,,1.5440680443502757
Ipueiras,2021-01-18,36,1,1,0,0.14285714285714285,0.0,,1.5563025007672873
Ipueiras,2021-01-19,36,0,1,0,0.14285714285714285,0.0,,1.5563025007672873
Ipueiras,2021-01-20,36,0,1,0,0.14285714285714285,0.0,,1.5563025007672873
Fátima,2020-03-27,0,0,0,0,,,,0.0
Fátima,2020-03-28,0,0,0,0,,,,0.0
Fátima,2020-03-29,0,0,0,0,,,,0.0
Fátima,2020-03-30,0,0,0,0,,,,0.0
Fátima,2020-03-31,0,0,0,0,,,,0.0
Fátima,2020-04-01,0,0,0,0,,,,0.0
Fátima,2020-04-02,0,0,0,0,,,,0.0
Fátima,2020-04-03,0,0,0,0,,,,0.0
Fátima,2020-04-04,0,0,0,0,,,,0.0
Fátima,2020-04-05,0,0,0,0,,,,0.0
Fátima,2020-04-06,0,0,0,0,,,,0.0
Fátima,2020-04-07,0,0,0,0,,,,0.0
Fátima,2020-04-08,0,0,0,0,,,,0.0
Fátima,2020-04-09,0,0,0,0,0.0,0.0,,0.0
Fátima,2020-04-10,0,0,0,0,0.0,0.0,,0.0
Fátima,2020-04-11,0,0,0,0,0.0,0.0,,0.0
Fátima,2020-04-12,0,0,0,0,0.0,0.0,,0.0
Fátima,2020-04-13,0,0,0,0,0.0,0.0,,0.0
Fátima,2020-04-14,0,0,0,0,0.0,0.0,,0.0
Fátima,2020-04-15,0,0,0,0,0.0,0.0,,0.0
Fátima,2020-04-16,0,0,0,0,0.0,0.0,,0.0
Fátima,2020-04-17,0,0,0,0,0.0,0.0,,0.0
Fátima,2020-04-18,0,0,0,0,0.0,0.0,,0.0
Fátima,2020-04-19,0,0,0,0,0.0,0.0,,0.0
Fátima,2020-04-20,0,0,0,0,0.0,0.0,,0.0
Fátima,2020-04-21,0,0,0,0,0.0,0.0,,0.0
Fátima,2020-04-22,0,0,0,0,0.0,0.0,,0.0
Fátima,2020-04-23,0,0,0,0,0.0,0.0,,0.0
Fátima,2020-04-24,0,0,0,0,0.0,0.0,,0.0
Fátima,2020-04-25,0,0,0,0,0.0,0.0,,0.0
Fátima,2020-04-26,0,0,0,0,0.0,0.0,,0.0
Fátima,2020-04-27,0,0,0,0,0.0,0.0,,0.0
Fátima,2020-04-28,0,0,0,0,0.0,0.0,,0.0
Fátima,2020-04-29,0,0,0,0,0.0,0.0,,0.0
Fátima,2020-04-30,0,0,0,0,0.0,0.0,,0.0
Fátima,2020-05-01,0,0,0,0,0.0,0.0,,0.0
Fátima,2020-05-02,0,0,0,0,0.0,0.0,,0.0
Fátima,2020-05-03,0,0,0,0,0.0,0.0,,0.0
Fátima,2020-05-04,0,0,0,0,0.0,0.0,,0.0
Fátima,2020-05-05,0,0,0,0,0.0,0.0,,0.0
Fátima,2020-05-06,1,1,0,0,0.07142857142857142,0.0,,0.0
Fátima,2020-05-07,1,0,0,0,0.07142857142857142,0.0,,0.0
Fátima,2020-05-08,1,0,0,0,0.07142857142857142,0.0,,0.0
Fátima,2020-05-09,1,0,0,0,0.07142857142857142,0.0,,0.0
Fátima,2020-05-10,1,0,0,0,0.07142857142857142,0.0,,0.0
Fátima,2020-05-11,1,0,0,0,0.07142857142857142,0.0,,0.0
Fátima,2020-05-12,1,0,0,0,0.07142857142857142,0.0,,0.0
Fátima,2020-05-13,2,1,0,0,0.14285714285714285,0.0,,0.3010299956639812
Fátima,2020-05-14,2,0,0,0,0.14285714285714285,0.0,,0.3010299956639812
Fátima,2020-05-15,2,0,0,0,0.14285714285714285,0.0,,0.3010299956639812
Fátima,2020-05-16,2,0,0,0,0.14285714285714285,0.0,,0.3010299956639812
Fátima,2020-05-17,2,0,0,0,0.14285714285714285,0.0,,0.3010299956639812
Fátima,2020-05-18,2,0,0,0,0.14285714285714285,0.0,,0.3010299956639812
Fátima,2020-05-19,2,0,0,0,0.14285714285714285,0.0,,0.3010299956639812
Fátima,2020-05-20,3,1,0,0,0.14285714285714285,0.0,,0.47712125471966244
Fátima,2020-05-21,3,0,0,0,0.14285714285714285,0.0,,0.47712125471966244
Fátima,2020-05-22,5,2,0,0,0.2857142857142857,0.0,,0.6989700043360189
Fátima,2020-05-23,5,0,0,0,0.2857142857142857,0.0,,0.6989700043360189
Fátima,2020-05-24,5,0,0,0,0.2857142857142857,0.0,,0.6989700043360189
Fátima,2020-05-25,5,0,0,0,0.2857142857142857,0.0,,0.6989700043360189
Fátima,2020-05-26,5,0,0,0,0.2857142857142857,0.0,,0.6989700043360189
Fátima,2020-05-27,5,0,0,0,0.21428571428571427,0.0,,0.6989700043360189
Fátima,2020-05-28,7,2,0,0,0.35714285714285715,0.0,,0.8450980400142568
Fátima,2020-05-29,9,2,0,0,0.5,0.0,,0.9542425094393249
Fátima,2020-05-30,9,0,0,0,0.5,0.0,,0.9542425094393249
Fátima,2020-05-31,10,1,0,0,0.5714285714285714,0.0,,1.0
Fátima,2020-06-01,9,-1,0,0,0.5,0.0,,0.9542425094393249
Fátima,2020-06-02,9,0,0,0,0.5,0.0,,0.9542425094393249
Fátima,2020-06-03,9,0,0,0,0.42857142857142855,0.0,,0.9542425094393249
Fátima,2020-06-04,9,0,0,0,0.42857142857142855,0.0,,0.9542425094393249
Fátima,2020-06-05,9,0,0,0,0.2857142857142857,0.0,,0.9542425094393249
Fátima,2020-06-06,9,0,0,0,0.2857142857142857,0.0,,0.9542425094393249
Fátima,2020-06-07,9,0,0,0,0.2857142857142857,0.0,,0.9542425094393249
Fátima,2020-06-08,9,0,0,0,0.2857142857142857,0.0,,0.9542425094393249
Fátima,2020-06-09,10,1,0,0,0.35714285714285715,0.0,,1.0
Fátima,2020-06-10,10,0,0,0,0.35714285714285715,0.0,,1.0
Fátima,2020-06-11,11,1,0,0,0.2857142857142857,0.0,,1.041392685158225
Fátima,2020-06-12,11,0,0,0,0.14285714285714285,0.0,,1.041392685158225
Fátima,2020-06-13,11,0,0,0,0.14285714285714285,0.0,,1.041392685158225
Fátima,2020-06-14,11,0,0,0,0.07142857142857142,0.0,,1.041392685158225
Fátima,2020-06-15,12,1,1,1,0.21428571428571427,0.07142857142857142,inf,1.0791812460476249
Fátima,2020-06-16,12,0,1,0,0.21428571428571427,0.07142857142857142,inf,1.0791812460476249
Fátima,2020-06-17,12,0,1,0,0.21428571428571427,0.07142857142857142,inf,1.0791812460476249
Fátima,2020-06-18,12,0,1,0,0.21428571428571427,0.07142857142857142,inf,1.0791812460476249
Fátima,2020-06-19,12,0,1,0,0.21428571428571427,0.07142857142857142,inf,1.0791812460476249
Fátima,2020-06-20,12,0,1,0,0.21428571428571427,0.07142857142857142,inf,1.0791812460476249
Fátima,2020-06-21,12,0,1,0,0.21428571428571427,0.07142857142857142,inf,1.0791812460476249
Fátima,2020-06-22,12,0,1,0,0.21428571428571427,0.07142857142857142,inf,1.0791812460476249
Fátima,2020-06-23,13,1,1,0,0.21428571428571427,0.07142857142857142,inf,1.1139433523068367
Fátima,2020-06-24,14,1,1,0,0.2857142857142857,0.07142857142857142,inf,1.146128035678238
Fátima,2020-06-25,14,0,1,0,0.21428571428571427,0.07142857142857142,inf,1.146128035678238
Fátima,2020-06-26,17,3,1,0,0.42857142857142855,0.07142857142857142,inf,1.2304489213782739
Fátima,2020-06-27,18,1,1,0,0.5,0.07142857142857142,inf,1.255272505103306
Fátima,2020-06-28,18,0,1,0,0.5,0.07142857142857142,inf,1.255272505103306
Fátima,2020-06-29,18,0,1,0,0.42857142857142855,0.0,-1.0,1.255272505103306
Fátima,2020-06-30,18,0,1,0,0.42857142857142855,0.0,-1.0,1.255272505103306
Fátima,2020-07-01,19,1,1,0,0.5,0.0,-1.0,1.2787536009528289
Fátima,2020-07-02,20,1,1,0,0.5714285714285714,0.0,-1.0,1.3010299956639813
Fátima,2020-07-03,20,0,1,0,0.5714285714285714,0.0,-1.0,1.3010299956639813
Fátima,2020-07-04,23,3,1,0,0.7857142857142857,0.0,-1.0,1.3617278360175928
Fátima,2020-07-05,24,1,1,0,0.8571428571428571,0.0,-1.0,1.380211241711606
Fátima,2020-07-06,24,0,1,0,0.8571428571428571,0.0,-1.0,1.380211241711606
Fátima,2020-07-07,25,1,1,0,0.8571428571428571,0.0,-1.0,1.3979400086720377
Fátima,2020-07-08,26,1,1,0,0.8571428571428571,0.0,-1.0,1.414973347970818
Fátima,2020-07-09,27,1,1,0,0.9285714285714286,0.0,-1.0,1.4313637641589874
Fátima,2020-07-10,29,2,1,0,0.8571428571428571,0.0,-1.0,1.462397997898956
Fátima,2020-07-11,29,0,1,0,0.7857142857142857,0.0,-1.0,1.462397997898956
Fátima,2020-07-12,29,0,1,0,0.7857142857142857,0.0,-1.0,1.462397997898956
Fátima,2020-07-13,29,0,1,0,0.7857142857142857,0.0,,1.462397997898956
Fátima,2020-07-14,29,0,1,0,0.7857142857142857,0.0,,1.462397997898956
Fátima,2020-07-15,29,0,1,0,0.7142857142857143,0.0,,1.462397997898956
Fátima,2020-07-16,29,0,1,0,0.6428571428571429,0.0,,1.462397997898956
Fátima,2020-07-17,29,0,1,0,0.6428571428571429,0.0,,1.462397997898956
Fátima,2020-07-18,29,0,1,0,0.42857142857142855,0.0,,1.462397997898956
Fátima,2020-07-19,30,1,1,0,0.42857142857142855,0.0,,1.4771212547196624
Fátima,2020-07-20,30,0,1,0,0.42857142857142855,0.0,,1.4771212547196624
Fátima,2020-07-21,31,1,1,0,0.42857142857142855,0.0,,1.4913616938342726
Fátima,2020-07-22,31,0,1,0,0.35714285714285715,0.0,,1.4913616938342726
Fátima,2020-07-23,31,0,1,0,0.2857142857142857,0.0,,1.4913616938342726
Fátima,2020-07-24,31,0,1,0,0.14285714285714285,0.0,,1.4913616938342726
Fátima,2020-07-25,33,2,1,0,0.2857142857142857,0.0,,1.5185139398778875
Fátima,2020-07-26,36,3,1,0,0.5,0.0,,1.5563025007672873
Fátima,2020-07-27,36,0,1,0,0.5,0.0,,1.5563025007672873
Fátima,2020-07-28,36,0,1,0,0.5,0.0,,1.5563025007672873
Fátima,2020-07-29,36,0,1,0,0.5,0.0,,1.5563025007672873
Fátima,2020-07-30,40,4,1,0,0.7857142857142857,0.0,,1.6020599913279625
Fátima,2020-07-31,52,12,1,0,1.6428571428571428,0.0,,1.7160033436347992
Fátima,2020-08-01,52,0,1,0,1.6428571428571428,0.0,,1.7160033436347992
Fátima,2020-08-02,53,1,1,0,1.6428571428571428,0.0,,1.7242758696007892
Fátima,2020-08-03,58,5,2,1,2.0,0.07142857142857142,inf,1.7634279935629373
Fátima,2020-08-04,59,1,2,0,2.0,0.07142857142857142,inf,1.7708520116421442
Fátima,2020-08-05,59,0,2,0,2.0,0.07142857142857142,inf,1.7708520116421442
Fátima,2020-08-06,60,1,2,0,2.0714285714285716,0.07142857142857142,inf,1.7781512503836436
Fátima,2020-08-07,66,6,2,0,2.5,0.07142857142857142,inf,1.8195439355418688
Fátima,2020-08-08,67,1,2,0,2.4285714285714284,0.07142857142857142,inf,1.8260748027008264
Fátima,2020-08-09,72,5,2,0,2.5714285714285716,0.07142857142857142,inf,1.8573324964312685
Fátima,2020-08-10,75,3,2,0,2.7857142857142856,0.07142857142857142,inf,1.8750612633917
Fátima,2020-08-11,77,2,2,0,2.9285714285714284,0.07142857142857142,inf,1.8864907251724818
Fátima,2020-08-12,77,0,2,0,2.9285714285714284,0.07142857142857142,inf,1.8864907251724818
Fátima,2020-08-13,79,2,2,0,2.7857142857142856,0.07142857142857142,inf,1.8976270912904414
Fátima,2020-08-14,80,1,2,0,2.0,0.07142857142857142,inf,1.9030899869919435
Fátima,2020-08-15,80,0,2,0,2.0,0.07142857142857142,inf,1.9030899869919435
Fátima,2020-08-16,80,0,2,0,1.9285714285714286,0.07142857142857142,inf,1.9030899869919435
Fátima,2020-08-17,82,2,2,0,1.7142857142857142,0.0,-1.0,1.9138138523837167
Fátima,2020-08-18,91,9,2,0,2.2857142857142856,0.0,-1.0,1.9590413923210936
Fátima,2020-08-19,92,1,2,0,2.357142857142857,0.0,-1.0,1.9637878273455553
Fátima,2020-08-20,92,0,2,0,2.2857142857142856,0.0,-1.0,1.9637878273455553
Fátima,2020-08-21,98,6,2,0,2.2857142857142856,0.0,-1.0,1.9912260756924949
Fátima,2020-08-22,99,1,2,0,2.2857142857142856,0.0,-1.0,1.99563519459755
Fátima,2020-08-23,102,3,2,0,2.142857142857143,0.0,-1.0,2.0086001717619175
Fátima,2020-08-24,106,4,2,0,2.2142857142857144,0.0,-1.0,2.0253058652647704
Fátima,2020-08-25,107,1,2,0,2.142857142857143,0.0,-1.0,2.0293837776852097
Fátima,2020-08-26,108,1,2,0,2.2142857142857144,0.0,-1.0,2.03342375548695
Fátima,2020-08-27,113,5,2,0,2.4285714285714284,0.0,-1.0,2.05307844348342
Fátima,2020-08-28,118,5,2,0,2.7142857142857144,0.0,-1.0,2.0718820073061255
Fátima,2020-08-29,119,1,2,0,2.7857142857142856,0.0,-1.0,2.075546961392531
Fátima,2020-08-30,119,0,2,0,2.7857142857142856,0.0,-1.0,2.075546961392531
Fátima,2020-08-31,120,1,2,0,2.7142857142857144,0.0,,2.0791812460476247
Fátima,2020-09-01,120,0,2,0,2.0714285714285716,0.0,,2.0791812460476247
Fátima,2020-09-02,122,2,3,1,2.142857142857143,0.07142857142857142,inf,2.0863598306747484
Fátima,2020-09-03,127,5,3,0,2.5,0.07142857142857142,inf,2.103803720955957
Fátima,2020-09-04,129,2,3,0,2.2142857142857144,0.07142857142857142,inf,2.110589710299249
Fátima,2020-09-05,133,4,3,0,2.4285714285714284,0.07142857142857142,inf,2.123851640967086
Fátima,2020-09-06,133,0,3,0,2.2142857142857144,0.07142857142857142,inf,2.123851640967086
Fátima,2020-09-07,133,0,3,0,1.9285714285714286,0.07142857142857142,inf,2.123851640967086
Fátima,2020-09-08,133,0,3,0,1.8571428571428572,0.07142857142857142,inf,2.123851640967086
Fátima,2020-09-09,133,0,3,0,1.7857142857142858,0.07142857142857142,inf,2.123851640967086
Fátima,2020-09-10,153,20,3,0,2.857142857142857,0.07142857142857142,inf,2.184691430817599
Fátima,2020-09-11,157,4,3,0,2.7857142857142856,0.07142857142857142,inf,2.1958996524092336
Fátima,2020-09-12,159,2,3,0,2.857142857142857,0.07142857142857142,inf,2.2013971243204513
Fátima,2020-09-13,160,1,3,0,2.9285714285714284,0.07142857142857142,inf,2.204119982655925
Fátima,2020-09-14,165,5,3,0,3.2142857142857144,0.07142857142857142,inf,2.2174839442139063
Fátima,2020-09-15,165,0,3,0,3.2142857142857144,0.07142857142857142,inf,2.2174839442139063
Fátima,2020-09-16,165,0,3,0,3.0714285714285716,0.0,-1.0,2.2174839442139063
Fátima,2020-09-17,167,2,3,0,2.857142857142857,0.0,-1.0,2.2227164711475833
Fátima,2020-09-18,167,0,3,0,2.7142857142857144,0.0,-1.0,2.2227164711475833
Fátima,2020-09-19,173,6,3,0,2.857142857142857,0.0,-1.0,2.2380461031287955
Fátima,2020-09-20,173,0,3,0,2.857142857142857,0.0,-1.0,2.2380461031287955
Fátima,2020-09-21,174,1,3,0,2.9285714285714284,0.0,-1.0,2.2405492482825995
Fátima,2020-09-22,175,1,3,0,3.0,0.0,-1.0,2.2430380486862944
Fátima,2020-09-23,177,2,3,0,3.142857142857143,0.0,-1.0,2.2479732663618064
Fátima,2020-09-24,180,3,3,0,1.9285714285714286,0.0,-1.0,2.255272505103306
Fátima,2020-09-25,182,2,3,0,1.7857142857142858,0.0,-1.0,2.2600713879850747
Fátima,2020-09-26,182,0,3,0,1.6428571428571428,0.0,-1.0,2.2600713879850747
Fátima,2020-09-27,183,1,3,0,1.6428571428571428,0.0,-1.0,2.2624510897304293
Fátima,2020-09-28,183,0,3,0,1.2857142857142858,0.0,-1.0,2.2624510897304293
Fátima,2020-09-29,183,0,3,0,1.2857142857142858,0.0,-1.0,2.2624510897304293
Fátima,2020-09-30,183,0,3,0,1.2857142857142858,0.0,,2.2624510897304293
Fátima,2020-10-01,184,1,3,0,1.2142857142857142,0.0,,2.2648178230095364
Fátima,2020-10-02,186,2,3,0,1.3571428571428572,0.0,,2.2695129442179165
Fátima,2020-10-03,197,11,3,0,1.7142857142857142,0.0,,2.294466226161593
Fátima,2020-10-04,197,0,3,0,1.7142857142857142,0.0,,2.294466226161593
Fátima,2020-10-05,197,0,3,0,1.6428571428571428,0.0,,2.294466226161593
Fátima,2020-10-06,197,0,3,0,1.5714285714285714,0.0,,2.294466226161593
Fátima,2020-10-07,197,0,3,0,1.4285714285714286,0.0,,2.294466226161593
Fátima,2020-10-08,197,0,3,0,1.2142857142857142,0.0,,2.294466226161593
Fátima,2020-10-09,199,2,3,0,1.2142857142857142,0.0,,2.298853076409707
Fátima,2020-10-10,200,1,3,0,1.2857142857142858,0.0,,2.3010299956639813
Fátima,2020-10-11,200,0,3,0,1.2142857142857142,0.0,,2.3010299956639813
Fátima,2020-10-12,200,0,3,0,1.2142857142857142,0.0,,2.3010299956639813
Fátima,2020-10-13,200,0,3,0,1.2142857142857142,0.0,,2.3010299956639813
Fátima,2020-10-14,198,-2,3,0,1.0714285714285714,0.0,,2.296665190261531
Fátima,2020-10-15,198,0,3,0,1.0,0.0,,2.296665190261531
Fátima,2020-10-16,201,3,3,0,1.0714285714285714,0.0,,2.303196057420489
Fátima,2020-10-17,201,0,3,0,0.2857142857142857,0.0,,2.303196057420489
Fátima,2020-10-18,201,0,3,0,0.2857142857142857,0.0,,2.303196057420489
Fátima,2020-10-19,201,0,3,0,0.2857142857142857,0.0,,2.303196057420489
Fátima,2020-10-20,201,0,3,0,0.2857142857142857,0.0,,2.303196057420489
Fátima,2020-10-21,202,1,3,0,0.35714285714285715,0.0,,2.305351369446624
Fátima,2020-10-22,202,0,3,0,0.35714285714285715,0.0,,2.305351369446624
Fátima,2020-10-23,202,0,3,0,0.21428571428571427,0.0,,2.305351369446624
Fátima,2020-10-24,202,0,3,0,0.14285714285714285,0.0,,2.305351369446624
Fátima,2020-10-25,202,0,3,0,0.14285714285714285,0.0,,2.305351369446624
Fátima,2020-10-26,202,0,3,0,0.14285714285714285,0.0,,2.305351369446624
Fátima,2020-10-27,202,0,3,0,0.14285714285714285,0.0,,2.305351369446624
Fátima,2020-10-28,202,0,3,0,0.2857142857142857,0.0,,2.305351369446624
Fátima,2020-10-29,202,0,3,0,0.2857142857142857,0.0,,2.305351369446624
Fátima,2020-10-30,202,0,3,0,0.07142857142857142,0.0,,2.305351369446624
Fátima,2020-10-31,202,0,3,0,0.07142857142857142,0.0,,2.305351369446624
Fátima,2020-11-01,202,0,3,0,0.07142857142857142,0.0,,2.305351369446624
Fátima,2020-11-02,202,0,3,0,0.07142857142857142,0.0,,2.305351369446624
Fátima,2020-11-03,202,0,3,0,0.07142857142857142,0.0,,2.305351369446624
Fátima,2020-11-04,202,0,3,0,0.0,0.0,,2.305351369446624
Fátima,2020-11-05,202,0,3,0,0.0,0.0,,2.305351369446624
Fátima,2020-11-06,204,2,3,0,0.14285714285714285,0.0,,2.3096301674258988
Fátima,2020-11-07,204,0,3,0,0.14285714285714285,0.0,,2.3096301674258988
Fátima,2020-11-08,204,0,3,0,0.14285714285714285,0.0,,2.3096301674258988
Fátima,2020-11-09,204,0,3,0,0.14285714285714285,0.0,,2.3096301674258988
Fátima,2020-11-10,205,1,3,0,0.21428571428571427,0.0,,2.311753861055754
Fátima,2020-11-11,205,0,3,0,0.21428571428571427,0.0,,2.311753861055754
Fátima,2020-11-12,208,3,3,0,0.42857142857142855,0.0,,2.3180633349627615
Fátima,2020-11-13,208,0,3,0,0.42857142857142855,0.0,,2.3180633349627615
Fátima,2020-11-14,208,0,3,0,0.42857142857142855,0.0,,2.3180633349627615
Fátima,2020-11-15,208,0,3,0,0.42857142857142855,0.0,,2.3180633349627615
Fátima,2020-11-16,208,0,3,0,0.42857142857142855,0.0,,2.3180633349627615
Fátima,2020-11-17,208,0,3,0,0.42857142857142855,0.0,,2.3180633349627615
Fátima,2020-11-18,208,0,3,0,0.42857142857142855,0.0,,2.3180633349627615
Fátima,2020-11-19,208,0,3,0,0.42857142857142855,0.0,,2.3180633349627615
Fátima,2020-11-20,208,0,3,0,0.2857142857142857,0.0,,2.3180633349627615
Fátima,2020-11-21,208,0,3,0,0.2857142857142857,0.0,,2.3180633349627615
Fátima,2020-11-22,208,0,3,0,0.2857142857142857,0.0,,2.3180633349627615
Fátima,2020-11-23,208,0,3,0,0.2857142857142857,0.0,,2.3180633349627615
Fátima,2020-11-24,208,0,3,0,0.21428571428571427,0.0,,2.3180633349627615
Fátima,2020-11-25,209,1,3,0,0.2857142857142857,0.0,,2.320146286111054
Fátima,2020-11-26,211,2,3,0,0.21428571428571427,0.0,,2.3242824552976926
Fátima,2020-11-27,211,0,3,0,0.21428571428571427,0.0,,2.3242824552976926
Fátima,2020-11-28,214,3,3,0,0.42857142857142855,0.0,,2.330413773349191
Fátima,2020-11-29,214,0,3,0,0.42857142857142855,0.0,,2.330413773349191
Fátima,2020-11-30,214,0,3,0,0.42857142857142855,0.0,,2.330413773349191
Fátima,2020-12-01,216,2,3,0,0.5714285714285714,0.0,,2.3344537511509307
Fátima,2020-12-02,216,0,3,0,0.5714285714285714,0.0,,2.3344537511509307
Fátima,2020-12-03,217,1,3,0,0.6428571428571429,0.0,,2.3364597338485296
Fátima,2020-12-04,217,0,3,0,0.6428571428571429,0.0,,2.3364597338485296
Fátima,2020-12-05,217,0,3,0,0.6428571428571429,0.0,,2.3364597338485296
Fátima,2020-12-06,217,0,3,0,0.6428571428571429,0.0,,2.3364597338485296
Fátima,2020-12-07,217,0,3,0,0.6428571428571429,0.0,,2.3364597338485296
Fátima,2020-12-08,217,0,3,0,0.6428571428571429,0.0,,2.3364597338485296
Fátima,2020-12-09,218,1,3,0,0.6428571428571429,0.0,,2.3384564936046046
Fátima,2020-12-10,219,1,3,0,0.5714285714285714,0.0,,2.3404441148401185
Fátima,2020-12-11,219,0,3,0,0.5714285714285714,0.0,,2.3404441148401185
Fátima,2020-12-12,219,0,3,0,0.35714285714285715,0.0,,2.3404441148401185
Fátima,2020-12-13,219,0,3,0,0.35714285714285715,0.0,,2.3404441148401185
Fátima,2020-12-14,219,0,3,0,0.35714285714285715,0.0,,2.3404441148401185
Fátima,2020-12-15,219,0,3,0,0.21428571428571427,0.0,,2.3404441148401185
Fátima,2020-12-16,219,0,3,0,0.21428571428571427,0.0,,2.3404441148401185
Fátima,2020-12-17,219,0,3,0,0.14285714285714285,0.0,,2.3404441148401185
Fátima,2020-12-18,221,2,3,0,0.2857142857142857,0.0,,2.3443922736851106
Fátima,2020-12-19,221,0,3,0,0.2857142857142857,0.0,,2.3443922736851106
Fátima,2020-12-20,221,0,3,0,0.2857142857142857,0.0,,2.3443922736851106
Fátima,2020-12-21,221,0,3,0,0.2857142857142857,0.0,,2.3443922736851106
Fátima,2020-12-22,228,7,3,0,0.7857142857142857,0.0,,2.357934847000454
Fátima,2020-12-23,229,1,3,0,0.7857142857142857,0.0,,2.359835482339888
Fátima,2020-12-24,236,7,3,0,1.2142857142857142,0.0,,2.3729120029701067
Fátima,2020-12-25,236,0,3,0,1.2142857142857142,0.0,,2.3729120029701067
Fátima,2020-12-26,236,0,3,0,1.2142857142857142,0.0,,2.3729120029701067
Fátima,2020-12-27,242,6,3,0,1.6428571428571428,0.0,,2.383815365980431
Fátima,2020-12-28,242,0,3,0,1.6428571428571428,0.0,,2.383815365980431
Fátima,2020-12-29,242,0,3,0,1.6428571428571428,0.0,,2.383815365980431
Fátima,2020-12-30,243,1,3,0,1.7142857142857142,0.0,,2.385606273598312
Fátima,2020-12-31,246,3,3,0,1.9285714285714286,0.0,,2.3909351071033793
Fátima,2021-01-01,246,0,3,0,1.7857142857142858,0.0,,2.3909351071033793
Fátima,2021-01-02,246,0,3,0,1.7857142857142858,0.0,,2.3909351071033793
Fátima,2021-01-03,246,0,3,0,1.7857142857142858,0.0,,2.3909351071033793
Fátima,2021-01-04,246,0,3,0,1.7857142857142858,0.0,,2.3909351071033793
Fátima,2021-01-05,246,0,3,0,1.2857142857142858,0.0,,2.3909351071033793
Fátima,2021-01-06,246,0,3,0,1.2142857142857142,0.0,,2.3909351071033793
Fátima,2021-01-07,246,0,3,0,0.7142857142857143,0.0,,2.3909351071033793
Fátima,2021-01-08,246,0,3,0,0.7142857142857143,0.0,,2.3909351071033793
Fátima,2021-01-09,246,0,3,0,0.7142857142857143,0.0,,2.3909351071033793
Fátima,2021-01-10,246,0,3,0,0.2857142857142857,0.0,,2.3909351071033793
Fátima,2021-01-11,246,0,3,0,0.2857142857142857,0.0,,2.3909351071033793
Fátima,2021-01-12,246,0,3,0,0.2857142857142857,0.0,,2.3909351071033793
Fátima,2021-01-13,246,0,3,0,0.21428571428571427,0.0,,2.3909351071033793
Fátima,2021-01-14,246,0,4,1,0.0,0.07142857142857142,inf,2.3909351071033793
Fátima,2021-01-15,246,0,4,0,0.0,0.07142857142857142,inf,2.3909351071033793
Fátima,2021-01-16,246,0,4,0,0.0,0.07142857142857142,inf,2.3909351071033793
Fátima,2021-01-17,246,0,4,0,0.0,0.07142857142857142,inf,2.3909351071033793
Fátima,2021-01-18,247,1,4,0,0.07142857142857142,0.07142857142857142,inf,2.392696953259666
Fátima,2021-01-19,248,1,4,0,0.14285714285714285,0.07142857142857142,inf,2.3944516808262164
Fátima,2021-01-20,248,0,4,0,0.14285714285714285,0.07142857142857142,inf,2.3944516808262164
Figueirópolis,2020-03-27,0,0,0,0,,,,0.0
Figueirópolis,2020-03-28,0,0,0,0,,,,0.0
Figueirópolis,2020-03-29,0,0,0,0,,,,0.0
Figueirópolis,2020-03-30,0,0,0,0,,,,0.0
Figueirópolis,2020-03-31,0,0,0,0,,,,0.0
Figueirópolis,2020-04-01,0,0,0,0,,,,0.0
Figueirópolis,2020-04-02,0,0,0,0,,,,0.0
Figueirópolis,2020-04-03,0,0,0,0,,,,0.0
Figueirópolis,2020-04-04,0,0,0,0,,,,0.0
Figueirópolis,2020-04-05,0,0,0,0,,,,0.0
Figueirópolis,2020-04-06,0,0,0,0,,,,0.0
Figueirópolis,2020-04-07,0,0,0,0,,,,0.0
Figueirópolis,2020-04-08,0,0,0,0,,,,0.0
Figueirópolis,2020-04-09,0,0,0,0,0.0,0.0,,0.0
Figueirópolis,2020-04-10,0,0,0,0,0.0,0.0,,0.0
Figueirópolis,2020-04-11,0,0,0,0,0.0,0.0,,0.0
Figueirópolis,2020-04-12,0,0,0,0,0.0,0.0,,0.0
Figueirópolis,2020-04-13,0,0,0,0,0.0,0.0,,0.0
Figueirópolis,2020-04-14,0,0,0,0,0.0,0.0,,0.0
Figueirópolis,2020-04-15,0,0,0,0,0.0,0.0,,0.0
Figueirópolis,2020-04-16,0,0,0,0,0.0,0.0,,0.0
Figueirópolis,2020-04-17,0,0,0,0,0.0,0.0,,0.0
Figueirópolis,2020-04-18,0,0,0,0,0.0,0.0,,0.0
Figueirópolis,2020-04-19,0,0,0,0,0.0,0.0,,0.0
Figueirópolis,2020-04-20,0,0,0,0,0.0,0.0,,0.0
Figueirópolis,2020-04-21,0,0,0,0,0.0,0.0,,0.0
Figueirópolis,2020-04-22,0,0,0,0,0.0,0.0,,0.0
Figueirópolis,2020-04-23,0,0,0,0,0.0,0.0,,0.0
Figueirópolis,2020-04-24,0,0,0,0,0.0,0.0,,0.0
Figueirópolis,2020-04-25,0,0,0,0,0.0,0.0,,0.0
Figueirópolis,2020-04-26,0,0,0,0,0.0,0.0,,0.0
Figueirópolis,2020-04-27,0,0,0,0,0.0,0.0,,0.0
Figueirópolis,2020-04-28,0,0,0,0,0.0,0.0,,0.0
Figueirópolis,2020-04-29,0,0,0,0,0.0,0.0,,0.0
Figueirópolis,2020-04-30,0,0,0,0,0.0,0.0,,0.0
Figueirópolis,2020-05-01,0,0,0,0,0.0,0.0,,0.0
Figueirópolis,2020-05-02,0,0,0,0,0.0,0.0,,0.0
Figueirópolis,2020-05-03,0,0,0,0,0.0,0.0,,0.0
Figueirópolis,2020-05-04,0,0,0,0,0.0,0.0,,0.0
Figueirópolis,2020-05-05,0,0,0,0,0.0,0.0,,0.0
Figueirópolis,2020-05-06,0,0,0,0,0.0,0.0,,0.0
Figueirópolis,2020-05-07,0,0,0,0,0.0,0.0,,0.0
Figueirópolis,2020-05-08,1,1,0,0,0.07142857142857142,0.0,,0.0
Figueirópolis,2020-05-09,1,0,0,0,0.07142857142857142,0.0,,0.0
Figueirópolis,2020-05-10,2,1,0,0,0.14285714285714285,0.0,,0.3010299956639812
Figueirópolis,2020-05-11,2,0,0,0,0.14285714285714285,0.0,,0.3010299956639812
Figueirópolis,2020-05-12,2,0,0,0,0.14285714285714285,0.0,,0.3010299956639812
Figueirópolis,2020-05-13,2,0,0,0,0.14285714285714285,0.0,,0.3010299956639812
Figueirópolis,2020-05-14,2,0,0,0,0.14285714285714285,0.0,,0.3010299956639812
Figueirópolis,2020-05-15,2,0,0,0,0.14285714285714285,0.0,,0.3010299956639812
Figueirópolis,2020-05-16,2,0,0,0,0.14285714285714285,0.0,,0.3010299956639812
Figueirópolis,2020-05-17,2,0,0,0,0.14285714285714285,0.0,,0.3010299956639812
Figueirópolis,2020-05-18,2,0,0,0,0.14285714285714285,0.0,,0.3010299956639812
Figueirópolis,2020-05-19,4,2,1,1,0.2857142857142857,0.07142857142857142,inf,0.6020599913279624
Figueirópolis,2020-05-20,3,-1,1,0,0.21428571428571427,0.07142857142857142,inf,0.47712125471966244
Figueirópolis,2020-05-21,3,0,1,0,0.21428571428571427,0.07142857142857142,inf,0.47712125471966244
Figueirópolis,2020-05-22,4,1,1,0,0.21428571428571427,0.07142857142857142,inf,0.6020599913279624
Figueirópolis,2020-05-23,6,2,1,0,0.35714285714285715,0.07142857142857142,inf,0.7781512503836436
Figueirópolis,2020-05-24,6,0,1,0,0.2857142857142857,0.07142857142857142,inf,0.7781512503836436
Figueirópolis,2020-05-25,6,0,1,0,0.2857142857142857,0.07142857142857142,inf,0.7781512503836436
Figueirópolis,2020-05-26,6,0,1,0,0.2857142857142857,0.07142857142857142,inf,0.7781512503836436
Figueirópolis,2020-05-27,6,0,1,0,0.2857142857142857,0.07142857142857142,inf,0.7781512503836436
Figueirópolis,2020-05-28,6,0,1,0,0.2857142857142857,0.07142857142857142,inf,0.7781512503836436
Figueirópolis,2020-05-29,6,0,1,0,0.2857142857142857,0.07142857142857142,inf,0.7781512503836436
Figueirópolis,2020-05-30,7,1,1,0,0.35714285714285715,0.07142857142857142,inf,0.8450980400142568
Figueirópolis,2020-05-31,7,0,1,0,0.35714285714285715,0.07142857142857142,inf,0.8450980400142568
Figueirópolis,2020-06-01,7,0,1,0,0.35714285714285715,0.07142857142857142,inf,0.8450980400142568
Figueirópolis,2020-06-02,7,0,1,0,0.21428571428571427,0.0,-1.0,0.8450980400142568
Figueirópolis,2020-06-03,7,0,1,0,0.2857142857142857,0.0,-1.0,0.8450980400142568
Figueirópolis,2020-06-04,7,0,1,0,0.2857142857142857,0.0,-1.0,0.8450980400142568
Figueirópolis,2020-06-05,7,0,1,0,0.21428571428571427,0.0,-1.0,0.8450980400142568
Figueirópolis,2020-06-06,8,1,1,0,0.14285714285714285,0.0,-1.0,0.9030899869919435
Figueirópolis,2020-06-07,9,1,1,0,0.21428571428571427,0.0,-1.0,0.9542425094393249
Figueirópolis,2020-06-08,10,1,1,0,0.2857142857142857,0.0,-1.0,1.0
Figueirópolis,2020-06-09,12,2,1,0,0.42857142857142855,0.0,-1.0,1.0791812460476249
Figueirópolis,2020-06-10,12,0,1,0,0.42857142857142855,0.0,-1.0,1.0791812460476249
Figueirópolis,2020-06-11,12,0,1,0,0.42857142857142855,0.0,-1.0,1.0791812460476249
Figueirópolis,2020-06-12,15,3,1,0,0.6428571428571429,0.0,-1.0,1.1760912590556813
Figueirópolis,2020-06-13,15,0,1,0,0.5714285714285714,0.0,-1.0,1.1760912590556813
Figueirópolis,2020-06-14,15,0,1,0,0.5714285714285714,0.0,-1.0,1.1760912590556813
Figueirópolis,2020-06-15,15,0,1,0,0.5714285714285714,0.0,-1.0,1.1760912590556813
Figueirópolis,2020-06-16,15,0,1,0,0.5714285714285714,0.0,,1.1760912590556813
Figueirópolis,2020-06-17,15,0,1,0,0.5714285714285714,0.0,,1.1760912590556813
Figueirópolis,2020-06-18,15,0,1,0,0.5714285714285714,0.0,,1.1760912590556813
Figueirópolis,2020-06-19,16,1,1,0,0.6428571428571429,0.0,,1.2041199826559248
Figueirópolis,2020-06-20,16,0,1,0,0.5714285714285714,0.0,,1.2041199826559248
Figueirópolis,2020-06-21,16,0,1,0,0.5,0.0,,1.2041199826559248
Figueirópolis,2020-06-22,16,0,1,0,0.42857142857142855,0.0,,1.2041199826559248
Figueirópolis,2020-06-23,16,0,1,0,0.2857142857142857,0.0,,1.2041199826559248
Figueirópolis,2020-06-24,16,0,1,0,0.2857142857142857,0.0,,1.2041199826559248
Figueirópolis,2020-06-25,16,0,1,0,0.2857142857142857,0.0,,1.2041199826559248
Figueirópolis,2020-06-26,16,0,1,0,0.07142857142857142,0.0,,1.2041199826559248
Figueirópolis,2020-06-27,16,0,1,0,0.07142857142857142,0.0,,1.2041199826559248
Figueirópolis,2020-06-28,19,3,1,0,0.2857142857142857,0.0,,1.2787536009528289
Figueirópolis,2020-06-29,19,0,1,0,0.2857142857142857,0.0,,1.2787536009528289
Figueirópolis,2020-06-30,19,0,1,0,0.2857142857142857,0.0,,1.2787536009528289
Figueirópolis,2020-07-01,22,3,1,0,0.5,0.0,,1.3424226808222062
Figueirópolis,2020-07-02,21,-1,1,0,0.42857142857142855,0.0,,1.3222192947339193
Figueirópolis,2020-07-03,22,1,1,0,0.42857142857142855,0.0,,1.3424226808222062
Figueirópolis,2020-07-04,22,0,1,0,0.42857142857142855,0.0,,1.3424226808222062
Figueirópolis,2020-07-05,22,0,1,0,0.42857142857142855,0.0,,1.3424226808222062
Figueirópolis,2020-07-06,22,0,1,0,0.42857142857142855,0.0,,1.3424226808222062
Figueirópolis,2020-07-07,22,0,1,0,0.42857142857142855,0.0,,1.3424226808222062
Figueirópolis,2020-07-08,22,0,1,0,0.42857142857142855,0.0,,1.3424226808222062
Figueirópolis,2020-07-09,22,0,1,0,0.42857142857142855,0.0,,1.3424226808222062
Figueirópolis,2020-07-10,22,0,1,0,0.42857142857142855,0.0,,1.3424226808222062
Figueirópolis,2020-07-11,22,0,1,0,0.42857142857142855,0.0,,1.3424226808222062
Figueirópolis,2020-07-12,22,0,1,0,0.21428571428571427,0.0,,1.3424226808222062
Figueirópolis,2020-07-13,22,0,1,0,0.21428571428571427,0.0,,1.3424226808222062
Figueirópolis,2020-07-14,22,0,1,0,0.21428571428571427,0.0,,1.3424226808222062
Figueirópolis,2020-07-15,23,1,1,0,0.07142857142857142,0.0,,1.3617278360175928
Figueirópolis,2020-07-16,23,0,1,0,0.14285714285714285,0.0,,1.3617278360175928
Figueirópolis,2020-07-17,23,0,1,0,0.07142857142857142,0.0,,1.3617278360175928
Figueirópolis,2020-07-18,23,0,1,0,0.07142857142857142,0.0,,1.3617278360175928
Figueirópolis,2020-07-19,23,0,1,0,0.07142857142857142,0.0,,1.3617278360175928
Figueirópolis,2020-07-20,23,0,1,0,0.07142857142857142,0.0,,1.3617278360175928
Figueirópolis,2020-07-21,23,0,1,0,0.07142857142857142,0.0,,1.3617278360175928
Figueirópolis,2020-07-22,23,0,1,0,0.07142857142857142,0.0,,1.3617278360175928
Figueirópolis,2020-07-23,23,0,1,0,0.07142857142857142,0.0,,1.3617278360175928
Figueirópolis,2020-07-24,23,0,1,0,0.07142857142857142,0.0,,1.3617278360175928
Figueirópolis,2020-07-25,26,3,1,0,0.2857142857142857,0.0,,1.414973347970818
Figueirópolis,2020-07-26,25,-1,1,0,0.21428571428571427,0.0,,1.3979400086720377
Figueirópolis,2020-07-27,25,0,1,0,0.21428571428571427,0.0,,1.3979400086720377
Figueirópolis,2020-07-28,26,1,1,0,0.2857142857142857,0.0,,1.414973347970818
Figueirópolis,2020-07-29,34,8,1,0,0.7857142857142857,0.0,,1.5314789170422551
Figueirópolis,2020-07-30,34,0,1,0,0.7857142857142857,0.0,,1.5314789170422551
Figueirópolis,2020-07-31,34,0,1,0,0.7857142857142857,0.0,,1.5314789170422551
Figueirópolis,2020-08-01,36,2,1,0,0.9285714285714286,0.0,,1.5563025007672873
Figueirópolis,2020-08-02,37,1,1,0,1.0,0.0,,1.568201724066995
Figueirópolis,2020-08-03,43,6,1,0,1.4285714285714286,0.0,,1.6334684555795866
Figueirópolis,2020-08-04,44,1,1,0,1.5,0.0,,1.6434526764861874
Figueirópolis,2020-08-05,45,1,1,0,1.5714285714285714,0.0,,1.6532125137753437
Figueirópolis,2020-08-06,46,1,1,0,1.6428571428571428,0.0,,1.662757831681574
Figueirópolis,2020-08-07,46,0,2,1,1.6428571428571428,0.07142857142857142,inf,1.662757831681574
Figueirópolis,2020-08-08,46,0,3,1,1.4285714285714286,0.14285714285714285,inf,1.662757831681574
Figueirópolis,2020-08-09,46,0,3,0,1.5,0.14285714285714285,inf,1.662757831681574
Figueirópolis,2020-08-10,50,4,3,0,1.7857142857142858,0.14285714285714285,inf,1.6989700043360187
Figueirópolis,2020-08-11,52,2,3,0,1.8571428571428572,0.14285714285714285,inf,1.7160033436347992
Figueirópolis,2020-08-12,52,0,4,1,1.2857142857142858,0.21428571428571427,inf,1.7160033436347992
Figueirópolis,2020-08-13,52,0,4,0,1.2857142857142858,0.21428571428571427,inf,1.7160033436347992
Figueirópolis,2020-08-14,52,0,4,0,1.2857142857142858,0.21428571428571427,inf,1.7160033436347992
Figueirópolis,2020-08-15,61,9,4,0,1.7857142857142858,0.21428571428571427,inf,1.7853298350107671
Figueirópolis,2020-08-16,62,1,4,0,1.7857142857142858,0.21428571428571427,inf,1.792391689498254
Figueirópolis,2020-08-17,62,0,4,0,1.3571428571428572,0.21428571428571427,inf,1.792391689498254
Figueirópolis,2020-08-18,67,5,4,0,1.6428571428571428,0.21428571428571427,inf,1.8260748027008264
Figueirópolis,2020-08-19,69,2,4,0,1.7142857142857142,0.21428571428571427,inf,1.8388490907372552
Figueirópolis,2020-08-20,72,3,4,0,1.8571428571428572,0.21428571428571427,inf,1.8573324964312685
Figueirópolis,2020-08-21,75,3,4,0,2.0714285714285716,0.14285714285714285,1.0,1.8750612633917
Figueirópolis,2020-08-22,76,1,4,0,2.142857142857143,0.07142857142857142,-0.5,1.8808135922807914
Figueirópolis,2020-08-23,82,6,4,0,2.5714285714285716,0.07142857142857142,-0.5,1.9138138523837167
Figueirópolis,2020-08-24,84,2,4,0,2.4285714285714284,0.07142857142857142,-0.5,1.9242792860618816
Figueirópolis,2020-08-25,87,3,4,0,2.5,0.07142857142857142,-0.5,1.9395192526186185
Figueirópolis,2020-08-26,97,10,4,0,3.2142857142857144,0.0,-1.0,1.9867717342662448
Figueirópolis,2020-08-27,98,1,4,0,3.2857142857142856,0.0,-1.0,1.9912260756924949
Figueirópolis,2020-08-28,95,-3,4,0,3.0714285714285716,0.0,-1.0,1.9777236052888478
Figueirópolis,2020-08-29,108,13,4,0,3.357142857142857,0.0,-1.0,2.03342375548695
Figueirópolis,2020-08-30,107,-1,4,0,3.2142857142857144,0.0,-1.0,2.0293837776852097
Figueirópolis,2020-08-31,107,0,4,0,3.2142857142857144,0.0,-1.0,2.0293837776852097
Figueirópolis,2020-09-01,109,2,4,0,3.0,0.0,-1.0,2.037426497940624
Figueirópolis,2020-09-02,112,3,4,0,3.0714285714285716,0.0,-1.0,2.0492180226701815
Figueirópolis,2020-09-03,113,1,4,0,2.9285714285714284,0.0,-1.0,2.05307844348342
Figueirópolis,2020-09-04,113,0,4,0,2.7142857142857144,0.0,-1.0,2.05307844348342
Figueirópolis,2020-09-05,118,5,4,0,3.0,0.0,-1.0,2.0718820073061255
Figueirópolis,2020-09-06,121,3,4,0,2.7857142857142856,0.0,-1.0,2.08278537031645
Figueirópolis,2020-09-07,121,0,4,0,2.642857142857143,0.0,-1.0,2.08278537031645
Figueirópolis,2020-09-08,122,1,4,0,2.5,0.0,-1.0,2.0863598306747484
Figueirópolis,2020-09-09,122,0,4,0,1.7857142857142858,0.0,,2.0863598306747484
Figueirópolis,2020-09-10,126,4,4,0,2.0,0.0,,2.100370545117563
Figueirópolis,2020-09-11,128,2,4,0,2.357142857142857,0.0,,2.1072099696478683
Figueirópolis,2020-09-12,129,1,4,0,1.5,0.0,,2.110589710299249
Figueirópolis,2020-09-13,129,0,4,0,1.5714285714285714,0.0,,2.110589710299249
Figueirópolis,2020-09-14,130,1,4,0,1.6428571428571428,0.0,,2.113943352306837
Figueirópolis,2020-09-15,134,4,4,0,1.7857142857142858,0.0,,2.1271047983648077
Figueirópolis,2020-09-16,134,0,4,0,1.5714285714285714,0.0,,2.1271047983648077
Figueirópolis,2020-09-17,136,2,4,0,1.6428571428571428,0.0,,2.1335389083702174
Figueirópolis,2020-09-18,137,1,4,0,1.7142857142857142,0.0,,2.1367205671564067
Figueirópolis,2020-09-19,137,0,4,0,1.3571428571428572,0.0,,2.1367205671564067
Figueirópolis,2020-09-20,137,0,4,0,1.1428571428571428,0.0,,2.1367205671564067
Figueirópolis,2020-09-21,136,-1,4,0,1.0714285714285714,0.0,,2.1335389083702174
Figueirópolis,2020-09-22,138,2,4,0,1.1428571428571428,0.0,,2.1398790864012365
Figueirópolis,2020-09-23,137,-1,4,0,1.0714285714285714,0.0,,2.1367205671564067
Figueirópolis,2020-09-24,137,0,4,0,0.7857142857142857,0.0,,2.1367205671564067
Figueirópolis,2020-09-25,139,2,5,1,0.7857142857142857,0.07142857142857142,inf,2.143014800254095
Figueirópolis,2020-09-26,139,0,5,0,0.7142857142857143,0.07142857142857142,inf,2.143014800254095
Figueirópolis,2020-09-27,139,0,5,0,0.7142857142857143,0.07142857142857142,inf,2.143014800254095
Figueirópolis,2020-09-28,139,0,5,0,0.6428571428571429,0.07142857142857142,inf,2.143014800254095
Figueirópolis,2020-09-29,142,3,5,0,0.5714285714285714,0.07142857142857142,inf,2.1522883443830563
Figueirópolis,2020-09-30,143,1,5,0,0.6428571428571429,0.07142857142857142,inf,2.155336037465062
Figueirópolis,2020-10-01,143,0,5,0,0.5,0.07142857142857142,inf,2.155336037465062
Figueirópolis,2020-10-02,143,0,5,0,0.42857142857142855,0.07142857142857142,inf,2.155336037465062
Figueirópolis,2020-10-03,144,1,5,0,0.5,0.07142857142857142,inf,2.1583624920952498
Figueirópolis,2020-10-04,144,0,5,0,0.5,0.07142857142857142,inf,2.1583624920952498
Figueirópolis,2020-10-05,144,0,5,0,0.5714285714285714,0.07142857142857142,inf,2.1583624920952498
Figueirópolis,2020-10-06,144,0,5,0,0.42857142857142855,0.07142857142857142,inf,2.1583624920952498
Figueirópolis,2020-10-07,145,1,5,0,0.5714285714285714,0.07142857142857142,inf,2.161368002234975
Figueirópolis,2020-10-08,145,0,5,0,0.5714285714285714,0.07142857142857142,inf,2.161368002234975
Figueirópolis,2020-10-09,145,0,5,0,0.42857142857142855,0.0,-1.0,2.161368002234975
Figueirópolis,2020-10-10,145,0,5,0,0.42857142857142855,0.0,-1.0,2.161368002234975
Figueirópolis,2020-10-11,145,0,5,0,0.42857142857142855,0.0,-1.0,2.161368002234975
Figueirópolis,2020-10-12,145,0,5,0,0.42857142857142855,0.0,-1.0,2.161368002234975
Figueirópolis,2020-10-13,145,0,5,0,0.21428571428571427,0.0,-1.0,2.161368002234975
Figueirópolis,2020-10-14,150,5,5,0,0.5,0.0,-1.0,2.1760912590556813
Figueirópolis,2020-10-15,152,2,5,0,0.6428571428571429,0.0,-1.0,2.1818435879447726
Figueirópolis,2020-10-16,154,2,5,0,0.7857142857142857,0.0,-1.0,2.187520720836463
Figueirópolis,2020-10-17,164,10,6,1,1.4285714285714286,0.07142857142857142,0.0,2.214843848047698
Figueirópolis,2020-10-18,164,0,6,0,1.4285714285714286,0.07142857142857142,0.0,2.214843848047698
Figueirópolis,2020-10-19,164,0,6,0,1.4285714285714286,0.07142857142857142,0.0,2.214843848047698
Figueirópolis,2020-10-20,195,31,6,0,3.642857142857143,0.07142857142857142,0.0,2.290034611362518
Figueirópolis,2020-10-21,203,8,6,0,4.142857142857143,0.07142857142857142,0.0,2.307496037913213
Figueirópolis,2020-10-22,217,14,6,0,5.142857142857143,0.07142857142857142,0.0,2.3364597338485296
Figueirópolis,2020-10-23,230,13,6,0,6.071428571428571,0.07142857142857142,inf,2.361727836017593
Figueirópolis,2020-10-24,238,8,6,0,6.642857142857143,0.07142857142857142,inf,2.376576957056512
Figueirópolis,2020-10-25,239,1,6,0,6.714285714285714,0.07142857142857142,inf,2.3783979009481375
Figueirópolis,2020-10-26,239,0,6,0,6.714285714285714,0.07142857142857142,inf,2.3783979009481375
Figueirópolis,2020-10-27,256,17,6,0,7.928571428571429,0.07142857142857142,inf,2.4082399653118496
Figueirópolis,2020-10-28,266,10,6,0,8.285714285714286,0.07142857142857142,inf,2.424881636631067
Figueirópolis,2020-10-29,273,7,6,0,8.642857142857142,0.07142857142857142,inf,2.436162647040756
Figueirópolis,2020-10-30,276,3,6,0,8.714285714285714,0.07142857142857142,inf,2.4409090820652177
Figueirópolis,2020-10-31,276,0,6,0,8.0,0.0,-1.0,2.4409090820652177
Figueirópolis,2020-11-01,276,0,6,0,8.0,0.0,-1.0,2.4409090820652177
Figueirópolis,2020-11-02,276,0,6,0,8.0,0.0,-1.0,2.4409090820652177
Figueirópolis,2020-11-03,276,0,6,0,5.785714285714286,0.0,-1.0,2.4409090820652177
Figueirópolis,2020-11-04,278,2,6,0,5.357142857142857,0.0,-1.0,2.444044795918076
Figueirópolis,2020-11-05,281,3,6,0,4.571428571428571,0.0,-1.0,2.44870631990508
Figueirópolis,2020-11-06,281,0,6,0,3.642857142857143,0.0,-1.0,2.44870631990508
Figueirópolis,2020-11-07,281,0,6,0,3.0714285714285716,0.0,-1.0,2.44870631990508
Figueirópolis,2020-11-08,281,0,6,0,3.0,0.0,-1.0,2.44870631990508
Figueirópolis,2020-11-09,281,0,6,0,3.0,0.0,-1.0,2.44870631990508
Figueirópolis,2020-11-10,281,0,6,0,1.7857142857142858,0.0,-1.0,2.44870631990508
Figueirópolis,2020-11-11,281,0,6,0,1.0714285714285714,0.0,-1.0,2.44870631990508
Figueirópolis,2020-11-12,281,0,6,0,0.5714285714285714,0.0,-1.0,2.44870631990508
Figueirópolis,2020-11-13,282,1,7,1,0.42857142857142855,0.07142857142857142,0.0,2.450249108319361
Figueirópolis,2020-11-14,291,9,7,0,1.0714285714285714,0.07142857142857142,inf,2.4638929889859074
Figueirópolis,2020-11-15,291,0,7,0,1.0714285714285714,0.07142857142857142,inf,2.4638929889859074
Figueirópolis,2020-11-16,291,0,7,0,1.0714285714285714,0.07142857142857142,inf,2.4638929889859074
Figueirópolis,2020-11-17,294,3,7,0,1.2857142857142858,0.07142857142857142,inf,2.4683473304121573
Figueirópolis,2020-11-18,304,10,7,0,1.8571428571428572,0.07142857142857142,inf,2.482873583608754
Figueirópolis,2020-11-19,329,25,7,0,3.4285714285714284,0.07142857142857142,inf,2.5171958979499744
Figueirópolis,2020-11-20,330,1,7,0,3.5,0.07142857142857142,inf,2.5185139398778875
Figueirópolis,2020-11-21,330,0,7,0,3.5,0.07142857142857142,inf,2.5185139398778875
Figueirópolis,2020-11-22,330,0,7,0,3.5,0.07142857142857142,inf,2.5185139398778875
Figueirópolis,2020-11-23,330,0,7,0,3.5,0.07142857142857142,inf,2.5185139398778875
Figueirópolis,2020-11-24,330,0,7,0,3.5,0.07142857142857142,inf,2.5185139398778875
Figueirópolis,2020-11-25,330,0,7,0,3.5,0.07142857142857142,inf,2.5185139398778875
Figueirópolis,2020-11-26,330,0,7,0,3.5,0.07142857142857142,inf,2.5185139398778875
Figueirópolis,2020-11-27,330,0,7,0,3.4285714285714284,0.0,-1.0,2.5185139398778875
Figueirópolis,2020-11-28,330,0,7,0,2.7857142857142856,0.0,-1.0,2.5185139398778875
Figueirópolis,2020-11-29,330,0,7,0,2.7857142857142856,0.0,-1.0,2.5185139398778875
Figueirópolis,2020-11-30,330,0,7,0,2.7857142857142856,0.0,-1.0,2.5185139398778875
Figueirópolis,2020-12-01,331,1,7,0,2.642857142857143,0.0,-1.0,2.519827993775719
Figueirópolis,2020-12-02,331,0,7,0,1.9285714285714286,0.0,-1.0,2.519827993775719
Figueirópolis,2020-12-03,331,0,7,0,0.14285714285714285,0.0,-1.0,2.519827993775719
Figueirópolis,2020-12-04,332,1,7,0,0.14285714285714285,0.0,-1.0,2.5211380837040362
Figueirópolis,2020-12-05,332,0,7,0,0.14285714285714285,0.0,-1.0,2.5211380837040362
Figueirópolis,2020-12-06,332,0,7,0,0.14285714285714285,0.0,-1.0,2.5211380837040362
Figueirópolis,2020-12-07,332,0,7,0,0.14285714285714285,0.0,-1.0,2.5211380837040362
Figueirópolis,2020-12-08,332,0,7,0,0.14285714285714285,0.0,-1.0,2.5211380837040362
Figueirópolis,2020-12-09,332,0,7,0,0.14285714285714285,0.0,-1.0,2.5211380837040362
Figueirópolis,2020-12-10,333,1,7,0,0.21428571428571427,0.0,-1.0,2.5224442335063197
Figueirópolis,2020-12-11,334,1,7,0,0.2857142857142857,0.0,,2.5237464668115646
Figueirópolis,2020-12-12,334,0,7,0,0.2857142857142857,0.0,,2.5237464668115646
Figueirópolis,2020-12-13,334,0,7,0,0.2857142857142857,0.0,,2.5237464668115646
Figueirópolis,2020-12-14,334,0,7,0,0.2857142857142857,0.0,,2.5237464668115646
Figueirópolis,2020-12-15,334,0,7,0,0.21428571428571427,0.0,,2.5237464668115646
Figueirópolis,2020-12-16,335,1,7,0,0.2857142857142857,0.0,,2.525044807036845
Figueirópolis,2020-12-17,335,0,7,0,0.2857142857142857,0.0,,2.525044807036845
Figueirópolis,2020-12-18,335,0,7,0,0.21428571428571427,0.0,,2.525044807036845
Figueirópolis,2020-12-19,335,0,7,0,0.21428571428571427,0.0,,2.525044807036845
Figueirópolis,2020-12-20,335,0,7,0,0.21428571428571427,0.0,,2.525044807036845
Figueirópolis,2020-12-21,336,1,7,0,0.2857142857142857,0.0,,2.526339277389844
Figueirópolis,2020-12-22,336,0,7,0,0.2857142857142857,0.0,,2.526339277389844
Figueirópolis,2020-12-23,336,0,7,0,0.2857142857142857,0.0,,2.526339277389844
Figueirópolis,2020-12-24,336,0,7,0,0.21428571428571427,0.0,,2.526339277389844
Figueirópolis,2020-12-25,336,0,7,0,0.14285714285714285,0.0,,2.526339277389844
Figueirópolis,2020-12-26,336,0,7,0,0.14285714285714285,0.0,,2.526339277389844
Figueirópolis,2020-12-27,336,0,7,0,0.14285714285714285,0.0,,2.526339277389844
Figueirópolis,2020-12-28,336,0,7,0,0.14285714285714285,0.0,,2.526339277389844
Figueirópolis,2020-12-29,336,0,7,0,0.14285714285714285,0.0,,2.526339277389844
Figueirópolis,2020-12-30,338,2,7,0,0.21428571428571427,0.0,,2.5289167002776547
Figueirópolis,2020-12-31,339,1,7,0,0.2857142857142857,0.0,,2.530199698203082
Figueirópolis,2021-01-01,339,0,7,0,0.2857142857142857,0.0,,2.530199698203082
Figueirópolis,2021-01-02,339,0,7,0,0.2857142857142857,0.0,,2.530199698203082
Figueirópolis,2021-01-03,339,0,7,0,0.2857142857142857,0.0,,2.530199698203082
Figueirópolis,2021-01-04,339,0,7,0,0.21428571428571427,0.0,,2.530199698203082
Figueirópolis,2021-01-05,339,0,7,0,0.21428571428571427,0.0,,2.530199698203082
Figueirópolis,2021-01-06,339,0,7,0,0.21428571428571427,0.0,,2.530199698203082
Figueirópolis,2021-01-07,340,1,7,0,0.2857142857142857,0.0,,2.531478917042255
Figueirópolis,2021-01-08,340,0,7,0,0.2857142857142857,0.0,,2.531478917042255
Figueirópolis,2021-01-09,340,0,7,0,0.2857142857142857,0.0,,2.531478917042255
Figueirópolis,2021-01-10,340,0,7,0,0.2857142857142857,0.0,,2.531478917042255
Figueirópolis,2021-01-11,341,1,7,0,0.35714285714285715,0.0,,2.5327543789924976
Figueirópolis,2021-01-12,341,0,7,0,0.35714285714285715,0.0,,2.5327543789924976
Figueirópolis,2021-01-13,343,2,7,0,0.35714285714285715,0.0,,2.5352941200427703
Figueirópolis,2021-01-14,344,1,7,0,0.35714285714285715,0.0,,2.53655844257153
Figueirópolis,2021-01-15,346,2,7,0,0.5,0.0,,2.5390760987927767
Figueirópolis,2021-01-16,346,0,7,0,0.5,0.0,,2.5390760987927767
Figueirópolis,2021-01-17,347,1,7,0,0.5714285714285714,0.0,,2.5403294747908736
Figueirópolis,2021-01-18,347,0,7,0,0.5714285714285714,0.0,,2.5403294747908736
Figueirópolis,2021-01-19,347,0,7,0,0.5714285714285714,0.0,,2.5403294747908736
Figueirópolis,2021-01-20,348,1,7,0,0.6428571428571429,0.0,,2.5415792439465807
Filadélfia,2020-03-27,0,0,0,0,,,,0.0
Filadélfia,2020-03-28,0,0,0,0,,,,0.0
Filadélfia,2020-03-29,0,0,0,0,,,,0.0
Filadélfia,2020-03-30,0,0,0,0,,,,0.0
Filadélfia,2020-03-31,0,0,0,0,,,,0.0
Filadélfia,2020-04-01,0,0,0,0,,,,0.0
Filadélfia,2020-04-02,0,0,0,0,,,,0.0
Filadélfia,2020-04-03,0,0,0,0,,,,0.0
Filadélfia,2020-04-04,0,0,0,0,,,,0.0
Filadélfia,2020-04-05,0,0,0,0,,,,0.0
Filadélfia,2020-04-06,0,0,0,0,,,,0.0
Filadélfia,2020-04-07,0,0,0,0,,,,0.0
Filadélfia,2020-04-08,0,0,0,0,,,,0.0
Filadélfia,2020-04-09,0,0,0,0,0.0,0.0,,0.0
Filadélfia,2020-04-10,0,0,0,0,0.0,0.0,,0.0
Filadélfia,2020-04-11,0,0,0,0,0.0,0.0,,0.0
Filadélfia,2020-04-12,0,0,0,0,0.0,0.0,,0.0
Filadélfia,2020-04-13,0,0,0,0,0.0,0.0,,0.0
Filadélfia,2020-04-14,0,0,0,0,0.0,0.0,,0.0
Filadélfia,2020-04-15,0,0,0,0,0.0,0.0,,0.0
Filadélfia,2020-04-16,0,0,0,0,0.0,0.0,,0.0
Filadélfia,2020-04-17,0,0,0,0,0.0,0.0,,0.0
Filadélfia,2020-04-18,0,0,0,0,0.0,0.0,,0.0
Filadélfia,2020-04-19,0,0,0,0,0.0,0.0,,0.0
Filadélfia,2020-04-20,0,0,0,0,0.0,0.0,,0.0
Filadélfia,2020-04-21,0,0,0,0,0.0,0.0,,0.0
Filadélfia,2020-04-22,0,0,0,0,0.0,0.0,,0.0
Filadélfia,2020-04-23,0,0,0,0,0.0,0.0,,0.0
Filadélfia,2020-04-24,0,0,0,0,0.0,0.0,,0.0
Filadélfia,2020-04-25,0,0,0,0,0.0,0.0,,0.0
Filadélfia,2020-04-26,0,0,0,0,0.0,0.0,,0.0
Filadélfia,2020-04-27,0,0,0,0,0.0,0.0,,0.0
Filadélfia,2020-04-28,0,0,0,0,0.0,0.0,,0.0
Filadélfia,2020-04-29,0,0,0,0,0.0,0.0,,0.0
Filadélfia,2020-04-30,0,0,0,0,0.0,0.0,,0.0
Filadélfia,2020-05-01,0,0,0,0,0.0,0.0,,0.0
Filadélfia,2020-05-02,0,0,0,0,0.0,0.0,,0.0
Filadélfia,2020-05-03,0,0,0,0,0.0,0.0,,0.0
Filadélfia,2020-05-04,0,0,0,0,0.0,0.0,,0.0
Filadélfia,2020-05-05,0,0,0,0,0.0,0.0,,0.0
Filadélfia,2020-05-06,1,1,0,0,0.07142857142857142,0.0,,0.0
Filadélfia,2020-05-07,1,0,0,0,0.07142857142857142,0.0,,0.0
Filadélfia,2020-05-08,0,-1,0,0,0.0,0.0,,0.0
Filadélfia,2020-05-09,0,0,0,0,0.0,0.0,,0.0
Filadélfia,2020-05-10,0,0,0,0,0.0,0.0,,0.0
Filadélfia,2020-05-11,0,0,0,0,0.0,0.0,,0.0
Filadélfia,2020-05-12,0,0,0,0,0.0,0.0,,0.0
Filadélfia,2020-05-13,0,0,0,0,0.0,0.0,,0.0
Filadélfia,2020-05-14,0,0,0,0,0.0,0.0,,0.0
Filadélfia,2020-05-15,0,0,0,0,0.0,0.0,,0.0
Filadélfia,2020-05-16,0,0,0,0,0.0,0.0,,0.0
Filadélfia,2020-05-17,0,0,0,0,0.0,0.0,,0.0
Filadélfia,2020-05-18,0,0,0,0,0.0,0.0,,0.0
Filadélfia,2020-05-19,1,1,0,0,0.07142857142857142,0.0,,0.0
Filadélfia,2020-05-20,2,1,0,0,0.07142857142857142,0.0,,0.3010299956639812
Filadélfia,2020-05-21,1,-1,0,0,0.0,0.0,,0.0
Filadélfia,2020-05-22,1,0,0,0,0.07142857142857142,0.0,,0.0
Filadélfia,2020-05-23,3,2,0,0,0.21428571428571427,0.0,,0.47712125471966244
Filadélfia,2020-05-24,3,0,0,0,0.21428571428571427,0.0,,0.47712125471966244
Filadélfia,2020-05-25,6,3,0,0,0.42857142857142855,0.0,,0.7781512503836436
Filadélfia,2020-05-26,6,0,0,0,0.42857142857142855,0.0,,0.7781512503836436
Filadélfia,2020-05-27,6,0,0,0,0.42857142857142855,0.0,,0.7781512503836436
Filadélfia,2020-05-28,6,0,0,0,0.42857142857142855,0.0,,0.7781512503836436
Filadélfia,2020-05-29,15,9,0,0,1.0714285714285714,0.0,,1.1760912590556813
Filadélfia,2020-05-30,15,0,0,0,1.0714285714285714,0.0,,1.1760912590556813
Filadélfia,2020-05-31,18,3,0,0,1.2857142857142858,0.0,,1.255272505103306
Filadélfia,2020-06-01,18,0,0,0,1.2857142857142858,0.0,,1.255272505103306
Filadélfia,2020-06-02,18,0,0,0,1.2142857142857142,0.0,,1.255272505103306
Filadélfia,2020-06-03,18,0,0,0,1.1428571428571428,0.0,,1.255272505103306
Filadélfia,2020-06-04,21,3,0,0,1.4285714285714286,0.0,,1.3222192947339193
Filadélfia,2020-06-05,22,1,0,0,1.5,0.0,,1.3424226808222062
Filadélfia,2020-06-06,23,1,0,0,1.4285714285714286,0.0,,1.3617278360175928
Filadélfia,2020-06-07,26,3,0,0,1.6428571428571428,0.0,,1.414973347970818
Filadélfia,2020-06-08,27,1,0,0,1.5,0.0,,1.4313637641589874
Filadélfia,2020-06-09,28,1,0,0,1.5714285714285714,0.0,,1.4471580313422192
Filadélfia,2020-06-10,30,2,0,0,1.7142857142857142,0.0,,1.4771212547196624
Filadélfia,2020-06-11,28,-2,0,0,1.5714285714285714,0.0,,1.4471580313422192
Filadélfia,2020-06-12,33,5,0,0,1.2857142857142858,0.0,,1.5185139398778875
Filadélfia,2020-06-13,35,2,0,0,1.4285714285714286,0.0,,1.5440680443502757
Filadélfia,2020-06-14,35,0,0,0,1.2142857142857142,0.0,,1.5440680443502757
Filadélfia,2020-06-15,36,1,0,0,1.2857142857142858,0.0,,1.5563025007672873
Filadélfia,2020-06-16,38,2,0,0,1.4285714285714286,0.0,,1.5797835966168101
Filadélfia,2020-06-17,37,-1,0,0,1.3571428571428572,0.0,,1.568201724066995
Filadélfia,2020-06-18,36,-1,0,0,1.0714285714285714,0.0,,1.5563025007672873
Filadélfia,2020-06-19,36,0,1,1,1.0,0.07142857142857142,inf,1.5563025007672873
Filadélfia,2020-06-20,37,1,1,0,1.0,0.07142857142857142,inf,1.568201724066995
Filadélfia,2020-06-21,37,0,1,0,0.7857142857142857,0.07142857142857142,inf,1.568201724066995
Filadélfia,2020-06-22,37,0,1,0,0.7142857142857143,0.07142857142857142,inf,1.568201724066995
Filadélfia,2020-06-23,38,1,1,0,0.7142857142857143,0.07142857142857142,inf,1.5797835966168101
Filadélfia,2020-06-24,38,0,1,0,0.5714285714285714,0.07142857142857142,inf,1.5797835966168101
Filadélfia,2020-06-25,38,0,1,0,0.7142857142857143,0.07142857142857142,inf,1.5797835966168101
Filadélfia,2020-06-26,38,0,1,0,0.35714285714285715,0.07142857142857142,inf,1.5797835966168101
Filadélfia,2020-06-27,39,1,1,0,0.2857142857142857,0.07142857142857142,inf,1.591064607026499
Filadélfia,2020-06-28,39,0,1,0,0.2857142857142857,0.07142857142857142,inf,1.591064607026499
Filadélfia,2020-06-29,39,0,1,0,0.21428571428571427,0.07142857142857142,inf,1.591064607026499
Filadélfia,2020-06-30,40,1,1,0,0.14285714285714285,0.07142857142857142,inf,1.6020599913279625
Filadélfia,2020-07-01,40,0,1,0,0.21428571428571427,0.07142857142857142,inf,1.6020599913279625
Filadélfia,2020-07-02,42,2,1,0,0.42857142857142855,0.07142857142857142,inf,1.6232492903979006
Filadélfia,2020-07-03,41,-1,1,0,0.35714285714285715,0.0,-1.0,1.6127838567197355
Filadélfia,2020-07-04,41,0,1,0,0.2857142857142857,0.0,-1.0,1.6127838567197355
Filadélfia,2020-07-05,41,0,1,0,0.2857142857142857,0.0,-1.0,1.6127838567197355
Filadélfia,2020-07-06,41,0,1,0,0.2857142857142857,0.0,-1.0,1.6127838567197355
Filadélfia,2020-07-07,41,0,2,1,0.21428571428571427,0.07142857142857142,0.0,1.6127838567197355
Filadélfia,2020-07-08,41,0,2,0,0.21428571428571427,0.07142857142857142,0.0,1.6127838567197355
Filadélfia,2020-07-09,41,0,3,1,0.21428571428571427,0.14285714285714285,1.0,1.6127838567197355
Filadélfia,2020-07-10,43,2,3,0,0.35714285714285715,0.14285714285714285,1.0,1.6334684555795866
Filadélfia,2020-07-11,43,0,3,0,0.2857142857142857,0.14285714285714285,1.0,1.6334684555795866
Filadélfia,2020-07-12,42,-1,2,-1,0.21428571428571427,0.07142857142857142,0.0,1.6232492903979006
Filadélfia,2020-07-13,42,0,2,0,0.21428571428571427,0.07142857142857142,0.0,1.6232492903979006
Filadélfia,2020-07-14,44,2,2,0,0.2857142857142857,0.07142857142857142,0.0,1.6434526764861874
Filadélfia,2020-07-15,43,-1,2,0,0.21428571428571427,0.07142857142857142,0.0,1.6334684555795866
Filadélfia,2020-07-16,43,0,2,0,0.07142857142857142,0.07142857142857142,0.0,1.6334684555795866
Filadélfia,2020-07-17,43,0,2,0,0.14285714285714285,0.07142857142857142,inf,1.6334684555795866
Filadélfia,2020-07-18,43,0,2,0,0.14285714285714285,0.07142857142857142,inf,1.6334684555795866
Filadélfia,2020-07-19,43,0,2,0,0.14285714285714285,0.07142857142857142,inf,1.6334684555795866
Filadélfia,2020-07-20,44,1,3,1,0.21428571428571427,0.14285714285714285,inf,1.6434526764861874
Filadélfia,2020-07-21,45,1,3,0,0.2857142857142857,0.07142857142857142,0.0,1.6532125137753437
Filadélfia,2020-07-22,45,0,3,0,0.2857142857142857,0.07142857142857142,0.0,1.6532125137753437
Filadélfia,2020-07-23,47,2,3,0,0.42857142857142855,0.0,-1.0,1.6720978579357175
Filadélfia,2020-07-24,47,0,3,0,0.2857142857142857,0.0,-1.0,1.6720978579357175
Filadélfia,2020-07-25,47,0,3,0,0.2857142857142857,0.0,-1.0,1.6720978579357175
Filadélfia,2020-07-26,47,0,3,0,0.35714285714285715,0.07142857142857142,0.0,1.6720978579357175
Filadélfia,2020-07-27,47,0,3,0,0.35714285714285715,0.07142857142857142,0.0,1.6720978579357175
Filadélfia,2020-07-28,52,5,3,0,0.5714285714285714,0.07142857142857142,0.0,1.7160033436347992
Filadélfia,2020-07-29,54,2,3,0,0.7857142857142857,0.07142857142857142,0.0,1.7323937598229686
Filadélfia,2020-07-30,55,1,3,0,0.8571428571428571,0.07142857142857142,0.0,1.7403626894942439
Filadélfia,2020-07-31,55,0,3,0,0.8571428571428571,0.07142857142857142,0.0,1.7403626894942439
Filadélfia,2020-08-01,55,0,3,0,0.8571428571428571,0.07142857142857142,0.0,1.7403626894942439
Filadélfia,2020-08-02,60,5,3,0,1.2142857142857142,0.07142857142857142,0.0,1.7781512503836436
Filadélfia,2020-08-03,60,0,3,0,1.1428571428571428,0.0,-1.0,1.7781512503836436
Filadélfia,2020-08-04,61,1,3,0,1.1428571428571428,0.0,-1.0,1.7853298350107671
Filadélfia,2020-08-05,61,0,3,0,1.1428571428571428,0.0,-1.0,1.7853298350107671
Filadélfia,2020-08-06,64,3,3,0,1.2142857142857142,0.0,,1.806179973983887
Filadélfia,2020-08-07,66,2,3,0,1.3571428571428572,0.0,,1.8195439355418688
Filadélfia,2020-08-08,66,0,3,0,1.3571428571428572,0.0,,1.8195439355418688
Filadélfia,2020-08-09,67,1,3,0,1.4285714285714286,0.0,-1.0,1.8260748027008264
Filadélfia,2020-08-10,70,3,3,0,1.6428571428571428,0.0,-1.0,1.845098040014257
Filadélfia,2020-08-11,76,6,3,0,1.7142857142857142,0.0,-1.0,1.8808135922807914
Filadélfia,2020-08-12,78,2,3,0,1.7142857142857142,0.0,-1.0,1.8920946026904804
Filadélfia,2020-08-13,88,10,3,0,2.357142857142857,0.0,-1.0,1.9444826721501687
Filadélfia,2020-08-14,93,5,3,0,2.7142857142857144,0.0,-1.0,1.968482948553935
Filadélfia,2020-08-15,95,2,3,0,2.857142857142857,0.0,-1.0,1.9777236052888478
Filadélfia,2020-08-16,100,5,3,0,2.857142857142857,0.0,-1.0,2.0
Filadélfia,2020-08-17,100,0,3,0,2.857142857142857,0.0,,2.0
Filadélfia,2020-08-18,100,0,3,0,2.7857142857142856,0.0,,2.0
Filadélfia,2020-08-19,108,8,3,0,3.357142857142857,0.0,,2.03342375548695
Filadélfia,2020-08-20,110,2,3,0,3.2857142857142856,0.0,,2.041392685158225
Filadélfia,2020-08-21,111,1,3,0,3.2142857142857144,0.0,,2.0453229787866576
Filadélfia,2020-08-22,112,1,3,0,3.2857142857142856,0.0,,2.0492180226701815
Filadélfia,2020-08-23,112,0,3,0,3.2142857142857144,0.0,,2.0492180226701815
Filadélfia,2020-08-24,112,0,3,0,3.0,0.0,,2.0492180226701815
Filadélfia,2020-08-25,120,8,3,0,3.142857142857143,0.0,,2.0791812460476247
Filadélfia,2020-08-26,122,2,3,0,3.142857142857143,0.0,,2.0863598306747484
Filadélfia,2020-08-27,128,6,3,0,2.857142857142857,0.0,,2.1072099696478683
Filadélfia,2020-08-28,131,3,3,0,2.7142857142857144,0.0,,2.1172712956557644
Filadélfia,2020-08-29,140,9,3,0,3.2142857142857144,0.0,,2.146128035678238
Filadélfia,2020-08-30,140,0,3,0,2.857142857142857,0.0,,2.146128035678238
Filadélfia,2020-08-31,140,0,3,0,2.857142857142857,0.0,,2.146128035678238
Filadélfia,2020-09-01,147,7,3,0,3.357142857142857,0.0,,2.167317334748176
Filadélfia,2020-09-02,148,1,3,0,2.857142857142857,0.0,,2.1702617153949575
Filadélfia,2020-09-03,152,4,3,0,3.0,0.0,,2.1818435879447726
Filadélfia,2020-09-04,152,0,3,0,2.9285714285714284,0.0,,2.1818435879447726
Filadélfia,2020-09-05,153,1,3,0,2.9285714285714284,0.0,,2.184691430817599
Filadélfia,2020-09-06,153,0,3,0,2.9285714285714284,0.0,,2.184691430817599
Filadélfia,2020-09-07,153,0,3,0,2.9285714285714284,0.0,,2.184691430817599
Filadélfia,2020-09-08,155,2,3,0,2.5,0.0,,2.1903316981702914
Filadélfia,2020-09-09,155,0,3,0,2.357142857142857,0.0,,2.1903316981702914
Filadélfia,2020-09-10,164,9,3,0,2.5714285714285716,0.0,,2.214843848047698
Filadélfia,2020-09-11,164,0,3,0,2.357142857142857,0.0,,2.214843848047698
Filadélfia,2020-09-12,165,1,3,0,1.7857142857142858,0.0,,2.2174839442139063
Filadélfia,2020-09-13,165,0,3,0,1.7857142857142858,0.0,,2.2174839442139063
Filadélfia,2020-09-14,165,0,3,0,1.7857142857142858,0.0,,2.2174839442139063
Filadélfia,2020-09-15,169,4,3,0,1.5714285714285714,0.0,,2.2278867046136734
Filadélfia,2020-09-16,168,-1,3,0,1.4285714285714286,0.0,,2.225309281725863
Filadélfia,2020-09-17,168,0,3,0,1.1428571428571428,0.0,,2.225309281725863
Filadélfia,2020-09-18,167,-1,3,0,1.0714285714285714,0.0,,2.2227164711475833
Filadélfia,2020-09-19,175,8,3,0,1.5714285714285714,0.0,,2.2430380486862944
Filadélfia,2020-09-20,175,0,3,0,1.5714285714285714,0.0,,2.2430380486862944
Filadélfia,2020-09-21,175,0,3,0,1.5714285714285714,0.0,,2.2430380486862944
Filadélfia,2020-09-22,175,0,3,0,1.4285714285714286,0.0,,2.2430380486862944
Filadélfia,2020-09-23,176,1,3,0,1.5,0.0,,2.24551266781415
Filadélfia,2020-09-24,177,1,3,0,0.9285714285714286,0.0,,2.2479732663618064
Filadélfia,2020-09-25,177,0,3,0,0.9285714285714286,0.0,,2.2479732663618064
Filadélfia,2020-09-26,180,3,3,0,1.0714285714285714,0.0,,2.255272505103306
Filadélfia,2020-09-27,180,0,3,0,1.0714285714285714,0.0,,2.255272505103306
Filadélfia,2020-09-28,180,0,3,0,1.0714285714285714,0.0,,2.255272505103306
Filadélfia,2020-09-29,183,3,3,0,1.0,0.0,,2.2624510897304293
Filadélfia,2020-09-30,183,0,3,0,1.0714285714285714,0.0,,2.2624510897304293
Filadélfia,2020-10-01,186,3,3,0,1.2857142857142858,0.0,,2.2695129442179165
Filadélfia,2020-10-02,197,11,3,0,2.142857142857143,0.0,,2.294466226161593
Filadélfia,2020-10-03,197,0,3,0,1.5714285714285714,0.0,,2.294466226161593
Filadélfia,2020-10-04,197,0,3,0,1.5714285714285714,0.0,,2.294466226161593
Filadélfia,2020-10-05,197,0,3,0,1.5714285714285714,0.0,,2.294466226161593
Filadélfia,2020-10-06,197,0,3,0,1.5714285714285714,0.0,,2.294466226161593
Filadélfia,2020-10-07,206,9,3,0,2.142857142857143,0.0,,2.3138672203691533
Filadélfia,2020-10-08,215,9,3,0,2.7142857142857144,0.0,,2.3324384599156054
Filadélfia,2020-10-09,215,0,3,0,2.7142857142857144,0.0,,2.3324384599156054
Filadélfia,2020-10-10,215,0,3,0,2.5,0.0,,2.3324384599156054
Filadélfia,2020-10-11,215,0,3,0,2.5,0.0,,2.3324384599156054
Filadélfia,2020-10-12,215,0,3,0,2.5,0.0,,2.3324384599156054
Filadélfia,2020-10-13,215,0,3,0,2.2857142857142856,0.0,,2.3324384599156054
Filadélfia,2020-10-14,219,4,3,0,2.5714285714285716,0.0,,2.3404441148401185
Filadélfia,2020-10-15,219,0,3,0,2.357142857142857,0.0,,2.3404441148401185
Filadélfia,2020-10-16,219,0,3,0,1.5714285714285714,0.0,,2.3404441148401185
Filadélfia,2020-10-17,219,0,3,0,1.5714285714285714,0.0,,2.3404441148401185
Filadélfia,2020-10-18,219,0,3,0,1.5714285714285714,0.0,,2.3404441148401185
Filadélfia,2020-10-19,219,0,3,0,1.5714285714285714,0.0,,2.3404441148401185
Filadélfia,2020-10-20,220,1,3,0,1.6428571428571428,0.0,,2.342422680822206
Filadélfia,2020-10-21,220,0,3,0,1.0,0.0,,2.342422680822206
Filadélfia,2020-10-22,221,1,3,0,0.42857142857142855,0.0,,2.3443922736851106
Filadélfia,2020-10-23,221,0,3,0,0.42857142857142855,0.0,,2.3443922736851106
Filadélfia,2020-10-24,223,2,4,1,0.5714285714285714,0.07142857142857142,inf,2.3483048630481607
Filadélfia,2020-10-25,223,0,4,0,0.5714285714285714,0.07142857142857142,inf,2.3483048630481607
Filadélfia,2020-10-26,223,0,4,0,0.5714285714285714,0.07142857142857142,inf,2.3483048630481607
Filadélfia,2020-10-27,223,0,4,0,0.5714285714285714,0.07142857142857142,inf,2.3483048630481607
Filadélfia,2020-10-28,224,1,4,0,0.35714285714285715,0.07142857142857142,inf,2.3502480183341627
Filadélfia,2020-10-29,225,1,4,0,0.42857142857142855,0.07142857142857142,inf,2.3521825181113627
Filadélfia,2020-10-30,227,2,4,0,0.5714285714285714,0.07142857142857142,inf,2.3560258571931225
Filadélfia,2020-10-31,227,0,4,0,0.5714285714285714,0.07142857142857142,inf,2.3560258571931225
Filadélfia,2020-11-01,227,0,4,0,0.5714285714285714,0.07142857142857142,inf,2.3560258571931225
Filadélfia,2020-11-02,227,0,4,0,0.5714285714285714,0.07142857142857142,inf,2.3560258571931225
Filadélfia,2020-11-03,227,0,4,0,0.5,0.07142857142857142,inf,2.3560258571931225
Filadélfia,2020-11-04,229,2,4,0,0.6428571428571429,0.07142857142857142,inf,2.359835482339888
Filadélfia,2020-11-05,229,0,4,0,0.5714285714285714,0.07142857142857142,inf,2.359835482339888
Filadélfia,2020-11-06,237,8,4,0,1.1428571428571428,0.07142857142857142,inf,2.374748346010104
Filadélfia,2020-11-07,238,1,4,0,1.0714285714285714,0.0,-1.0,2.376576957056512
Filadélfia,2020-11-08,238,0,4,0,1.0714285714285714,0.0,-1.0,2.376576957056512
Filadélfia,2020-11-09,238,0,4,0,1.0714285714285714,0.0,-1.0,2.376576957056512
Filadélfia,2020-11-10,242,4,4,0,1.3571428571428572,0.0,-1.0,2.383815365980431
Filadélfia,2020-11-11,244,2,4,0,1.4285714285714286,0.0,-1.0,2.3873898263387296
Filadélfia,2020-11-12,252,8,4,0,1.9285714285714286,0.0,-1.0,2.401400540781544
Filadélfia,2020-11-13,252,0,4,0,1.7857142857142858,0.0,-1.0,2.401400540781544
Filadélfia,2020-11-14,252,0,4,0,1.7857142857142858,0.0,-1.0,2.401400540781544
Filadélfia,2020-11-15,252,0,4,0,1.7857142857142858,0.0,-1.0,2.401400540781544
Filadélfia,2020-11-16,252,0,4,0,1.7857142857142858,0.0,-1.0,2.401400540781544
Filadélfia,2020-11-17,252,0,4,0,1.7857142857142858,0.0,-1.0,2.401400540781544
Filadélfia,2020-11-18,264,12,4,0,2.5,0.0,-1.0,2.4216039268698313
Filadélfia,2020-11-19,266,2,4,0,2.642857142857143,0.0,-1.0,2.424881636631067
Filadélfia,2020-11-20,268,2,4,0,2.2142857142857144,0.0,-1.0,2.428134794028789
Filadélfia,2020-11-21,272,4,4,0,2.4285714285714284,0.0,,2.4345689040341987
Filadélfia,2020-11-22,273,1,4,0,2.5,0.0,,2.436162647040756
Filadélfia,2020-11-23,273,0,4,0,2.5,0.0,,2.436162647040756
Filadélfia,2020-11-24,288,15,4,0,3.2857142857142856,0.0,,2.459392487759231
Filadélfia,2020-11-25,290,2,4,0,3.2857142857142856,0.0,,2.462397997898956
Filadélfia,2020-11-26,300,10,4,0,3.4285714285714284,0.0,,2.4771212547196626
Filadélfia,2020-11-27,300,0,4,0,3.4285714285714284,0.0,,2.4771212547196626
Filadélfia,2020-11-28,300,0,4,0,3.4285714285714284,0.0,,2.4771212547196626
Filadélfia,2020-11-29,300,0,4,0,3.4285714285714284,0.0,,2.4771212547196626
Filadélfia,2020-11-30,300,0,4,0,3.4285714285714284,0.0,,2.4771212547196626
Filadélfia,2020-12-01,300,0,4,0,3.4285714285714284,0.0,,2.4771212547196626
Filadélfia,2020-12-02,302,2,4,0,2.7142857142857144,0.0,,2.4800069429571505
Filadélfia,2020-12-03,313,11,4,0,3.357142857142857,0.0,,2.4955443375464483
Filadélfia,2020-12-04,318,5,4,0,3.5714285714285716,0.0,,2.5024271199844326
Filadélfia,2020-12-05,318,0,4,0,3.2857142857142856,0.0,,2.5024271199844326
Filadélfia,2020-12-06,318,0,4,0,3.2142857142857144,0.0,,2.5024271199844326
Filadélfia,2020-12-07,318,0,4,0,3.2142857142857144,0.0,,2.5024271199844326
Filadélfia,2020-12-08,325,7,4,0,2.642857142857143,0.0,,2.5118833609788744
Filadélfia,2020-12-09,325,0,4,0,2.5,0.0,,2.5118833609788744
Filadélfia,2020-12-10,325,0,4,0,1.7857142857142858,0.0,,2.5118833609788744
Filadélfia,2020-12-11,327,2,4,0,1.9285714285714286,0.0,,2.514547752660286
Filadélfia,2020-12-12,328,1,4,0,2.0,0.0,,2.515873843711679
Filadélfia,2020-12-13,328,0,4,0,2.0,0.0,,2.515873843711679
Filadélfia,2020-12-14,328,0,4,0,2.0,0.0,,2.515873843711679
Filadélfia,2020-12-15,328,0,4,0,2.0,0.0,,2.515873843711679
Filadélfia,2020-12-16,328,0,4,0,1.8571428571428572,0.0,,2.515873843711679
Filadélfia,2020-12-17,328,0,4,0,1.0714285714285714,0.0,,2.515873843711679
Filadélfia,2020-12-18,328,0,4,0,0.7142857142857143,0.0,,2.515873843711679
Filadélfia,2020-12-19,331,3,4,0,0.9285714285714286,0.0,,2.519827993775719
Filadélfia,2020-12-20,331,0,4,0,0.9285714285714286,0.0,,2.519827993775719
Filadélfia,2020-12-21,331,0,4,0,0.9285714285714286,0.0,,2.519827993775719
Filadélfia,2020-12-22,332,1,4,0,0.5,0.0,,2.5211380837040362
Filadélfia,2020-12-23,332,0,4,0,0.5,0.0,,2.5211380837040362
Filadélfia,2020-12-24,332,0,4,0,0.5,0.0,,2.5211380837040362
Filadélfia,2020-12-25,332,0,4,0,0.35714285714285715,0.0,,2.5211380837040362
Filadélfia,2020-12-26,332,0,4,0,0.2857142857142857,0.0,,2.5211380837040362
Filadélfia,2020-12-27,332,0,4,0,0.2857142857142857,0.0,,2.5211380837040362
Filadélfia,2020-12-28,332,0,4,0,0.2857142857142857,0.0,,2.5211380837040362
Filadélfia,2020-12-29,332,0,4,0,0.2857142857142857,0.0,,2.5211380837040362
Filadélfia,2020-12-30,332,0,4,0,0.2857142857142857,0.0,,2.5211380837040362
Filadélfia,2020-12-31,332,0,4,0,0.2857142857142857,0.0,,2.5211380837040362
Filadélfia,2021-01-01,332,0,4,0,0.2857142857142857,0.0,,2.5211380837040362
Filadélfia,2021-01-02,332,0,4,0,0.07142857142857142,0.0,,2.5211380837040362
Filadélfia,2021-01-03,332,0,4,0,0.07142857142857142,0.0,,2.5211380837040362
Filadélfia,2021-01-04,332,0,4,0,0.07142857142857142,0.0,,2.5211380837040362
Filadélfia,2021-01-05,332,0,4,0,0.0,0.0,,2.5211380837040362
Filadélfia,2021-01-06,332,0,4,0,0.0,0.0,,2.5211380837040362
Filadélfia,2021-01-07,333,1,4,0,0.07142857142857142,0.0,,2.5224442335063197
Filadélfia,2021-01-08,333,0,4,0,0.07142857142857142,0.0,,2.5224442335063197
Filadélfia,2021-01-09,333,0,4,0,0.07142857142857142,0.0,,2.5224442335063197
Filadélfia,2021-01-10,334,1,4,0,0.14285714285714285,0.0,,2.5237464668115646
Filadélfia,2021-01-11,334,0,4,0,0.14285714285714285,0.0,,2.5237464668115646
Filadélfia,2021-01-12,334,0,4,0,0.14285714285714285,0.0,,2.5237464668115646
Filadélfia,2021-01-13,335,1,4,0,0.21428571428571427,0.0,,2.525044807036845
Filadélfia,2021-01-14,336,1,4,0,0.2857142857142857,0.0,,2.526339277389844
Filadélfia,2021-01-15,338,2,4,0,0.42857142857142855,0.0,,2.5289167002776547
Filadélfia,2021-01-16,338,0,4,0,0.42857142857142855,0.0,,2.5289167002776547
Filadélfia,2021-01-17,338,0,4,0,0.42857142857142855,0.0,,2.5289167002776547
Filadélfia,2021-01-18,340,2,4,0,0.5714285714285714,0.0,,2.531478917042255
Filadélfia,2021-01-19,340,0,5,1,0.5714285714285714,0.07142857142857142,inf,2.531478917042255
Filadélfia,2021-01-20,340,0,5,0,0.5714285714285714,0.07142857142857142,inf,2.531478917042255
Formoso do Araguaia,2020-03-27,0,0,0,0,,,,0.0
Formoso do Araguaia,2020-03-28,0,0,0,0,,,,0.0
Formoso do Araguaia,2020-03-29,0,0,0,0,,,,0.0
Formoso do Araguaia,2020-03-30,0,0,0,0,,,,0.0
Formoso do Araguaia,2020-03-31,0,0,0,0,,,,0.0
Formoso do Araguaia,2020-04-01,0,0,0,0,,,,0.0
Formoso do Araguaia,2020-04-02,0,0,0,0,,,,0.0
Formoso do Araguaia,2020-04-03,0,0,0,0,,,,0.0
Formoso do Araguaia,2020-04-04,0,0,0,0,,,,0.0
Formoso do Araguaia,2020-04-05,0,0,0,0,,,,0.0
Formoso do Araguaia,2020-04-06,0,0,0,0,,,,0.0
Formoso do Araguaia,2020-04-07,0,0,0,0,,,,0.0
Formoso do Araguaia,2020-04-08,0,0,0,0,,,,0.0
Formoso do Araguaia,2020-04-09,0,0,0,0,0.0,0.0,,0.0
Formoso do Araguaia,2020-04-10,0,0,0,0,0.0,0.0,,0.0
Formoso do Araguaia,2020-04-11,0,0,0,0,0.0,0.0,,0.0
Formoso do Araguaia,2020-04-12,0,0,0,0,0.0,0.0,,0.0
Formoso do Araguaia,2020-04-13,0,0,0,0,0.0,0.0,,0.0
Formoso do Araguaia,2020-04-14,0,0,0,0,0.0,0.0,,0.0
Formoso do Araguaia,2020-04-15,0,0,0,0,0.0,0.0,,0.0
Formoso do Araguaia,2020-04-16,0,0,0,0,0.0,0.0,,0.0
Formoso do Araguaia,2020-04-17,0,0,0,0,0.0,0.0,,0.0
Formoso do Araguaia,2020-04-18,0,0,0,0,0.0,0.0,,0.0
Formoso do Araguaia,2020-04-19,0,0,0,0,0.0,0.0,,0.0
Formoso do Araguaia,2020-04-20,0,0,0,0,0.0,0.0,,0.0
Formoso do Araguaia,2020-04-21,0,0,0,0,0.0,0.0,,0.0
Formoso do Araguaia,2020-04-22,0,0,0,0,0.0,0.0,,0.0
Formoso do Araguaia,2020-04-23,0,0,0,0,0.0,0.0,,0.0
Formoso do Araguaia,2020-04-24,0,0,0,0,0.0,0.0,,0.0
Formoso do Araguaia,2020-04-25,0,0,0,0,0.0,0.0,,0.0
Formoso do Araguaia,2020-04-26,0,0,0,0,0.0,0.0,,0.0
Formoso do Araguaia,2020-04-27,0,0,0,0,0.0,0.0,,0.0
Formoso do Araguaia,2020-04-28,0,0,0,0,0.0,0.0,,0.0
Formoso do Araguaia,2020-04-29,0,0,0,0,0.0,0.0,,0.0
Formoso do Araguaia,2020-04-30,0,0,0,0,0.0,0.0,,0.0
Formoso do Araguaia,2020-05-01,0,0,0,0,0.0,0.0,,0.0
Formoso do Araguaia,2020-05-02,0,0,0,0,0.0,0.0,,0.0
Formoso do Araguaia,2020-05-03,0,0,0,0,0.0,0.0,,0.0
Formoso do Araguaia,2020-05-04,0,0,0,0,0.0,0.0,,0.0
Formoso do Araguaia,2020-05-05,0,0,0,0,0.0,0.0,,0.0
Formoso do Araguaia,2020-05-06,0,0,0,0,0.0,0.0,,0.0
Formoso do Araguaia,2020-05-07,1,1,0,0,0.07142857142857142,0.0,,0.0
Formoso do Araguaia,2020-05-08,1,0,0,0,0.07142857142857142,0.0,,0.0
Formoso do Araguaia,2020-05-09,2,1,0,0,0.14285714285714285,0.0,,0.3010299956639812
Formoso do Araguaia,2020-05-10,3,1,0,0,0.21428571428571427,0.0,,0.47712125471966244
Formoso do Araguaia,2020-05-11,3,0,0,0,0.21428571428571427,0.0,,0.47712125471966244
Formoso do Araguaia,2020-05-12,3,0,0,0,0.21428571428571427,0.0,,0.47712125471966244
Formoso do Araguaia,2020-05-13,3,0,0,0,0.21428571428571427,0.0,,0.47712125471966244
Formoso do Araguaia,2020-05-14,3,0,0,0,0.21428571428571427,0.0,,0.47712125471966244
Formoso do Araguaia,2020-05-15,4,1,0,0,0.2857142857142857,0.0,,0.6020599913279624
Formoso do Araguaia,2020-05-16,4,0,0,0,0.2857142857142857,0.0,,0.6020599913279624
Formoso do Araguaia,2020-05-17,5,1,0,0,0.35714285714285715,0.0,,0.6989700043360189
Formoso do Araguaia,2020-05-18,4,-1,0,0,0.2857142857142857,0.0,,0.6020599913279624
Formoso do Araguaia,2020-05-19,7,3,0,0,0.5,0.0,,0.8450980400142568
Formoso do Araguaia,2020-05-20,7,0,0,0,0.5,0.0,,0.8450980400142568
Formoso do Araguaia,2020-05-21,7,0,0,0,0.42857142857142855,0.0,,0.8450980400142568
Formoso do Araguaia,2020-05-22,11,4,0,0,0.7142857142857143,0.0,,1.041392685158225
Formoso do Araguaia,2020-05-23,17,6,0,0,1.0714285714285714,0.0,,1.2304489213782739
Formoso do Araguaia,2020-05-24,18,1,0,0,1.0714285714285714,0.0,,1.255272505103306
Formoso do Araguaia,2020-05-25,17,-1,1,1,1.0,0.07142857142857142,inf,1.2304489213782739
Formoso do Araguaia,2020-05-26,19,2,1,0,1.1428571428571428,0.07142857142857142,inf,1.2787536009528289
Formoso do Araguaia,2020-05-27,23,4,1,0,1.4285714285714286,0.07142857142857142,inf,1.3617278360175928
Formoso do Araguaia,2020-05-28,23,0,1,0,1.4285714285714286,0.07142857142857142,inf,1.3617278360175928
Formoso do Araguaia,2020-05-29,28,5,1,0,1.7142857142857142,0.07142857142857142,inf,1.4471580313422192
Formoso do Araguaia,2020-05-30,29,1,1,0,1.7857142857142858,0.07142857142857142,inf,1.462397997898956
Formoso do Araguaia,2020-05-31,31,2,1,0,1.8571428571428572,0.07142857142857142,inf,1.4913616938342726
Formoso do Araguaia,2020-06-01,32,1,1,0,2.0,0.07142857142857142,inf,1.505149978319906
Formoso do Araguaia,2020-06-02,33,1,1,0,1.8571428571428572,0.07142857142857142,inf,1.5185139398778875
Formoso do Araguaia,2020-06-03,33,0,1,0,1.8571428571428572,0.07142857142857142,inf,1.5185139398778875
Formoso do Araguaia,2020-06-04,34,1,1,0,1.9285714285714286,0.07142857142857142,inf,1.5314789170422551
Formoso do Araguaia,2020-06-05,34,0,1,0,1.6428571428571428,0.07142857142857142,inf,1.5314789170422551
Formoso do Araguaia,2020-06-06,39,5,1,0,1.5714285714285714,0.07142857142857142,inf,1.591064607026499
Formoso do Araguaia,2020-06-07,36,-3,1,0,1.2857142857142858,0.07142857142857142,inf,1.5563025007672873
Formoso do Araguaia,2020-06-08,37,1,1,0,1.4285714285714286,0.0,-1.0,1.568201724066995
Formoso do Araguaia,2020-06-09,37,0,1,0,1.2857142857142858,0.0,-1.0,1.568201724066995
Formoso do Araguaia,2020-06-10,39,2,1,0,1.1428571428571428,0.0,-1.0,1.591064607026499
Formoso do Araguaia,2020-06-11,40,1,1,0,1.2142857142857142,0.0,-1.0,1.6020599913279625
Formoso do Araguaia,2020-06-12,42,2,1,0,1.0,0.0,-1.0,1.6232492903979006
Formoso do Araguaia,2020-06-13,49,7,1,0,1.4285714285714286,0.0,-1.0,1.6901960800285136
Formoso do Araguaia,2020-06-14,49,0,1,0,1.2857142857142858,0.0,-1.0,1.6901960800285136
Formoso do Araguaia,2020-06-15,49,0,1,0,1.2142857142857142,0.0,-1.0,1.6901960800285136
Formoso do Araguaia,2020-06-16,50,1,1,0,1.2142857142857142,0.0,-1.0,1.6989700043360187
Formoso do Araguaia,2020-06-17,53,3,1,0,1.4285714285714286,0.0,-1.0,1.7242758696007892
Formoso do Araguaia,2020-06-18,53,0,1,0,1.3571428571428572,0.0,-1.0,1.7242758696007892
Formoso do Araguaia,2020-06-19,60,7,1,0,1.8571428571428572,0.0,-1.0,1.7781512503836436
Formoso do Araguaia,2020-06-20,68,8,1,0,2.0714285714285716,0.0,-1.0,1.8325089127062364
Formoso do Araguaia,2020-06-21,72,4,1,0,2.5714285714285716,0.0,-1.0,1.8573324964312685
Formoso do Araguaia,2020-06-22,72,0,1,0,2.5,0.0,,1.8573324964312685
Formoso do Araguaia,2020-06-23,72,0,1,0,2.5,0.0,,1.8573324964312685
Formoso do Araguaia,2020-06-24,82,10,1,0,3.0714285714285716,0.0,,1.9138138523837167
Formoso do Araguaia,2020-06-25,87,5,1,0,3.357142857142857,0.0,,1.9395192526186185
Formoso do Araguaia,2020-06-26,90,3,1,0,3.4285714285714284,0.0,,1.9542425094393248
Formoso do Araguaia,2020-06-27,93,3,1,0,3.142857142857143,0.0,,1.968482948553935
Formoso do Araguaia,2020-06-28,167,74,1,0,8.428571428571429,0.0,,2.2227164711475833
Formoso do Araguaia,2020-06-29,171,4,1,0,8.714285714285714,0.0,,2.2329961103921536
Formoso do Araguaia,2020-06-30,174,3,1,0,8.857142857142858,0.0,,2.2405492482825995
Formoso do Araguaia,2020-07-01,176,2,1,0,8.785714285714286,0.0,,2.24551266781415
Formoso do Araguaia,2020-07-02,182,6,1,0,9.214285714285714,0.0,,2.2600713879850747
Formoso do Araguaia,2020-07-03,182,0,1,0,8.714285714285714,0.0,,2.2600713879850747
Formoso do Araguaia,2020-07-04,185,3,1,0,8.357142857142858,0.0,,2.2671717284030137
Formoso do Araguaia,2020-07-05,185,0,1,0,8.071428571428571,0.0,,2.2671717284030137
Formoso do Araguaia,2020-07-06,185,0,1,0,8.071428571428571,0.0,,2.2671717284030137
Formoso do Araguaia,2020-07-07,189,4,1,0,8.357142857142858,0.0,,2.2764618041732443
Formoso do Araguaia,2020-07-08,199,10,3,2,8.357142857142858,0.14285714285714285,inf,2.298853076409707
Formoso do Araguaia,2020-07-09,199,0,3,0,8.0,0.14285714285714285,inf,2.298853076409707
Formoso do Araguaia,2020-07-10,377,178,4,1,20.5,0.21428571428571427,inf,2.576341350205793
Formoso do Araguaia,2020-07-11,379,2,4,0,20.428571428571427,0.21428571428571427,inf,2.578639209968072
Formoso do Araguaia,2020-07-12,395,16,4,0,16.285714285714285,0.21428571428571427,inf,2.59659709562646
Formoso do Araguaia,2020-07-13,395,0,4,0,16.0,0.21428571428571427,inf,2.59659709562646
Formoso do Araguaia,2020-07-14,397,2,4,0,15.928571428571429,0.21428571428571427,inf,2.598790506763115
Formoso do Araguaia,2020-07-15,399,2,4,0,15.928571428571429,0.21428571428571427,inf,2.6009728956867484
Formoso do Araguaia,2020-07-16,417,18,4,0,16.785714285714285,0.21428571428571427,inf,2.6201360549737576
Formoso do Araguaia,2020-07-17,417,0,4,0,16.785714285714285,0.21428571428571427,inf,2.6201360549737576
Formoso do Araguaia,2020-07-18,418,1,4,0,16.642857142857142,0.21428571428571427,inf,2.621176281775035
Formoso do Araguaia,2020-07-19,440,22,5,1,18.214285714285715,0.2857142857142857,inf,2.6434526764861874
Formoso do Araguaia,2020-07-20,451,11,5,0,19.0,0.2857142857142857,inf,2.6541765418779604
Formoso do Araguaia,2020-07-21,453,2,5,0,18.857142857142858,0.2857142857142857,inf,2.656098202012832
Formoso do Araguaia,2020-07-22,455,2,5,0,18.285714285714285,0.14285714285714285,0.0,2.6580113966571126
Formoso do Araguaia,2020-07-23,467,12,5,0,19.142857142857142,0.14285714285714285,0.0,2.6693168805661123
Formoso do Araguaia,2020-07-24,471,4,5,0,6.714285714285714,0.07142857142857142,-0.6666666666666666,2.673020907128896
Formoso do Araguaia,2020-07-25,519,48,5,0,10.0,0.07142857142857142,-0.6666666666666666,2.7151673578484576
Formoso do Araguaia,2020-07-26,528,9,7,2,9.5,0.21428571428571427,0.0,2.722633922533812
Formoso do Araguaia,2020-07-27,529,1,7,0,9.571428571428571,0.21428571428571427,0.0,2.7234556720351857
Formoso do Araguaia,2020-07-28,530,1,7,0,9.5,0.21428571428571427,0.0,2.724275869600789
Formoso do Araguaia,2020-07-29,531,1,7,0,9.428571428571429,0.21428571428571427,0.0,2.725094521081469
Formoso do Araguaia,2020-07-30,556,25,7,0,9.928571428571429,0.21428571428571427,0.0,2.7450747915820575
Formoso do Araguaia,2020-07-31,577,21,7,0,11.428571428571429,0.21428571428571427,0.0,2.7611758131557314
Formoso do Araguaia,2020-08-01,588,11,7,0,12.142857142857142,0.21428571428571427,0.0,2.7693773260761385
Formoso do Araguaia,2020-08-02,639,51,7,0,14.214285714285714,0.14285714285714285,-0.5,2.8055008581584002
Formoso do Araguaia,2020-08-03,646,7,7,0,13.928571428571429,0.14285714285714285,-0.5,2.8102325179950842
Formoso do Araguaia,2020-08-04,646,0,8,1,13.785714285714286,0.21428571428571427,-0.25,2.8102325179950842
Formoso do Araguaia,2020-08-05,661,15,8,0,14.714285714285714,0.21428571428571427,0.5,2.82020145948564
Formoso do Araguaia,2020-08-06,674,13,8,0,14.785714285714286,0.21428571428571427,0.5,2.82865989653532
Formoso do Araguaia,2020-08-07,679,5,8,0,14.857142857142858,0.21428571428571427,2.0,2.8318697742805017
Formoso do Araguaia,2020-08-08,709,30,8,0,13.571428571428571,0.21428571428571427,2.0,2.8506462351830666
Formoso do Araguaia,2020-08-09,716,7,8,0,13.428571428571429,0.07142857142857142,-0.6666666666666666,2.8549130223078554
Formoso do Araguaia,2020-08-10,721,5,8,0,13.714285714285714,0.07142857142857142,-0.6666666666666666,2.857935264719429
Formoso do Araguaia,2020-08-11,758,37,8,0,16.285714285714285,0.07142857142857142,-0.6666666666666666,2.8796692056320534
Formoso do Araguaia,2020-08-12,758,0,8,0,16.214285714285715,0.07142857142857142,-0.6666666666666666,2.8796692056320534
Formoso do Araguaia,2020-08-13,760,2,9,1,14.571428571428571,0.14285714285714285,-0.3333333333333333,2.8808135922807914
Formoso do Araguaia,2020-08-14,772,12,9,0,13.928571428571429,0.14285714285714285,-0.3333333333333333,2.887617300335736
Formoso do Araguaia,2020-08-15,779,7,9,0,13.642857142857142,0.14285714285714285,-0.3333333333333333,2.8915374576725643
Formoso do Araguaia,2020-08-16,805,26,9,0,11.857142857142858,0.14285714285714285,0.0,2.9057958803678687
Formoso do Araguaia,2020-08-17,847,42,9,0,14.357142857142858,0.14285714285714285,0.0,2.9278834103307068
Formoso do Araguaia,2020-08-18,848,1,10,1,14.428571428571429,0.14285714285714285,-0.3333333333333333,2.9283958522567137
Formoso do Araguaia,2020-08-19,849,1,10,0,13.428571428571429,0.14285714285714285,-0.3333333333333333,2.928907690243953
Formoso do Araguaia,2020-08-20,853,4,10,0,12.785714285714286,0.14285714285714285,-0.3333333333333333,2.930949031167523
Formoso do Araguaia,2020-08-21,869,16,10,0,13.571428571428571,0.14285714285714285,-0.3333333333333333,2.9390197764486663
Formoso do Araguaia,2020-08-22,871,2,10,0,11.571428571428571,0.14285714285714285,-0.3333333333333333,2.9400181550076634
Formoso do Araguaia,2020-08-23,871,0,10,0,11.071428571428571,0.14285714285714285,1.0,2.9400181550076634
Formoso do Araguaia,2020-08-24,912,41,11,1,13.642857142857142,0.21428571428571427,2.0,2.959994838328416
Formoso do Araguaia,2020-08-25,917,5,11,0,11.357142857142858,0.21428571428571427,2.0,2.962369335670021
Formoso do Araguaia,2020-08-26,922,5,11,0,11.714285714285714,0.21428571428571427,2.0,2.9647309210536292
Formoso do Araguaia,2020-08-27,925,3,11,0,11.785714285714286,0.14285714285714285,0.0,2.9661417327390325
Formoso do Araguaia,2020-08-28,930,5,11,0,11.285714285714286,0.14285714285714285,0.0,2.9684829485539352
Formoso do Araguaia,2020-08-29,946,16,11,0,11.928571428571429,0.14285714285714285,0.0,2.975891136401793
Formoso do Araguaia,2020-08-30,994,48,11,0,13.5,0.14285714285714285,0.0,2.997386384397313
Formoso do Araguaia,2020-08-31,1010,16,11,0,11.642857142857142,0.14285714285714285,0.0,3.0043213737826426
Formoso do Araguaia,2020-09-01,1024,14,11,0,12.571428571428571,0.07142857142857142,-0.5,3.010299956639812
Formoso do Araguaia,2020-09-02,1002,-22,12,1,10.928571428571429,0.14285714285714285,0.0,3.000867721531227
Formoso do Araguaia,2020-09-03,1016,14,12,0,11.642857142857142,0.14285714285714285,0.0,3.0068937079479006
Formoso do Araguaia,2020-09-04,1025,9,12,0,11.142857142857142,0.14285714285714285,0.0,3.010723865391773
Formoso do Araguaia,2020-09-05,1034,9,12,0,11.642857142857142,0.14285714285714285,0.0,3.0145205387579237
Formoso do Araguaia,2020-09-06,1041,7,12,0,12.142857142857142,0.14285714285714285,0.0,3.017450729510536
Formoso do Araguaia,2020-09-07,1044,3,12,0,9.428571428571429,0.07142857142857142,-0.6666666666666666,3.0187004986662433
Formoso do Araguaia,2020-09-08,1046,2,12,0,9.214285714285714,0.07142857142857142,-0.6666666666666666,3.0195316845312554
Formoso do Araguaia,2020-09-09,1050,4,12,0,9.142857142857142,0.07142857142857142,-0.6666666666666666,3.0211892990699383
Formoso do Araguaia,2020-09-10,1075,25,12,0,10.714285714285714,0.07142857142857142,-0.5,3.031408464251624
Formoso do Araguaia,2020-09-11,1077,2,12,0,10.5,0.07142857142857142,-0.5,3.0322157032979815
Formoso do Araguaia,2020-09-12,1089,12,12,0,10.214285714285714,0.07142857142857142,-0.5,3.037027879755775
Formoso do Araguaia,2020-09-13,1089,0,12,0,6.785714285714286,0.07142857142857142,-0.5,3.037027879755775
Formoso do Araguaia,2020-09-14,1091,2,12,0,5.785714285714286,0.07142857142857142,-0.5,3.037824750588342
Formoso do Araguaia,2020-09-15,1107,16,12,0,5.928571428571429,0.07142857142857142,0.0,3.044147620878723
Formoso do Araguaia,2020-09-16,1107,0,12,0,7.5,0.0,-1.0,3.044147620878723
Formoso do Araguaia,2020-09-17,1116,9,12,0,7.142857142857143,0.0,-1.0,3.04766419460156
Formoso do Araguaia,2020-09-18,1120,4,12,0,6.785714285714286,0.0,-1.0,3.0492180226701815
Formoso do Araguaia,2020-09-19,1125,5,13,1,6.5,0.07142857142857142,-0.5,3.0511525224473814
Formoso do Araguaia,2020-09-20,1125,0,13,0,6.0,0.07142857142857142,-0.5,3.0511525224473814
Formoso do Araguaia,2020-09-21,1127,2,13,0,5.928571428571429,0.07142857142857142,0.0,3.0519239160461065
Formoso do Araguaia,2020-09-22,1142,15,13,0,6.857142857142857,0.07142857142857142,0.0,3.0576661039098294
Formoso do Araguaia,2020-09-23,1151,9,13,0,7.214285714285714,0.07142857142857142,0.0,3.0610753236297916
Formoso do Araguaia,2020-09-24,1164,13,13,0,6.357142857142857,0.07142857142857142,0.0,3.06595298031387
Formoso do Araguaia,2020-09-25,1174,10,13,0,6.928571428571429,0.07142857142857142,0.0,3.0696680969115957
Formoso do Araguaia,2020-09-26,1186,12,13,0,6.928571428571429,0.07142857142857142,0.0,3.074084689028244
Formoso do Araguaia,2020-09-27,1186,0,13,0,6.928571428571429,0.07142857142857142,0.0,3.074084689028244
Formoso do Araguaia,2020-09-28,1186,0,13,0,6.785714285714286,0.07142857142857142,0.0,3.074084689028244
Formoso do Araguaia,2020-09-29,1197,11,13,0,6.428571428571429,0.07142857142857142,0.0,3.0780941504064105
Formoso do Araguaia,2020-09-30,1199,2,14,1,6.571428571428571,0.14285714285714285,inf,3.0788191830988487
Formoso do Araguaia,2020-10-01,1204,5,14,0,6.285714285714286,0.14285714285714285,inf,3.0806264869218056
Formoso do Araguaia,2020-10-02,1206,2,14,0,6.142857142857143,0.14285714285714285,inf,3.0813473078041325
Formoso do Araguaia,2020-10-03,1206,0,14,0,5.785714285714286,0.07142857142857142,0.0,3.0813473078041325
Formoso do Araguaia,2020-10-04,1206,0,14,0,5.785714285714286,0.07142857142857142,0.0,3.0813473078041325
Formoso do Araguaia,2020-10-05,1206,0,14,0,5.642857142857143,0.07142857142857142,0.0,3.0813473078041325
Formoso do Araguaia,2020-10-06,1207,1,14,0,4.642857142857143,0.07142857142857142,0.0,3.081707270097349
Formoso do Araguaia,2020-10-07,1209,2,14,0,4.142857142857143,0.07142857142857142,0.0,3.0824263008607717
Formoso do Araguaia,2020-10-08,1209,0,14,0,3.2142857142857144,0.07142857142857142,0.0,3.0824263008607717
Formoso do Araguaia,2020-10-09,1224,15,14,0,3.5714285714285716,0.07142857142857142,0.0,3.087781417809542
Formoso do Araguaia,2020-10-10,1229,5,14,0,3.0714285714285716,0.07142857142857142,0.0,3.089551882886454
Formoso do Araguaia,2020-10-11,1229,0,14,0,3.0714285714285716,0.07142857142857142,0.0,3.089551882886454
Formoso do Araguaia,2020-10-12,1229,0,14,0,3.0714285714285716,0.07142857142857142,0.0,3.089551882886454
Formoso do Araguaia,2020-10-13,1229,0,14,0,2.2857142857142856,0.07142857142857142,0.0,3.089551882886454
Formoso do Araguaia,2020-10-14,1235,6,14,0,2.5714285714285716,0.0,-1.0,3.0916669575956846
Formoso do Araguaia,2020-10-15,1237,2,14,0,2.357142857142857,0.0,-1.0,3.0923696996291206
Formoso do Araguaia,2020-10-16,1249,12,14,0,3.0714285714285716,0.0,-1.0,3.0965624383741357
Formoso do Araguaia,2020-10-17,1251,2,15,1,3.2142857142857144,0.07142857142857142,0.0,3.09725730969342
Formoso do Araguaia,2020-10-18,1251,0,15,0,3.2142857142857144,0.07142857142857142,0.0,3.09725730969342
Formoso do Araguaia,2020-10-19,1251,0,15,0,3.2142857142857144,0.07142857142857142,0.0,3.09725730969342
Formoso do Araguaia,2020-10-20,1263,12,15,0,4.0,0.07142857142857142,0.0,3.101403350555331
Formoso do Araguaia,2020-10-21,1264,1,16,1,3.9285714285714284,0.14285714285714285,1.0,3.1017470739463664
Formoso do Araguaia,2020-10-22,1270,6,16,0,4.357142857142857,0.14285714285714285,1.0,3.103803720955957
Formoso do Araguaia,2020-10-23,1271,1,16,0,3.357142857142857,0.14285714285714285,1.0,3.104145550554008
Formoso do Araguaia,2020-10-24,1274,3,16,0,3.2142857142857144,0.14285714285714285,1.0,3.1051694279993316
Formoso do Araguaia,2020-10-25,1275,1,16,0,3.2857142857142856,0.14285714285714285,1.0,3.1055101847699738
Formoso do Araguaia,2020-10-26,1275,0,16,0,3.2857142857142856,0.14285714285714285,1.0,3.1055101847699738
Formoso do Araguaia,2020-10-27,1282,7,16,0,3.7857142857142856,0.14285714285714285,1.0,3.1078880251827985
Formoso do Araguaia,2020-10-28,1282,0,16,0,3.357142857142857,0.14285714285714285,inf,3.1078880251827985
Formoso do Araguaia,2020-10-29,1283,1,16,0,3.2857142857142856,0.14285714285714285,inf,3.1082266563749283
Formoso do Araguaia,2020-10-30,1283,0,16,0,2.4285714285714284,0.14285714285714285,inf,3.1082266563749283
Formoso do Araguaia,2020-10-31,1283,0,16,0,2.2857142857142856,0.07142857142857142,0.0,3.1082266563749283
Formoso do Araguaia,2020-11-01,1283,0,16,0,2.2857142857142856,0.07142857142857142,0.0,3.1082266563749283
Formoso do Araguaia,2020-11-02,1283,0,16,0,2.2857142857142856,0.07142857142857142,0.0,3.1082266563749283
Formoso do Araguaia,2020-11-03,1283,0,16,0,1.4285714285714286,0.07142857142857142,0.0,3.1082266563749283
Formoso do Araguaia,2020-11-04,1285,2,16,0,1.5,0.0,-1.0,3.1089031276673134
Formoso do Araguaia,2020-11-05,1286,1,16,0,1.1428571428571428,0.0,-1.0,3.109240968588203
Formoso do Araguaia,2020-11-06,1287,1,16,0,1.1428571428571428,0.0,-1.0,3.1095785469043866
Formoso do Araguaia,2020-11-07,1288,1,16,0,1.0,0.0,-1.0,3.1099158630237933
Formoso do Araguaia,2020-11-08,1288,0,16,0,0.9285714285714286,0.0,-1.0,3.1099158630237933
Formoso do Araguaia,2020-11-09,1288,0,16,0,0.9285714285714286,0.0,-1.0,3.1099158630237933
Formoso do Araguaia,2020-11-10,1289,1,16,0,0.5,0.0,-1.0,3.110252917353403
Formoso do Araguaia,2020-11-11,1289,0,16,0,0.5,0.0,-1.0,3.110252917353403
Formoso do Araguaia,2020-11-12,1289,0,16,0,0.42857142857142855,0.0,-1.0,3.110252917353403
Formoso do Araguaia,2020-11-13,1289,0,16,0,0.42857142857142855,0.0,-1.0,3.110252917353403
Formoso do Araguaia,2020-11-14,1290,1,16,0,0.5,0.0,-1.0,3.110589710299249
Formoso do Araguaia,2020-11-15,1290,0,16,0,0.5,0.0,-1.0,3.110589710299249
Formoso do Araguaia,2020-11-16,1290,0,16,0,0.5,0.0,-1.0,3.110589710299249
Formoso do Araguaia,2020-11-17,1291,1,16,0,0.5714285714285714,0.0,-1.0,3.1109262422664203
Formoso do Araguaia,2020-11-18,1292,1,17,1,0.5,0.07142857142857142,inf,3.1112625136590655
Formoso do Araguaia,2020-11-19,1292,0,17,0,0.42857142857142855,0.07142857142857142,inf,3.1112625136590655
Formoso do Araguaia,2020-11-20,1292,0,17,0,0.35714285714285715,0.07142857142857142,inf,3.1112625136590655
Formoso do Araguaia,2020-11-21,1292,0,17,0,0.2857142857142857,0.07142857142857142,inf,3.1112625136590655
Formoso do Araguaia,2020-11-22,1292,0,17,0,0.2857142857142857,0.07142857142857142,inf,3.1112625136590655
Formoso do Araguaia,2020-11-23,1292,0,17,0,0.2857142857142857,0.07142857142857142,inf,3.1112625136590655
Formoso do Araguaia,2020-11-24,1299,7,17,0,0.7142857142857143,0.07142857142857142,inf,3.1136091510730277
Formoso do Araguaia,2020-11-25,1303,4,17,0,1.0,0.07142857142857142,inf,3.1149444157125847
Formoso do Araguaia,2020-11-26,1303,0,17,0,1.0,0.07142857142857142,inf,3.1149444157125847
Formoso do Araguaia,2020-11-27,1306,3,17,0,1.2142857142857142,0.07142857142857142,inf,3.115943176939055
Formoso do Araguaia,2020-11-28,1308,2,17,0,1.2857142857142858,0.07142857142857142,inf,3.1166077439882485
Formoso do Araguaia,2020-11-29,1308,0,17,0,1.2857142857142858,0.07142857142857142,inf,3.1166077439882485
Formoso do Araguaia,2020-11-30,1308,0,17,0,1.2857142857142858,0.07142857142857142,inf,3.1166077439882485
Formoso do Araguaia,2020-12-01,1310,2,17,0,1.3571428571428572,0.07142857142857142,inf,3.1172712956557644
Formoso do Araguaia,2020-12-02,1312,2,17,0,1.4285714285714286,0.0,-1.0,3.1179338350396413
Formoso do Araguaia,2020-12-03,1312,0,17,0,1.4285714285714286,0.0,-1.0,3.1179338350396413
Formoso do Araguaia,2020-12-04,1313,1,18,1,1.5,0.07142857142857142,0.0,3.118264726089479
Formoso do Araguaia,2020-12-05,1321,8,18,0,2.0714285714285716,0.07142857142857142,0.0,3.1209028176145273
Formoso do Araguaia,2020-12-06,1321,0,18,0,2.0714285714285716,0.07142857142857142,0.0,3.1209028176145273
Formoso do Araguaia,2020-12-07,1321,0,18,0,2.0714285714285716,0.07142857142857142,0.0,3.1209028176145273
Formoso do Araguaia,2020-12-08,1321,0,18,0,1.5714285714285714,0.07142857142857142,0.0,3.1209028176145273
Formoso do Araguaia,2020-12-09,1322,1,18,0,1.3571428571428572,0.07142857142857142,0.0,3.1212314551496214
Formoso do Araguaia,2020-12-10,1322,0,18,0,1.3571428571428572,0.07142857142857142,0.0,3.1212314551496214
Formoso do Araguaia,2020-12-11,1322,0,18,0,1.1428571428571428,0.07142857142857142,0.0,3.1212314551496214
Formoso do Araguaia,2020-12-12,1323,1,18,0,1.0714285714285714,0.07142857142857142,0.0,3.1215598441875008
Formoso do Araguaia,2020-12-13,1323,0,18,0,1.0714285714285714,0.07142857142857142,0.0,3.1215598441875008
Formoso do Araguaia,2020-12-14,1323,0,18,0,1.0714285714285714,0.07142857142857142,0.0,3.1215598441875008
Formoso do Araguaia,2020-12-15,1323,0,18,0,0.9285714285714286,0.07142857142857142,0.0,3.1215598441875008
Formoso do Araguaia,2020-12-16,1325,2,18,0,0.9285714285714286,0.07142857142857142,inf,3.1222158782728267
Formoso do Araguaia,2020-12-17,1325,0,18,0,0.9285714285714286,0.07142857142857142,inf,3.1222158782728267
Formoso do Araguaia,2020-12-18,1328,3,18,0,1.0714285714285714,0.0,-1.0,3.1231980750319988
Formoso do Araguaia,2020-12-19,1328,0,18,0,0.5,0.0,-1.0,3.1231980750319988
Formoso do Araguaia,2020-12-20,1328,0,18,0,0.5,0.0,-1.0,3.1231980750319988
Formoso do Araguaia,2020-12-21,1328,0,18,0,0.5,0.0,-1.0,3.1231980750319988
Formoso do Araguaia,2020-12-22,1332,4,18,0,0.7857142857142857,0.0,-1.0,3.1245042248342823
Formoso do Araguaia,2020-12-23,1332,0,18,0,0.7142857142857143,0.0,-1.0,3.1245042248342823
Formoso do Araguaia,2020-12-24,1332,0,18,0,0.7142857142857143,0.0,-1.0,3.1245042248342823
Formoso do Araguaia,2020-12-25,1332,0,18,0,0.7142857142857143,0.0,-1.0,3.1245042248342823
Formoso do Araguaia,2020-12-26,1332,0,18,0,0.6428571428571429,0.0,-1.0,3.1245042248342823
Formoso do Araguaia,2020-12-27,1333,1,18,0,0.7142857142857143,0.0,-1.0,3.1248301494138593
Formoso do Araguaia,2020-12-28,1336,3,18,0,0.9285714285714286,0.0,-1.0,3.125806458139527
Formoso do Araguaia,2020-12-29,1340,4,18,0,1.2142857142857142,0.0,-1.0,3.1271047983648077
Formoso do Araguaia,2020-12-30,1341,1,18,0,1.1428571428571428,0.0,-1.0,3.127428777851599
Formoso do Araguaia,2020-12-31,1341,0,18,0,1.1428571428571428,0.0,-1.0,3.127428777851599
Formoso do Araguaia,2021-01-01,1341,0,18,0,0.9285714285714286,0.0,,3.127428777851599
Formoso do Araguaia,2021-01-02,1341,0,18,0,0.9285714285714286,0.0,,3.127428777851599
Formoso do Araguaia,2021-01-03,1341,0,18,0,0.9285714285714286,0.0,,3.127428777851599
Formoso do Araguaia,2021-01-04,1341,0,18,0,0.9285714285714286,0.0,,3.127428777851599
Formoso do Araguaia,2021-01-05,1342,1,18,0,0.7142857142857143,0.0,,3.1277525158329733
Formoso do Araguaia,2021-01-06,1350,8,18,0,1.2857142857142858,0.0,,3.130333768495006
Formoso do Araguaia,2021-01-07,1354,4,19,1,1.5714285714285714,0.07142857142857142,inf,3.1316186643491255
Formoso do Araguaia,2021-01-08,1354,0,19,0,1.5714285714285714,0.07142857142857142,inf,3.1316186643491255
Formoso do Araguaia,2021-01-09,1356,2,19,0,1.7142857142857142,0.07142857142857142,inf,3.1322596895310446
Formoso do Araguaia,2021-01-10,1356,0,19,0,1.6428571428571428,0.07142857142857142,inf,3.1322596895310446
Formoso do Araguaia,2021-01-11,1356,0,19,0,1.4285714285714286,0.07142857142857142,inf,3.1322596895310446
Formoso do Araguaia,2021-01-12,1365,9,19,0,1.7857142857142858,0.07142857142857142,inf,3.1351326513767748
Formoso do Araguaia,2021-01-13,1368,3,19,0,1.9285714285714286,0.07142857142857142,inf,3.1360860973840974
Formoso do Araguaia,2021-01-14,1372,4,19,0,2.2142857142857144,0.07142857142857142,inf,3.137354111370733
Formoso do Araguaia,2021-01-15,1372,0,19,0,2.2142857142857144,0.07142857142857142,inf,3.137354111370733
Formoso do Araguaia,2021-01-16,1378,6,19,0,2.642857142857143,0.07142857142857142,inf,3.139249217571607
Formoso do Araguaia,2021-01-17,1382,4,19,0,2.9285714285714284,0.07142857142857142,inf,3.1405080430381798
Formoso do Araguaia,2021-01-18,1383,1,19,0,3.0,0.07142857142857142,inf,3.1408221801093106
Formoso do Araguaia,2021-01-19,1386,3,19,0,3.142857142857143,0.07142857142857142,inf,3.141763230275788
Formoso do Araguaia,2021-01-20,1387,1,19,0,2.642857142857143,0.07142857142857142,inf,3.1420764610732848
Lavandeira,2020-03-27,0,0,0,0,,,,0.0
Lavandeira,2020-03-28,0,0,0,0,,,,0.0
Lavandeira,2020-03-29,0,0,0,0,,,,0.0
Lavandeira,2020-03-30,0,0,0,0,,,,0.0
Lavandeira,2020-03-31,0,0,0,0,,,,0.0
Lavandeira,2020-04-01,0,0,0,0,,,,0.0
Lavandeira,2020-04-02,0,0,0,0,,,,0.0
Lavandeira,2020-04-03,0,0,0,0,,,,0.0
Lavandeira,2020-04-04,0,0,0,0,,,,0.0
Lavandeira,2020-04-05,0,0,0,0,,,,0.0
Lavandeira,2020-04-06,0,0,0,0,,,,0.0
Lavandeira,2020-04-07,0,0,0,0,,,,0.0
Lavandeira,2020-04-08,0,0,0,0,,,,0.0
Lavandeira,2020-04-09,0,0,0,0,0.0,0.0,,0.0
Lavandeira,2020-04-10,0,0,0,0,0.0,0.0,,0.0
Lavandeira,2020-04-11,0,0,0,0,0.0,0.0,,0.0
Lavandeira,2020-04-12,0,0,0,0,0.0,0.0,,0.0
Lavandeira,2020-04-13,0,0,0,0,0.0,0.0,,0.0
Lavandeira,2020-04-14,0,0,0,0,0.0,0.0,,0.0
Lavandeira,2020-04-15,0,0,0,0,0.0,0.0,,0.0
Lavandeira,2020-04-16,0,0,0,0,0.0,0.0,,0.0
Lavandeira,2020-04-17,0,0,0,0,0.0,0.0,,0.0
Lavandeira,2020-04-18,0,0,0,0,0.0,0.0,,0.0
Lavandeira,2020-04-19,0,0,0,0,0.0,0.0,,0.0
Lavandeira,2020-04-20,0,0,0,0,0.0,0.0,,0.0
Lavandeira,2020-04-21,0,0,0,0,0.0,0.0,,0.0
Lavandeira,2020-04-22,0,0,0,0,0.0,0.0,,0.0
Lavandeira,2020-04-23,0,0,0,0,0.0,0.0,,0.0
Lavandeira,2020-04-24,0,0,0,0,0.0,0.0,,0.0
Lavandeira,2020-04-25,0,0,0,0,0.0,0.0,,0.0
Lavandeira,2020-04-26,0,0,0,0,0.0,0.0,,0.0
Lavandeira,2020-04-27,0,0,0,0,0.0,0.0,,0.0
Lavandeira,2020-04-28,0,0,0,0,0.0,0.0,,0.0
Lavandeira,2020-04-29,0,0,0,0,0.0,0.0,,0.0
Lavandeira,2020-04-30,0,0,0,0,0.0,0.0,,0.0
Lavandeira,2020-05-01,0,0,0,0,0.0,0.0,,0.0
Lavandeira,2020-05-02,0,0,0,0,0.0,0.0,,0.0
Lavandeira,2020-05-03,0,0,0,0,0.0,0.0,,0.0
Lavandeira,2020-05-04,0,0,0,0,0.0,0.0,,0.0
Lavandeira,2020-05-05,0,0,0,0,0.0,0.0,,0.0
Lavandeira,2020-05-06,0,0,0,0,0.0,0.0,,0.0
Lavandeira,2020-05-07,0,0,0,0,0.0,0.0,,0.0
Lavandeira,2020-05-08,0,0,0,0,0.0,0.0,,0.0
Lavandeira,2020-05-09,0,0,0,0,0.0,0.0,,0.0
Lavandeira,2020-05-10,0,0,0,0,0.0,0.0,,0.0
Lavandeira,2020-05-11,0,0,0,0,0.0,0.0,,0.0
Lavandeira,2020-05-12,0,0,0,0,0.0,0.0,,0.0
Lavandeira,2020-05-13,0,0,0,0,0.0,0.0,,0.0
Lavandeira,2020-05-14,0,0,0,0,0.0,0.0,,0.0
Lavandeira,2020-05-15,0,0,0,0,0.0,0.0,,0.0
Lavandeira,2020-05-16,0,0,0,0,0.0,0.0,,0.0
Lavandeira,2020-05-17,0,0,0,0,0.0,0.0,,0.0
Lavandeira,2020-05-18,0,0,0,0,0.0,0.0,,0.0
Lavandeira,2020-05-19,0,0,0,0,0.0,0.0,,0.0
Lavandeira,2020-05-20,0,0,0,0,0.0,0.0,,0.0
Lavandeira,2020-05-21,0,0,0,0,0.0,0.0,,0.0
Lavandeira,2020-05-22,0,0,0,0,0.0,0.0,,0.0
Lavandeira,2020-05-23,0,0,0,0,0.0,0.0,,0.0
Lavandeira,2020-05-24,0,0,0,0,0.0,0.0,,0.0
Lavandeira,2020-05-25,0,0,0,0,0.0,0.0,,0.0
Lavandeira,2020-05-26,0,0,0,0,0.0,0.0,,0.0
Lavandeira,2020-05-27,0,0,0,0,0.0,0.0,,0.0
Lavandeira,2020-05-28,0,0,0,0,0.0,0.0,,0.0
Lavandeira,2020-05-29,0,0,0,0,0.0,0.0,,0.0
Lavandeira,2020-05-30,0,0,0,0,0.0,0.0,,0.0
Lavandeira,2020-05-31,0,0,0,0,0.0,0.0,,0.0
Lavandeira,2020-06-01,0,0,0,0,0.0,0.0,,0.0
Lavandeira,2020-06-02,0,0,0,0,0.0,0.0,,0.0
Lavandeira,2020-06-03,0,0,0,0,0.0,0.0,,0.0
Lavandeira,2020-06-04,0,0,0,0,0.0,0.0,,0.0
Lavandeira,2020-06-05,0,0,0,0,0.0,0.0,,0.0
Lavandeira,2020-06-06,0,0,0,0,0.0,0.0,,0.0
Lavandeira,2020-06-07,0,0,0,0,0.0,0.0,,0.0
Lavandeira,2020-06-08,0,0,0,0,0.0,0.0,,0.0
Lavandeira,2020-06-09,0,0,0,0,0.0,0.0,,0.0
Lavandeira,2020-06-10,0,0,0,0,0.0,0.0,,0.0
Lavandeira,2020-06-11,0,0,0,0,0.0,0.0,,0.0
Lavandeira,2020-06-12,0,0,0,0,0.0,0.0,,0.0
Lavandeira,2020-06-13,0,0,0,0,0.0,0.0,,0.0
Lavandeira,2020-06-14,0,0,0,0,0.0,0.0,,0.0
Lavandeira,2020-06-15,0,0,0,0,0.0,0.0,,0.0
Lavandeira,2020-06-16,0,0,0,0,0.0,0.0,,0.0
Lavandeira,2020-06-17,0,0,0,0,0.0,0.0,,0.0
Lavandeira,2020-06-18,0,0,0,0,0.0,0.0,,0.0
Lavandeira,2020-06-19,0,0,0,0,0.0,0.0,,0.0
Lavandeira,2020-06-20,0,0,0,0,0.0,0.0,,0.0
Lavandeira,2020-06-21,0,0,0,0,0.0,0.0,,0.0
Lavandeira,2020-06-22,0,0,0,0,0.0,0.0,,0.0
Lavandeira,2020-06-23,0,0,0,0,0.0,0.0,,0.0
Lavandeira,2020-06-24,0,0,0,0,0.0,0.0,,0.0
Lavandeira,2020-06-25,0,0,0,0,0.0,0.0,,0.0
Lavandeira,2020-06-26,0,0,0,0,0.0,0.0,,0.0
Lavandeira,2020-06-27,0,0,0,0,0.0,0.0,,0.0
Lavandeira,2020-06-28,0,0,0,0,0.0,0.0,,0.0
Lavandeira,2020-06-29,0,0,0,0,0.0,0.0,,0.0
Lavandeira,2020-06-30,0,0,0,0,0.0,0.0,,0.0
Lavandeira,2020-07-01,0,0,0,0,0.0,0.0,,0.0
Lavandeira,2020-07-02,0,0,0,0,0.0,0.0,,0.0
Lavandeira,2020-07-03,0,0,0,0,0.0,0.0,,0.0
Lavandeira,2020-07-04,0,0,0,0,0.0,0.0,,0.0
Lavandeira,2020-07-05,0,0,0,0,0.0,0.0,,0.0
Lavandeira,2020-07-06,0,0,0,0,0.0,0.0,,0.0
Lavandeira,2020-07-07,0,0,0,0,0.0,0.0,,0.0
Lavandeira,2020-07-08,0,0,0,0,0.0,0.0,,0.0
Lavandeira,2020-07-09,0,0,0,0,0.0,0.0,,0.0
Lavandeira,2020-07-10,0,0,0,0,0.0,0.0,,0.0
Lavandeira,2020-07-11,0,0,0,0,0.0,0.0,,0.0
Lavandeira,2020-07-12,0,0,0,0,0.0,0.0,,0.0
Lavandeira,2020-07-13,0,0,0,0,0.0,0.0,,0.0
Lavandeira,2020-07-14,0,0,0,0,0.0,0.0,,0.0
Lavandeira,2020-07-15,0,0,0,0,0.0,0.0,,0.0
Lavandeira,2020-07-16,0,0,0,0,0.0,0.0,,0.0
Lavandeira,2020-07-17,0,0,0,0,0.0,0.0,,0.0
Lavandeira,2020-07-18,0,0,0,0,0.0,0.0,,0.0
Lavandeira,2020-07-19,0,0,0,0,0.0,0.0,,0.0
Lavandeira,2020-07-20,0,0,0,0,0.0,0.0,,0.0
Lavandeira,2020-07-21,0,0,0,0,0.0,0.0,,0.0
Lavandeira,2020-07-22,0,0,0,0,0.0,0.0,,0.0
Lavandeira,2020-07-23,0,0,0,0,0.0,0.0,,0.0
Lavandeira,2020-07-24,0,0,0,0,0.0,0.0,,0.0
Lavandeira,2020-07-25,1,1,0,0,0.07142857142857142,0.0,,0.0
Lavandeira,2020-07-26,1,0,0,0,0.07142857142857142,0.0,,0.0
Lavandeira,2020-07-27,1,0,0,0,0.07142857142857142,0.0,,0.0
Lavandeira,2020-07-28,1,0,0,0,0.07142857142857142,0.0,,0.0
Lavandeira,2020-07-29,3,2,0,0,0.21428571428571427,0.0,,0.47712125471966244
Lavandeira,2020-07-30,3,0,0,0,0.21428571428571427,0.0,,0.47712125471966244
Lavandeira,2020-07-31,3,0,0,0,0.21428571428571427,0.0,,0.47712125471966244
Lavandeira,2020-08-01,3,0,0,0,0.21428571428571427,0.0,,0.47712125471966244
Lavandeira,2020-08-02,6,3,0,0,0.42857142857142855,0.0,,0.7781512503836436
Lavandeira,2020-08-03,6,0,0,0,0.42857142857142855,0.0,,0.7781512503836436
Lavandeira,2020-08-04,8,2,0,0,0.5714285714285714,0.0,,0.9030899869919435
Lavandeira,2020-08-05,8,0,0,0,0.5714285714285714,0.0,,0.9030899869919435
Lavandeira,2020-08-06,8,0,0,0,0.5714285714285714,0.0,,0.9030899869919435
Lavandeira,2020-08-07,8,0,0,0,0.5714285714285714,0.0,,0.9030899869919435
Lavandeira,2020-08-08,8,0,0,0,0.5,0.0,,0.9030899869919435
Lavandeira,2020-08-09,8,0,0,0,0.5,0.0,,0.9030899869919435
Lavandeira,2020-08-10,10,2,0,0,0.6428571428571429,0.0,,1.0
Lavandeira,2020-08-11,11,1,0,0,0.7142857142857143,0.0,,1.041392685158225
Lavandeira,2020-08-12,11,0,0,0,0.5714285714285714,0.0,,1.041392685158225
Lavandeira,2020-08-13,12,1,0,0,0.6428571428571429,0.0,,1.0791812460476249
Lavandeira,2020-08-14,12,0,0,0,0.6428571428571429,0.0,,1.0791812460476249
Lavandeira,2020-08-15,12,0,0,0,0.6428571428571429,0.0,,1.0791812460476249
Lavandeira,2020-08-16,12,0,0,0,0.42857142857142855,0.0,,1.0791812460476249
Lavandeira,2020-08-17,12,0,0,0,0.42857142857142855,0.0,,1.0791812460476249
Lavandeira,2020-08-18,13,1,0,0,0.35714285714285715,0.0,,1.1139433523068367
Lavandeira,2020-08-19,14,1,0,0,0.42857142857142855,0.0,,1.146128035678238
Lavandeira,2020-08-20,14,0,0,0,0.42857142857142855,0.0,,1.146128035678238
Lavandeira,2020-08-21,14,0,0,0,0.42857142857142855,0.0,,1.146128035678238
Lavandeira,2020-08-22,14,0,0,0,0.42857142857142855,0.0,,1.146128035678238
Lavandeira,2020-08-23,14,0,0,0,0.42857142857142855,0.0,,1.146128035678238
Lavandeira,2020-08-24,14,0,0,0,0.2857142857142857,0.0,,1.146128035678238
Lavandeira,2020-08-25,14,0,0,0,0.21428571428571427,0.0,,1.146128035678238
Lavandeira,2020-08-26,14,0,0,0,0.21428571428571427,0.0,,1.146128035678238
Lavandeira,2020-08-27,14,0,0,0,0.14285714285714285,0.0,,1.146128035678238
Lavandeira,2020-08-28,18,4,0,0,0.42857142857142855,0.0,,1.255272505103306
Lavandeira,2020-08-29,18,0,0,0,0.42857142857142855,0.0,,1.255272505103306
Lavandeira,2020-08-30,18,0,0,0,0.42857142857142855,0.0,,1.255272505103306
Lavandeira,2020-08-31,18,0,0,0,0.42857142857142855,0.0,,1.255272505103306
Lavandeira,2020-09-01,18,0,0,0,0.35714285714285715,0.0,,1.255272505103306
Lavandeira,2020-09-02,19,1,0,0,0.35714285714285715,0.0,,1.2787536009528289
Lavandeira,2020-09-03,19,0,0,0,0.35714285714285715,0.0,,1.2787536009528289
Lavandeira,2020-09-04,20,1,0,0,0.42857142857142855,0.0,,1.3010299956639813
Lavandeira,2020-09-05,22,2,0,0,0.5714285714285714,0.0,,1.3424226808222062
Lavandeira,2020-09-06,22,0,0,0,0.5714285714285714,0.0,,1.3424226808222062
Lavandeira,2020-09-07,22,0,0,0,0.5714285714285714,0.0,,1.3424226808222062
Lavandeira,2020-09-08,22,0,0,0,0.5714285714285714,0.0,,1.3424226808222062
Lavandeira,2020-09-09,22,0,0,0,0.5714285714285714,0.0,,1.3424226808222062
Lavandeira,2020-09-10,22,0,0,0,0.5714285714285714,0.0,,1.3424226808222062
Lavandeira,2020-09-11,22,0,0,0,0.2857142857142857,0.0,,1.3424226808222062
Lavandeira,2020-09-12,23,1,0,0,0.35714285714285715,0.0,,1.3617278360175928
Lavandeira,2020-09-13,23,0,0,0,0.35714285714285715,0.0,,1.3617278360175928
Lavandeira,2020-09-14,23,0,0,0,0.35714285714285715,0.0,,1.3617278360175928
Lavandeira,2020-09-15,24,1,0,0,0.42857142857142855,0.0,,1.380211241711606
Lavandeira,2020-09-16,29,5,0,0,0.7142857142857143,0.0,,1.462397997898956
Lavandeira,2020-09-17,32,3,0,0,0.9285714285714286,0.0,,1.505149978319906
Lavandeira,2020-09-18,32,0,0,0,0.8571428571428571,0.0,,1.505149978319906
Lavandeira,2020-09-19,32,0,0,0,0.7142857142857143,0.0,,1.505149978319906
Lavandeira,2020-09-20,32,0,0,0,0.7142857142857143,0.0,,1.505149978319906
Lavandeira,2020-09-21,32,0,0,0,0.7142857142857143,0.0,,1.505149978319906
Lavandeira,2020-09-22,32,0,0,0,0.7142857142857143,0.0,,1.505149978319906
Lavandeira,2020-09-23,32,0,0,0,0.7142857142857143,0.0,,1.505149978319906
Lavandeira,2020-09-24,32,0,0,0,0.7142857142857143,0.0,,1.505149978319906
Lavandeira,2020-09-25,33,1,0,0,0.7857142857142857,0.0,,1.5185139398778875
Lavandeira,2020-09-26,35,2,0,0,0.8571428571428571,0.0,,1.5440680443502757
Lavandeira,2020-09-27,35,0,0,0,0.8571428571428571,0.0,,1.5440680443502757
Lavandeira,2020-09-28,35,0,0,0,0.8571428571428571,0.0,,1.5440680443502757
Lavandeira,2020-09-29,35,0,0,0,0.7857142857142857,0.0,,1.5440680443502757
Lavandeira,2020-09-30,35,0,0,0,0.42857142857142855,0.0,,1.5440680443502757
Lavandeira,2020-10-01,35,0,0,0,0.21428571428571427,0.0,,1.5440680443502757
Lavandeira,2020-10-02,35,0,0,0,0.21428571428571427,0.0,,1.5440680443502757
Lavandeira,2020-10-03,35,0,0,0,0.21428571428571427,0.0,,1.5440680443502757
Lavandeira,2020-10-04,35,0,0,0,0.21428571428571427,0.0,,1.5440680443502757
Lavandeira,2020-10-05,35,0,0,0,0.21428571428571427,0.0,,1.5440680443502757
Lavandeira,2020-10-06,35,0,0,0,0.21428571428571427,0.0,,1.5440680443502757
Lavandeira,2020-10-07,35,0,0,0,0.21428571428571427,0.0,,1.5440680443502757
Lavandeira,2020-10-08,35,0,0,0,0.21428571428571427,0.0,,1.5440680443502757
Lavandeira,2020-10-09,35,0,0,0,0.14285714285714285,0.0,,1.5440680443502757
Lavandeira,2020-10-10,35,0,0,0,0.0,0.0,,1.5440680443502757
Lavandeira,2020-10-11,35,0,0,0,0.0,0.0,,1.5440680443502757
Lavandeira,2020-10-12,35,0,0,0,0.0,0.0,,1.5440680443502757
Lavandeira,2020-10-13,35,0,0,0,0.0,0.0,,1.5440680443502757
Lavandeira,2020-10-14,35,0,0,0,0.0,0.0,,1.5440680443502757
Lavandeira,2020-10-15,35,0,0,0,0.0,0.0,,1.5440680443502757
Lavandeira,2020-10-16,35,0,0,0,0.0,0.0,,1.5440680443502757
Lavandeira,2020-10-17,35,0,0,0,0.0,0.0,,1.5440680443502757
Lavandeira,2020-10-18,35,0,0,0,0.0,0.0,,1.5440680443502757
Lavandeira,2020-10-19,35,0,0,0,0.0,0.0,,1.5440680443502757
Lavandeira,2020-10-20,35,0,0,0,0.0,0.0,,1.5440680443502757
Lavandeira,2020-10-21,35,0,0,0,0.0,0.0,,1.5440680443502757
Lavandeira,2020-10-22,35,0,0,0,0.0,0.0,,1.5440680443502757
Lavandeira,2020-10-23,35,0,0,0,0.0,0.0,,1.5440680443502757
Lavandeira,2020-10-24,35,0,0,0,0.0,0.0,,1.5440680443502757
Lavandeira,2020-10-25,35,0,0,0,0.0,0.0,,1.5440680443502757
Lavandeira,2020-10-26,35,0,0,0,0.0,0.0,,1.5440680443502757
Lavandeira,2020-10-27,35,0,0,0,0.0,0.0,,1.5440680443502757
Lavandeira,2020-10-28,35,0,0,0,0.0,0.0,,1.5440680443502757
Lavandeira,2020-10-29,35,0,0,0,0.0,0.0,,1.5440680443502757
Lavandeira,2020-10-30,35,0,0,0,0.0,0.0,,1.5440680443502757
Lavandeira,2020-10-31,35,0,0,0,0.0,0.0,,1.5440680443502757
Lavandeira,2020-11-01,35,0,0,0,0.0,0.0,,1.5440680443502757
Lavandeira,2020-11-02,35,0,0,0,0.0,0.0,,1.5440680443502757
Lavandeira,2020-11-03,35,0,0,0,0.0,0.0,,1.5440680443502757
Lavandeira,2020-11-04,35,0,0,0,0.0,0.0,,1.5440680443502757
Lavandeira,2020-11-05,35,0,0,0,0.0,0.0,,1.5440680443502757
Lavandeira,2020-11-06,37,2,0,0,0.14285714285714285,0.0,,1.568201724066995
Lavandeira,2020-11-07,37,0,0,0,0.14285714285714285,0.0,,1.568201724066995
Lavandeira,2020-11-08,37,0,0,0,0.14285714285714285,0.0,,1.568201724066995
Lavandeira,2020-11-09,37,0,0,0,0.14285714285714285,0.0,,1.568201724066995
Lavandeira,2020-11-10,37,0,0,0,0.14285714285714285,0.0,,1.568201724066995
Lavandeira,2020-11-11,37,0,0,0,0.14285714285714285,0.0,,1.568201724066995
Lavandeira,2020-11-12,37,0,0,0,0.14285714285714285,0.0,,1.568201724066995
Lavandeira,2020-11-13,37,0,0,0,0.14285714285714285,0.0,,1.568201724066995
Lavandeira,2020-11-14,37,0,0,0,0.14285714285714285,0.0,,1.568201724066995
Lavandeira,2020-11-15,37,0,0,0,0.14285714285714285,0.0,,1.568201724066995
Lavandeira,2020-11-16,37,0,0,0,0.14285714285714285,0.0,,1.568201724066995
Lavandeira,2020-11-17,37,0,0,0,0.14285714285714285,0.0,,1.568201724066995
Lavandeira,2020-11-18,37,0,0,0,0.14285714285714285,0.0,,1.568201724066995
Lavandeira,2020-11-19,37,0,0,0,0.14285714285714285,0.0,,1.568201724066995
Lavandeira,2020-11-20,37,0,0,0,0.0,0.0,,1.568201724066995
Lavandeira,2020-11-21,37,0,0,0,0.0,0.0,,1.568201724066995
Lavandeira,2020-11-22,37,0,0,0,0.0,0.0,,1.568201724066995
Lavandeira,2020-11-23,37,0,0,0,0.0,0.0,,1.568201724066995
Lavandeira,2020-11-24,37,0,0,0,0.0,0.0,,1.568201724066995
Lavandeira,2020-11-25,37,0,0,0,0.0,0.0,,1.568201724066995
Lavandeira,2020-11-26,37,0,0,0,0.0,0.0,,1.568201724066995
Lavandeira,2020-11-27,37,0,0,0,0.0,0.0,,1.568201724066995
Lavandeira,2020-11-28,37,0,0,0,0.0,0.0,,1.568201724066995
Lavandeira,2020-11-29,37,0,0,0,0.0,0.0,,1.568201724066995
Lavandeira,2020-11-30,37,0,0,0,0.0,0.0,,1.568201724066995
Lavandeira,2020-12-01,37,0,0,0,0.0,0.0,,1.568201724066995
Lavandeira,2020-12-02,37,0,0,0,0.0,0.0,,1.568201724066995
Lavandeira,2020-12-03,37,0,0,0,0.0,0.0,,1.568201724066995
Lavandeira,2020-12-04,37,0,0,0,0.0,0.0,,1.568201724066995
Lavandeira,2020-12-05,37,0,0,0,0.0,0.0,,1.568201724066995
Lavandeira,2020-12-06,37,0,0,0,0.0,0.0,,1.568201724066995
Lavandeira,2020-12-07,37,0,0,0,0.0,0.0,,1.568201724066995
Lavandeira,2020-12-08,37,0,0,0,0.0,0.0,,1.568201724066995
Lavandeira,2020-12-09,37,0,0,0,0.0,0.0,,1.568201724066995
Lavandeira,2020-12-10,37,0,0,0,0.0,0.0,,1.568201724066995
Lavandeira,2020-12-11,37,0,0,0,0.0,0.0,,1.568201724066995
Lavandeira,2020-12-12,37,0,0,0,0.0,0.0,,1.568201724066995
Lavandeira,2020-12-13,37,0,0,0,0.0,0.0,,1.568201724066995
Lavandeira,2020-12-14,37,0,0,0,0.0,0.0,,1.568201724066995
Lavandeira,2020-12-15,37,0,0,0,0.0,0.0,,1.568201724066995
Lavandeira,2020-12-16,37,0,0,0,0.0,0.0,,1.568201724066995
Lavandeira,2020-12-17,37,0,0,0,0.0,0.0,,1.568201724066995
Lavandeira,2020-12-18,37,0,0,0,0.0,0.0,,1.568201724066995
Lavandeira,2020-12-19,37,0,0,0,0.0,0.0,,1.568201724066995
Lavandeira,2020-12-20,37,0,0,0,0.0,0.0,,1.568201724066995
Lavandeira,2020-12-21,37,0,0,0,0.0,0.0,,1.568201724066995
Lavandeira,2020-12-22,37,0,0,0,0.0,0.0,,1.568201724066995
Lavandeira,2020-12-23,37,0,0,0,0.0,0.0,,1.568201724066995
Lavandeira,2020-12-24,37,0,0,0,0.0,0.0,,1.568201724066995
Lavandeira,2020-12-25,37,0,0,0,0.0,0.0,,1.568201724066995
Lavandeira,2020-12-26,37,0,0,0,0.0,0.0,,1.568201724066995
Lavandeira,2020-12-27,37,0,0,0,0.0,0.0,,1.568201724066995
Lavandeira,2020-12-28,37,0,0,0,0.0,0.0,,1.568201724066995
Lavandeira,2020-12-29,37,0,0,0,0.0,0.0,,1.568201724066995
Lavandeira,2020-12-30,37,0,0,0,0.0,0.0,,1.568201724066995
Lavandeira,2020-12-31,37,0,0,0,0.0,0.0,,1.568201724066995
Lavandeira,2021-01-01,37,0,0,0,0.0,0.0,,1.568201724066995
Lavandeira,2021-01-02,37,0,0,0,0.0,0.0,,1.568201724066995
Lavandeira,2021-01-03,37,0,0,0,0.0,0.0,,1.568201724066995
Lavandeira,2021-01-04,37,0,0,0,0.0,0.0,,1.568201724066995
Lavandeira,2021-01-05,37,0,0,0,0.0,0.0,,1.568201724066995
Lavandeira,2021-01-06,37,0,0,0,0.0,0.0,,1.568201724066995
Lavandeira,2021-01-07,37,0,0,0,0.0,0.0,,1.568201724066995
Lavandeira,2021-01-08,37,0,0,0,0.0,0.0,,1.568201724066995
Lavandeira,2021-01-09,37,0,0,0,0.0,0.0,,1.568201724066995
Lavandeira,2021-01-10,37,0,0,0,0.0,0.0,,1.568201724066995
Lavandeira,2021-01-11,37,0,0,0,0.0,0.0,,1.568201724066995
Lavandeira,2021-01-12,37,0,0,0,0.0,0.0,,1.568201724066995
Lavandeira,2021-01-13,37,0,0,0,0.0,0.0,,1.568201724066995
Lavandeira,2021-01-14,37,0,0,0,0.0,0.0,,1.568201724066995
Lavandeira,2021-01-15,37,0,0,0,0.0,0.0,,1.568201724066995
Lavandeira,2021-01-16,37,0,0,0,0.0,0.0,,1.568201724066995
Lavandeira,2021-01-17,37,0,0,0,0.0,0.0,,1.568201724066995
Lavandeira,2021-01-18,37,0,0,0,0.0,0.0,,1.568201724066995
Lavandeira,2021-01-19,40,3,0,0,0.21428571428571427,0.0,,1.6020599913279625
Lavandeira,2021-01-20,40,0,0,0,0.21428571428571427,0.0,,1.6020599913279625
Goianorte,2020-03-27,0,0,0,0,,,,0.0
Goianorte,2020-03-28,0,0,0,0,,,,0.0
Goianorte,2020-03-29,0,0,0,0,,,,0.0
Goianorte,2020-03-30,0,0,0,0,,,,0.0
Goianorte,2020-03-31,0,0,0,0,,,,0.0
Goianorte,2020-04-01,0,0,0,0,,,,0.0
Goianorte,2020-04-02,0,0,0,0,,,,0.0
Goianorte,2020-04-03,0,0,0,0,,,,0.0
Goianorte,2020-04-04,0,0,0,0,,,,0.0
Goianorte,2020-04-05,0,0,0,0,,,,0.0
Goianorte,2020-04-06,0,0,0,0,,,,0.0
Goianorte,2020-04-07,0,0,0,0,,,,0.0
Goianorte,2020-04-08,0,0,0,0,,,,0.0
Goianorte,2020-04-09,0,0,0,0,0.0,0.0,,0.0
Goianorte,2020-04-10,0,0,0,0,0.0,0.0,,0.0
Goianorte,2020-04-11,0,0,0,0,0.0,0.0,,0.0
Goianorte,2020-04-12,0,0,0,0,0.0,0.0,,0.0
Goianorte,2020-04-13,0,0,0,0,0.0,0.0,,0.0
Goianorte,2020-04-14,0,0,0,0,0.0,0.0,,0.0
Goianorte,2020-04-15,0,0,0,0,0.0,0.0,,0.0
Goianorte,2020-04-16,0,0,0,0,0.0,0.0,,0.0
Goianorte,2020-04-17,0,0,0,0,0.0,0.0,,0.0
Goianorte,2020-04-18,0,0,0,0,0.0,0.0,,0.0
Goianorte,2020-04-19,0,0,0,0,0.0,0.0,,0.0
Goianorte,2020-04-20,0,0,0,0,0.0,0.0,,0.0
Goianorte,2020-04-21,0,0,0,0,0.0,0.0,,0.0
Goianorte,2020-04-22,0,0,0,0,0.0,0.0,,0.0
Goianorte,2020-04-23,0,0,0,0,0.0,0.0,,0.0
Goianorte,2020-04-24,0,0,0,0,0.0,0.0,,0.0
Goianorte,2020-04-25,0,0,0,0,0.0,0.0,,0.0
Goianorte,2020-04-26,0,0,0,0,0.0,0.0,,0.0
Goianorte,2020-04-27,0,0,0,0,0.0,0.0,,0.0
Goianorte,2020-04-28,0,0,0,0,0.0,0.0,,0.0
Goianorte,2020-04-29,0,0,0,0,0.0,0.0,,0.0
Goianorte,2020-04-30,0,0,0,0,0.0,0.0,,0.0
Goianorte,2020-05-01,0,0,0,0,0.0,0.0,,0.0
Goianorte,2020-05-02,0,0,0,0,0.0,0.0,,0.0
Goianorte,2020-05-03,0,0,0,0,0.0,0.0,,0.0
Goianorte,2020-05-04,0,0,0,0,0.0,0.0,,0.0
Goianorte,2020-05-05,0,0,0,0,0.0,0.0,,0.0
Goianorte,2020-05-06,0,0,0,0,0.0,0.0,,0.0
Goianorte,2020-05-07,0,0,0,0,0.0,0.0,,0.0
Goianorte,2020-05-08,0,0,0,0,0.0,0.0,,0.0
Goianorte,2020-05-09,0,0,0,0,0.0,0.0,,0.0
Goianorte,2020-05-10,0,0,0,0,0.0,0.0,,0.0
Goianorte,2020-05-11,0,0,0,0,0.0,0.0,,0.0
Goianorte,2020-05-12,0,0,0,0,0.0,0.0,,0.0
Goianorte,2020-05-13,0,0,0,0,0.0,0.0,,0.0
Goianorte,2020-05-14,0,0,0,0,0.0,0.0,,0.0
Goianorte,2020-05-15,0,0,0,0,0.0,0.0,,0.0
Goianorte,2020-05-16,0,0,0,0,0.0,0.0,,0.0
Goianorte,2020-05-17,0,0,0,0,0.0,0.0,,0.0
Goianorte,2020-05-18,0,0,0,0,0.0,0.0,,0.0
Goianorte,2020-05-19,0,0,0,0,0.0,0.0,,0.0
Goianorte,2020-05-20,0,0,0,0,0.0,0.0,,0.0
Goianorte,2020-05-21,0,0,0,0,0.0,0.0,,0.0
Goianorte,2020-05-22,0,0,0,0,0.0,0.0,,0.0
Goianorte,2020-05-23,0,0,0,0,0.0,0.0,,0.0
Goianorte,2020-05-24,0,0,0,0,0.0,0.0,,0.0
Goianorte,2020-05-25,0,0,0,0,0.0,0.0,,0.0
Goianorte,2020-05-26,0,0,0,0,0.0,0.0,,0.0
Goianorte,2020-05-27,0,0,0,0,0.0,0.0,,0.0
Goianorte,2020-05-28,0,0,0,0,0.0,0.0,,0.0
Goianorte,2020-05-29,0,0,0,0,0.0,0.0,,0.0
Goianorte,2020-05-30,0,0,0,0,0.0,0.0,,0.0
Goianorte,2020-05-31,0,0,0,0,0.0,0.0,,0.0
Goianorte,2020-06-01,0,0,0,0,0.0,0.0,,0.0
Goianorte,2020-06-02,0,0,0,0,0.0,0.0,,0.0
Goianorte,2020-06-03,1,1,0,0,0.07142857142857142,0.0,,0.0
Goianorte,2020-06-04,0,-1,0,0,0.0,0.0,,0.0
Goianorte,2020-06-05,1,1,0,0,0.07142857142857142,0.0,,0.0
Goianorte,2020-06-06,3,2,0,0,0.21428571428571427,0.0,,0.47712125471966244
Goianorte,2020-06-07,3,0,0,0,0.21428571428571427,0.0,,0.47712125471966244
Goianorte,2020-06-08,3,0,0,0,0.21428571428571427,0.0,,0.47712125471966244
Goianorte,2020-06-09,3,0,0,0,0.21428571428571427,0.0,,0.47712125471966244
Goianorte,2020-06-10,3,0,0,0,0.21428571428571427,0.0,,0.47712125471966244
Goianorte,2020-06-11,4,1,0,0,0.2857142857142857,0.0,,0.6020599913279624
Goianorte,2020-06-12,4,0,0,0,0.2857142857142857,0.0,,0.6020599913279624
Goianorte,2020-06-13,4,0,0,0,0.2857142857142857,0.0,,0.6020599913279624
Goianorte,2020-06-14,4,0,0,0,0.2857142857142857,0.0,,0.6020599913279624
Goianorte,2020-06-15,4,0,0,0,0.2857142857142857,0.0,,0.6020599913279624
Goianorte,2020-06-16,4,0,0,0,0.2857142857142857,0.0,,0.6020599913279624
Goianorte,2020-06-17,4,0,0,0,0.21428571428571427,0.0,,0.6020599913279624
Goianorte,2020-06-18,6,2,0,0,0.42857142857142855,0.0,,0.7781512503836436
Goianorte,2020-06-19,7,1,0,0,0.42857142857142855,0.0,,0.8450980400142568
Goianorte,2020-06-20,7,0,0,0,0.2857142857142857,0.0,,0.8450980400142568
Goianorte,2020-06-21,7,0,0,0,0.2857142857142857,0.0,,0.8450980400142568
Goianorte,2020-06-22,7,0,0,0,0.2857142857142857,0.0,,0.8450980400142568
Goianorte,2020-06-23,7,0,0,0,0.2857142857142857,0.0,,0.8450980400142568
Goianorte,2020-06-24,8,1,3,3,0.35714285714285715,0.21428571428571427,inf,0.9030899869919435
Goianorte,2020-06-25,8,0,0,-3,0.2857142857142857,0.0,,0.9030899869919435
Goianorte,2020-06-26,8,0,0,0,0.2857142857142857,0.0,,0.9030899869919435
Goianorte,2020-06-27,8,0,0,0,0.2857142857142857,0.0,,0.9030899869919435
Goianorte,2020-06-28,8,0,0,0,0.2857142857142857,0.0,,0.9030899869919435
Goianorte,2020-06-29,8,0,0,0,0.2857142857142857,0.0,,0.9030899869919435
Goianorte,2020-06-30,8,0,0,0,0.2857142857142857,0.0,,0.9030899869919435
Goianorte,2020-07-01,8,0,0,0,0.2857142857142857,0.0,,0.9030899869919435
Goianorte,2020-07-02,8,0,0,0,0.14285714285714285,0.0,,0.9030899869919435
Goianorte,2020-07-03,8,0,0,0,0.07142857142857142,0.0,,0.9030899869919435
Goianorte,2020-07-04,8,0,0,0,0.07142857142857142,0.0,,0.9030899869919435
Goianorte,2020-07-05,8,0,0,0,0.07142857142857142,0.0,,0.9030899869919435
Goianorte,2020-07-06,8,0,0,0,0.07142857142857142,0.0,,0.9030899869919435
Goianorte,2020-07-07,8,0,0,0,0.07142857142857142,0.0,,0.9030899869919435
Goianorte,2020-07-08,8,0,0,0,0.0,-0.21428571428571427,-2.0,0.9030899869919435
Goianorte,2020-07-09,8,0,0,0,0.0,0.0,,0.9030899869919435
Goianorte,2020-07-10,8,0,0,0,0.0,0.0,,0.9030899869919435
Goianorte,2020-07-11,11,3,0,0,0.21428571428571427,0.0,,1.041392685158225
Goianorte,2020-07-12,11,0,0,0,0.21428571428571427,0.0,,1.041392685158225
Goianorte,2020-07-13,11,0,0,0,0.21428571428571427,0.0,,1.041392685158225
Goianorte,2020-07-14,12,1,1,1,0.2857142857142857,0.07142857142857142,inf,1.0791812460476249
Goianorte,2020-07-15,12,0,1,0,0.2857142857142857,0.07142857142857142,inf,1.0791812460476249
Goianorte,2020-07-16,13,1,1,0,0.35714285714285715,0.07142857142857142,inf,1.1139433523068367
Goianorte,2020-07-17,13,0,1,0,0.35714285714285715,0.07142857142857142,inf,1.1139433523068367
Goianorte,2020-07-18,14,1,1,0,0.42857142857142855,0.07142857142857142,inf,1.146128035678238
Goianorte,2020-07-19,14,0,1,0,0.42857142857142855,0.07142857142857142,inf,1.146128035678238
Goianorte,2020-07-20,14,0,1,0,0.42857142857142855,0.07142857142857142,inf,1.146128035678238
Goianorte,2020-07-21,17,3,1,0,0.6428571428571429,0.07142857142857142,inf,1.2304489213782739
Goianorte,2020-07-22,17,0,1,0,0.6428571428571429,0.07142857142857142,-1.3333333333333333,1.2304489213782739
Goianorte,2020-07-23,18,1,1,0,0.7142857142857143,0.07142857142857142,inf,1.255272505103306
Goianorte,2020-07-24,19,1,1,0,0.7857142857142857,0.07142857142857142,inf,1.2787536009528289
Goianorte,2020-07-25,19,0,1,0,0.5714285714285714,0.07142857142857142,inf,1.2787536009528289
Goianorte,2020-07-26,20,1,1,0,0.6428571428571429,0.07142857142857142,inf,1.3010299956639813
Goianorte,2020-07-27,20,0,1,0,0.6428571428571429,0.07142857142857142,inf,1.3010299956639813
Goianorte,2020-07-28,20,0,1,0,0.5714285714285714,0.0,-1.0,1.3010299956639813
Goianorte,2020-07-29,21,1,1,0,0.6428571428571429,0.0,-1.0,1.3222192947339193
Goianorte,2020-07-30,21,0,0,-1,0.5714285714285714,-0.07142857142857142,-2.0,1.3222192947339193
Goianorte,2020-07-31,22,1,1,1,0.6428571428571429,0.0,-1.0,1.3424226808222062
Goianorte,2020-08-01,22,0,1,0,0.5714285714285714,0.0,-1.0,1.3424226808222062
Goianorte,2020-08-02,22,0,1,0,0.5714285714285714,0.0,-1.0,1.3424226808222062
Goianorte,2020-08-03,22,0,1,0,0.5714285714285714,0.0,-1.0,1.3424226808222062
Goianorte,2020-08-04,22,0,1,0,0.35714285714285715,0.0,-1.0,1.3424226808222062
Goianorte,2020-08-05,22,0,1,0,0.35714285714285715,0.0,-1.0,1.3424226808222062
Goianorte,2020-08-06,22,0,1,0,0.2857142857142857,0.0,-1.0,1.3424226808222062
Goianorte,2020-08-07,26,4,1,0,0.5,0.0,-1.0,1.414973347970818
Goianorte,2020-08-08,26,0,1,0,0.5,0.0,-1.0,1.414973347970818
Goianorte,2020-08-09,27,1,1,0,0.5,0.0,-1.0,1.4313637641589874
Goianorte,2020-08-10,29,2,1,0,0.6428571428571429,0.0,-1.0,1.462397997898956
Goianorte,2020-08-11,31,2,1,0,0.7857142857142857,0.0,,1.4913616938342726
Goianorte,2020-08-12,31,0,1,0,0.7142857142857143,0.0,,1.4913616938342726
Goianorte,2020-08-13,33,2,1,0,0.8571428571428571,0.07142857142857142,-2.0,1.5185139398778875
Goianorte,2020-08-14,34,1,1,0,0.8571428571428571,0.0,,1.5314789170422551
Goianorte,2020-08-15,35,1,1,0,0.9285714285714286,0.0,,1.5440680443502757
Goianorte,2020-08-16,35,0,1,0,0.9285714285714286,0.0,,1.5440680443502757
Goianorte,2020-08-17,35,0,1,0,0.9285714285714286,0.0,,1.5440680443502757
Goianorte,2020-08-18,36,1,1,0,1.0,0.0,,1.5563025007672873
Goianorte,2020-08-19,47,11,1,0,1.7857142857142858,0.0,,1.6720978579357175
Goianorte,2020-08-20,48,1,1,0,1.8571428571428572,0.0,,1.6812412373755872
Goianorte,2020-08-21,48,0,1,0,1.5714285714285714,0.0,,1.6812412373755872
Goianorte,2020-08-22,48,0,1,0,1.5714285714285714,0.0,,1.6812412373755872
Goianorte,2020-08-23,49,1,1,0,1.5714285714285714,0.0,,1.6901960800285136
Goianorte,2020-08-24,49,0,1,0,1.4285714285714286,0.0,,1.6901960800285136
Goianorte,2020-08-25,51,2,1,0,1.4285714285714286,0.0,,1.7075701760979363
Goianorte,2020-08-26,52,1,1,0,1.5,0.0,,1.7160033436347992
Goianorte,2020-08-27,53,1,1,0,1.4285714285714286,0.0,-1.0,1.7242758696007892
Goianorte,2020-08-28,55,2,1,0,1.5,0.0,,1.7403626894942439
Goianorte,2020-08-29,56,1,1,0,1.5,0.0,,1.7481880270062005
Goianorte,2020-08-30,56,0,1,0,1.5,0.0,,1.7481880270062005
Goianorte,2020-08-31,56,0,1,0,1.5,0.0,,1.7481880270062005
Goianorte,2020-09-01,61,5,1,0,1.7857142857142858,0.0,,1.7853298350107671
Goianorte,2020-09-02,61,0,1,0,1.0,0.0,,1.7853298350107671
Goianorte,2020-09-03,61,0,1,0,0.9285714285714286,0.0,,1.7853298350107671
Goianorte,2020-09-04,65,4,1,0,1.2142857142857142,0.0,,1.8129133566428555
Goianorte,2020-09-05,66,1,1,0,1.2857142857142858,0.0,,1.8195439355418688
Goianorte,2020-09-06,66,0,1,0,1.2142857142857142,0.0,,1.8195439355418688
Goianorte,2020-09-07,66,0,1,0,1.2142857142857142,0.0,,1.8195439355418688
Goianorte,2020-09-08,66,0,1,0,1.0714285714285714,0.0,,1.8195439355418688
Goianorte,2020-09-09,69,3,1,0,1.2142857142857142,0.0,,1.8388490907372552
Goianorte,2020-09-10,69,0,1,0,1.1428571428571428,0.0,,1.8388490907372552
Goianorte,2020-09-11,69,0,1,0,1.0,0.0,,1.8388490907372552
Goianorte,2020-09-12,73,4,1,0,1.2142857142857142,0.0,,1.863322860120456
Goianorte,2020-09-13,73,0,1,0,1.2142857142857142,0.0,,1.863322860120456
Goianorte,2020-09-14,74,1,2,1,1.2857142857142858,0.07142857142857142,inf,1.8692317197309762
Goianorte,2020-09-15,78,4,2,0,1.2142857142857142,0.07142857142857142,inf,1.8920946026904804
Goianorte,2020-09-16,85,7,2,0,1.7142857142857142,0.07142857142857142,inf,1.9294189257142929
Goianorte,2020-09-17,91,6,2,0,2.142857142857143,0.07142857142857142,inf,1.9590413923210936
Goianorte,2020-09-18,92,1,2,0,1.9285714285714286,0.07142857142857142,inf,1.9637878273455553
Goianorte,2020-09-19,92,0,2,0,1.8571428571428572,0.07142857142857142,inf,1.9637878273455553
Goianorte,2020-09-20,92,0,2,0,1.8571428571428572,0.07142857142857142,inf,1.9637878273455553
Goianorte,2020-09-21,92,0,2,0,1.8571428571428572,0.07142857142857142,inf,1.9637878273455553
Goianorte,2020-09-22,93,1,2,0,1.9285714285714286,0.07142857142857142,inf,1.968482948553935
Goianorte,2020-09-23,94,1,2,0,1.7857142857142858,0.07142857142857142,inf,1.9731278535996986
Goianorte,2020-09-24,95,1,2,0,1.8571428571428572,0.07142857142857142,inf,1.9777236052888478
Goianorte,2020-09-25,95,0,2,0,1.8571428571428572,0.07142857142857142,inf,1.9777236052888478
Goianorte,2020-09-26,96,1,2,0,1.6428571428571428,0.07142857142857142,inf,1.9822712330395684
Goianorte,2020-09-27,96,0,2,0,1.6428571428571428,0.07142857142857142,inf,1.9822712330395684
Goianorte,2020-09-28,96,0,2,0,1.5714285714285714,0.0,-1.0,1.9822712330395684
Goianorte,2020-09-29,99,3,2,0,1.5,0.0,-1.0,1.99563519459755
Goianorte,2020-09-30,99,0,2,0,1.0,0.0,-1.0,1.99563519459755
Goianorte,2020-10-01,99,0,2,0,0.5714285714285714,0.0,-1.0,1.99563519459755
Goianorte,2020-10-02,104,5,2,0,0.8571428571428571,0.0,-1.0,2.0170333392987803
Goianorte,2020-10-03,104,0,2,0,0.8571428571428571,0.0,-1.0,2.0170333392987803
Goianorte,2020-10-04,104,0,2,0,0.8571428571428571,0.0,-1.0,2.0170333392987803
Goianorte,2020-10-05,104,0,2,0,0.8571428571428571,0.0,-1.0,2.0170333392987803
Goianorte,2020-10-06,104,0,2,0,0.7857142857142857,0.0,-1.0,2.0170333392987803
Goianorte,2020-10-07,104,0,2,0,0.7142857142857143,0.0,-1.0,2.0170333392987803
Goianorte,2020-10-08,104,0,2,0,0.6428571428571429,0.0,-1.0,2.0170333392987803
Goianorte,2020-10-09,104,0,2,0,0.6428571428571429,0.0,-1.0,2.0170333392987803
Goianorte,2020-10-10,104,0,2,0,0.5714285714285714,0.0,-1.0,2.0170333392987803
Goianorte,2020-10-11,104,0,2,0,0.5714285714285714,0.0,-1.0,2.0170333392987803
Goianorte,2020-10-12,104,0,2,0,0.5714285714285714,0.0,,2.0170333392987803
Goianorte,2020-10-13,104,0,2,0,0.35714285714285715,0.0,,2.0170333392987803
Goianorte,2020-10-14,104,0,2,0,0.35714285714285715,0.0,,2.0170333392987803
Goianorte,2020-10-15,104,0,2,0,0.35714285714285715,0.0,,2.0170333392987803
Goianorte,2020-10-16,104,0,2,0,0.0,0.0,,2.0170333392987803
Goianorte,2020-10-17,104,0,2,0,0.0,0.0,,2.0170333392987803
Goianorte,2020-10-18,104,0,2,0,0.0,0.0,,2.0170333392987803
Goianorte,2020-10-19,104,0,2,0,0.0,0.0,,2.0170333392987803
Goianorte,2020-10-20,104,0,2,0,0.0,0.0,,2.0170333392987803
Goianorte,2020-10-21,105,1,2,0,0.07142857142857142,0.0,,2.0211892990699383
Goianorte,2020-10-22,105,0,2,0,0.07142857142857142,0.0,,2.0211892990699383
Goianorte,2020-10-23,105,0,2,0,0.07142857142857142,0.0,,2.0211892990699383
Goianorte,2020-10-24,105,0,2,0,0.07142857142857142,0.0,,2.0211892990699383
Goianorte,2020-10-25,105,0,2,0,0.07142857142857142,0.0,,2.0211892990699383
Goianorte,2020-10-26,105,0,2,0,0.07142857142857142,0.0,,2.0211892990699383
Goianorte,2020-10-27,105,0,2,0,0.07142857142857142,0.0,,2.0211892990699383
Goianorte,2020-10-28,105,0,2,0,0.07142857142857142,0.0,,2.0211892990699383
Goianorte,2020-10-29,105,0,2,0,0.07142857142857142,0.0,,2.0211892990699383
Goianorte,2020-10-30,106,1,2,0,0.14285714285714285,0.0,,2.0253058652647704
Goianorte,2020-10-31,106,0,2,0,0.14285714285714285,0.0,,2.0253058652647704
Goianorte,2020-11-01,106,0,2,0,0.14285714285714285,0.0,,2.0253058652647704
Goianorte,2020-11-02,106,0,2,0,0.14285714285714285,0.0,,2.0253058652647704
Goianorte,2020-11-03,106,0,2,0,0.14285714285714285,0.0,,2.0253058652647704
Goianorte,2020-11-04,106,0,2,0,0.07142857142857142,0.0,,2.0253058652647704
Goianorte,2020-11-05,107,1,2,0,0.14285714285714285,0.0,,2.0293837776852097
Goianorte,2020-11-06,107,0,2,0,0.14285714285714285,0.0,,2.0293837776852097
Goianorte,2020-11-07,107,0,2,0,0.14285714285714285,0.0,,2.0293837776852097
Goianorte,2020-11-08,107,0,2,0,0.14285714285714285,0.0,,2.0293837776852097
Goianorte,2020-11-09,107,0,2,0,0.14285714285714285,0.0,,2.0293837776852097
Goianorte,2020-11-10,107,0,2,0,0.14285714285714285,0.0,,2.0293837776852097
Goianorte,2020-11-11,107,0,2,0,0.14285714285714285,0.0,,2.0293837776852097
Goianorte,2020-11-12,107,0,2,0,0.14285714285714285,0.0,,2.0293837776852097
Goianorte,2020-11-13,107,0,2,0,0.07142857142857142,0.0,,2.0293837776852097
Goianorte,2020-11-14,107,0,2,0,0.07142857142857142,0.0,,2.0293837776852097
Goianorte,2020-11-15,107,0,2,0,0.07142857142857142,0.0,,2.0293837776852097
Goianorte,2020-11-16,107,0,2,0,0.07142857142857142,0.0,,2.0293837776852097
Goianorte,2020-11-17,107,0,2,0,0.07142857142857142,0.0,,2.0293837776852097
Goianorte,2020-11-18,107,0,2,0,0.07142857142857142,0.0,,2.0293837776852097
Goianorte,2020-11-19,107,0,2,0,0.0,0.0,,2.0293837776852097
Goianorte,2020-11-20,107,0,2,0,0.0,0.0,,2.0293837776852097
Goianorte,2020-11-21,108,1,2,0,0.07142857142857142,0.0,,2.03342375548695
Goianorte,2020-11-22,108,0,2,0,0.07142857142857142,0.0,,2.03342375548695
Goianorte,2020-11-23,108,0,2,0,0.07142857142857142,0.0,,2.03342375548695
Goianorte,2020-11-24,109,1,2,0,0.14285714285714285,0.0,,2.037426497940624
Goianorte,2020-11-25,109,0,2,0,0.14285714285714285,0.0,,2.037426497940624
Goianorte,2020-11-26,109,0,2,0,0.14285714285714285,0.0,,2.037426497940624
Goianorte,2020-11-27,109,0,2,0,0.14285714285714285,0.0,,2.037426497940624
Goianorte,2020-11-28,109,0,2,0,0.14285714285714285,0.0,,2.037426497940624
Goianorte,2020-11-29,109,0,2,0,0.14285714285714285,0.0,,2.037426497940624
Goianorte,2020-11-30,109,0,2,0,0.14285714285714285,0.0,,2.037426497940624
Goianorte,2020-12-01,111,2,2,0,0.2857142857142857,0.0,,2.0453229787866576
Goianorte,2020-12-02,111,0,2,0,0.2857142857142857,0.0,,2.0453229787866576
Goianorte,2020-12-03,111,0,2,0,0.2857142857142857,0.0,,2.0453229787866576
Goianorte,2020-12-04,111,0,2,0,0.2857142857142857,0.0,,2.0453229787866576
Goianorte,2020-12-05,111,0,2,0,0.21428571428571427,0.0,,2.0453229787866576
Goianorte,2020-12-06,111,0,2,0,0.21428571428571427,0.0,,2.0453229787866576
Goianorte,2020-12-07,111,0,2,0,0.21428571428571427,0.0,,2.0453229787866576
Goianorte,2020-12-08,123,12,2,0,1.0,0.0,,2.089905111439398
Goianorte,2020-12-09,123,0,2,0,1.0,0.0,,2.089905111439398
Goianorte,2020-12-10,123,0,2,0,1.0,0.0,,2.089905111439398
Goianorte,2020-12-11,123,0,2,0,1.0,0.0,,2.089905111439398
Goianorte,2020-12-12,125,2,2,0,1.1428571428571428,0.0,,2.0969100130080562
Goianorte,2020-12-13,125,0,2,0,1.1428571428571428,0.0,,2.0969100130080562
Goianorte,2020-12-14,125,0,2,0,1.1428571428571428,0.0,,2.0969100130080562
Goianorte,2020-12-15,126,1,2,0,1.0714285714285714,0.0,,2.100370545117563
Goianorte,2020-12-16,126,0,2,0,1.0714285714285714,0.0,,2.100370545117563
Goianorte,2020-12-17,130,4,2,0,1.3571428571428572,0.0,,2.113943352306837
Goianorte,2020-12-18,131,1,2,0,1.4285714285714286,0.0,,2.1172712956557644
Goianorte,2020-12-19,131,0,2,0,1.4285714285714286,0.0,,2.1172712956557644
Goianorte,2020-12-20,131,0,2,0,1.4285714285714286,0.0,,2.1172712956557644
Goianorte,2020-12-21,131,0,2,0,1.4285714285714286,0.0,,2.1172712956557644
Goianorte,2020-12-22,131,0,2,0,0.5714285714285714,0.0,,2.1172712956557644
Goianorte,2020-12-23,133,2,2,0,0.7142857142857143,0.0,,2.123851640967086
Goianorte,2020-12-24,133,0,2,0,0.7142857142857143,0.0,,2.123851640967086
Goianorte,2020-12-25,133,0,2,0,0.7142857142857143,0.0,,2.123851640967086
Goianorte,2020-12-26,133,0,2,0,0.5714285714285714,0.0,,2.123851640967086
Goianorte,2020-12-27,133,0,2,0,0.5714285714285714,0.0,,2.123851640967086
Goianorte,2020-12-28,133,0,2,0,0.5714285714285714,0.0,,2.123851640967086
Goianorte,2020-12-29,135,2,2,0,0.6428571428571429,0.0,,2.130333768495006
Goianorte,2020-12-30,135,0,2,0,0.6428571428571429,0.0,,2.130333768495006
Goianorte,2020-12-31,137,2,2,0,0.5,0.0,,2.1367205671564067
Goianorte,2021-01-01,137,0,2,0,0.42857142857142855,0.0,,2.1367205671564067
Goianorte,2021-01-02,137,0,2,0,0.42857142857142855,0.0,,2.1367205671564067
Goianorte,2021-01-03,137,0,2,0,0.42857142857142855,0.0,,2.1367205671564067
Goianorte,2021-01-04,137,0,2,0,0.42857142857142855,0.0,,2.1367205671564067
Goianorte,2021-01-05,141,4,2,0,0.7142857142857143,0.0,,2.1492191126553797
Goianorte,2021-01-06,143,2,2,0,0.7142857142857143,0.0,,2.155336037465062
Goianorte,2021-01-07,143,0,2,0,0.7142857142857143,0.0,,2.155336037465062
Goianorte,2021-01-08,143,0,2,0,0.7142857142857143,0.0,,2.155336037465062
Goianorte,2021-01-09,144,1,2,0,0.7857142857142857,0.0,,2.1583624920952498
Goianorte,2021-01-10,144,0,2,0,0.7857142857142857,0.0,,2.1583624920952498
Goianorte,2021-01-11,144,0,2,0,0.7857142857142857,0.0,,2.1583624920952498
Goianorte,2021-01-12,155,11,2,0,1.4285714285714286,0.0,,2.1903316981702914
Goianorte,2021-01-13,158,3,2,0,1.6428571428571428,0.0,,2.1986570869544226
Goianorte,2021-01-14,160,2,2,0,1.6428571428571428,0.0,,2.204119982655925
Goianorte,2021-01-15,162,2,2,0,1.7857142857142858,0.0,,2.2095150145426308
Goianorte,2021-01-16,162,0,2,0,1.7857142857142858,0.0,,2.2095150145426308
Goianorte,2021-01-17,162,0,2,0,1.7857142857142858,0.0,,2.2095150145426308
Goianorte,2021-01-18,163,1,2,0,1.8571428571428572,0.0,,2.2121876044039577
Goianorte,2021-01-19,174,11,2,0,2.357142857142857,0.0,,2.2405492482825995
Goianorte,2021-01-20,178,4,2,0,2.5,0.0,,2.250420002308894
Goiatins,2020-03-27,0,0,0,0,,,,0.0
Goiatins,2020-03-28,0,0,0,0,,,,0.0
Goiatins,2020-03-29,0,0,0,0,,,,0.0
Goiatins,2020-03-30,0,0,0,0,,,,0.0
Goiatins,2020-03-31,0,0,0,0,,,,0.0
Goiatins,2020-04-01,0,0,0,0,,,,0.0
Goiatins,2020-04-02,0,0,0,0,,,,0.0
Goiatins,2020-04-03,0,0,0,0,,,,0.0
Goiatins,2020-04-04,0,0,0,0,,,,0.0
Goiatins,2020-04-05,0,0,0,0,,,,0.0
Goiatins,2020-04-06,0,0,0,0,,,,0.0
Goiatins,2020-04-07,0,0,0,0,,,,0.0
Goiatins,2020-04-08,0,0,0,0,,,,0.0
Goiatins,2020-04-09,0,0,0,0,0.0,0.0,,0.0
Goiatins,2020-04-10,0,0,0,0,0.0,0.0,,0.0
Goiatins,2020-04-11,0,0,0,0,0.0,0.0,,0.0
Goiatins,2020-04-12,0,0,0,0,0.0,0.0,,0.0
Goiatins,2020-04-13,0,0,0,0,0.0,0.0,,0.0
Goiatins,2020-04-14,0,0,0,0,0.0,0.0,,0.0
Goiatins,2020-04-15,0,0,0,0,0.0,0.0,,0.0
Goiatins,2020-04-16,0,0,0,0,0.0,0.0,,0.0
Goiatins,2020-04-17,0,0,0,0,0.0,0.0,,0.0
Goiatins,2020-04-18,0,0,0,0,0.0,0.0,,0.0
Goiatins,2020-04-19,0,0,0,0,0.0,0.0,,0.0
Goiatins,2020-04-20,0,0,0,0,0.0,0.0,,0.0
Goiatins,2020-04-21,0,0,0,0,0.0,0.0,,0.0
Goiatins,2020-04-22,0,0,0,0,0.0,0.0,,0.0
Goiatins,2020-04-23,0,0,0,0,0.0,0.0,,0.0
Goiatins,2020-04-24,0,0,0,0,0.0,0.0,,0.0
Goiatins,2020-04-25,0,0,0,0,0.0,0.0,,0.0
Goiatins,2020-04-26,0,0,0,0,0.0,0.0,,0.0
Goiatins,2020-04-27,0,0,0,0,0.0,0.0,,0.0
Goiatins,2020-04-28,0,0,0,0,0.0,0.0,,0.0
Goiatins,2020-04-29,0,0,0,0,0.0,0.0,,0.0
Goiatins,2020-04-30,0,0,0,0,0.0,0.0,,0.0
Goiatins,2020-05-01,0,0,0,0,0.0,0.0,,0.0
Goiatins,2020-05-02,0,0,0,0,0.0,0.0,,0.0
Goiatins,2020-05-03,0,0,0,0,0.0,0.0,,0.0
Goiatins,2020-05-04,0,0,0,0,0.0,0.0,,0.0
Goiatins,2020-05-05,0,0,0,0,0.0,0.0,,0.0
Goiatins,2020-05-06,0,0,0,0,0.0,0.0,,0.0
Goiatins,2020-05-07,0,0,0,0,0.0,0.0,,0.0
Goiatins,2020-05-08,0,0,0,0,0.0,0.0,,0.0
Goiatins,2020-05-09,0,0,0,0,0.0,0.0,,0.0
Goiatins,2020-05-10,1,1,0,0,0.07142857142857142,0.0,,0.0
Goiatins,2020-05-11,1,0,0,0,0.07142857142857142,0.0,,0.0
Goiatins,2020-05-12,1,0,0,0,0.07142857142857142,0.0,,0.0
Goiatins,2020-05-13,2,1,0,0,0.14285714285714285,0.0,,0.3010299956639812
Goiatins,2020-05-14,3,1,0,0,0.21428571428571427,0.0,,0.47712125471966244
Goiatins,2020-05-15,5,2,0,0,0.35714285714285715,0.0,,0.6989700043360189
Goiatins,2020-05-16,5,0,0,0,0.35714285714285715,0.0,,0.6989700043360189
Goiatins,2020-05-17,7,2,0,0,0.5,0.0,,0.8450980400142568
Goiatins,2020-05-18,7,0,0,0,0.5,0.0,,0.8450980400142568
Goiatins,2020-05-19,9,2,0,0,0.6428571428571429,0.0,,0.9542425094393249
Goiatins,2020-05-20,11,2,1,1,0.7857142857142857,0.07142857142857142,inf,1.041392685158225
Goiatins,2020-05-21,15,4,1,0,1.0714285714285714,0.07142857142857142,inf,1.1760912590556813
Goiatins,2020-05-22,18,3,1,0,1.2857142857142858,0.07142857142857142,inf,1.255272505103306
Goiatins,2020-05-23,18,0,1,0,1.2857142857142858,0.07142857142857142,inf,1.255272505103306
Goiatins,2020-05-24,20,2,1,0,1.3571428571428572,0.07142857142857142,inf,1.3010299956639813
Goiatins,2020-05-25,23,3,1,0,1.5714285714285714,0.07142857142857142,inf,1.3617278360175928
Goiatins,2020-05-26,23,0,1,0,1.5714285714285714,0.07142857142857142,inf,1.3617278360175928
Goiatins,2020-05-27,25,2,1,0,1.6428571428571428,0.07142857142857142,inf,1.3979400086720377
Goiatins,2020-05-28,25,0,1,0,1.5714285714285714,0.07142857142857142,inf,1.3979400086720377
Goiatins,2020-05-29,25,0,1,0,1.4285714285714286,0.07142857142857142,inf,1.3979400086720377
Goiatins,2020-05-30,25,0,1,0,1.4285714285714286,0.07142857142857142,inf,1.3979400086720377
Goiatins,2020-05-31,26,1,1,0,1.3571428571428572,0.07142857142857142,inf,1.414973347970818
Goiatins,2020-06-01,26,0,1,0,1.3571428571428572,0.07142857142857142,inf,1.414973347970818
Goiatins,2020-06-02,26,0,1,0,1.2142857142857142,0.07142857142857142,inf,1.414973347970818
Goiatins,2020-06-03,28,2,1,0,1.2142857142857142,0.0,-1.0,1.4471580313422192
Goiatins,2020-06-04,28,0,1,0,0.9285714285714286,0.0,-1.0,1.4471580313422192
Goiatins,2020-06-05,31,3,1,0,0.9285714285714286,0.0,-1.0,1.4913616938342726
Goiatins,2020-06-06,31,0,2,1,0.9285714285714286,0.07142857142857142,0.0,1.4913616938342726
Goiatins,2020-06-07,31,0,2,0,0.7857142857142857,0.07142857142857142,0.0,1.4913616938342726
Goiatins,2020-06-08,33,2,2,0,0.7142857142857143,0.07142857142857142,0.0,1.5185139398778875
Goiatins,2020-06-09,32,-1,2,0,0.6428571428571429,0.07142857142857142,0.0,1.505149978319906
Goiatins,2020-06-10,32,0,2,0,0.5,0.07142857142857142,0.0,1.505149978319906
Goiatins,2020-06-11,32,0,2,0,0.5,0.07142857142857142,0.0,1.505149978319906
Goiatins,2020-06-12,33,1,2,0,0.5714285714285714,0.07142857142857142,0.0,1.5185139398778875
Goiatins,2020-06-13,36,3,2,0,0.7857142857142857,0.07142857142857142,0.0,1.5563025007672873
Goiatins,2020-06-14,36,0,2,0,0.7142857142857143,0.07142857142857142,0.0,1.5563025007672873
Goiatins,2020-06-15,38,2,2,0,0.8571428571428571,0.07142857142857142,0.0,1.5797835966168101
Goiatins,2020-06-16,38,0,2,0,0.8571428571428571,0.07142857142857142,0.0,1.5797835966168101
Goiatins,2020-06-17,41,3,3,1,0.9285714285714286,0.14285714285714285,inf,1.6127838567197355
Goiatins,2020-06-18,41,0,3,0,0.9285714285714286,0.14285714285714285,inf,1.6127838567197355
Goiatins,2020-06-19,41,0,3,0,0.7142857142857143,0.14285714285714285,inf,1.6127838567197355
Goiatins,2020-06-20,42,1,3,0,0.7857142857142857,0.07142857142857142,0.0,1.6232492903979006
Goiatins,2020-06-21,42,0,4,1,0.7857142857142857,0.14285714285714285,1.0,1.6232492903979006
Goiatins,2020-06-22,42,0,3,-1,0.6428571428571429,0.07142857142857142,0.0,1.6232492903979006
Goiatins,2020-06-23,44,2,3,0,0.8571428571428571,0.07142857142857142,0.0,1.6434526764861874
Goiatins,2020-06-24,46,2,5,2,1.0,0.21428571428571427,2.0,1.662757831681574
Goiatins,2020-06-25,49,3,3,-2,1.2142857142857142,0.07142857142857142,0.0,1.6901960800285136
Goiatins,2020-06-26,49,0,3,0,1.1428571428571428,0.07142857142857142,0.0,1.6901960800285136
Goiatins,2020-06-27,50,1,3,0,1.0,0.07142857142857142,0.0,1.6989700043360187
Goiatins,2020-06-28,50,0,3,0,1.0,0.07142857142857142,0.0,1.6989700043360187
Goiatins,2020-06-29,51,1,3,0,0.9285714285714286,0.07142857142857142,0.0,1.7075701760979363
Goiatins,2020-06-30,52,1,3,0,1.0,0.07142857142857142,0.0,1.7160033436347992
Goiatins,2020-07-01,53,1,3,0,0.8571428571428571,0.0,-1.0,1.7242758696007892
Goiatins,2020-07-02,56,3,3,0,1.0714285714285714,0.0,-1.0,1.7481880270062005
Goiatins,2020-07-03,56,0,3,0,1.0714285714285714,0.0,-1.0,1.7481880270062005
Goiatins,2020-07-04,58,2,3,0,1.1428571428571428,0.0,-1.0,1.7634279935629373
Goiatins,2020-07-05,58,0,3,0,1.1428571428571428,-0.07142857142857142,-1.5,1.7634279935629373
Goiatins,2020-07-06,60,2,3,0,1.2857142857142858,0.0,-1.0,1.7781512503836436
Goiatins,2020-07-07,61,1,3,0,1.2142857142857142,0.0,-1.0,1.7853298350107671
Goiatins,2020-07-08,66,5,3,0,1.4285714285714286,-0.14285714285714285,-1.6666666666666665,1.8195439355418688
Goiatins,2020-07-09,68,2,3,0,1.3571428571428572,0.0,-1.0,1.8325089127062364
Goiatins,2020-07-10,71,3,3,0,1.5714285714285714,0.0,-1.0,1.8512583487190752
Goiatins,2020-07-11,80,9,3,0,2.142857142857143,0.0,-1.0,1.9030899869919435
Goiatins,2020-07-12,80,0,3,0,2.142857142857143,0.0,-1.0,1.9030899869919435
Goiatins,2020-07-13,80,0,3,0,2.0714285714285716,0.0,-1.0,1.9030899869919435
Goiatins,2020-07-14,88,8,3,0,2.5714285714285716,0.0,-1.0,1.9444826721501687
Goiatins,2020-07-15,91,3,3,0,2.7142857142857144,0.0,,1.9590413923210936
Goiatins,2020-07-16,93,2,3,0,2.642857142857143,0.0,,1.968482948553935
Goiatins,2020-07-17,94,1,3,0,2.7142857142857144,0.0,,1.9731278535996986
Goiatins,2020-07-18,94,0,3,0,2.5714285714285716,0.0,,1.9731278535996986
Goiatins,2020-07-19,94,0,3,0,2.5714285714285716,0.0,-1.0,1.9731278535996986
Goiatins,2020-07-20,95,1,3,0,2.5,0.0,,1.9777236052888478
Goiatins,2020-07-21,96,1,3,0,2.5,0.0,,1.9822712330395684
Goiatins,2020-07-22,103,7,3,0,2.642857142857143,0.0,-1.0,2.012837224705172
Goiatins,2020-07-23,108,5,3,0,2.857142857142857,0.0,,2.03342375548695
Goiatins,2020-07-24,110,2,3,0,2.7857142857142856,0.0,,2.041392685158225
Goiatins,2020-07-25,125,15,3,0,3.2142857142857144,0.0,,2.0969100130080562
Goiatins,2020-07-26,125,0,3,0,3.2142857142857144,0.0,,2.0969100130080562
Goiatins,2020-07-27,125,0,3,0,3.2142857142857144,0.0,,2.0969100130080562
Goiatins,2020-07-28,130,5,3,0,3.0,0.0,,2.113943352306837
Goiatins,2020-07-29,138,8,3,0,3.357142857142857,0.0,,2.1398790864012365
Goiatins,2020-07-30,141,3,3,0,3.4285714285714284,0.0,,2.1492191126553797
Goiatins,2020-07-31,142,1,4,1,3.4285714285714284,0.07142857142857142,inf,2.1522883443830563
Goiatins,2020-08-01,142,0,4,0,3.4285714285714284,0.07142857142857142,inf,2.1522883443830563
Goiatins,2020-08-02,142,0,4,0,3.4285714285714284,0.07142857142857142,inf,2.1522883443830563
Goiatins,2020-08-03,142,0,4,0,3.357142857142857,0.07142857142857142,inf,2.1522883443830563
Goiatins,2020-08-04,145,3,4,0,3.5,0.07142857142857142,inf,2.161368002234975
Goiatins,2020-08-05,151,6,4,0,3.4285714285714284,0.07142857142857142,inf,2.1789769472931693
Goiatins,2020-08-06,151,0,4,0,3.0714285714285716,0.07142857142857142,inf,2.1789769472931693
Goiatins,2020-08-07,159,8,4,0,3.5,0.07142857142857142,inf,2.2013971243204513
Goiatins,2020-08-08,162,3,4,0,2.642857142857143,0.07142857142857142,inf,2.2095150145426308
Goiatins,2020-08-09,163,1,4,0,2.7142857142857144,0.07142857142857142,inf,2.2121876044039577
Goiatins,2020-08-10,164,1,4,0,2.7857142857142856,0.07142857142857142,inf,2.214843848047698
Goiatins,2020-08-11,177,13,4,0,3.357142857142857,0.07142857142857142,inf,2.2479732663618064
Goiatins,2020-08-12,176,-1,4,0,2.7142857142857144,0.07142857142857142,inf,2.24551266781415
Goiatins,2020-08-13,182,6,4,0,2.9285714285714284,0.07142857142857142,inf,2.2600713879850747
Goiatins,2020-08-14,193,11,4,0,3.642857142857143,0.0,-1.0,2.285557309007774
Goiatins,2020-08-15,208,15,4,0,4.714285714285714,0.0,-1.0,2.3180633349627615
Goiatins,2020-08-16,208,0,4,0,4.714285714285714,0.0,-1.0,2.3180633349627615
Goiatins,2020-08-17,208,0,4,0,4.714285714285714,0.0,-1.0,2.3180633349627615
Goiatins,2020-08-18,222,14,4,0,5.5,0.0,-1.0,2.346352974450639
Goiatins,2020-08-19,236,14,4,0,6.071428571428571,0.0,-1.0,2.3729120029701067
Goiatins,2020-08-20,236,0,4,0,6.071428571428571,0.0,-1.0,2.3729120029701067
Goiatins,2020-08-21,241,5,4,0,5.857142857142857,0.0,-1.0,2.3820170425748683
Goiatins,2020-08-22,252,11,4,0,6.428571428571429,0.0,-1.0,2.401400540781544
Goiatins,2020-08-23,300,48,4,0,9.785714285714286,0.0,-1.0,2.4771212547196626
Goiatins,2020-08-24,300,0,4,0,9.714285714285714,0.0,-1.0,2.4771212547196626
Goiatins,2020-08-25,309,9,4,0,9.428571428571429,0.0,-1.0,2.4899584794248346
Goiatins,2020-08-26,317,8,4,0,10.071428571428571,0.0,-1.0,2.5010592622177517
Goiatins,2020-08-27,323,6,4,0,10.071428571428571,0.0,-1.0,2.509202522331103
Goiatins,2020-08-28,329,6,4,0,9.714285714285714,0.0,,2.5171958979499744
Goiatins,2020-08-29,336,7,4,0,9.142857142857142,0.0,,2.526339277389844
Goiatins,2020-08-30,336,0,4,0,9.142857142857142,0.0,,2.526339277389844
Goiatins,2020-08-31,336,0,4,0,9.142857142857142,0.0,,2.526339277389844
Goiatins,2020-09-01,362,26,4,0,10.0,0.0,,2.558708570533166
Goiatins,2020-09-02,370,8,4,0,9.571428571428571,0.0,,2.568201724066995
Goiatins,2020-09-03,385,15,4,0,10.642857142857142,0.0,,2.5854607295085006
Goiatins,2020-09-04,390,5,4,0,10.642857142857142,0.0,,2.591064607026499
Goiatins,2020-09-05,397,7,5,1,10.357142857142858,0.07142857142857142,inf,2.598790506763115
Goiatins,2020-09-06,398,1,5,0,7.0,0.07142857142857142,inf,2.5998830720736876
Goiatins,2020-09-07,398,0,5,0,7.0,0.07142857142857142,inf,2.5998830720736876
Goiatins,2020-09-08,398,0,5,0,6.357142857142857,0.07142857142857142,inf,2.5998830720736876
Goiatins,2020-09-09,400,2,5,0,5.928571428571429,0.07142857142857142,inf,2.6020599913279625
Goiatins,2020-09-10,408,8,5,0,6.071428571428571,0.07142857142857142,inf,2.61066016308988
Goiatins,2020-09-11,424,16,5,0,6.785714285714286,0.07142857142857142,inf,2.6273658565927325
Goiatins,2020-09-12,432,8,5,0,6.857142857142857,0.07142857142857142,inf,2.635483746814912
Goiatins,2020-09-13,432,0,5,0,6.857142857142857,0.07142857142857142,inf,2.635483746814912
Goiatins,2020-09-14,432,0,5,0,6.857142857142857,0.07142857142857142,inf,2.635483746814912
Goiatins,2020-09-15,442,10,5,0,5.714285714285714,0.07142857142857142,inf,2.645422269349092
Goiatins,2020-09-16,442,0,5,0,5.142857142857143,0.07142857142857142,inf,2.645422269349092
Goiatins,2020-09-17,448,6,5,0,4.5,0.07142857142857142,inf,2.651278013998144
Goiatins,2020-09-18,454,6,5,0,4.571428571428571,0.07142857142857142,inf,2.6570558528571038
Goiatins,2020-09-19,460,6,5,0,4.5,0.0,-1.0,2.6627578316815743
Goiatins,2020-09-20,460,0,5,0,4.428571428571429,0.0,-1.0,2.6627578316815743
Goiatins,2020-09-21,460,0,5,0,4.428571428571429,0.0,-1.0,2.6627578316815743
Goiatins,2020-09-22,465,5,5,0,4.785714285714286,0.0,-1.0,2.667452952889954
Goiatins,2020-09-23,481,16,5,0,5.785714285714286,0.0,-1.0,2.682145076373832
Goiatins,2020-09-24,499,18,5,0,6.5,0.0,-1.0,2.6981005456233897
Goiatins,2020-09-25,506,7,5,0,5.857142857142857,0.0,-1.0,2.7041505168397992
Goiatins,2020-09-26,510,4,5,0,5.571428571428571,0.0,-1.0,2.7075701760979363
Goiatins,2020-09-27,512,2,5,0,5.714285714285714,0.0,-1.0,2.709269960975831
Goiatins,2020-09-28,516,4,5,0,6.0,0.0,-1.0,2.7126497016272113
Goiatins,2020-09-29,520,4,5,0,5.571428571428571,0.0,-1.0,2.716003343634799
Goiatins,2020-09-30,522,2,5,0,5.714285714285714,0.0,-1.0,2.717670503002262
Goiatins,2020-10-01,530,8,5,0,5.857142857142857,0.0,-1.0,2.724275869600789
Goiatins,2020-10-02,531,1,5,0,5.5,0.0,-1.0,2.725094521081469
Goiatins,2020-10-03,537,6,5,0,5.5,0.0,,2.7299742856995555
Goiatins,2020-10-04,537,0,5,0,5.5,0.0,,2.7299742856995555
Goiatins,2020-10-05,537,0,5,0,5.5,0.0,,2.7299742856995555
Goiatins,2020-10-06,537,0,5,0,5.142857142857143,0.0,,2.7299742856995555
Goiatins,2020-10-07,541,4,5,0,4.285714285714286,0.0,,2.7331972651065692
Goiatins,2020-10-08,544,3,5,0,3.2142857142857144,0.0,,2.73559889969818
Goiatins,2020-10-09,545,1,5,0,2.7857142857142856,0.0,,2.7363965022766426
Goiatins,2020-10-10,568,23,5,0,4.142857142857143,0.0,,2.754348335711019
Goiatins,2020-10-11,568,0,5,0,4.0,0.0,,2.754348335711019
Goiatins,2020-10-12,568,0,5,0,3.7142857142857144,0.0,,2.754348335711019
Goiatins,2020-10-13,568,0,5,0,3.4285714285714284,0.0,,2.754348335711019
Goiatins,2020-10-14,569,1,5,0,3.357142857142857,0.0,,2.7551122663950713
Goiatins,2020-10-15,573,4,5,0,3.0714285714285716,0.0,,2.75815462196739
Goiatins,2020-10-16,572,-1,5,0,2.9285714285714284,0.0,,2.7573960287930244
Goiatins,2020-10-17,572,0,5,0,2.5,0.0,,2.7573960287930244
Goiatins,2020-10-18,572,0,5,0,2.5,0.0,,2.7573960287930244
Goiatins,2020-10-19,572,0,5,0,2.5,0.0,,2.7573960287930244
Goiatins,2020-10-20,572,0,5,0,2.5,0.0,,2.7573960287930244
Goiatins,2020-10-21,572,0,5,0,2.2142857142857144,0.0,,2.7573960287930244
Goiatins,2020-10-22,577,5,5,0,2.357142857142857,0.0,,2.7611758131557314
Goiatins,2020-10-23,579,2,5,0,2.4285714285714284,0.0,,2.762678563727436
Goiatins,2020-10-24,579,0,5,0,0.7857142857142857,0.0,,2.762678563727436
Goiatins,2020-10-25,581,2,5,0,0.9285714285714286,0.0,,2.7641761323903307
Goiatins,2020-10-26,581,0,5,0,0.9285714285714286,0.0,,2.7641761323903307
Goiatins,2020-10-27,581,0,5,0,0.9285714285714286,0.0,,2.7641761323903307
Goiatins,2020-10-28,592,11,5,0,1.6428571428571428,0.0,,2.77232170672292
Goiatins,2020-10-29,594,2,5,0,1.5,0.0,,2.7737864449811935
Goiatins,2020-10-30,598,4,5,0,1.8571428571428572,0.0,,2.776701183988411
Goiatins,2020-10-31,603,5,5,0,2.2142857142857144,0.0,,2.780317312140151
Goiatins,2020-11-01,603,0,5,0,2.2142857142857144,0.0,,2.780317312140151
Goiatins,2020-11-02,603,0,5,0,2.2142857142857144,0.0,,2.780317312140151
Goiatins,2020-11-03,603,0,5,0,2.2142857142857144,0.0,,2.780317312140151
Goiatins,2020-11-04,605,2,5,0,2.357142857142857,0.0,,2.781755374652469
Goiatins,2020-11-05,607,2,5,0,2.142857142857143,0.0,,2.7831886910752575
Goiatins,2020-11-06,607,0,5,0,2.0,0.0,,2.7831886910752575
Goiatins,2020-11-07,612,5,5,0,2.357142857142857,0.0,,2.7867514221455614
Goiatins,2020-11-08,612,0,5,0,2.2142857142857144,0.0,,2.7867514221455614
Goiatins,2020-11-09,612,0,5,0,2.2142857142857144,0.0,,2.7867514221455614
Goiatins,2020-11-10,612,0,5,0,2.2142857142857144,0.0,,2.7867514221455614
Goiatins,2020-11-11,616,4,5,0,1.7142857142857142,0.0,,2.7895807121644256
Goiatins,2020-11-12,616,0,5,0,1.5714285714285714,0.0,,2.7895807121644256
Goiatins,2020-11-13,616,0,5,0,1.2857142857142858,0.0,,2.7895807121644256
Goiatins,2020-11-14,617,1,5,0,1.0,0.0,,2.7902851640332416
Goiatins,2020-11-15,617,0,5,0,1.0,0.0,,2.7902851640332416
Goiatins,2020-11-16,617,0,5,0,1.0,0.0,,2.7902851640332416
Goiatins,2020-11-17,617,0,5,0,1.0,0.0,,2.7902851640332416
Goiatins,2020-11-18,617,0,5,0,0.8571428571428571,0.0,,2.7902851640332416
Goiatins,2020-11-19,617,0,5,0,0.7142857142857143,0.0,,2.7902851640332416
Goiatins,2020-11-20,619,2,5,0,0.8571428571428571,0.0,,2.791690649020118
Goiatins,2020-11-21,619,0,5,0,0.5,0.0,,2.791690649020118
Goiatins,2020-11-22,619,0,5,0,0.5,0.0,,2.791690649020118
Goiatins,2020-11-23,619,0,5,0,0.5,0.0,,2.791690649020118
Goiatins,2020-11-24,619,0,5,0,0.5,0.0,,2.791690649020118
Goiatins,2020-11-25,620,1,5,0,0.2857142857142857,0.0,,2.792391689498254
Goiatins,2020-11-26,620,0,5,0,0.2857142857142857,0.0,,2.792391689498254
Goiatins,2020-11-27,621,1,5,0,0.35714285714285715,0.0,,2.79309160017658
Goiatins,2020-11-28,622,1,5,0,0.35714285714285715,0.0,,2.7937903846908188
Goiatins,2020-11-29,622,0,5,0,0.35714285714285715,0.0,,2.7937903846908188
Goiatins,2020-11-30,622,0,5,0,0.35714285714285715,0.0,,2.7937903846908188
Goiatins,2020-12-01,625,3,5,0,0.5714285714285714,0.0,,2.7958800173440754
Goiatins,2020-12-02,626,1,5,0,0.6428571428571429,0.0,,2.7965743332104296
Goiatins,2020-12-03,626,0,5,0,0.6428571428571429,0.0,,2.7965743332104296
Goiatins,2020-12-04,626,0,5,0,0.5,0.0,,2.7965743332104296
Goiatins,2020-12-05,626,0,5,0,0.5,0.0,,2.7965743332104296
Goiatins,2020-12-06,626,0,5,0,0.5,0.0,,2.7965743332104296
Goiatins,2020-12-07,626,0,5,0,0.5,0.0,,2.7965743332104296
Goiatins,2020-12-08,625,-1,5,0,0.42857142857142855,0.0,,2.7958800173440754
Goiatins,2020-12-09,625,0,5,0,0.35714285714285715,0.0,,2.7958800173440754
Goiatins,2020-12-10,625,0,5,0,0.35714285714285715,0.0,,2.7958800173440754
Goiatins,2020-12-11,625,0,5,0,0.2857142857142857,0.0,,2.7958800173440754
Goiatins,2020-12-12,626,1,6,1,0.2857142857142857,0.07142857142857142,inf,2.7965743332104296
Goiatins,2020-12-13,626,0,6,0,0.2857142857142857,0.07142857142857142,inf,2.7965743332104296
Goiatins,2020-12-14,626,0,6,0,0.2857142857142857,0.07142857142857142,inf,2.7965743332104296
Goiatins,2020-12-15,626,0,6,0,0.07142857142857142,0.07142857142857142,inf,2.7965743332104296
Goiatins,2020-12-16,626,0,6,0,0.0,0.07142857142857142,inf,2.7965743332104296
Goiatins,2020-12-17,631,5,6,0,0.35714285714285715,0.07142857142857142,inf,2.8000293592441343
Goiatins,2020-12-18,631,0,6,0,0.35714285714285715,0.07142857142857142,inf,2.8000293592441343
Goiatins,2020-12-19,632,1,6,0,0.42857142857142855,0.07142857142857142,inf,2.800717078282385
Goiatins,2020-12-20,632,0,6,0,0.42857142857142855,0.07142857142857142,inf,2.800717078282385
Goiatins,2020-12-21,632,0,6,0,0.42857142857142855,0.07142857142857142,inf,2.800717078282385
Goiatins,2020-12-22,632,0,6,0,0.5,0.07142857142857142,inf,2.800717078282385
Goiatins,2020-12-23,632,0,6,0,0.5,0.07142857142857142,inf,2.800717078282385
Goiatins,2020-12-24,633,1,6,0,0.5714285714285714,0.07142857142857142,inf,2.801403710017355
Goiatins,2020-12-25,633,0,6,0,0.5714285714285714,0.07142857142857142,inf,2.801403710017355
Goiatins,2020-12-26,635,2,6,0,0.6428571428571429,0.0,-1.0,2.8027737252919755
Goiatins,2020-12-27,635,0,6,0,0.6428571428571429,0.0,-1.0,2.8027737252919755
Goiatins,2020-12-28,635,0,6,0,0.6428571428571429,0.0,-1.0,2.8027737252919755
Goiatins,2020-12-29,636,1,6,0,0.7142857142857143,0.0,-1.0,2.803457115648414
Goiatins,2020-12-30,638,2,6,0,0.8571428571428571,0.0,-1.0,2.8048206787211623
Goiatins,2020-12-31,646,8,6,0,1.0714285714285714,0.0,-1.0,2.8102325179950842
Goiatins,2021-01-01,648,2,6,0,1.2142857142857142,0.0,-1.0,2.8115750058705933
Goiatins,2021-01-02,648,0,6,0,1.1428571428571428,0.0,-1.0,2.8115750058705933
Goiatins,2021-01-03,648,0,6,0,1.1428571428571428,0.0,-1.0,2.8115750058705933
Goiatins,2021-01-04,648,0,6,0,1.1428571428571428,0.0,-1.0,2.8115750058705933
Goiatins,2021-01-05,652,4,6,0,1.4285714285714286,0.0,-1.0,2.81424759573192
Goiatins,2021-01-06,652,0,6,0,1.4285714285714286,0.0,-1.0,2.81424759573192
Goiatins,2021-01-07,652,0,6,0,1.3571428571428572,0.0,-1.0,2.81424759573192
Goiatins,2021-01-08,657,5,6,0,1.7142857142857142,0.0,-1.0,2.8175653695597807
Goiatins,2021-01-09,658,1,6,0,1.6428571428571428,0.0,,2.8182258936139557
Goiatins,2021-01-10,658,0,6,0,1.6428571428571428,0.0,,2.8182258936139557
Goiatins,2021-01-11,658,0,6,0,1.6428571428571428,0.0,,2.8182258936139557
Goiatins,2021-01-12,659,1,6,0,1.6428571428571428,0.0,,2.8188854145940097
Goiatins,2021-01-13,666,7,6,0,2.0,0.0,,2.823474229170301
Goiatins,2021-01-14,666,0,6,0,1.4285714285714286,0.0,,2.823474229170301
Goiatins,2021-01-15,667,1,6,0,1.3571428571428572,0.0,,2.824125833916549
Goiatins,2021-01-16,684,17,6,0,2.5714285714285716,0.0,,2.835056101720116
Goiatins,2021-01-17,685,1,7,1,2.642857142857143,0.07142857142857142,inf,2.8356905714924254
Goiatins,2021-01-18,685,0,7,0,2.642857142857143,0.07142857142857142,inf,2.8356905714924254
Goiatins,2021-01-19,696,11,7,0,3.142857142857143,0.07142857142857142,inf,2.842609239610562
Goiatins,2021-01-20,701,5,7,0,3.5,0.07142857142857142,inf,2.8457180179666586
Guaraí,2020-03-27,0,0,0,0,,,,0.0
Guaraí,2020-03-28,0,0,0,0,,,,0.0
Guaraí,2020-03-29,0,0,0,0,,,,0.0
Guaraí,2020-03-30,0,0,0,0,,,,0.0
Guaraí,2020-03-31,0,0,0,0,,,,0.0
Guaraí,2020-04-01,0,0,0,0,,,,0.0
Guaraí,2020-04-02,0,0,0,0,,,,0.0
Guaraí,2020-04-03,0,0,0,0,,,,0.0
Guaraí,2020-04-04,0,0,0,0,,,,0.0
Guaraí,2020-04-05,0,0,0,0,,,,0.0
Guaraí,2020-04-06,0,0,0,0,,,,0.0
Guaraí,2020-04-07,0,0,0,0,,,,0.0
Guaraí,2020-04-08,0,0,0,0,,,,0.0
Guaraí,2020-04-09,0,0,0,0,0.0,0.0,,0.0
Guaraí,2020-04-10,0,0,0,0,0.0,0.0,,0.0
Guaraí,2020-04-11,0,0,0,0,0.0,0.0,,0.0
Guaraí,2020-04-12,0,0,0,0,0.0,0.0,,0.0
Guaraí,2020-04-13,0,0,0,0,0.0,0.0,,0.0
Guaraí,2020-04-14,0,0,0,0,0.0,0.0,,0.0
Guaraí,2020-04-15,0,0,0,0,0.0,0.0,,0.0
Guaraí,2020-04-16,0,0,0,0,0.0,0.0,,0.0
Guaraí,2020-04-17,0,0,0,0,0.0,0.0,,0.0
Guaraí,2020-04-18,0,0,0,0,0.0,0.0,,0.0
Guaraí,2020-04-19,0,0,0,0,0.0,0.0,,0.0
Guaraí,2020-04-20,0,0,0,0,0.0,0.0,,0.0
Guaraí,2020-04-21,0,0,0,0,0.0,0.0,,0.0
Guaraí,2020-04-22,0,0,0,0,0.0,0.0,,0.0
Guaraí,2020-04-23,0,0,0,0,0.0,0.0,,0.0
Guaraí,2020-04-24,0,0,0,0,0.0,0.0,,0.0
Guaraí,2020-04-25,0,0,0,0,0.0,0.0,,0.0
Guaraí,2020-04-26,0,0,0,0,0.0,0.0,,0.0
Guaraí,2020-04-27,3,3,0,0,0.21428571428571427,0.0,,0.47712125471966244
Guaraí,2020-04-28,3,0,0,0,0.21428571428571427,0.0,,0.47712125471966244
Guaraí,2020-04-29,7,4,0,0,0.5,0.0,,0.8450980400142568
Guaraí,2020-04-30,7,0,0,0,0.5,0.0,,0.8450980400142568
Guaraí,2020-05-01,7,0,0,0,0.5,0.0,,0.8450980400142568
Guaraí,2020-05-02,7,0,0,0,0.5,0.0,,0.8450980400142568
Guaraí,2020-05-03,7,0,0,0,0.5,0.0,,0.8450980400142568
Guaraí,2020-05-04,10,3,0,0,0.7142857142857143,0.0,,1.0
Guaraí,2020-05-05,10,0,0,0,0.7142857142857143,0.0,,1.0
Guaraí,2020-05-06,10,0,0,0,0.7142857142857143,0.0,,1.0
Guaraí,2020-05-07,10,0,0,0,0.7142857142857143,0.0,,1.0
Guaraí,2020-05-08,10,0,0,0,0.7142857142857143,0.0,,1.0
Guaraí,2020-05-09,10,0,0,0,0.7142857142857143,0.0,,1.0
Guaraí,2020-05-10,11,1,0,0,0.7857142857142857,0.0,,1.041392685158225
Guaraí,2020-05-11,10,-1,1,1,0.5,0.07142857142857142,inf,1.0
Guaraí,2020-05-12,10,0,1,0,0.5,0.07142857142857142,inf,1.0
Guaraí,2020-05-13,10,0,1,0,0.21428571428571427,0.07142857142857142,inf,1.0
Guaraí,2020-05-14,12,2,1,0,0.35714285714285715,0.07142857142857142,inf,1.0791812460476249
Guaraí,2020-05-15,12,0,1,0,0.35714285714285715,0.07142857142857142,inf,1.0791812460476249
Guaraí,2020-05-16,14,2,1,0,0.5,0.07142857142857142,inf,1.146128035678238
Guaraí,2020-05-17,14,0,1,0,0.5,0.07142857142857142,inf,1.146128035678238
Guaraí,2020-05-18,17,3,1,0,0.5,0.07142857142857142,inf,1.2304489213782739
Guaraí,2020-05-19,17,0,1,0,0.5,0.07142857142857142,inf,1.2304489213782739
Guaraí,2020-05-20,20,3,1,0,0.7142857142857143,0.07142857142857142,inf,1.3010299956639813
Guaraí,2020-05-21,21,1,1,0,0.7857142857142857,0.07142857142857142,inf,1.3222192947339193
Guaraí,2020-05-22,27,6,1,0,1.2142857142857142,0.07142857142857142,inf,1.4313637641589874
Guaraí,2020-05-23,24,-3,1,0,1.0,0.07142857142857142,inf,1.380211241711606
Guaraí,2020-05-24,24,0,1,0,0.9285714285714286,0.07142857142857142,inf,1.380211241711606
Guaraí,2020-05-25,27,3,1,0,1.2142857142857142,0.0,-1.0,1.4313637641589874
Guaraí,2020-05-26,32,5,1,0,1.5714285714285714,0.0,-1.0,1.505149978319906
Guaraí,2020-05-27,39,7,1,0,2.0714285714285716,0.0,-1.0,1.591064607026499
Guaraí,2020-05-28,42,3,2,1,2.142857142857143,0.07142857142857142,0.0,1.6232492903979006
Guaraí,2020-05-29,43,1,2,0,2.2142857142857144,0.07142857142857142,0.0,1.6334684555795866
Guaraí,2020-05-30,48,5,2,0,2.4285714285714284,0.07142857142857142,0.0,1.6812412373755872
Guaraí,2020-05-31,49,1,2,0,2.5,0.07142857142857142,0.0,1.6901960800285136
Guaraí,2020-06-01,60,11,3,1,3.0714285714285716,0.14285714285714285,1.0,1.7781512503836436
Guaraí,2020-06-02,63,3,3,0,3.2857142857142856,0.14285714285714285,1.0,1.7993405494535817
Guaraí,2020-06-03,63,0,3,0,3.0714285714285716,0.14285714285714285,1.0,1.7993405494535817
Guaraí,2020-06-04,68,5,3,0,3.357142857142857,0.14285714285714285,1.0,1.8325089127062364
Guaraí,2020-06-05,68,0,3,0,2.9285714285714284,0.14285714285714285,1.0,1.8325089127062364
Guaraí,2020-06-06,76,8,4,1,3.7142857142857144,0.21428571428571427,2.0,1.8808135922807914
Guaraí,2020-06-07,76,0,4,0,3.7142857142857144,0.21428571428571427,2.0,1.8808135922807914
Guaraí,2020-06-08,84,8,4,0,4.071428571428571,0.21428571428571427,inf,1.9242792860618816
Guaraí,2020-06-09,88,4,4,0,4.0,0.21428571428571427,inf,1.9444826721501687
Guaraí,2020-06-10,96,8,4,0,4.071428571428571,0.21428571428571427,inf,1.9822712330395684
Guaraí,2020-06-11,99,3,4,0,4.071428571428571,0.14285714285714285,1.0,1.99563519459755
Guaraí,2020-06-12,101,2,4,0,4.142857142857143,0.14285714285714285,1.0,2.0043213737826426
Guaraí,2020-06-13,108,7,4,0,4.285714285714286,0.14285714285714285,1.0,2.03342375548695
Guaraí,2020-06-14,109,1,4,0,4.285714285714286,0.14285714285714285,1.0,2.037426497940624
Guaraí,2020-06-15,109,0,4,0,3.5,0.07142857142857142,-0.5,2.037426497940624
Guaraí,2020-06-16,112,3,4,0,3.5,0.07142857142857142,-0.5,2.0492180226701815
Guaraí,2020-06-17,118,6,4,0,3.9285714285714284,0.07142857142857142,-0.5,2.0718820073061255
Guaraí,2020-06-18,122,4,4,0,3.857142857142857,0.07142857142857142,-0.5,2.0863598306747484
Guaraí,2020-06-19,131,9,4,0,4.5,0.07142857142857142,-0.5,2.1172712956557644
Guaraí,2020-06-20,131,0,4,0,3.9285714285714284,0.0,-1.0,2.1172712956557644
Guaraí,2020-06-21,132,1,5,1,4.0,0.07142857142857142,-0.6666666666666666,2.12057393120585
Guaraí,2020-06-22,133,1,5,0,3.5,0.07142857142857142,-0.6666666666666666,2.123851640967086
Guaraí,2020-06-23,136,3,5,0,3.4285714285714284,0.07142857142857142,-0.6666666666666666,2.1335389083702174
Guaraí,2020-06-24,140,4,5,0,3.142857142857143,0.07142857142857142,-0.6666666666666666,2.146128035678238
Guaraí,2020-06-25,170,30,5,0,5.071428571428571,0.07142857142857142,-0.5,2.230448921378274
Guaraí,2020-06-26,178,8,5,0,5.5,0.07142857142857142,-0.5,2.250420002308894
Guaraí,2020-06-27,182,4,6,1,5.285714285714286,0.14285714285714285,0.0,2.2600713879850747
Guaraí,2020-06-28,183,1,6,0,5.285714285714286,0.14285714285714285,0.0,2.2624510897304293
Guaraí,2020-06-29,183,0,6,0,5.285714285714286,0.14285714285714285,1.0,2.2624510897304293
Guaraí,2020-06-30,193,10,6,0,5.785714285714286,0.14285714285714285,1.0,2.285557309007774
Guaraí,2020-07-01,210,17,6,0,6.571428571428571,0.14285714285714285,1.0,2.322219294733919
Guaraí,2020-07-02,211,1,7,1,6.357142857142857,0.21428571428571427,2.0,2.3242824552976926
Guaraí,2020-07-03,214,3,7,0,5.928571428571429,0.21428571428571427,2.0,2.330413773349191
Guaraí,2020-07-04,224,10,7,0,6.642857142857143,0.21428571428571427,inf,2.3502480183341627
Guaraí,2020-07-05,224,0,7,0,6.571428571428571,0.14285714285714285,1.0,2.3502480183341627
Guaraí,2020-07-06,224,0,8,1,6.5,0.21428571428571427,2.0,2.3502480183341627
Guaraí,2020-07-07,233,9,8,0,6.928571428571429,0.21428571428571427,2.0,2.367355921026019
Guaraí,2020-07-08,241,8,8,0,7.214285714285714,0.21428571428571427,2.0,2.3820170425748683
Guaraí,2020-07-09,248,7,8,0,5.571428571428571,0.21428571428571427,2.0,2.3944516808262164
Guaraí,2020-07-10,266,18,8,0,6.285714285714286,0.21428571428571427,2.0,2.424881636631067
Guaraí,2020-07-11,270,4,8,0,6.285714285714286,0.14285714285714285,0.0,2.4313637641589874
Guaraí,2020-07-12,270,0,8,0,6.214285714285714,0.14285714285714285,0.0,2.4313637641589874
Guaraí,2020-07-13,270,0,8,0,6.214285714285714,0.14285714285714285,0.0,2.4313637641589874
Guaraí,2020-07-14,280,10,8,0,6.214285714285714,0.14285714285714285,0.0,2.4471580313422194
Guaraí,2020-07-15,280,0,8,0,5.0,0.14285714285714285,0.0,2.4471580313422194
Guaraí,2020-07-16,288,8,8,0,5.5,0.07142857142857142,-0.6666666666666666,2.459392487759231
Guaraí,2020-07-17,289,1,8,0,5.357142857142857,0.07142857142857142,-0.6666666666666666,2.4608978427565478
Guaraí,2020-07-18,290,1,9,1,4.714285714285714,0.14285714285714285,-0.3333333333333333,2.462397997898956
Guaraí,2020-07-19,317,27,9,0,6.642857142857143,0.14285714285714285,0.0,2.5010592622177517
Guaraí,2020-07-20,317,0,9,0,6.642857142857143,0.07142857142857142,-0.6666666666666666,2.5010592622177517
Guaraí,2020-07-21,326,9,9,0,6.642857142857143,0.07142857142857142,-0.6666666666666666,2.513217600067939
Guaraí,2020-07-22,338,12,9,0,6.928571428571429,0.07142857142857142,-0.6666666666666666,2.5289167002776547
Guaraí,2020-07-23,341,3,10,1,6.642857142857143,0.14285714285714285,-0.3333333333333333,2.5327543789924976
Guaraí,2020-07-24,352,11,10,0,6.142857142857143,0.14285714285714285,-0.3333333333333333,2.546542663478131
Guaraí,2020-07-25,359,7,10,0,6.357142857142857,0.14285714285714285,0.0,2.5550944485783194
Guaraí,2020-07-26,371,12,10,0,7.214285714285714,0.14285714285714285,0.0,2.569373909615046
Guaraí,2020-07-27,373,2,10,0,7.357142857142857,0.14285714285714285,0.0,2.571708831808688
Guaraí,2020-07-28,378,5,10,0,7.0,0.14285714285714285,0.0,2.577491799837225
Guaraí,2020-07-29,396,18,10,0,8.285714285714286,0.14285714285714285,0.0,2.597695185925512
Guaraí,2020-07-30,410,14,10,0,8.714285714285714,0.14285714285714285,1.0,2.6127838567197355
Guaraí,2020-07-31,411,1,10,0,8.714285714285714,0.14285714285714285,1.0,2.6138418218760693
Guaraí,2020-08-01,417,6,10,0,9.071428571428571,0.07142857142857142,-0.5,2.6201360549737576
Guaraí,2020-08-02,424,7,10,0,7.642857142857143,0.07142857142857142,-0.5,2.6273658565927325
Guaraí,2020-08-03,439,15,10,0,8.714285714285714,0.07142857142857142,0.0,2.6424645202421213
Guaraí,2020-08-04,439,0,10,0,8.071428571428571,0.07142857142857142,0.0,2.6424645202421213
Guaraí,2020-08-05,449,10,10,0,7.928571428571429,0.07142857142857142,0.0,2.6522463410033232
Guaraí,2020-08-06,455,6,10,0,8.142857142857142,0.0,-1.0,2.6580113966571126
Guaraí,2020-08-07,458,3,10,0,7.571428571428571,0.0,-1.0,2.660865478003869
Guaraí,2020-08-08,469,11,10,0,7.857142857142857,0.0,-1.0,2.6711728427150834
Guaraí,2020-08-09,469,0,10,0,7.0,0.0,-1.0,2.6711728427150834
Guaraí,2020-08-10,476,7,10,0,7.357142857142857,0.0,-1.0,2.677606952720493
Guaraí,2020-08-11,484,8,10,0,7.571428571428571,0.0,-1.0,2.6848453616444123
Guaraí,2020-08-12,488,4,10,0,6.571428571428571,0.0,-1.0,2.6884198220027105
Guaraí,2020-08-13,499,11,10,0,6.357142857142857,0.0,-1.0,2.6981005456233897
Guaraí,2020-08-14,497,-2,10,0,6.142857142857143,0.0,-1.0,2.6963563887333324
Guaraí,2020-08-15,500,3,10,0,5.928571428571429,0.0,-1.0,2.6989700043360187
Guaraí,2020-08-16,500,0,10,0,5.428571428571429,0.0,-1.0,2.6989700043360187
Guaraí,2020-08-17,500,0,10,0,4.357142857142857,0.0,-1.0,2.6989700043360187
Guaraí,2020-08-18,528,28,10,0,6.357142857142857,0.0,-1.0,2.722633922533812
Guaraí,2020-08-19,529,1,11,1,5.714285714285714,0.07142857142857142,0.0,2.7234556720351857
Guaraí,2020-08-20,548,19,11,0,6.642857142857143,0.07142857142857142,inf,2.738780558484369
Guaraí,2020-08-21,558,10,11,0,7.142857142857143,0.07142857142857142,inf,2.7466341989375787
Guaraí,2020-08-22,563,5,11,0,6.714285714285714,0.07142857142857142,inf,2.7505083948513462
Guaraí,2020-08-23,563,0,11,0,6.714285714285714,0.07142857142857142,inf,2.7505083948513462
Guaraí,2020-08-24,571,8,11,0,6.785714285714286,0.07142857142857142,inf,2.756636108245848
Guaraí,2020-08-25,608,37,13,2,8.857142857142858,0.21428571428571427,inf,2.783903579272735
Guaraí,2020-08-26,613,5,13,0,8.928571428571429,0.21428571428571427,inf,2.787460474518415
Guaraí,2020-08-27,637,24,13,0,9.857142857142858,0.21428571428571427,inf,2.8041394323353503
Guaraí,2020-08-28,649,12,14,1,10.857142857142858,0.2857142857142857,inf,2.812244696800369
Guaraí,2020-08-29,673,24,14,0,12.357142857142858,0.2857142857142857,inf,2.828015064223977
Guaraí,2020-08-30,674,1,14,0,12.428571428571429,0.2857142857142857,inf,2.82865989653532
Guaraí,2020-08-31,677,3,14,0,12.642857142857142,0.2857142857142857,inf,2.8305886686851442
Guaraí,2020-09-01,706,29,14,0,12.714285714285714,0.2857142857142857,inf,2.8488047010518036
Guaraí,2020-09-02,713,7,14,0,13.142857142857142,0.21428571428571427,2.0,2.8530895298518657
Guaraí,2020-09-03,716,3,14,0,12.0,0.21428571428571427,2.0,2.8549130223078554
Guaraí,2020-09-04,724,8,15,1,11.857142857142858,0.2857142857142857,3.0,2.859738566197147
Guaraí,2020-09-05,725,1,15,0,11.571428571428571,0.2857142857142857,3.0,2.8603380065709936
Guaraí,2020-09-06,727,2,15,0,11.714285714285714,0.2857142857142857,3.0,2.8615344108590377
Guaraí,2020-09-07,727,0,15,0,11.142857142857142,0.2857142857142857,3.0,2.8615344108590377
Guaraí,2020-09-08,727,0,15,0,8.5,0.14285714285714285,-0.3333333333333333,2.8615344108590377
Guaraí,2020-09-09,727,0,15,0,8.142857142857142,0.14285714285714285,-0.3333333333333333,2.8615344108590377
Guaraí,2020-09-10,790,63,15,0,10.928571428571429,0.14285714285714285,-0.3333333333333333,2.8976270912904414
Guaraí,2020-09-11,792,2,15,0,10.214285714285714,0.07142857142857142,-0.75,2.8987251815894934
Guaraí,2020-09-12,818,26,15,0,10.357142857142858,0.07142857142857142,-0.75,2.912753303671323
Guaraí,2020-09-13,833,15,15,0,11.357142857142858,0.07142857142857142,-0.75,2.9206450014067875
Guaraí,2020-09-14,833,0,16,1,11.142857142857142,0.14285714285714285,-0.5,2.9206450014067875
Guaraí,2020-09-15,839,6,17,1,9.5,0.21428571428571427,-0.25,2.9237619608287004
Guaraí,2020-09-16,847,8,17,0,9.571428571428571,0.21428571428571427,0.0,2.9278834103307068
Guaraí,2020-09-17,869,22,17,0,10.928571428571429,0.21428571428571427,0.0,2.9390197764486663
Guaraí,2020-09-18,900,31,17,0,12.571428571428571,0.14285714285714285,-0.5,2.9542425094393248
Guaraí,2020-09-19,936,36,17,0,15.071428571428571,0.14285714285714285,-0.5,2.971275848738105
Guaraí,2020-09-20,936,0,17,0,14.928571428571429,0.14285714285714285,-0.5,2.971275848738105
Guaraí,2020-09-21,936,0,17,0,14.928571428571429,0.14285714285714285,-0.5,2.971275848738105
Guaraí,2020-09-22,944,8,17,0,15.5,0.14285714285714285,0.0,2.974971994298069
Guaraí,2020-09-23,978,34,17,0,17.928571428571427,0.14285714285714285,0.0,2.9903388547876015
Guaraí,2020-09-24,1000,22,17,0,15.0,0.14285714285714285,0.0,3.0
Guaraí,2020-09-25,1003,3,18,1,15.071428571428571,0.21428571428571427,2.0,3.001300933020418
Guaraí,2020-09-26,1022,19,18,0,14.571428571428571,0.21428571428571427,2.0,3.009450895798694
Guaraí,2020-09-27,1022,0,18,0,13.5,0.21428571428571427,2.0,3.009450895798694
Guaraí,2020-09-28,1023,1,18,0,13.571428571428571,0.14285714285714285,0.0,3.00987563371216
Guaraí,2020-09-29,1053,30,18,0,15.285714285714286,0.07142857142857142,-0.6666666666666666,3.0224283711854865
Guaraí,2020-09-30,1087,34,18,0,17.142857142857142,0.07142857142857142,-0.6666666666666666,3.0362295440862948
Guaraí,2020-10-01,1116,29,19,1,17.642857142857142,0.14285714285714285,-0.3333333333333333,3.04766419460156
Guaraí,2020-10-02,1128,12,19,0,16.285714285714285,0.14285714285714285,0.0,3.0523090996473234
Guaraí,2020-10-03,1148,20,19,0,15.142857142857142,0.14285714285714285,0.0,3.059941888061955
Guaraí,2020-10-04,1148,0,19,0,15.142857142857142,0.14285714285714285,0.0,3.059941888061955
Guaraí,2020-10-05,1148,0,19,0,15.142857142857142,0.14285714285714285,0.0,3.059941888061955
Guaraí,2020-10-06,1153,5,19,0,14.928571428571429,0.14285714285714285,0.0,3.061829307294699
Guaraí,2020-10-07,1166,13,19,0,13.428571428571429,0.14285714285714285,0.0,3.0666985504229953
Guaraí,2020-10-08,1185,19,19,0,13.214285714285714,0.14285714285714285,0.0,3.0737183503461227
Guaraí,2020-10-09,1199,14,19,0,14.0,0.07142857142857142,-0.6666666666666666,3.0788191830988487
Guaraí,2020-10-10,1203,4,19,0,12.928571428571429,0.07142857142857142,-0.6666666666666666,3.0802656273398448
Guaraí,2020-10-11,1203,0,19,0,12.928571428571429,0.07142857142857142,-0.6666666666666666,3.0802656273398448
Guaraí,2020-10-12,1204,1,20,1,12.928571428571429,0.14285714285714285,0.0,3.0806264869218056
Guaraí,2020-10-13,1204,0,20,0,10.785714285714286,0.14285714285714285,1.0,3.0806264869218056
Guaraí,2020-10-14,1221,17,21,1,9.571428571428571,0.21428571428571427,2.0,3.0867156639448825
Guaraí,2020-10-15,1224,3,22,1,7.714285714285714,0.21428571428571427,0.5,3.087781417809542
Guaraí,2020-10-16,1227,3,22,0,7.071428571428571,0.21428571428571427,0.5,3.0888445627270045
Guaraí,2020-10-17,1227,0,22,0,5.642857142857143,0.21428571428571427,0.5,3.0888445627270045
Guaraí,2020-10-18,1227,0,22,0,5.642857142857143,0.21428571428571427,0.5,3.0888445627270045
Guaraí,2020-10-19,1228,1,22,0,5.714285714285714,0.21428571428571427,0.5,3.089198366805149
Guaraí,2020-10-20,1234,6,22,0,5.785714285714286,0.21428571428571427,0.5,3.091315159697223
Guaraí,2020-10-21,1248,14,22,0,5.857142857142857,0.21428571428571427,0.5,3.0962145853464054
Guaraí,2020-10-22,1250,2,22,0,4.642857142857143,0.21428571428571427,0.5,3.0969100130080562
Guaraí,2020-10-23,1252,2,22,0,3.7857142857142856,0.21428571428571427,2.0,3.097604328874411
Guaraí,2020-10-24,1258,6,22,0,3.9285714285714284,0.21428571428571427,2.0,3.0996806411092503
Guaraí,2020-10-25,1258,0,22,0,3.9285714285714284,0.21428571428571427,2.0,3.0996806411092503
Guaraí,2020-10-26,1258,0,22,0,3.857142857142857,0.14285714285714285,0.0,3.0996806411092503
Guaraí,2020-10-27,1261,3,23,1,4.071428571428571,0.21428571428571427,0.5,3.1007150865730817
Guaraí,2020-10-28,1263,2,23,0,3.0,0.14285714285714285,-0.3333333333333333,3.101403350555331
Guaraí,2020-10-29,1272,9,24,1,3.4285714285714284,0.14285714285714285,-0.3333333333333333,3.104487111312395
Guaraí,2020-10-30,1275,3,24,0,3.4285714285714284,0.14285714285714285,-0.3333333333333333,3.1055101847699738
Guaraí,2020-10-31,1275,0,24,0,3.4285714285714284,0.14285714285714285,-0.3333333333333333,3.1055101847699738
Guaraí,2020-11-01,1275,0,24,0,3.4285714285714284,0.14285714285714285,-0.3333333333333333,3.1055101847699738
Guaraí,2020-11-02,1275,0,24,0,3.357142857142857,0.14285714285714285,-0.3333333333333333,3.1055101847699738
Guaraí,2020-11-03,1275,0,24,0,2.9285714285714284,0.14285714285714285,-0.3333333333333333,3.1055101847699738
Guaraí,2020-11-04,1280,5,24,0,2.2857142857142856,0.14285714285714285,-0.3333333333333333,3.1072099696478683
Guaraí,2020-11-05,1283,3,24,0,2.357142857142857,0.14285714285714285,-0.3333333333333333,3.1082266563749283
Guaraí,2020-11-06,1306,23,24,0,3.857142857142857,0.14285714285714285,-0.3333333333333333,3.115943176939055
Guaraí,2020-11-07,1318,12,24,0,4.285714285714286,0.14285714285714285,-0.3333333333333333,3.119915410257991
Guaraí,2020-11-08,1318,0,24,0,4.285714285714286,0.14285714285714285,-0.3333333333333333,3.119915410257991
Guaraí,2020-11-09,1318,0,24,0,4.285714285714286,0.14285714285714285,0.0,3.119915410257991
Guaraí,2020-11-10,1323,5,24,0,4.428571428571429,0.07142857142857142,-0.6666666666666666,3.1215598441875008
Guaraí,2020-11-11,1328,5,24,0,4.642857142857143,0.07142857142857142,-0.5,3.1231980750319988
Guaraí,2020-11-12,1341,13,24,0,4.928571428571429,0.0,-1.0,3.127428777851599
Guaraí,2020-11-13,1365,24,24,0,6.428571428571429,0.0,-1.0,3.1351326513767748
Guaraí,2020-11-14,1371,6,24,0,6.857142857142857,0.0,-1.0,3.1370374547895126
Guaraí,2020-11-15,1371,0,24,0,6.857142857142857,0.0,-1.0,3.1370374547895126
Guaraí,2020-11-16,1371,0,24,0,6.857142857142857,0.0,-1.0,3.1370374547895126
Guaraí,2020-11-17,1378,7,24,0,7.357142857142857,0.0,-1.0,3.139249217571607
Guaraí,2020-11-18,1385,7,24,0,7.5,0.0,-1.0,3.1414497734004674
Guaraí,2020-11-19,1386,1,24,0,7.357142857142857,0.0,-1.0,3.141763230275788
Guaraí,2020-11-20,1389,3,24,0,5.928571428571429,0.0,-1.0,3.1427022457376155
Guaraí,2020-11-21,1398,9,24,0,5.714285714285714,0.0,-1.0,3.1455071714096627
Guaraí,2020-11-22,1398,0,24,0,5.714285714285714,0.0,-1.0,3.1455071714096627
Guaraí,2020-11-23,1398,0,24,0,5.714285714285714,0.0,-1.0,3.1455071714096627
Guaraí,2020-11-24,1404,6,24,0,5.785714285714286,0.0,-1.0,3.1473671077937864
Guaraí,2020-11-25,1427,23,24,0,7.071428571428571,0.0,-1.0,3.154423973114647
Guaraí,2020-11-26,1443,16,24,0,7.285714285714286,0.0,,3.159266331093494
Guaraí,2020-11-27,1450,7,24,0,6.071428571428571,0.0,,3.161368002234975
Guaraí,2020-11-28,1462,12,24,0,6.5,0.0,,3.1649473726218416
Guaraí,2020-11-29,1463,1,24,0,6.571428571428571,0.0,,3.1652443261253107
Guaraí,2020-11-30,1463,0,24,0,6.571428571428571,0.0,,3.1652443261253107
Guaraí,2020-12-01,1470,7,24,0,6.571428571428571,0.0,,3.167317334748176
Guaraí,2020-12-02,1487,17,24,0,7.285714285714286,0.0,,3.172310968521954
Guaraí,2020-12-03,1499,12,24,0,8.071428571428571,0.0,,3.1758016328482794
Guaraí,2020-12-04,1501,2,24,0,8.0,0.0,,3.1763806922432702
Guaraí,2020-12-05,1505,4,24,0,7.642857142857143,0.0,,3.1775364999298623
Guaraí,2020-12-06,1505,0,24,0,7.642857142857143,0.0,,3.1775364999298623
Guaraí,2020-12-07,1505,0,24,0,7.642857142857143,0.0,,3.1775364999298623
Guaraí,2020-12-08,1512,7,24,0,7.714285714285714,0.0,,3.1795517911651876
Guaraí,2020-12-09,1515,3,24,0,6.285714285714286,0.0,,3.180412632838324
Guaraí,2020-12-10,1522,7,24,0,5.642857142857143,0.0,,3.182414652434554
Guaraí,2020-12-11,1522,0,24,0,5.142857142857143,0.0,,3.182414652434554
Guaraí,2020-12-12,1528,6,24,0,4.714285714285714,0.0,,3.184123354239671
Guaraí,2020-12-13,1532,4,24,0,4.928571428571429,0.0,,3.1852587652965854
Guaraí,2020-12-14,1534,2,24,0,5.071428571428571,0.0,,3.185825359612962
Guaraí,2020-12-15,1534,0,24,0,4.571428571428571,0.0,,3.185825359612962
Guaraí,2020-12-16,1545,11,25,1,4.142857142857143,0.07142857142857142,inf,3.1889284837608534
Guaraí,2020-12-17,1552,7,25,0,3.7857142857142856,0.07142857142857142,inf,3.1908917169221698
Guaraí,2020-12-18,1562,10,25,0,4.357142857142857,0.07142857142857142,inf,3.1936810295412816
Guaraí,2020-12-19,1568,6,25,0,4.5,0.07142857142857142,inf,3.1953460583484197
Guaraí,2020-12-20,1568,0,25,0,4.5,0.07142857142857142,inf,3.1953460583484197
Guaraí,2020-12-21,1585,17,25,0,5.714285714285714,0.07142857142857142,inf,3.2000292665537704
Guaraí,2020-12-22,1613,28,25,0,7.214285714285714,0.07142857142857142,inf,3.2076343673889616
Guaraí,2020-12-23,1629,16,25,0,8.142857142857142,0.07142857142857142,inf,3.2119210843085093
Guaraí,2020-12-24,1635,6,25,0,8.071428571428571,0.07142857142857142,inf,3.2135177569963047
Guaraí,2020-12-25,1635,0,25,0,8.071428571428571,0.07142857142857142,inf,3.2135177569963047
Guaraí,2020-12-26,1635,0,25,0,7.642857142857143,0.07142857142857142,inf,3.2135177569963047
Guaraí,2020-12-27,1635,0,25,0,7.357142857142857,0.07142857142857142,inf,3.2135177569963047
Guaraí,2020-12-28,1635,0,25,0,7.214285714285714,0.07142857142857142,inf,3.2135177569963047
Guaraí,2020-12-29,1637,2,25,0,7.357142857142857,0.07142857142857142,inf,3.2140486794119414
Guaraí,2020-12-30,1641,4,25,0,6.857142857142857,0.0,-1.0,3.215108581053093
Guaraí,2020-12-31,1643,2,25,0,6.5,0.0,-1.0,3.215637563435062
Guaraí,2021-01-01,1644,1,26,1,5.857142857142857,0.07142857142857142,0.0,3.215901813204032
Guaraí,2021-01-02,1644,0,26,0,5.428571428571429,0.07142857142857142,0.0,3.215901813204032
Guaraí,2021-01-03,1644,0,26,0,5.428571428571429,0.07142857142857142,0.0,3.215901813204032
Guaraí,2021-01-04,1644,0,26,0,4.214285714285714,0.07142857142857142,0.0,3.215901813204032
Guaraí,2021-01-05,1668,24,27,1,3.9285714285714284,0.14285714285714285,1.0,3.22219604630172
Guaraí,2021-01-06,1671,3,27,0,3.0,0.14285714285714285,1.0,3.2229764498933915
Guaraí,2021-01-07,1675,4,27,0,2.857142857142857,0.14285714285714285,1.0,3.224014811372864
Guaraí,2021-01-08,1680,5,27,0,3.2142857142857144,0.14285714285714285,1.0,3.225309281725863
Guaraí,2021-01-09,1680,0,27,0,3.2142857142857144,0.14285714285714285,1.0,3.225309281725863
Guaraí,2021-01-10,1681,1,27,0,3.2857142857142856,0.14285714285714285,1.0,3.225567713439471
Guaraí,2021-01-11,1681,0,27,0,3.2857142857142856,0.14285714285714285,1.0,3.225567713439471
Guaraí,2021-01-12,1681,0,27,0,3.142857142857143,0.14285714285714285,1.0,3.225567713439471
Guaraí,2021-01-13,1703,22,27,0,4.428571428571429,0.14285714285714285,inf,3.231214647962601
Guaraí,2021-01-14,1708,5,28,1,4.642857142857143,0.21428571428571427,inf,3.232487866352986
Guaraí,2021-01-15,1716,8,28,0,5.142857142857143,0.14285714285714285,1.0,3.2345172835126865
Guaraí,2021-01-16,1750,34,28,0,7.571428571428571,0.14285714285714285,1.0,3.2430380486862944
Guaraí,2021-01-17,1750,0,28,0,7.571428571428571,0.14285714285714285,1.0,3.2430380486862944
Guaraí,2021-01-18,1750,0,28,0,7.571428571428571,0.14285714285714285,1.0,3.2430380486862944
Guaraí,2021-01-19,1762,12,28,0,6.714285714285714,0.07142857142857142,-0.5,3.246005904076029
Guaraí,2021-01-20,1767,5,28,0,6.857142857142857,0.07142857142857142,-0.5,3.247236549506764
Gurupi,2020-03-27,0,0,0,0,,,,0.0
Gurupi,2020-03-28,0,0,0,0,,,,0.0
Gurupi,2020-03-29,0,0,0,0,,,,0.0
Gurupi,2020-03-30,0,0,0,0,,,,0.0
Gurupi,2020-03-31,0,0,0,0,,,,0.0
Gurupi,2020-04-01,0,0,0,0,,,,0.0
Gurupi,2020-04-02,0,0,0,0,,,,0.0
Gurupi,2020-04-03,0,0,0,0,,,,0.0
Gurupi,2020-04-04,0,0,0,0,,,,0.0
Gurupi,2020-04-05,0,0,0,0,,,,0.0
Gurupi,2020-04-06,0,0,0,0,,,,0.0
Gurupi,2020-04-07,0,0,0,0,,,,0.0
Gurupi,2020-04-08,1,1,0,0,,,,0.0
Gurupi,2020-04-09,1,0,0,0,0.07142857142857142,0.0,,0.0
Gurupi,2020-04-10,1,0,0,0,0.07142857142857142,0.0,,0.0
Gurupi,2020-04-11,1,0,0,0,0.07142857142857142,0.0,,0.0
Gurupi,2020-04-12,1,0,0,0,0.07142857142857142,0.0,,0.0
Gurupi,2020-04-13,1,0,0,0,0.07142857142857142,0.0,,0.0
Gurupi,2020-04-14,1,0,0,0,0.07142857142857142,0.0,,0.0
Gurupi,2020-04-15,1,0,0,0,0.07142857142857142,0.0,,0.0
Gurupi,2020-04-16,1,0,0,0,0.07142857142857142,0.0,,0.0
Gurupi,2020-04-17,1,0,0,0,0.07142857142857142,0.0,,0.0
Gurupi,2020-04-18,1,0,0,0,0.07142857142857142,0.0,,0.0
Gurupi,2020-04-19,1,0,0,0,0.07142857142857142,0.0,,0.0
Gurupi,2020-04-20,1,0,0,0,0.07142857142857142,0.0,,0.0
Gurupi,2020-04-21,1,0,0,0,0.07142857142857142,0.0,,0.0
Gurupi,2020-04-22,1,0,0,0,0.0,0.0,,0.0
Gurupi,2020-04-23,1,0,0,0,0.0,0.0,,0.0
Gurupi,2020-04-24,1,0,0,0,0.0,0.0,,0.0
Gurupi,2020-04-25,1,0,0,0,0.0,0.0,,0.0
Gurupi,2020-04-26,1,0,0,0,0.0,0.0,,0.0
Gurupi,2020-04-27,1,0,0,0,0.0,0.0,,0.0
Gurupi,2020-04-28,1,0,0,0,0.0,0.0,,0.0
Gurupi,2020-04-29,1,0,0,0,0.0,0.0,,0.0
Gurupi,2020-04-30,3,2,0,0,0.14285714285714285,0.0,,0.47712125471966244
Gurupi,2020-05-01,3,0,0,0,0.14285714285714285,0.0,,0.47712125471966244
Gurupi,2020-05-02,4,1,0,0,0.21428571428571427,0.0,,0.6020599913279624
Gurupi,2020-05-03,11,7,0,0,0.7142857142857143,0.0,,1.041392685158225
Gurupi,2020-05-04,11,0,0,0,0.7142857142857143,0.0,,1.041392685158225
Gurupi,2020-05-05,17,6,0,0,1.1428571428571428,0.0,,1.2304489213782739
Gurupi,2020-05-06,18,1,0,0,1.2142857142857142,0.0,,1.255272505103306
Gurupi,2020-05-07,19,1,0,0,1.2857142857142858,0.0,,1.2787536009528289
Gurupi,2020-05-08,22,3,0,0,1.5,0.0,,1.3424226808222062
Gurupi,2020-05-09,26,4,0,0,1.7857142857142858,0.0,,1.414973347970818
Gurupi,2020-05-10,31,5,1,1,2.142857142857143,0.07142857142857142,inf,1.4913616938342726
Gurupi,2020-05-11,31,0,1,0,2.142857142857143,0.07142857142857142,inf,1.4913616938342726
Gurupi,2020-05-12,35,4,1,0,2.4285714285714284,0.07142857142857142,inf,1.5440680443502757
Gurupi,2020-05-13,39,4,1,0,2.7142857142857144,0.07142857142857142,inf,1.591064607026499
Gurupi,2020-05-14,43,4,1,0,2.857142857142857,0.07142857142857142,inf,1.6334684555795866
Gurupi,2020-05-15,47,4,1,0,3.142857142857143,0.07142857142857142,inf,1.6720978579357175
Gurupi,2020-05-16,50,3,1,0,3.2857142857142856,0.07142857142857142,inf,1.6989700043360187
Gurupi,2020-05-17,52,2,1,0,2.9285714285714284,0.07142857142857142,inf,1.7160033436347992
Gurupi,2020-05-18,53,1,1,0,3.0,0.07142857142857142,inf,1.7242758696007892
Gurupi,2020-05-19,54,1,1,0,2.642857142857143,0.07142857142857142,inf,1.7323937598229686
Gurupi,2020-05-20,60,6,1,0,3.0,0.07142857142857142,inf,1.7781512503836436
Gurupi,2020-05-21,63,3,1,0,3.142857142857143,0.07142857142857142,inf,1.7993405494535817
Gurupi,2020-05-22,67,4,1,0,3.2142857142857144,0.07142857142857142,inf,1.8260748027008264
Gurupi,2020-05-23,73,6,1,0,3.357142857142857,0.07142857142857142,inf,1.863322860120456
Gurupi,2020-05-24,79,6,1,0,3.4285714285714284,0.0,-1.0,1.8976270912904414
Gurupi,2020-05-25,79,0,2,1,3.4285714285714284,0.07142857142857142,0.0,1.8976270912904414
Gurupi,2020-05-26,85,6,2,0,3.5714285714285716,0.07142857142857142,0.0,1.9294189257142929
Gurupi,2020-05-27,87,2,2,0,3.4285714285714284,0.07142857142857142,0.0,1.9395192526186185
Gurupi,2020-05-28,90,3,2,0,3.357142857142857,0.07142857142857142,0.0,1.9542425094393248
Gurupi,2020-05-29,93,3,2,0,3.2857142857142856,0.07142857142857142,0.0,1.968482948553935
Gurupi,2020-05-30,97,4,2,0,3.357142857142857,0.07142857142857142,0.0,1.9867717342662448
Gurupi,2020-05-31,97,0,2,0,3.2142857142857144,0.07142857142857142,0.0,1.9867717342662448
Gurupi,2020-06-01,100,3,2,0,3.357142857142857,0.07142857142857142,0.0,2.0
Gurupi,2020-06-02,101,1,2,0,3.357142857142857,0.07142857142857142,0.0,2.0043213737826426
Gurupi,2020-06-03,110,9,2,0,3.5714285714285716,0.07142857142857142,0.0,2.041392685158225
Gurupi,2020-06-04,111,1,2,0,3.4285714285714284,0.07142857142857142,0.0,2.0453229787866576
Gurupi,2020-06-05,115,4,2,0,3.4285714285714284,0.07142857142857142,0.0,2.060697840353612
Gurupi,2020-06-06,124,9,4,2,3.642857142857143,0.21428571428571427,2.0,2.093421685162235
Gurupi,2020-06-07,127,3,4,0,3.4285714285714284,0.21428571428571427,inf,2.103803720955957
Gurupi,2020-06-08,127,0,5,1,3.4285714285714284,0.21428571428571427,2.0,2.103803720955957
Gurupi,2020-06-09,134,7,5,0,3.5,0.21428571428571427,2.0,2.1271047983648077
Gurupi,2020-06-10,137,3,5,0,3.5714285714285716,0.21428571428571427,2.0,2.1367205671564067
Gurupi,2020-06-11,142,5,5,0,3.7142857142857144,0.21428571428571427,2.0,2.1522883443830563
Gurupi,2020-06-12,142,0,5,0,3.5,0.21428571428571427,2.0,2.1522883443830563
Gurupi,2020-06-13,152,10,5,0,3.9285714285714284,0.21428571428571427,2.0,2.1818435879447726
Gurupi,2020-06-14,152,0,5,0,3.9285714285714284,0.21428571428571427,2.0,2.1818435879447726
Gurupi,2020-06-15,153,1,5,0,3.7857142857142856,0.21428571428571427,2.0,2.184691430817599
Gurupi,2020-06-16,153,0,5,0,3.7142857142857144,0.21428571428571427,2.0,2.184691430817599
Gurupi,2020-06-17,154,1,5,0,3.142857142857143,0.21428571428571427,2.0,2.187520720836463
Gurupi,2020-06-18,155,1,5,0,3.142857142857143,0.21428571428571427,2.0,2.1903316981702914
Gurupi,2020-06-19,159,4,5,0,3.142857142857143,0.21428571428571427,2.0,2.2013971243204513
Gurupi,2020-06-20,163,4,5,0,2.7857142857142856,0.07142857142857142,-0.6666666666666666,2.2121876044039577
Gurupi,2020-06-21,167,4,5,0,2.857142857142857,0.07142857142857142,-0.6666666666666666,2.2227164711475833
Gurupi,2020-06-22,173,6,5,0,3.2857142857142856,0.0,-1.0,2.2380461031287955
Gurupi,2020-06-23,176,3,5,0,3.0,0.0,-1.0,2.24551266781415
Gurupi,2020-06-24,179,3,1,-4,3.0,-0.2857142857142857,-2.3333333333333335,2.2528530309798933
Gurupi,2020-06-25,194,15,5,4,3.7142857142857144,0.0,-1.0,2.287801729930226
Gurupi,2020-06-26,205,11,5,0,4.5,0.0,-1.0,2.311753861055754
Gurupi,2020-06-27,208,3,5,0,4.0,0.0,-1.0,2.3180633349627615
Gurupi,2020-06-28,231,23,5,0,5.642857142857143,0.0,-1.0,2.3636119798921444
Gurupi,2020-06-29,233,2,5,0,5.714285714285714,0.0,-1.0,2.367355921026019
Gurupi,2020-06-30,236,3,5,0,5.928571428571429,0.0,-1.0,2.3729120029701067
Gurupi,2020-07-01,256,20,5,0,7.285714285714286,0.0,-1.0,2.4082399653118496
Gurupi,2020-07-02,257,1,5,0,7.285714285714286,0.0,-1.0,2.4099331233312946
Gurupi,2020-07-03,264,7,5,0,7.5,0.0,-1.0,2.4216039268698313
Gurupi,2020-07-04,284,20,5,0,8.642857142857142,0.0,-1.0,2.4533183400470375
Gurupi,2020-07-05,285,1,5,0,8.428571428571429,0.0,-1.0,2.45484486000851
Gurupi,2020-07-06,286,1,5,0,8.071428571428571,0.0,,2.456366033129043
Gurupi,2020-07-07,296,10,5,0,8.571428571428571,0.0,,2.4712917110589387
Gurupi,2020-07-08,315,19,5,0,9.714285714285714,0.2857142857142857,-2.0,2.4983105537896004
Gurupi,2020-07-09,330,15,5,0,9.714285714285714,0.0,,2.5185139398778875
Gurupi,2020-07-10,366,36,5,0,11.5,0.0,,2.5634810853944106
Gurupi,2020-07-11,388,22,5,0,12.857142857142858,0.0,,2.5888317255942073
Gurupi,2020-07-12,390,2,5,0,11.357142857142858,0.0,,2.591064607026499
Gurupi,2020-07-13,393,3,5,0,11.428571428571429,0.0,,2.5943925503754266
Gurupi,2020-07-14,437,44,5,0,14.357142857142858,0.0,,2.640481436970422
Gurupi,2020-07-15,451,14,5,0,13.928571428571429,0.0,,2.6541765418779604
Gurupi,2020-07-16,471,20,5,0,15.285714285714286,0.0,,2.673020907128896
Gurupi,2020-07-17,481,10,5,0,15.5,0.0,,2.682145076373832
Gurupi,2020-07-18,525,44,5,0,17.214285714285715,0.0,,2.720159303405957
Gurupi,2020-07-19,555,30,5,0,19.285714285714285,0.0,,2.7442929831226763
Gurupi,2020-07-20,555,0,5,0,19.214285714285715,0.0,,2.7442929831226763
Gurupi,2020-07-21,614,59,6,1,22.714285714285715,0.07142857142857142,inf,2.788168371141168
Gurupi,2020-07-22,678,64,6,0,25.928571428571427,0.07142857142857142,-0.75,2.8312296938670634
Gurupi,2020-07-23,717,39,7,1,27.642857142857142,0.14285714285714285,inf,2.8555191556678
Gurupi,2020-07-24,735,18,7,0,26.357142857142858,0.14285714285714285,inf,2.8662873390841948
Gurupi,2020-07-25,759,24,9,2,26.5,0.2857142857142857,inf,2.88024177589548
Gurupi,2020-07-26,771,12,9,0,27.214285714285715,0.2857142857142857,inf,2.8870543780509568
Gurupi,2020-07-27,801,30,9,0,29.142857142857142,0.2857142857142857,inf,2.9036325160842376
Gurupi,2020-07-28,885,84,9,0,32.0,0.2857142857142857,inf,2.9469432706978256
Gurupi,2020-07-29,942,57,9,0,35.07142857142857,0.2857142857142857,inf,2.9740509027928774
Gurupi,2020-07-30,952,10,9,0,34.357142857142854,0.2857142857142857,inf,2.9786369483844743
Gurupi,2020-07-31,1047,95,9,0,40.42857142857143,0.2857142857142857,inf,3.0199466816788423
Gurupi,2020-08-01,1106,59,9,0,41.5,0.2857142857142857,inf,3.0437551269686796
Gurupi,2020-08-02,1158,52,9,0,43.07142857142857,0.2857142857142857,inf,3.0637085593914173
Gurupi,2020-08-03,1233,75,10,1,48.42857142857143,0.35714285714285715,inf,3.0909630765957314
Gurupi,2020-08-04,1303,70,10,0,49.214285714285715,0.2857142857142857,3.0,3.1149444157125847
Gurupi,2020-08-05,1327,24,11,1,46.357142857142854,0.35714285714285715,4.0,3.1228709228644354
Gurupi,2020-08-06,1383,56,12,1,47.57142857142857,0.35714285714285715,1.5000000000000002,3.1408221801093106
Gurupi,2020-08-07,1431,48,13,1,49.714285714285715,0.42857142857142855,2.0,3.1556396337597765
Gurupi,2020-08-08,1527,96,13,0,54.857142857142854,0.2857142857142857,0.0,3.1838390370564214
Gurupi,2020-08-09,1538,11,13,0,54.785714285714285,0.2857142857142857,0.0,3.1869563354654122
Gurupi,2020-08-10,1625,87,14,1,58.857142857142854,0.35714285714285715,0.2500000000000001,3.210853365314893
Gurupi,2020-08-11,1663,38,14,0,55.57142857142857,0.35714285714285715,0.2500000000000001,3.2208922492195193
Gurupi,2020-08-12,1703,40,14,0,54.357142857142854,0.35714285714285715,0.2500000000000001,3.231214647962601
Gurupi,2020-08-13,1719,16,15,1,54.785714285714285,0.42857142857142855,0.5,3.2352758766870524
Gurupi,2020-08-14,1746,27,15,0,49.92857142857143,0.42857142857142855,0.5,3.2420442393695508
Gurupi,2020-08-15,1800,54,15,0,49.57142857142857,0.42857142857142855,0.5,3.255272505103306
Gurupi,2020-08-16,1822,22,15,0,47.42857142857143,0.42857142857142855,0.5,3.2605483726369795
Gurupi,2020-08-17,1914,92,15,0,48.642857142857146,0.35714285714285715,0.0,3.281941933440825
Gurupi,2020-08-18,1917,3,20,5,43.857142857142854,0.7142857142857143,1.5000000000000002,3.2826221128780624
Gurupi,2020-08-19,1988,71,21,1,47.214285714285715,0.7142857142857143,1.0,3.2984163800612945
Gurupi,2020-08-20,2065,77,23,2,48.714285714285715,0.7857142857142857,1.2,3.31492005599242
Gurupi,2020-08-21,2139,74,23,0,50.57142857142857,0.7142857142857143,0.6666666666666669,3.330210784571528
Gurupi,2020-08-22,2171,32,26,3,46.0,0.9285714285714286,2.2500000000000004,3.3366598234544202
Gurupi,2020-08-23,2225,54,26,0,49.07142857142857,0.9285714285714286,2.2500000000000004,3.3473300153169503
Gurupi,2020-08-24,2272,47,29,3,46.214285714285715,1.0714285714285714,1.9999999999999998,3.3564083270389813
Gurupi,2020-08-25,2299,27,30,1,45.42857142857143,1.1428571428571428,2.1999999999999997,3.361538971269279
Gurupi,2020-08-26,2366,67,31,1,47.357142857142854,1.2142857142857142,2.3999999999999995,3.3740147402919116
Gurupi,2020-08-27,2426,60,32,1,50.5,1.2142857142857142,1.833333333333333,3.3848907965305544
Gurupi,2020-08-28,2495,69,32,0,53.5,1.2142857142857142,1.833333333333333,3.397070549959409
Gurupi,2020-08-29,2546,51,35,3,53.285714285714285,1.4285714285714286,2.3333333333333335,3.4058583993176366
Gurupi,2020-08-30,2641,95,36,1,58.5,1.5,2.5,3.421768401206924
Gurupi,2020-08-31,2652,11,36,0,52.714285714285715,1.5,3.1999999999999997,3.4235735197327357
Gurupi,2020-09-01,2690,38,39,3,55.214285714285715,1.3571428571428572,0.9,3.429752280002408
Gurupi,2020-09-02,2706,16,39,0,51.285714285714285,1.2857142857142858,0.8,3.4323277922616042
Gurupi,2020-09-03,2723,17,39,0,47.0,1.1428571428571428,0.4545454545454545,3.4350476413399647
Gurupi,2020-09-04,2733,10,41,2,42.42857142857143,1.2857142857142858,0.8,3.436639631692661
Gurupi,2020-09-05,2811,78,41,0,45.714285714285715,1.0714285714285714,0.15384615384615377,3.4488608456074408
Gurupi,2020-09-06,2853,42,41,0,44.857142857142854,1.0714285714285714,0.15384615384615377,3.4553017716570764
Gurupi,2020-09-07,2866,13,41,0,42.42857142857143,0.8571428571428571,-0.2,3.4572761860613257
Gurupi,2020-09-08,2882,16,41,0,41.642857142857146,0.7857142857142857,-0.3125,3.4596939764779706
Gurupi,2020-09-09,2910,28,41,0,38.857142857142854,0.7142857142857143,-0.41176470588235287,3.4638929889859074
Gurupi,2020-09-10,2985,75,41,0,39.92857142857143,0.6428571428571429,-0.4705882352941176,3.4749443354653877
Gurupi,2020-09-11,3026,41,41,0,37.92857142857143,0.6428571428571429,-0.4705882352941176,3.4808689236871677
Gurupi,2020-09-12,3070,44,41,0,37.42857142857143,0.42857142857142855,-0.7,3.4871383754771865
Gurupi,2020-09-13,3125,55,41,0,34.57142857142857,0.35714285714285715,-0.7619047619047619,3.494850021680094
Gurupi,2020-09-14,3147,22,41,0,35.357142857142854,0.35714285714285715,-0.7619047619047619,3.49789674291322
Gurupi,2020-09-15,3173,26,41,0,34.5,0.14285714285714285,-0.8947368421052632,3.501470072100412
Gurupi,2020-09-16,3174,1,41,0,33.42857142857143,0.14285714285714285,-0.888888888888889,3.5016069224188295
Gurupi,2020-09-17,3066,-108,41,0,24.5,0.14285714285714285,-0.875,3.4865721505183562
Gurupi,2020-09-18,3099,33,41,0,26.142857142857142,0.0,-1.0,3.491221576239283
Gurupi,2020-09-19,3147,48,42,1,24.0,0.07142857142857142,-0.9333333333333333,3.49789674291322
Gurupi,2020-09-20,3161,14,42,0,22.0,0.07142857142857142,-0.9333333333333333,3.49982449583958
Gurupi,2020-09-21,3181,20,42,0,22.5,0.07142857142857142,-0.9166666666666667,3.502563669107363
Gurupi,2020-09-22,3213,32,43,1,23.642857142857142,0.14285714285714285,-0.8181818181818181,3.506910725551518
Gurupi,2020-09-23,3258,45,43,0,24.857142857142858,0.14285714285714285,-0.7999999999999999,3.5129510799724906
Gurupi,2020-09-24,3299,41,45,2,22.428571428571427,0.2857142857142857,-0.5555555555555556,3.518382315545344
Gurupi,2020-09-25,3330,31,45,0,21.714285714285715,0.2857142857142857,-0.5555555555555556,3.5224442335063197
Gurupi,2020-09-26,3368,38,45,0,21.285714285714285,0.2857142857142857,-0.3333333333333333,3.527372082827612
Gurupi,2020-09-27,3394,26,45,0,19.214285714285715,0.2857142857142857,-0.20000000000000007,3.530711837981657
Gurupi,2020-09-28,3395,1,45,0,17.714285714285715,0.2857142857142857,-0.20000000000000007,3.5308397786165204
Gurupi,2020-09-29,3423,28,46,1,17.857142857142858,0.35714285714285715,1.5000000000000002,3.534406899137877
Gurupi,2020-09-30,3450,27,46,0,19.714285714285715,0.35714285714285715,1.5000000000000002,3.537819095073274
Gurupi,2020-10-01,3475,25,46,0,29.214285714285715,0.35714285714285715,1.5000000000000002,3.540954808926133
Gurupi,2020-10-02,3512,37,46,0,29.5,0.35714285714285715,inf,3.545554507234065
Gurupi,2020-10-03,3535,23,46,0,27.714285714285715,0.2857142857142857,3.0,3.5483894181329183
Gurupi,2020-10-04,3535,0,46,0,26.714285714285715,0.2857142857142857,3.0,3.5483894181329183
Gurupi,2020-10-05,3546,11,46,0,26.071428571428573,0.2857142857142857,3.0,3.549738731264899
Gurupi,2020-10-06,3559,13,46,0,24.714285714285715,0.21428571428571427,0.5,3.551327988003846
Gurupi,2020-10-07,3572,13,49,3,22.428571428571427,0.42857142857142855,2.0,3.552911450216509
Gurupi,2020-10-08,3585,13,49,0,20.428571428571427,0.2857142857142857,0.0,3.554489160003819
Gurupi,2020-10-09,3580,-5,50,1,17.857142857142858,0.35714285714285715,0.2500000000000001,3.5538830266438746
Gurupi,2020-10-10,3579,-1,50,0,15.071428571428571,0.35714285714285715,0.2500000000000001,3.553761698390004
Gurupi,2020-10-11,3597,18,50,0,14.5,0.35714285714285715,0.2500000000000001,3.555940437818511
Gurupi,2020-10-12,3613,16,50,0,15.571428571428571,0.35714285714285715,0.2500000000000001,3.5578679615680224
Gurupi,2020-10-13,3626,13,50,0,14.5,0.2857142857142857,-0.20000000000000007,3.5594277997594896
Gurupi,2020-10-14,3664,38,50,0,15.285714285714286,0.2857142857142857,-0.20000000000000007,3.5639554649958125
Gurupi,2020-10-15,3690,26,50,0,15.357142857142858,0.2857142857142857,-0.20000000000000007,3.56702636615906
Gurupi,2020-10-16,3699,9,50,0,13.357142857142858,0.2857142857142857,-0.20000000000000007,3.568084331315394
Gurupi,2020-10-17,3715,16,50,0,12.857142857142858,0.2857142857142857,0.0,3.569958818096594
Gurupi,2020-10-18,3715,0,50,0,12.857142857142858,0.2857142857142857,0.0,3.569958818096594
Gurupi,2020-10-19,3730,15,50,0,13.142857142857142,0.2857142857142857,0.0,3.5717088318086874
Gurupi,2020-10-20,3740,10,50,0,12.928571428571429,0.2857142857142857,0.3333333333333333,3.5728716022004803
Gurupi,2020-10-21,3754,14,50,0,13.0,0.07142857142857142,-0.8333333333333333,3.5744942682853273
Gurupi,2020-10-22,3766,12,50,0,12.928571428571429,0.07142857142857142,-0.75,3.575880315680646
Gurupi,2020-10-23,3788,22,51,1,14.857142857142858,0.07142857142857142,-0.7999999999999999,3.5784099703312355
Gurupi,2020-10-24,3793,5,51,0,15.285714285714286,0.07142857142857142,-0.7999999999999999,3.5789828427027905
Gurupi,2020-10-25,3801,8,51,0,14.571428571428571,0.07142857142857142,-0.7999999999999999,3.5798978696031036
Gurupi,2020-10-26,3809,8,51,0,14.0,0.07142857142857142,-0.7999999999999999,3.580810972660946
Gurupi,2020-10-27,3814,5,51,0,13.428571428571429,0.07142857142857142,-0.75,3.581380688709987
Gurupi,2020-10-28,3823,9,52,1,11.357142857142858,0.14285714285714285,-0.5,3.582404298019028
Gurupi,2020-10-29,3829,6,52,0,9.928571428571429,0.14285714285714285,-0.5,3.583085366347688
Gurupi,2020-10-30,3837,8,53,1,9.857142857142858,0.21428571428571427,-0.25,3.583991799198316
Gurupi,2020-10-31,3844,7,53,0,9.214285714285714,0.21428571428571427,-0.25,3.584783378996508
Gurupi,2020-11-01,3849,5,53,0,9.571428571428571,0.21428571428571427,-0.25,3.585347911094591
Gurupi,2020-11-02,3855,6,53,0,8.928571428571429,0.21428571428571427,-0.25,3.5860243823869755
Gurupi,2020-11-03,3860,5,54,1,8.571428571428571,0.2857142857142857,0.0,3.586587304671755
Gurupi,2020-11-04,3862,2,54,0,7.714285714285714,0.2857142857142857,3.0,3.5868122694433757
Gurupi,2020-11-05,3865,3,54,0,7.071428571428571,0.2857142857142857,3.0,3.5871494982543437
Gurupi,2020-11-06,3874,9,54,0,6.142857142857143,0.21428571428571427,2.0,3.5881596163830918
Gurupi,2020-11-07,3877,3,54,0,6.0,0.21428571428571427,2.0,3.58849580100721
Gurupi,2020-11-08,3881,4,54,0,5.714285714285714,0.21428571428571427,2.0,3.588943642740015
Gurupi,2020-11-09,3887,6,54,0,5.571428571428571,0.21428571428571427,2.0,3.5896145406312665
Gurupi,2020-11-10,3898,11,54,0,6.0,0.21428571428571427,2.0,3.5908418347816027
Gurupi,2020-11-11,3903,5,54,0,5.714285714285714,0.14285714285714285,0.0,3.5913985512812485
Gurupi,2020-11-12,3916,13,55,1,6.214285714285714,0.21428571428571427,0.5,3.5928426831311002
Gurupi,2020-11-13,3928,12,55,0,6.5,0.14285714285714285,-0.3333333333333333,3.594171479114912
Gurupi,2020-11-14,3940,12,56,1,6.857142857142857,0.21428571428571427,0.0,3.595496221825574
Gurupi,2020-11-15,3948,8,56,0,7.071428571428571,0.21428571428571427,0.0,3.596377143997599
Gurupi,2020-11-16,3957,9,56,0,7.285714285714286,0.21428571428571427,0.0,3.597366050266028
Gurupi,2020-11-17,3974,17,56,0,8.142857142857142,0.14285714285714285,-0.5,3.5992278627737964
Gurupi,2020-11-18,4010,36,56,0,10.571428571428571,0.14285714285714285,-0.5,3.603144372620182
Gurupi,2020-11-19,4049,39,56,0,13.142857142857142,0.14285714285714285,-0.5,3.6073477767684134
Gurupi,2020-11-20,4075,26,57,1,14.357142857142858,0.21428571428571427,0.0,3.6101276130759956
Gurupi,2020-11-21,4108,33,57,0,16.5,0.21428571428571427,0.0,3.6136304349252404
Gurupi,2020-11-22,4125,17,57,0,17.428571428571427,0.21428571428571427,0.0,3.6154239528859438
Gurupi,2020-11-23,4155,30,57,0,19.142857142857142,0.21428571428571427,0.0,3.61857102812013
Gurupi,2020-11-24,4173,18,57,0,19.642857142857142,0.21428571428571427,0.0,3.620448384711709
Gurupi,2020-11-25,4201,28,57,0,21.285714285714285,0.21428571428571427,0.5,3.623352681537992
Gurupi,2020-11-26,4233,32,57,0,22.642857142857142,0.14285714285714285,-0.3333333333333333,3.6266482684740105
Gurupi,2020-11-27,4234,1,57,0,21.857142857142858,0.14285714285714285,0.0,3.6267508536833932
Gurupi,2020-11-28,4311,77,57,0,26.5,0.07142857142857142,-0.6666666666666666,3.634578022853888
Gurupi,2020-11-29,4344,33,57,0,28.285714285714285,0.07142857142857142,-0.6666666666666666,3.6378898165807905
Gurupi,2020-11-30,4386,42,57,0,30.642857142857142,0.07142857142857142,-0.6666666666666666,3.642068627341504
Gurupi,2020-12-01,4427,41,59,2,32.357142857142854,0.21428571428571427,0.5,3.6461095219788477
Gurupi,2020-12-02,4437,10,59,0,30.5,0.21428571428571427,0.5,3.647089428716555
Gurupi,2020-12-03,4446,9,59,0,28.357142857142858,0.21428571428571427,0.5,3.647969458362972
Gurupi,2020-12-04,4484,38,59,0,29.214285714285715,0.14285714285714285,-0.3333333333333333,3.6516656039229356
Gurupi,2020-12-05,4507,23,59,0,28.5,0.14285714285714285,-0.3333333333333333,3.6538875580709775
Gurupi,2020-12-06,4519,12,59,0,28.142857142857142,0.14285714285714285,-0.3333333333333333,3.655042341331202
Gurupi,2020-12-07,4538,19,59,0,27.357142857142858,0.14285714285714285,-0.3333333333333333,3.6568644915489172
Gurupi,2020-12-08,4549,11,59,0,26.857142857142858,0.14285714285714285,-0.3333333333333333,3.657915936829955
Gurupi,2020-12-09,4570,21,59,0,26.357142857142858,0.14285714285714285,-0.3333333333333333,3.6599162000698504
Gurupi,2020-12-10,4592,22,59,0,25.642857142857142,0.14285714285714285,0.0,3.662001879389917
Gurupi,2020-12-11,4602,10,59,0,26.285714285714285,0.14285714285714285,0.0,3.6629466143326246
Gurupi,2020-12-12,4618,16,59,0,21.928571428571427,0.14285714285714285,1.0,3.6644539285811577
Gurupi,2020-12-13,4631,13,59,0,20.5,0.14285714285714285,1.0,3.665674780993893
Gurupi,2020-12-14,4648,17,59,0,18.714285714285715,0.14285714285714285,1.0,3.6672661193822744
Gurupi,2020-12-15,4649,1,59,0,15.857142857142858,0.0,-1.0,3.667359546183087
Gurupi,2020-12-16,4684,35,59,0,17.642857142857142,0.0,-1.0,3.6706168864003255
Gurupi,2020-12-17,4696,12,59,0,17.857142857142858,0.0,-1.0,3.671728088239558
Gurupi,2020-12-18,4719,23,59,0,16.785714285714285,0.0,-1.0,3.6738499773429494
Gurupi,2020-12-19,4739,20,59,0,16.571428571428573,0.0,-1.0,3.675686708699401
Gurupi,2020-12-20,4760,21,59,0,17.214285714285715,0.0,-1.0,3.677606952720493
Gurupi,2020-12-21,4777,17,59,0,17.071428571428573,0.0,-1.0,3.679155241283354
Gurupi,2020-12-22,4789,12,59,0,17.142857142857142,0.0,-1.0,3.6802448370426077
Gurupi,2020-12-23,4807,18,59,0,16.928571428571427,0.0,-1.0,3.681874122128647
Gurupi,2020-12-24,4827,20,60,1,16.785714285714285,0.07142857142857142,-0.5,3.683677298818692
Gurupi,2020-12-25,4832,5,60,0,16.428571428571427,0.07142857142857142,-0.5,3.6841269256130755
Gurupi,2020-12-26,4840,8,60,0,15.857142857142858,0.07142857142857142,-0.5,3.6848453616444123
Gurupi,2020-12-27,4853,13,60,0,15.857142857142858,0.07142857142857142,-0.5,3.6860102913152857
Gurupi,2020-12-28,4857,4,60,0,14.928571428571429,0.07142857142857142,-0.5,3.6863681034730362
Gurupi,2020-12-29,4865,8,60,0,15.428571428571429,0.07142857142857142,inf,3.6870828446043706
Gurupi,2020-12-30,4875,10,60,0,13.642857142857142,0.07142857142857142,inf,3.687974620034556
Gurupi,2020-12-31,4892,17,60,0,14.0,0.07142857142857142,inf,3.689486448364248
Gurupi,2021-01-01,4905,13,60,0,13.285714285714286,0.07142857142857142,inf,3.6906390117159673
Gurupi,2021-01-02,4916,11,60,0,12.642857142857142,0.07142857142857142,inf,3.6916118742144164
Gurupi,2021-01-03,4920,4,60,0,11.428571428571429,0.07142857142857142,inf,3.69196510276736
Gurupi,2021-01-04,4939,19,60,0,11.571428571428571,0.07142857142857142,inf,3.693639026161548
Gurupi,2021-01-05,4941,2,60,0,10.857142857142858,0.07142857142857142,inf,3.6938148538894167
Gurupi,2021-01-06,4950,9,60,0,10.214285714285714,0.07142857142857142,inf,3.694605198933569
Gurupi,2021-01-07,4973,23,60,0,10.428571428571429,0.0,-1.0,3.696618459232225
Gurupi,2021-01-08,4991,18,60,0,11.357142857142858,0.0,-1.0,3.698187569866122
Gurupi,2021-01-09,5024,33,62,2,13.142857142857142,0.14285714285714285,1.0,3.70104963072914
Gurupi,2021-01-10,5027,3,63,1,12.428571428571429,0.21428571428571427,2.0,3.7013088852280753
Gurupi,2021-01-11,5027,0,63,0,12.142857142857142,0.21428571428571427,2.0,3.7013088852280753
Gurupi,2021-01-12,5083,56,63,0,15.571428571428571,0.21428571428571427,2.0,3.7061201097027037
Gurupi,2021-01-13,5117,34,63,0,17.285714285714285,0.21428571428571427,2.0,3.7090154169721172
Gurupi,2021-01-14,5159,42,63,0,19.071428571428573,0.21428571428571427,2.0,3.7125655278733083
Gurupi,2021-01-15,5185,26,67,4,20.0,0.5,6.000000000000001,3.7147487607250596
Gurupi,2021-01-16,5209,24,68,1,20.928571428571427,0.5714285714285714,7.0,3.716754357432697
Gurupi,2021-01-17,5238,29,68,0,22.714285714285715,0.5714285714285714,7.0,3.7191654940892134
Gurupi,2021-01-18,5251,13,68,0,22.285714285714285,0.5714285714285714,7.0,3.720242018287057
Gurupi,2021-01-19,5273,22,71,3,23.714285714285715,0.7857142857142857,10.0,3.722057771331464
Gurupi,2021-01-20,5323,50,71,0,26.642857142857142,0.7857142857142857,10.0,3.726156466172755
Tabocão,2020-03-27,0,0,0,0,,,,0.0
Tabocão,2020-03-28,0,0,0,0,,,,0.0
Tabocão,2020-03-29,0,0,0,0,,,,0.0
Tabocão,2020-03-30,0,0,0,0,,,,0.0
Tabocão,2020-03-31,0,0,0,0,,,,0.0
Tabocão,2020-04-01,0,0,0,0,,,,0.0
Tabocão,2020-04-02,0,0,0,0,,,,0.0
Tabocão,2020-04-03,0,0,0,0,,,,0.0
Tabocão,2020-04-04,0,0,0,0,,,,0.0
Tabocão,2020-04-05,0,0,0,0,,,,0.0
Tabocão,2020-04-06,0,0,0,0,,,,0.0
Tabocão,2020-04-07,0,0,0,0,,,,0.0
Tabocão,2020-04-08,0,0,0,0,,,,0.0
Tabocão,2020-04-09,0,0,0,0,0.0,0.0,,0.0
Tabocão,2020-04-10,0,0,0,0,0.0,0.0,,0.0
Tabocão,2020-04-11,0,0,0,0,0.0,0.0,,0.0
Tabocão,2020-04-12,0,0,0,0,0.0,0.0,,0.0
Tabocão,2020-04-13,0,0,0,0,0.0,0.0,,0.0
Tabocão,2020-04-14,0,0,0,0,0.0,0.0,,0.0
Tabocão,2020-04-15,0,0,0,0,0.0,0.0,,0.0
Tabocão,2020-04-16,0,0,0,0,0.0,0.0,,0.0
Tabocão,2020-04-17,0,0,0,0,0.0,0.0,,0.0
Tabocão,2020-04-18,0,0,0,0,0.0,0.0,,0.0
Tabocão,2020-04-19,0,0,0,0,0.0,0.0,,0.0
Tabocão,2020-04-20,0,0,0,0,0.0,0.0,,0.0
Tabocão,2020-04-21,0,0,0,0,0.0,0.0,,0.0
Tabocão,2020-04-22,0,0,0,0,0.0,0.0,,0.0
Tabocão,2020-04-23,0,0,0,0,0.0,0.0,,0.0
Tabocão,2020-04-24,0,0,0,0,0.0,0.0,,0.0
Tabocão,2020-04-25,0,0,0,0,0.0,0.0,,0.0
Tabocão,2020-04-26,0,0,0,0,0.0,0.0,,0.0
Tabocão,2020-04-27,0,0,0,0,0.0,0.0,,0.0
Tabocão,2020-04-28,1,1,0,0,0.07142857142857142,0.0,,0.0
Tabocão,2020-04-29,1,0,0,0,0.07142857142857142,0.0,,0.0
Tabocão,2020-04-30,1,0,0,0,0.07142857142857142,0.0,,0.0
Tabocão,2020-05-01,3,2,0,0,0.21428571428571427,0.0,,0.47712125471966244
Tabocão,2020-05-02,4,1,0,0,0.2857142857142857,0.0,,0.6020599913279624
Tabocão,2020-05-03,4,0,0,0,0.2857142857142857,0.0,,0.6020599913279624
Tabocão,2020-05-04,4,0,0,0,0.2857142857142857,0.0,,0.6020599913279624
Tabocão,2020-05-05,4,0,0,0,0.2857142857142857,0.0,,0.6020599913279624
Tabocão,2020-05-06,5,1,0,0,0.35714285714285715,0.0,,0.6989700043360189
Tabocão,2020-05-07,5,0,0,0,0.35714285714285715,0.0,,0.6989700043360189
Tabocão,2020-05-08,5,0,0,0,0.35714285714285715,0.0,,0.6989700043360189
Tabocão,2020-05-09,5,0,0,0,0.35714285714285715,0.0,,0.6989700043360189
Tabocão,2020-05-10,5,0,0,0,0.35714285714285715,0.0,,0.6989700043360189
Tabocão,2020-05-11,6,1,0,0,0.42857142857142855,0.0,,0.7781512503836436
Tabocão,2020-05-12,6,0,0,0,0.35714285714285715,0.0,,0.7781512503836436
Tabocão,2020-05-13,6,0,0,0,0.35714285714285715,0.0,,0.7781512503836436
Tabocão,2020-05-14,6,0,0,0,0.35714285714285715,0.0,,0.7781512503836436
Tabocão,2020-05-15,6,0,0,0,0.21428571428571427,0.0,,0.7781512503836436
Tabocão,2020-05-16,6,0,0,0,0.14285714285714285,0.0,,0.7781512503836436
Tabocão,2020-05-17,6,0,0,0,0.14285714285714285,0.0,,0.7781512503836436
Tabocão,2020-05-18,9,3,0,0,0.35714285714285715,0.0,,0.9542425094393249
Tabocão,2020-05-19,9,0,0,0,0.35714285714285715,0.0,,0.9542425094393249
Tabocão,2020-05-20,9,0,0,0,0.2857142857142857,0.0,,0.9542425094393249
Tabocão,2020-05-21,11,2,0,0,0.42857142857142855,0.0,,1.041392685158225
Tabocão,2020-05-22,12,1,0,0,0.5,0.0,,1.0791812460476249
Tabocão,2020-05-23,12,0,0,0,0.5,0.0,,1.0791812460476249
Tabocão,2020-05-24,12,0,0,0,0.5,0.0,,1.0791812460476249
Tabocão,2020-05-25,12,0,0,0,0.42857142857142855,0.0,,1.0791812460476249
Tabocão,2020-05-26,13,1,0,0,0.5,0.0,,1.1139433523068367
Tabocão,2020-05-27,13,0,0,0,0.5,0.0,,1.1139433523068367
Tabocão,2020-05-28,14,1,0,0,0.5714285714285714,0.0,,1.146128035678238
Tabocão,2020-05-29,14,0,0,0,0.5714285714285714,0.0,,1.146128035678238
Tabocão,2020-05-30,14,0,0,0,0.5714285714285714,0.0,,1.146128035678238
Tabocão,2020-05-31,14,0,0,0,0.5714285714285714,0.0,,1.146128035678238
Tabocão,2020-06-01,15,1,0,0,0.42857142857142855,0.0,,1.1760912590556813
Tabocão,2020-06-02,15,0,0,0,0.42857142857142855,0.0,,1.1760912590556813
Tabocão,2020-06-03,15,0,0,0,0.42857142857142855,0.0,,1.1760912590556813
Tabocão,2020-06-04,17,2,0,0,0.42857142857142855,0.0,,1.2304489213782739
Tabocão,2020-06-05,17,0,0,0,0.35714285714285715,0.0,,1.2304489213782739
Tabocão,2020-06-06,17,0,0,0,0.35714285714285715,0.0,,1.2304489213782739
Tabocão,2020-06-07,17,0,0,0,0.35714285714285715,0.0,,1.2304489213782739
Tabocão,2020-06-08,17,0,0,0,0.35714285714285715,0.0,,1.2304489213782739
Tabocão,2020-06-09,18,1,0,0,0.35714285714285715,0.0,,1.255272505103306
Tabocão,2020-06-10,19,1,0,0,0.42857142857142855,0.0,,1.2787536009528289
Tabocão,2020-06-11,20,1,0,0,0.42857142857142855,0.0,,1.3010299956639813
Tabocão,2020-06-12,20,0,0,0,0.42857142857142855,0.0,,1.3010299956639813
Tabocão,2020-06-13,20,0,0,0,0.42857142857142855,0.0,,1.3010299956639813
Tabocão,2020-06-14,20,0,0,0,0.42857142857142855,0.0,,1.3010299956639813
Tabocão,2020-06-15,20,0,0,0,0.35714285714285715,0.0,,1.3010299956639813
Tabocão,2020-06-16,21,1,0,0,0.42857142857142855,0.0,,1.3222192947339193
Tabocão,2020-06-17,21,0,0,0,0.42857142857142855,0.0,,1.3222192947339193
Tabocão,2020-06-18,21,0,0,0,0.2857142857142857,0.0,,1.3222192947339193
Tabocão,2020-06-19,22,1,0,0,0.35714285714285715,0.0,,1.3424226808222062
Tabocão,2020-06-20,22,0,0,0,0.35714285714285715,0.0,,1.3424226808222062
Tabocão,2020-06-21,22,0,0,0,0.35714285714285715,0.0,,1.3424226808222062
Tabocão,2020-06-22,22,0,0,0,0.35714285714285715,0.0,,1.3424226808222062
Tabocão,2020-06-23,22,0,0,0,0.2857142857142857,0.0,,1.3424226808222062
Tabocão,2020-06-24,22,0,0,0,0.21428571428571427,0.0,,1.3424226808222062
Tabocão,2020-06-25,22,0,0,0,0.14285714285714285,0.0,,1.3424226808222062
Tabocão,2020-06-26,22,0,0,0,0.14285714285714285,0.0,,1.3424226808222062
Tabocão,2020-06-27,23,1,0,0,0.21428571428571427,0.0,,1.3617278360175928
Tabocão,2020-06-28,23,0,0,0,0.21428571428571427,0.0,,1.3617278360175928
Tabocão,2020-06-29,23,0,0,0,0.21428571428571427,0.0,,1.3617278360175928
Tabocão,2020-06-30,24,1,0,0,0.21428571428571427,0.0,,1.380211241711606
Tabocão,2020-07-01,24,0,0,0,0.21428571428571427,0.0,,1.380211241711606
Tabocão,2020-07-02,24,0,0,0,0.21428571428571427,0.0,,1.380211241711606
Tabocão,2020-07-03,24,0,0,0,0.14285714285714285,0.0,,1.380211241711606
Tabocão,2020-07-04,25,1,0,0,0.21428571428571427,0.0,,1.3979400086720377
Tabocão,2020-07-05,29,4,0,0,0.5,0.0,,1.462397997898956
Tabocão,2020-07-06,29,0,0,0,0.5,0.0,,1.462397997898956
Tabocão,2020-07-07,30,1,0,0,0.5714285714285714,0.0,,1.4771212547196624
Tabocão,2020-07-08,30,0,0,0,0.5714285714285714,0.0,,1.4771212547196624
Tabocão,2020-07-09,33,3,0,0,0.7857142857142857,0.0,,1.5185139398778875
Tabocão,2020-07-10,34,1,0,0,0.8571428571428571,0.0,,1.5314789170422551
Tabocão,2020-07-11,35,1,0,0,0.8571428571428571,0.0,,1.5440680443502757
Tabocão,2020-07-12,35,0,0,0,0.8571428571428571,0.0,,1.5440680443502757
Tabocão,2020-07-13,35,0,0,0,0.8571428571428571,0.0,,1.5440680443502757
Tabocão,2020-07-14,40,5,0,0,1.1428571428571428,0.0,,1.6020599913279625
Tabocão,2020-07-15,39,-1,0,0,1.0714285714285714,0.0,,1.591064607026499
Tabocão,2020-07-16,53,14,0,0,2.0714285714285716,0.0,,1.7242758696007892
Tabocão,2020-07-17,54,1,0,0,2.142857142857143,0.0,,1.7323937598229686
Tabocão,2020-07-18,58,4,0,0,2.357142857142857,0.0,,1.7634279935629373
Tabocão,2020-07-19,58,0,0,0,2.0714285714285716,0.0,,1.7634279935629373
Tabocão,2020-07-20,58,0,0,0,2.0714285714285716,0.0,,1.7634279935629373
Tabocão,2020-07-21,58,0,0,0,2.0,0.0,,1.7634279935629373
Tabocão,2020-07-22,58,0,0,0,2.0,0.0,,1.7634279935629373
Tabocão,2020-07-23,76,18,0,0,3.0714285714285716,0.0,,1.8808135922807914
Tabocão,2020-07-24,76,0,0,0,3.0,0.0,,1.8808135922807914
Tabocão,2020-07-25,79,3,1,1,3.142857142857143,0.07142857142857142,inf,1.8976270912904414
Tabocão,2020-07-26,82,3,1,0,3.357142857142857,0.07142857142857142,inf,1.9138138523837167
Tabocão,2020-07-27,91,9,1,0,4.0,0.07142857142857142,inf,1.9590413923210936
Tabocão,2020-07-28,95,4,1,0,3.9285714285714284,0.07142857142857142,inf,1.9777236052888478
Tabocão,2020-07-29,97,2,1,0,4.142857142857143,0.07142857142857142,inf,1.9867717342662448
Tabocão,2020-07-30,98,1,1,0,3.2142857142857144,0.07142857142857142,inf,1.9912260756924949
Tabocão,2020-07-31,98,0,1,0,3.142857142857143,0.07142857142857142,inf,1.9912260756924949
Tabocão,2020-08-01,98,0,2,1,2.857142857142857,0.14285714285714285,inf,1.9912260756924949
Tabocão,2020-08-02,99,1,2,0,2.9285714285714284,0.14285714285714285,inf,1.99563519459755
Tabocão,2020-08-03,99,0,2,0,2.9285714285714284,0.14285714285714285,inf,1.99563519459755
Tabocão,2020-08-04,99,0,2,0,2.9285714285714284,0.14285714285714285,inf,1.99563519459755
Tabocão,2020-08-05,100,1,2,0,3.0,0.14285714285714285,inf,2.0
Tabocão,2020-08-06,101,1,2,0,1.7857142857142858,0.14285714285714285,inf,2.0043213737826426
Tabocão,2020-08-07,101,0,2,0,1.7857142857142858,0.14285714285714285,inf,2.0043213737826426
Tabocão,2020-08-08,102,1,2,0,1.6428571428571428,0.07142857142857142,0.0,2.0086001717619175
Tabocão,2020-08-09,102,0,2,0,1.4285714285714286,0.07142857142857142,0.0,2.0086001717619175
Tabocão,2020-08-10,103,1,2,0,0.8571428571428571,0.07142857142857142,0.0,2.012837224705172
Tabocão,2020-08-11,104,1,2,0,0.6428571428571429,0.07142857142857142,0.0,2.0170333392987803
Tabocão,2020-08-12,104,0,2,0,0.5,0.07142857142857142,0.0,2.0170333392987803
Tabocão,2020-08-13,104,0,2,0,0.42857142857142855,0.07142857142857142,0.0,2.0170333392987803
Tabocão,2020-08-14,106,2,2,0,0.5714285714285714,0.07142857142857142,0.0,2.0253058652647704
Tabocão,2020-08-15,107,1,2,0,0.6428571428571429,0.0,-1.0,2.0293837776852097
Tabocão,2020-08-16,109,2,2,0,0.7142857142857143,0.0,-1.0,2.037426497940624
Tabocão,2020-08-17,109,0,2,0,0.7142857142857143,0.0,-1.0,2.037426497940624
Tabocão,2020-08-18,109,0,2,0,0.7142857142857143,0.0,-1.0,2.037426497940624
Tabocão,2020-08-19,110,1,2,0,0.7142857142857143,0.0,-1.0,2.041392685158225
Tabocão,2020-08-20,111,1,2,0,0.7142857142857143,0.0,-1.0,2.0453229787866576
Tabocão,2020-08-21,111,0,2,0,0.7142857142857143,0.0,-1.0,2.0453229787866576
Tabocão,2020-08-22,111,0,2,0,0.6428571428571429,0.0,-1.0,2.0453229787866576
Tabocão,2020-08-23,112,1,2,0,0.7142857142857143,0.0,-1.0,2.0492180226701815
Tabocão,2020-08-24,116,4,2,0,0.9285714285714286,0.0,-1.0,2.0644579892269186
Tabocão,2020-08-25,119,3,2,0,1.0714285714285714,0.0,-1.0,2.075546961392531
Tabocão,2020-08-26,122,3,2,0,1.2857142857142858,0.0,-1.0,2.0863598306747484
Tabocão,2020-08-27,125,3,3,1,1.5,0.07142857142857142,0.0,2.0969100130080562
Tabocão,2020-08-28,125,0,3,0,1.3571428571428572,0.07142857142857142,0.0,2.0969100130080562
Tabocão,2020-08-29,128,3,3,0,1.5,0.07142857142857142,inf,2.1072099696478683
Tabocão,2020-08-30,128,0,3,0,1.3571428571428572,0.07142857142857142,inf,2.1072099696478683
Tabocão,2020-08-31,128,0,3,0,1.3571428571428572,0.07142857142857142,inf,2.1072099696478683
Tabocão,2020-09-01,128,0,3,0,1.3571428571428572,0.07142857142857142,inf,2.1072099696478683
Tabocão,2020-09-02,129,1,3,0,1.3571428571428572,0.07142857142857142,inf,2.110589710299249
Tabocão,2020-09-03,129,0,3,0,1.2857142857142858,0.07142857142857142,inf,2.110589710299249
Tabocão,2020-09-04,132,3,3,0,1.5,0.07142857142857142,inf,2.12057393120585
Tabocão,2020-09-05,132,0,3,0,1.5,0.07142857142857142,inf,2.12057393120585
Tabocão,2020-09-06,132,0,3,0,1.4285714285714286,0.07142857142857142,inf,2.12057393120585
Tabocão,2020-09-07,132,0,3,0,1.1428571428571428,0.07142857142857142,inf,2.12057393120585
Tabocão,2020-09-08,132,0,3,0,0.9285714285714286,0.07142857142857142,inf,2.12057393120585
Tabocão,2020-09-09,133,1,3,0,0.7857142857142857,0.07142857142857142,inf,2.123851640967086
Tabocão,2020-09-10,135,2,3,0,0.7142857142857143,0.0,-1.0,2.130333768495006
Tabocão,2020-09-11,143,8,3,0,1.2857142857142858,0.0,-1.0,2.155336037465062
Tabocão,2020-09-12,143,0,3,0,1.0714285714285714,0.0,-1.0,2.155336037465062
Tabocão,2020-09-13,143,0,3,0,1.0714285714285714,0.0,-1.0,2.155336037465062
Tabocão,2020-09-14,143,0,3,0,1.0714285714285714,0.0,-1.0,2.155336037465062
Tabocão,2020-09-15,144,1,3,0,1.1428571428571428,0.0,-1.0,2.1583624920952498
Tabocão,2020-09-16,143,-1,3,0,1.0,0.0,-1.0,2.155336037465062
Tabocão,2020-09-17,142,-1,3,0,0.9285714285714286,0.0,-1.0,2.1522883443830563
Tabocão,2020-09-18,142,0,3,0,0.7142857142857143,0.0,-1.0,2.1522883443830563
Tabocão,2020-09-19,147,5,3,0,1.0714285714285714,0.0,-1.0,2.167317334748176
Tabocão,2020-09-20,147,0,3,0,1.0714285714285714,0.0,-1.0,2.167317334748176
Tabocão,2020-09-21,147,0,3,0,1.0714285714285714,0.0,-1.0,2.167317334748176
Tabocão,2020-09-22,148,1,3,0,1.1428571428571428,0.0,-1.0,2.1702617153949575
Tabocão,2020-09-23,149,1,3,0,1.1428571428571428,0.0,-1.0,2.173186268412274
Tabocão,2020-09-24,149,0,3,0,1.0,0.0,,2.173186268412274
Tabocão,2020-09-25,153,4,3,0,0.7142857142857143,0.0,,2.184691430817599
Tabocão,2020-09-26,153,0,3,0,0.7142857142857143,0.0,,2.184691430817599
Tabocão,2020-09-27,153,0,3,0,0.7142857142857143,0.0,,2.184691430817599
Tabocão,2020-09-28,154,1,3,0,0.7857142857142857,0.0,,2.187520720836463
Tabocão,2020-09-29,156,2,3,0,0.8571428571428571,0.0,,2.1931245983544616
Tabocão,2020-09-30,156,0,3,0,0.9285714285714286,0.0,,2.1931245983544616
Tabocão,2020-10-01,159,3,3,0,1.2142857142857142,0.0,,2.2013971243204513
Tabocão,2020-10-02,160,1,3,0,1.2857142857142858,0.0,,2.204119982655925
Tabocão,2020-10-03,160,0,3,0,0.9285714285714286,0.0,,2.204119982655925
Tabocão,2020-10-04,160,0,3,0,0.9285714285714286,0.0,,2.204119982655925
Tabocão,2020-10-05,160,0,3,0,0.9285714285714286,0.0,,2.204119982655925
Tabocão,2020-10-06,161,1,3,0,0.9285714285714286,0.0,,2.2068258760318495
Tabocão,2020-10-07,162,1,3,0,0.9285714285714286,0.0,,2.2095150145426308
Tabocão,2020-10-08,163,1,3,0,1.0,0.0,,2.2121876044039577
Tabocão,2020-10-09,163,0,3,0,0.7142857142857143,0.0,,2.2121876044039577
Tabocão,2020-10-10,163,0,3,0,0.7142857142857143,0.0,,2.2121876044039577
Tabocão,2020-10-11,163,0,3,0,0.7142857142857143,0.0,,2.2121876044039577
Tabocão,2020-10-12,163,0,3,0,0.6428571428571429,0.0,,2.2121876044039577
Tabocão,2020-10-13,163,0,3,0,0.5,0.0,,2.2121876044039577
Tabocão,2020-10-14,163,0,3,0,0.5,0.0,,2.2121876044039577
Tabocão,2020-10-15,163,0,3,0,0.2857142857142857,0.0,,2.2121876044039577
Tabocão,2020-10-16,162,-1,3,0,0.14285714285714285,0.0,,2.2095150145426308
Tabocão,2020-10-17,162,0,3,0,0.14285714285714285,0.0,,2.2095150145426308
Tabocão,2020-10-18,162,0,3,0,0.14285714285714285,0.0,,2.2095150145426308
Tabocão,2020-10-19,162,0,3,0,0.14285714285714285,0.0,,2.2095150145426308
Tabocão,2020-10-20,162,0,3,0,0.07142857142857142,0.0,,2.2095150145426308
Tabocão,2020-10-21,162,0,3,0,0.0,0.0,,2.2095150145426308
Tabocão,2020-10-22,162,0,3,0,-0.07142857142857142,0.0,,2.2095150145426308
Tabocão,2020-10-23,162,0,3,0,-0.07142857142857142,0.0,,2.2095150145426308
Tabocão,2020-10-24,163,1,3,0,0.0,0.0,,2.2121876044039577
Tabocão,2020-10-25,163,0,3,0,0.0,0.0,,2.2121876044039577
Tabocão,2020-10-26,163,0,3,0,0.0,0.0,,2.2121876044039577
Tabocão,2020-10-27,163,0,3,0,0.0,0.0,,2.2121876044039577
Tabocão,2020-10-28,163,0,3,0,0.0,0.0,,2.2121876044039577
Tabocão,2020-10-29,164,1,3,0,0.07142857142857142,0.0,,2.214843848047698
Tabocão,2020-10-30,166,2,3,0,0.2857142857142857,0.0,,2.220108088040055
Tabocão,2020-10-31,166,0,3,0,0.2857142857142857,0.0,,2.220108088040055
Tabocão,2020-11-01,166,0,3,0,0.2857142857142857,0.0,,2.220108088040055
Tabocão,2020-11-02,166,0,3,0,0.2857142857142857,0.0,,2.220108088040055
Tabocão,2020-11-03,166,0,3,0,0.2857142857142857,0.0,,2.220108088040055
Tabocão,2020-11-04,166,0,3,0,0.2857142857142857,0.0,,2.220108088040055
Tabocão,2020-11-05,166,0,3,0,0.2857142857142857,0.0,,2.220108088040055
Tabocão,2020-11-06,168,2,3,0,0.42857142857142855,0.0,,2.225309281725863
Tabocão,2020-11-07,168,0,3,0,0.35714285714285715,0.0,,2.225309281725863
Tabocão,2020-11-08,168,0,3,0,0.35714285714285715,0.0,,2.225309281725863
Tabocão,2020-11-09,168,0,3,0,0.35714285714285715,0.0,,2.225309281725863
Tabocão,2020-11-10,168,0,3,0,0.35714285714285715,0.0,,2.225309281725863
Tabocão,2020-11-11,168,0,3,0,0.35714285714285715,0.0,,2.225309281725863
Tabocão,2020-11-12,168,0,3,0,0.2857142857142857,0.0,,2.225309281725863
Tabocão,2020-11-13,168,0,3,0,0.14285714285714285,0.0,,2.225309281725863
Tabocão,2020-11-14,168,0,3,0,0.14285714285714285,0.0,,2.225309281725863
Tabocão,2020-11-15,168,0,3,0,0.14285714285714285,0.0,,2.225309281725863
Tabocão,2020-11-16,168,0,3,0,0.14285714285714285,0.0,,2.225309281725863
Tabocão,2020-11-17,168,0,3,0,0.14285714285714285,0.0,,2.225309281725863
Tabocão,2020-11-18,169,1,3,0,0.21428571428571427,0.0,,2.2278867046136734
Tabocão,2020-11-19,169,0,3,0,0.21428571428571427,0.0,,2.2278867046136734
Tabocão,2020-11-20,169,0,3,0,0.07142857142857142,0.0,,2.2278867046136734
Tabocão,2020-11-21,169,0,3,0,0.07142857142857142,0.0,,2.2278867046136734
Tabocão,2020-11-22,169,0,3,0,0.07142857142857142,0.0,,2.2278867046136734
Tabocão,2020-11-23,169,0,3,0,0.07142857142857142,0.0,,2.2278867046136734
Tabocão,2020-11-24,169,0,3,0,0.07142857142857142,0.0,,2.2278867046136734
Tabocão,2020-11-25,169,0,3,0,0.07142857142857142,0.0,,2.2278867046136734
Tabocão,2020-11-26,169,0,3,0,0.07142857142857142,0.0,,2.2278867046136734
Tabocão,2020-11-27,170,1,3,0,0.14285714285714285,0.0,,2.230448921378274
Tabocão,2020-11-28,170,0,3,0,0.14285714285714285,0.0,,2.230448921378274
Tabocão,2020-11-29,170,0,3,0,0.14285714285714285,0.0,,2.230448921378274
Tabocão,2020-11-30,170,0,3,0,0.14285714285714285,0.0,,2.230448921378274
Tabocão,2020-12-01,170,0,3,0,0.14285714285714285,0.0,,2.230448921378274
Tabocão,2020-12-02,170,0,3,0,0.07142857142857142,0.0,,2.230448921378274
Tabocão,2020-12-03,170,0,3,0,0.07142857142857142,0.0,,2.230448921378274
Tabocão,2020-12-04,170,0,3,0,0.07142857142857142,0.0,,2.230448921378274
Tabocão,2020-12-05,170,0,3,0,0.07142857142857142,0.0,,2.230448921378274
Tabocão,2020-12-06,170,0,3,0,0.07142857142857142,0.0,,2.230448921378274
Tabocão,2020-12-07,174,4,3,0,0.35714285714285715,0.0,,2.2405492482825995
Tabocão,2020-12-08,174,0,3,0,0.35714285714285715,0.0,,2.2405492482825995
Tabocão,2020-12-09,174,0,3,0,0.35714285714285715,0.0,,2.2405492482825995
Tabocão,2020-12-10,174,0,3,0,0.35714285714285715,0.0,,2.2405492482825995
Tabocão,2020-12-11,175,1,3,0,0.35714285714285715,0.0,,2.2430380486862944
Tabocão,2020-12-12,175,0,3,0,0.35714285714285715,0.0,,2.2430380486862944
Tabocão,2020-12-13,175,0,3,0,0.35714285714285715,0.0,,2.2430380486862944
Tabocão,2020-12-14,175,0,3,0,0.35714285714285715,0.0,,2.2430380486862944
Tabocão,2020-12-15,175,0,3,0,0.35714285714285715,0.0,,2.2430380486862944
Tabocão,2020-12-16,177,2,3,0,0.5,0.0,,2.2479732663618064
Tabocão,2020-12-17,177,0,3,0,0.5,0.0,,2.2479732663618064
Tabocão,2020-12-18,178,1,3,0,0.5714285714285714,0.0,,2.250420002308894
Tabocão,2020-12-19,178,0,3,0,0.5714285714285714,0.0,,2.250420002308894
Tabocão,2020-12-20,179,1,3,0,0.6428571428571429,0.0,,2.2528530309798933
Tabocão,2020-12-21,179,0,3,0,0.35714285714285715,0.0,,2.2528530309798933
Tabocão,2020-12-22,179,0,3,0,0.35714285714285715,0.0,,2.2528530309798933
Tabocão,2020-12-23,179,0,3,0,0.35714285714285715,0.0,,2.2528530309798933
Tabocão,2020-12-24,179,0,3,0,0.35714285714285715,0.0,,2.2528530309798933
Tabocão,2020-12-25,179,0,3,0,0.2857142857142857,0.0,,2.2528530309798933
Tabocão,2020-12-26,179,0,3,0,0.2857142857142857,0.0,,2.2528530309798933
Tabocão,2020-12-27,179,0,3,0,0.2857142857142857,0.0,,2.2528530309798933
Tabocão,2020-12-28,181,2,3,0,0.42857142857142855,0.0,,2.2576785748691846
Tabocão,2020-12-29,181,0,3,0,0.42857142857142855,0.0,,2.2576785748691846
Tabocão,2020-12-30,181,0,3,0,0.2857142857142857,0.0,,2.2576785748691846
Tabocão,2020-12-31,181,0,3,0,0.2857142857142857,0.0,,2.2576785748691846
Tabocão,2021-01-01,181,0,3,0,0.21428571428571427,0.0,,2.2576785748691846
Tabocão,2021-01-02,181,0,3,0,0.21428571428571427,0.0,,2.2576785748691846
Tabocão,2021-01-03,181,0,3,0,0.14285714285714285,0.0,,2.2576785748691846
Tabocão,2021-01-04,181,0,3,0,0.14285714285714285,0.0,,2.2576785748691846
Tabocão,2021-01-05,181,0,3,0,0.14285714285714285,0.0,,2.2576785748691846
Tabocão,2021-01-06,181,0,3,0,0.14285714285714285,0.0,,2.2576785748691846
Tabocão,2021-01-07,181,0,3,0,0.14285714285714285,0.0,,2.2576785748691846
Tabocão,2021-01-08,182,1,3,0,0.21428571428571427,0.0,,2.2600713879850747
Tabocão,2021-01-09,182,0,3,0,0.21428571428571427,0.0,,2.2600713879850747
Tabocão,2021-01-10,183,1,3,0,0.2857142857142857,0.0,,2.2624510897304293
Tabocão,2021-01-11,183,0,3,0,0.14285714285714285,0.0,,2.2624510897304293
Tabocão,2021-01-12,184,1,3,0,0.21428571428571427,0.0,,2.2648178230095364
Tabocão,2021-01-13,185,1,3,0,0.2857142857142857,0.0,,2.2671717284030137
Tabocão,2021-01-14,215,30,4,1,2.4285714285714284,0.07142857142857142,inf,2.3324384599156054
Tabocão,2021-01-15,187,-28,3,-1,0.42857142857142855,0.0,,2.271841606536499
Tabocão,2021-01-16,187,0,3,0,0.42857142857142855,0.0,,2.271841606536499
Tabocão,2021-01-17,187,0,3,0,0.42857142857142855,0.0,,2.271841606536499
Tabocão,2021-01-18,188,1,3,0,0.5,0.0,,2.27415784926368
Tabocão,2021-01-19,192,4,3,0,0.7857142857142857,0.0,,2.2833012287035497
Tabocão,2021-01-20,192,0,3,0,0.7857142857142857,0.0,,2.2833012287035497
Lizarda,2020-03-27,0,0,0,0,,,,0.0
Lizarda,2020-03-28,0,0,0,0,,,,0.0
Lizarda,2020-03-29,0,0,0,0,,,,0.0
Lizarda,2020-03-30,0,0,0,0,,,,0.0
Lizarda,2020-03-31,0,0,0,0,,,,0.0
Lizarda,2020-04-01,0,0,0,0,,,,0.0
Lizarda,2020-04-02,0,0,0,0,,,,0.0
Lizarda,2020-04-03,0,0,0,0,,,,0.0
Lizarda,2020-04-04,0,0,0,0,,,,0.0
Lizarda,2020-04-05,0,0,0,0,,,,0.0
Lizarda,2020-04-06,0,0,0,0,,,,0.0
Lizarda,2020-04-07,0,0,0,0,,,,0.0
Lizarda,2020-04-08,0,0,0,0,,,,0.0
Lizarda,2020-04-09,0,0,0,0,0.0,0.0,,0.0
Lizarda,2020-04-10,0,0,0,0,0.0,0.0,,0.0
Lizarda,2020-04-11,0,0,0,0,0.0,0.0,,0.0
Lizarda,2020-04-12,0,0,0,0,0.0,0.0,,0.0
Lizarda,2020-04-13,0,0,0,0,0.0,0.0,,0.0
Lizarda,2020-04-14,0,0,0,0,0.0,0.0,,0.0
Lizarda,2020-04-15,0,0,0,0,0.0,0.0,,0.0
Lizarda,2020-04-16,0,0,0,0,0.0,0.0,,0.0
Lizarda,2020-04-17,0,0,0,0,0.0,0.0,,0.0
Lizarda,2020-04-18,0,0,0,0,0.0,0.0,,0.0
Lizarda,2020-04-19,0,0,0,0,0.0,0.0,,0.0
Lizarda,2020-04-20,0,0,0,0,0.0,0.0,,0.0
Lizarda,2020-04-21,0,0,0,0,0.0,0.0,,0.0
Lizarda,2020-04-22,0,0,0,0,0.0,0.0,,0.0
Lizarda,2020-04-23,0,0,0,0,0.0,0.0,,0.0
Lizarda,2020-04-24,0,0,0,0,0.0,0.0,,0.0
Lizarda,2020-04-25,0,0,0,0,0.0,0.0,,0.0
Lizarda,2020-04-26,0,0,0,0,0.0,0.0,,0.0
Lizarda,2020-04-27,0,0,0,0,0.0,0.0,,0.0
Lizarda,2020-04-28,0,0,0,0,0.0,0.0,,0.0
Lizarda,2020-04-29,0,0,0,0,0.0,0.0,,0.0
Lizarda,2020-04-30,0,0,0,0,0.0,0.0,,0.0
Lizarda,2020-05-01,0,0,0,0,0.0,0.0,,0.0
Lizarda,2020-05-02,0,0,0,0,0.0,0.0,,0.0
Lizarda,2020-05-03,0,0,0,0,0.0,0.0,,0.0
Lizarda,2020-05-04,0,0,0,0,0.0,0.0,,0.0
Lizarda,2020-05-05,1,1,1,1,0.07142857142857142,0.07142857142857142,inf,0.0
Lizarda,2020-05-06,1,0,1,0,0.07142857142857142,0.07142857142857142,inf,0.0
Lizarda,2020-05-07,1,0,1,0,0.07142857142857142,0.07142857142857142,inf,0.0
Lizarda,2020-05-08,1,0,1,0,0.07142857142857142,0.07142857142857142,inf,0.0
Lizarda,2020-05-09,1,0,1,0,0.07142857142857142,0.07142857142857142,inf,0.0
Lizarda,2020-05-10,1,0,1,0,0.07142857142857142,0.07142857142857142,inf,0.0
Lizarda,2020-05-11,1,0,1,0,0.07142857142857142,0.07142857142857142,inf,0.0
Lizarda,2020-05-12,1,0,1,0,0.07142857142857142,0.07142857142857142,inf,0.0
Lizarda,2020-05-13,1,0,1,0,0.07142857142857142,0.07142857142857142,inf,0.0
Lizarda,2020-05-14,1,0,1,0,0.07142857142857142,0.07142857142857142,inf,0.0
Lizarda,2020-05-15,1,0,1,0,0.07142857142857142,0.07142857142857142,inf,0.0
Lizarda,2020-05-16,1,0,1,0,0.07142857142857142,0.07142857142857142,inf,0.0
Lizarda,2020-05-17,1,0,1,0,0.07142857142857142,0.07142857142857142,inf,0.0
Lizarda,2020-05-18,1,0,1,0,0.07142857142857142,0.07142857142857142,inf,0.0
Lizarda,2020-05-19,1,0,1,0,0.0,0.0,-1.0,0.0
Lizarda,2020-05-20,1,0,1,0,0.0,0.0,-1.0,0.0
Lizarda,2020-05-21,1,0,1,0,0.0,0.0,-1.0,0.0
Lizarda,2020-05-22,1,0,1,0,0.0,0.0,-1.0,0.0
Lizarda,2020-05-23,1,0,1,0,0.0,0.0,-1.0,0.0
Lizarda,2020-05-24,1,0,1,0,0.0,0.0,-1.0,0.0
Lizarda,2020-05-25,1,0,1,0,0.0,0.0,-1.0,0.0
Lizarda,2020-05-26,1,0,1,0,0.0,0.0,-1.0,0.0
Lizarda,2020-05-27,1,0,1,0,0.0,0.0,-1.0,0.0
Lizarda,2020-05-28,1,0,1,0,0.0,0.0,-1.0,0.0
Lizarda,2020-05-29,1,0,1,0,0.0,0.0,-1.0,0.0
Lizarda,2020-05-30,1,0,1,0,0.0,0.0,-1.0,0.0
Lizarda,2020-05-31,1,0,1,0,0.0,0.0,-1.0,0.0
Lizarda,2020-06-01,1,0,1,0,0.0,0.0,-1.0,0.0
Lizarda,2020-06-02,1,0,1,0,0.0,0.0,,0.0
Lizarda,2020-06-03,1,0,1,0,0.0,0.0,,0.0
Lizarda,2020-06-04,1,0,1,0,0.0,0.0,,0.0
Lizarda,2020-06-05,1,0,1,0,0.0,0.0,,0.0
Lizarda,2020-06-06,1,0,1,0,0.0,0.0,,0.0
Lizarda,2020-06-07,1,0,1,0,0.0,0.0,,0.0
Lizarda,2020-06-08,1,0,1,0,0.0,0.0,,0.0
Lizarda,2020-06-09,1,0,1,0,0.0,0.0,,0.0
Lizarda,2020-06-10,1,0,1,0,0.0,0.0,,0.0
Lizarda,2020-06-11,1,0,1,0,0.0,0.0,,0.0
Lizarda,2020-06-12,1,0,1,0,0.0,0.0,,0.0
Lizarda,2020-06-13,1,0,1,0,0.0,0.0,,0.0
Lizarda,2020-06-14,1,0,1,0,0.0,0.0,,0.0
Lizarda,2020-06-15,1,0,1,0,0.0,0.0,,0.0
Lizarda,2020-06-16,1,0,1,0,0.0,0.0,,0.0
Lizarda,2020-06-17,1,0,1,0,0.0,0.0,,0.0
Lizarda,2020-06-18,1,0,1,0,0.0,0.0,,0.0
Lizarda,2020-06-19,1,0,1,0,0.0,0.0,,0.0
Lizarda,2020-06-20,1,0,1,0,0.0,0.0,,0.0
Lizarda,2020-06-21,1,0,1,0,0.0,0.0,,0.0
Lizarda,2020-06-22,1,0,1,0,0.0,0.0,,0.0
Lizarda,2020-06-23,1,0,1,0,0.0,0.0,,0.0
Lizarda,2020-06-24,1,0,0,-1,0.0,-0.07142857142857142,-inf,0.0
Lizarda,2020-06-25,1,0,1,1,0.0,0.0,,0.0
Lizarda,2020-06-26,1,0,1,0,0.0,0.0,,0.0
Lizarda,2020-06-27,1,0,1,0,0.0,0.0,,0.0
Lizarda,2020-06-28,1,0,1,0,0.0,0.0,,0.0
Lizarda,2020-06-29,1,0,1,0,0.0,0.0,,0.0
Lizarda,2020-06-30,1,0,1,0,0.0,0.0,,0.0
Lizarda,2020-07-01,1,0,1,0,0.0,0.0,,0.0
Lizarda,2020-07-02,1,0,1,0,0.0,0.0,,0.0
Lizarda,2020-07-03,1,0,1,0,0.0,0.0,,0.0
Lizarda,2020-07-04,1,0,1,0,0.0,0.0,,0.0
Lizarda,2020-07-05,1,0,1,0,0.0,0.0,,0.0
Lizarda,2020-07-06,1,0,1,0,0.0,0.0,,0.0
Lizarda,2020-07-07,1,0,1,0,0.0,0.0,,0.0
Lizarda,2020-07-08,1,0,1,0,0.0,0.07142857142857142,-2.0,0.0
Lizarda,2020-07-09,2,1,1,0,0.07142857142857142,0.0,,0.3010299956639812
Lizarda,2020-07-10,5,3,1,0,0.2857142857142857,0.0,,0.6989700043360189
Lizarda,2020-07-11,7,2,1,0,0.42857142857142855,0.0,,0.8450980400142568
Lizarda,2020-07-12,9,2,1,0,0.5714285714285714,0.0,,0.9542425094393249
Lizarda,2020-07-13,13,4,1,0,0.8571428571428571,0.0,,1.1139433523068367
Lizarda,2020-07-14,17,4,1,0,1.1428571428571428,0.0,,1.2304489213782739
Lizarda,2020-07-15,17,0,1,0,1.1428571428571428,0.0,,1.2304489213782739
Lizarda,2020-07-16,17,0,1,0,1.1428571428571428,0.0,,1.2304489213782739
Lizarda,2020-07-17,17,0,1,0,1.1428571428571428,0.0,,1.2304489213782739
Lizarda,2020-07-18,17,0,1,0,1.1428571428571428,0.0,,1.2304489213782739
Lizarda,2020-07-19,19,2,1,0,1.2857142857142858,0.0,,1.2787536009528289
Lizarda,2020-07-20,20,1,1,0,1.3571428571428572,0.0,,1.3010299956639813
Lizarda,2020-07-21,20,0,1,0,1.3571428571428572,0.0,,1.3010299956639813
Lizarda,2020-07-22,20,0,1,0,1.3571428571428572,0.0,-1.0,1.3010299956639813
Lizarda,2020-07-23,20,0,1,0,1.2857142857142858,0.0,,1.3010299956639813
Lizarda,2020-07-24,20,0,1,0,1.0714285714285714,0.0,,1.3010299956639813
Lizarda,2020-07-25,25,5,1,0,1.2857142857142858,0.0,,1.3979400086720377
Lizarda,2020-07-26,25,0,1,0,1.1428571428571428,0.0,,1.3979400086720377
Lizarda,2020-07-27,25,0,1,0,0.8571428571428571,0.0,,1.3979400086720377
Lizarda,2020-07-28,26,1,1,0,0.6428571428571429,0.0,,1.414973347970818
Lizarda,2020-07-29,28,2,1,0,0.7857142857142857,0.0,,1.4471580313422192
Lizarda,2020-07-30,31,3,1,0,1.0,0.0,,1.4913616938342726
Lizarda,2020-07-31,31,0,1,0,1.0,0.0,,1.4913616938342726
Lizarda,2020-08-01,31,0,1,0,1.0,0.0,,1.4913616938342726
Lizarda,2020-08-02,32,1,1,0,0.9285714285714286,0.0,,1.505149978319906
Lizarda,2020-08-03,32,0,1,0,0.8571428571428571,0.0,,1.505149978319906
Lizarda,2020-08-04,35,3,1,0,1.0714285714285714,0.0,,1.5440680443502757
Lizarda,2020-08-05,35,0,1,0,1.0714285714285714,0.0,,1.5440680443502757
Lizarda,2020-08-06,35,0,1,0,1.0714285714285714,0.0,,1.5440680443502757
Lizarda,2020-08-07,35,0,1,0,1.0714285714285714,0.0,,1.5440680443502757
Lizarda,2020-08-08,35,0,1,0,0.7142857142857143,0.0,,1.5440680443502757
Lizarda,2020-08-09,39,4,1,0,1.0,0.0,,1.591064607026499
Lizarda,2020-08-10,42,3,1,0,1.2142857142857142,0.0,,1.6232492903979006
Lizarda,2020-08-11,43,1,1,0,1.2142857142857142,0.0,,1.6334684555795866
Lizarda,2020-08-12,43,0,1,0,1.0714285714285714,0.0,,1.6334684555795866
Lizarda,2020-08-13,44,1,1,0,0.9285714285714286,0.0,,1.6434526764861874
Lizarda,2020-08-14,42,-2,1,0,0.7857142857142857,0.0,,1.6232492903979006
Lizarda,2020-08-15,42,0,1,0,0.7857142857142857,0.0,,1.6232492903979006
Lizarda,2020-08-16,42,0,1,0,0.7142857142857143,0.0,,1.6232492903979006
Lizarda,2020-08-17,42,0,1,0,0.7142857142857143,0.0,,1.6232492903979006
Lizarda,2020-08-18,42,0,1,0,0.5,0.0,,1.6232492903979006
Lizarda,2020-08-19,43,1,1,0,0.5714285714285714,0.0,,1.6334684555795866
Lizarda,2020-08-20,46,3,1,0,0.7857142857142857,0.0,,1.662757831681574
Lizarda,2020-08-21,46,0,1,0,0.7857142857142857,0.0,,1.662757831681574
Lizarda,2020-08-22,46,0,1,0,0.7857142857142857,0.0,,1.662757831681574
Lizarda,2020-08-23,46,0,1,0,0.5,0.0,,1.662757831681574
Lizarda,2020-08-24,46,0,1,0,0.2857142857142857,0.0,,1.662757831681574
Lizarda,2020-08-25,46,0,1,0,0.21428571428571427,0.0,,1.662757831681574
Lizarda,2020-08-26,46,0,1,0,0.21428571428571427,0.0,,1.662757831681574
Lizarda,2020-08-27,47,1,1,0,0.21428571428571427,0.0,,1.6720978579357175
Lizarda,2020-08-28,48,1,1,0,0.42857142857142855,0.0,,1.6812412373755872
Lizarda,2020-08-29,48,0,1,0,0.42857142857142855,0.0,,1.6812412373755872
Lizarda,2020-08-30,48,0,1,0,0.42857142857142855,0.0,,1.6812412373755872
Lizarda,2020-08-31,48,0,1,0,0.42857142857142855,0.0,,1.6812412373755872
Lizarda,2020-09-01,48,0,1,0,0.42857142857142855,0.0,,1.6812412373755872
Lizarda,2020-09-02,48,0,1,0,0.35714285714285715,0.0,,1.6812412373755872
Lizarda,2020-09-03,48,0,1,0,0.14285714285714285,0.0,,1.6812412373755872
Lizarda,2020-09-04,48,0,1,0,0.14285714285714285,0.0,,1.6812412373755872
Lizarda,2020-09-05,48,0,1,0,0.14285714285714285,0.0,,1.6812412373755872
Lizarda,2020-09-06,48,0,1,0,0.14285714285714285,0.0,,1.6812412373755872
Lizarda,2020-09-07,48,0,1,0,0.14285714285714285,0.0,,1.6812412373755872
Lizarda,2020-09-08,48,0,1,0,0.14285714285714285,0.0,,1.6812412373755872
Lizarda,2020-09-09,48,0,1,0,0.14285714285714285,0.0,,1.6812412373755872
Lizarda,2020-09-10,50,2,1,0,0.21428571428571427,0.0,,1.6989700043360187
Lizarda,2020-09-11,59,9,1,0,0.7857142857142857,0.0,,1.7708520116421442
Lizarda,2020-09-12,60,1,1,0,0.8571428571428571,0.0,,1.7781512503836436
Lizarda,2020-09-13,60,0,1,0,0.8571428571428571,0.0,,1.7781512503836436
Lizarda,2020-09-14,60,0,1,0,0.8571428571428571,0.0,,1.7781512503836436
Lizarda,2020-09-15,60,0,1,0,0.8571428571428571,0.0,,1.7781512503836436
Lizarda,2020-09-16,60,0,1,0,0.8571428571428571,0.0,,1.7781512503836436
Lizarda,2020-09-17,60,0,1,0,0.8571428571428571,0.0,,1.7781512503836436
Lizarda,2020-09-18,60,0,1,0,0.8571428571428571,0.0,,1.7781512503836436
Lizarda,2020-09-19,60,0,1,0,0.8571428571428571,0.0,,1.7781512503836436
Lizarda,2020-09-20,60,0,1,0,0.8571428571428571,0.0,,1.7781512503836436
Lizarda,2020-09-21,60,0,1,0,0.8571428571428571,0.0,,1.7781512503836436
Lizarda,2020-09-22,62,2,1,0,1.0,0.0,,1.792391689498254
Lizarda,2020-09-23,62,0,1,0,1.0,0.0,,1.792391689498254
Lizarda,2020-09-24,62,0,1,0,0.8571428571428571,0.0,,1.792391689498254
Lizarda,2020-09-25,62,0,1,0,0.21428571428571427,0.0,,1.792391689498254
Lizarda,2020-09-26,67,5,1,0,0.5,0.0,,1.8260748027008264
Lizarda,2020-09-27,67,0,1,0,0.5,0.0,,1.8260748027008264
Lizarda,2020-09-28,67,0,1,0,0.5,0.0,,1.8260748027008264
Lizarda,2020-09-29,67,0,1,0,0.5,0.0,,1.8260748027008264
Lizarda,2020-09-30,67,0,1,0,0.5,0.0,,1.8260748027008264
Lizarda,2020-10-01,67,0,1,0,0.5,0.0,,1.8260748027008264
Lizarda,2020-10-02,67,0,1,0,0.5,0.0,,1.8260748027008264
Lizarda,2020-10-03,66,-1,1,0,0.42857142857142855,0.0,,1.8195439355418688
Lizarda,2020-10-04,66,0,1,0,0.42857142857142855,0.0,,1.8195439355418688
Lizarda,2020-10-05,66,0,1,0,0.42857142857142855,0.0,,1.8195439355418688
Lizarda,2020-10-06,66,0,1,0,0.2857142857142857,0.0,,1.8195439355418688
Lizarda,2020-10-07,66,0,1,0,0.2857142857142857,0.0,,1.8195439355418688
Lizarda,2020-10-08,66,0,1,0,0.2857142857142857,0.0,,1.8195439355418688
Lizarda,2020-10-09,67,1,2,1,0.35714285714285715,0.07142857142857142,inf,1.8260748027008264
Lizarda,2020-10-10,67,0,2,0,0.0,0.07142857142857142,inf,1.8260748027008264
Lizarda,2020-10-11,67,0,2,0,0.0,0.07142857142857142,inf,1.8260748027008264
Lizarda,2020-10-12,67,0,2,0,0.0,0.07142857142857142,inf,1.8260748027008264
Lizarda,2020-10-13,67,0,2,0,0.0,0.07142857142857142,inf,1.8260748027008264
Lizarda,2020-10-14,67,0,2,0,0.0,0.07142857142857142,inf,1.8260748027008264
Lizarda,2020-10-15,67,0,2,0,0.0,0.07142857142857142,inf,1.8260748027008264
Lizarda,2020-10-16,67,0,2,0,0.0,0.07142857142857142,inf,1.8260748027008264
Lizarda,2020-10-17,67,0,2,0,0.07142857142857142,0.07142857142857142,inf,1.8260748027008264
Lizarda,2020-10-18,67,0,2,0,0.07142857142857142,0.07142857142857142,inf,1.8260748027008264
Lizarda,2020-10-19,67,0,2,0,0.07142857142857142,0.07142857142857142,inf,1.8260748027008264
Lizarda,2020-10-20,69,2,2,0,0.21428571428571427,0.07142857142857142,inf,1.8388490907372552
Lizarda,2020-10-21,69,0,2,0,0.21428571428571427,0.07142857142857142,inf,1.8388490907372552
Lizarda,2020-10-22,76,7,2,0,0.7142857142857143,0.07142857142857142,inf,1.8808135922807914
Lizarda,2020-10-23,76,0,2,0,0.6428571428571429,0.0,-1.0,1.8808135922807914
Lizarda,2020-10-24,75,-1,2,0,0.5714285714285714,0.0,-1.0,1.8750612633917
Lizarda,2020-10-25,75,0,2,0,0.5714285714285714,0.0,-1.0,1.8750612633917
Lizarda,2020-10-26,75,0,2,0,0.5714285714285714,0.0,-1.0,1.8750612633917
Lizarda,2020-10-27,75,0,2,0,0.5714285714285714,0.0,-1.0,1.8750612633917
Lizarda,2020-10-28,75,0,2,0,0.5714285714285714,0.0,-1.0,1.8750612633917
Lizarda,2020-10-29,75,0,2,0,0.5714285714285714,0.0,-1.0,1.8750612633917
Lizarda,2020-10-30,75,0,2,0,0.5714285714285714,0.0,-1.0,1.8750612633917
Lizarda,2020-10-31,75,0,2,0,0.5714285714285714,0.0,-1.0,1.8750612633917
Lizarda,2020-11-01,75,0,2,0,0.5714285714285714,0.0,-1.0,1.8750612633917
Lizarda,2020-11-02,75,0,2,0,0.5714285714285714,0.0,-1.0,1.8750612633917
Lizarda,2020-11-03,75,0,2,0,0.42857142857142855,0.0,-1.0,1.8750612633917
Lizarda,2020-11-04,75,0,2,0,0.42857142857142855,0.0,-1.0,1.8750612633917
Lizarda,2020-11-05,75,0,2,0,-0.07142857142857142,0.0,-1.0,1.8750612633917
Lizarda,2020-11-06,75,0,2,0,-0.07142857142857142,0.0,,1.8750612633917
Lizarda,2020-11-07,75,0,2,0,0.0,0.0,,1.8750612633917
Lizarda,2020-11-08,75,0,2,0,0.0,0.0,,1.8750612633917
Lizarda,2020-11-09,75,0,2,0,0.0,0.0,,1.8750612633917
Lizarda,2020-11-10,75,0,2,0,0.0,0.0,,1.8750612633917
Lizarda,2020-11-11,75,0,2,0,0.0,0.0,,1.8750612633917
Lizarda,2020-11-12,75,0,2,0,0.0,0.0,,1.8750612633917
Lizarda,2020-11-13,75,0,2,0,0.0,0.0,,1.8750612633917
Lizarda,2020-11-14,76,1,2,0,0.07142857142857142,0.0,,1.8808135922807914
Lizarda,2020-11-15,76,0,2,0,0.07142857142857142,0.0,,1.8808135922807914
Lizarda,2020-11-16,76,0,2,0,0.07142857142857142,0.0,,1.8808135922807914
Lizarda,2020-11-17,76,0,2,0,0.07142857142857142,0.0,,1.8808135922807914
Lizarda,2020-11-18,76,0,2,0,0.07142857142857142,0.0,,1.8808135922807914
Lizarda,2020-11-19,76,0,2,0,0.07142857142857142,0.0,,1.8808135922807914
Lizarda,2020-11-20,76,0,2,0,0.07142857142857142,0.0,,1.8808135922807914
Lizarda,2020-11-21,78,2,2,0,0.21428571428571427,0.0,,1.8920946026904804
Lizarda,2020-11-22,78,0,2,0,0.21428571428571427,0.0,,1.8920946026904804
Lizarda,2020-11-23,78,0,2,0,0.21428571428571427,0.0,,1.8920946026904804
Lizarda,2020-11-24,78,0,2,0,0.21428571428571427,0.0,,1.8920946026904804
Lizarda,2020-11-25,78,0,2,0,0.21428571428571427,0.0,,1.8920946026904804
Lizarda,2020-11-26,78,0,2,0,0.21428571428571427,0.0,,1.8920946026904804
Lizarda,2020-11-27,83,5,2,0,0.5714285714285714,0.0,,1.919078092376074
Lizarda,2020-11-28,85,2,2,0,0.6428571428571429,0.0,,1.9294189257142929
Lizarda,2020-11-29,85,0,2,0,0.6428571428571429,0.0,,1.9294189257142929
Lizarda,2020-11-30,85,0,2,0,0.6428571428571429,0.0,,1.9294189257142929
Lizarda,2020-12-01,85,0,2,0,0.6428571428571429,0.0,,1.9294189257142929
Lizarda,2020-12-02,85,0,2,0,0.6428571428571429,0.0,,1.9294189257142929
Lizarda,2020-12-03,85,0,2,0,0.6428571428571429,0.0,,1.9294189257142929
Lizarda,2020-12-04,85,0,2,0,0.6428571428571429,0.0,,1.9294189257142929
Lizarda,2020-12-05,85,0,2,0,0.5,0.0,,1.9294189257142929
Lizarda,2020-12-06,85,0,2,0,0.5,0.0,,1.9294189257142929
Lizarda,2020-12-07,85,0,2,0,0.5,0.0,,1.9294189257142929
Lizarda,2020-12-08,85,0,2,0,0.5,0.0,,1.9294189257142929
Lizarda,2020-12-09,85,0,2,0,0.5,0.0,,1.9294189257142929
Lizarda,2020-12-10,85,0,2,0,0.5,0.0,,1.9294189257142929
Lizarda,2020-12-11,86,1,2,0,0.21428571428571427,0.0,,1.9344984512435677
Lizarda,2020-12-12,86,0,2,0,0.07142857142857142,0.0,,1.9344984512435677
Lizarda,2020-12-13,86,0,2,0,0.07142857142857142,0.0,,1.9344984512435677
Lizarda,2020-12-14,86,0,2,0,0.07142857142857142,0.0,,1.9344984512435677
Lizarda,2020-12-15,86,0,2,0,0.07142857142857142,0.0,,1.9344984512435677
Lizarda,2020-12-16,86,0,2,0,0.07142857142857142,0.0,,1.9344984512435677
Lizarda,2020-12-17,86,0,2,0,0.07142857142857142,0.0,,1.9344984512435677
Lizarda,2020-12-18,86,0,2,0,0.07142857142857142,0.0,,1.9344984512435677
Lizarda,2020-12-19,86,0,2,0,0.07142857142857142,0.0,,1.9344984512435677
Lizarda,2020-12-20,86,0,2,0,0.07142857142857142,0.0,,1.9344984512435677
Lizarda,2020-12-21,86,0,2,0,0.07142857142857142,0.0,,1.9344984512435677
Lizarda,2020-12-22,87,1,2,0,0.14285714285714285,0.0,,1.9395192526186185
Lizarda,2020-12-23,87,0,2,0,0.14285714285714285,0.0,,1.9395192526186185
Lizarda,2020-12-24,88,1,2,0,0.21428571428571427,0.0,,1.9444826721501687
Lizarda,2020-12-25,88,0,2,0,0.14285714285714285,0.0,,1.9444826721501687
Lizarda,2020-12-26,88,0,2,0,0.14285714285714285,0.0,,1.9444826721501687
Lizarda,2020-12-27,88,0,2,0,0.14285714285714285,0.0,,1.9444826721501687
Lizarda,2020-12-28,88,0,2,0,0.14285714285714285,0.0,,1.9444826721501687
Lizarda,2020-12-29,87,-1,2,0,0.07142857142857142,0.0,,1.9395192526186185
Lizarda,2020-12-30,87,0,2,0,0.07142857142857142,0.0,,1.9395192526186185
Lizarda,2020-12-31,87,0,2,0,0.07142857142857142,0.0,,1.9395192526186185
Lizarda,2021-01-01,87,0,2,0,0.07142857142857142,0.0,,1.9395192526186185
Lizarda,2021-01-02,87,0,2,0,0.07142857142857142,0.0,,1.9395192526186185
Lizarda,2021-01-03,87,0,2,0,0.07142857142857142,0.0,,1.9395192526186185
Lizarda,2021-01-04,87,0,2,0,0.07142857142857142,0.0,,1.9395192526186185
Lizarda,2021-01-05,87,0,2,0,0.0,0.0,,1.9395192526186185
Lizarda,2021-01-06,87,0,2,0,0.0,0.0,,1.9395192526186185
Lizarda,2021-01-07,87,0,2,0,-0.07142857142857142,0.0,,1.9395192526186185
Lizarda,2021-01-08,87,0,2,0,-0.07142857142857142,0.0,,1.9395192526186185
Lizarda,2021-01-09,87,0,2,0,-0.07142857142857142,0.0,,1.9395192526186185
Lizarda,2021-01-10,87,0,2,0,-0.07142857142857142,0.0,,1.9395192526186185
Lizarda,2021-01-11,87,0,2,0,-0.07142857142857142,0.0,,1.9395192526186185
Lizarda,2021-01-12,87,0,2,0,0.0,0.0,,1.9395192526186185
Lizarda,2021-01-13,87,0,2,0,0.0,0.0,,1.9395192526186185
Lizarda,2021-01-14,87,0,2,0,0.0,0.0,,1.9395192526186185
Lizarda,2021-01-15,87,0,2,0,0.0,0.0,,1.9395192526186185
Lizarda,2021-01-16,87,0,2,0,0.0,0.0,,1.9395192526186185
Lizarda,2021-01-17,87,0,2,0,0.0,0.0,,1.9395192526186185
Lizarda,2021-01-18,87,0,2,0,0.0,0.0,,1.9395192526186185
Lizarda,2021-01-19,87,0,2,0,0.0,0.0,,1.9395192526186185
Lizarda,2021-01-20,87,0,2,0,0.0,0.0,,1.9395192526186185
Nazaré,2020-03-27,0,0,0,0,,,,0.0
Nazaré,2020-03-28,0,0,0,0,,,,0.0
Nazaré,2020-03-29,0,0,0,0,,,,0.0
Nazaré,2020-03-30,0,0,0,0,,,,0.0
Nazaré,2020-03-31,0,0,0,0,,,,0.0
Nazaré,2020-04-01,0,0,0,0,,,,0.0
Nazaré,2020-04-02,0,0,0,0,,,,0.0
Nazaré,2020-04-03,0,0,0,0,,,,0.0
Nazaré,2020-04-04,0,0,0,0,,,,0.0
Nazaré,2020-04-05,0,0,0,0,,,,0.0
Nazaré,2020-04-06,0,0,0,0,,,,0.0
Nazaré,2020-04-07,0,0,0,0,,,,0.0
Nazaré,2020-04-08,0,0,0,0,,,,0.0
Nazaré,2020-04-09,0,0,0,0,0.0,0.0,,0.0
Nazaré,2020-04-10,0,0,0,0,0.0,0.0,,0.0
Nazaré,2020-04-11,0,0,0,0,0.0,0.0,,0.0
Nazaré,2020-04-12,0,0,0,0,0.0,0.0,,0.0
Nazaré,2020-04-13,0,0,0,0,0.0,0.0,,0.0
Nazaré,2020-04-14,0,0,0,0,0.0,0.0,,0.0
Nazaré,2020-04-15,0,0,0,0,0.0,0.0,,0.0
Nazaré,2020-04-16,0,0,0,0,0.0,0.0,,0.0
Nazaré,2020-04-17,0,0,0,0,0.0,0.0,,0.0
Nazaré,2020-04-18,0,0,0,0,0.0,0.0,,0.0
Nazaré,2020-04-19,0,0,0,0,0.0,0.0,,0.0
Nazaré,2020-04-20,0,0,0,0,0.0,0.0,,0.0
Nazaré,2020-04-21,0,0,0,0,0.0,0.0,,0.0
Nazaré,2020-04-22,0,0,0,0,0.0,0.0,,0.0
Nazaré,2020-04-23,0,0,0,0,0.0,0.0,,0.0
Nazaré,2020-04-24,0,0,0,0,0.0,0.0,,0.0
Nazaré,2020-04-25,0,0,0,0,0.0,0.0,,0.0
Nazaré,2020-04-26,0,0,0,0,0.0,0.0,,0.0
Nazaré,2020-04-27,0,0,0,0,0.0,0.0,,0.0
Nazaré,2020-04-28,0,0,0,0,0.0,0.0,,0.0
Nazaré,2020-04-29,0,0,0,0,0.0,0.0,,0.0
Nazaré,2020-04-30,0,0,0,0,0.0,0.0,,0.0
Nazaré,2020-05-01,0,0,0,0,0.0,0.0,,0.0
Nazaré,2020-05-02,0,0,0,0,0.0,0.0,,0.0
Nazaré,2020-05-03,0,0,0,0,0.0,0.0,,0.0
Nazaré,2020-05-04,0,0,0,0,0.0,0.0,,0.0
Nazaré,2020-05-05,0,0,0,0,0.0,0.0,,0.0
Nazaré,2020-05-06,0,0,0,0,0.0,0.0,,0.0
Nazaré,2020-05-07,0,0,0,0,0.0,0.0,,0.0
Nazaré,2020-05-08,0,0,0,0,0.0,0.0,,0.0
Nazaré,2020-05-09,0,0,0,0,0.0,0.0,,0.0
Nazaré,2020-05-10,0,0,0,0,0.0,0.0,,0.0
Nazaré,2020-05-11,0,0,0,0,0.0,0.0,,0.0
Nazaré,2020-05-12,0,0,0,0,0.0,0.0,,0.0
Nazaré,2020-05-13,0,0,0,0,0.0,0.0,,0.0
Nazaré,2020-05-14,0,0,0,0,0.0,0.0,,0.0
Nazaré,2020-05-15,0,0,0,0,0.0,0.0,,0.0
Nazaré,2020-05-16,0,0,0,0,0.0,0.0,,0.0
Nazaré,2020-05-17,0,0,0,0,0.0,0.0,,0.0
Nazaré,2020-05-18,0,0,0,0,0.0,0.0,,0.0
Nazaré,2020-05-19,0,0,0,0,0.0,0.0,,0.0
Nazaré,2020-05-20,0,0,0,0,0.0,0.0,,0.0
Nazaré,2020-05-21,0,0,0,0,0.0,0.0,,0.0
Nazaré,2020-05-22,1,1,0,0,0.07142857142857142,0.0,,0.0
Nazaré,2020-05-23,1,0,0,0,0.07142857142857142,0.0,,0.0
Nazaré,2020-05-24,1,0,0,0,0.07142857142857142,0.0,,0.0
Nazaré,2020-05-25,2,1,0,0,0.14285714285714285,0.0,,0.3010299956639812
Nazaré,2020-05-26,2,0,0,0,0.14285714285714285,0.0,,0.3010299956639812
Nazaré,2020-05-27,2,0,0,0,0.14285714285714285,0.0,,0.3010299956639812
Nazaré,2020-05-28,3,1,0,0,0.21428571428571427,0.0,,0.47712125471966244
Nazaré,2020-05-29,3,0,0,0,0.21428571428571427,0.0,,0.47712125471966244
Nazaré,2020-05-30,2,-1,0,0,0.14285714285714285,0.0,,0.3010299956639812
Nazaré,2020-05-31,2,0,0,0,0.14285714285714285,0.0,,0.3010299956639812
Nazaré,2020-06-01,2,0,0,0,0.14285714285714285,0.0,,0.3010299956639812
Nazaré,2020-06-02,2,0,0,0,0.14285714285714285,0.0,,0.3010299956639812
Nazaré,2020-06-03,2,0,0,0,0.14285714285714285,0.0,,0.3010299956639812
Nazaré,2020-06-04,3,1,0,0,0.21428571428571427,0.0,,0.47712125471966244
Nazaré,2020-06-05,3,0,0,0,0.14285714285714285,0.0,,0.47712125471966244
Nazaré,2020-06-06,3,0,0,0,0.14285714285714285,0.0,,0.47712125471966244
Nazaré,2020-06-07,3,0,0,0,0.14285714285714285,0.0,,0.47712125471966244
Nazaré,2020-06-08,4,1,0,0,0.14285714285714285,0.0,,0.6020599913279624
Nazaré,2020-06-09,4,0,0,0,0.14285714285714285,0.0,,0.6020599913279624
Nazaré,2020-06-10,4,0,0,0,0.14285714285714285,0.0,,0.6020599913279624
Nazaré,2020-06-11,6,2,0,0,0.21428571428571427,0.0,,0.7781512503836436
Nazaré,2020-06-12,4,-2,0,0,0.07142857142857142,0.0,,0.6020599913279624
Nazaré,2020-06-13,6,2,0,0,0.2857142857142857,0.0,,0.7781512503836436
Nazaré,2020-06-14,6,0,0,0,0.2857142857142857,0.0,,0.7781512503836436
Nazaré,2020-06-15,6,0,0,0,0.2857142857142857,0.0,,0.7781512503836436
Nazaré,2020-06-16,6,0,0,0,0.2857142857142857,0.0,,0.7781512503836436
Nazaré,2020-06-17,8,2,0,0,0.42857142857142855,0.0,,0.9030899869919435
Nazaré,2020-06-18,12,4,1,1,0.6428571428571429,0.07142857142857142,inf,1.0791812460476249
Nazaré,2020-06-19,16,4,2,1,0.9285714285714286,0.14285714285714285,inf,1.2041199826559248
Nazaré,2020-06-20,17,1,2,0,1.0,0.14285714285714285,inf,1.2304489213782739
Nazaré,2020-06-21,18,1,2,0,1.0714285714285714,0.14285714285714285,inf,1.255272505103306
Nazaré,2020-06-22,19,1,2,0,1.0714285714285714,0.14285714285714285,inf,1.2787536009528289
Nazaré,2020-06-23,21,2,2,0,1.2142857142857142,0.14285714285714285,inf,1.3222192947339193
Nazaré,2020-06-24,23,2,9,7,1.3571428571428572,0.6428571428571429,inf,1.3617278360175928
Nazaré,2020-06-25,25,2,2,-7,1.3571428571428572,0.14285714285714285,inf,1.3979400086720377
Nazaré,2020-06-26,28,3,2,0,1.7142857142857142,0.14285714285714285,inf,1.4471580313422192
Nazaré,2020-06-27,28,0,2,0,1.5714285714285714,0.14285714285714285,inf,1.4471580313422192
Nazaré,2020-06-28,28,0,2,0,1.5714285714285714,0.14285714285714285,inf,1.4471580313422192
Nazaré,2020-06-29,28,0,2,0,1.5714285714285714,0.14285714285714285,inf,1.4471580313422192
Nazaré,2020-06-30,31,3,2,0,1.7857142857142858,0.14285714285714285,inf,1.4913616938342726
Nazaré,2020-07-01,32,1,2,0,1.7142857142857142,0.14285714285714285,inf,1.505149978319906
Nazaré,2020-07-02,32,0,0,-2,1.4285714285714286,-0.07142857142857142,-2.0,1.505149978319906
Nazaré,2020-07-03,32,0,0,0,1.1428571428571428,-0.14285714285714285,-2.0,1.505149978319906
Nazaré,2020-07-04,32,0,2,2,1.0714285714285714,0.0,-1.0,1.505149978319906
Nazaré,2020-07-05,32,0,2,0,1.0,0.0,-1.0,1.505149978319906
Nazaré,2020-07-06,32,0,2,0,0.9285714285714286,0.0,-1.0,1.505149978319906
Nazaré,2020-07-07,32,0,2,0,0.7857142857142857,0.0,-1.0,1.505149978319906
Nazaré,2020-07-08,32,0,2,0,0.6428571428571429,-0.5,-1.7777777777777775,1.505149978319906
Nazaré,2020-07-09,32,0,2,0,0.5,0.0,-1.0,1.505149978319906
Nazaré,2020-07-10,31,-1,2,0,0.21428571428571427,0.0,-1.0,1.4913616938342726
Nazaré,2020-07-11,43,12,2,0,1.0714285714285714,0.0,-1.0,1.6334684555795866
Nazaré,2020-07-12,44,1,2,0,1.1428571428571428,0.0,-1.0,1.6434526764861874
Nazaré,2020-07-13,44,0,2,0,1.1428571428571428,0.0,-1.0,1.6434526764861874
Nazaré,2020-07-14,50,6,2,0,1.3571428571428572,0.0,-1.0,1.6989700043360187
Nazaré,2020-07-15,50,0,2,0,1.2857142857142858,0.0,-1.0,1.6989700043360187
Nazaré,2020-07-16,51,1,2,0,1.3571428571428572,0.14285714285714285,-3.0,1.7075701760979363
Nazaré,2020-07-17,51,0,2,0,1.3571428571428572,0.14285714285714285,-2.0,1.7075701760979363
Nazaré,2020-07-18,53,2,2,0,1.5,0.0,,1.7242758696007892
Nazaré,2020-07-19,53,0,2,0,1.5,0.0,,1.7242758696007892
Nazaré,2020-07-20,53,0,2,0,1.5,0.0,,1.7242758696007892
Nazaré,2020-07-21,56,3,2,0,1.7142857142857142,0.0,,1.7481880270062005
Nazaré,2020-07-22,63,7,2,0,2.2142857142857144,0.0,-1.0,1.7993405494535817
Nazaré,2020-07-23,67,4,2,0,2.5,0.0,,1.8260748027008264
Nazaré,2020-07-24,71,4,2,0,2.857142857142857,0.0,,1.8512583487190752
Nazaré,2020-07-25,77,6,2,0,2.4285714285714284,0.0,,1.8864907251724818
Nazaré,2020-07-26,78,1,2,0,2.4285714285714284,0.0,,1.8920946026904804
Nazaré,2020-07-27,78,0,2,0,2.4285714285714284,0.0,,1.8920946026904804
Nazaré,2020-07-28,84,6,2,0,2.4285714285714284,0.0,,1.9242792860618816
Nazaré,2020-07-29,96,12,2,0,3.2857142857142856,0.0,,1.9822712330395684
Nazaré,2020-07-30,98,2,2,0,3.357142857142857,0.0,-1.0,1.9912260756924949
Nazaré,2020-07-31,98,0,2,0,3.357142857142857,0.0,-1.0,1.9912260756924949
Nazaré,2020-08-01,98,0,2,0,3.2142857142857144,0.0,,1.9912260756924949
Nazaré,2020-08-02,104,6,2,0,3.642857142857143,0.0,,2.0170333392987803
Nazaré,2020-08-03,104,0,2,0,3.642857142857143,0.0,,2.0170333392987803
Nazaré,2020-08-04,109,5,2,0,3.7857142857142856,0.0,,2.037426497940624
Nazaré,2020-08-05,109,0,2,0,3.2857142857142856,0.0,,2.037426497940624
Nazaré,2020-08-06,110,1,2,0,3.0714285714285716,0.0,,2.041392685158225
Nazaré,2020-08-07,110,0,2,0,2.7857142857142856,0.0,,2.041392685158225
Nazaré,2020-08-08,114,4,2,0,2.642857142857143,0.0,,2.0569048513364727
Nazaré,2020-08-09,114,0,2,0,2.5714285714285716,0.0,,2.0569048513364727
Nazaré,2020-08-10,114,0,2,0,2.5714285714285716,0.0,,2.0569048513364727
Nazaré,2020-08-11,115,1,2,0,2.2142857142857144,0.0,,2.060697840353612
Nazaré,2020-08-12,117,2,2,0,1.5,0.0,,2.0681858617461617
Nazaré,2020-08-13,119,2,2,0,1.5,0.0,,2.075546961392531
Nazaré,2020-08-14,122,3,2,0,1.7142857142857142,0.0,,2.0863598306747484
Nazaré,2020-08-15,125,3,2,0,1.9285714285714286,0.0,,2.0969100130080562
Nazaré,2020-08-16,125,0,2,0,1.5,0.0,,2.0969100130080562
Nazaré,2020-08-17,125,0,2,0,1.5,0.0,,2.0969100130080562
Nazaré,2020-08-18,127,2,2,0,1.2857142857142858,0.0,,2.103803720955957
Nazaré,2020-08-19,127,0,2,0,1.2857142857142858,0.0,,2.103803720955957
Nazaré,2020-08-20,129,2,2,0,1.3571428571428572,0.0,,2.110589710299249
Nazaré,2020-08-21,130,1,2,0,1.4285714285714286,0.0,,2.113943352306837
Nazaré,2020-08-22,133,3,2,0,1.3571428571428572,0.0,,2.123851640967086
Nazaré,2020-08-23,133,0,3,1,1.3571428571428572,0.07142857142857142,inf,2.123851640967086
Nazaré,2020-08-24,133,0,3,0,1.3571428571428572,0.07142857142857142,inf,2.123851640967086
Nazaré,2020-08-25,135,2,3,0,1.4285714285714286,0.07142857142857142,inf,2.130333768495006
Nazaré,2020-08-26,136,1,3,0,1.3571428571428572,0.07142857142857142,inf,2.1335389083702174
Nazaré,2020-08-27,136,0,3,0,1.2142857142857142,0.07142857142857142,inf,2.1335389083702174
Nazaré,2020-08-28,139,3,3,0,1.2142857142857142,0.07142857142857142,inf,2.143014800254095
Nazaré,2020-08-29,145,6,3,0,1.4285714285714286,0.07142857142857142,inf,2.161368002234975
Nazaré,2020-08-30,145,0,3,0,1.4285714285714286,0.07142857142857142,inf,2.161368002234975
Nazaré,2020-08-31,145,0,3,0,1.4285714285714286,0.07142857142857142,inf,2.161368002234975
Nazaré,2020-09-01,147,2,3,0,1.4285714285714286,0.07142857142857142,inf,2.167317334748176
Nazaré,2020-09-02,148,1,3,0,1.5,0.07142857142857142,inf,2.1702617153949575
Nazaré,2020-09-03,148,0,3,0,1.3571428571428572,0.07142857142857142,inf,2.1702617153949575
Nazaré,2020-09-04,151,3,3,0,1.5,0.07142857142857142,inf,2.1789769472931693
Nazaré,2020-09-05,160,9,3,0,1.9285714285714286,0.07142857142857142,inf,2.204119982655925
Nazaré,2020-09-06,160,0,3,0,1.9285714285714286,0.0,-1.0,2.204119982655925
Nazaré,2020-09-07,160,0,3,0,1.9285714285714286,0.0,-1.0,2.204119982655925
Nazaré,2020-09-08,161,1,3,0,1.8571428571428572,0.0,-1.0,2.2068258760318495
Nazaré,2020-09-09,163,2,3,0,1.9285714285714286,0.0,-1.0,2.2121876044039577
Nazaré,2020-09-10,167,4,4,1,2.2142857142857144,0.07142857142857142,0.0,2.2227164711475833
Nazaré,2020-09-11,168,1,4,0,2.0714285714285716,0.07142857142857142,0.0,2.225309281725863
Nazaré,2020-09-12,172,4,4,0,1.9285714285714286,0.07142857142857142,0.0,2.2355284469075487
Nazaré,2020-09-13,172,0,4,0,1.9285714285714286,0.07142857142857142,0.0,2.2355284469075487
Nazaré,2020-09-14,172,0,4,0,1.9285714285714286,0.07142857142857142,0.0,2.2355284469075487
Nazaré,2020-09-15,180,8,4,0,2.357142857142857,0.07142857142857142,0.0,2.255272505103306
Nazaré,2020-09-16,181,1,4,0,2.357142857142857,0.07142857142857142,0.0,2.2576785748691846
Nazaré,2020-09-17,184,3,4,0,2.5714285714285716,0.07142857142857142,0.0,2.2648178230095364
Nazaré,2020-09-18,186,2,4,0,2.5,0.07142857142857142,0.0,2.2695129442179165
Nazaré,2020-09-19,186,0,4,0,1.8571428571428572,0.07142857142857142,0.0,2.2695129442179165
Nazaré,2020-09-20,186,0,4,0,1.8571428571428572,0.07142857142857142,inf,2.2695129442179165
Nazaré,2020-09-21,185,-1,4,0,1.7857142857142858,0.07142857142857142,inf,2.2671717284030137
Nazaré,2020-09-22,188,3,4,0,1.9285714285714286,0.07142857142857142,inf,2.27415784926368
Nazaré,2020-09-23,193,5,4,0,2.142857142857143,0.07142857142857142,inf,2.285557309007774
Nazaré,2020-09-24,194,1,4,0,1.9285714285714286,0.0,-1.0,2.287801729930226
Nazaré,2020-09-25,194,0,4,0,1.8571428571428572,0.0,-1.0,2.287801729930226
Nazaré,2020-09-26,195,1,4,0,1.6428571428571428,0.0,-1.0,2.290034611362518
Nazaré,2020-09-27,195,0,4,0,1.6428571428571428,0.0,-1.0,2.290034611362518
Nazaré,2020-09-28,195,0,4,0,1.6428571428571428,0.0,-1.0,2.290034611362518
Nazaré,2020-09-29,198,3,4,0,1.2857142857142858,0.0,-1.0,2.296665190261531
Nazaré,2020-09-30,201,3,4,0,1.4285714285714286,0.0,-1.0,2.303196057420489
Nazaré,2020-10-01,201,0,4,0,1.2142857142857142,0.0,-1.0,2.303196057420489
Nazaré,2020-10-02,204,3,4,0,1.2857142857142858,0.0,-1.0,2.3096301674258988
Nazaré,2020-10-03,206,2,4,0,1.4285714285714286,0.0,-1.0,2.3138672203691533
Nazaré,2020-10-04,206,0,4,0,1.4285714285714286,0.0,-1.0,2.3138672203691533
Nazaré,2020-10-05,206,0,4,0,1.5,0.0,-1.0,2.3138672203691533
Nazaré,2020-10-06,206,0,4,0,1.2857142857142858,0.0,-1.0,2.3138672203691533
Nazaré,2020-10-07,208,2,4,0,1.0714285714285714,0.0,-1.0,2.3180633349627615
Nazaré,2020-10-08,208,0,4,0,1.0,0.0,,2.3180633349627615
Nazaré,2020-10-09,211,3,4,0,1.2142857142857142,0.0,,2.3242824552976926
Nazaré,2020-10-10,211,0,4,0,1.1428571428571428,0.0,,2.3242824552976926
Nazaré,2020-10-11,211,0,4,0,1.1428571428571428,0.0,,2.3242824552976926
Nazaré,2020-10-12,211,0,4,0,1.1428571428571428,0.0,,2.3242824552976926
Nazaré,2020-10-13,211,0,4,0,0.9285714285714286,0.0,,2.3242824552976926
Nazaré,2020-10-14,211,0,4,0,0.7142857142857143,0.0,,2.3242824552976926
Nazaré,2020-10-15,212,1,4,0,0.7857142857142857,0.0,,2.3263358609287517
Nazaré,2020-10-16,212,0,4,0,0.5714285714285714,0.0,,2.3263358609287517
Nazaré,2020-10-17,213,1,5,1,0.5,0.07142857142857142,inf,2.3283796034387376
Nazaré,2020-10-18,213,0,5,0,0.5,0.07142857142857142,inf,2.3283796034387376
Nazaré,2020-10-19,213,0,5,0,0.5,0.07142857142857142,inf,2.3283796034387376
Nazaré,2020-10-20,214,1,5,0,0.5714285714285714,0.07142857142857142,inf,2.330413773349191
Nazaré,2020-10-21,215,1,5,0,0.5,0.07142857142857142,inf,2.3324384599156054
Nazaré,2020-10-22,215,0,5,0,0.5,0.07142857142857142,inf,2.3324384599156054
Nazaré,2020-10-23,215,0,5,0,0.2857142857142857,0.07142857142857142,inf,2.3324384599156054
Nazaré,2020-10-24,215,0,5,0,0.2857142857142857,0.07142857142857142,inf,2.3324384599156054
Nazaré,2020-10-25,215,0,5,0,0.2857142857142857,0.07142857142857142,inf,2.3324384599156054
Nazaré,2020-10-26,215,0,5,0,0.2857142857142857,0.07142857142857142,inf,2.3324384599156054
Nazaré,2020-10-27,215,0,5,0,0.2857142857142857,0.07142857142857142,inf,2.3324384599156054
Nazaré,2020-10-28,215,0,5,0,0.2857142857142857,0.07142857142857142,inf,2.3324384599156054
Nazaré,2020-10-29,215,0,5,0,0.21428571428571427,0.07142857142857142,inf,2.3324384599156054
Nazaré,2020-10-30,215,0,5,0,0.21428571428571427,0.07142857142857142,inf,2.3324384599156054
Nazaré,2020-10-31,215,0,5,0,0.14285714285714285,0.0,-1.0,2.3324384599156054
Nazaré,2020-11-01,215,0,5,0,0.14285714285714285,0.0,-1.0,2.3324384599156054
Nazaré,2020-11-02,215,0,5,0,0.14285714285714285,0.0,-1.0,2.3324384599156054
Nazaré,2020-11-03,215,0,5,0,0.07142857142857142,0.0,-1.0,2.3324384599156054
Nazaré,2020-11-04,215,0,5,0,0.0,0.0,-1.0,2.3324384599156054
Nazaré,2020-11-05,215,0,5,0,0.0,0.0,-1.0,2.3324384599156054
Nazaré,2020-11-06,215,0,5,0,0.0,0.0,-1.0,2.3324384599156054
Nazaré,2020-11-07,215,0,5,0,0.0,0.0,-1.0,2.3324384599156054
Nazaré,2020-11-08,215,0,5,0,0.0,0.0,-1.0,2.3324384599156054
Nazaré,2020-11-09,215,0,5,0,0.0,0.0,-1.0,2.3324384599156054
Nazaré,2020-11-10,215,0,5,0,0.0,0.0,-1.0,2.3324384599156054
Nazaré,2020-11-11,210,-5,5,0,-0.35714285714285715,0.0,-1.0,2.322219294733919
Nazaré,2020-11-12,210,0,5,0,-0.35714285714285715,0.0,-1.0,2.322219294733919
Nazaré,2020-11-13,210,0,5,0,-0.35714285714285715,0.0,-1.0,2.322219294733919
Nazaré,2020-11-14,210,0,5,0,-0.35714285714285715,0.0,,2.322219294733919
Nazaré,2020-11-15,210,0,5,0,-0.35714285714285715,0.0,,2.322219294733919
Nazaré,2020-11-16,210,0,5,0,-0.35714285714285715,0.0,,2.322219294733919
Nazaré,2020-11-17,210,0,5,0,-0.35714285714285715,0.0,,2.322219294733919
Nazaré,2020-11-18,210,0,5,0,-0.35714285714285715,0.0,,2.322219294733919
Nazaré,2020-11-19,210,0,5,0,-0.35714285714285715,0.0,,2.322219294733919
Nazaré,2020-11-20,210,0,5,0,-0.35714285714285715,0.0,,2.322219294733919
Nazaré,2020-11-21,210,0,5,0,-0.35714285714285715,0.0,,2.322219294733919
Nazaré,2020-11-22,210,0,5,0,-0.35714285714285715,0.0,,2.322219294733919
Nazaré,2020-11-23,210,0,5,0,-0.35714285714285715,0.0,,2.322219294733919
Nazaré,2020-11-24,211,1,5,0,-0.2857142857142857,0.0,,2.3242824552976926
Nazaré,2020-11-25,211,0,5,0,0.07142857142857142,0.0,,2.3242824552976926
Nazaré,2020-11-26,211,0,5,0,0.07142857142857142,0.0,,2.3242824552976926
Nazaré,2020-11-27,213,2,5,0,0.21428571428571427,0.0,,2.3283796034387376
Nazaré,2020-11-28,216,3,5,0,0.42857142857142855,0.0,,2.3344537511509307
Nazaré,2020-11-29,220,4,5,0,0.7142857142857143,0.0,,2.342422680822206
Nazaré,2020-11-30,221,1,5,0,0.7857142857142857,0.0,,2.3443922736851106
Nazaré,2020-12-01,221,0,5,0,0.7857142857142857,0.0,,2.3443922736851106
Nazaré,2020-12-02,221,0,5,0,0.7857142857142857,0.0,,2.3443922736851106
Nazaré,2020-12-03,222,1,5,0,0.8571428571428571,0.0,,2.346352974450639
Nazaré,2020-12-04,226,4,5,0,1.1428571428571428,0.0,,2.3541084391474008
Nazaré,2020-12-05,227,1,5,0,1.2142857142857142,0.0,,2.3560258571931225
Nazaré,2020-12-06,227,0,5,0,1.2142857142857142,0.0,,2.3560258571931225
Nazaré,2020-12-07,227,0,5,0,1.2142857142857142,0.0,,2.3560258571931225
Nazaré,2020-12-08,235,8,5,0,1.7142857142857142,0.0,,2.3710678622717363
Nazaré,2020-12-09,236,1,5,0,1.7857142857142858,0.0,,2.3729120029701067
Nazaré,2020-12-10,237,1,5,0,1.8571428571428572,0.0,,2.374748346010104
Nazaré,2020-12-11,243,6,5,0,2.142857142857143,0.0,,2.385606273598312
Nazaré,2020-12-12,243,0,5,0,1.9285714285714286,0.0,,2.385606273598312
Nazaré,2020-12-13,243,0,5,0,1.6428571428571428,0.0,,2.385606273598312
Nazaré,2020-12-14,243,0,5,0,1.5714285714285714,0.0,,2.385606273598312
Nazaré,2020-12-15,249,6,5,0,2.0,0.0,,2.3961993470957363
Nazaré,2020-12-16,249,0,5,0,2.0,0.0,,2.3961993470957363
Nazaré,2020-12-17,251,2,5,0,2.0714285714285716,0.0,,2.399673721481038
Nazaré,2020-12-18,251,0,5,0,1.7857142857142858,0.0,,2.399673721481038
Nazaré,2020-12-19,252,1,5,0,1.7857142857142858,0.0,,2.401400540781544
Nazaré,2020-12-20,252,0,5,0,1.7857142857142858,0.0,,2.401400540781544
Nazaré,2020-12-21,252,0,5,0,1.7857142857142858,0.0,,2.401400540781544
Nazaré,2020-12-22,257,5,5,0,1.5714285714285714,0.0,,2.4099331233312946
Nazaré,2020-12-23,257,0,5,0,1.5,0.0,,2.4099331233312946
Nazaré,2020-12-24,257,0,5,0,1.4285714285714286,0.0,,2.4099331233312946
Nazaré,2020-12-25,263,6,5,0,1.4285714285714286,0.0,,2.419955748489758
Nazaré,2020-12-26,263,0,5,0,1.4285714285714286,0.0,,2.419955748489758
Nazaré,2020-12-27,263,0,5,0,1.4285714285714286,0.0,,2.419955748489758
Nazaré,2020-12-28,269,6,5,0,1.8571428571428572,0.0,,2.429752280002408
Nazaré,2020-12-29,269,0,5,0,1.4285714285714286,0.0,,2.429752280002408
Nazaré,2020-12-30,269,0,5,0,1.4285714285714286,0.0,,2.429752280002408
Nazaré,2020-12-31,269,0,5,0,1.2857142857142858,0.0,,2.429752280002408
Nazaré,2021-01-01,270,1,5,0,1.3571428571428572,0.0,,2.4313637641589874
Nazaré,2021-01-02,270,0,5,0,1.2857142857142858,0.0,,2.4313637641589874
Nazaré,2021-01-03,270,0,5,0,1.2857142857142858,0.0,,2.4313637641589874
Nazaré,2021-01-04,270,0,5,0,1.2857142857142858,0.0,,2.4313637641589874
Nazaré,2021-01-05,276,6,5,0,1.3571428571428572,0.0,,2.4409090820652177
Nazaré,2021-01-06,278,2,5,0,1.5,0.0,,2.444044795918076
Nazaré,2021-01-07,278,0,5,0,1.5,0.0,,2.444044795918076
Nazaré,2021-01-08,278,0,5,0,1.0714285714285714,0.0,,2.444044795918076
Nazaré,2021-01-09,279,1,5,0,1.1428571428571428,0.0,,2.4456042032735974
Nazaré,2021-01-10,279,0,5,0,1.1428571428571428,0.0,,2.4456042032735974
Nazaré,2021-01-11,279,0,5,0,0.7142857142857143,0.0,,2.4456042032735974
Nazaré,2021-01-12,285,6,5,0,1.1428571428571428,0.0,,2.45484486000851
Nazaré,2021-01-13,285,0,5,0,1.1428571428571428,0.0,,2.45484486000851
Nazaré,2021-01-14,286,1,5,0,1.2142857142857142,0.0,,2.456366033129043
Nazaré,2021-01-15,287,1,5,0,1.2142857142857142,0.0,,2.4578818967339924
Nazaré,2021-01-16,287,0,5,0,1.2142857142857142,0.0,,2.4578818967339924
Nazaré,2021-01-17,287,0,5,0,1.2142857142857142,0.0,,2.4578818967339924
Nazaré,2021-01-18,287,0,5,0,1.2142857142857142,0.0,,2.4578818967339924
Nazaré,2021-01-19,289,2,5,0,0.9285714285714286,0.0,,2.4608978427565478
Nazaré,2021-01-20,289,0,5,0,0.7857142857142857,0.0,,2.4608978427565478
Nova Olinda,2020-03-27,0,0,0,0,,,,0.0
Nova Olinda,2020-03-28,0,0,0,0,,,,0.0
Nova Olinda,2020-03-29,0,0,0,0,,,,0.0
Nova Olinda,2020-03-30,0,0,0,0,,,,0.0
Nova Olinda,2020-03-31,0,0,0,0,,,,0.0
Nova Olinda,2020-04-01,0,0,0,0,,,,0.0
Nova Olinda,2020-04-02,0,0,0,0,,,,0.0
Nova Olinda,2020-04-03,0,0,0,0,,,,0.0
Nova Olinda,2020-04-04,0,0,0,0,,,,0.0
Nova Olinda,2020-04-05,0,0,0,0,,,,0.0
Nova Olinda,2020-04-06,0,0,0,0,,,,0.0
Nova Olinda,2020-04-07,0,0,0,0,,,,0.0
Nova Olinda,2020-04-08,0,0,0,0,,,,0.0
Nova Olinda,2020-04-09,0,0,0,0,0.0,0.0,,0.0
Nova Olinda,2020-04-10,0,0,0,0,0.0,0.0,,0.0
Nova Olinda,2020-04-11,0,0,0,0,0.0,0.0,,0.0
Nova Olinda,2020-04-12,0,0,0,0,0.0,0.0,,0.0
Nova Olinda,2020-04-13,0,0,0,0,0.0,0.0,,0.0
Nova Olinda,2020-04-14,0,0,0,0,0.0,0.0,,0.0
Nova Olinda,2020-04-15,0,0,0,0,0.0,0.0,,0.0
Nova Olinda,2020-04-16,0,0,0,0,0.0,0.0,,0.0
Nova Olinda,2020-04-17,0,0,0,0,0.0,0.0,,0.0
Nova Olinda,2020-04-18,0,0,0,0,0.0,0.0,,0.0
Nova Olinda,2020-04-19,0,0,0,0,0.0,0.0,,0.0
Nova Olinda,2020-04-20,0,0,0,0,0.0,0.0,,0.0
Nova Olinda,2020-04-21,0,0,0,0,0.0,0.0,,0.0
Nova Olinda,2020-04-22,0,0,0,0,0.0,0.0,,0.0
Nova Olinda,2020-04-23,0,0,0,0,0.0,0.0,,0.0
Nova Olinda,2020-04-24,0,0,0,0,0.0,0.0,,0.0
Nova Olinda,2020-04-25,0,0,0,0,0.0,0.0,,0.0
Nova Olinda,2020-04-26,0,0,0,0,0.0,0.0,,0.0
Nova Olinda,2020-04-27,0,0,0,0,0.0,0.0,,0.0
Nova Olinda,2020-04-28,0,0,0,0,0.0,0.0,,0.0
Nova Olinda,2020-04-29,0,0,0,0,0.0,0.0,,0.0
Nova Olinda,2020-04-30,1,1,0,0,0.07142857142857142,0.0,,0.0
Nova Olinda,2020-05-01,1,0,0,0,0.07142857142857142,0.0,,0.0
Nova Olinda,2020-05-02,1,0,0,0,0.07142857142857142,0.0,,0.0
Nova Olinda,2020-05-03,1,0,0,0,0.07142857142857142,0.0,,0.0
Nova Olinda,2020-05-04,1,0,0,0,0.07142857142857142,0.0,,0.0
Nova Olinda,2020-05-05,1,0,0,0,0.07142857142857142,0.0,,0.0
Nova Olinda,2020-05-06,5,4,0,0,0.35714285714285715,0.0,,0.6989700043360189
Nova Olinda,2020-05-07,8,3,0,0,0.5714285714285714,0.0,,0.9030899869919435
Nova Olinda,2020-05-08,8,0,0,0,0.5714285714285714,0.0,,0.9030899869919435
Nova Olinda,2020-05-09,10,2,0,0,0.7142857142857143,0.0,,1.0
Nova Olinda,2020-05-10,12,2,0,0,0.8571428571428571,0.0,,1.0791812460476249
Nova Olinda,2020-05-11,12,0,0,0,0.8571428571428571,0.0,,1.0791812460476249
Nova Olinda,2020-05-12,13,1,0,0,0.9285714285714286,0.0,,1.1139433523068367
Nova Olinda,2020-05-13,29,16,0,0,2.0714285714285716,0.0,,1.462397997898956
Nova Olinda,2020-05-14,32,3,0,0,2.2142857142857144,0.0,,1.505149978319906
Nova Olinda,2020-05-15,32,0,0,0,2.2142857142857144,0.0,,1.505149978319906
Nova Olinda,2020-05-16,41,9,0,0,2.857142857142857,0.0,,1.6127838567197355
Nova Olinda,2020-05-17,41,0,0,0,2.857142857142857,0.0,,1.6127838567197355
Nova Olinda,2020-05-18,47,6,0,0,3.2857142857142856,0.0,,1.6720978579357175
Nova Olinda,2020-05-19,45,-2,0,0,3.142857142857143,0.0,,1.6532125137753437
Nova Olinda,2020-05-20,54,9,0,0,3.5,0.0,,1.7323937598229686
Nova Olinda,2020-05-21,54,0,0,0,3.2857142857142856,0.0,,1.7323937598229686
Nova Olinda,2020-05-22,65,11,0,0,4.071428571428571,0.0,,1.8129133566428555
Nova Olinda,2020-05-23,66,1,1,1,4.0,0.07142857142857142,inf,1.8195439355418688
Nova Olinda,2020-05-24,71,5,1,0,4.214285714285714,0.07142857142857142,inf,1.8512583487190752
Nova Olinda,2020-05-25,71,0,1,0,4.214285714285714,0.07142857142857142,inf,1.8512583487190752
Nova Olinda,2020-05-26,76,5,1,0,4.5,0.07142857142857142,inf,1.8808135922807914
Nova Olinda,2020-05-27,87,11,2,1,4.142857142857143,0.14285714285714285,inf,1.9395192526186185
Nova Olinda,2020-05-28,87,0,2,0,3.9285714285714284,0.14285714285714285,inf,1.9395192526186185
Nova Olinda,2020-05-29,96,9,2,0,4.571428571428571,0.14285714285714285,inf,1.9822712330395684
Nova Olinda,2020-05-30,105,9,2,0,4.571428571428571,0.14285714285714285,inf,2.0211892990699383
Nova Olinda,2020-05-31,113,8,2,0,5.142857142857143,0.14285714285714285,inf,2.05307844348342
Nova Olinda,2020-06-01,118,5,2,0,5.071428571428571,0.14285714285714285,inf,2.0718820073061255
Nova Olinda,2020-06-02,119,1,2,0,5.285714285714286,0.14285714285714285,inf,2.075546961392531
Nova Olinda,2020-06-03,119,0,2,0,4.642857142857143,0.14285714285714285,inf,2.075546961392531
Nova Olinda,2020-06-04,129,10,2,0,5.357142857142857,0.14285714285714285,inf,2.110589710299249
Nova Olinda,2020-06-05,143,14,2,0,5.571428571428571,0.14285714285714285,inf,2.155336037465062
Nova Olinda,2020-06-06,158,15,3,1,6.571428571428571,0.14285714285714285,1.0,2.1986570869544226
Nova Olinda,2020-06-07,158,0,3,0,6.214285714285714,0.14285714285714285,1.0,2.1986570869544226
Nova Olinda,2020-06-08,162,4,4,1,6.5,0.21428571428571427,2.0,2.2095150145426308
Nova Olinda,2020-06-09,162,0,5,1,6.142857142857143,0.2857142857142857,3.0,2.2095150145426308
Nova Olinda,2020-06-10,164,2,5,0,5.5,0.21428571428571427,0.5,2.214843848047698
Nova Olinda,2020-06-11,166,2,5,0,5.642857142857143,0.21428571428571427,0.5,2.220108088040055
Nova Olinda,2020-06-12,179,13,5,0,5.928571428571429,0.21428571428571427,0.5,2.2528530309798933
Nova Olinda,2020-06-13,179,0,5,0,5.285714285714286,0.21428571428571427,0.5,2.2528530309798933
Nova Olinda,2020-06-14,179,0,5,0,4.714285714285714,0.21428571428571427,0.5,2.2528530309798933
Nova Olinda,2020-06-15,179,0,6,1,4.357142857142857,0.2857142857142857,1.0,2.2528530309798933
Nova Olinda,2020-06-16,180,1,6,0,4.357142857142857,0.2857142857142857,1.0,2.255272505103306
Nova Olinda,2020-06-17,183,3,6,0,4.571428571428571,0.2857142857142857,1.0,2.2624510897304293
Nova Olinda,2020-06-18,194,11,6,0,4.642857142857143,0.2857142857142857,1.0,2.287801729930226
Nova Olinda,2020-06-19,199,5,7,1,4.0,0.35714285714285715,1.5000000000000002,2.298853076409707
Nova Olinda,2020-06-20,203,4,7,0,3.2142857142857144,0.2857142857142857,1.0,2.307496037913213
Nova Olinda,2020-06-21,203,0,7,0,3.2142857142857144,0.2857142857142857,1.0,2.307496037913213
Nova Olinda,2020-06-22,203,0,9,2,2.9285714285714284,0.35714285714285715,0.6666666666666669,2.307496037913213
Nova Olinda,2020-06-23,203,0,9,0,2.9285714285714284,0.2857142857142857,0.0,2.307496037913213
Nova Olinda,2020-06-24,213,10,0,-9,3.5,-0.35714285714285715,-2.6666666666666665,2.3283796034387376
Nova Olinda,2020-06-25,213,0,9,9,3.357142857142857,0.2857142857142857,0.3333333333333333,2.3283796034387376
Nova Olinda,2020-06-26,213,0,9,0,2.4285714285714284,0.2857142857142857,0.3333333333333333,2.3283796034387376
Nova Olinda,2020-06-27,215,2,10,1,2.5714285714285716,0.35714285714285715,0.6666666666666669,2.3324384599156054
Nova Olinda,2020-06-28,215,0,10,0,2.5714285714285716,0.35714285714285715,0.6666666666666669,2.3324384599156054
Nova Olinda,2020-06-29,216,1,10,0,2.642857142857143,0.2857142857142857,0.0,2.3344537511509307
Nova Olinda,2020-06-30,216,0,10,0,2.5714285714285716,0.2857142857142857,0.0,2.3344537511509307
Nova Olinda,2020-07-01,218,2,10,0,2.5,0.2857142857142857,0.0,2.3384564936046046
Nova Olinda,2020-07-02,218,0,10,0,1.7142857142857142,0.2857142857142857,0.0,2.3384564936046046
Nova Olinda,2020-07-03,218,0,10,0,1.3571428571428572,0.21428571428571427,-0.4,2.3384564936046046
Nova Olinda,2020-07-04,219,1,10,0,1.1428571428571428,0.21428571428571427,-0.25,2.3404441148401185
Nova Olinda,2020-07-05,219,0,10,0,1.1428571428571428,0.21428571428571427,-0.25,2.3404441148401185
Nova Olinda,2020-07-06,219,0,10,0,1.1428571428571428,0.07142857142857142,-0.7999999999999999,2.3404441148401185
Nova Olinda,2020-07-07,219,0,10,0,1.1428571428571428,0.07142857142857142,-0.75,2.3404441148401185
Nova Olinda,2020-07-08,222,3,10,0,0.6428571428571429,0.7142857142857143,-3.0,2.346352974450639
Nova Olinda,2020-07-09,226,4,10,0,0.9285714285714286,0.07142857142857142,-0.75,2.3541084391474008
Nova Olinda,2020-07-10,231,5,10,0,1.2857142857142858,0.07142857142857142,-0.75,2.3636119798921444
Nova Olinda,2020-07-11,232,1,10,0,1.2142857142857142,0.0,-1.0,2.3654879848909
Nova Olinda,2020-07-12,232,0,10,0,1.2142857142857142,0.0,-1.0,2.3654879848909
Nova Olinda,2020-07-13,233,1,10,0,1.2142857142857142,0.0,-1.0,2.367355921026019
Nova Olinda,2020-07-14,236,3,10,0,1.4285714285714286,0.0,-1.0,2.3729120029701067
Nova Olinda,2020-07-15,236,0,10,0,1.2857142857142858,0.0,-1.0,2.3729120029701067
Nova Olinda,2020-07-16,236,0,10,0,1.2857142857142858,0.0,-1.0,2.3729120029701067
Nova Olinda,2020-07-17,236,0,10,0,1.2857142857142858,0.0,-1.0,2.3729120029701067
Nova Olinda,2020-07-18,236,0,10,0,1.2142857142857142,0.0,-1.0,2.3729120029701067
Nova Olinda,2020-07-19,237,1,10,0,1.2857142857142858,0.0,-1.0,2.374748346010104
Nova Olinda,2020-07-20,237,0,10,0,1.2857142857142858,0.0,-1.0,2.374748346010104
Nova Olinda,2020-07-21,237,0,10,0,1.2857142857142858,0.0,-1.0,2.374748346010104
Nova Olinda,2020-07-22,237,0,10,0,1.0714285714285714,0.0,-1.0,2.374748346010104
Nova Olinda,2020-07-23,238,1,10,0,0.8571428571428571,0.0,-1.0,2.376576957056512
Nova Olinda,2020-07-24,239,1,10,0,0.5714285714285714,0.0,-1.0,2.3783979009481375
Nova Olinda,2020-07-25,239,0,10,0,0.5,0.0,,2.3783979009481375
Nova Olinda,2020-07-26,243,4,10,0,0.7857142857142857,0.0,,2.385606273598312
Nova Olinda,2020-07-27,243,0,10,0,0.7142857142857143,0.0,,2.385606273598312
Nova Olinda,2020-07-28,243,0,10,0,0.5,0.0,,2.385606273598312
Nova Olinda,2020-07-29,243,0,10,0,0.5,0.0,,2.385606273598312
Nova Olinda,2020-07-30,247,4,10,0,0.7857142857142857,0.0,,2.392696953259666
Nova Olinda,2020-07-31,248,1,10,0,0.8571428571428571,0.0,,2.3944516808262164
Nova Olinda,2020-08-01,248,0,10,0,0.8571428571428571,0.0,,2.3944516808262164
Nova Olinda,2020-08-02,252,4,10,0,1.0714285714285714,0.0,,2.401400540781544
Nova Olinda,2020-08-03,252,0,10,0,1.0714285714285714,0.0,,2.401400540781544
Nova Olinda,2020-08-04,254,2,10,0,1.2142857142857142,0.0,,2.404833716619938
Nova Olinda,2020-08-05,255,1,10,0,1.2857142857142858,0.0,,2.406540180433955
Nova Olinda,2020-08-06,256,1,10,0,1.2857142857142858,0.0,,2.4082399653118496
Nova Olinda,2020-08-07,259,3,10,0,1.4285714285714286,0.0,,2.413299764081252
Nova Olinda,2020-08-08,259,0,10,0,1.4285714285714286,0.0,,2.413299764081252
Nova Olinda,2020-08-09,259,0,10,0,1.1428571428571428,0.0,,2.413299764081252
Nova Olinda,2020-08-10,262,3,10,0,1.3571428571428572,0.0,,2.4183012913197452
Nova Olinda,2020-08-11,271,9,10,0,2.0,0.0,,2.432969290874406
Nova Olinda,2020-08-12,270,-1,10,0,1.9285714285714286,0.0,,2.4313637641589874
Nova Olinda,2020-08-13,276,6,10,0,2.0714285714285716,0.0,,2.4409090820652177
Nova Olinda,2020-08-14,278,2,10,0,2.142857142857143,0.0,,2.444044795918076
Nova Olinda,2020-08-15,278,0,10,0,2.142857142857143,0.0,,2.444044795918076
Nova Olinda,2020-08-16,278,0,10,0,1.8571428571428572,0.0,,2.444044795918076
Nova Olinda,2020-08-17,289,11,10,0,2.642857142857143,0.0,,2.4608978427565478
Nova Olinda,2020-08-18,289,0,10,0,2.5,0.0,,2.4608978427565478
Nova Olinda,2020-08-19,290,1,10,0,2.5,0.0,,2.462397997898956
Nova Olinda,2020-08-20,291,1,10,0,2.5,0.0,,2.4638929889859074
Nova Olinda,2020-08-21,300,9,10,0,2.9285714285714284,0.0,,2.4771212547196626
Nova Olinda,2020-08-22,302,2,10,0,3.0714285714285716,0.0,,2.4800069429571505
Nova Olinda,2020-08-23,304,2,10,0,3.2142857142857144,0.0,,2.482873583608754
Nova Olinda,2020-08-24,305,1,10,0,3.0714285714285716,0.0,,2.484299839346786
Nova Olinda,2020-08-25,305,0,10,0,2.4285714285714284,0.0,,2.484299839346786
Nova Olinda,2020-08-26,308,3,10,0,2.7142857142857144,0.0,,2.4885507165004443
Nova Olinda,2020-08-27,313,5,10,0,2.642857142857143,0.0,,2.4955443375464483
Nova Olinda,2020-08-28,316,3,10,0,2.7142857142857144,0.0,,2.499687082618404
Nova Olinda,2020-08-29,329,13,10,0,3.642857142857143,0.0,,2.5171958979499744
Nova Olinda,2020-08-30,338,9,10,0,4.285714285714286,0.0,,2.5289167002776547
Nova Olinda,2020-08-31,346,8,10,0,4.071428571428571,0.0,,2.5390760987927767
Nova Olinda,2020-09-01,351,5,10,0,4.428571428571429,0.0,,2.545307116465824
Nova Olinda,2020-09-02,352,1,10,0,4.428571428571429,0.0,,2.546542663478131
Nova Olinda,2020-09-03,354,2,11,1,4.5,0.07142857142857142,inf,2.5490032620257876
Nova Olinda,2020-09-04,354,0,12,1,3.857142857142857,0.14285714285714285,inf,2.5490032620257876
Nova Olinda,2020-09-05,369,15,12,0,4.785714285714286,0.14285714285714285,inf,2.56702636615906
Nova Olinda,2020-09-06,369,0,12,0,4.642857142857143,0.14285714285714285,inf,2.56702636615906
Nova Olinda,2020-09-07,369,0,12,0,4.571428571428571,0.14285714285714285,inf,2.56702636615906
Nova Olinda,2020-09-08,386,17,12,0,5.785714285714286,0.14285714285714285,inf,2.586587304671755
Nova Olinda,2020-09-09,391,5,12,0,5.928571428571429,0.14285714285714285,inf,2.5921767573958667
Nova Olinda,2020-09-10,392,1,12,0,5.642857142857143,0.14285714285714285,inf,2.593286067020457
Nova Olinda,2020-09-11,391,-1,12,0,5.357142857142857,0.14285714285714285,inf,2.5921767573958667
Nova Olinda,2020-09-12,402,11,13,1,5.214285714285714,0.21428571428571427,inf,2.60422605308447
Nova Olinda,2020-09-13,402,0,14,1,4.571428571428571,0.2857142857142857,inf,2.60422605308447
Nova Olinda,2020-09-14,402,0,14,0,4.0,0.2857142857142857,inf,2.60422605308447
Nova Olinda,2020-09-15,404,2,14,0,3.7857142857142856,0.2857142857142857,inf,2.606381365110605
Nova Olinda,2020-09-16,404,0,14,0,3.7142857142857144,0.2857142857142857,inf,2.606381365110605
Nova Olinda,2020-09-17,376,-28,14,0,1.5714285714285714,0.21428571428571427,2.0,2.575187844927661
Nova Olinda,2020-09-18,377,1,14,0,1.6428571428571428,0.14285714285714285,0.0,2.576341350205793
Nova Olinda,2020-09-19,383,6,15,1,1.0,0.21428571428571427,0.5,2.583198773968623
Nova Olinda,2020-09-20,384,1,15,0,1.0714285714285714,0.21428571428571427,0.5,2.584331224367531
Nova Olinda,2020-09-21,385,1,15,0,1.1428571428571428,0.21428571428571427,0.5,2.5854607295085006
Nova Olinda,2020-09-22,387,2,16,1,0.07142857142857142,0.2857142857142857,1.0,2.5877109650189114
Nova Olinda,2020-09-23,386,-1,16,0,-0.35714285714285715,0.2857142857142857,1.0,2.586587304671755
Nova Olinda,2020-09-24,391,5,16,0,-0.07142857142857142,0.2857142857142857,1.0,2.5921767573958667
Nova Olinda,2020-09-25,391,0,16,0,0.0,0.2857142857142857,1.0,2.5921767573958667
Nova Olinda,2020-09-26,393,2,16,0,-0.6428571428571429,0.21428571428571427,0.0,2.5943925503754266
Nova Olinda,2020-09-27,393,0,16,0,-0.6428571428571429,0.14285714285714285,-0.5,2.5943925503754266
Nova Olinda,2020-09-28,393,0,16,0,-0.6428571428571429,0.14285714285714285,-0.5,2.5943925503754266
Nova Olinda,2020-09-29,417,24,16,0,0.9285714285714286,0.14285714285714285,-0.5,2.6201360549737576
Nova Olinda,2020-09-30,421,4,16,0,1.2142857142857142,0.14285714285714285,-0.5,2.6242820958356683
Nova Olinda,2020-10-01,423,2,16,0,3.357142857142857,0.14285714285714285,-0.3333333333333333,2.6263403673750423
Nova Olinda,2020-10-02,426,3,17,1,3.5,0.21428571428571427,0.5,2.629409599102719
Nova Olinda,2020-10-03,425,-1,17,0,3.0,0.14285714285714285,-0.3333333333333333,2.6283889300503116
Nova Olinda,2020-10-04,425,0,17,0,2.9285714285714284,0.14285714285714285,-0.3333333333333333,2.6283889300503116
Nova Olinda,2020-10-05,425,0,17,0,2.857142857142857,0.14285714285714285,-0.3333333333333333,2.6283889300503116
Nova Olinda,2020-10-06,425,0,17,0,2.7142857142857144,0.07142857142857142,-0.75,2.6283889300503116
Nova Olinda,2020-10-07,425,0,17,0,2.7857142857142856,0.07142857142857142,-0.75,2.6283889300503116
Nova Olinda,2020-10-08,422,-3,17,0,2.2142857142857144,0.07142857142857142,-0.75,2.625312450961674
Nova Olinda,2020-10-09,422,0,17,0,2.2142857142857144,0.07142857142857142,-0.75,2.625312450961674
Nova Olinda,2020-10-10,422,0,17,0,2.0714285714285716,0.07142857142857142,-0.6666666666666666,2.625312450961674
Nova Olinda,2020-10-11,422,0,17,0,2.0714285714285716,0.07142857142857142,-0.5,2.625312450961674
Nova Olinda,2020-10-12,422,0,17,0,2.0714285714285716,0.07142857142857142,-0.5,2.625312450961674
Nova Olinda,2020-10-13,422,0,17,0,0.35714285714285715,0.07142857142857142,-0.5,2.625312450961674
Nova Olinda,2020-10-14,422,0,17,0,0.07142857142857142,0.07142857142857142,-0.5,2.625312450961674
Nova Olinda,2020-10-15,422,0,17,0,-0.07142857142857142,0.07142857142857142,-0.5,2.625312450961674
Nova Olinda,2020-10-16,421,-1,17,0,-0.35714285714285715,0.0,-1.0,2.6242820958356683
Nova Olinda,2020-10-17,421,0,17,0,-0.2857142857142857,0.0,-1.0,2.6242820958356683
Nova Olinda,2020-10-18,421,0,17,0,-0.2857142857142857,0.0,-1.0,2.6242820958356683
Nova Olinda,2020-10-19,421,0,17,0,-0.2857142857142857,0.0,-1.0,2.6242820958356683
Nova Olinda,2020-10-20,421,0,17,0,-0.2857142857142857,0.0,-1.0,2.6242820958356683
Nova Olinda,2020-10-21,423,2,17,0,-0.14285714285714285,0.0,-1.0,2.6263403673750423
Nova Olinda,2020-10-22,423,0,17,0,0.07142857142857142,0.0,-1.0,2.6263403673750423
Nova Olinda,2020-10-23,429,6,17,0,0.5,0.0,-1.0,2.632457292184724
Nova Olinda,2020-10-24,429,0,17,0,0.5,0.0,-1.0,2.632457292184724
Nova Olinda,2020-10-25,429,0,17,0,0.5,0.0,-1.0,2.632457292184724
Nova Olinda,2020-10-26,429,0,17,0,0.5,0.0,-1.0,2.632457292184724
Nova Olinda,2020-10-27,429,0,18,1,0.5,0.07142857142857142,0.0,2.632457292184724
Nova Olinda,2020-10-28,429,0,18,0,0.5,0.07142857142857142,0.0,2.632457292184724
Nova Olinda,2020-10-29,429,0,18,0,0.5,0.07142857142857142,0.0,2.632457292184724
Nova Olinda,2020-10-30,429,0,18,0,0.5714285714285714,0.07142857142857142,inf,2.632457292184724
Nova Olinda,2020-10-31,429,0,18,0,0.5714285714285714,0.07142857142857142,inf,2.632457292184724
Nova Olinda,2020-11-01,429,0,18,0,0.5714285714285714,0.07142857142857142,inf,2.632457292184724
Nova Olinda,2020-11-02,430,1,18,0,0.6428571428571429,0.07142857142857142,inf,2.6334684555795866
Nova Olinda,2020-11-03,430,0,18,0,0.6428571428571429,0.07142857142857142,inf,2.6334684555795866
Nova Olinda,2020-11-04,430,0,18,0,0.5,0.07142857142857142,inf,2.6334684555795866
Nova Olinda,2020-11-05,430,0,18,0,0.5,0.07142857142857142,inf,2.6334684555795866
Nova Olinda,2020-11-06,431,1,18,0,0.14285714285714285,0.07142857142857142,inf,2.6344772701607315
Nova Olinda,2020-11-07,432,1,18,0,0.21428571428571427,0.07142857142857142,inf,2.635483746814912
Nova Olinda,2020-11-08,436,4,18,0,0.5,0.07142857142857142,inf,2.639486489268586
Nova Olinda,2020-11-09,436,0,18,0,0.5,0.07142857142857142,inf,2.639486489268586
Nova Olinda,2020-11-10,439,3,18,0,0.7142857142857143,0.0,-1.0,2.6424645202421213
Nova Olinda,2020-11-11,439,0,18,0,0.7142857142857143,0.0,-1.0,2.6424645202421213
Nova Olinda,2020-11-12,440,1,18,0,0.7857142857142857,0.0,-1.0,2.6434526764861874
Nova Olinda,2020-11-13,443,3,18,0,1.0,0.0,-1.0,2.6464037262230695
Nova Olinda,2020-11-14,443,0,18,0,1.0,0.0,-1.0,2.6464037262230695
Nova Olinda,2020-11-15,442,-1,18,0,0.9285714285714286,0.0,-1.0,2.645422269349092
Nova Olinda,2020-11-16,442,0,18,0,0.8571428571428571,0.0,-1.0,2.645422269349092
Nova Olinda,2020-11-17,443,1,18,0,0.9285714285714286,0.0,-1.0,2.6464037262230695
Nova Olinda,2020-11-18,443,0,18,0,0.9285714285714286,0.0,-1.0,2.6464037262230695
Nova Olinda,2020-11-19,443,0,18,0,0.9285714285714286,0.0,-1.0,2.6464037262230695
Nova Olinda,2020-11-20,444,1,18,0,0.9285714285714286,0.0,-1.0,2.6473829701146196
Nova Olinda,2020-11-21,446,2,18,0,1.0,0.0,-1.0,2.649334858712142
Nova Olinda,2020-11-22,446,0,18,0,0.7142857142857143,0.0,-1.0,2.649334858712142
Nova Olinda,2020-11-23,446,0,18,0,0.7142857142857143,0.0,-1.0,2.649334858712142
Nova Olinda,2020-11-24,450,4,18,0,0.7857142857142857,0.0,,2.6532125137753435
Nova Olinda,2020-11-25,450,0,18,0,0.7857142857142857,0.0,,2.6532125137753435
Nova Olinda,2020-11-26,451,1,18,0,0.7857142857142857,0.0,,2.6541765418779604
Nova Olinda,2020-11-27,451,0,18,0,0.5714285714285714,0.0,,2.6541765418779604
Nova Olinda,2020-11-28,451,0,18,0,0.5714285714285714,0.0,,2.6541765418779604
Nova Olinda,2020-11-29,452,1,18,0,0.7142857142857143,0.0,,2.655138434811382
Nova Olinda,2020-11-30,454,2,18,0,0.8571428571428571,0.0,,2.6570558528571038
Nova Olinda,2020-12-01,462,8,18,0,1.3571428571428572,0.0,,2.6646419755561257
Nova Olinda,2020-12-02,463,1,18,0,1.4285714285714286,0.0,,2.6655809910179533
Nova Olinda,2020-12-03,463,0,18,0,1.4285714285714286,0.0,,2.6655809910179533
Nova Olinda,2020-12-04,465,2,18,0,1.5,0.0,,2.667452952889954
Nova Olinda,2020-12-05,465,0,18,0,1.3571428571428572,0.0,,2.667452952889954
Nova Olinda,2020-12-06,465,0,18,0,1.3571428571428572,0.0,,2.667452952889954
Nova Olinda,2020-12-07,465,0,18,0,1.3571428571428572,0.0,,2.667452952889954
Nova Olinda,2020-12-08,466,1,18,0,1.1428571428571428,0.0,,2.66838591669
Nova Olinda,2020-12-09,469,3,18,0,1.3571428571428572,0.0,,2.6711728427150834
Nova Olinda,2020-12-10,471,2,18,0,1.4285714285714286,0.0,,2.673020907128896
Nova Olinda,2020-12-11,472,1,18,0,1.5,0.0,,2.673941998634088
Nova Olinda,2020-12-12,472,0,18,0,1.5,0.0,,2.673941998634088
Nova Olinda,2020-12-13,472,0,18,0,1.4285714285714286,0.0,,2.673941998634088
Nova Olinda,2020-12-14,476,4,18,0,1.5714285714285714,0.0,,2.677606952720493
Nova Olinda,2020-12-15,476,0,18,0,1.0,0.0,,2.677606952720493
Nova Olinda,2020-12-16,476,0,18,0,0.9285714285714286,0.0,,2.677606952720493
Nova Olinda,2020-12-17,480,4,18,0,1.2142857142857142,0.0,,2.681241237375587
Nova Olinda,2020-12-18,491,11,18,0,1.8571428571428572,0.0,,2.6910814921229687
Nova Olinda,2020-12-19,492,1,18,0,1.9285714285714286,0.0,,2.6919651027673606
Nova Olinda,2020-12-20,492,0,18,0,1.9285714285714286,0.0,,2.6919651027673606
Nova Olinda,2020-12-21,492,0,18,0,1.9285714285714286,0.0,,2.6919651027673606
Nova Olinda,2020-12-22,494,2,18,0,2.0,0.0,,2.693726948923647
Nova Olinda,2020-12-23,495,1,18,0,1.8571428571428572,0.0,,2.694605198933569
Nova Olinda,2020-12-24,495,0,18,0,1.7142857142857142,0.0,,2.694605198933569
Nova Olinda,2020-12-25,495,0,18,0,1.6428571428571428,0.0,,2.694605198933569
Nova Olinda,2020-12-26,495,0,18,0,1.6428571428571428,0.0,,2.694605198933569
Nova Olinda,2020-12-27,495,0,18,0,1.6428571428571428,0.0,,2.694605198933569
Nova Olinda,2020-12-28,497,2,18,0,1.5,0.0,,2.6963563887333324
Nova Olinda,2020-12-29,499,2,18,0,1.6428571428571428,0.0,,2.6981005456233897
Nova Olinda,2020-12-30,499,0,18,0,1.6428571428571428,0.0,,2.6981005456233897
Nova Olinda,2020-12-31,500,1,18,0,1.4285714285714286,0.0,,2.6989700043360187
Nova Olinda,2021-01-01,500,0,18,0,0.6428571428571429,0.0,,2.6989700043360187
Nova Olinda,2021-01-02,500,0,18,0,0.5714285714285714,0.0,,2.6989700043360187
Nova Olinda,2021-01-03,500,0,18,0,0.5714285714285714,0.0,,2.6989700043360187
Nova Olinda,2021-01-04,500,0,18,0,0.5714285714285714,0.0,,2.6989700043360187
Nova Olinda,2021-01-05,500,0,18,0,0.42857142857142855,0.0,,2.6989700043360187
Nova Olinda,2021-01-06,504,4,18,0,0.6428571428571429,0.0,,2.7024305364455254
Nova Olinda,2021-01-07,507,3,18,0,0.8571428571428571,0.0,,2.705007959333336
Nova Olinda,2021-01-08,507,0,18,0,0.8571428571428571,0.0,,2.705007959333336
Nova Olinda,2021-01-09,507,0,18,0,0.8571428571428571,0.0,,2.705007959333336
Nova Olinda,2021-01-10,507,0,18,0,0.8571428571428571,0.0,,2.705007959333336
Nova Olinda,2021-01-11,507,0,18,0,0.7142857142857143,0.0,,2.705007959333336
Nova Olinda,2021-01-12,508,1,18,0,0.6428571428571429,0.0,,2.7058637122839193
Nova Olinda,2021-01-13,509,1,18,0,0.7142857142857143,0.0,,2.7067177823367587
Nova Olinda,2021-01-14,511,2,19,1,0.7857142857142857,0.07142857142857142,inf,2.708420900134713
Nova Olinda,2021-01-15,511,0,19,0,0.7857142857142857,0.07142857142857142,inf,2.708420900134713
Nova Olinda,2021-01-16,515,4,19,0,1.0714285714285714,0.07142857142857142,inf,2.711807229041191
Nova Olinda,2021-01-17,515,0,19,0,1.0714285714285714,0.07142857142857142,inf,2.711807229041191
Nova Olinda,2021-01-18,515,0,19,0,1.0714285714285714,0.07142857142857142,inf,2.711807229041191
Nova Olinda,2021-01-19,515,0,19,0,1.0714285714285714,0.07142857142857142,inf,2.711807229041191
Nova Olinda,2021-01-20,515,0,19,0,0.7857142857142857,0.07142857142857142,inf,2.711807229041191
Nova Rosalândia,2020-03-27,0,0,0,0,,,,0.0
Nova Rosalândia,2020-03-28,0,0,0,0,,,,0.0
Nova Rosalândia,2020-03-29,0,0,0,0,,,,0.0
Nova Rosalândia,2020-03-30,0,0,0,0,,,,0.0
Nova Rosalândia,2020-03-31,0,0,0,0,,,,0.0
Nova Rosalândia,2020-04-01,0,0,0,0,,,,0.0
Nova Rosalândia,2020-04-02,0,0,0,0,,,,0.0
Nova Rosalândia,2020-04-03,0,0,0,0,,,,0.0
Nova Rosalândia,2020-04-04,0,0,0,0,,,,0.0
Nova Rosalândia,2020-04-05,0,0,0,0,,,,0.0
Nova Rosalândia,2020-04-06,0,0,0,0,,,,0.0
Nova Rosalândia,2020-04-07,0,0,0,0,,,,0.0
Nova Rosalândia,2020-04-08,0,0,0,0,,,,0.0
Nova Rosalândia,2020-04-09,0,0,0,0,0.0,0.0,,0.0
Nova Rosalândia,2020-04-10,0,0,0,0,0.0,0.0,,0.0
Nova Rosalândia,2020-04-11,0,0,0,0,0.0,0.0,,0.0
Nova Rosalândia,2020-04-12,0,0,0,0,0.0,0.0,,0.0
Nova Rosalândia,2020-04-13,0,0,0,0,0.0,0.0,,0.0
Nova Rosalândia,2020-04-14,0,0,0,0,0.0,0.0,,0.0
Nova Rosalândia,2020-04-15,0,0,0,0,0.0,0.0,,0.0
Nova Rosalândia,2020-04-16,0,0,0,0,0.0,0.0,,0.0
Nova Rosalândia,2020-04-17,0,0,0,0,0.0,0.0,,0.0
Nova Rosalândia,2020-04-18,0,0,0,0,0.0,0.0,,0.0
Nova Rosalândia,2020-04-19,0,0,0,0,0.0,0.0,,0.0
Nova Rosalândia,2020-04-20,0,0,0,0,0.0,0.0,,0.0
Nova Rosalândia,2020-04-21,0,0,0,0,0.0,0.0,,0.0
Nova Rosalândia,2020-04-22,0,0,0,0,0.0,0.0,,0.0
Nova Rosalândia,2020-04-23,0,0,0,0,0.0,0.0,,0.0
Nova Rosalândia,2020-04-24,0,0,0,0,0.0,0.0,,0.0
Nova Rosalândia,2020-04-25,0,0,0,0,0.0,0.0,,0.0
Nova Rosalândia,2020-04-26,0,0,0,0,0.0,0.0,,0.0
Nova Rosalândia,2020-04-27,0,0,0,0,0.0,0.0,,0.0
Nova Rosalândia,2020-04-28,0,0,0,0,0.0,0.0,,0.0
Nova Rosalândia,2020-04-29,0,0,0,0,0.0,0.0,,0.0
Nova Rosalândia,2020-04-30,0,0,0,0,0.0,0.0,,0.0
Nova Rosalândia,2020-05-01,0,0,0,0,0.0,0.0,,0.0
Nova Rosalândia,2020-05-02,0,0,0,0,0.0,0.0,,0.0
Nova Rosalândia,2020-05-03,0,0,0,0,0.0,0.0,,0.0
Nova Rosalândia,2020-05-04,0,0,0,0,0.0,0.0,,0.0
Nova Rosalândia,2020-05-05,0,0,0,0,0.0,0.0,,0.0
Nova Rosalândia,2020-05-06,0,0,0,0,0.0,0.0,,0.0
Nova Rosalândia,2020-05-07,1,1,0,0,0.07142857142857142,0.0,,0.0
Nova Rosalândia,2020-05-08,1,0,0,0,0.07142857142857142,0.0,,0.0
Nova Rosalândia,2020-05-09,1,0,0,0,0.07142857142857142,0.0,,0.0
Nova Rosalândia,2020-05-10,1,0,0,0,0.07142857142857142,0.0,,0.0
Nova Rosalândia,2020-05-11,1,0,0,0,0.07142857142857142,0.0,,0.0
Nova Rosalândia,2020-05-12,1,0,0,0,0.07142857142857142,0.0,,0.0
Nova Rosalândia,2020-05-13,1,0,0,0,0.07142857142857142,0.0,,0.0
Nova Rosalândia,2020-05-14,1,0,0,0,0.07142857142857142,0.0,,0.0
Nova Rosalândia,2020-05-15,1,0,0,0,0.07142857142857142,0.0,,0.0
Nova Rosalândia,2020-05-16,1,0,0,0,0.07142857142857142,0.0,,0.0
Nova Rosalândia,2020-05-17,1,0,0,0,0.07142857142857142,0.0,,0.0
Nova Rosalândia,2020-05-18,1,0,0,0,0.07142857142857142,0.0,,0.0
Nova Rosalândia,2020-05-19,1,0,0,0,0.07142857142857142,0.0,,0.0
Nova Rosalândia,2020-05-20,2,1,0,0,0.14285714285714285,0.0,,0.3010299956639812
Nova Rosalândia,2020-05-21,1,-1,0,0,0.0,0.0,,0.0
Nova Rosalândia,2020-05-22,1,0,0,0,0.0,0.0,,0.0
Nova Rosalândia,2020-05-23,1,0,0,0,0.0,0.0,,0.0
Nova Rosalândia,2020-05-24,1,0,0,0,0.0,0.0,,0.0
Nova Rosalândia,2020-05-25,1,0,0,0,0.0,0.0,,0.0
Nova Rosalândia,2020-05-26,1,0,0,0,0.0,0.0,,0.0
Nova Rosalândia,2020-05-27,1,0,0,0,0.0,0.0,,0.0
Nova Rosalândia,2020-05-28,1,0,0,0,0.0,0.0,,0.0
Nova Rosalândia,2020-05-29,2,1,0,0,0.07142857142857142,0.0,,0.3010299956639812
Nova Rosalândia,2020-05-30,2,0,0,0,0.07142857142857142,0.0,,0.3010299956639812
Nova Rosalândia,2020-05-31,3,1,0,0,0.14285714285714285,0.0,,0.47712125471966244
Nova Rosalândia,2020-06-01,3,0,0,0,0.14285714285714285,0.0,,0.47712125471966244
Nova Rosalândia,2020-06-02,3,0,0,0,0.14285714285714285,0.0,,0.47712125471966244
Nova Rosalândia,2020-06-03,6,3,0,0,0.2857142857142857,0.0,,0.7781512503836436
Nova Rosalândia,2020-06-04,6,0,0,0,0.35714285714285715,0.0,,0.7781512503836436
Nova Rosalândia,2020-06-05,7,1,0,0,0.42857142857142855,0.0,,0.8450980400142568
Nova Rosalândia,2020-06-06,7,0,0,0,0.42857142857142855,0.0,,0.8450980400142568
Nova Rosalândia,2020-06-07,7,0,0,0,0.42857142857142855,0.0,,0.8450980400142568
Nova Rosalândia,2020-06-08,7,0,0,0,0.42857142857142855,0.0,,0.8450980400142568
Nova Rosalândia,2020-06-09,7,0,0,0,0.42857142857142855,0.0,,0.8450980400142568
Nova Rosalândia,2020-06-10,7,0,0,0,0.42857142857142855,0.0,,0.8450980400142568
Nova Rosalândia,2020-06-11,7,0,0,0,0.42857142857142855,0.0,,0.8450980400142568
Nova Rosalândia,2020-06-12,7,0,0,0,0.35714285714285715,0.0,,0.8450980400142568
Nova Rosalândia,2020-06-13,8,1,0,0,0.42857142857142855,0.0,,0.9030899869919435
Nova Rosalândia,2020-06-14,8,0,0,0,0.35714285714285715,0.0,,0.9030899869919435
Nova Rosalândia,2020-06-15,8,0,0,0,0.35714285714285715,0.0,,0.9030899869919435
Nova Rosalândia,2020-06-16,8,0,0,0,0.35714285714285715,0.0,,0.9030899869919435
Nova Rosalândia,2020-06-17,8,0,0,0,0.14285714285714285,0.0,,0.9030899869919435
Nova Rosalândia,2020-06-18,8,0,0,0,0.14285714285714285,0.0,,0.9030899869919435
Nova Rosalândia,2020-06-19,8,0,0,0,0.07142857142857142,0.0,,0.9030899869919435
Nova Rosalândia,2020-06-20,8,0,0,0,0.07142857142857142,0.0,,0.9030899869919435
Nova Rosalândia,2020-06-21,8,0,0,0,0.07142857142857142,0.0,,0.9030899869919435
Nova Rosalândia,2020-06-22,8,0,0,0,0.07142857142857142,0.0,,0.9030899869919435
Nova Rosalândia,2020-06-23,8,0,0,0,0.07142857142857142,0.0,,0.9030899869919435
Nova Rosalândia,2020-06-24,8,0,0,0,0.07142857142857142,0.0,,0.9030899869919435
Nova Rosalândia,2020-06-25,8,0,0,0,0.07142857142857142,0.0,,0.9030899869919435
Nova Rosalândia,2020-06-26,8,0,0,0,0.07142857142857142,0.0,,0.9030899869919435
Nova Rosalândia,2020-06-27,9,1,0,0,0.07142857142857142,0.0,,0.9542425094393249
Nova Rosalândia,2020-06-28,9,0,0,0,0.07142857142857142,0.0,,0.9542425094393249
Nova Rosalândia,2020-06-29,9,0,0,0,0.07142857142857142,0.0,,0.9542425094393249
Nova Rosalândia,2020-06-30,10,1,0,0,0.14285714285714285,0.0,,1.0
Nova Rosalândia,2020-07-01,10,0,0,0,0.14285714285714285,0.0,,1.0
Nova Rosalândia,2020-07-02,10,0,0,0,0.14285714285714285,0.0,,1.0
Nova Rosalândia,2020-07-03,10,0,0,0,0.14285714285714285,0.0,,1.0
Nova Rosalândia,2020-07-04,10,0,0,0,0.14285714285714285,0.0,,1.0
Nova Rosalândia,2020-07-05,11,1,0,0,0.21428571428571427,0.0,,1.041392685158225
Nova Rosalândia,2020-07-06,10,-1,0,0,0.14285714285714285,0.0,,1.0
Nova Rosalândia,2020-07-07,10,0,0,0,0.14285714285714285,0.0,,1.0
Nova Rosalândia,2020-07-08,10,0,0,0,0.14285714285714285,0.0,,1.0
Nova Rosalândia,2020-07-09,10,0,0,0,0.14285714285714285,0.0,,1.0
Nova Rosalândia,2020-07-10,12,2,0,0,0.2857142857142857,0.0,,1.0791812460476249
Nova Rosalândia,2020-07-11,13,1,0,0,0.2857142857142857,0.0,,1.1139433523068367
Nova Rosalândia,2020-07-12,12,-1,0,0,0.21428571428571427,0.0,,1.0791812460476249
Nova Rosalândia,2020-07-13,12,0,0,0,0.21428571428571427,0.0,,1.0791812460476249
Nova Rosalândia,2020-07-14,12,0,0,0,0.14285714285714285,0.0,,1.0791812460476249
Nova Rosalândia,2020-07-15,12,0,0,0,0.14285714285714285,0.0,,1.0791812460476249
Nova Rosalândia,2020-07-16,12,0,0,0,0.14285714285714285,0.0,,1.0791812460476249
Nova Rosalândia,2020-07-17,12,0,0,0,0.14285714285714285,0.0,,1.0791812460476249
Nova Rosalândia,2020-07-18,12,0,0,0,0.14285714285714285,0.0,,1.0791812460476249
Nova Rosalândia,2020-07-19,14,2,0,0,0.21428571428571427,0.0,,1.146128035678238
Nova Rosalândia,2020-07-20,15,1,0,0,0.35714285714285715,0.0,,1.1760912590556813
Nova Rosalândia,2020-07-21,16,1,0,0,0.42857142857142855,0.0,,1.2041199826559248
Nova Rosalândia,2020-07-22,16,0,0,0,0.42857142857142855,0.0,,1.2041199826559248
Nova Rosalândia,2020-07-23,16,0,0,0,0.42857142857142855,0.0,,1.2041199826559248
Nova Rosalândia,2020-07-24,16,0,0,0,0.2857142857142857,0.0,,1.2041199826559248
Nova Rosalândia,2020-07-25,17,1,0,0,0.2857142857142857,0.0,,1.2304489213782739
Nova Rosalândia,2020-07-26,17,0,0,0,0.35714285714285715,0.0,,1.2304489213782739
Nova Rosalândia,2020-07-27,17,0,0,0,0.35714285714285715,0.0,,1.2304489213782739
Nova Rosalândia,2020-07-28,18,1,0,0,0.42857142857142855,0.0,,1.255272505103306
Nova Rosalândia,2020-07-29,19,1,0,0,0.5,0.0,,1.2787536009528289
Nova Rosalândia,2020-07-30,19,0,0,0,0.5,0.0,,1.2787536009528289
Nova Rosalândia,2020-07-31,20,1,0,0,0.5714285714285714,0.0,,1.3010299956639813
Nova Rosalândia,2020-08-01,20,0,0,0,0.5714285714285714,0.0,,1.3010299956639813
Nova Rosalândia,2020-08-02,20,0,0,0,0.42857142857142855,0.0,,1.3010299956639813
Nova Rosalândia,2020-08-03,20,0,0,0,0.35714285714285715,0.0,,1.3010299956639813
Nova Rosalândia,2020-08-04,20,0,0,0,0.2857142857142857,0.0,,1.3010299956639813
Nova Rosalândia,2020-08-05,25,5,0,0,0.6428571428571429,0.0,,1.3979400086720377
Nova Rosalândia,2020-08-06,25,0,1,1,0.6428571428571429,0.07142857142857142,inf,1.3979400086720377
Nova Rosalândia,2020-08-07,26,1,1,0,0.7142857142857143,0.07142857142857142,inf,1.414973347970818
Nova Rosalândia,2020-08-08,27,1,1,0,0.7142857142857143,0.07142857142857142,inf,1.4313637641589874
Nova Rosalândia,2020-08-09,27,0,1,0,0.7142857142857143,0.07142857142857142,inf,1.4313637641589874
Nova Rosalândia,2020-08-10,27,0,1,0,0.7142857142857143,0.07142857142857142,inf,1.4313637641589874
Nova Rosalândia,2020-08-11,27,0,1,0,0.6428571428571429,0.07142857142857142,inf,1.4313637641589874
Nova Rosalândia,2020-08-12,29,2,1,0,0.7142857142857143,0.07142857142857142,inf,1.462397997898956
Nova Rosalândia,2020-08-13,29,0,1,0,0.7142857142857143,0.07142857142857142,inf,1.462397997898956
Nova Rosalândia,2020-08-14,28,-1,1,0,0.5714285714285714,0.07142857142857142,inf,1.4471580313422192
Nova Rosalândia,2020-08-15,28,0,1,0,0.5714285714285714,0.07142857142857142,inf,1.4471580313422192
Nova Rosalândia,2020-08-16,28,0,1,0,0.5714285714285714,0.07142857142857142,inf,1.4471580313422192
Nova Rosalândia,2020-08-17,36,8,1,0,1.1428571428571428,0.07142857142857142,inf,1.5563025007672873
Nova Rosalândia,2020-08-18,38,2,1,0,1.2857142857142858,0.07142857142857142,inf,1.5797835966168101
Nova Rosalândia,2020-08-19,41,3,1,0,1.1428571428571428,0.07142857142857142,inf,1.6127838567197355
Nova Rosalândia,2020-08-20,44,3,1,0,1.3571428571428572,0.0,-1.0,1.6434526764861874
Nova Rosalândia,2020-08-21,45,1,1,0,1.3571428571428572,0.0,-1.0,1.6532125137753437
Nova Rosalândia,2020-08-22,46,1,1,0,1.3571428571428572,0.0,-1.0,1.662757831681574
Nova Rosalândia,2020-08-23,48,2,1,0,1.5,0.0,-1.0,1.6812412373755872
Nova Rosalândia,2020-08-24,51,3,1,0,1.7142857142857142,0.0,-1.0,1.7075701760979363
Nova Rosalândia,2020-08-25,55,4,1,0,2.0,0.0,-1.0,1.7403626894942439
Nova Rosalândia,2020-08-26,58,3,1,0,2.0714285714285716,0.0,-1.0,1.7634279935629373
Nova Rosalândia,2020-08-27,58,0,1,0,2.0714285714285716,0.0,-1.0,1.7634279935629373
Nova Rosalândia,2020-08-28,60,2,1,0,2.2857142857142856,0.0,-1.0,1.7781512503836436
Nova Rosalândia,2020-08-29,64,4,1,0,2.5714285714285716,0.0,-1.0,1.806179973983887
Nova Rosalândia,2020-08-30,64,0,1,0,2.5714285714285716,0.0,-1.0,1.806179973983887
Nova Rosalândia,2020-08-31,64,0,1,0,2.0,0.0,-1.0,1.806179973983887
Nova Rosalândia,2020-09-01,68,4,1,0,2.142857142857143,0.0,-1.0,1.8325089127062364
Nova Rosalândia,2020-09-02,69,1,1,0,2.0,0.0,-1.0,1.8388490907372552
Nova Rosalândia,2020-09-03,72,3,1,0,2.0,0.0,,1.8573324964312685
Nova Rosalândia,2020-09-04,82,10,1,0,2.642857142857143,0.0,,1.9138138523837167
Nova Rosalândia,2020-09-05,96,14,1,0,3.5714285714285716,0.0,,1.9822712330395684
Nova Rosalândia,2020-09-06,107,11,1,0,4.214285714285714,0.0,,2.0293837776852097
Nova Rosalândia,2020-09-07,107,0,1,0,4.0,0.0,,2.0293837776852097
Nova Rosalândia,2020-09-08,111,4,1,0,4.0,0.0,,2.0453229787866576
Nova Rosalândia,2020-09-09,112,1,1,0,3.857142857142857,0.0,,2.0492180226701815
Nova Rosalândia,2020-09-10,114,2,1,0,4.0,0.0,,2.0569048513364727
Nova Rosalândia,2020-09-11,116,2,2,1,4.0,0.07142857142857142,inf,2.0644579892269186
Nova Rosalândia,2020-09-12,118,2,2,0,3.857142857142857,0.07142857142857142,inf,2.0718820073061255
Nova Rosalândia,2020-09-13,119,1,2,0,3.9285714285714284,0.07142857142857142,inf,2.075546961392531
Nova Rosalândia,2020-09-14,119,0,2,0,3.9285714285714284,0.07142857142857142,inf,2.075546961392531
Nova Rosalândia,2020-09-15,122,3,3,1,3.857142857142857,0.14285714285714285,inf,2.0863598306747484
Nova Rosalândia,2020-09-16,122,0,3,0,3.7857142857142856,0.14285714285714285,inf,2.0863598306747484
Nova Rosalândia,2020-09-17,122,0,3,0,3.5714285714285716,0.14285714285714285,inf,2.0863598306747484
Nova Rosalândia,2020-09-18,123,1,3,0,2.9285714285714284,0.14285714285714285,inf,2.089905111439398
Nova Rosalândia,2020-09-19,124,1,3,0,2.0,0.14285714285714285,inf,2.093421685162235
Nova Rosalândia,2020-09-20,124,0,3,0,1.2142857142857142,0.14285714285714285,inf,2.093421685162235
Nova Rosalândia,2020-09-21,124,0,3,0,1.2142857142857142,0.14285714285714285,inf,2.093421685162235
Nova Rosalândia,2020-09-22,124,0,3,0,0.9285714285714286,0.14285714285714285,inf,2.093421685162235
Nova Rosalândia,2020-09-23,127,3,3,0,1.0714285714285714,0.14285714285714285,inf,2.103803720955957
Nova Rosalândia,2020-09-24,129,2,3,0,1.0714285714285714,0.14285714285714285,inf,2.110589710299249
Nova Rosalândia,2020-09-25,132,3,3,0,1.1428571428571428,0.07142857142857142,0.0,2.12057393120585
Nova Rosalândia,2020-09-26,133,1,4,1,1.0714285714285714,0.14285714285714285,1.0,2.123851640967086
Nova Rosalândia,2020-09-27,133,0,4,0,1.0,0.14285714285714285,1.0,2.123851640967086
Nova Rosalândia,2020-09-28,133,0,4,0,1.0,0.14285714285714285,1.0,2.123851640967086
Nova Rosalândia,2020-09-29,134,1,4,0,0.8571428571428571,0.07142857142857142,-0.5,2.1271047983648077
Nova Rosalândia,2020-09-30,134,0,4,0,0.8571428571428571,0.07142857142857142,-0.5,2.1271047983648077
Nova Rosalândia,2020-10-01,138,4,4,0,1.1428571428571428,0.07142857142857142,-0.5,2.1398790864012365
Nova Rosalândia,2020-10-02,138,0,4,0,1.0714285714285714,0.07142857142857142,-0.5,2.1398790864012365
Nova Rosalândia,2020-10-03,138,0,4,0,1.0,0.07142857142857142,-0.5,2.1398790864012365
Nova Rosalândia,2020-10-04,138,0,4,0,1.0,0.07142857142857142,-0.5,2.1398790864012365
Nova Rosalândia,2020-10-05,138,0,4,0,1.0,0.07142857142857142,-0.5,2.1398790864012365
Nova Rosalândia,2020-10-06,138,0,4,0,1.0,0.07142857142857142,-0.5,2.1398790864012365
Nova Rosalândia,2020-10-07,138,0,4,0,0.7857142857142857,0.07142857142857142,-0.5,2.1398790864012365
Nova Rosalândia,2020-10-08,139,1,4,0,0.7142857142857143,0.07142857142857142,-0.5,2.143014800254095
Nova Rosalândia,2020-10-09,139,0,4,0,0.5,0.07142857142857142,0.0,2.143014800254095
Nova Rosalândia,2020-10-10,140,1,4,0,0.5,0.0,-1.0,2.146128035678238
Nova Rosalândia,2020-10-11,140,0,4,0,0.5,0.0,-1.0,2.146128035678238
Nova Rosalândia,2020-10-12,140,0,4,0,0.5,0.0,-1.0,2.146128035678238
Nova Rosalândia,2020-10-13,140,0,4,0,0.42857142857142855,0.0,-1.0,2.146128035678238
Nova Rosalândia,2020-10-14,140,0,4,0,0.42857142857142855,0.0,-1.0,2.146128035678238
Nova Rosalândia,2020-10-15,140,0,4,0,0.14285714285714285,0.0,-1.0,2.146128035678238
Nova Rosalândia,2020-10-16,141,1,4,0,0.21428571428571427,0.0,-1.0,2.1492191126553797
Nova Rosalândia,2020-10-17,141,0,4,0,0.21428571428571427,0.0,-1.0,2.1492191126553797
Nova Rosalândia,2020-10-18,141,0,4,0,0.21428571428571427,0.0,-1.0,2.1492191126553797
Nova Rosalândia,2020-10-19,141,0,4,0,0.21428571428571427,0.0,-1.0,2.1492191126553797
Nova Rosalândia,2020-10-20,141,0,4,0,0.21428571428571427,0.0,-1.0,2.1492191126553797
Nova Rosalândia,2020-10-21,141,0,4,0,0.21428571428571427,0.0,-1.0,2.1492191126553797
Nova Rosalândia,2020-10-22,142,1,4,0,0.21428571428571427,0.0,-1.0,2.1522883443830563
Nova Rosalândia,2020-10-23,142,0,4,0,0.21428571428571427,0.0,-1.0,2.1522883443830563
Nova Rosalândia,2020-10-24,143,1,4,0,0.21428571428571427,0.0,,2.155336037465062
Nova Rosalândia,2020-10-25,143,0,4,0,0.21428571428571427,0.0,,2.155336037465062
Nova Rosalândia,2020-10-26,143,0,4,0,0.21428571428571427,0.0,,2.155336037465062
Nova Rosalândia,2020-10-27,143,0,4,0,0.21428571428571427,0.0,,2.155336037465062
Nova Rosalândia,2020-10-28,143,0,4,0,0.21428571428571427,0.0,,2.155336037465062
Nova Rosalândia,2020-10-29,143,0,4,0,0.21428571428571427,0.0,,2.155336037465062
Nova Rosalândia,2020-10-30,144,1,4,0,0.21428571428571427,0.0,,2.1583624920952498
Nova Rosalândia,2020-10-31,144,0,4,0,0.21428571428571427,0.0,,2.1583624920952498
Nova Rosalândia,2020-11-01,144,0,4,0,0.21428571428571427,0.0,,2.1583624920952498
Nova Rosalândia,2020-11-02,144,0,4,0,0.21428571428571427,0.0,,2.1583624920952498
Nova Rosalândia,2020-11-03,144,0,4,0,0.21428571428571427,0.0,,2.1583624920952498
Nova Rosalândia,2020-11-04,145,1,4,0,0.2857142857142857,0.0,,2.161368002234975
Nova Rosalândia,2020-11-05,145,0,4,0,0.21428571428571427,0.0,,2.161368002234975
Nova Rosalândia,2020-11-06,145,0,4,0,0.21428571428571427,0.0,,2.161368002234975
Nova Rosalândia,2020-11-07,145,0,4,0,0.14285714285714285,0.0,,2.161368002234975
Nova Rosalândia,2020-11-08,145,0,4,0,0.14285714285714285,0.0,,2.161368002234975
Nova Rosalândia,2020-11-09,145,0,4,0,0.14285714285714285,0.0,,2.161368002234975
Nova Rosalândia,2020-11-10,145,0,4,0,0.14285714285714285,0.0,,2.161368002234975
Nova Rosalândia,2020-11-11,145,0,4,0,0.14285714285714285,0.0,,2.161368002234975
Nova Rosalândia,2020-11-12,145,0,4,0,0.14285714285714285,0.0,,2.161368002234975
Nova Rosalândia,2020-11-13,145,0,4,0,0.07142857142857142,0.0,,2.161368002234975
Nova Rosalândia,2020-11-14,145,0,4,0,0.07142857142857142,0.0,,2.161368002234975
Nova Rosalândia,2020-11-15,145,0,4,0,0.07142857142857142,0.0,,2.161368002234975
Nova Rosalândia,2020-11-16,145,0,4,0,0.07142857142857142,0.0,,2.161368002234975
Nova Rosalândia,2020-11-17,145,0,4,0,0.07142857142857142,0.0,,2.161368002234975
Nova Rosalândia,2020-11-18,145,0,4,0,0.0,0.0,,2.161368002234975
Nova Rosalândia,2020-11-19,146,1,4,0,0.07142857142857142,0.0,,2.164352855784437
Nova Rosalândia,2020-11-20,146,0,4,0,0.07142857142857142,0.0,,2.164352855784437
Nova Rosalândia,2020-11-21,146,0,4,0,0.07142857142857142,0.0,,2.164352855784437
Nova Rosalândia,2020-11-22,146,0,4,0,0.07142857142857142,0.0,,2.164352855784437
Nova Rosalândia,2020-11-23,146,0,4,0,0.07142857142857142,0.0,,2.164352855784437
Nova Rosalândia,2020-11-24,146,0,4,0,0.07142857142857142,0.0,,2.164352855784437
Nova Rosalândia,2020-11-25,146,0,4,0,0.07142857142857142,0.0,,2.164352855784437
Nova Rosalândia,2020-11-26,146,0,4,0,0.07142857142857142,0.0,,2.164352855784437
Nova Rosalândia,2020-11-27,146,0,4,0,0.07142857142857142,0.0,,2.164352855784437
Nova Rosalândia,2020-11-28,146,0,4,0,0.07142857142857142,0.0,,2.164352855784437
Nova Rosalândia,2020-11-29,146,0,4,0,0.07142857142857142,0.0,,2.164352855784437
Nova Rosalândia,2020-11-30,146,0,4,0,0.07142857142857142,0.0,,2.164352855784437
Nova Rosalândia,2020-12-01,146,0,4,0,0.07142857142857142,0.0,,2.164352855784437
Nova Rosalândia,2020-12-02,146,0,4,0,0.07142857142857142,0.0,,2.164352855784437
Nova Rosalândia,2020-12-03,146,0,4,0,0.0,0.0,,2.164352855784437
Nova Rosalândia,2020-12-04,146,0,4,0,0.0,0.0,,2.164352855784437
Nova Rosalândia,2020-12-05,146,0,4,0,0.0,0.0,,2.164352855784437
Nova Rosalândia,2020-12-06,146,0,4,0,0.0,0.0,,2.164352855784437
Nova Rosalândia,2020-12-07,146,0,4,0,0.0,0.0,,2.164352855784437
Nova Rosalândia,2020-12-08,146,0,4,0,0.0,0.0,,2.164352855784437
Nova Rosalândia,2020-12-09,149,3,4,0,0.21428571428571427,0.0,,2.173186268412274
Nova Rosalândia,2020-12-10,150,1,4,0,0.2857142857142857,0.0,,2.1760912590556813
Nova Rosalândia,2020-12-11,150,0,4,0,0.2857142857142857,0.0,,2.1760912590556813
Nova Rosalândia,2020-12-12,150,0,4,0,0.2857142857142857,0.0,,2.1760912590556813
Nova Rosalândia,2020-12-13,150,0,4,0,0.2857142857142857,0.0,,2.1760912590556813
Nova Rosalândia,2020-12-14,150,0,4,0,0.2857142857142857,0.0,,2.1760912590556813
Nova Rosalândia,2020-12-15,150,0,4,0,0.2857142857142857,0.0,,2.1760912590556813
Nova Rosalândia,2020-12-16,150,0,4,0,0.2857142857142857,0.0,,2.1760912590556813
Nova Rosalândia,2020-12-17,150,0,4,0,0.2857142857142857,0.0,,2.1760912590556813
Nova Rosalândia,2020-12-18,150,0,4,0,0.2857142857142857,0.0,,2.1760912590556813
Nova Rosalândia,2020-12-19,151,1,4,0,0.35714285714285715,0.0,,2.1789769472931693
Nova Rosalândia,2020-12-20,151,0,4,0,0.35714285714285715,0.0,,2.1789769472931693
Nova Rosalândia,2020-12-21,151,0,4,0,0.35714285714285715,0.0,,2.1789769472931693
Nova Rosalândia,2020-12-22,151,0,4,0,0.35714285714285715,0.0,,2.1789769472931693
Nova Rosalândia,2020-12-23,151,0,4,0,0.14285714285714285,0.0,,2.1789769472931693
Nova Rosalândia,2020-12-24,151,0,4,0,0.07142857142857142,0.0,,2.1789769472931693
Nova Rosalândia,2020-12-25,151,0,4,0,0.07142857142857142,0.0,,2.1789769472931693
Nova Rosalândia,2020-12-26,151,0,4,0,0.07142857142857142,0.0,,2.1789769472931693
Nova Rosalândia,2020-12-27,151,0,4,0,0.07142857142857142,0.0,,2.1789769472931693
Nova Rosalândia,2020-12-28,151,0,4,0,0.07142857142857142,0.0,,2.1789769472931693
Nova Rosalândia,2020-12-29,152,1,4,0,0.14285714285714285,0.0,,2.1818435879447726
Nova Rosalândia,2020-12-30,154,2,4,0,0.2857142857142857,0.0,,2.187520720836463
Nova Rosalândia,2020-12-31,156,2,4,0,0.42857142857142855,0.0,,2.1931245983544616
Nova Rosalândia,2021-01-01,156,0,4,0,0.42857142857142855,0.0,,2.1931245983544616
Nova Rosalândia,2021-01-02,156,0,4,0,0.35714285714285715,0.0,,2.1931245983544616
Nova Rosalândia,2021-01-03,156,0,4,0,0.35714285714285715,0.0,,2.1931245983544616
Nova Rosalândia,2021-01-04,156,0,4,0,0.35714285714285715,0.0,,2.1931245983544616
Nova Rosalândia,2021-01-05,157,1,4,0,0.42857142857142855,0.0,,2.1958996524092336
Nova Rosalândia,2021-01-06,160,3,4,0,0.6428571428571429,0.0,,2.204119982655925
Nova Rosalândia,2021-01-07,175,15,4,0,1.7142857142857142,0.0,,2.2430380486862944
Nova Rosalândia,2021-01-08,175,0,4,0,1.7142857142857142,0.0,,2.2430380486862944
Nova Rosalândia,2021-01-09,178,3,4,0,1.9285714285714286,0.0,,2.250420002308894
Nova Rosalândia,2021-01-10,178,0,4,0,1.9285714285714286,0.0,,2.250420002308894
Nova Rosalândia,2021-01-11,182,4,4,0,2.2142857142857144,0.0,,2.2600713879850747
Nova Rosalândia,2021-01-12,184,2,4,0,2.2857142857142856,0.0,,2.2648178230095364
Nova Rosalândia,2021-01-13,189,5,4,0,2.5,0.0,,2.2764618041732443
Nova Rosalândia,2021-01-14,199,10,4,0,3.0714285714285716,0.0,,2.298853076409707
Nova Rosalândia,2021-01-15,200,1,5,1,3.142857142857143,0.07142857142857142,inf,2.3010299956639813
Nova Rosalândia,2021-01-16,207,7,5,0,3.642857142857143,0.07142857142857142,inf,2.315970345456918
Nova Rosalândia,2021-01-17,207,0,5,0,3.642857142857143,0.07142857142857142,inf,2.315970345456918
Nova Rosalândia,2021-01-18,207,0,5,0,3.642857142857143,0.07142857142857142,inf,2.315970345456918
Nova Rosalândia,2021-01-19,218,11,5,0,4.357142857142857,0.07142857142857142,inf,2.3384564936046046
Nova Rosalândia,2021-01-20,218,0,5,0,4.142857142857143,0.07142857142857142,inf,2.3384564936046046
Novo Acordo,2020-03-27,0,0,0,0,,,,0.0
Novo Acordo,2020-03-28,0,0,0,0,,,,0.0
Novo Acordo,2020-03-29,0,0,0,0,,,,0.0
Novo Acordo,2020-03-30,0,0,0,0,,,,0.0
Novo Acordo,2020-03-31,0,0,0,0,,,,0.0
Novo Acordo,2020-04-01,0,0,0,0,,,,0.0
Novo Acordo,2020-04-02,0,0,0,0,,,,0.0
Novo Acordo,2020-04-03,0,0,0,0,,,,0.0
Novo Acordo,2020-04-04,0,0,0,0,,,,0.0
Novo Acordo,2020-04-05,0,0,0,0,,,,0.0
Novo Acordo,2020-04-06,0,0,0,0,,,,0.0
Novo Acordo,2020-04-07,0,0,0,0,,,,0.0
Novo Acordo,2020-04-08,0,0,0,0,,,,0.0
Novo Acordo,2020-04-09,0,0,0,0,0.0,0.0,,0.0
Novo Acordo,2020-04-10,0,0,0,0,0.0,0.0,,0.0
Novo Acordo,2020-04-11,0,0,0,0,0.0,0.0,,0.0
Novo Acordo,2020-04-12,0,0,0,0,0.0,0.0,,0.0
Novo Acordo,2020-04-13,0,0,0,0,0.0,0.0,,0.0
Novo Acordo,2020-04-14,0,0,0,0,0.0,0.0,,0.0
Novo Acordo,2020-04-15,0,0,0,0,0.0,0.0,,0.0
Novo Acordo,2020-04-16,0,0,0,0,0.0,0.0,,0.0
Novo Acordo,2020-04-17,0,0,0,0,0.0,0.0,,0.0
Novo Acordo,2020-04-18,0,0,0,0,0.0,0.0,,0.0
Novo Acordo,2020-04-19,0,0,0,0,0.0,0.0,,0.0
Novo Acordo,2020-04-20,0,0,0,0,0.0,0.0,,0.0
Novo Acordo,2020-04-21,0,0,0,0,0.0,0.0,,0.0
Novo Acordo,2020-04-22,0,0,0,0,0.0,0.0,,0.0
Novo Acordo,2020-04-23,0,0,0,0,0.0,0.0,,0.0
Novo Acordo,2020-04-24,0,0,0,0,0.0,0.0,,0.0
Novo Acordo,2020-04-25,0,0,0,0,0.0,0.0,,0.0
Novo Acordo,2020-04-26,0,0,0,0,0.0,0.0,,0.0
Novo Acordo,2020-04-27,0,0,0,0,0.0,0.0,,0.0
Novo Acordo,2020-04-28,0,0,0,0,0.0,0.0,,0.0
Novo Acordo,2020-04-29,0,0,0,0,0.0,0.0,,0.0
Novo Acordo,2020-04-30,0,0,0,0,0.0,0.0,,0.0
Novo Acordo,2020-05-01,0,0,0,0,0.0,0.0,,0.0
Novo Acordo,2020-05-02,0,0,0,0,0.0,0.0,,0.0
Novo Acordo,2020-05-03,0,0,0,0,0.0,0.0,,0.0
Novo Acordo,2020-05-04,0,0,0,0,0.0,0.0,,0.0
Novo Acordo,2020-05-05,0,0,0,0,0.0,0.0,,0.0
Novo Acordo,2020-05-06,1,1,0,0,0.07142857142857142,0.0,,0.0
Novo Acordo,2020-05-07,1,0,0,0,0.07142857142857142,0.0,,0.0
Novo Acordo,2020-05-08,1,0,0,0,0.07142857142857142,0.0,,0.0
Novo Acordo,2020-05-09,1,0,0,0,0.07142857142857142,0.0,,0.0
Novo Acordo,2020-05-10,1,0,0,0,0.07142857142857142,0.0,,0.0
Novo Acordo,2020-05-11,1,0,0,0,0.07142857142857142,0.0,,0.0
Novo Acordo,2020-05-12,1,0,0,0,0.07142857142857142,0.0,,0.0
Novo Acordo,2020-05-13,1,0,0,0,0.07142857142857142,0.0,,0.0
Novo Acordo,2020-05-14,1,0,0,0,0.07142857142857142,0.0,,0.0
Novo Acordo,2020-05-15,1,0,0,0,0.07142857142857142,0.0,,0.0
Novo Acordo,2020-05-16,1,0,0,0,0.07142857142857142,0.0,,0.0
Novo Acordo,2020-05-17,1,0,0,0,0.07142857142857142,0.0,,0.0
Novo Acordo,2020-05-18,1,0,0,0,0.07142857142857142,0.0,,0.0
Novo Acordo,2020-05-19,1,0,0,0,0.07142857142857142,0.0,,0.0
Novo Acordo,2020-05-20,1,0,0,0,0.0,0.0,,0.0
Novo Acordo,2020-05-21,1,0,0,0,0.0,0.0,,0.0
Novo Acordo,2020-05-22,1,0,0,0,0.0,0.0,,0.0
Novo Acordo,2020-05-23,1,0,0,0,0.0,0.0,,0.0
Novo Acordo,2020-05-24,1,0,0,0,0.0,0.0,,0.0
Novo Acordo,2020-05-25,1,0,0,0,0.0,0.0,,0.0
Novo Acordo,2020-05-26,1,0,0,0,0.0,0.0,,0.0
Novo Acordo,2020-05-27,1,0,0,0,0.0,0.0,,0.0
Novo Acordo,2020-05-28,1,0,0,0,0.0,0.0,,0.0
Novo Acordo,2020-05-29,1,0,0,0,0.0,0.0,,0.0
Novo Acordo,2020-05-30,2,1,0,0,0.07142857142857142,0.0,,0.3010299956639812
Novo Acordo,2020-05-31,2,0,0,0,0.07142857142857142,0.0,,0.3010299956639812
Novo Acordo,2020-06-01,2,0,0,0,0.07142857142857142,0.0,,0.3010299956639812
Novo Acordo,2020-06-02,2,0,0,0,0.07142857142857142,0.0,,0.3010299956639812
Novo Acordo,2020-06-03,2,0,0,0,0.07142857142857142,0.0,,0.3010299956639812
Novo Acordo,2020-06-04,2,0,0,0,0.07142857142857142,0.0,,0.3010299956639812
Novo Acordo,2020-06-05,2,0,0,0,0.07142857142857142,0.0,,0.3010299956639812
Novo Acordo,2020-06-06,2,0,0,0,0.07142857142857142,0.0,,0.3010299956639812
Novo Acordo,2020-06-07,2,0,0,0,0.07142857142857142,0.0,,0.3010299956639812
Novo Acordo,2020-06-08,2,0,0,0,0.07142857142857142,0.0,,0.3010299956639812
Novo Acordo,2020-06-09,2,0,0,0,0.07142857142857142,0.0,,0.3010299956639812
Novo Acordo,2020-06-10,2,0,0,0,0.07142857142857142,0.0,,0.3010299956639812
Novo Acordo,2020-06-11,2,0,0,0,0.07142857142857142,0.0,,0.3010299956639812
Novo Acordo,2020-06-12,2,0,0,0,0.07142857142857142,0.0,,0.3010299956639812
Novo Acordo,2020-06-13,2,0,0,0,0.0,0.0,,0.3010299956639812
Novo Acordo,2020-06-14,2,0,0,0,0.0,0.0,,0.3010299956639812
Novo Acordo,2020-06-15,2,0,0,0,0.0,0.0,,0.3010299956639812
Novo Acordo,2020-06-16,2,0,0,0,0.0,0.0,,0.3010299956639812
Novo Acordo,2020-06-17,2,0,0,0,0.0,0.0,,0.3010299956639812
Novo Acordo,2020-06-18,2,0,0,0,0.0,0.0,,0.3010299956639812
Novo Acordo,2020-06-19,2,0,0,0,0.0,0.0,,0.3010299956639812
Novo Acordo,2020-06-20,2,0,0,0,0.0,0.0,,0.3010299956639812
Novo Acordo,2020-06-21,2,0,0,0,0.0,0.0,,0.3010299956639812
Novo Acordo,2020-06-22,2,0,0,0,0.0,0.0,,0.3010299956639812
Novo Acordo,2020-06-23,2,0,0,0,0.0,0.0,,0.3010299956639812
Novo Acordo,2020-06-24,2,0,1,1,0.0,0.07142857142857142,inf,0.3010299956639812
Novo Acordo,2020-06-25,2,0,0,-1,0.0,0.0,,0.3010299956639812
Novo Acordo,2020-06-26,2,0,0,0,0.0,0.0,,0.3010299956639812
Novo Acordo,2020-06-27,2,0,0,0,0.0,0.0,,0.3010299956639812
Novo Acordo,2020-06-28,2,0,0,0,0.0,0.0,,0.3010299956639812
Novo Acordo,2020-06-29,2,0,0,0,0.0,0.0,,0.3010299956639812
Novo Acordo,2020-06-30,2,0,0,0,0.0,0.0,,0.3010299956639812
Novo Acordo,2020-07-01,2,0,0,0,0.0,0.0,,0.3010299956639812
Novo Acordo,2020-07-02,2,0,0,0,0.0,0.0,,0.3010299956639812
Novo Acordo,2020-07-03,2,0,0,0,0.0,0.0,,0.3010299956639812
Novo Acordo,2020-07-04,2,0,0,0,0.0,0.0,,0.3010299956639812
Novo Acordo,2020-07-05,2,0,0,0,0.0,0.0,,0.3010299956639812
Novo Acordo,2020-07-06,2,0,0,0,0.0,0.0,,0.3010299956639812
Novo Acordo,2020-07-07,2,0,0,0,0.0,0.0,,0.3010299956639812
Novo Acordo,2020-07-08,2,0,0,0,0.0,-0.07142857142857142,-2.0,0.3010299956639812
Novo Acordo,2020-07-09,2,0,0,0,0.0,0.0,,0.3010299956639812
Novo Acordo,2020-07-10,2,0,0,0,0.0,0.0,,0.3010299956639812
Novo Acordo,2020-07-11,2,0,0,0,0.0,0.0,,0.3010299956639812
Novo Acordo,2020-07-12,2,0,0,0,0.0,0.0,,0.3010299956639812
Novo Acordo,2020-07-13,2,0,0,0,0.0,0.0,,0.3010299956639812
Novo Acordo,2020-07-14,2,0,0,0,0.0,0.0,,0.3010299956639812
Novo Acordo,2020-07-15,2,0,0,0,0.0,0.0,,0.3010299956639812
Novo Acordo,2020-07-16,3,1,0,0,0.07142857142857142,0.0,,0.47712125471966244
Novo Acordo,2020-07-17,4,1,0,0,0.14285714285714285,0.0,,0.6020599913279624
Novo Acordo,2020-07-18,4,0,0,0,0.14285714285714285,0.0,,0.6020599913279624
Novo Acordo,2020-07-19,4,0,0,0,0.14285714285714285,0.0,,0.6020599913279624
Novo Acordo,2020-07-20,4,0,0,0,0.14285714285714285,0.0,,0.6020599913279624
Novo Acordo,2020-07-21,4,0,0,0,0.14285714285714285,0.0,,0.6020599913279624
Novo Acordo,2020-07-22,4,0,0,0,0.14285714285714285,0.0,-1.0,0.6020599913279624
Novo Acordo,2020-07-23,4,0,0,0,0.14285714285714285,0.0,,0.6020599913279624
Novo Acordo,2020-07-24,5,1,0,0,0.21428571428571427,0.0,,0.6989700043360189
Novo Acordo,2020-07-25,5,0,0,0,0.21428571428571427,0.0,,0.6989700043360189
Novo Acordo,2020-07-26,5,0,0,0,0.21428571428571427,0.0,,0.6989700043360189
Novo Acordo,2020-07-27,5,0,0,0,0.21428571428571427,0.0,,0.6989700043360189
Novo Acordo,2020-07-28,5,0,0,0,0.21428571428571427,0.0,,0.6989700043360189
Novo Acordo,2020-07-29,5,0,0,0,0.21428571428571427,0.0,,0.6989700043360189
Novo Acordo,2020-07-30,5,0,0,0,0.14285714285714285,0.0,,0.6989700043360189
Novo Acordo,2020-07-31,5,0,0,0,0.07142857142857142,0.0,,0.6989700043360189
Novo Acordo,2020-08-01,5,0,0,0,0.07142857142857142,0.0,,0.6989700043360189
Novo Acordo,2020-08-02,5,0,0,0,0.07142857142857142,0.0,,0.6989700043360189
Novo Acordo,2020-08-03,5,0,0,0,0.07142857142857142,0.0,,0.6989700043360189
Novo Acordo,2020-08-04,5,0,0,0,0.07142857142857142,0.0,,0.6989700043360189
Novo Acordo,2020-08-05,5,0,0,0,0.07142857142857142,0.0,,0.6989700043360189
Novo Acordo,2020-08-06,5,0,0,0,0.07142857142857142,0.0,,0.6989700043360189
Novo Acordo,2020-08-07,5,0,0,0,0.0,0.0,,0.6989700043360189
Novo Acordo,2020-08-08,5,0,0,0,0.0,0.0,,0.6989700043360189
Novo Acordo,2020-08-09,5,0,0,0,0.0,0.0,,0.6989700043360189
Novo Acordo,2020-08-10,5,0,0,0,0.0,0.0,,0.6989700043360189
Novo Acordo,2020-08-11,5,0,0,0,0.0,0.0,,0.6989700043360189
Novo Acordo,2020-08-12,5,0,0,0,0.0,0.0,,0.6989700043360189
Novo Acordo,2020-08-13,7,2,0,0,0.14285714285714285,0.0,,0.8450980400142568
Novo Acordo,2020-08-14,8,1,0,0,0.21428571428571427,0.0,,0.9030899869919435
Novo Acordo,2020-08-15,8,0,0,0,0.21428571428571427,0.0,,0.9030899869919435
Novo Acordo,2020-08-16,8,0,0,0,0.21428571428571427,0.0,,0.9030899869919435
Novo Acordo,2020-08-17,8,0,0,0,0.21428571428571427,0.0,,0.9030899869919435
Novo Acordo,2020-08-18,10,2,0,0,0.35714285714285715,0.0,,1.0
Novo Acordo,2020-08-19,11,1,0,0,0.42857142857142855,0.0,,1.041392685158225
Novo Acordo,2020-08-20,11,0,0,0,0.42857142857142855,0.0,,1.041392685158225
Novo Acordo,2020-08-21,11,0,0,0,0.42857142857142855,0.0,,1.041392685158225
Novo Acordo,2020-08-22,14,3,0,0,0.6428571428571429,0.0,,1.146128035678238
Novo Acordo,2020-08-23,14,0,0,0,0.6428571428571429,0.0,,1.146128035678238
Novo Acordo,2020-08-24,14,0,0,0,0.6428571428571429,0.0,,1.146128035678238
Novo Acordo,2020-08-25,14,0,0,0,0.6428571428571429,0.0,,1.146128035678238
Novo Acordo,2020-08-26,14,0,0,0,0.6428571428571429,0.0,,1.146128035678238
Novo Acordo,2020-08-27,14,0,0,0,0.5,0.0,,1.146128035678238
Novo Acordo,2020-08-28,14,0,0,0,0.42857142857142855,0.0,,1.146128035678238
Novo Acordo,2020-08-29,14,0,0,0,0.42857142857142855,0.0,,1.146128035678238
Novo Acordo,2020-08-30,14,0,0,0,0.42857142857142855,0.0,,1.146128035678238
Novo Acordo,2020-08-31,14,0,0,0,0.42857142857142855,0.0,,1.146128035678238
Novo Acordo,2020-09-01,14,0,0,0,0.2857142857142857,0.0,,1.146128035678238
Novo Acordo,2020-09-02,14,0,0,0,0.21428571428571427,0.0,,1.146128035678238
Novo Acordo,2020-09-03,14,0,0,0,0.21428571428571427,0.0,,1.146128035678238
Novo Acordo,2020-09-04,15,1,0,0,0.2857142857142857,0.0,,1.1760912590556813
Novo Acordo,2020-09-05,15,0,0,0,0.07142857142857142,0.0,,1.1760912590556813
Novo Acordo,2020-09-06,16,1,0,0,0.14285714285714285,0.0,,1.2041199826559248
Novo Acordo,2020-09-07,16,0,0,0,0.14285714285714285,0.0,,1.2041199826559248
Novo Acordo,2020-09-08,16,0,0,0,0.14285714285714285,0.0,,1.2041199826559248
Novo Acordo,2020-09-09,16,0,0,0,0.14285714285714285,0.0,,1.2041199826559248
Novo Acordo,2020-09-10,17,1,0,0,0.21428571428571427,0.0,,1.2304489213782739
Novo Acordo,2020-09-11,17,0,0,0,0.21428571428571427,0.0,,1.2304489213782739
Novo Acordo,2020-09-12,17,0,0,0,0.21428571428571427,0.0,,1.2304489213782739
Novo Acordo,2020-09-13,17,0,0,0,0.21428571428571427,0.0,,1.2304489213782739
Novo Acordo,2020-09-14,17,0,0,0,0.21428571428571427,0.0,,1.2304489213782739
Novo Acordo,2020-09-15,19,2,0,0,0.35714285714285715,0.0,,1.2787536009528289
Novo Acordo,2020-09-16,19,0,0,0,0.35714285714285715,0.0,,1.2787536009528289
Novo Acordo,2020-09-17,19,0,0,0,0.35714285714285715,0.0,,1.2787536009528289
Novo Acordo,2020-09-18,19,0,0,0,0.2857142857142857,0.0,,1.2787536009528289
Novo Acordo,2020-09-19,20,1,0,0,0.35714285714285715,0.0,,1.3010299956639813
Novo Acordo,2020-09-20,20,0,0,0,0.2857142857142857,0.0,,1.3010299956639813
Novo Acordo,2020-09-21,20,0,0,0,0.2857142857142857,0.0,,1.3010299956639813
Novo Acordo,2020-09-22,20,0,0,0,0.2857142857142857,0.0,,1.3010299956639813
Novo Acordo,2020-09-23,20,0,0,0,0.2857142857142857,0.0,,1.3010299956639813
Novo Acordo,2020-09-24,21,1,0,0,0.2857142857142857,0.0,,1.3222192947339193
Novo Acordo,2020-09-25,21,0,0,0,0.2857142857142857,0.0,,1.3222192947339193
Novo Acordo,2020-09-26,26,5,0,0,0.6428571428571429,0.0,,1.414973347970818
Novo Acordo,2020-09-27,30,4,0,0,0.9285714285714286,0.0,,1.4771212547196624
Novo Acordo,2020-09-28,30,0,0,0,0.9285714285714286,0.0,,1.4771212547196624
Novo Acordo,2020-09-29,30,0,0,0,0.7857142857142857,0.0,,1.4771212547196624
Novo Acordo,2020-09-30,37,7,0,0,1.2857142857142858,0.0,,1.568201724066995
Novo Acordo,2020-10-01,37,0,0,0,1.2857142857142858,0.0,,1.568201724066995
Novo Acordo,2020-10-02,38,1,0,0,1.3571428571428572,0.0,,1.5797835966168101
Novo Acordo,2020-10-03,42,4,0,0,1.5714285714285714,0.0,,1.6232492903979006
Novo Acordo,2020-10-04,42,0,0,0,1.5714285714285714,0.0,,1.6232492903979006
Novo Acordo,2020-10-05,42,0,0,0,1.5714285714285714,0.0,,1.6232492903979006
Novo Acordo,2020-10-06,42,0,0,0,1.5714285714285714,0.0,,1.6232492903979006
Novo Acordo,2020-10-07,49,7,0,0,2.0714285714285716,0.0,,1.6901960800285136
Novo Acordo,2020-10-08,49,0,0,0,2.0,0.0,,1.6901960800285136
Novo Acordo,2020-10-09,51,2,0,0,2.142857142857143,0.0,,1.7075701760979363
Novo Acordo,2020-10-10,51,0,0,0,1.7857142857142858,0.0,,1.7075701760979363
Novo Acordo,2020-10-11,51,0,0,0,1.5,0.0,,1.7075701760979363
Novo Acordo,2020-10-12,51,0,0,0,1.5,0.0,,1.7075701760979363
Novo Acordo,2020-10-13,59,8,0,0,2.0714285714285716,0.0,,1.7708520116421442
Novo Acordo,2020-10-14,59,0,0,0,1.5714285714285714,0.0,,1.7708520116421442
Novo Acordo,2020-10-15,61,2,0,0,1.7142857142857142,0.0,,1.7853298350107671
Novo Acordo,2020-10-16,62,1,0,0,1.7142857142857142,0.0,,1.792391689498254
Novo Acordo,2020-10-17,62,0,0,0,1.4285714285714286,0.0,,1.792391689498254
Novo Acordo,2020-10-18,62,0,0,0,1.4285714285714286,0.0,,1.792391689498254
Novo Acordo,2020-10-19,62,0,0,0,1.4285714285714286,0.0,,1.792391689498254
Novo Acordo,2020-10-20,62,0,0,0,1.4285714285714286,0.0,,1.792391689498254
Novo Acordo,2020-10-21,62,0,0,0,0.9285714285714286,0.0,,1.792391689498254
Novo Acordo,2020-10-22,62,0,0,0,0.9285714285714286,0.0,,1.792391689498254
Novo Acordo,2020-10-23,62,0,0,0,0.7857142857142857,0.0,,1.792391689498254
Novo Acordo,2020-10-24,62,0,0,0,0.7857142857142857,0.0,,1.792391689498254
Novo Acordo,2020-10-25,62,0,0,0,0.7857142857142857,0.0,,1.792391689498254
Novo Acordo,2020-10-26,62,0,0,0,0.7857142857142857,0.0,,1.792391689498254
Novo Acordo,2020-10-27,62,0,0,0,0.21428571428571427,0.0,,1.792391689498254
Novo Acordo,2020-10-28,62,0,0,0,0.21428571428571427,0.0,,1.792391689498254
Novo Acordo,2020-10-29,62,0,0,0,0.07142857142857142,0.0,,1.792391689498254
Novo Acordo,2020-10-30,62,0,0,0,0.0,0.0,,1.792391689498254
Novo Acordo,2020-10-31,62,0,0,0,0.0,0.0,,1.792391689498254
Novo Acordo,2020-11-01,62,0,0,0,0.0,0.0,,1.792391689498254
Novo Acordo,2020-11-02,62,0,0,0,0.0,0.0,,1.792391689498254
Novo Acordo,2020-11-03,62,0,0,0,0.0,0.0,,1.792391689498254
Novo Acordo,2020-11-04,62,0,0,0,0.0,0.0,,1.792391689498254
Novo Acordo,2020-11-05,62,0,0,0,0.0,0.0,,1.792391689498254
Novo Acordo,2020-11-06,62,0,0,0,0.0,0.0,,1.792391689498254
Novo Acordo,2020-11-07,62,0,0,0,0.0,0.0,,1.792391689498254
Novo Acordo,2020-11-08,62,0,0,0,0.0,0.0,,1.792391689498254
Novo Acordo,2020-11-09,62,0,0,0,0.0,0.0,,1.792391689498254
Novo Acordo,2020-11-10,63,1,0,0,0.07142857142857142,0.0,,1.7993405494535817
Novo Acordo,2020-11-11,63,0,0,0,0.07142857142857142,0.0,,1.7993405494535817
Novo Acordo,2020-11-12,63,0,0,0,0.07142857142857142,0.0,,1.7993405494535817
Novo Acordo,2020-11-13,66,3,0,0,0.2857142857142857,0.0,,1.8195439355418688
Novo Acordo,2020-11-14,66,0,0,0,0.2857142857142857,0.0,,1.8195439355418688
Novo Acordo,2020-11-15,66,0,0,0,0.2857142857142857,0.0,,1.8195439355418688
Novo Acordo,2020-11-16,66,0,0,0,0.2857142857142857,0.0,,1.8195439355418688
Novo Acordo,2020-11-17,66,0,0,0,0.2857142857142857,0.0,,1.8195439355418688
Novo Acordo,2020-11-18,65,-1,0,0,0.21428571428571427,0.0,,1.8129133566428555
Novo Acordo,2020-11-19,65,0,0,0,0.21428571428571427,0.0,,1.8129133566428555
Novo Acordo,2020-11-20,65,0,0,0,0.21428571428571427,0.0,,1.8129133566428555
Novo Acordo,2020-11-21,65,0,0,0,0.21428571428571427,0.0,,1.8129133566428555
Novo Acordo,2020-11-22,71,6,0,0,0.6428571428571429,0.0,,1.8512583487190752
Novo Acordo,2020-11-23,71,0,0,0,0.6428571428571429,0.0,,1.8512583487190752
Novo Acordo,2020-11-24,74,3,0,0,0.7857142857142857,0.0,,1.8692317197309762
Novo Acordo,2020-11-25,81,7,0,0,1.2857142857142858,0.0,,1.9084850188786497
Novo Acordo,2020-11-26,81,0,0,0,1.2857142857142858,0.0,,1.9084850188786497
Novo Acordo,2020-11-27,81,0,0,0,1.0714285714285714,0.0,,1.9084850188786497
Novo Acordo,2020-11-28,83,2,0,0,1.2142857142857142,0.0,,1.919078092376074
Novo Acordo,2020-11-29,83,0,0,0,1.2142857142857142,0.0,,1.919078092376074
Novo Acordo,2020-11-30,83,0,0,0,1.2142857142857142,0.0,,1.919078092376074
Novo Acordo,2020-12-01,83,0,0,0,1.2142857142857142,0.0,,1.919078092376074
Novo Acordo,2020-12-02,89,6,0,0,1.7142857142857142,0.0,,1.9493900066449128
Novo Acordo,2020-12-03,93,4,0,0,2.0,0.0,,1.968482948553935
Novo Acordo,2020-12-04,94,1,0,0,2.0714285714285716,0.0,,1.9731278535996986
Novo Acordo,2020-12-05,94,0,0,0,2.0714285714285716,0.0,,1.9731278535996986
Novo Acordo,2020-12-06,94,0,0,0,1.6428571428571428,0.0,,1.9731278535996986
Novo Acordo,2020-12-07,101,7,0,0,2.142857142857143,0.0,,2.0043213737826426
Novo Acordo,2020-12-08,101,0,0,0,1.9285714285714286,0.0,,2.0043213737826426
Novo Acordo,2020-12-09,107,6,0,0,1.8571428571428572,0.0,,2.0293837776852097
Novo Acordo,2020-12-10,110,3,0,0,2.0714285714285716,0.0,,2.041392685158225
Novo Acordo,2020-12-11,111,1,0,0,2.142857142857143,0.0,,2.0453229787866576
Novo Acordo,2020-12-12,111,0,0,0,2.0,0.0,,2.0453229787866576
Novo Acordo,2020-12-13,111,0,0,0,2.0,0.0,,2.0453229787866576
Novo Acordo,2020-12-14,114,3,0,0,2.2142857142857144,0.0,,2.0569048513364727
Novo Acordo,2020-12-15,117,3,1,1,2.4285714285714284,0.07142857142857142,inf,2.0681858617461617
Novo Acordo,2020-12-16,117,0,0,-1,2.0,0.0,,2.0681858617461617
Novo Acordo,2020-12-17,123,6,0,0,2.142857142857143,0.0,,2.089905111439398
Novo Acordo,2020-12-18,123,0,0,0,2.0714285714285716,0.0,,2.089905111439398
Novo Acordo,2020-12-19,124,1,0,0,2.142857142857143,0.0,,2.093421685162235
Novo Acordo,2020-12-20,124,0,0,0,2.142857142857143,0.0,,2.093421685162235
Novo Acordo,2020-12-21,124,0,0,0,1.6428571428571428,0.0,,2.093421685162235
Novo Acordo,2020-12-22,125,1,0,0,1.7142857142857142,0.0,,2.0969100130080562
Novo Acordo,2020-12-23,125,0,0,0,1.2857142857142858,0.0,,2.0969100130080562
Novo Acordo,2020-12-24,125,0,0,0,1.0714285714285714,0.0,,2.0969100130080562
Novo Acordo,2020-12-25,125,0,0,0,1.0,0.0,,2.0969100130080562
Novo Acordo,2020-12-26,125,0,0,0,1.0,0.0,,2.0969100130080562
Novo Acordo,2020-12-27,125,0,0,0,1.0,0.0,,2.0969100130080562
Novo Acordo,2020-12-28,125,0,0,0,0.7857142857142857,0.0,,2.0969100130080562
Novo Acordo,2020-12-29,125,0,0,0,0.5714285714285714,-0.07142857142857142,-2.0,2.0969100130080562
Novo Acordo,2020-12-30,127,2,0,0,0.7142857142857143,0.0,,2.103803720955957
Novo Acordo,2020-12-31,127,0,0,0,0.2857142857142857,0.0,,2.103803720955957
Novo Acordo,2021-01-01,127,0,0,0,0.2857142857142857,0.0,,2.103803720955957
Novo Acordo,2021-01-02,127,0,0,0,0.21428571428571427,0.0,,2.103803720955957
Novo Acordo,2021-01-03,127,0,0,0,0.21428571428571427,0.0,,2.103803720955957
Novo Acordo,2021-01-04,127,0,0,0,0.21428571428571427,0.0,,2.103803720955957
Novo Acordo,2021-01-05,128,1,0,0,0.21428571428571427,0.0,,2.1072099696478683
Novo Acordo,2021-01-06,128,0,0,0,0.21428571428571427,0.0,,2.1072099696478683
Novo Acordo,2021-01-07,130,2,0,0,0.35714285714285715,0.0,,2.113943352306837
Novo Acordo,2021-01-08,130,0,0,0,0.35714285714285715,0.0,,2.113943352306837
Novo Acordo,2021-01-09,130,0,0,0,0.35714285714285715,0.0,,2.113943352306837
Novo Acordo,2021-01-10,131,1,0,0,0.42857142857142855,0.0,,2.1172712956557644
Novo Acordo,2021-01-11,131,0,0,0,0.42857142857142855,0.0,,2.1172712956557644
Novo Acordo,2021-01-12,131,0,0,0,0.42857142857142855,0.0,-1.0,2.1172712956557644
Novo Acordo,2021-01-13,131,0,0,0,0.2857142857142857,0.0,,2.1172712956557644
Novo Acordo,2021-01-14,133,2,0,0,0.42857142857142855,0.0,,2.123851640967086
Novo Acordo,2021-01-15,133,0,0,0,0.42857142857142855,0.0,,2.123851640967086
Novo Acordo,2021-01-16,134,1,1,1,0.5,0.07142857142857142,inf,2.1271047983648077
Novo Acordo,2021-01-17,134,0,1,0,0.5,0.07142857142857142,inf,2.1271047983648077
Novo Acordo,2021-01-18,134,0,1,0,0.5,0.07142857142857142,inf,2.1271047983648077
Novo Acordo,2021-01-19,134,0,1,0,0.42857142857142855,0.07142857142857142,inf,2.1271047983648077
Novo Acordo,2021-01-20,134,0,1,0,0.42857142857142855,0.07142857142857142,inf,2.1271047983648077
Natividade,2020-03-27,0,0,0,0,,,,0.0
Natividade,2020-03-28,0,0,0,0,,,,0.0
Natividade,2020-03-29,0,0,0,0,,,,0.0
Natividade,2020-03-30,0,0,0,0,,,,0.0
Natividade,2020-03-31,0,0,0,0,,,,0.0
Natividade,2020-04-01,0,0,0,0,,,,0.0
Natividade,2020-04-02,0,0,0,0,,,,0.0
Natividade,2020-04-03,0,0,0,0,,,,0.0
Natividade,2020-04-04,0,0,0,0,,,,0.0
Natividade,2020-04-05,0,0,0,0,,,,0.0
Natividade,2020-04-06,0,0,0,0,,,,0.0
Natividade,2020-04-07,0,0,0,0,,,,0.0
Natividade,2020-04-08,0,0,0,0,,,,0.0
Natividade,2020-04-09,0,0,0,0,0.0,0.0,,0.0
Natividade,2020-04-10,0,0,0,0,0.0,0.0,,0.0
Natividade,2020-04-11,0,0,0,0,0.0,0.0,,0.0
Natividade,2020-04-12,0,0,0,0,0.0,0.0,,0.0
Natividade,2020-04-13,0,0,0,0,0.0,0.0,,0.0
Natividade,2020-04-14,0,0,0,0,0.0,0.0,,0.0
Natividade,2020-04-15,0,0,0,0,0.0,0.0,,0.0
Natividade,2020-04-16,0,0,0,0,0.0,0.0,,0.0
Natividade,2020-04-17,0,0,0,0,0.0,0.0,,0.0
Natividade,2020-04-18,0,0,0,0,0.0,0.0,,0.0
Natividade,2020-04-19,0,0,0,0,0.0,0.0,,0.0
Natividade,2020-04-20,0,0,0,0,0.0,0.0,,0.0
Natividade,2020-04-21,0,0,0,0,0.0,0.0,,0.0
Natividade,2020-04-22,0,0,0,0,0.0,0.0,,0.0
Natividade,2020-04-23,0,0,0,0,0.0,0.0,,0.0
Natividade,2020-04-24,0,0,0,0,0.0,0.0,,0.0
Natividade,2020-04-25,0,0,0,0,0.0,0.0,,0.0
Natividade,2020-04-26,0,0,0,0,0.0,0.0,,0.0
Natividade,2020-04-27,0,0,0,0,0.0,0.0,,0.0
Natividade,2020-04-28,0,0,0,0,0.0,0.0,,0.0
Natividade,2020-04-29,0,0,0,0,0.0,0.0,,0.0
Natividade,2020-04-30,0,0,0,0,0.0,0.0,,0.0
Natividade,2020-05-01,0,0,0,0,0.0,0.0,,0.0
Natividade,2020-05-02,0,0,0,0,0.0,0.0,,0.0
Natividade,2020-05-03,0,0,0,0,0.0,0.0,,0.0
Natividade,2020-05-04,0,0,0,0,0.0,0.0,,0.0
Natividade,2020-05-05,0,0,0,0,0.0,0.0,,0.0
Natividade,2020-05-06,0,0,0,0,0.0,0.0,,0.0
Natividade,2020-05-07,0,0,0,0,0.0,0.0,,0.0
Natividade,2020-05-08,0,0,0,0,0.0,0.0,,0.0
Natividade,2020-05-09,0,0,0,0,0.0,0.0,,0.0
Natividade,2020-05-10,0,0,0,0,0.0,0.0,,0.0
Natividade,2020-05-11,0,0,0,0,0.0,0.0,,0.0
Natividade,2020-05-12,0,0,0,0,0.0,0.0,,0.0
Natividade,2020-05-13,0,0,0,0,0.0,0.0,,0.0
Natividade,2020-05-14,0,0,0,0,0.0,0.0,,0.0
Natividade,2020-05-15,0,0,0,0,0.0,0.0,,0.0
Natividade,2020-05-16,0,0,0,0,0.0,0.0,,0.0
Natividade,2020-05-17,0,0,0,0,0.0,0.0,,0.0
Natividade,2020-05-18,0,0,0,0,0.0,0.0,,0.0
Natividade,2020-05-19,0,0,0,0,0.0,0.0,,0.0
Natividade,2020-05-20,0,0,0,0,0.0,0.0,,0.0
Natividade,2020-05-21,0,0,0,0,0.0,0.0,,0.0
Natividade,2020-05-22,0,0,0,0,0.0,0.0,,0.0
Natividade,2020-05-23,0,0,0,0,0.0,0.0,,0.0
Natividade,2020-05-24,0,0,0,0,0.0,0.0,,0.0
Natividade,2020-05-25,0,0,0,0,0.0,0.0,,0.0
Natividade,2020-05-26,0,0,0,0,0.0,0.0,,0.0
Natividade,2020-05-27,0,0,0,0,0.0,0.0,,0.0
Natividade,2020-05-28,0,0,0,0,0.0,0.0,,0.0
Natividade,2020-05-29,0,0,0,0,0.0,0.0,,0.0
Natividade,2020-05-30,0,0,0,0,0.0,0.0,,0.0
Natividade,2020-05-31,0,0,0,0,0.0,0.0,,0.0
Natividade,2020-06-01,0,0,0,0,0.0,0.0,,0.0
Natividade,2020-06-02,0,0,0,0,0.0,0.0,,0.0
Natividade,2020-06-03,0,0,0,0,0.0,0.0,,0.0
Natividade,2020-06-04,0,0,0,0,0.0,0.0,,0.0
Natividade,2020-06-05,0,0,0,0,0.0,0.0,,0.0
Natividade,2020-06-06,0,0,0,0,0.0,0.0,,0.0
Natividade,2020-06-07,0,0,0,0,0.0,0.0,,0.0
Natividade,2020-06-08,0,0,0,0,0.0,0.0,,0.0
Natividade,2020-06-09,0,0,0,0,0.0,0.0,,0.0
Natividade,2020-06-10,0,0,0,0,0.0,0.0,,0.0
Natividade,2020-06-11,0,0,0,0,0.0,0.0,,0.0
Natividade,2020-06-12,0,0,0,0,0.0,0.0,,0.0
Natividade,2020-06-13,0,0,0,0,0.0,0.0,,0.0
Natividade,2020-06-14,0,0,0,0,0.0,0.0,,0.0
Natividade,2020-06-15,0,0,0,0,0.0,0.0,,0.0
Natividade,2020-06-16,0,0,0,0,0.0,0.0,,0.0
Natividade,2020-06-17,0,0,0,0,0.0,0.0,,0.0
Natividade,2020-06-18,1,1,0,0,0.07142857142857142,0.0,,0.0
Natividade,2020-06-19,1,0,0,0,0.07142857142857142,0.0,,0.0
Natividade,2020-06-20,1,0,0,0,0.07142857142857142,0.0,,0.0
Natividade,2020-06-21,1,0,0,0,0.07142857142857142,0.0,,0.0
Natividade,2020-06-22,1,0,0,0,0.07142857142857142,0.0,,0.0
Natividade,2020-06-23,1,0,0,0,0.07142857142857142,0.0,,0.0
Natividade,2020-06-24,1,0,2,2,0.07142857142857142,0.14285714285714285,inf,0.0
Natividade,2020-06-25,1,0,0,-2,0.07142857142857142,0.0,,0.0
Natividade,2020-06-26,1,0,0,0,0.07142857142857142,0.0,,0.0
Natividade,2020-06-27,1,0,0,0,0.07142857142857142,0.0,,0.0
Natividade,2020-06-28,1,0,0,0,0.07142857142857142,0.0,,0.0
Natividade,2020-06-29,1,0,0,0,0.07142857142857142,0.0,,0.0
Natividade,2020-06-30,1,0,0,0,0.07142857142857142,0.0,,0.0
Natividade,2020-07-01,1,0,0,0,0.07142857142857142,0.0,,0.0
Natividade,2020-07-02,1,0,2,2,0.0,0.14285714285714285,inf,0.0
Natividade,2020-07-03,1,0,2,0,0.0,0.14285714285714285,inf,0.0
Natividade,2020-07-04,1,0,0,-2,0.0,0.0,,0.0
Natividade,2020-07-05,1,0,0,0,0.0,0.0,,0.0
Natividade,2020-07-06,1,0,0,0,0.0,0.0,,0.0
Natividade,2020-07-07,2,1,0,0,0.07142857142857142,0.0,,0.3010299956639812
Natividade,2020-07-08,2,0,0,0,0.07142857142857142,-0.14285714285714285,-2.0,0.3010299956639812
Natividade,2020-07-09,2,0,0,0,0.07142857142857142,0.0,,0.3010299956639812
Natividade,2020-07-10,2,0,0,0,0.07142857142857142,0.0,,0.3010299956639812
Natividade,2020-07-11,2,0,0,0,0.07142857142857142,0.0,,0.3010299956639812
Natividade,2020-07-12,3,1,0,0,0.14285714285714285,0.0,,0.47712125471966244
Natividade,2020-07-13,3,0,0,0,0.14285714285714285,0.0,,0.47712125471966244
Natividade,2020-07-14,4,1,0,0,0.21428571428571427,0.0,,0.6020599913279624
Natividade,2020-07-15,4,0,0,0,0.21428571428571427,0.0,,0.6020599913279624
Natividade,2020-07-16,4,0,0,0,0.21428571428571427,-0.14285714285714285,-2.0,0.6020599913279624
Natividade,2020-07-17,4,0,0,0,0.21428571428571427,-0.14285714285714285,-2.0,0.6020599913279624
Natividade,2020-07-18,4,0,0,0,0.21428571428571427,0.0,,0.6020599913279624
Natividade,2020-07-19,5,1,0,0,0.2857142857142857,0.0,,0.6989700043360189
Natividade,2020-07-20,4,-1,0,0,0.21428571428571427,0.0,,0.6020599913279624
Natividade,2020-07-21,4,0,0,0,0.14285714285714285,0.0,,0.6020599913279624
Natividade,2020-07-22,4,0,0,0,0.14285714285714285,0.0,-1.0,0.6020599913279624
Natividade,2020-07-23,4,0,0,0,0.14285714285714285,0.0,,0.6020599913279624
Natividade,2020-07-24,6,2,0,0,0.2857142857142857,0.0,,0.7781512503836436
Natividade,2020-07-25,9,3,0,0,0.5,0.0,,0.9542425094393249
Natividade,2020-07-26,11,2,0,0,0.5714285714285714,0.0,,1.041392685158225
Natividade,2020-07-27,11,0,0,0,0.5714285714285714,0.0,,1.041392685158225
Natividade,2020-07-28,11,0,0,0,0.5,0.0,,1.041392685158225
Natividade,2020-07-29,12,1,0,0,0.5714285714285714,0.0,,1.0791812460476249
Natividade,2020-07-30,12,0,0,0,0.5714285714285714,0.0,-1.0,1.0791812460476249
Natividade,2020-07-31,12,0,0,0,0.5714285714285714,0.0,-1.0,1.0791812460476249
Natividade,2020-08-01,12,0,0,0,0.5714285714285714,0.0,,1.0791812460476249
Natividade,2020-08-02,12,0,0,0,0.5,0.0,,1.0791812460476249
Natividade,2020-08-03,12,0,0,0,0.5714285714285714,0.0,,1.0791812460476249
Natividade,2020-08-04,13,1,0,0,0.6428571428571429,0.0,,1.1139433523068367
Natividade,2020-08-05,20,7,0,0,1.1428571428571428,0.0,,1.3010299956639813
Natividade,2020-08-06,20,0,0,0,1.1428571428571428,0.0,,1.3010299956639813
Natividade,2020-08-07,20,0,0,0,1.0,0.0,,1.3010299956639813
Natividade,2020-08-08,20,0,0,0,0.7857142857142857,0.0,,1.3010299956639813
Natividade,2020-08-09,20,0,0,0,0.6428571428571429,0.0,,1.3010299956639813
Natividade,2020-08-10,20,0,0,0,0.6428571428571429,0.0,,1.3010299956639813
Natividade,2020-08-11,26,6,0,0,1.0714285714285714,0.0,,1.414973347970818
Natividade,2020-08-12,29,3,0,0,1.2142857142857142,0.0,,1.462397997898956
Natividade,2020-08-13,30,1,0,0,1.2857142857142858,0.0,,1.4771212547196624
Natividade,2020-08-14,32,2,0,0,1.4285714285714286,0.0,,1.505149978319906
Natividade,2020-08-15,32,0,0,0,1.4285714285714286,0.0,,1.505149978319906
Natividade,2020-08-16,36,4,0,0,1.7142857142857142,0.0,,1.5563025007672873
Natividade,2020-08-17,36,0,0,0,1.7142857142857142,0.0,,1.5563025007672873
Natividade,2020-08-18,36,0,0,0,1.6428571428571428,0.0,,1.5563025007672873
Natividade,2020-08-19,36,0,0,0,1.1428571428571428,0.0,,1.5563025007672873
Natividade,2020-08-20,36,0,0,0,1.1428571428571428,0.0,,1.5563025007672873
Natividade,2020-08-21,36,0,0,0,1.1428571428571428,0.0,,1.5563025007672873
Natividade,2020-08-22,36,0,0,0,1.1428571428571428,0.0,,1.5563025007672873
Natividade,2020-08-23,36,0,0,0,1.1428571428571428,0.0,,1.5563025007672873
Natividade,2020-08-24,36,0,0,0,1.1428571428571428,0.0,,1.5563025007672873
Natividade,2020-08-25,49,13,0,0,1.6428571428571428,0.0,,1.6901960800285136
Natividade,2020-08-26,50,1,0,0,1.5,0.0,,1.6989700043360187
Natividade,2020-08-27,50,0,0,0,1.4285714285714286,0.0,,1.6989700043360187
Natividade,2020-08-28,54,4,0,0,1.5714285714285714,0.0,,1.7323937598229686
Natividade,2020-08-29,54,0,0,0,1.5714285714285714,0.0,,1.7323937598229686
Natividade,2020-08-30,54,0,0,0,1.2857142857142858,0.0,,1.7323937598229686
Natividade,2020-08-31,54,0,1,1,1.2857142857142858,0.07142857142857142,inf,1.7323937598229686
Natividade,2020-09-01,55,1,1,0,1.3571428571428572,0.07142857142857142,inf,1.7403626894942439
Natividade,2020-09-02,59,4,1,0,1.6428571428571428,0.07142857142857142,inf,1.7708520116421442
Natividade,2020-09-03,75,16,1,0,2.7857142857142856,0.07142857142857142,inf,1.8750612633917
Natividade,2020-09-04,121,46,1,0,6.071428571428571,0.07142857142857142,inf,2.08278537031645
Natividade,2020-09-05,135,14,1,0,7.071428571428571,0.07142857142857142,inf,2.130333768495006
Natividade,2020-09-06,135,0,1,0,7.071428571428571,0.07142857142857142,inf,2.130333768495006
Natividade,2020-09-07,135,0,1,0,7.071428571428571,0.07142857142857142,inf,2.130333768495006
Natividade,2020-09-08,135,0,1,0,6.142857142857143,0.07142857142857142,inf,2.130333768495006
Natividade,2020-09-09,135,0,1,0,6.071428571428571,0.07142857142857142,inf,2.130333768495006
Natividade,2020-09-10,134,-1,1,0,6.0,0.07142857142857142,inf,2.1271047983648077
Natividade,2020-09-11,134,0,1,0,5.714285714285714,0.07142857142857142,inf,2.1271047983648077
Natividade,2020-09-12,155,21,1,0,7.214285714285714,0.07142857142857142,inf,2.1903316981702914
Natividade,2020-09-13,155,0,1,0,7.214285714285714,0.07142857142857142,inf,2.1903316981702914
Natividade,2020-09-14,155,0,1,0,7.214285714285714,0.0,-1.0,2.1903316981702914
Natividade,2020-09-15,165,10,1,0,7.857142857142857,0.0,-1.0,2.2174839442139063
Natividade,2020-09-16,164,-1,1,0,7.5,0.0,-1.0,2.214843848047698
Natividade,2020-09-17,165,1,1,0,6.428571428571429,0.0,-1.0,2.2174839442139063
Natividade,2020-09-18,166,1,1,0,3.2142857142857144,0.0,-1.0,2.220108088040055
Natividade,2020-09-19,168,2,1,0,2.357142857142857,0.0,-1.0,2.225309281725863
Natividade,2020-09-20,168,0,1,0,2.357142857142857,0.0,-1.0,2.225309281725863
Natividade,2020-09-21,169,1,1,0,2.4285714285714284,0.0,-1.0,2.2278867046136734
Natividade,2020-09-22,169,0,1,0,2.4285714285714284,0.0,-1.0,2.2278867046136734
Natividade,2020-09-23,171,2,1,0,2.5714285714285716,0.0,-1.0,2.2329961103921536
Natividade,2020-09-24,175,4,1,0,2.9285714285714284,0.0,-1.0,2.2430380486862944
Natividade,2020-09-25,175,0,1,0,2.9285714285714284,0.0,-1.0,2.2430380486862944
Natividade,2020-09-26,176,1,1,0,1.5,0.0,-1.0,2.24551266781415
Natividade,2020-09-27,176,0,1,0,1.5,0.0,-1.0,2.24551266781415
Natividade,2020-09-28,176,0,1,0,1.5,0.0,,2.24551266781415
Natividade,2020-09-29,179,3,1,0,1.0,0.0,,2.2528530309798933
Natividade,2020-09-30,178,-1,1,0,1.0,0.0,,2.250420002308894
Natividade,2020-10-01,179,1,1,0,1.0,0.0,,2.2528530309798933
Natividade,2020-10-02,198,19,1,0,2.2857142857142856,0.0,,2.296665190261531
Natividade,2020-10-03,198,0,1,0,2.142857142857143,0.0,,2.296665190261531
Natividade,2020-10-04,198,0,1,0,2.142857142857143,0.0,,2.296665190261531
Natividade,2020-10-05,198,0,1,0,2.0714285714285716,0.0,,2.296665190261531
Natividade,2020-10-06,198,0,1,0,2.0714285714285716,0.0,,2.296665190261531
Natividade,2020-10-07,202,4,1,0,2.2142857142857144,0.0,,2.305351369446624
Natividade,2020-10-08,206,4,1,0,2.2142857142857144,0.0,,2.3138672203691533
Natividade,2020-10-09,206,0,1,0,2.2142857142857144,0.0,,2.3138672203691533
Natividade,2020-10-10,220,14,1,0,3.142857142857143,0.0,,2.342422680822206
Natividade,2020-10-11,220,0,1,0,3.142857142857143,0.0,,2.342422680822206
Natividade,2020-10-12,220,0,1,0,3.142857142857143,0.0,,2.342422680822206
Natividade,2020-10-13,220,0,1,0,2.9285714285714284,0.0,,2.342422680822206
Natividade,2020-10-14,226,6,1,0,3.4285714285714284,0.0,,2.3541084391474008
Natividade,2020-10-15,228,2,1,0,3.5,0.0,,2.357934847000454
Natividade,2020-10-16,239,11,1,0,2.9285714285714284,0.0,,2.3783979009481375
Natividade,2020-10-17,243,4,1,0,3.2142857142857144,0.0,,2.385606273598312
Natividade,2020-10-18,243,0,1,0,3.2142857142857144,0.0,,2.385606273598312
Natividade,2020-10-19,243,0,1,0,3.2142857142857144,0.0,,2.385606273598312
Natividade,2020-10-20,243,0,1,0,3.2142857142857144,0.0,,2.385606273598312
Natividade,2020-10-21,243,0,1,0,2.9285714285714284,0.0,,2.385606273598312
Natividade,2020-10-22,249,6,1,0,3.0714285714285716,0.0,,2.3961993470957363
Natividade,2020-10-23,261,12,1,0,3.9285714285714284,0.0,,2.416640507338281
Natividade,2020-10-24,264,3,1,0,3.142857142857143,0.0,,2.4216039268698313
Natividade,2020-10-25,264,0,1,0,3.142857142857143,0.0,,2.4216039268698313
Natividade,2020-10-26,264,0,1,0,3.142857142857143,0.0,,2.4216039268698313
Natividade,2020-10-27,267,3,1,0,3.357142857142857,0.0,,2.4265112613645754
Natividade,2020-10-28,267,0,1,0,2.9285714285714284,0.0,,2.4265112613645754
Natividade,2020-10-29,267,0,1,0,2.7857142857142856,0.0,,2.4265112613645754
Natividade,2020-10-30,267,0,1,0,2.0,0.0,,2.4265112613645754
Natividade,2020-10-31,267,0,1,0,1.7142857142857142,0.0,,2.4265112613645754
Natividade,2020-11-01,267,0,1,0,1.7142857142857142,0.0,,2.4265112613645754
Natividade,2020-11-02,267,0,1,0,1.7142857142857142,0.0,,2.4265112613645754
Natividade,2020-11-03,267,0,1,0,1.7142857142857142,0.0,,2.4265112613645754
Natividade,2020-11-04,275,8,1,0,2.2857142857142856,0.0,,2.439332693830263
Natividade,2020-11-05,288,13,1,0,2.7857142857142856,0.0,,2.459392487759231
Natividade,2020-11-06,288,0,1,0,1.9285714285714286,0.0,,2.459392487759231
Natividade,2020-11-07,303,15,1,0,2.7857142857142856,0.0,,2.481442628502305
Natividade,2020-11-08,303,0,1,0,2.7857142857142856,0.0,,2.481442628502305
Natividade,2020-11-09,303,0,1,0,2.7857142857142856,0.0,,2.481442628502305
Natividade,2020-11-10,303,0,1,0,2.5714285714285716,0.0,,2.481442628502305
Natividade,2020-11-11,317,14,1,0,3.5714285714285716,0.0,,2.5010592622177517
Natividade,2020-11-12,322,5,1,0,3.9285714285714284,0.0,,2.507855871695831
Natividade,2020-11-13,325,3,1,0,4.142857142857143,0.0,,2.5118833609788744
Natividade,2020-11-14,325,0,1,0,4.142857142857143,0.0,,2.5118833609788744
Natividade,2020-11-15,325,0,1,0,4.142857142857143,0.0,,2.5118833609788744
Natividade,2020-11-16,325,0,1,0,4.142857142857143,0.0,,2.5118833609788744
Natividade,2020-11-17,325,0,1,0,4.142857142857143,0.0,,2.5118833609788744
Natividade,2020-11-18,341,16,1,0,4.714285714285714,0.0,,2.5327543789924976
Natividade,2020-11-19,340,-1,2,1,3.7142857142857144,0.07142857142857142,inf,2.531478917042255
Natividade,2020-11-20,344,4,2,0,4.0,0.07142857142857142,inf,2.53655844257153
Natividade,2020-11-21,344,0,2,0,2.9285714285714284,0.07142857142857142,inf,2.53655844257153
Natividade,2020-11-22,345,1,2,0,3.0,0.07142857142857142,inf,2.537819095073274
Natividade,2020-11-23,345,0,2,0,3.0,0.07142857142857142,inf,2.537819095073274
Natividade,2020-11-24,345,0,2,0,3.0,0.07142857142857142,inf,2.537819095073274
Natividade,2020-11-25,365,20,2,0,3.4285714285714284,0.07142857142857142,inf,2.5622928644564746
Natividade,2020-11-26,365,0,2,0,3.0714285714285716,0.07142857142857142,inf,2.5622928644564746
Natividade,2020-11-27,368,3,2,0,3.0714285714285716,0.07142857142857142,inf,2.5658478186735176
Natividade,2020-11-28,376,8,2,0,3.642857142857143,0.07142857142857142,inf,2.575187844927661
Natividade,2020-11-29,376,0,2,0,3.642857142857143,0.07142857142857142,inf,2.575187844927661
Natividade,2020-11-30,376,0,2,0,3.642857142857143,0.07142857142857142,inf,2.575187844927661
Natividade,2020-12-01,377,1,2,0,3.7142857142857144,0.07142857142857142,inf,2.576341350205793
Natividade,2020-12-02,378,1,2,0,2.642857142857143,0.07142857142857142,inf,2.577491799837225
Natividade,2020-12-03,378,0,2,0,2.7142857142857144,0.0,-1.0,2.577491799837225
Natividade,2020-12-04,380,2,2,0,2.5714285714285716,0.0,-1.0,2.57978359661681
Natividade,2020-12-05,381,1,2,0,2.642857142857143,0.0,-1.0,2.5809249756756194
Natividade,2020-12-06,381,0,2,0,2.5714285714285716,0.0,-1.0,2.5809249756756194
Natividade,2020-12-07,381,0,2,0,2.5714285714285716,0.0,-1.0,2.5809249756756194
Natividade,2020-12-08,390,9,2,0,3.2142857142857144,0.0,-1.0,2.591064607026499
Natividade,2020-12-09,390,0,2,0,1.7857142857142858,0.0,-1.0,2.591064607026499
Natividade,2020-12-10,390,0,2,0,1.7857142857142858,0.0,-1.0,2.591064607026499
Natividade,2020-12-11,392,2,2,0,1.7142857142857142,0.0,-1.0,2.593286067020457
Natividade,2020-12-12,395,3,2,0,1.3571428571428572,0.0,-1.0,2.59659709562646
Natividade,2020-12-13,395,0,2,0,1.3571428571428572,0.0,-1.0,2.59659709562646
Natividade,2020-12-14,395,0,2,0,1.3571428571428572,0.0,-1.0,2.59659709562646
Natividade,2020-12-15,395,0,2,0,1.2857142857142858,0.0,-1.0,2.59659709562646
Natividade,2020-12-16,399,4,2,0,1.5,0.0,-1.0,2.6009728956867484
Natividade,2020-12-17,399,0,2,0,1.5,0.0,,2.6009728956867484
Natividade,2020-12-18,399,0,2,0,1.3571428571428572,0.0,,2.6009728956867484
Natividade,2020-12-19,403,4,2,0,1.5714285714285714,0.0,,2.6053050461411096
Natividade,2020-12-20,403,0,2,0,1.5714285714285714,0.0,,2.6053050461411096
Natividade,2020-12-21,403,0,2,0,1.5714285714285714,0.0,,2.6053050461411096
Natividade,2020-12-22,403,0,2,0,0.9285714285714286,0.0,,2.6053050461411096
Natividade,2020-12-23,403,0,2,0,0.9285714285714286,0.0,,2.6053050461411096
Natividade,2020-12-24,418,15,2,0,2.0,0.0,,2.621176281775035
Natividade,2020-12-25,418,0,2,0,1.8571428571428572,0.0,,2.621176281775035
Natividade,2020-12-26,418,0,2,0,1.6428571428571428,0.0,,2.621176281775035
Natividade,2020-12-27,418,0,2,0,1.6428571428571428,0.0,,2.621176281775035
Natividade,2020-12-28,418,0,2,0,1.6428571428571428,0.0,,2.621176281775035
Natividade,2020-12-29,425,7,2,0,2.142857142857143,0.0,,2.6283889300503116
Natividade,2020-12-30,429,4,2,0,2.142857142857143,0.0,,2.632457292184724
Natividade,2020-12-31,429,0,2,0,2.142857142857143,0.0,,2.632457292184724
Natividade,2021-01-01,429,0,2,0,2.142857142857143,0.0,,2.632457292184724
Natividade,2021-01-02,429,0,2,0,1.8571428571428572,0.0,,2.632457292184724
Natividade,2021-01-03,429,0,2,0,1.8571428571428572,0.0,,2.632457292184724
Natividade,2021-01-04,429,0,2,0,1.8571428571428572,0.0,,2.632457292184724
Natividade,2021-01-05,429,0,2,0,1.8571428571428572,0.0,,2.632457292184724
Natividade,2021-01-06,443,14,2,0,2.857142857142857,0.0,,2.6464037262230695
Natividade,2021-01-07,442,-1,2,0,1.7142857142857142,0.0,,2.645422269349092
Natividade,2021-01-08,460,18,2,0,3.0,0.0,,2.6627578316815743
Natividade,2021-01-09,460,0,2,0,3.0,0.0,,2.6627578316815743
Natividade,2021-01-10,460,0,2,0,3.0,0.0,,2.6627578316815743
Natividade,2021-01-11,461,1,3,1,3.0714285714285716,0.07142857142857142,inf,2.663700925389648
Natividade,2021-01-12,483,22,3,0,4.142857142857143,0.07142857142857142,inf,2.683947130751512
Natividade,2021-01-13,484,1,3,0,3.9285714285714284,0.07142857142857142,inf,2.6848453616444123
Natividade,2021-01-14,494,10,3,0,4.642857142857143,0.07142857142857142,inf,2.693726948923647
Natividade,2021-01-15,523,29,3,0,6.714285714285714,0.07142857142857142,inf,2.718501688867274
Natividade,2021-01-16,529,6,3,0,7.142857142857143,0.07142857142857142,inf,2.7234556720351857
Natividade,2021-01-17,529,0,3,0,7.142857142857143,0.07142857142857142,inf,2.7234556720351857
Natividade,2021-01-18,530,1,3,0,7.214285714285714,0.07142857142857142,inf,2.724275869600789
Natividade,2021-01-19,546,16,4,1,8.357142857142858,0.14285714285714285,inf,2.7371926427047373
Natividade,2021-01-20,552,6,5,1,7.785714285714286,0.21428571428571427,inf,2.741939077729199
Novo Jardim,2020-03-27,0,0,0,0,,,,0.0
Novo Jardim,2020-03-28,0,0,0,0,,,,0.0
Novo Jardim,2020-03-29,0,0,0,0,,,,0.0
Novo Jardim,2020-03-30,0,0,0,0,,,,0.0
Novo Jardim,2020-03-31,0,0,0,0,,,,0.0
Novo Jardim,2020-04-01,0,0,0,0,,,,0.0
Novo Jardim,2020-04-02,0,0,0,0,,,,0.0
Novo Jardim,2020-04-03,0,0,0,0,,,,0.0
Novo Jardim,2020-04-04,0,0,0,0,,,,0.0
Novo Jardim,2020-04-05,0,0,0,0,,,,0.0
Novo Jardim,2020-04-06,0,0,0,0,,,,0.0
Novo Jardim,2020-04-07,0,0,0,0,,,,0.0
Novo Jardim,2020-04-08,0,0,0,0,,,,0.0
Novo Jardim,2020-04-09,0,0,0,0,0.0,0.0,,0.0
Novo Jardim,2020-04-10,0,0,0,0,0.0,0.0,,0.0
Novo Jardim,2020-04-11,0,0,0,0,0.0,0.0,,0.0
Novo Jardim,2020-04-12,0,0,0,0,0.0,0.0,,0.0
Novo Jardim,2020-04-13,0,0,0,0,0.0,0.0,,0.0
Novo Jardim,2020-04-14,0,0,0,0,0.0,0.0,,0.0
Novo Jardim,2020-04-15,0,0,0,0,0.0,0.0,,0.0
Novo Jardim,2020-04-16,0,0,0,0,0.0,0.0,,0.0
Novo Jardim,2020-04-17,0,0,0,0,0.0,0.0,,0.0
Novo Jardim,2020-04-18,0,0,0,0,0.0,0.0,,0.0
Novo Jardim,2020-04-19,0,0,0,0,0.0,0.0,,0.0
Novo Jardim,2020-04-20,0,0,0,0,0.0,0.0,,0.0
Novo Jardim,2020-04-21,0,0,0,0,0.0,0.0,,0.0
Novo Jardim,2020-04-22,0,0,0,0,0.0,0.0,,0.0
Novo Jardim,2020-04-23,0,0,0,0,0.0,0.0,,0.0
Novo Jardim,2020-04-24,0,0,0,0,0.0,0.0,,0.0
Novo Jardim,2020-04-25,0,0,0,0,0.0,0.0,,0.0
Novo Jardim,2020-04-26,0,0,0,0,0.0,0.0,,0.0
Novo Jardim,2020-04-27,0,0,0,0,0.0,0.0,,0.0
Novo Jardim,2020-04-28,0,0,0,0,0.0,0.0,,0.0
Novo Jardim,2020-04-29,0,0,0,0,0.0,0.0,,0.0
Novo Jardim,2020-04-30,0,0,0,0,0.0,0.0,,0.0
Novo Jardim,2020-05-01,0,0,0,0,0.0,0.0,,0.0
Novo Jardim,2020-05-02,0,0,0,0,0.0,0.0,,0.0
Novo Jardim,2020-05-03,0,0,0,0,0.0,0.0,,0.0
Novo Jardim,2020-05-04,0,0,0,0,0.0,0.0,,0.0
Novo Jardim,2020-05-05,0,0,0,0,0.0,0.0,,0.0
Novo Jardim,2020-05-06,0,0,0,0,0.0,0.0,,0.0
Novo Jardim,2020-05-07,0,0,0,0,0.0,0.0,,0.0
Novo Jardim,2020-05-08,0,0,0,0,0.0,0.0,,0.0
Novo Jardim,2020-05-09,0,0,0,0,0.0,0.0,,0.0
Novo Jardim,2020-05-10,0,0,0,0,0.0,0.0,,0.0
Novo Jardim,2020-05-11,0,0,0,0,0.0,0.0,,0.0
Novo Jardim,2020-05-12,0,0,0,0,0.0,0.0,,0.0
Novo Jardim,2020-05-13,0,0,0,0,0.0,0.0,,0.0
Novo Jardim,2020-05-14,0,0,0,0,0.0,0.0,,0.0
Novo Jardim,2020-05-15,0,0,0,0,0.0,0.0,,0.0
Novo Jardim,2020-05-16,0,0,0,0,0.0,0.0,,0.0
Novo Jardim,2020-05-17,0,0,0,0,0.0,0.0,,0.0
Novo Jardim,2020-05-18,0,0,0,0,0.0,0.0,,0.0
Novo Jardim,2020-05-19,0,0,0,0,0.0,0.0,,0.0
Novo Jardim,2020-05-20,0,0,0,0,0.0,0.0,,0.0
Novo Jardim,2020-05-21,0,0,0,0,0.0,0.0,,0.0
Novo Jardim,2020-05-22,0,0,0,0,0.0,0.0,,0.0
Novo Jardim,2020-05-23,0,0,0,0,0.0,0.0,,0.0
Novo Jardim,2020-05-24,0,0,0,0,0.0,0.0,,0.0
Novo Jardim,2020-05-25,0,0,0,0,0.0,0.0,,0.0
Novo Jardim,2020-05-26,0,0,0,0,0.0,0.0,,0.0
Novo Jardim,2020-05-27,0,0,0,0,0.0,0.0,,0.0
Novo Jardim,2020-05-28,0,0,0,0,0.0,0.0,,0.0
Novo Jardim,2020-05-29,0,0,0,0,0.0,0.0,,0.0
Novo Jardim,2020-05-30,0,0,0,0,0.0,0.0,,0.0
Novo Jardim,2020-05-31,0,0,0,0,0.0,0.0,,0.0
Novo Jardim,2020-06-01,0,0,0,0,0.0,0.0,,0.0
Novo Jardim,2020-06-02,0,0,0,0,0.0,0.0,,0.0
Novo Jardim,2020-06-03,0,0,0,0,0.0,0.0,,0.0
Novo Jardim,2020-06-04,0,0,0,0,0.0,0.0,,0.0
Novo Jardim,2020-06-05,0,0,0,0,0.0,0.0,,0.0
Novo Jardim,2020-06-06,0,0,0,0,0.0,0.0,,0.0
Novo Jardim,2020-06-07,0,0,0,0,0.0,0.0,,0.0
Novo Jardim,2020-06-08,0,0,0,0,0.0,0.0,,0.0
Novo Jardim,2020-06-09,0,0,0,0,0.0,0.0,,0.0
Novo Jardim,2020-06-10,0,0,0,0,0.0,0.0,,0.0
Novo Jardim,2020-06-11,0,0,0,0,0.0,0.0,,0.0
Novo Jardim,2020-06-12,0,0,0,0,0.0,0.0,,0.0
Novo Jardim,2020-06-13,0,0,0,0,0.0,0.0,,0.0
Novo Jardim,2020-06-14,0,0,0,0,0.0,0.0,,0.0
Novo Jardim,2020-06-15,0,0,0,0,0.0,0.0,,0.0
Novo Jardim,2020-06-16,0,0,0,0,0.0,0.0,,0.0
Novo Jardim,2020-06-17,0,0,0,0,0.0,0.0,,0.0
Novo Jardim,2020-06-18,0,0,0,0,0.0,0.0,,0.0
Novo Jardim,2020-06-19,0,0,0,0,0.0,0.0,,0.0
Novo Jardim,2020-06-20,0,0,0,0,0.0,0.0,,0.0
Novo Jardim,2020-06-21,0,0,0,0,0.0,0.0,,0.0
Novo Jardim,2020-06-22,0,0,0,0,0.0,0.0,,0.0
Novo Jardim,2020-06-23,0,0,0,0,0.0,0.0,,0.0
Novo Jardim,2020-06-24,0,0,0,0,0.0,0.0,,0.0
Novo Jardim,2020-06-25,0,0,0,0,0.0,0.0,,0.0
Novo Jardim,2020-06-26,0,0,0,0,0.0,0.0,,0.0
Novo Jardim,2020-06-27,0,0,0,0,0.0,0.0,,0.0
Novo Jardim,2020-06-28,0,0,0,0,0.0,0.0,,0.0
Novo Jardim,2020-06-29,0,0,0,0,0.0,0.0,,0.0
Novo Jardim,2020-06-30,0,0,0,0,0.0,0.0,,0.0
Novo Jardim,2020-07-01,0,0,0,0,0.0,0.0,,0.0
Novo Jardim,2020-07-02,0,0,0,0,0.0,0.0,,0.0
Novo Jardim,2020-07-03,0,0,0,0,0.0,0.0,,0.0
Novo Jardim,2020-07-04,0,0,0,0,0.0,0.0,,0.0
Novo Jardim,2020-07-05,0,0,0,0,0.0,0.0,,0.0
Novo Jardim,2020-07-06,0,0,0,0,0.0,0.0,,0.0
Novo Jardim,2020-07-07,0,0,0,0,0.0,0.0,,0.0
Novo Jardim,2020-07-08,0,0,0,0,0.0,0.0,,0.0
Novo Jardim,2020-07-09,0,0,0,0,0.0,0.0,,0.0
Novo Jardim,2020-07-10,0,0,0,0,0.0,0.0,,0.0
Novo Jardim,2020-07-11,0,0,0,0,0.0,0.0,,0.0
Novo Jardim,2020-07-12,0,0,0,0,0.0,0.0,,0.0
Novo Jardim,2020-07-13,0,0,0,0,0.0,0.0,,0.0
Novo Jardim,2020-07-14,0,0,0,0,0.0,0.0,,0.0
Novo Jardim,2020-07-15,0,0,0,0,0.0,0.0,,0.0
Novo Jardim,2020-07-16,0,0,0,0,0.0,0.0,,0.0
Novo Jardim,2020-07-17,0,0,0,0,0.0,0.0,,0.0
Novo Jardim,2020-07-18,0,0,0,0,0.0,0.0,,0.0
Novo Jardim,2020-07-19,0,0,0,0,0.0,0.0,,0.0
Novo Jardim,2020-07-20,0,0,0,0,0.0,0.0,,0.0
Novo Jardim,2020-07-21,3,3,0,0,0.21428571428571427,0.0,,0.47712125471966244
Novo Jardim,2020-07-22,3,0,0,0,0.21428571428571427,0.0,,0.47712125471966244
Novo Jardim,2020-07-23,3,0,0,0,0.21428571428571427,0.0,,0.47712125471966244
Novo Jardim,2020-07-24,5,2,0,0,0.35714285714285715,0.0,,0.6989700043360189
Novo Jardim,2020-07-25,6,1,0,0,0.42857142857142855,0.0,,0.7781512503836436
Novo Jardim,2020-07-26,8,2,0,0,0.5714285714285714,0.0,,0.9030899869919435
Novo Jardim,2020-07-27,9,1,0,0,0.6428571428571429,0.0,,0.9542425094393249
Novo Jardim,2020-07-28,13,4,0,0,0.9285714285714286,0.0,,1.1139433523068367
Novo Jardim,2020-07-29,15,2,0,0,1.0714285714285714,0.0,,1.1760912590556813
Novo Jardim,2020-07-30,16,1,0,0,1.1428571428571428,0.0,,1.2041199826559248
Novo Jardim,2020-07-31,16,0,0,0,1.1428571428571428,0.0,,1.2041199826559248
Novo Jardim,2020-08-01,16,0,0,0,1.1428571428571428,0.0,,1.2041199826559248
Novo Jardim,2020-08-02,18,2,0,0,1.2857142857142858,0.0,,1.255272505103306
Novo Jardim,2020-08-03,18,0,0,0,1.2857142857142858,0.0,,1.255272505103306
Novo Jardim,2020-08-04,19,1,0,0,1.1428571428571428,0.0,,1.2787536009528289
Novo Jardim,2020-08-05,20,1,0,0,1.2142857142857142,0.0,,1.3010299956639813
Novo Jardim,2020-08-06,20,0,0,0,1.2142857142857142,0.0,,1.3010299956639813
Novo Jardim,2020-08-07,21,1,0,0,1.1428571428571428,0.0,,1.3222192947339193
Novo Jardim,2020-08-08,21,0,0,0,1.0714285714285714,0.0,,1.3222192947339193
Novo Jardim,2020-08-09,21,0,0,0,0.9285714285714286,0.0,,1.3222192947339193
Novo Jardim,2020-08-10,21,0,0,0,0.8571428571428571,0.0,,1.3222192947339193
Novo Jardim,2020-08-11,21,0,0,0,0.5714285714285714,0.0,,1.3222192947339193
Novo Jardim,2020-08-12,21,0,0,0,0.42857142857142855,0.0,,1.3222192947339193
Novo Jardim,2020-08-13,21,0,0,0,0.35714285714285715,0.0,,1.3222192947339193
Novo Jardim,2020-08-14,20,-1,0,0,0.2857142857142857,0.0,,1.3010299956639813
Novo Jardim,2020-08-15,20,0,0,0,0.2857142857142857,0.0,,1.3010299956639813
Novo Jardim,2020-08-16,20,0,0,0,0.14285714285714285,0.0,,1.3010299956639813
Novo Jardim,2020-08-17,20,0,0,0,0.14285714285714285,0.0,,1.3010299956639813
Novo Jardim,2020-08-18,20,0,0,0,0.07142857142857142,0.0,,1.3010299956639813
Novo Jardim,2020-08-19,20,0,0,0,0.0,0.0,,1.3010299956639813
Novo Jardim,2020-08-20,20,0,0,0,0.0,0.0,,1.3010299956639813
Novo Jardim,2020-08-21,21,1,0,0,0.0,0.0,,1.3222192947339193
Novo Jardim,2020-08-22,21,0,0,0,0.0,0.0,,1.3222192947339193
Novo Jardim,2020-08-23,21,0,0,0,0.0,0.0,,1.3222192947339193
Novo Jardim,2020-08-24,21,0,0,0,0.0,0.0,,1.3222192947339193
Novo Jardim,2020-08-25,22,1,0,0,0.07142857142857142,0.0,,1.3424226808222062
Novo Jardim,2020-08-26,22,0,0,0,0.07142857142857142,0.0,,1.3424226808222062
Novo Jardim,2020-08-27,22,0,0,0,0.07142857142857142,0.0,,1.3424226808222062
Novo Jardim,2020-08-28,22,0,0,0,0.14285714285714285,0.0,,1.3424226808222062
Novo Jardim,2020-08-29,22,0,0,0,0.14285714285714285,0.0,,1.3424226808222062
Novo Jardim,2020-08-30,22,0,0,0,0.14285714285714285,0.0,,1.3424226808222062
Novo Jardim,2020-08-31,22,0,0,0,0.14285714285714285,0.0,,1.3424226808222062
Novo Jardim,2020-09-01,23,1,0,0,0.21428571428571427,0.0,,1.3617278360175928
Novo Jardim,2020-09-02,23,0,0,0,0.21428571428571427,0.0,,1.3617278360175928
Novo Jardim,2020-09-03,23,0,0,0,0.21428571428571427,0.0,,1.3617278360175928
Novo Jardim,2020-09-04,23,0,0,0,0.14285714285714285,0.0,,1.3617278360175928
Novo Jardim,2020-09-05,23,0,0,0,0.14285714285714285,0.0,,1.3617278360175928
Novo Jardim,2020-09-06,23,0,0,0,0.14285714285714285,0.0,,1.3617278360175928
Novo Jardim,2020-09-07,23,0,0,0,0.14285714285714285,0.0,,1.3617278360175928
Novo Jardim,2020-09-08,23,0,0,0,0.07142857142857142,0.0,,1.3617278360175928
Novo Jardim,2020-09-09,23,0,0,0,0.07142857142857142,0.0,,1.3617278360175928
Novo Jardim,2020-09-10,23,0,0,0,0.07142857142857142,0.0,,1.3617278360175928
Novo Jardim,2020-09-11,23,0,0,0,0.07142857142857142,0.0,,1.3617278360175928
Novo Jardim,2020-09-12,23,0,0,0,0.07142857142857142,0.0,,1.3617278360175928
Novo Jardim,2020-09-13,23,0,0,0,0.07142857142857142,0.0,,1.3617278360175928
Novo Jardim,2020-09-14,23,0,0,0,0.07142857142857142,0.0,,1.3617278360175928
Novo Jardim,2020-09-15,23,0,0,0,0.0,0.0,,1.3617278360175928
Novo Jardim,2020-09-16,23,0,0,0,0.0,0.0,,1.3617278360175928
Novo Jardim,2020-09-17,24,1,0,0,0.07142857142857142,0.0,,1.380211241711606
Novo Jardim,2020-09-18,24,0,0,0,0.07142857142857142,0.0,,1.380211241711606
Novo Jardim,2020-09-19,24,0,0,0,0.07142857142857142,0.0,,1.380211241711606
Novo Jardim,2020-09-20,24,0,0,0,0.07142857142857142,0.0,,1.380211241711606
Novo Jardim,2020-09-21,24,0,0,0,0.07142857142857142,0.0,,1.380211241711606
Novo Jardim,2020-09-22,24,0,0,0,0.07142857142857142,0.0,,1.380211241711606
Novo Jardim,2020-09-23,24,0,0,0,0.07142857142857142,0.0,,1.380211241711606
Novo Jardim,2020-09-24,25,1,0,0,0.14285714285714285,0.0,,1.3979400086720377
Novo Jardim,2020-09-25,26,1,0,0,0.21428571428571427,0.0,,1.414973347970818
Novo Jardim,2020-09-26,26,0,0,0,0.21428571428571427,0.0,,1.414973347970818
Novo Jardim,2020-09-27,26,0,0,0,0.21428571428571427,0.0,,1.414973347970818
Novo Jardim,2020-09-28,26,0,0,0,0.21428571428571427,0.0,,1.414973347970818
Novo Jardim,2020-09-29,26,0,0,0,0.21428571428571427,0.0,,1.414973347970818
Novo Jardim,2020-09-30,28,2,0,0,0.35714285714285715,0.0,,1.4471580313422192
Novo Jardim,2020-10-01,28,0,0,0,0.2857142857142857,0.0,,1.4471580313422192
Novo Jardim,2020-10-02,28,0,0,0,0.2857142857142857,0.0,,1.4471580313422192
Novo Jardim,2020-10-03,29,1,0,0,0.35714285714285715,0.0,,1.462397997898956
Novo Jardim,2020-10-04,29,0,0,0,0.35714285714285715,0.0,,1.462397997898956
Novo Jardim,2020-10-05,29,0,0,0,0.35714285714285715,0.0,,1.462397997898956
Novo Jardim,2020-10-06,29,0,0,0,0.35714285714285715,0.0,,1.462397997898956
Novo Jardim,2020-10-07,33,4,0,0,0.6428571428571429,0.0,,1.5185139398778875
Novo Jardim,2020-10-08,34,1,0,0,0.6428571428571429,0.0,,1.5314789170422551
Novo Jardim,2020-10-09,34,0,0,0,0.5714285714285714,0.0,,1.5314789170422551
Novo Jardim,2020-10-10,34,0,0,0,0.5714285714285714,0.0,,1.5314789170422551
Novo Jardim,2020-10-11,34,0,0,0,0.5714285714285714,0.0,,1.5314789170422551
Novo Jardim,2020-10-12,34,0,0,0,0.5714285714285714,0.0,,1.5314789170422551
Novo Jardim,2020-10-13,34,0,0,0,0.5714285714285714,0.0,,1.5314789170422551
Novo Jardim,2020-10-14,35,1,0,0,0.5,0.0,,1.5440680443502757
Novo Jardim,2020-10-15,35,0,0,0,0.5,0.0,,1.5440680443502757
Novo Jardim,2020-10-16,37,2,0,0,0.6428571428571429,0.0,,1.568201724066995
Novo Jardim,2020-10-17,38,1,0,0,0.6428571428571429,0.0,,1.5797835966168101
Novo Jardim,2020-10-18,38,0,0,0,0.6428571428571429,0.0,,1.5797835966168101
Novo Jardim,2020-10-19,38,0,0,0,0.6428571428571429,0.0,,1.5797835966168101
Novo Jardim,2020-10-20,41,3,0,0,0.8571428571428571,0.0,,1.6127838567197355
Novo Jardim,2020-10-21,45,4,0,0,0.8571428571428571,0.0,,1.6532125137753437
Novo Jardim,2020-10-22,46,1,0,0,0.8571428571428571,0.0,,1.662757831681574
Novo Jardim,2020-10-23,48,2,0,0,1.0,0.0,,1.6812412373755872
Novo Jardim,2020-10-24,48,0,0,0,1.0,0.0,,1.6812412373755872
Novo Jardim,2020-10-25,48,0,0,0,1.0,0.0,,1.6812412373755872
Novo Jardim,2020-10-26,48,0,0,0,1.0,0.0,,1.6812412373755872
Novo Jardim,2020-10-27,50,2,0,0,1.1428571428571428,0.0,,1.6989700043360187
Novo Jardim,2020-10-28,51,1,0,0,1.1428571428571428,0.0,,1.7075701760979363
Novo Jardim,2020-10-29,51,0,0,0,1.1428571428571428,0.0,,1.7075701760979363
Novo Jardim,2020-10-30,51,0,0,0,1.0,0.0,,1.7075701760979363
Novo Jardim,2020-10-31,51,0,0,0,0.9285714285714286,0.0,,1.7075701760979363
Novo Jardim,2020-11-01,51,0,0,0,0.9285714285714286,0.0,,1.7075701760979363
Novo Jardim,2020-11-02,51,0,0,0,0.9285714285714286,0.0,,1.7075701760979363
Novo Jardim,2020-11-03,51,0,0,0,0.7142857142857143,0.0,,1.7075701760979363
Novo Jardim,2020-11-04,53,2,0,0,0.5714285714285714,0.0,,1.7242758696007892
Novo Jardim,2020-11-05,53,0,0,0,0.5,0.0,,1.7242758696007892
Novo Jardim,2020-11-06,53,0,0,0,0.35714285714285715,0.0,,1.7242758696007892
Novo Jardim,2020-11-07,53,0,0,0,0.35714285714285715,0.0,,1.7242758696007892
Novo Jardim,2020-11-08,53,0,0,0,0.35714285714285715,0.0,,1.7242758696007892
Novo Jardim,2020-11-09,53,0,0,0,0.35714285714285715,0.0,,1.7242758696007892
Novo Jardim,2020-11-10,53,0,0,0,0.21428571428571427,0.0,,1.7242758696007892
Novo Jardim,2020-11-11,53,0,0,0,0.14285714285714285,0.0,,1.7242758696007892
Novo Jardim,2020-11-12,53,0,0,0,0.14285714285714285,0.0,,1.7242758696007892
Novo Jardim,2020-11-13,53,0,0,0,0.14285714285714285,0.0,,1.7242758696007892
Novo Jardim,2020-11-14,53,0,0,0,0.14285714285714285,0.0,,1.7242758696007892
Novo Jardim,2020-11-15,53,0,0,0,0.14285714285714285,0.0,,1.7242758696007892
Novo Jardim,2020-11-16,53,0,0,0,0.14285714285714285,0.0,,1.7242758696007892
Novo Jardim,2020-11-17,53,0,0,0,0.14285714285714285,0.0,,1.7242758696007892
Novo Jardim,2020-11-18,53,0,0,0,0.0,0.0,,1.7242758696007892
Novo Jardim,2020-11-19,53,0,0,0,0.0,0.0,,1.7242758696007892
Novo Jardim,2020-11-20,53,0,0,0,0.0,0.0,,1.7242758696007892
Novo Jardim,2020-11-21,53,0,0,0,0.0,0.0,,1.7242758696007892
Novo Jardim,2020-11-22,53,0,0,0,0.0,0.0,,1.7242758696007892
Novo Jardim,2020-11-23,53,0,0,0,0.0,0.0,,1.7242758696007892
Novo Jardim,2020-11-24,53,0,0,0,0.0,0.0,,1.7242758696007892
Novo Jardim,2020-11-25,53,0,0,0,0.0,0.0,,1.7242758696007892
Novo Jardim,2020-11-26,54,1,0,0,0.07142857142857142,0.0,,1.7323937598229686
Novo Jardim,2020-11-27,54,0,0,0,0.07142857142857142,0.0,,1.7323937598229686
Novo Jardim,2020-11-28,56,2,0,0,0.21428571428571427,0.0,,1.7481880270062005
Novo Jardim,2020-11-29,56,0,0,0,0.21428571428571427,0.0,,1.7481880270062005
Novo Jardim,2020-11-30,56,0,0,0,0.21428571428571427,0.0,,1.7481880270062005
Novo Jardim,2020-12-01,59,3,0,0,0.42857142857142855,0.0,,1.7708520116421442
Novo Jardim,2020-12-02,59,0,0,0,0.42857142857142855,0.0,,1.7708520116421442
Novo Jardim,2020-12-03,60,1,0,0,0.5,0.0,,1.7781512503836436
Novo Jardim,2020-12-04,62,2,0,0,0.6428571428571429,0.0,,1.792391689498254
Novo Jardim,2020-12-05,62,0,0,0,0.6428571428571429,0.0,,1.792391689498254
Novo Jardim,2020-12-06,62,0,0,0,0.6428571428571429,0.0,,1.792391689498254
Novo Jardim,2020-12-07,62,0,0,0,0.6428571428571429,0.0,,1.792391689498254
Novo Jardim,2020-12-08,62,0,0,0,0.6428571428571429,0.0,,1.792391689498254
Novo Jardim,2020-12-09,64,2,0,0,0.7857142857142857,0.0,,1.806179973983887
Novo Jardim,2020-12-10,64,0,0,0,0.7142857142857143,0.0,,1.806179973983887
Novo Jardim,2020-12-11,64,0,0,0,0.7142857142857143,0.0,,1.806179973983887
Novo Jardim,2020-12-12,64,0,0,0,0.5714285714285714,0.0,,1.806179973983887
Novo Jardim,2020-12-13,64,0,0,0,0.5714285714285714,0.0,,1.806179973983887
Novo Jardim,2020-12-14,64,0,0,0,0.5714285714285714,0.0,,1.806179973983887
Novo Jardim,2020-12-15,64,0,0,0,0.35714285714285715,0.0,,1.806179973983887
Novo Jardim,2020-12-16,64,0,0,0,0.35714285714285715,0.0,,1.806179973983887
Novo Jardim,2020-12-17,64,0,0,0,0.2857142857142857,0.0,,1.806179973983887
Novo Jardim,2020-12-18,65,1,0,0,0.21428571428571427,0.0,,1.8129133566428555
Novo Jardim,2020-12-19,68,3,0,0,0.42857142857142855,0.0,,1.8325089127062364
Novo Jardim,2020-12-20,68,0,0,0,0.42857142857142855,0.0,,1.8325089127062364
Novo Jardim,2020-12-21,68,0,0,0,0.42857142857142855,0.0,,1.8325089127062364
Novo Jardim,2020-12-22,70,2,0,0,0.5714285714285714,0.0,,1.845098040014257
Novo Jardim,2020-12-23,70,0,0,0,0.42857142857142855,0.0,,1.845098040014257
Novo Jardim,2020-12-24,70,0,0,0,0.42857142857142855,0.0,,1.845098040014257
Novo Jardim,2020-12-25,70,0,0,0,0.42857142857142855,0.0,,1.845098040014257
Novo Jardim,2020-12-26,70,0,0,0,0.42857142857142855,0.0,,1.845098040014257
Novo Jardim,2020-12-27,70,0,0,0,0.42857142857142855,0.0,,1.845098040014257
Novo Jardim,2020-12-28,70,0,0,0,0.42857142857142855,0.0,,1.845098040014257
Novo Jardim,2020-12-29,70,0,0,0,0.42857142857142855,0.0,,1.845098040014257
Novo Jardim,2020-12-30,70,0,0,0,0.42857142857142855,0.0,,1.845098040014257
Novo Jardim,2020-12-31,71,1,0,0,0.5,0.0,,1.8512583487190752
Novo Jardim,2021-01-01,71,0,0,0,0.42857142857142855,0.0,,1.8512583487190752
Novo Jardim,2021-01-02,71,0,0,0,0.21428571428571427,0.0,,1.8512583487190752
Novo Jardim,2021-01-03,71,0,0,0,0.21428571428571427,0.0,,1.8512583487190752
Novo Jardim,2021-01-04,71,0,0,0,0.21428571428571427,0.0,,1.8512583487190752
Novo Jardim,2021-01-05,71,0,0,0,0.07142857142857142,0.0,,1.8512583487190752
Novo Jardim,2021-01-06,71,0,0,0,0.07142857142857142,0.0,,1.8512583487190752
Novo Jardim,2021-01-07,71,0,0,0,0.07142857142857142,0.0,,1.8512583487190752
Novo Jardim,2021-01-08,71,0,0,0,0.07142857142857142,0.0,,1.8512583487190752
Novo Jardim,2021-01-09,71,0,0,0,0.07142857142857142,0.0,,1.8512583487190752
Novo Jardim,2021-01-10,71,0,0,0,0.07142857142857142,0.0,,1.8512583487190752
Novo Jardim,2021-01-11,71,0,0,0,0.07142857142857142,0.0,,1.8512583487190752
Novo Jardim,2021-01-12,71,0,0,0,0.07142857142857142,0.0,,1.8512583487190752
Novo Jardim,2021-01-13,71,0,0,0,0.07142857142857142,0.0,,1.8512583487190752
Novo Jardim,2021-01-14,72,1,0,0,0.07142857142857142,0.0,,1.8573324964312685
Novo Jardim,2021-01-15,72,0,0,0,0.07142857142857142,0.0,,1.8573324964312685
Novo Jardim,2021-01-16,72,0,0,0,0.07142857142857142,0.0,,1.8573324964312685
Novo Jardim,2021-01-17,72,0,0,0,0.07142857142857142,0.0,,1.8573324964312685
Novo Jardim,2021-01-18,72,0,0,0,0.07142857142857142,0.0,,1.8573324964312685
Novo Jardim,2021-01-19,72,0,0,0,0.07142857142857142,0.0,,1.8573324964312685
Novo Jardim,2021-01-20,72,0,0,0,0.07142857142857142,0.0,,1.8573324964312685
Oliveira de Fátima,2020-03-27,0,0,0,0,,,,0.0
Oliveira de Fátima,2020-03-28,0,0,0,0,,,,0.0
Oliveira de Fátima,2020-03-29,0,0,0,0,,,,0.0
Oliveira de Fátima,2020-03-30,0,0,0,0,,,,0.0
Oliveira de Fátima,2020-03-31,0,0,0,0,,,,0.0
Oliveira de Fátima,2020-04-01,0,0,0,0,,,,0.0
Oliveira de Fátima,2020-04-02,0,0,0,0,,,,0.0
Oliveira de Fátima,2020-04-03,0,0,0,0,,,,0.0
Oliveira de Fátima,2020-04-04,0,0,0,0,,,,0.0
Oliveira de Fátima,2020-04-05,0,0,0,0,,,,0.0
Oliveira de Fátima,2020-04-06,0,0,0,0,,,,0.0
Oliveira de Fátima,2020-04-07,0,0,0,0,,,,0.0
Oliveira de Fátima,2020-04-08,0,0,0,0,,,,0.0
Oliveira de Fátima,2020-04-09,0,0,0,0,0.0,0.0,,0.0
Oliveira de Fátima,2020-04-10,0,0,0,0,0.0,0.0,,0.0
Oliveira de Fátima,2020-04-11,0,0,0,0,0.0,0.0,,0.0
Oliveira de Fátima,2020-04-12,0,0,0,0,0.0,0.0,,0.0
Oliveira de Fátima,2020-04-13,0,0,0,0,0.0,0.0,,0.0
Oliveira de Fátima,2020-04-14,0,0,0,0,0.0,0.0,,0.0
Oliveira de Fátima,2020-04-15,0,0,0,0,0.0,0.0,,0.0
Oliveira de Fátima,2020-04-16,0,0,0,0,0.0,0.0,,0.0
Oliveira de Fátima,2020-04-17,0,0,0,0,0.0,0.0,,0.0
Oliveira de Fátima,2020-04-18,0,0,0,0,0.0,0.0,,0.0
Oliveira de Fátima,2020-04-19,0,0,0,0,0.0,0.0,,0.0
Oliveira de Fátima,2020-04-20,0,0,0,0,0.0,0.0,,0.0
Oliveira de Fátima,2020-04-21,0,0,0,0,0.0,0.0,,0.0
Oliveira de Fátima,2020-04-22,0,0,0,0,0.0,0.0,,0.0
Oliveira de Fátima,2020-04-23,0,0,0,0,0.0,0.0,,0.0
Oliveira de Fátima,2020-04-24,0,0,0,0,0.0,0.0,,0.0
Oliveira de Fátima,2020-04-25,0,0,0,0,0.0,0.0,,0.0
Oliveira de Fátima,2020-04-26,0,0,0,0,0.0,0.0,,0.0
Oliveira de Fátima,2020-04-27,0,0,0,0,0.0,0.0,,0.0
Oliveira de Fátima,2020-04-28,0,0,0,0,0.0,0.0,,0.0
Oliveira de Fátima,2020-04-29,0,0,0,0,0.0,0.0,,0.0
Oliveira de Fátima,2020-04-30,0,0,0,0,0.0,0.0,,0.0
Oliveira de Fátima,2020-05-01,0,0,0,0,0.0,0.0,,0.0
Oliveira de Fátima,2020-05-02,0,0,0,0,0.0,0.0,,0.0
Oliveira de Fátima,2020-05-03,0,0,0,0,0.0,0.0,,0.0
Oliveira de Fátima,2020-05-04,0,0,0,0,0.0,0.0,,0.0
Oliveira de Fátima,2020-05-05,0,0,0,0,0.0,0.0,,0.0
Oliveira de Fátima,2020-05-06,0,0,0,0,0.0,0.0,,0.0
Oliveira de Fátima,2020-05-07,0,0,0,0,0.0,0.0,,0.0
Oliveira de Fátima,2020-05-08,0,0,0,0,0.0,0.0,,0.0
Oliveira de Fátima,2020-05-09,0,0,0,0,0.0,0.0,,0.0
Oliveira de Fátima,2020-05-10,0,0,0,0,0.0,0.0,,0.0
Oliveira de Fátima,2020-05-11,0,0,0,0,0.0,0.0,,0.0
Oliveira de Fátima,2020-05-12,0,0,0,0,0.0,0.0,,0.0
Oliveira de Fátima,2020-05-13,0,0,0,0,0.0,0.0,,0.0
Oliveira de Fátima,2020-05-14,0,0,0,0,0.0,0.0,,0.0
Oliveira de Fátima,2020-05-15,1,1,0,0,0.07142857142857142,0.0,,0.0
Oliveira de Fátima,2020-05-16,3,2,0,0,0.21428571428571427,0.0,,0.47712125471966244
Oliveira de Fátima,2020-05-17,3,0,0,0,0.21428571428571427,0.0,,0.47712125471966244
Oliveira de Fátima,2020-05-18,3,0,0,0,0.21428571428571427,0.0,,0.47712125471966244
Oliveira de Fátima,2020-05-19,4,1,0,0,0.2857142857142857,0.0,,0.6020599913279624
Oliveira de Fátima,2020-05-20,5,1,0,0,0.35714285714285715,0.0,,0.6989700043360189
Oliveira de Fátima,2020-05-21,5,0,0,0,0.35714285714285715,0.0,,0.6989700043360189
Oliveira de Fátima,2020-05-22,5,0,0,0,0.35714285714285715,0.0,,0.6989700043360189
Oliveira de Fátima,2020-05-23,6,1,0,0,0.42857142857142855,0.0,,0.7781512503836436
Oliveira de Fátima,2020-05-24,6,0,0,0,0.42857142857142855,0.0,,0.7781512503836436
Oliveira de Fátima,2020-05-25,6,0,0,0,0.42857142857142855,0.0,,0.7781512503836436
Oliveira de Fátima,2020-05-26,6,0,0,0,0.42857142857142855,0.0,,0.7781512503836436
Oliveira de Fátima,2020-05-27,6,0,0,0,0.42857142857142855,0.0,,0.7781512503836436
Oliveira de Fátima,2020-05-28,6,0,0,0,0.42857142857142855,0.0,,0.7781512503836436
Oliveira de Fátima,2020-05-29,6,0,0,0,0.35714285714285715,0.0,,0.7781512503836436
Oliveira de Fátima,2020-05-30,6,0,0,0,0.21428571428571427,0.0,,0.7781512503836436
Oliveira de Fátima,2020-05-31,6,0,0,0,0.21428571428571427,0.0,,0.7781512503836436
Oliveira de Fátima,2020-06-01,6,0,0,0,0.21428571428571427,0.0,,0.7781512503836436
Oliveira de Fátima,2020-06-02,6,0,0,0,0.14285714285714285,0.0,,0.7781512503836436
Oliveira de Fátima,2020-06-03,6,0,0,0,0.07142857142857142,0.0,,0.7781512503836436
Oliveira de Fátima,2020-06-04,6,0,0,0,0.07142857142857142,0.0,,0.7781512503836436
Oliveira de Fátima,2020-06-05,6,0,0,0,0.07142857142857142,0.0,,0.7781512503836436
Oliveira de Fátima,2020-06-06,6,0,0,0,0.0,0.0,,0.7781512503836436
Oliveira de Fátima,2020-06-07,8,2,0,0,0.14285714285714285,0.0,,0.9030899869919435
Oliveira de Fátima,2020-06-08,8,0,0,0,0.14285714285714285,0.0,,0.9030899869919435
Oliveira de Fátima,2020-06-09,8,0,0,0,0.14285714285714285,0.0,,0.9030899869919435
Oliveira de Fátima,2020-06-10,8,0,0,0,0.14285714285714285,0.0,,0.9030899869919435
Oliveira de Fátima,2020-06-11,13,5,0,0,0.5,0.0,,1.1139433523068367
Oliveira de Fátima,2020-06-12,13,0,0,0,0.5,0.0,,1.1139433523068367
Oliveira de Fátima,2020-06-13,13,0,0,0,0.5,0.0,,1.1139433523068367
Oliveira de Fátima,2020-06-14,13,0,0,0,0.5,0.0,,1.1139433523068367
Oliveira de Fátima,2020-06-15,14,1,0,0,0.5714285714285714,0.0,,1.146128035678238
Oliveira de Fátima,2020-06-16,14,0,0,0,0.5714285714285714,0.0,,1.146128035678238
Oliveira de Fátima,2020-06-17,14,0,0,0,0.5714285714285714,0.0,,1.146128035678238
Oliveira de Fátima,2020-06-18,14,0,0,0,0.5714285714285714,0.0,,1.146128035678238
Oliveira de Fátima,2020-06-19,14,0,0,0,0.5714285714285714,0.0,,1.146128035678238
Oliveira de Fátima,2020-06-20,16,2,0,0,0.7142857142857143,0.0,,1.2041199826559248
Oliveira de Fátima,2020-06-21,16,0,0,0,0.5714285714285714,0.0,,1.2041199826559248
Oliveira de Fátima,2020-06-22,17,1,0,0,0.6428571428571429,0.0,,1.2304489213782739
Oliveira de Fátima,2020-06-23,17,0,0,0,0.6428571428571429,0.0,,1.2304489213782739
Oliveira de Fátima,2020-06-24,18,1,15,15,0.7142857142857143,1.0714285714285714,inf,1.255272505103306
Oliveira de Fátima,2020-06-25,18,0,0,-15,0.35714285714285715,0.0,,1.255272505103306
Oliveira de Fátima,2020-06-26,19,1,0,0,0.42857142857142855,0.0,,1.2787536009528289
Oliveira de Fátima,2020-06-27,19,0,0,0,0.42857142857142855,0.0,,1.2787536009528289
Oliveira de Fátima,2020-06-28,19,0,0,0,0.42857142857142855,0.0,,1.2787536009528289
Oliveira de Fátima,2020-06-29,19,0,0,0,0.35714285714285715,0.0,,1.2787536009528289
Oliveira de Fátima,2020-06-30,19,0,0,0,0.35714285714285715,0.0,,1.2787536009528289
Oliveira de Fátima,2020-07-01,19,0,0,0,0.35714285714285715,0.0,,1.2787536009528289
Oliveira de Fátima,2020-07-02,19,0,0,0,0.35714285714285715,0.0,,1.2787536009528289
Oliveira de Fátima,2020-07-03,19,0,0,0,0.35714285714285715,0.0,,1.2787536009528289
Oliveira de Fátima,2020-07-04,20,1,0,0,0.2857142857142857,0.0,,1.3010299956639813
Oliveira de Fátima,2020-07-05,20,0,0,0,0.2857142857142857,0.0,,1.3010299956639813
Oliveira de Fátima,2020-07-06,21,1,0,0,0.2857142857142857,0.0,,1.3222192947339193
Oliveira de Fátima,2020-07-07,21,0,0,0,0.2857142857142857,0.0,,1.3222192947339193
Oliveira de Fátima,2020-07-08,22,1,0,0,0.2857142857142857,-1.0714285714285714,-2.0,1.3424226808222062
Oliveira de Fátima,2020-07-09,23,1,0,0,0.35714285714285715,0.0,,1.3617278360175928
Oliveira de Fátima,2020-07-10,23,0,0,0,0.2857142857142857,0.0,,1.3617278360175928
Oliveira de Fátima,2020-07-11,23,0,0,0,0.2857142857142857,0.0,,1.3617278360175928
Oliveira de Fátima,2020-07-12,23,0,0,0,0.2857142857142857,0.0,,1.3617278360175928
Oliveira de Fátima,2020-07-13,23,0,0,0,0.2857142857142857,0.0,,1.3617278360175928
Oliveira de Fátima,2020-07-14,23,0,0,0,0.2857142857142857,0.0,,1.3617278360175928
Oliveira de Fátima,2020-07-15,23,0,0,0,0.2857142857142857,0.0,,1.3617278360175928
Oliveira de Fátima,2020-07-16,23,0,0,0,0.2857142857142857,0.0,,1.3617278360175928
Oliveira de Fátima,2020-07-17,23,0,0,0,0.2857142857142857,0.0,,1.3617278360175928
Oliveira de Fátima,2020-07-18,23,0,0,0,0.21428571428571427,0.0,,1.3617278360175928
Oliveira de Fátima,2020-07-19,23,0,0,0,0.21428571428571427,0.0,,1.3617278360175928
Oliveira de Fátima,2020-07-20,23,0,0,0,0.14285714285714285,0.0,,1.3617278360175928
Oliveira de Fátima,2020-07-21,24,1,0,0,0.21428571428571427,0.0,,1.380211241711606
Oliveira de Fátima,2020-07-22,24,0,0,0,0.14285714285714285,0.0,-1.0,1.380211241711606
Oliveira de Fátima,2020-07-23,24,0,0,0,0.07142857142857142,0.0,,1.380211241711606
Oliveira de Fátima,2020-07-24,24,0,0,0,0.07142857142857142,0.0,,1.380211241711606
Oliveira de Fátima,2020-07-25,25,1,0,0,0.14285714285714285,0.0,,1.3979400086720377
Oliveira de Fátima,2020-07-26,25,0,0,0,0.14285714285714285,0.0,,1.3979400086720377
Oliveira de Fátima,2020-07-27,25,0,0,0,0.14285714285714285,0.0,,1.3979400086720377
Oliveira de Fátima,2020-07-28,25,0,0,0,0.14285714285714285,0.0,,1.3979400086720377
Oliveira de Fátima,2020-07-29,25,0,0,0,0.14285714285714285,0.0,,1.3979400086720377
Oliveira de Fátima,2020-07-30,25,0,0,0,0.14285714285714285,0.0,,1.3979400086720377
Oliveira de Fátima,2020-07-31,26,1,0,0,0.21428571428571427,0.0,,1.414973347970818
Oliveira de Fátima,2020-08-01,26,0,0,0,0.21428571428571427,0.0,,1.414973347970818
Oliveira de Fátima,2020-08-02,26,0,0,0,0.21428571428571427,0.0,,1.414973347970818
Oliveira de Fátima,2020-08-03,26,0,0,0,0.21428571428571427,0.0,,1.414973347970818
Oliveira de Fátima,2020-08-04,26,0,0,0,0.14285714285714285,0.0,,1.414973347970818
Oliveira de Fátima,2020-08-05,27,1,0,0,0.21428571428571427,0.0,,1.4313637641589874
Oliveira de Fátima,2020-08-06,27,0,0,0,0.21428571428571427,0.0,,1.4313637641589874
Oliveira de Fátima,2020-08-07,27,0,0,0,0.21428571428571427,0.0,,1.4313637641589874
Oliveira de Fátima,2020-08-08,27,0,0,0,0.14285714285714285,0.0,,1.4313637641589874
Oliveira de Fátima,2020-08-09,27,0,0,0,0.14285714285714285,0.0,,1.4313637641589874
Oliveira de Fátima,2020-08-10,29,2,0,0,0.2857142857142857,0.0,,1.462397997898956
Oliveira de Fátima,2020-08-11,29,0,0,0,0.2857142857142857,0.0,,1.462397997898956
Oliveira de Fátima,2020-08-12,29,0,0,0,0.2857142857142857,0.0,,1.462397997898956
Oliveira de Fátima,2020-08-13,29,0,0,0,0.2857142857142857,0.0,,1.462397997898956
Oliveira de Fátima,2020-08-14,32,3,0,0,0.42857142857142855,0.0,,1.505149978319906
Oliveira de Fátima,2020-08-15,32,0,0,0,0.42857142857142855,0.0,,1.505149978319906
Oliveira de Fátima,2020-08-16,32,0,0,0,0.42857142857142855,0.0,,1.505149978319906
Oliveira de Fátima,2020-08-17,32,0,0,0,0.42857142857142855,0.0,,1.505149978319906
Oliveira de Fátima,2020-08-18,32,0,0,0,0.42857142857142855,0.0,,1.505149978319906
Oliveira de Fátima,2020-08-19,32,0,0,0,0.35714285714285715,0.0,,1.505149978319906
Oliveira de Fátima,2020-08-20,32,0,0,0,0.35714285714285715,0.0,,1.505149978319906
Oliveira de Fátima,2020-08-21,32,0,0,0,0.35714285714285715,0.0,,1.505149978319906
Oliveira de Fátima,2020-08-22,32,0,0,0,0.35714285714285715,0.0,,1.505149978319906
Oliveira de Fátima,2020-08-23,32,0,0,0,0.35714285714285715,0.0,,1.505149978319906
Oliveira de Fátima,2020-08-24,32,0,0,0,0.21428571428571427,0.0,,1.505149978319906
Oliveira de Fátima,2020-08-25,33,1,0,0,0.2857142857142857,0.0,,1.5185139398778875
Oliveira de Fátima,2020-08-26,34,1,0,0,0.35714285714285715,0.0,,1.5314789170422551
Oliveira de Fátima,2020-08-27,34,0,0,0,0.35714285714285715,0.0,,1.5314789170422551
Oliveira de Fátima,2020-08-28,34,0,0,0,0.14285714285714285,0.0,,1.5314789170422551
Oliveira de Fátima,2020-08-29,34,0,0,0,0.14285714285714285,0.0,,1.5314789170422551
Oliveira de Fátima,2020-08-30,34,0,0,0,0.14285714285714285,0.0,,1.5314789170422551
Oliveira de Fátima,2020-08-31,34,0,0,0,0.14285714285714285,0.0,,1.5314789170422551
Oliveira de Fátima,2020-09-01,34,0,0,0,0.14285714285714285,0.0,,1.5314789170422551
Oliveira de Fátima,2020-09-02,37,3,0,0,0.35714285714285715,0.0,,1.568201724066995
Oliveira de Fátima,2020-09-03,39,2,0,0,0.5,0.0,,1.591064607026499
Oliveira de Fátima,2020-09-04,41,2,0,0,0.6428571428571429,0.0,,1.6127838567197355
Oliveira de Fátima,2020-09-05,41,0,0,0,0.6428571428571429,0.0,,1.6127838567197355
Oliveira de Fátima,2020-09-06,41,0,0,0,0.6428571428571429,0.0,,1.6127838567197355
Oliveira de Fátima,2020-09-07,41,0,0,0,0.6428571428571429,0.0,,1.6127838567197355
Oliveira de Fátima,2020-09-08,41,0,0,0,0.5714285714285714,0.0,,1.6127838567197355
Oliveira de Fátima,2020-09-09,41,0,0,0,0.5,0.0,,1.6127838567197355
Oliveira de Fátima,2020-09-10,46,5,0,0,0.8571428571428571,0.0,,1.662757831681574
Oliveira de Fátima,2020-09-11,48,2,0,0,1.0,0.0,,1.6812412373755872
Oliveira de Fátima,2020-09-12,48,0,0,0,1.0,0.0,,1.6812412373755872
Oliveira de Fátima,2020-09-13,48,0,0,0,1.0,0.0,,1.6812412373755872
Oliveira de Fátima,2020-09-14,48,0,0,0,1.0,0.0,,1.6812412373755872
Oliveira de Fátima,2020-09-15,48,0,0,0,1.0,0.0,,1.6812412373755872
Oliveira de Fátima,2020-09-16,48,0,0,0,0.7857142857142857,0.0,,1.6812412373755872
Oliveira de Fátima,2020-09-17,48,0,0,0,0.6428571428571429,0.0,,1.6812412373755872
Oliveira de Fátima,2020-09-18,49,1,0,0,0.5714285714285714,0.0,,1.6901960800285136
Oliveira de Fátima,2020-09-19,49,0,0,0,0.5714285714285714,0.0,,1.6901960800285136
Oliveira de Fátima,2020-09-20,49,0,0,0,0.5714285714285714,0.0,,1.6901960800285136
Oliveira de Fátima,2020-09-21,49,0,0,0,0.5714285714285714,0.0,,1.6901960800285136
Oliveira de Fátima,2020-09-22,49,0,0,0,0.5714285714285714,0.0,,1.6901960800285136
Oliveira de Fátima,2020-09-23,53,4,0,0,0.8571428571428571,0.0,,1.7242758696007892
Oliveira de Fátima,2020-09-24,53,0,0,0,0.5,0.0,,1.7242758696007892
Oliveira de Fátima,2020-09-25,53,0,0,0,0.35714285714285715,0.0,,1.7242758696007892
Oliveira de Fátima,2020-09-26,53,0,0,0,0.35714285714285715,0.0,,1.7242758696007892
Oliveira de Fátima,2020-09-27,53,0,0,0,0.35714285714285715,0.0,,1.7242758696007892
Oliveira de Fátima,2020-09-28,53,0,0,0,0.35714285714285715,0.0,,1.7242758696007892
Oliveira de Fátima,2020-09-29,55,2,0,0,0.5,0.0,,1.7403626894942439
Oliveira de Fátima,2020-09-30,55,0,0,0,0.5,0.0,,1.7403626894942439
Oliveira de Fátima,2020-10-01,55,0,0,0,0.5,0.0,,1.7403626894942439
Oliveira de Fátima,2020-10-02,60,5,0,0,0.7857142857142857,0.0,,1.7781512503836436
Oliveira de Fátima,2020-10-03,60,0,0,0,0.7857142857142857,0.0,,1.7781512503836436
Oliveira de Fátima,2020-10-04,60,0,0,0,0.7857142857142857,0.0,,1.7781512503836436
Oliveira de Fátima,2020-10-05,60,0,0,0,0.7857142857142857,0.0,,1.7781512503836436
Oliveira de Fátima,2020-10-06,60,0,0,0,0.7857142857142857,0.0,,1.7781512503836436
Oliveira de Fátima,2020-10-07,60,0,0,0,0.5,0.0,,1.7781512503836436
Oliveira de Fátima,2020-10-08,60,0,1,1,0.5,0.07142857142857142,inf,1.7781512503836436
Oliveira de Fátima,2020-10-09,60,0,1,0,0.5,0.07142857142857142,inf,1.7781512503836436
Oliveira de Fátima,2020-10-10,60,0,1,0,0.5,0.07142857142857142,inf,1.7781512503836436
Oliveira de Fátima,2020-10-11,60,0,1,0,0.5,0.07142857142857142,inf,1.7781512503836436
Oliveira de Fátima,2020-10-12,60,0,1,0,0.5,0.07142857142857142,inf,1.7781512503836436
Oliveira de Fátima,2020-10-13,60,0,1,0,0.35714285714285715,0.07142857142857142,inf,1.7781512503836436
Oliveira de Fátima,2020-10-14,60,0,1,0,0.35714285714285715,0.07142857142857142,inf,1.7781512503836436
Oliveira de Fátima,2020-10-15,60,0,1,0,0.35714285714285715,0.07142857142857142,inf,1.7781512503836436
Oliveira de Fátima,2020-10-16,61,1,1,0,0.07142857142857142,0.07142857142857142,inf,1.7853298350107671
Oliveira de Fátima,2020-10-17,61,0,1,0,0.07142857142857142,0.07142857142857142,inf,1.7853298350107671
Oliveira de Fátima,2020-10-18,61,0,1,0,0.07142857142857142,0.07142857142857142,inf,1.7853298350107671
Oliveira de Fátima,2020-10-19,61,0,1,0,0.07142857142857142,0.07142857142857142,inf,1.7853298350107671
Oliveira de Fátima,2020-10-20,61,0,1,0,0.07142857142857142,0.07142857142857142,inf,1.7853298350107671
Oliveira de Fátima,2020-10-21,61,0,1,0,0.07142857142857142,0.07142857142857142,inf,1.7853298350107671
Oliveira de Fátima,2020-10-22,61,0,1,0,0.07142857142857142,0.0,-1.0,1.7853298350107671
Oliveira de Fátima,2020-10-23,61,0,1,0,0.07142857142857142,0.0,-1.0,1.7853298350107671
Oliveira de Fátima,2020-10-24,61,0,1,0,0.07142857142857142,0.0,-1.0,1.7853298350107671
Oliveira de Fátima,2020-10-25,61,0,1,0,0.07142857142857142,0.0,-1.0,1.7853298350107671
Oliveira de Fátima,2020-10-26,61,0,1,0,0.07142857142857142,0.0,-1.0,1.7853298350107671
Oliveira de Fátima,2020-10-27,61,0,1,0,0.07142857142857142,0.0,-1.0,1.7853298350107671
Oliveira de Fátima,2020-10-28,61,0,1,0,0.07142857142857142,0.0,-1.0,1.7853298350107671
Oliveira de Fátima,2020-10-29,61,0,1,0,0.07142857142857142,0.0,-1.0,1.7853298350107671
Oliveira de Fátima,2020-10-30,61,0,1,0,0.0,0.0,-1.0,1.7853298350107671
Oliveira de Fátima,2020-10-31,61,0,1,0,0.0,0.0,-1.0,1.7853298350107671
Oliveira de Fátima,2020-11-01,61,0,1,0,0.0,0.0,-1.0,1.7853298350107671
Oliveira de Fátima,2020-11-02,61,0,1,0,0.0,0.0,-1.0,1.7853298350107671
Oliveira de Fátima,2020-11-03,61,0,1,0,0.0,0.0,-1.0,1.7853298350107671
Oliveira de Fátima,2020-11-04,61,0,1,0,0.0,0.0,-1.0,1.7853298350107671
Oliveira de Fátima,2020-11-05,61,0,1,0,0.0,0.0,,1.7853298350107671
Oliveira de Fátima,2020-11-06,61,0,1,0,0.0,0.0,,1.7853298350107671
Oliveira de Fátima,2020-11-07,61,0,1,0,0.0,0.0,,1.7853298350107671
Oliveira de Fátima,2020-11-08,61,0,1,0,0.0,0.0,,1.7853298350107671
Oliveira de Fátima,2020-11-09,61,0,1,0,0.0,0.0,,1.7853298350107671
Oliveira de Fátima,2020-11-10,61,0,1,0,0.0,0.0,,1.7853298350107671
Oliveira de Fátima,2020-11-11,61,0,1,0,0.0,0.0,,1.7853298350107671
Oliveira de Fátima,2020-11-12,61,0,1,0,0.0,0.0,,1.7853298350107671
Oliveira de Fátima,2020-11-13,61,0,1,0,0.0,0.0,,1.7853298350107671
Oliveira de Fátima,2020-11-14,61,0,1,0,0.0,0.0,,1.7853298350107671
Oliveira de Fátima,2020-11-15,61,0,1,0,0.0,0.0,,1.7853298350107671
Oliveira de Fátima,2020-11-16,61,0,1,0,0.0,0.0,,1.7853298350107671
Oliveira de Fátima,2020-11-17,61,0,1,0,0.0,0.0,,1.7853298350107671
Oliveira de Fátima,2020-11-18,61,0,1,0,0.0,0.0,,1.7853298350107671
Oliveira de Fátima,2020-11-19,64,3,1,0,0.21428571428571427,0.0,,1.806179973983887
Oliveira de Fátima,2020-11-20,64,0,1,0,0.21428571428571427,0.0,,1.806179973983887
Oliveira de Fátima,2020-11-21,64,0,1,0,0.21428571428571427,0.0,,1.806179973983887
Oliveira de Fátima,2020-11-22,64,0,1,0,0.21428571428571427,0.0,,1.806179973983887
Oliveira de Fátima,2020-11-23,64,0,1,0,0.21428571428571427,0.0,,1.806179973983887
Oliveira de Fátima,2020-11-24,64,0,1,0,0.21428571428571427,0.0,,1.806179973983887
Oliveira de Fátima,2020-11-25,64,0,1,0,0.21428571428571427,0.0,,1.806179973983887
Oliveira de Fátima,2020-11-26,65,1,1,0,0.2857142857142857,0.0,,1.8129133566428555
Oliveira de Fátima,2020-11-27,65,0,1,0,0.2857142857142857,0.0,,1.8129133566428555
Oliveira de Fátima,2020-11-28,65,0,1,0,0.2857142857142857,0.0,,1.8129133566428555
Oliveira de Fátima,2020-11-29,65,0,1,0,0.2857142857142857,0.0,,1.8129133566428555
Oliveira de Fátima,2020-11-30,65,0,1,0,0.2857142857142857,0.0,,1.8129133566428555
Oliveira de Fátima,2020-12-01,65,0,1,0,0.2857142857142857,0.0,,1.8129133566428555
Oliveira de Fátima,2020-12-02,65,0,1,0,0.2857142857142857,0.0,,1.8129133566428555
Oliveira de Fátima,2020-12-03,65,0,1,0,0.07142857142857142,0.0,,1.8129133566428555
Oliveira de Fátima,2020-12-04,65,0,1,0,0.07142857142857142,0.0,,1.8129133566428555
Oliveira de Fátima,2020-12-05,65,0,1,0,0.07142857142857142,0.0,,1.8129133566428555
Oliveira de Fátima,2020-12-06,65,0,1,0,0.07142857142857142,0.0,,1.8129133566428555
Oliveira de Fátima,2020-12-07,65,0,1,0,0.07142857142857142,0.0,,1.8129133566428555
Oliveira de Fátima,2020-12-08,65,0,1,0,0.07142857142857142,0.0,,1.8129133566428555
Oliveira de Fátima,2020-12-09,65,0,1,0,0.07142857142857142,0.0,,1.8129133566428555
Oliveira de Fátima,2020-12-10,65,0,1,0,0.0,0.0,,1.8129133566428555
Oliveira de Fátima,2020-12-11,65,0,1,0,0.0,0.0,,1.8129133566428555
Oliveira de Fátima,2020-12-12,65,0,1,0,0.0,0.0,,1.8129133566428555
Oliveira de Fátima,2020-12-13,65,0,1,0,0.0,0.0,,1.8129133566428555
Oliveira de Fátima,2020-12-14,65,0,1,0,0.0,0.0,,1.8129133566428555
Oliveira de Fátima,2020-12-15,65,0,1,0,0.0,0.0,,1.8129133566428555
Oliveira de Fátima,2020-12-16,65,0,1,0,0.0,0.0,,1.8129133566428555
Oliveira de Fátima,2020-12-17,66,1,1,0,0.07142857142857142,0.0,,1.8195439355418688
Oliveira de Fátima,2020-12-18,66,0,1,0,0.07142857142857142,0.0,,1.8195439355418688
Oliveira de Fátima,2020-12-19,66,0,1,0,0.07142857142857142,0.0,,1.8195439355418688
Oliveira de Fátima,2020-12-20,66,0,1,0,0.07142857142857142,0.0,,1.8195439355418688
Oliveira de Fátima,2020-12-21,66,0,1,0,0.07142857142857142,0.0,,1.8195439355418688
Oliveira de Fátima,2020-12-22,66,0,1,0,0.07142857142857142,0.0,,1.8195439355418688
Oliveira de Fátima,2020-12-23,66,0,1,0,0.07142857142857142,0.0,,1.8195439355418688
Oliveira de Fátima,2020-12-24,66,0,1,0,0.07142857142857142,0.0,,1.8195439355418688
Oliveira de Fátima,2020-12-25,66,0,1,0,0.07142857142857142,0.0,,1.8195439355418688
Oliveira de Fátima,2020-12-26,66,0,1,0,0.07142857142857142,0.0,,1.8195439355418688
Oliveira de Fátima,2020-12-27,66,0,1,0,0.07142857142857142,0.0,,1.8195439355418688
Oliveira de Fátima,2020-12-28,66,0,1,0,0.07142857142857142,0.0,,1.8195439355418688
Oliveira de Fátima,2020-12-29,66,0,1,0,0.07142857142857142,0.0,,1.8195439355418688
Oliveira de Fátima,2020-12-30,66,0,1,0,0.07142857142857142,0.0,,1.8195439355418688
Oliveira de Fátima,2020-12-31,66,0,1,0,0.0,0.0,,1.8195439355418688
Oliveira de Fátima,2021-01-01,66,0,1,0,0.0,0.0,,1.8195439355418688
Oliveira de Fátima,2021-01-02,66,0,1,0,0.0,0.0,,1.8195439355418688
Oliveira de Fátima,2021-01-03,66,0,1,0,0.0,0.0,,1.8195439355418688
Oliveira de Fátima,2021-01-04,67,1,1,0,0.07142857142857142,0.0,,1.8260748027008264
Oliveira de Fátima,2021-01-05,67,0,1,0,0.07142857142857142,0.0,,1.8260748027008264
Oliveira de Fátima,2021-01-06,67,0,1,0,0.07142857142857142,0.0,,1.8260748027008264
Oliveira de Fátima,2021-01-07,68,1,1,0,0.14285714285714285,0.0,,1.8325089127062364
Oliveira de Fátima,2021-01-08,68,0,1,0,0.14285714285714285,0.0,,1.8325089127062364
Oliveira de Fátima,2021-01-09,68,0,1,0,0.14285714285714285,0.0,,1.8325089127062364
Oliveira de Fátima,2021-01-10,68,0,1,0,0.14285714285714285,0.0,,1.8325089127062364
Oliveira de Fátima,2021-01-11,68,0,1,0,0.14285714285714285,0.0,,1.8325089127062364
Oliveira de Fátima,2021-01-12,68,0,1,0,0.14285714285714285,0.0,,1.8325089127062364
Oliveira de Fátima,2021-01-13,68,0,1,0,0.14285714285714285,0.0,,1.8325089127062364
Oliveira de Fátima,2021-01-14,68,0,1,0,0.14285714285714285,0.0,,1.8325089127062364
Oliveira de Fátima,2021-01-15,68,0,1,0,0.14285714285714285,0.0,,1.8325089127062364
Oliveira de Fátima,2021-01-16,68,0,1,0,0.14285714285714285,0.0,,1.8325089127062364
Oliveira de Fátima,2021-01-17,68,0,1,0,0.14285714285714285,0.0,,1.8325089127062364
Oliveira de Fátima,2021-01-18,68,0,1,0,0.07142857142857142,0.0,,1.8325089127062364
Oliveira de Fátima,2021-01-19,67,-1,1,0,0.0,0.0,,1.8260748027008264
Oliveira de Fátima,2021-01-20,67,0,1,0,0.0,0.0,,1.8260748027008264
Palmeirante,2020-03-27,0,0,0,0,,,,0.0
Palmeirante,2020-03-28,0,0,0,0,,,,0.0
Palmeirante,2020-03-29,0,0,0,0,,,,0.0
Palmeirante,2020-03-30,0,0,0,0,,,,0.0
Palmeirante,2020-03-31,0,0,0,0,,,,0.0
Palmeirante,2020-04-01,0,0,0,0,,,,0.0
Palmeirante,2020-04-02,0,0,0,0,,,,0.0
Palmeirante,2020-04-03,0,0,0,0,,,,0.0
Palmeirante,2020-04-04,0,0,0,0,,,,0.0
Palmeirante,2020-04-05,0,0,0,0,,,,0.0
Palmeirante,2020-04-06,0,0,0,0,,,,0.0
Palmeirante,2020-04-07,0,0,0,0,,,,0.0
Palmeirante,2020-04-08,0,0,0,0,,,,0.0
Palmeirante,2020-04-09,0,0,0,0,0.0,0.0,,0.0
Palmeirante,2020-04-10,0,0,0,0,0.0,0.0,,0.0
Palmeirante,2020-04-11,0,0,0,0,0.0,0.0,,0.0
Palmeirante,2020-04-12,0,0,0,0,0.0,0.0,,0.0
Palmeirante,2020-04-13,0,0,0,0,0.0,0.0,,0.0
Palmeirante,2020-04-14,0,0,0,0,0.0,0.0,,0.0
Palmeirante,2020-04-15,0,0,0,0,0.0,0.0,,0.0
Palmeirante,2020-04-16,0,0,0,0,0.0,0.0,,0.0
Palmeirante,2020-04-17,0,0,0,0,0.0,0.0,,0.0
Palmeirante,2020-04-18,0,0,0,0,0.0,0.0,,0.0
Palmeirante,2020-04-19,0,0,0,0,0.0,0.0,,0.0
Palmeirante,2020-04-20,0,0,0,0,0.0,0.0,,0.0
Palmeirante,2020-04-21,0,0,0,0,0.0,0.0,,0.0
Palmeirante,2020-04-22,0,0,0,0,0.0,0.0,,0.0
Palmeirante,2020-04-23,0,0,0,0,0.0,0.0,,0.0
Palmeirante,2020-04-24,0,0,0,0,0.0,0.0,,0.0
Palmeirante,2020-04-25,0,0,0,0,0.0,0.0,,0.0
Palmeirante,2020-04-26,0,0,0,0,0.0,0.0,,0.0
Palmeirante,2020-04-27,0,0,0,0,0.0,0.0,,0.0
Palmeirante,2020-04-28,0,0,0,0,0.0,0.0,,0.0
Palmeirante,2020-04-29,0,0,0,0,0.0,0.0,,0.0
Palmeirante,2020-04-30,0,0,0,0,0.0,0.0,,0.0
Palmeirante,2020-05-01,0,0,0,0,0.0,0.0,,0.0
Palmeirante,2020-05-02,0,0,0,0,0.0,0.0,,0.0
Palmeirante,2020-05-03,0,0,0,0,0.0,0.0,,0.0
Palmeirante,2020-05-04,0,0,0,0,0.0,0.0,,0.0
Palmeirante,2020-05-05,0,0,0,0,0.0,0.0,,0.0
Palmeirante,2020-05-06,0,0,0,0,0.0,0.0,,0.0
Palmeirante,2020-05-07,0,0,0,0,0.0,0.0,,0.0
Palmeirante,2020-05-08,0,0,0,0,0.0,0.0,,0.0
Palmeirante,2020-05-09,0,0,0,0,0.0,0.0,,0.0
Palmeirante,2020-05-10,0,0,0,0,0.0,0.0,,0.0
Palmeirante,2020-05-11,0,0,0,0,0.0,0.0,,0.0
Palmeirante,2020-05-12,0,0,0,0,0.0,0.0,,0.0
Palmeirante,2020-05-13,0,0,0,0,0.0,0.0,,0.0
Palmeirante,2020-05-14,0,0,0,0,0.0,0.0,,0.0
Palmeirante,2020-05-15,0,0,0,0,0.0,0.0,,0.0
Palmeirante,2020-05-16,0,0,0,0,0.0,0.0,,0.0
Palmeirante,2020-05-17,0,0,0,0,0.0,0.0,,0.0
Palmeirante,2020-05-18,0,0,0,0,0.0,0.0,,0.0
Palmeirante,2020-05-19,0,0,0,0,0.0,0.0,,0.0
Palmeirante,2020-05-20,0,0,0,0,0.0,0.0,,0.0
Palmeirante,2020-05-21,0,0,0,0,0.0,0.0,,0.0
Palmeirante,2020-05-22,0,0,0,0,0.0,0.0,,0.0
Palmeirante,2020-05-23,0,0,0,0,0.0,0.0,,0.0
Palmeirante,2020-05-24,0,0,0,0,0.0,0.0,,0.0
Palmeirante,2020-05-25,0,0,0,0,0.0,0.0,,0.0
Palmeirante,2020-05-26,0,0,0,0,0.0,0.0,,0.0
Palmeirante,2020-05-27,0,0,0,0,0.0,0.0,,0.0
Palmeirante,2020-05-28,0,0,0,0,0.0,0.0,,0.0
Palmeirante,2020-05-29,0,0,0,0,0.0,0.0,,0.0
Palmeirante,2020-05-30,0,0,0,0,0.0,0.0,,0.0
Palmeirante,2020-05-31,0,0,0,0,0.0,0.0,,0.0
Palmeirante,2020-06-01,0,0,0,0,0.0,0.0,,0.0
Palmeirante,2020-06-02,2,2,0,0,0.14285714285714285,0.0,,0.3010299956639812
Palmeirante,2020-06-03,2,0,0,0,0.14285714285714285,0.0,,0.3010299956639812
Palmeirante,2020-06-04,2,0,0,0,0.14285714285714285,0.0,,0.3010299956639812
Palmeirante,2020-06-05,2,0,0,0,0.14285714285714285,0.0,,0.3010299956639812
Palmeirante,2020-06-06,2,0,0,0,0.14285714285714285,0.0,,0.3010299956639812
Palmeirante,2020-06-07,2,0,0,0,0.14285714285714285,0.0,,0.3010299956639812
Palmeirante,2020-06-08,2,0,0,0,0.14285714285714285,0.0,,0.3010299956639812
Palmeirante,2020-06-09,2,0,0,0,0.14285714285714285,0.0,,0.3010299956639812
Palmeirante,2020-06-10,3,1,0,0,0.21428571428571427,0.0,,0.47712125471966244
Palmeirante,2020-06-11,6,3,0,0,0.42857142857142855,0.0,,0.7781512503836436
Palmeirante,2020-06-12,6,0,0,0,0.42857142857142855,0.0,,0.7781512503836436
Palmeirante,2020-06-13,6,0,0,0,0.42857142857142855,0.0,,0.7781512503836436
Palmeirante,2020-06-14,6,0,0,0,0.42857142857142855,0.0,,0.7781512503836436
Palmeirante,2020-06-15,6,0,0,0,0.42857142857142855,0.0,,0.7781512503836436
Palmeirante,2020-06-16,7,1,0,0,0.35714285714285715,0.0,,0.8450980400142568
Palmeirante,2020-06-17,8,1,0,0,0.42857142857142855,0.0,,0.9030899869919435
Palmeirante,2020-06-18,8,0,0,0,0.42857142857142855,0.0,,0.9030899869919435
Palmeirante,2020-06-19,8,0,0,0,0.42857142857142855,0.0,,0.9030899869919435
Palmeirante,2020-06-20,11,3,0,0,0.6428571428571429,0.0,,1.041392685158225
Palmeirante,2020-06-21,12,1,1,1,0.7142857142857143,0.07142857142857142,inf,1.0791812460476249
Palmeirante,2020-06-22,19,7,1,0,1.2142857142857142,0.07142857142857142,inf,1.2787536009528289
Palmeirante,2020-06-23,20,1,1,0,1.2857142857142858,0.07142857142857142,inf,1.3010299956639813
Palmeirante,2020-06-24,21,1,1,0,1.2857142857142858,0.07142857142857142,inf,1.3222192947339193
Palmeirante,2020-06-25,22,1,1,0,1.1428571428571428,0.07142857142857142,inf,1.3424226808222062
Palmeirante,2020-06-26,22,0,1,0,1.1428571428571428,0.07142857142857142,inf,1.3424226808222062
Palmeirante,2020-06-27,22,0,1,0,1.1428571428571428,0.07142857142857142,inf,1.3424226808222062
Palmeirante,2020-06-28,23,1,1,0,1.2142857142857142,0.07142857142857142,inf,1.3617278360175928
Palmeirante,2020-06-29,23,0,1,0,1.2142857142857142,0.07142857142857142,inf,1.3617278360175928
Palmeirante,2020-06-30,25,2,1,0,1.2857142857142858,0.07142857142857142,inf,1.3979400086720377
Palmeirante,2020-07-01,26,1,1,0,1.2857142857142858,0.07142857142857142,inf,1.414973347970818
Palmeirante,2020-07-02,26,0,1,0,1.2857142857142858,0.07142857142857142,inf,1.414973347970818
Palmeirante,2020-07-03,26,0,1,0,1.2857142857142858,0.07142857142857142,inf,1.414973347970818
Palmeirante,2020-07-04,26,0,1,0,1.0714285714285714,0.07142857142857142,inf,1.414973347970818
Palmeirante,2020-07-05,26,0,1,0,1.0,0.0,-1.0,1.414973347970818
Palmeirante,2020-07-06,26,0,1,0,0.5,0.0,-1.0,1.414973347970818
Palmeirante,2020-07-07,28,2,1,0,0.5714285714285714,0.0,-1.0,1.4471580313422192
Palmeirante,2020-07-08,29,1,1,0,0.5714285714285714,0.0,-1.0,1.462397997898956
Palmeirante,2020-07-09,32,3,1,0,0.7142857142857143,0.0,-1.0,1.505149978319906
Palmeirante,2020-07-10,33,1,1,0,0.7857142857142857,0.0,-1.0,1.5185139398778875
Palmeirante,2020-07-11,35,2,1,0,0.9285714285714286,0.0,-1.0,1.5440680443502757
Palmeirante,2020-07-12,35,0,1,0,0.8571428571428571,0.0,-1.0,1.5440680443502757
Palmeirante,2020-07-13,35,0,1,0,0.8571428571428571,0.0,-1.0,1.5440680443502757
Palmeirante,2020-07-14,37,2,2,1,0.8571428571428571,0.07142857142857142,0.0,1.568201724066995
Palmeirante,2020-07-15,40,3,2,0,1.0,0.07142857142857142,0.0,1.6020599913279625
Palmeirante,2020-07-16,40,0,2,0,1.0,0.07142857142857142,0.0,1.6020599913279625
Palmeirante,2020-07-17,40,0,2,0,1.0,0.07142857142857142,0.0,1.6020599913279625
Palmeirante,2020-07-18,40,0,2,0,1.0,0.07142857142857142,0.0,1.6020599913279625
Palmeirante,2020-07-19,40,0,2,0,1.0,0.07142857142857142,inf,1.6020599913279625
Palmeirante,2020-07-20,41,1,2,0,1.0714285714285714,0.07142857142857142,inf,1.6127838567197355
Palmeirante,2020-07-21,41,0,2,0,0.9285714285714286,0.07142857142857142,inf,1.6127838567197355
Palmeirante,2020-07-22,43,2,2,0,1.0,0.07142857142857142,inf,1.6334684555795866
Palmeirante,2020-07-23,45,2,3,1,0.9285714285714286,0.14285714285714285,inf,1.6532125137753437
Palmeirante,2020-07-24,50,5,3,0,1.2142857142857142,0.14285714285714285,inf,1.6989700043360187
Palmeirante,2020-07-25,53,3,3,0,1.2857142857142858,0.14285714285714285,inf,1.7242758696007892
Palmeirante,2020-07-26,54,1,3,0,1.3571428571428572,0.14285714285714285,inf,1.7323937598229686
Palmeirante,2020-07-27,54,0,3,0,1.3571428571428572,0.14285714285714285,inf,1.7323937598229686
Palmeirante,2020-07-28,60,6,3,0,1.6428571428571428,0.07142857142857142,0.0,1.7781512503836436
Palmeirante,2020-07-29,65,5,3,0,1.7857142857142858,0.07142857142857142,0.0,1.8129133566428555
Palmeirante,2020-07-30,68,3,3,0,2.0,0.07142857142857142,0.0,1.8325089127062364
Palmeirante,2020-07-31,67,-1,3,0,1.9285714285714286,0.07142857142857142,0.0,1.8260748027008264
Palmeirante,2020-08-01,67,0,3,0,1.9285714285714286,0.07142857142857142,0.0,1.8260748027008264
Palmeirante,2020-08-02,72,5,3,0,2.2857142857142856,0.07142857142857142,0.0,1.8573324964312685
Palmeirante,2020-08-03,72,0,3,0,2.2142857142857144,0.07142857142857142,0.0,1.8573324964312685
Palmeirante,2020-08-04,72,0,3,0,2.2142857142857144,0.07142857142857142,0.0,1.8573324964312685
Palmeirante,2020-08-05,74,2,3,0,2.2142857142857144,0.07142857142857142,0.0,1.8692317197309762
Palmeirante,2020-08-06,77,3,3,0,2.2857142857142856,0.0,-1.0,1.8864907251724818
Palmeirante,2020-08-07,80,3,3,0,2.142857142857143,0.0,-1.0,1.9030899869919435
Palmeirante,2020-08-08,80,0,3,0,1.9285714285714286,0.0,-1.0,1.9030899869919435
Palmeirante,2020-08-09,81,1,3,0,1.9285714285714286,0.0,-1.0,1.9084850188786497
Palmeirante,2020-08-10,81,0,3,0,1.9285714285714286,0.0,-1.0,1.9084850188786497
Palmeirante,2020-08-11,92,11,3,0,2.2857142857142856,0.0,-1.0,1.9637878273455553
Palmeirante,2020-08-12,94,2,3,0,2.0714285714285716,0.0,-1.0,1.9731278535996986
Palmeirante,2020-08-13,96,2,3,0,2.0,0.0,-1.0,1.9822712330395684
Palmeirante,2020-08-14,100,4,3,0,2.357142857142857,0.0,-1.0,2.0
Palmeirante,2020-08-15,101,1,3,0,2.4285714285714284,0.0,-1.0,2.0043213737826426
Palmeirante,2020-08-16,101,0,3,0,2.0714285714285716,0.0,-1.0,2.0043213737826426
Palmeirante,2020-08-17,103,2,3,0,2.2142857142857144,0.0,-1.0,2.012837224705172
Palmeirante,2020-08-18,105,2,3,0,2.357142857142857,0.0,-1.0,2.0211892990699383
Palmeirante,2020-08-19,110,5,3,0,2.5714285714285716,0.0,-1.0,2.041392685158225
Palmeirante,2020-08-20,110,0,3,0,2.357142857142857,0.0,,2.041392685158225
Palmeirante,2020-08-21,113,3,3,0,2.357142857142857,0.0,,2.05307844348342
Palmeirante,2020-08-22,113,0,3,0,2.357142857142857,0.0,,2.05307844348342
Palmeirante,2020-08-23,113,0,3,0,2.2857142857142856,0.0,,2.05307844348342
Palmeirante,2020-08-24,113,0,3,0,2.2857142857142856,0.0,,2.05307844348342
Palmeirante,2020-08-25,116,3,3,0,1.7142857142857142,0.0,,2.0644579892269186
Palmeirante,2020-08-26,125,9,3,0,2.2142857142857144,0.0,,2.0969100130080562
Palmeirante,2020-08-27,131,6,3,0,2.5,0.0,,2.1172712956557644
Palmeirante,2020-08-28,132,1,3,0,2.2857142857142856,0.0,,2.12057393120585
Palmeirante,2020-08-29,133,1,3,0,2.2857142857142856,0.0,,2.123851640967086
Palmeirante,2020-08-30,136,3,3,0,2.5,0.0,,2.1335389083702174
Palmeirante,2020-08-31,137,1,3,0,2.4285714285714284,0.0,,2.1367205671564067
Palmeirante,2020-09-01,141,4,3,0,2.5714285714285716,0.0,,2.1492191126553797
Palmeirante,2020-09-02,143,2,3,0,2.357142857142857,0.0,,2.155336037465062
Palmeirante,2020-09-03,146,3,3,0,2.5714285714285716,0.0,,2.164352855784437
Palmeirante,2020-09-04,150,4,3,0,2.642857142857143,0.0,,2.1760912590556813
Palmeirante,2020-09-05,155,5,3,0,3.0,0.0,,2.1903316981702914
Palmeirante,2020-09-06,155,0,3,0,3.0,0.0,,2.1903316981702914
Palmeirante,2020-09-07,156,1,3,0,3.0714285714285716,0.0,,2.1931245983544616
Palmeirante,2020-09-08,156,0,3,0,2.857142857142857,0.0,,2.1931245983544616
Palmeirante,2020-09-09,156,0,3,0,2.2142857142857144,0.0,,2.1931245983544616
Palmeirante,2020-09-10,158,2,3,0,1.9285714285714286,0.0,,2.1986570869544226
Palmeirante,2020-09-11,158,0,3,0,1.8571428571428572,0.0,,2.1986570869544226
Palmeirante,2020-09-12,162,4,3,0,2.0714285714285716,0.0,,2.2095150145426308
Palmeirante,2020-09-13,163,1,3,0,1.9285714285714286,0.0,,2.2121876044039577
Palmeirante,2020-09-14,163,0,3,0,1.8571428571428572,0.0,,2.2121876044039577
Palmeirante,2020-09-15,168,5,3,0,1.9285714285714286,0.0,,2.225309281725863
Palmeirante,2020-09-16,168,0,3,0,1.7857142857142858,0.0,,2.225309281725863
Palmeirante,2020-09-17,169,1,3,0,1.6428571428571428,0.0,,2.2278867046136734
Palmeirante,2020-09-18,172,3,3,0,1.5714285714285714,0.0,,2.2355284469075487
Palmeirante,2020-09-19,171,-1,3,0,1.1428571428571428,0.0,,2.2329961103921536
Palmeirante,2020-09-20,171,0,3,0,1.1428571428571428,0.0,,2.2329961103921536
Palmeirante,2020-09-21,172,1,3,0,1.1428571428571428,0.0,,2.2355284469075487
Palmeirante,2020-09-22,177,5,3,0,1.5,0.0,,2.2479732663618064
Palmeirante,2020-09-23,178,1,3,0,1.5714285714285714,0.0,,2.250420002308894
Palmeirante,2020-09-24,181,3,3,0,1.6428571428571428,0.0,,2.2576785748691846
Palmeirante,2020-09-25,186,5,3,0,2.0,0.0,,2.2695129442179165
Palmeirante,2020-09-26,194,8,3,0,2.2857142857142856,0.0,,2.287801729930226
Palmeirante,2020-09-27,195,1,3,0,2.2857142857142856,0.0,,2.290034611362518
Palmeirante,2020-09-28,195,0,3,0,2.2857142857142856,0.0,,2.290034611362518
Palmeirante,2020-09-29,206,11,3,0,2.7142857142857144,0.0,,2.3138672203691533
Palmeirante,2020-09-30,210,4,3,0,3.0,0.0,,2.322219294733919
Palmeirante,2020-10-01,218,8,3,0,3.5,0.0,,2.3384564936046046
Palmeirante,2020-10-02,218,0,3,0,3.2857142857142856,0.0,,2.3384564936046046
Palmeirante,2020-10-03,223,5,3,0,3.7142857142857144,0.0,,2.3483048630481607
Palmeirante,2020-10-04,223,0,3,0,3.7142857142857144,0.0,,2.3483048630481607
Palmeirante,2020-10-05,224,1,3,0,3.7142857142857144,0.0,,2.3502480183341627
Palmeirante,2020-10-06,224,0,4,1,3.357142857142857,0.07142857142857142,inf,2.3502480183341627
Palmeirante,2020-10-07,227,3,4,0,3.5,0.07142857142857142,inf,2.3560258571931225
Palmeirante,2020-10-08,228,1,4,0,3.357142857142857,0.07142857142857142,inf,2.357934847000454
Palmeirante,2020-10-09,227,-1,4,0,2.9285714285714284,0.07142857142857142,inf,2.3560258571931225
Palmeirante,2020-10-10,231,4,4,0,2.642857142857143,0.07142857142857142,inf,2.3636119798921444
Palmeirante,2020-10-11,231,0,4,0,2.5714285714285716,0.07142857142857142,inf,2.3636119798921444
Palmeirante,2020-10-12,231,0,4,0,2.5714285714285716,0.07142857142857142,inf,2.3636119798921444
Palmeirante,2020-10-13,231,0,4,0,1.7857142857142858,0.07142857142857142,inf,2.3636119798921444
Palmeirante,2020-10-14,234,3,4,0,1.7142857142857142,0.07142857142857142,inf,2.369215857410143
Palmeirante,2020-10-15,235,1,4,0,1.2142857142857142,0.07142857142857142,inf,2.3710678622717363
Palmeirante,2020-10-16,237,2,4,0,1.3571428571428572,0.07142857142857142,inf,2.374748346010104
Palmeirante,2020-10-17,240,3,4,0,1.2142857142857142,0.07142857142857142,inf,2.380211241711606
Palmeirante,2020-10-18,240,0,4,0,1.2142857142857142,0.07142857142857142,inf,2.380211241711606
Palmeirante,2020-10-19,240,0,4,0,1.1428571428571428,0.07142857142857142,inf,2.380211241711606
Palmeirante,2020-10-20,249,9,4,0,1.7857142857142858,0.0,-1.0,2.3961993470957363
Palmeirante,2020-10-21,252,3,4,0,1.7857142857142858,0.0,-1.0,2.401400540781544
Palmeirante,2020-10-22,255,3,4,0,1.9285714285714286,0.0,-1.0,2.406540180433955
Palmeirante,2020-10-23,261,6,4,0,2.4285714285714284,0.0,-1.0,2.416640507338281
Palmeirante,2020-10-24,267,6,4,0,2.5714285714285716,0.0,-1.0,2.4265112613645754
Palmeirante,2020-10-25,280,13,4,0,3.5,0.0,-1.0,2.4471580313422194
Palmeirante,2020-10-26,282,2,4,0,3.642857142857143,0.0,-1.0,2.450249108319361
Palmeirante,2020-10-27,294,12,4,0,4.5,0.0,-1.0,2.4683473304121573
Palmeirante,2020-10-28,295,1,4,0,4.357142857142857,0.0,-1.0,2.469822015978163
Palmeirante,2020-10-29,304,9,4,0,4.928571428571429,0.0,-1.0,2.482873583608754
Palmeirante,2020-10-30,315,11,4,0,5.571428571428571,0.0,-1.0,2.4983105537896004
Palmeirante,2020-10-31,325,10,4,0,6.071428571428571,0.0,-1.0,2.5118833609788744
Palmeirante,2020-11-01,325,0,4,0,6.071428571428571,0.0,-1.0,2.5118833609788744
Palmeirante,2020-11-02,327,2,4,0,6.214285714285714,0.0,-1.0,2.514547752660286
Palmeirante,2020-11-03,329,2,4,0,5.714285714285714,0.0,,2.5171958979499744
Palmeirante,2020-11-04,335,6,4,0,5.928571428571429,0.0,,2.525044807036845
Palmeirante,2020-11-05,343,8,4,0,6.285714285714286,0.0,,2.5352941200427703
Palmeirante,2020-11-06,353,10,4,0,6.571428571428571,0.0,,2.5477747053878224
Palmeirante,2020-11-07,353,0,4,0,6.142857142857143,0.0,,2.5477747053878224
Palmeirante,2020-11-08,354,1,4,0,5.285714285714286,0.0,,2.5490032620257876
Palmeirante,2020-11-09,354,0,4,0,5.142857142857143,0.0,,2.5490032620257876
Palmeirante,2020-11-10,360,6,4,0,4.714285714285714,0.0,,2.5563025007672873
Palmeirante,2020-11-11,363,3,4,0,4.857142857142857,0.0,,2.5599066250361124
Palmeirante,2020-11-12,364,1,4,0,4.285714285714286,0.0,,2.561101383649056
Palmeirante,2020-11-13,368,4,4,0,3.7857142857142856,0.0,,2.5658478186735176
Palmeirante,2020-11-14,370,2,4,0,3.2142857142857144,0.0,,2.568201724066995
Palmeirante,2020-11-15,370,0,4,0,3.2142857142857144,0.0,,2.568201724066995
Palmeirante,2020-11-16,370,0,4,0,3.0714285714285716,0.0,,2.568201724066995
Palmeirante,2020-11-17,371,1,4,0,3.0,0.0,,2.569373909615046
Palmeirante,2020-11-18,373,2,4,0,2.7142857142857144,0.0,,2.571708831808688
Palmeirante,2020-11-19,374,1,4,0,2.2142857142857144,0.0,,2.5728716022004803
Palmeirante,2020-11-20,375,1,4,0,1.5714285714285714,0.0,,2.574031267727719
Palmeirante,2020-11-21,376,1,4,0,1.6428571428571428,0.0,,2.575187844927661
Palmeirante,2020-11-22,376,0,4,0,1.5714285714285714,0.0,,2.575187844927661
Palmeirante,2020-11-23,376,0,4,0,1.5714285714285714,0.0,,2.575187844927661
Palmeirante,2020-11-24,379,3,4,0,1.3571428571428572,0.0,,2.578639209968072
Palmeirante,2020-11-25,380,1,5,1,1.2142857142857142,0.07142857142857142,inf,2.57978359661681
Palmeirante,2020-11-26,380,0,5,0,1.1428571428571428,0.07142857142857142,inf,2.57978359661681
Palmeirante,2020-11-27,381,1,5,0,0.9285714285714286,0.07142857142857142,inf,2.5809249756756194
Palmeirante,2020-11-28,381,0,5,0,0.7857142857142857,0.07142857142857142,inf,2.5809249756756194
Palmeirante,2020-11-29,381,0,5,0,0.7857142857142857,0.07142857142857142,inf,2.5809249756756194
Palmeirante,2020-11-30,381,0,5,0,0.7857142857142857,0.07142857142857142,inf,2.5809249756756194
Palmeirante,2020-12-01,381,0,5,0,0.7142857142857143,0.07142857142857142,inf,2.5809249756756194
Palmeirante,2020-12-02,382,1,5,0,0.6428571428571429,0.07142857142857142,inf,2.582063362911709
Palmeirante,2020-12-03,381,-1,5,0,0.5,0.07142857142857142,inf,2.5809249756756194
Palmeirante,2020-12-04,382,1,5,0,0.5,0.07142857142857142,inf,2.582063362911709
Palmeirante,2020-12-05,382,0,5,0,0.42857142857142855,0.07142857142857142,inf,2.582063362911709
Palmeirante,2020-12-06,382,0,5,0,0.42857142857142855,0.07142857142857142,inf,2.582063362911709
Palmeirante,2020-12-07,382,0,5,0,0.42857142857142855,0.07142857142857142,inf,2.582063362911709
Palmeirante,2020-12-08,382,0,5,0,0.21428571428571427,0.07142857142857142,inf,2.582063362911709
Palmeirante,2020-12-09,382,0,5,0,0.14285714285714285,0.0,-1.0,2.582063362911709
Palmeirante,2020-12-10,382,0,5,0,0.14285714285714285,0.0,-1.0,2.582063362911709
Palmeirante,2020-12-11,383,1,5,0,0.14285714285714285,0.0,-1.0,2.583198773968623
Palmeirante,2020-12-12,384,1,5,0,0.21428571428571427,0.0,-1.0,2.584331224367531
Palmeirante,2020-12-13,384,0,5,0,0.21428571428571427,0.0,-1.0,2.584331224367531
Palmeirante,2020-12-14,384,0,5,0,0.21428571428571427,0.0,-1.0,2.584331224367531
Palmeirante,2020-12-15,384,0,5,0,0.21428571428571427,0.0,-1.0,2.584331224367531
Palmeirante,2020-12-16,384,0,5,0,0.14285714285714285,0.0,-1.0,2.584331224367531
Palmeirante,2020-12-17,384,0,5,0,0.21428571428571427,0.0,-1.0,2.584331224367531
Palmeirante,2020-12-18,384,0,5,0,0.14285714285714285,0.0,-1.0,2.584331224367531
Palmeirante,2020-12-19,384,0,5,0,0.14285714285714285,0.0,-1.0,2.584331224367531
Palmeirante,2020-12-20,384,0,5,0,0.14285714285714285,0.0,-1.0,2.584331224367531
Palmeirante,2020-12-21,384,0,5,0,0.14285714285714285,0.0,-1.0,2.584331224367531
Palmeirante,2020-12-22,384,0,5,0,0.14285714285714285,0.0,-1.0,2.584331224367531
Palmeirante,2020-12-23,384,0,5,0,0.14285714285714285,0.0,,2.584331224367531
Palmeirante,2020-12-24,384,0,5,0,0.14285714285714285,0.0,,2.584331224367531
Palmeirante,2020-12-25,384,0,5,0,0.07142857142857142,0.0,,2.584331224367531
Palmeirante,2020-12-26,384,0,5,0,0.0,0.0,,2.584331224367531
Palmeirante,2020-12-27,384,0,5,0,0.0,0.0,,2.584331224367531
Palmeirante,2020-12-28,384,0,5,0,0.0,0.0,,2.584331224367531
Palmeirante,2020-12-29,384,0,5,0,0.0,0.0,,2.584331224367531
Palmeirante,2020-12-30,384,0,5,0,0.0,0.0,,2.584331224367531
Palmeirante,2020-12-31,384,0,5,0,0.0,0.0,,2.584331224367531
Palmeirante,2021-01-01,384,0,5,0,0.0,0.0,,2.584331224367531
Palmeirante,2021-01-02,384,0,5,0,0.0,0.0,,2.584331224367531
Palmeirante,2021-01-03,384,0,5,0,0.0,0.0,,2.584331224367531
Palmeirante,2021-01-04,384,0,5,0,0.0,0.0,,2.584331224367531
Palmeirante,2021-01-05,384,0,5,0,0.0,0.0,,2.584331224367531
Palmeirante,2021-01-06,384,0,5,0,0.0,0.0,,2.584331224367531
Palmeirante,2021-01-07,384,0,5,0,0.0,0.0,,2.584331224367531
Palmeirante,2021-01-08,384,0,5,0,0.0,0.0,,2.584331224367531
Palmeirante,2021-01-09,384,0,5,0,0.0,0.0,,2.584331224367531
Palmeirante,2021-01-10,384,0,5,0,0.0,0.0,,2.584331224367531
Palmeirante,2021-01-11,384,0,5,0,0.0,0.0,,2.584331224367531
Palmeirante,2021-01-12,384,0,5,0,0.0,0.0,,2.584331224367531
Palmeirante,2021-01-13,385,1,5,0,0.07142857142857142,0.0,,2.5854607295085006
Palmeirante,2021-01-14,386,1,5,0,0.14285714285714285,0.0,,2.586587304671755
Palmeirante,2021-01-15,386,0,5,0,0.14285714285714285,0.0,,2.586587304671755
Palmeirante,2021-01-16,386,0,5,0,0.14285714285714285,0.0,,2.586587304671755
Palmeirante,2021-01-17,386,0,5,0,0.14285714285714285,0.0,,2.586587304671755
Palmeirante,2021-01-18,386,0,5,0,0.14285714285714285,0.0,,2.586587304671755
Palmeirante,2021-01-19,386,0,5,0,0.14285714285714285,0.0,,2.586587304671755
Palmeirante,2021-01-20,386,0,5,0,0.14285714285714285,0.0,,2.586587304671755
Palmeirópolis,2020-03-27,0,0,0,0,,,,0.0
Palmeirópolis,2020-03-28,0,0,0,0,,,,0.0
Palmeirópolis,2020-03-29,0,0,0,0,,,,0.0
Palmeirópolis,2020-03-30,0,0,0,0,,,,0.0
Palmeirópolis,2020-03-31,0,0,0,0,,,,0.0
Palmeirópolis,2020-04-01,0,0,0,0,,,,0.0
Palmeirópolis,2020-04-02,0,0,0,0,,,,0.0
Palmeirópolis,2020-04-03,0,0,0,0,,,,0.0
Palmeirópolis,2020-04-04,0,0,0,0,,,,0.0
Palmeirópolis,2020-04-05,0,0,0,0,,,,0.0
Palmeirópolis,2020-04-06,0,0,0,0,,,,0.0
Palmeirópolis,2020-04-07,0,0,0,0,,,,0.0
Palmeirópolis,2020-04-08,0,0,0,0,,,,0.0
Palmeirópolis,2020-04-09,0,0,0,0,0.0,0.0,,0.0
Palmeirópolis,2020-04-10,0,0,0,0,0.0,0.0,,0.0
Palmeirópolis,2020-04-11,0,0,0,0,0.0,0.0,,0.0
Palmeirópolis,2020-04-12,0,0,0,0,0.0,0.0,,0.0
Palmeirópolis,2020-04-13,0,0,0,0,0.0,0.0,,0.0
Palmeirópolis,2020-04-14,0,0,0,0,0.0,0.0,,0.0
Palmeirópolis,2020-04-15,0,0,0,0,0.0,0.0,,0.0
Palmeirópolis,2020-04-16,0,0,0,0,0.0,0.0,,0.0
Palmeirópolis,2020-04-17,0,0,0,0,0.0,0.0,,0.0
Palmeirópolis,2020-04-18,0,0,0,0,0.0,0.0,,0.0
Palmeirópolis,2020-04-19,0,0,0,0,0.0,0.0,,0.0
Palmeirópolis,2020-04-20,0,0,0,0,0.0,0.0,,0.0
Palmeirópolis,2020-04-21,0,0,0,0,0.0,0.0,,0.0
Palmeirópolis,2020-04-22,0,0,0,0,0.0,0.0,,0.0
Palmeirópolis,2020-04-23,0,0,0,0,0.0,0.0,,0.0
Palmeirópolis,2020-04-24,0,0,0,0,0.0,0.0,,0.0
Palmeirópolis,2020-04-25,0,0,0,0,0.0,0.0,,0.0
Palmeirópolis,2020-04-26,0,0,0,0,0.0,0.0,,0.0
Palmeirópolis,2020-04-27,0,0,0,0,0.0,0.0,,0.0
Palmeirópolis,2020-04-28,0,0,0,0,0.0,0.0,,0.0
Palmeirópolis,2020-04-29,0,0,0,0,0.0,0.0,,0.0
Palmeirópolis,2020-04-30,0,0,0,0,0.0,0.0,,0.0
Palmeirópolis,2020-05-01,0,0,0,0,0.0,0.0,,0.0
Palmeirópolis,2020-05-02,0,0,0,0,0.0,0.0,,0.0
Palmeirópolis,2020-05-03,0,0,0,0,0.0,0.0,,0.0
Palmeirópolis,2020-05-04,0,0,0,0,0.0,0.0,,0.0
Palmeirópolis,2020-05-05,0,0,0,0,0.0,0.0,,0.0
Palmeirópolis,2020-05-06,0,0,0,0,0.0,0.0,,0.0
Palmeirópolis,2020-05-07,0,0,0,0,0.0,0.0,,0.0
Palmeirópolis,2020-05-08,0,0,0,0,0.0,0.0,,0.0
Palmeirópolis,2020-05-09,0,0,0,0,0.0,0.0,,0.0
Palmeirópolis,2020-05-10,0,0,0,0,0.0,0.0,,0.0
Palmeirópolis,2020-05-11,0,0,0,0,0.0,0.0,,0.0
Palmeirópolis,2020-05-12,0,0,0,0,0.0,0.0,,0.0
Palmeirópolis,2020-05-13,0,0,0,0,0.0,0.0,,0.0
Palmeirópolis,2020-05-14,0,0,0,0,0.0,0.0,,0.0
Palmeirópolis,2020-05-15,0,0,0,0,0.0,0.0,,0.0
Palmeirópolis,2020-05-16,0,0,0,0,0.0,0.0,,0.0
Palmeirópolis,2020-05-17,0,0,0,0,0.0,0.0,,0.0
Palmeirópolis,2020-05-18,0,0,0,0,0.0,0.0,,0.0
Palmeirópolis,2020-05-19,0,0,0,0,0.0,0.0,,0.0
Palmeirópolis,2020-05-20,0,0,0,0,0.0,0.0,,0.0
Palmeirópolis,2020-05-21,0,0,0,0,0.0,0.0,,0.0
Palmeirópolis,2020-05-22,1,1,0,0,0.07142857142857142,0.0,,0.0
Palmeirópolis,2020-05-23,1,0,0,0,0.07142857142857142,0.0,,0.0
Palmeirópolis,2020-05-24,1,0,0,0,0.07142857142857142,0.0,,0.0
Palmeirópolis,2020-05-25,1,0,0,0,0.07142857142857142,0.0,,0.0
Palmeirópolis,2020-05-26,1,0,0,0,0.07142857142857142,0.0,,0.0
Palmeirópolis,2020-05-27,1,0,0,0,0.07142857142857142,0.0,,0.0
Palmeirópolis,2020-05-28,1,0,0,0,0.07142857142857142,0.0,,0.0
Palmeirópolis,2020-05-29,1,0,0,0,0.07142857142857142,0.0,,0.0
Palmeirópolis,2020-05-30,1,0,0,0,0.07142857142857142,0.0,,0.0
Palmeirópolis,2020-05-31,1,0,0,0,0.07142857142857142,0.0,,0.0
Palmeirópolis,2020-06-01,1,0,0,0,0.07142857142857142,0.0,,0.0
Palmeirópolis,2020-06-02,1,0,0,0,0.07142857142857142,0.0,,0.0
Palmeirópolis,2020-06-03,1,0,0,0,0.07142857142857142,0.0,,0.0
Palmeirópolis,2020-06-04,1,0,0,0,0.07142857142857142,0.0,,0.0
Palmeirópolis,2020-06-05,1,0,0,0,0.0,0.0,,0.0
Palmeirópolis,2020-06-06,1,0,0,0,0.0,0.0,,0.0
Palmeirópolis,2020-06-07,1,0,0,0,0.0,0.0,,0.0
Palmeirópolis,2020-06-08,1,0,0,0,0.0,0.0,,0.0
Palmeirópolis,2020-06-09,1,0,0,0,0.0,0.0,,0.0
Palmeirópolis,2020-06-10,1,0,0,0,0.0,0.0,,0.0
Palmeirópolis,2020-06-11,1,0,0,0,0.0,0.0,,0.0
Palmeirópolis,2020-06-12,1,0,0,0,0.0,0.0,,0.0
Palmeirópolis,2020-06-13,1,0,0,0,0.0,0.0,,0.0
Palmeirópolis,2020-06-14,1,0,0,0,0.0,0.0,,0.0
Palmeirópolis,2020-06-15,1,0,0,0,0.0,0.0,,0.0
Palmeirópolis,2020-06-16,1,0,0,0,0.0,0.0,,0.0
Palmeirópolis,2020-06-17,1,0,0,0,0.0,0.0,,0.0
Palmeirópolis,2020-06-18,1,0,0,0,0.0,0.0,,0.0
Palmeirópolis,2020-06-19,1,0,0,0,0.0,0.0,,0.0
Palmeirópolis,2020-06-20,1,0,0,0,0.0,0.0,,0.0
Palmeirópolis,2020-06-21,1,0,0,0,0.0,0.0,,0.0
Palmeirópolis,2020-06-22,1,0,0,0,0.0,0.0,,0.0
Palmeirópolis,2020-06-23,1,0,0,0,0.0,0.0,,0.0
Palmeirópolis,2020-06-24,1,0,7,7,0.0,0.5,inf,0.0
Palmeirópolis,2020-06-25,1,0,0,-7,0.0,0.0,,0.0
Palmeirópolis,2020-06-26,1,0,0,0,0.0,0.0,,0.0
Palmeirópolis,2020-06-27,1,0,0,0,0.0,0.0,,0.0
Palmeirópolis,2020-06-28,1,0,0,0,0.0,0.0,,0.0
Palmeirópolis,2020-06-29,1,0,0,0,0.0,0.0,,0.0
Palmeirópolis,2020-06-30,1,0,0,0,0.0,0.0,,0.0
Palmeirópolis,2020-07-01,1,0,0,0,0.0,0.0,,0.0
Palmeirópolis,2020-07-02,1,0,0,0,0.0,0.0,,0.0
Palmeirópolis,2020-07-03,1,0,0,0,0.0,0.0,,0.0
Palmeirópolis,2020-07-04,1,0,0,0,0.0,0.0,,0.0
Palmeirópolis,2020-07-05,2,1,0,0,0.07142857142857142,0.0,,0.3010299956639812
Palmeirópolis,2020-07-06,2,0,0,0,0.07142857142857142,0.0,,0.3010299956639812
Palmeirópolis,2020-07-07,2,0,0,0,0.07142857142857142,0.0,,0.3010299956639812
Palmeirópolis,2020-07-08,2,0,0,0,0.07142857142857142,-0.5,-2.0,0.3010299956639812
Palmeirópolis,2020-07-09,2,0,0,0,0.07142857142857142,0.0,,0.3010299956639812
Palmeirópolis,2020-07-10,5,3,0,0,0.2857142857142857,0.0,,0.6989700043360189
Palmeirópolis,2020-07-11,5,0,0,0,0.2857142857142857,0.0,,0.6989700043360189
Palmeirópolis,2020-07-12,5,0,0,0,0.2857142857142857,0.0,,0.6989700043360189
Palmeirópolis,2020-07-13,5,0,0,0,0.2857142857142857,0.0,,0.6989700043360189
Palmeirópolis,2020-07-14,5,0,0,0,0.2857142857142857,0.0,,0.6989700043360189
Palmeirópolis,2020-07-15,5,0,0,0,0.2857142857142857,0.0,,0.6989700043360189
Palmeirópolis,2020-07-16,6,1,0,0,0.35714285714285715,0.0,,0.7781512503836436
Palmeirópolis,2020-07-17,6,0,0,0,0.35714285714285715,0.0,,0.7781512503836436
Palmeirópolis,2020-07-18,6,0,0,0,0.35714285714285715,0.0,,0.7781512503836436
Palmeirópolis,2020-07-19,6,0,0,0,0.2857142857142857,0.0,,0.7781512503836436
Palmeirópolis,2020-07-20,6,0,0,0,0.2857142857142857,0.0,,0.7781512503836436
Palmeirópolis,2020-07-21,9,3,0,0,0.5,0.0,,0.9542425094393249
Palmeirópolis,2020-07-22,9,0,0,0,0.5,0.0,-1.0,0.9542425094393249
Palmeirópolis,2020-07-23,9,0,0,0,0.5,0.0,,0.9542425094393249
Palmeirópolis,2020-07-24,12,3,0,0,0.5,0.0,,1.0791812460476249
Palmeirópolis,2020-07-25,14,2,0,0,0.6428571428571429,0.0,,1.146128035678238
Palmeirópolis,2020-07-26,14,0,0,0,0.6428571428571429,0.0,,1.146128035678238
Palmeirópolis,2020-07-27,14,0,0,0,0.6428571428571429,0.0,,1.146128035678238
Palmeirópolis,2020-07-28,16,2,0,0,0.7857142857142857,0.0,,1.2041199826559248
Palmeirópolis,2020-07-29,21,5,0,0,1.1428571428571428,0.0,,1.3222192947339193
Palmeirópolis,2020-07-30,22,1,0,0,1.1428571428571428,0.0,,1.3424226808222062
Palmeirópolis,2020-07-31,22,0,0,0,1.1428571428571428,0.0,,1.3424226808222062
Palmeirópolis,2020-08-01,22,0,0,0,1.1428571428571428,0.0,,1.3424226808222062
Palmeirópolis,2020-08-02,22,0,0,0,1.1428571428571428,0.0,,1.3424226808222062
Palmeirópolis,2020-08-03,22,0,0,0,1.1428571428571428,0.0,,1.3424226808222062
Palmeirópolis,2020-08-04,22,0,0,0,0.9285714285714286,0.0,,1.3424226808222062
Palmeirópolis,2020-08-05,22,0,0,0,0.9285714285714286,0.0,,1.3424226808222062
Palmeirópolis,2020-08-06,22,0,0,0,0.9285714285714286,0.0,,1.3424226808222062
Palmeirópolis,2020-08-07,22,0,0,0,0.7142857142857143,0.0,,1.3424226808222062
Palmeirópolis,2020-08-08,22,0,0,0,0.5714285714285714,0.0,,1.3424226808222062
Palmeirópolis,2020-08-09,22,0,0,0,0.5714285714285714,0.0,,1.3424226808222062
Palmeirópolis,2020-08-10,22,0,0,0,0.5714285714285714,0.0,,1.3424226808222062
Palmeirópolis,2020-08-11,25,3,0,0,0.6428571428571429,0.0,,1.3979400086720377
Palmeirópolis,2020-08-12,25,0,0,0,0.2857142857142857,0.0,,1.3979400086720377
Palmeirópolis,2020-08-13,26,1,0,0,0.2857142857142857,0.0,,1.414973347970818
Palmeirópolis,2020-08-14,29,3,0,0,0.5,0.0,,1.462397997898956
Palmeirópolis,2020-08-15,33,4,0,0,0.7857142857142857,0.0,,1.5185139398778875
Palmeirópolis,2020-08-16,33,0,0,0,0.7857142857142857,0.0,,1.5185139398778875
Palmeirópolis,2020-08-17,33,0,0,0,0.7857142857142857,0.0,,1.5185139398778875
Palmeirópolis,2020-08-18,38,5,0,0,1.1428571428571428,0.0,,1.5797835966168101
Palmeirópolis,2020-08-19,38,0,0,0,1.1428571428571428,0.0,,1.5797835966168101
Palmeirópolis,2020-08-20,41,3,0,0,1.3571428571428572,0.0,,1.6127838567197355
Palmeirópolis,2020-08-21,45,4,0,0,1.6428571428571428,0.0,,1.6532125137753437
Palmeirópolis,2020-08-22,45,0,0,0,1.6428571428571428,0.0,,1.6532125137753437
Palmeirópolis,2020-08-23,49,4,0,0,1.9285714285714286,0.0,,1.6901960800285136
Palmeirópolis,2020-08-24,52,3,0,0,2.142857142857143,0.0,,1.7160033436347992
Palmeirópolis,2020-08-25,53,1,0,0,2.0,0.0,,1.7242758696007892
Palmeirópolis,2020-08-26,58,5,0,0,2.357142857142857,0.0,,1.7634279935629373
Palmeirópolis,2020-08-27,59,1,0,0,2.357142857142857,0.0,,1.7708520116421442
Palmeirópolis,2020-08-28,65,6,0,0,2.5714285714285716,0.0,,1.8129133566428555
Palmeirópolis,2020-08-29,65,0,0,0,2.2857142857142856,0.0,,1.8129133566428555
Palmeirópolis,2020-08-30,73,8,0,0,2.857142857142857,0.0,,1.863322860120456
Palmeirópolis,2020-08-31,73,0,0,0,2.857142857142857,0.0,,1.863322860120456
Palmeirópolis,2020-09-01,77,4,0,0,2.7857142857142856,0.0,,1.8864907251724818
Palmeirópolis,2020-09-02,90,13,0,0,3.7142857142857144,0.0,,1.9542425094393248
Palmeirópolis,2020-09-03,91,1,1,1,3.5714285714285716,0.07142857142857142,inf,1.9590413923210936
Palmeirópolis,2020-09-04,91,0,1,0,3.2857142857142856,0.07142857142857142,inf,1.9590413923210936
Palmeirópolis,2020-09-05,92,1,1,0,3.357142857142857,0.07142857142857142,inf,1.9637878273455553
Palmeirópolis,2020-09-06,97,5,1,0,3.4285714285714284,0.07142857142857142,inf,1.9867717342662448
Palmeirópolis,2020-09-07,97,0,1,0,3.2142857142857144,0.07142857142857142,inf,1.9867717342662448
Palmeirópolis,2020-09-08,97,0,1,0,3.142857142857143,0.07142857142857142,inf,1.9867717342662448
Palmeirópolis,2020-09-09,97,0,1,0,2.7857142857142856,0.07142857142857142,inf,1.9867717342662448
Palmeirópolis,2020-09-10,96,-1,1,0,2.642857142857143,0.07142857142857142,inf,1.9822712330395684
Palmeirópolis,2020-09-11,106,10,1,0,2.9285714285714284,0.07142857142857142,inf,2.0253058652647704
Palmeirópolis,2020-09-12,111,5,1,0,3.2857142857142856,0.07142857142857142,inf,2.0453229787866576
Palmeirópolis,2020-09-13,111,0,1,0,2.7142857142857144,0.07142857142857142,inf,2.0453229787866576
Palmeirópolis,2020-09-14,111,0,1,0,2.7142857142857144,0.07142857142857142,inf,2.0453229787866576
Palmeirópolis,2020-09-15,111,0,1,0,2.4285714285714284,0.07142857142857142,inf,2.0453229787866576
Palmeirópolis,2020-09-16,112,1,1,0,1.5714285714285714,0.07142857142857142,inf,2.0492180226701815
Palmeirópolis,2020-09-17,113,1,1,0,1.5714285714285714,0.0,-1.0,2.05307844348342
Palmeirópolis,2020-09-18,114,1,1,0,1.6428571428571428,0.0,-1.0,2.0569048513364727
Palmeirópolis,2020-09-19,115,1,1,0,1.6428571428571428,0.0,-1.0,2.060697840353612
Palmeirópolis,2020-09-20,115,0,1,0,1.2857142857142858,0.0,-1.0,2.060697840353612
Palmeirópolis,2020-09-21,115,0,1,0,1.2857142857142858,0.0,-1.0,2.060697840353612
Palmeirópolis,2020-09-22,120,5,1,0,1.6428571428571428,0.0,-1.0,2.0791812460476247
Palmeirópolis,2020-09-23,131,11,1,0,2.4285714285714284,0.0,-1.0,2.1172712956557644
Palmeirópolis,2020-09-24,138,7,1,0,3.0,0.0,-1.0,2.1398790864012365
Palmeirópolis,2020-09-25,140,2,1,0,2.4285714285714284,0.0,-1.0,2.146128035678238
Palmeirópolis,2020-09-26,155,15,1,0,3.142857142857143,0.0,-1.0,2.1903316981702914
Palmeirópolis,2020-09-27,155,0,1,0,3.142857142857143,0.0,-1.0,2.1903316981702914
Palmeirópolis,2020-09-28,155,0,1,0,3.142857142857143,0.0,-1.0,2.1903316981702914
Palmeirópolis,2020-09-29,159,4,1,0,3.4285714285714284,0.0,-1.0,2.2013971243204513
Palmeirópolis,2020-09-30,170,11,1,0,4.142857142857143,0.0,-1.0,2.230448921378274
Palmeirópolis,2020-10-01,178,8,1,0,4.642857142857143,0.0,,2.250420002308894
Palmeirópolis,2020-10-02,184,6,1,0,5.0,0.0,,2.2648178230095364
Palmeirópolis,2020-10-03,188,4,1,0,5.214285714285714,0.0,,2.27415784926368
Palmeirópolis,2020-10-04,188,0,1,0,5.214285714285714,0.0,,2.27415784926368
Palmeirópolis,2020-10-05,188,0,1,0,5.214285714285714,0.0,,2.27415784926368
Palmeirópolis,2020-10-06,188,0,1,0,4.857142857142857,0.0,,2.27415784926368
Palmeirópolis,2020-10-07,192,4,2,1,4.357142857142857,0.07142857142857142,inf,2.2833012287035497
Palmeirópolis,2020-10-08,205,13,2,0,4.785714285714286,0.07142857142857142,inf,2.311753861055754
Palmeirópolis,2020-10-09,213,8,2,0,5.214285714285714,0.07142857142857142,inf,2.3283796034387376
Palmeirópolis,2020-10-10,213,0,2,0,4.142857142857143,0.07142857142857142,inf,2.3283796034387376
Palmeirópolis,2020-10-11,213,0,2,0,4.142857142857143,0.07142857142857142,inf,2.3283796034387376
Palmeirópolis,2020-10-12,213,0,2,0,4.142857142857143,0.07142857142857142,inf,2.3283796034387376
Palmeirópolis,2020-10-13,213,0,2,0,3.857142857142857,0.07142857142857142,inf,2.3283796034387376
Palmeirópolis,2020-10-14,221,8,2,0,3.642857142857143,0.07142857142857142,inf,2.3443922736851106
Palmeirópolis,2020-10-15,225,4,3,1,3.357142857142857,0.14285714285714285,inf,2.3521825181113627
Palmeirópolis,2020-10-16,229,4,4,1,3.2142857142857144,0.21428571428571427,inf,2.359835482339888
Palmeirópolis,2020-10-17,231,2,4,0,3.0714285714285716,0.21428571428571427,inf,2.3636119798921444
Palmeirópolis,2020-10-18,231,0,4,0,3.0714285714285716,0.21428571428571427,inf,2.3636119798921444
Palmeirópolis,2020-10-19,231,0,4,0,3.0714285714285716,0.21428571428571427,inf,2.3636119798921444
Palmeirópolis,2020-10-20,233,2,4,0,3.2142857142857144,0.21428571428571427,inf,2.367355921026019
Palmeirópolis,2020-10-21,235,2,5,1,3.0714285714285716,0.21428571428571427,2.0,2.3710678622717363
Palmeirópolis,2020-10-22,237,2,5,0,2.2857142857142856,0.21428571428571427,2.0,2.374748346010104
Palmeirópolis,2020-10-23,237,0,5,0,1.7142857142857142,0.21428571428571427,2.0,2.374748346010104
Palmeirópolis,2020-10-24,239,2,6,1,1.8571428571428572,0.2857142857142857,3.0,2.3783979009481375
Palmeirópolis,2020-10-25,239,0,6,0,1.8571428571428572,0.2857142857142857,3.0,2.3783979009481375
Palmeirópolis,2020-10-26,239,0,6,0,1.8571428571428572,0.2857142857142857,3.0,2.3783979009481375
Palmeirópolis,2020-10-27,241,2,6,0,2.0,0.2857142857142857,3.0,2.3820170425748683
Palmeirópolis,2020-10-28,243,2,6,0,1.5714285714285714,0.2857142857142857,3.0,2.385606273598312
Palmeirópolis,2020-10-29,244,1,6,0,1.3571428571428572,0.21428571428571427,0.5,2.3873898263387296
Palmeirópolis,2020-10-30,245,1,6,0,1.1428571428571428,0.14285714285714285,-0.3333333333333333,2.3891660843645326
Palmeirópolis,2020-10-31,245,0,6,0,1.0,0.14285714285714285,-0.3333333333333333,2.3891660843645326
Palmeirópolis,2020-11-01,245,0,6,0,1.0,0.14285714285714285,-0.3333333333333333,2.3891660843645326
Palmeirópolis,2020-11-02,245,0,6,0,1.0,0.14285714285714285,-0.3333333333333333,2.3891660843645326
Palmeirópolis,2020-11-03,245,0,6,0,0.8571428571428571,0.14285714285714285,-0.3333333333333333,2.3891660843645326
Palmeirópolis,2020-11-04,245,0,7,1,0.7142857142857143,0.14285714285714285,-0.3333333333333333,2.3891660843645326
Palmeirópolis,2020-11-05,245,0,7,0,0.5714285714285714,0.14285714285714285,-0.3333333333333333,2.3891660843645326
Palmeirópolis,2020-11-06,245,0,7,0,0.5714285714285714,0.14285714285714285,-0.3333333333333333,2.3891660843645326
Palmeirópolis,2020-11-07,245,0,7,0,0.42857142857142855,0.07142857142857142,-0.75,2.3891660843645326
Palmeirópolis,2020-11-08,245,0,7,0,0.42857142857142855,0.07142857142857142,-0.75,2.3891660843645326
Palmeirópolis,2020-11-09,245,0,7,0,0.42857142857142855,0.07142857142857142,-0.75,2.3891660843645326
Palmeirópolis,2020-11-10,245,0,7,0,0.2857142857142857,0.07142857142857142,-0.75,2.3891660843645326
Palmeirópolis,2020-11-11,245,0,7,0,0.14285714285714285,0.07142857142857142,-0.75,2.3891660843645326
Palmeirópolis,2020-11-12,246,1,7,0,0.14285714285714285,0.07142857142857142,-0.6666666666666666,2.3909351071033793
Palmeirópolis,2020-11-13,245,-1,7,0,0.0,0.07142857142857142,-0.5,2.3891660843645326
Palmeirópolis,2020-11-14,245,0,7,0,0.0,0.07142857142857142,-0.5,2.3891660843645326
Palmeirópolis,2020-11-15,245,0,7,0,0.0,0.07142857142857142,-0.5,2.3891660843645326
Palmeirópolis,2020-11-16,245,0,7,0,0.0,0.07142857142857142,-0.5,2.3891660843645326
Palmeirópolis,2020-11-17,245,0,7,0,0.0,0.07142857142857142,-0.5,2.3891660843645326
Palmeirópolis,2020-11-18,245,0,7,0,0.0,0.0,-1.0,2.3891660843645326
Palmeirópolis,2020-11-19,245,0,7,0,0.0,0.0,-1.0,2.3891660843645326
Palmeirópolis,2020-11-20,245,0,7,0,0.0,0.0,-1.0,2.3891660843645326
Palmeirópolis,2020-11-21,246,1,7,0,0.07142857142857142,0.0,-1.0,2.3909351071033793
Palmeirópolis,2020-11-22,246,0,7,0,0.07142857142857142,0.0,-1.0,2.3909351071033793
Palmeirópolis,2020-11-23,246,0,7,0,0.07142857142857142,0.0,-1.0,2.3909351071033793
Palmeirópolis,2020-11-24,246,0,7,0,0.07142857142857142,0.0,-1.0,2.3909351071033793
Palmeirópolis,2020-11-25,246,0,7,0,0.07142857142857142,0.0,-1.0,2.3909351071033793
Palmeirópolis,2020-11-26,247,1,7,0,0.07142857142857142,0.0,-1.0,2.392696953259666
Palmeirópolis,2020-11-27,247,0,7,0,0.14285714285714285,0.0,-1.0,2.392696953259666
Palmeirópolis,2020-11-28,251,4,7,0,0.42857142857142855,0.0,-1.0,2.399673721481038
Palmeirópolis,2020-11-29,251,0,7,0,0.42857142857142855,0.0,-1.0,2.399673721481038
Palmeirópolis,2020-11-30,252,1,7,0,0.5,0.0,-1.0,2.401400540781544
Palmeirópolis,2020-12-01,252,0,7,0,0.5,0.0,-1.0,2.401400540781544
Palmeirópolis,2020-12-02,254,2,7,0,0.6428571428571429,0.0,,2.404833716619938
Palmeirópolis,2020-12-03,254,0,7,0,0.6428571428571429,0.0,,2.404833716619938
Palmeirópolis,2020-12-04,254,0,7,0,0.6428571428571429,0.0,,2.404833716619938
Palmeirópolis,2020-12-05,257,3,7,0,0.7857142857142857,0.0,,2.4099331233312946
Palmeirópolis,2020-12-06,257,0,7,0,0.7857142857142857,0.0,,2.4099331233312946
Palmeirópolis,2020-12-07,257,0,7,0,0.7857142857142857,0.0,,2.4099331233312946
Palmeirópolis,2020-12-08,257,0,7,0,0.7857142857142857,0.0,,2.4099331233312946
Palmeirópolis,2020-12-09,258,1,7,0,0.8571428571428571,0.0,,2.41161970596323
Palmeirópolis,2020-12-10,258,0,7,0,0.7857142857142857,0.0,,2.41161970596323
Palmeirópolis,2020-12-11,258,0,7,0,0.7857142857142857,0.0,,2.41161970596323
Palmeirópolis,2020-12-12,258,0,7,0,0.5,0.0,,2.41161970596323
Palmeirópolis,2020-12-13,258,0,7,0,0.5,0.0,,2.41161970596323
Palmeirópolis,2020-12-14,258,0,7,0,0.42857142857142855,0.0,,2.41161970596323
Palmeirópolis,2020-12-15,258,0,7,0,0.42857142857142855,0.0,,2.41161970596323
Palmeirópolis,2020-12-16,258,0,7,0,0.2857142857142857,0.0,,2.41161970596323
Palmeirópolis,2020-12-17,258,0,7,0,0.2857142857142857,0.0,,2.41161970596323
Palmeirópolis,2020-12-18,258,0,7,0,0.2857142857142857,0.0,,2.41161970596323
Palmeirópolis,2020-12-19,258,0,7,0,0.07142857142857142,0.0,,2.41161970596323
Palmeirópolis,2020-12-20,258,0,7,0,0.07142857142857142,0.0,,2.41161970596323
Palmeirópolis,2020-12-21,258,0,7,0,0.07142857142857142,0.0,,2.41161970596323
Palmeirópolis,2020-12-22,259,1,7,0,0.14285714285714285,0.0,,2.413299764081252
Palmeirópolis,2020-12-23,259,0,7,0,0.07142857142857142,0.0,,2.413299764081252
Palmeirópolis,2020-12-24,261,2,7,0,0.21428571428571427,0.0,,2.416640507338281
Palmeirópolis,2020-12-25,261,0,7,0,0.21428571428571427,0.0,,2.416640507338281
Palmeirópolis,2020-12-26,261,0,7,0,0.21428571428571427,0.0,,2.416640507338281
Palmeirópolis,2020-12-27,261,0,7,0,0.21428571428571427,0.0,,2.416640507338281
Palmeirópolis,2020-12-28,261,0,7,0,0.21428571428571427,0.0,,2.416640507338281
Palmeirópolis,2020-12-29,262,1,7,0,0.2857142857142857,0.0,,2.4183012913197452
Palmeirópolis,2020-12-30,262,0,7,0,0.2857142857142857,0.0,,2.4183012913197452
Palmeirópolis,2020-12-31,262,0,7,0,0.2857142857142857,0.0,,2.4183012913197452
Palmeirópolis,2021-01-01,262,0,7,0,0.2857142857142857,0.0,,2.4183012913197452
Palmeirópolis,2021-01-02,262,0,7,0,0.2857142857142857,0.0,,2.4183012913197452
Palmeirópolis,2021-01-03,262,0,7,0,0.2857142857142857,0.0,,2.4183012913197452
Palmeirópolis,2021-01-04,262,0,7,0,0.2857142857142857,0.0,,2.4183012913197452
Palmeirópolis,2021-01-05,262,0,7,0,0.21428571428571427,0.0,,2.4183012913197452
Palmeirópolis,2021-01-06,261,-1,7,0,0.14285714285714285,0.0,,2.416640507338281
Palmeirópolis,2021-01-07,265,4,7,0,0.2857142857142857,0.0,,2.423245873936808
Palmeirópolis,2021-01-08,265,0,7,0,0.2857142857142857,0.0,,2.423245873936808
Palmeirópolis,2021-01-09,266,1,7,0,0.35714285714285715,0.0,,2.424881636631067
Palmeirópolis,2021-01-10,266,0,7,0,0.35714285714285715,0.0,,2.424881636631067
Palmeirópolis,2021-01-11,266,0,7,0,0.35714285714285715,0.0,,2.424881636631067
Palmeirópolis,2021-01-12,266,0,7,0,0.2857142857142857,0.0,,2.424881636631067
Palmeirópolis,2021-01-13,266,0,7,0,0.2857142857142857,0.0,,2.424881636631067
Palmeirópolis,2021-01-14,272,6,7,0,0.7142857142857143,0.0,,2.4345689040341987
Palmeirópolis,2021-01-15,272,0,7,0,0.7142857142857143,0.0,,2.4345689040341987
Palmeirópolis,2021-01-16,273,1,7,0,0.7857142857142857,0.0,,2.436162647040756
Palmeirópolis,2021-01-17,273,0,7,0,0.7857142857142857,0.0,,2.436162647040756
Palmeirópolis,2021-01-18,274,1,7,0,0.8571428571428571,0.0,,2.437750562820388
Palmeirópolis,2021-01-19,279,5,7,0,1.2142857142857142,0.0,,2.4456042032735974
Palmeirópolis,2021-01-20,279,0,7,0,1.2857142857142858,0.0,,2.4456042032735974
Novo Alegre,2020-03-27,0,0,0,0,,,,0.0
Novo Alegre,2020-03-28,0,0,0,0,,,,0.0
Novo Alegre,2020-03-29,0,0,0,0,,,,0.0
Novo Alegre,2020-03-30,0,0,0,0,,,,0.0
Novo Alegre,2020-03-31,0,0,0,0,,,,0.0
Novo Alegre,2020-04-01,0,0,0,0,,,,0.0
Novo Alegre,2020-04-02,0,0,0,0,,,,0.0
Novo Alegre,2020-04-03,0,0,0,0,,,,0.0
Novo Alegre,2020-04-04,0,0,0,0,,,,0.0
Novo Alegre,2020-04-05,0,0,0,0,,,,0.0
Novo Alegre,2020-04-06,0,0,0,0,,,,0.0
Novo Alegre,2020-04-07,0,0,0,0,,,,0.0
Novo Alegre,2020-04-08,0,0,0,0,,,,0.0
Novo Alegre,2020-04-09,0,0,0,0,0.0,0.0,,0.0
Novo Alegre,2020-04-10,0,0,0,0,0.0,0.0,,0.0
Novo Alegre,2020-04-11,0,0,0,0,0.0,0.0,,0.0
Novo Alegre,2020-04-12,0,0,0,0,0.0,0.0,,0.0
Novo Alegre,2020-04-13,0,0,0,0,0.0,0.0,,0.0
Novo Alegre,2020-04-14,0,0,0,0,0.0,0.0,,0.0
Novo Alegre,2020-04-15,0,0,0,0,0.0,0.0,,0.0
Novo Alegre,2020-04-16,0,0,0,0,0.0,0.0,,0.0
Novo Alegre,2020-04-17,0,0,0,0,0.0,0.0,,0.0
Novo Alegre,2020-04-18,0,0,0,0,0.0,0.0,,0.0
Novo Alegre,2020-04-19,0,0,0,0,0.0,0.0,,0.0
Novo Alegre,2020-04-20,0,0,0,0,0.0,0.0,,0.0
Novo Alegre,2020-04-21,0,0,0,0,0.0,0.0,,0.0
Novo Alegre,2020-04-22,0,0,0,0,0.0,0.0,,0.0
Novo Alegre,2020-04-23,0,0,0,0,0.0,0.0,,0.0
Novo Alegre,2020-04-24,0,0,0,0,0.0,0.0,,0.0
Novo Alegre,2020-04-25,0,0,0,0,0.0,0.0,,0.0
Novo Alegre,2020-04-26,0,0,0,0,0.0,0.0,,0.0
Novo Alegre,2020-04-27,0,0,0,0,0.0,0.0,,0.0
Novo Alegre,2020-04-28,0,0,0,0,0.0,0.0,,0.0
Novo Alegre,2020-04-29,0,0,0,0,0.0,0.0,,0.0
Novo Alegre,2020-04-30,0,0,0,0,0.0,0.0,,0.0
Novo Alegre,2020-05-01,0,0,0,0,0.0,0.0,,0.0
Novo Alegre,2020-05-02,0,0,0,0,0.0,0.0,,0.0
Novo Alegre,2020-05-03,0,0,0,0,0.0,0.0,,0.0
Novo Alegre,2020-05-04,0,0,0,0,0.0,0.0,,0.0
Novo Alegre,2020-05-05,0,0,0,0,0.0,0.0,,0.0
Novo Alegre,2020-05-06,0,0,0,0,0.0,0.0,,0.0
Novo Alegre,2020-05-07,0,0,0,0,0.0,0.0,,0.0
Novo Alegre,2020-05-08,0,0,0,0,0.0,0.0,,0.0
Novo Alegre,2020-05-09,0,0,0,0,0.0,0.0,,0.0
Novo Alegre,2020-05-10,0,0,0,0,0.0,0.0,,0.0
Novo Alegre,2020-05-11,0,0,0,0,0.0,0.0,,0.0
Novo Alegre,2020-05-12,0,0,0,0,0.0,0.0,,0.0
Novo Alegre,2020-05-13,0,0,0,0,0.0,0.0,,0.0
Novo Alegre,2020-05-14,0,0,0,0,0.0,0.0,,0.0
Novo Alegre,2020-05-15,0,0,0,0,0.0,0.0,,0.0
Novo Alegre,2020-05-16,0,0,0,0,0.0,0.0,,0.0
Novo Alegre,2020-05-17,0,0,0,0,0.0,0.0,,0.0
Novo Alegre,2020-05-18,0,0,0,0,0.0,0.0,,0.0
Novo Alegre,2020-05-19,0,0,0,0,0.0,0.0,,0.0
Novo Alegre,2020-05-20,0,0,0,0,0.0,0.0,,0.0
Novo Alegre,2020-05-21,0,0,0,0,0.0,0.0,,0.0
Novo Alegre,2020-05-22,0,0,0,0,0.0,0.0,,0.0
Novo Alegre,2020-05-23,0,0,0,0,0.0,0.0,,0.0
Novo Alegre,2020-05-24,0,0,0,0,0.0,0.0,,0.0
Novo Alegre,2020-05-25,0,0,0,0,0.0,0.0,,0.0
Novo Alegre,2020-05-26,0,0,0,0,0.0,0.0,,0.0
Novo Alegre,2020-05-27,0,0,0,0,0.0,0.0,,0.0
Novo Alegre,2020-05-28,0,0,0,0,0.0,0.0,,0.0
Novo Alegre,2020-05-29,0,0,0,0,0.0,0.0,,0.0
Novo Alegre,2020-05-30,0,0,0,0,0.0,0.0,,0.0
Novo Alegre,2020-05-31,0,0,0,0,0.0,0.0,,0.0
Novo Alegre,2020-06-01,0,0,0,0,0.0,0.0,,0.0
Novo Alegre,2020-06-02,0,0,0,0,0.0,0.0,,0.0
Novo Alegre,2020-06-03,0,0,0,0,0.0,0.0,,0.0
Novo Alegre,2020-06-04,0,0,0,0,0.0,0.0,,0.0
Novo Alegre,2020-06-05,0,0,0,0,0.0,0.0,,0.0
Novo Alegre,2020-06-06,0,0,0,0,0.0,0.0,,0.0
Novo Alegre,2020-06-07,0,0,0,0,0.0,0.0,,0.0
Novo Alegre,2020-06-08,0,0,0,0,0.0,0.0,,0.0
Novo Alegre,2020-06-09,1,1,1,1,0.07142857142857142,0.07142857142857142,inf,0.0
Novo Alegre,2020-06-10,1,0,1,0,0.07142857142857142,0.07142857142857142,inf,0.0
Novo Alegre,2020-06-11,1,0,1,0,0.07142857142857142,0.07142857142857142,inf,0.0
Novo Alegre,2020-06-12,1,0,1,0,0.07142857142857142,0.07142857142857142,inf,0.0
Novo Alegre,2020-06-13,1,0,1,0,0.07142857142857142,0.07142857142857142,inf,0.0
Novo Alegre,2020-06-14,1,0,1,0,0.07142857142857142,0.07142857142857142,inf,0.0
Novo Alegre,2020-06-15,1,0,1,0,0.07142857142857142,0.07142857142857142,inf,0.0
Novo Alegre,2020-06-16,1,0,1,0,0.07142857142857142,0.07142857142857142,inf,0.0
Novo Alegre,2020-06-17,1,0,1,0,0.07142857142857142,0.07142857142857142,inf,0.0
Novo Alegre,2020-06-18,1,0,1,0,0.07142857142857142,0.07142857142857142,inf,0.0
Novo Alegre,2020-06-19,1,0,1,0,0.07142857142857142,0.07142857142857142,inf,0.0
Novo Alegre,2020-06-20,1,0,1,0,0.07142857142857142,0.07142857142857142,inf,0.0
Novo Alegre,2020-06-21,1,0,1,0,0.07142857142857142,0.07142857142857142,inf,0.0
Novo Alegre,2020-06-22,1,0,1,0,0.07142857142857142,0.07142857142857142,inf,0.0
Novo Alegre,2020-06-23,1,0,1,0,0.0,0.0,-1.0,0.0
Novo Alegre,2020-06-24,1,0,0,-1,0.0,-0.07142857142857142,-2.0,0.0
Novo Alegre,2020-06-25,1,0,1,1,0.0,0.0,-1.0,0.0
Novo Alegre,2020-06-26,1,0,1,0,0.0,0.0,-1.0,0.0
Novo Alegre,2020-06-27,1,0,1,0,0.0,0.0,-1.0,0.0
Novo Alegre,2020-06-28,1,0,1,0,0.0,0.0,-1.0,0.0
Novo Alegre,2020-06-29,1,0,1,0,0.0,0.0,-1.0,0.0
Novo Alegre,2020-06-30,1,0,1,0,0.0,0.0,-1.0,0.0
Novo Alegre,2020-07-01,1,0,1,0,0.0,0.0,-1.0,0.0
Novo Alegre,2020-07-02,1,0,1,0,0.0,0.0,-1.0,0.0
Novo Alegre,2020-07-03,1,0,1,0,0.0,0.0,-1.0,0.0
Novo Alegre,2020-07-04,1,0,1,0,0.0,0.0,-1.0,0.0
Novo Alegre,2020-07-05,1,0,1,0,0.0,0.0,-1.0,0.0
Novo Alegre,2020-07-06,1,0,1,0,0.0,0.0,-1.0,0.0
Novo Alegre,2020-07-07,1,0,1,0,0.0,0.0,,0.0
Novo Alegre,2020-07-08,1,0,1,0,0.0,0.07142857142857142,-2.0,0.0
Novo Alegre,2020-07-09,1,0,1,0,0.0,0.0,,0.0
Novo Alegre,2020-07-10,1,0,1,0,0.0,0.0,,0.0
Novo Alegre,2020-07-11,1,0,1,0,0.0,0.0,,0.0
Novo Alegre,2020-07-12,1,0,1,0,0.0,0.0,,0.0
Novo Alegre,2020-07-13,1,0,1,0,0.0,0.0,,0.0
Novo Alegre,2020-07-14,1,0,1,0,0.0,0.0,,0.0
Novo Alegre,2020-07-15,1,0,1,0,0.0,0.0,,0.0
Novo Alegre,2020-07-16,1,0,1,0,0.0,0.0,,0.0
Novo Alegre,2020-07-17,1,0,1,0,0.0,0.0,,0.0
Novo Alegre,2020-07-18,1,0,1,0,0.0,0.0,,0.0
Novo Alegre,2020-07-19,1,0,1,0,0.0,0.0,,0.0
Novo Alegre,2020-07-20,1,0,1,0,0.0,0.0,,0.0
Novo Alegre,2020-07-21,1,0,1,0,0.0,0.0,,0.0
Novo Alegre,2020-07-22,1,0,1,0,0.0,0.0,-1.0,0.0
Novo Alegre,2020-07-23,1,0,1,0,0.0,0.0,,0.0
Novo Alegre,2020-07-24,1,0,1,0,0.0,0.0,,0.0
Novo Alegre,2020-07-25,1,0,1,0,0.0,0.0,,0.0
Novo Alegre,2020-07-26,1,0,1,0,0.0,0.0,,0.0
Novo Alegre,2020-07-27,1,0,1,0,0.0,0.0,,0.0
Novo Alegre,2020-07-28,1,0,1,0,0.0,0.0,,0.0
Novo Alegre,2020-07-29,1,0,1,0,0.0,0.0,,0.0
Novo Alegre,2020-07-30,1,0,1,0,0.0,0.0,,0.0
Novo Alegre,2020-07-31,1,0,1,0,0.0,0.0,,0.0
Novo Alegre,2020-08-01,1,0,1,0,0.0,0.0,,0.0
Novo Alegre,2020-08-02,1,0,1,0,0.0,0.0,,0.0
Novo Alegre,2020-08-03,1,0,1,0,0.0,0.0,,0.0
Novo Alegre,2020-08-04,1,0,1,0,0.0,0.0,,0.0
Novo Alegre,2020-08-05,1,0,1,0,0.0,0.0,,0.0
Novo Alegre,2020-08-06,1,0,1,0,0.0,0.0,,0.0
Novo Alegre,2020-08-07,1,0,1,0,0.0,0.0,,0.0
Novo Alegre,2020-08-08,1,0,1,0,0.0,0.0,,0.0
Novo Alegre,2020-08-09,1,0,1,0,0.0,0.0,,0.0
Novo Alegre,2020-08-10,1,0,1,0,0.0,0.0,,0.0
Novo Alegre,2020-08-11,1,0,1,0,0.0,0.0,,0.0
Novo Alegre,2020-08-12,1,0,1,0,0.0,0.0,,0.0
Novo Alegre,2020-08-13,1,0,1,0,0.0,0.0,,0.0
Novo Alegre,2020-08-14,3,2,1,0,0.14285714285714285,0.0,,0.47712125471966244
Novo Alegre,2020-08-15,3,0,1,0,0.14285714285714285,0.0,,0.47712125471966244
Novo Alegre,2020-08-16,3,0,1,0,0.14285714285714285,0.0,,0.47712125471966244
Novo Alegre,2020-08-17,3,0,1,0,0.14285714285714285,0.0,,0.47712125471966244
Novo Alegre,2020-08-18,3,0,1,0,0.14285714285714285,0.0,,0.47712125471966244
Novo Alegre,2020-08-19,3,0,1,0,0.14285714285714285,0.0,,0.47712125471966244
Novo Alegre,2020-08-20,3,0,1,0,0.14285714285714285,0.0,,0.47712125471966244
Novo Alegre,2020-08-21,3,0,1,0,0.14285714285714285,0.0,,0.47712125471966244
Novo Alegre,2020-08-22,3,0,1,0,0.14285714285714285,0.0,,0.47712125471966244
Novo Alegre,2020-08-23,3,0,1,0,0.14285714285714285,0.0,,0.47712125471966244
Novo Alegre,2020-08-24,3,0,1,0,0.14285714285714285,0.0,,0.47712125471966244
Novo Alegre,2020-08-25,3,0,1,0,0.14285714285714285,0.0,,0.47712125471966244
Novo Alegre,2020-08-26,3,0,1,0,0.14285714285714285,0.0,,0.47712125471966244
Novo Alegre,2020-08-27,3,0,1,0,0.14285714285714285,0.0,,0.47712125471966244
Novo Alegre,2020-08-28,3,0,1,0,0.0,0.0,,0.47712125471966244
Novo Alegre,2020-08-29,3,0,1,0,0.0,0.0,,0.47712125471966244
Novo Alegre,2020-08-30,3,0,1,0,0.0,0.0,,0.47712125471966244
Novo Alegre,2020-08-31,3,0,1,0,0.0,0.0,,0.47712125471966244
Novo Alegre,2020-09-01,4,1,1,0,0.07142857142857142,0.0,,0.6020599913279624
Novo Alegre,2020-09-02,4,0,1,0,0.07142857142857142,0.0,,0.6020599913279624
Novo Alegre,2020-09-03,4,0,1,0,0.07142857142857142,0.0,,0.6020599913279624
Novo Alegre,2020-09-04,4,0,1,0,0.07142857142857142,0.0,,0.6020599913279624
Novo Alegre,2020-09-05,4,0,1,0,0.07142857142857142,0.0,,0.6020599913279624
Novo Alegre,2020-09-06,4,0,1,0,0.07142857142857142,0.0,,0.6020599913279624
Novo Alegre,2020-09-07,4,0,1,0,0.07142857142857142,0.0,,0.6020599913279624
Novo Alegre,2020-09-08,4,0,1,0,0.07142857142857142,0.0,,0.6020599913279624
Novo Alegre,2020-09-09,4,0,1,0,0.07142857142857142,0.0,,0.6020599913279624
Novo Alegre,2020-09-10,4,0,1,0,0.07142857142857142,0.0,,0.6020599913279624
Novo Alegre,2020-09-11,4,0,1,0,0.07142857142857142,0.0,,0.6020599913279624
Novo Alegre,2020-09-12,4,0,1,0,0.07142857142857142,0.0,,0.6020599913279624
Novo Alegre,2020-09-13,4,0,1,0,0.07142857142857142,0.0,,0.6020599913279624
Novo Alegre,2020-09-14,4,0,1,0,0.07142857142857142,0.0,,0.6020599913279624
Novo Alegre,2020-09-15,4,0,1,0,0.0,0.0,,0.6020599913279624
Novo Alegre,2020-09-16,4,0,1,0,0.0,0.0,,0.6020599913279624
Novo Alegre,2020-09-17,4,0,1,0,0.0,0.0,,0.6020599913279624
Novo Alegre,2020-09-18,4,0,1,0,0.0,0.0,,0.6020599913279624
Novo Alegre,2020-09-19,4,0,1,0,0.0,0.0,,0.6020599913279624
Novo Alegre,2020-09-20,4,0,1,0,0.0,0.0,,0.6020599913279624
Novo Alegre,2020-09-21,4,0,1,0,0.0,0.0,,0.6020599913279624
Novo Alegre,2020-09-22,4,0,1,0,0.0,0.0,,0.6020599913279624
Novo Alegre,2020-09-23,4,0,1,0,0.0,0.0,,0.6020599913279624
Novo Alegre,2020-09-24,4,0,1,0,0.0,0.0,,0.6020599913279624
Novo Alegre,2020-09-25,4,0,1,0,0.0,0.0,,0.6020599913279624
Novo Alegre,2020-09-26,4,0,1,0,0.0,0.0,,0.6020599913279624
Novo Alegre,2020-09-27,4,0,1,0,0.0,0.0,,0.6020599913279624
Novo Alegre,2020-09-28,4,0,1,0,0.0,0.0,,0.6020599913279624
Novo Alegre,2020-09-29,4,0,1,0,0.0,0.0,,0.6020599913279624
Novo Alegre,2020-09-30,4,0,1,0,0.0,0.0,,0.6020599913279624
Novo Alegre,2020-10-01,4,0,1,0,0.0,0.0,,0.6020599913279624
Novo Alegre,2020-10-02,4,0,1,0,0.0,0.0,,0.6020599913279624
Novo Alegre,2020-10-03,4,0,1,0,0.0,0.0,,0.6020599913279624
Novo Alegre,2020-10-04,4,0,1,0,0.0,0.0,,0.6020599913279624
Novo Alegre,2020-10-05,4,0,1,0,0.0,0.0,,0.6020599913279624
Novo Alegre,2020-10-06,4,0,1,0,0.0,0.0,,0.6020599913279624
Novo Alegre,2020-10-07,5,1,1,0,0.07142857142857142,0.0,,0.6989700043360189
Novo Alegre,2020-10-08,6,1,1,0,0.14285714285714285,0.0,,0.7781512503836436
Novo Alegre,2020-10-09,6,0,1,0,0.14285714285714285,0.0,,0.7781512503836436
Novo Alegre,2020-10-10,6,0,1,0,0.14285714285714285,0.0,,0.7781512503836436
Novo Alegre,2020-10-11,6,0,1,0,0.14285714285714285,0.0,,0.7781512503836436
Novo Alegre,2020-10-12,6,0,1,0,0.14285714285714285,0.0,,0.7781512503836436
Novo Alegre,2020-10-13,6,0,1,0,0.14285714285714285,0.0,,0.7781512503836436
Novo Alegre,2020-10-14,6,0,1,0,0.14285714285714285,0.0,,0.7781512503836436
Novo Alegre,2020-10-15,6,0,1,0,0.14285714285714285,0.0,,0.7781512503836436
Novo Alegre,2020-10-16,6,0,1,0,0.14285714285714285,0.0,,0.7781512503836436
Novo Alegre,2020-10-17,5,-1,1,0,0.07142857142857142,0.0,,0.6989700043360189
Novo Alegre,2020-10-18,5,0,1,0,0.07142857142857142,0.0,,0.6989700043360189
Novo Alegre,2020-10-19,5,0,1,0,0.07142857142857142,0.0,,0.6989700043360189
Novo Alegre,2020-10-20,5,0,1,0,0.07142857142857142,0.0,,0.6989700043360189
Novo Alegre,2020-10-21,5,0,1,0,0.0,0.0,,0.6989700043360189
Novo Alegre,2020-10-22,6,1,1,0,0.0,0.0,,0.7781512503836436
Novo Alegre,2020-10-23,6,0,1,0,0.0,0.0,,0.7781512503836436
Novo Alegre,2020-10-24,8,2,1,0,0.14285714285714285,0.0,,0.9030899869919435
Novo Alegre,2020-10-25,8,0,1,0,0.14285714285714285,0.0,,0.9030899869919435
Novo Alegre,2020-10-26,8,0,1,0,0.14285714285714285,0.0,,0.9030899869919435
Novo Alegre,2020-10-27,8,0,1,0,0.14285714285714285,0.0,,0.9030899869919435
Novo Alegre,2020-10-28,8,0,1,0,0.14285714285714285,0.0,,0.9030899869919435
Novo Alegre,2020-10-29,8,0,1,0,0.14285714285714285,0.0,,0.9030899869919435
Novo Alegre,2020-10-30,8,0,1,0,0.14285714285714285,0.0,,0.9030899869919435
Novo Alegre,2020-10-31,8,0,1,0,0.21428571428571427,0.0,,0.9030899869919435
Novo Alegre,2020-11-01,8,0,1,0,0.21428571428571427,0.0,,0.9030899869919435
Novo Alegre,2020-11-02,8,0,1,0,0.21428571428571427,0.0,,0.9030899869919435
Novo Alegre,2020-11-03,8,0,1,0,0.21428571428571427,0.0,,0.9030899869919435
Novo Alegre,2020-11-04,8,0,1,0,0.21428571428571427,0.0,,0.9030899869919435
Novo Alegre,2020-11-05,8,0,1,0,0.14285714285714285,0.0,,0.9030899869919435
Novo Alegre,2020-11-06,8,0,1,0,0.14285714285714285,0.0,,0.9030899869919435
Novo Alegre,2020-11-07,8,0,1,0,0.0,0.0,,0.9030899869919435
Novo Alegre,2020-11-08,8,0,1,0,0.0,0.0,,0.9030899869919435
Novo Alegre,2020-11-09,8,0,1,0,0.0,0.0,,0.9030899869919435
Novo Alegre,2020-11-10,8,0,1,0,0.0,0.0,,0.9030899869919435
Novo Alegre,2020-11-11,8,0,1,0,0.0,0.0,,0.9030899869919435
Novo Alegre,2020-11-12,8,0,1,0,0.0,0.0,,0.9030899869919435
Novo Alegre,2020-11-13,8,0,1,0,0.0,0.0,,0.9030899869919435
Novo Alegre,2020-11-14,8,0,1,0,0.0,0.0,,0.9030899869919435
Novo Alegre,2020-11-15,8,0,1,0,0.0,0.0,,0.9030899869919435
Novo Alegre,2020-11-16,8,0,1,0,0.0,0.0,,0.9030899869919435
Novo Alegre,2020-11-17,8,0,1,0,0.0,0.0,,0.9030899869919435
Novo Alegre,2020-11-18,8,0,1,0,0.0,0.0,,0.9030899869919435
Novo Alegre,2020-11-19,8,0,1,0,0.0,0.0,,0.9030899869919435
Novo Alegre,2020-11-20,8,0,1,0,0.0,0.0,,0.9030899869919435
Novo Alegre,2020-11-21,8,0,1,0,0.0,0.0,,0.9030899869919435
Novo Alegre,2020-11-22,8,0,1,0,0.0,0.0,,0.9030899869919435
Novo Alegre,2020-11-23,8,0,1,0,0.0,0.0,,0.9030899869919435
Novo Alegre,2020-11-24,8,0,1,0,0.0,0.0,,0.9030899869919435
Novo Alegre,2020-11-25,8,0,1,0,0.0,0.0,,0.9030899869919435
Novo Alegre,2020-11-26,8,0,1,0,0.0,0.0,,0.9030899869919435
Novo Alegre,2020-11-27,8,0,1,0,0.0,0.0,,0.9030899869919435
Novo Alegre,2020-11-28,8,0,1,0,0.0,0.0,,0.9030899869919435
Novo Alegre,2020-11-29,8,0,1,0,0.0,0.0,,0.9030899869919435
Novo Alegre,2020-11-30,8,0,1,0,0.0,0.0,,0.9030899869919435
Novo Alegre,2020-12-01,8,0,1,0,0.0,0.0,,0.9030899869919435
Novo Alegre,2020-12-02,9,1,1,0,0.07142857142857142,0.0,,0.9542425094393249
Novo Alegre,2020-12-03,9,0,1,0,0.07142857142857142,0.0,,0.9542425094393249
Novo Alegre,2020-12-04,9,0,1,0,0.07142857142857142,0.0,,0.9542425094393249
Novo Alegre,2020-12-05,9,0,1,0,0.07142857142857142,0.0,,0.9542425094393249
Novo Alegre,2020-12-06,9,0,1,0,0.07142857142857142,0.0,,0.9542425094393249
Novo Alegre,2020-12-07,9,0,1,0,0.07142857142857142,0.0,,0.9542425094393249
Novo Alegre,2020-12-08,9,0,1,0,0.07142857142857142,0.0,,0.9542425094393249
Novo Alegre,2020-12-09,9,0,1,0,0.07142857142857142,0.0,,0.9542425094393249
Novo Alegre,2020-12-10,13,4,1,0,0.35714285714285715,0.0,,1.1139433523068367
Novo Alegre,2020-12-11,13,0,1,0,0.35714285714285715,0.0,,1.1139433523068367
Novo Alegre,2020-12-12,13,0,1,0,0.35714285714285715,0.0,,1.1139433523068367
Novo Alegre,2020-12-13,13,0,1,0,0.35714285714285715,0.0,,1.1139433523068367
Novo Alegre,2020-12-14,13,0,1,0,0.35714285714285715,0.0,,1.1139433523068367
Novo Alegre,2020-12-15,13,0,0,-1,0.35714285714285715,-0.07142857142857142,-inf,1.1139433523068367
Novo Alegre,2020-12-16,14,1,1,1,0.35714285714285715,0.0,,1.146128035678238
Novo Alegre,2020-12-17,14,0,1,0,0.35714285714285715,0.0,,1.146128035678238
Novo Alegre,2020-12-18,14,0,1,0,0.35714285714285715,0.0,,1.146128035678238
Novo Alegre,2020-12-19,15,1,1,0,0.42857142857142855,0.0,,1.1760912590556813
Novo Alegre,2020-12-20,15,0,1,0,0.42857142857142855,0.0,,1.1760912590556813
Novo Alegre,2020-12-21,15,0,1,0,0.42857142857142855,0.0,,1.1760912590556813
Novo Alegre,2020-12-22,15,0,1,0,0.42857142857142855,0.0,,1.1760912590556813
Novo Alegre,2020-12-23,15,0,1,0,0.42857142857142855,0.0,,1.1760912590556813
Novo Alegre,2020-12-24,15,0,1,0,0.14285714285714285,0.0,,1.1760912590556813
Novo Alegre,2020-12-25,15,0,1,0,0.14285714285714285,0.0,,1.1760912590556813
Novo Alegre,2020-12-26,15,0,1,0,0.14285714285714285,0.0,,1.1760912590556813
Novo Alegre,2020-12-27,15,0,1,0,0.14285714285714285,0.0,,1.1760912590556813
Novo Alegre,2020-12-28,15,0,1,0,0.14285714285714285,0.0,,1.1760912590556813
Novo Alegre,2020-12-29,15,0,1,0,0.14285714285714285,0.07142857142857142,-2.0,1.1760912590556813
Novo Alegre,2020-12-30,15,0,1,0,0.07142857142857142,0.0,,1.1760912590556813
Novo Alegre,2020-12-31,15,0,1,0,0.07142857142857142,0.0,,1.1760912590556813
Novo Alegre,2021-01-01,15,0,1,0,0.07142857142857142,0.0,,1.1760912590556813
Novo Alegre,2021-01-02,15,0,1,0,0.0,0.0,,1.1760912590556813
Novo Alegre,2021-01-03,15,0,1,0,0.0,0.0,,1.1760912590556813
Novo Alegre,2021-01-04,15,0,1,0,0.0,0.0,,1.1760912590556813
Novo Alegre,2021-01-05,15,0,1,0,0.0,0.0,,1.1760912590556813
Novo Alegre,2021-01-06,15,0,1,0,0.0,0.0,,1.1760912590556813
Novo Alegre,2021-01-07,15,0,1,0,0.0,0.0,,1.1760912590556813
Novo Alegre,2021-01-08,15,0,1,0,0.0,0.0,,1.1760912590556813
Novo Alegre,2021-01-09,15,0,1,0,0.0,0.0,,1.1760912590556813
Novo Alegre,2021-01-10,15,0,1,0,0.0,0.0,,1.1760912590556813
Novo Alegre,2021-01-11,15,0,1,0,0.0,0.0,,1.1760912590556813
Novo Alegre,2021-01-12,15,0,1,0,0.0,0.0,-1.0,1.1760912590556813
Novo Alegre,2021-01-13,15,0,1,0,0.0,0.0,,1.1760912590556813
Novo Alegre,2021-01-14,15,0,1,0,0.0,0.0,,1.1760912590556813
Novo Alegre,2021-01-15,15,0,1,0,0.0,0.0,,1.1760912590556813
Novo Alegre,2021-01-16,15,0,1,0,0.0,0.0,,1.1760912590556813
Novo Alegre,2021-01-17,15,0,1,0,0.0,0.0,,1.1760912590556813
Novo Alegre,2021-01-18,15,0,1,0,0.0,0.0,,1.1760912590556813
Novo Alegre,2021-01-19,15,0,1,0,0.0,0.0,,1.1760912590556813
Novo Alegre,2021-01-20,15,0,1,0,0.0,0.0,,1.1760912590556813
Luzinópolis,2020-03-27,0,0,0,0,,,,0.0
Luzinópolis,2020-03-28,0,0,0,0,,,,0.0
Luzinópolis,2020-03-29,0,0,0,0,,,,0.0
Luzinópolis,2020-03-30,0,0,0,0,,,,0.0
Luzinópolis,2020-03-31,0,0,0,0,,,,0.0
Luzinópolis,2020-04-01,0,0,0,0,,,,0.0
Luzinópolis,2020-04-02,0,0,0,0,,,,0.0
Luzinópolis,2020-04-03,0,0,0,0,,,,0.0
Luzinópolis,2020-04-04,0,0,0,0,,,,0.0
Luzinópolis,2020-04-05,0,0,0,0,,,,0.0
Luzinópolis,2020-04-06,0,0,0,0,,,,0.0
Luzinópolis,2020-04-07,0,0,0,0,,,,0.0
Luzinópolis,2020-04-08,0,0,0,0,,,,0.0
Luzinópolis,2020-04-09,0,0,0,0,0.0,0.0,,0.0
Luzinópolis,2020-04-10,0,0,0,0,0.0,0.0,,0.0
Luzinópolis,2020-04-11,0,0,0,0,0.0,0.0,,0.0
Luzinópolis,2020-04-12,0,0,0,0,0.0,0.0,,0.0
Luzinópolis,2020-04-13,0,0,0,0,0.0,0.0,,0.0
Luzinópolis,2020-04-14,0,0,0,0,0.0,0.0,,0.0
Luzinópolis,2020-04-15,0,0,0,0,0.0,0.0,,0.0
Luzinópolis,2020-04-16,0,0,0,0,0.0,0.0,,0.0
Luzinópolis,2020-04-17,0,0,0,0,0.0,0.0,,0.0
Luzinópolis,2020-04-18,0,0,0,0,0.0,0.0,,0.0
Luzinópolis,2020-04-19,0,0,0,0,0.0,0.0,,0.0
Luzinópolis,2020-04-20,0,0,0,0,0.0,0.0,,0.0
Luzinópolis,2020-04-21,0,0,0,0,0.0,0.0,,0.0
Luzinópolis,2020-04-22,0,0,0,0,0.0,0.0,,0.0
Luzinópolis,2020-04-23,0,0,0,0,0.0,0.0,,0.0
Luzinópolis,2020-04-24,0,0,0,0,0.0,0.0,,0.0
Luzinópolis,2020-04-25,0,0,0,0,0.0,0.0,,0.0
Luzinópolis,2020-04-26,0,0,0,0,0.0,0.0,,0.0
Luzinópolis,2020-04-27,0,0,0,0,0.0,0.0,,0.0
Luzinópolis,2020-04-28,0,0,0,0,0.0,0.0,,0.0
Luzinópolis,2020-04-29,0,0,0,0,0.0,0.0,,0.0
Luzinópolis,2020-04-30,0,0,0,0,0.0,0.0,,0.0
Luzinópolis,2020-05-01,0,0,0,0,0.0,0.0,,0.0
Luzinópolis,2020-05-02,0,0,0,0,0.0,0.0,,0.0
Luzinópolis,2020-05-03,0,0,0,0,0.0,0.0,,0.0
Luzinópolis,2020-05-04,0,0,0,0,0.0,0.0,,0.0
Luzinópolis,2020-05-05,0,0,0,0,0.0,0.0,,0.0
Luzinópolis,2020-05-06,0,0,0,0,0.0,0.0,,0.0
Luzinópolis,2020-05-07,0,0,0,0,0.0,0.0,,0.0
Luzinópolis,2020-05-08,0,0,0,0,0.0,0.0,,0.0
Luzinópolis,2020-05-09,0,0,0,0,0.0,0.0,,0.0
Luzinópolis,2020-05-10,0,0,0,0,0.0,0.0,,0.0
Luzinópolis,2020-05-11,0,0,0,0,0.0,0.0,,0.0
Luzinópolis,2020-05-12,0,0,0,0,0.0,0.0,,0.0
Luzinópolis,2020-05-13,0,0,0,0,0.0,0.0,,0.0
Luzinópolis,2020-05-14,0,0,0,0,0.0,0.0,,0.0
Luzinópolis,2020-05-15,0,0,0,0,0.0,0.0,,0.0
Luzinópolis,2020-05-16,0,0,0,0,0.0,0.0,,0.0
Luzinópolis,2020-05-17,0,0,0,0,0.0,0.0,,0.0
Luzinópolis,2020-05-18,0,0,0,0,0.0,0.0,,0.0
Luzinópolis,2020-05-19,0,0,0,0,0.0,0.0,,0.0
Luzinópolis,2020-05-20,0,0,0,0,0.0,0.0,,0.0
Luzinópolis,2020-05-21,0,0,0,0,0.0,0.0,,0.0
Luzinópolis,2020-05-22,0,0,0,0,0.0,0.0,,0.0
Luzinópolis,2020-05-23,2,2,0,0,0.14285714285714285,0.0,,0.3010299956639812
Luzinópolis,2020-05-24,2,0,0,0,0.14285714285714285,0.0,,0.3010299956639812
Luzinópolis,2020-05-25,2,0,0,0,0.14285714285714285,0.0,,0.3010299956639812
Luzinópolis,2020-05-26,2,0,0,0,0.14285714285714285,0.0,,0.3010299956639812
Luzinópolis,2020-05-27,2,0,0,0,0.14285714285714285,0.0,,0.3010299956639812
Luzinópolis,2020-05-28,2,0,0,0,0.14285714285714285,0.0,,0.3010299956639812
Luzinópolis,2020-05-29,2,0,0,0,0.14285714285714285,0.0,,0.3010299956639812
Luzinópolis,2020-05-30,2,0,0,0,0.14285714285714285,0.0,,0.3010299956639812
Luzinópolis,2020-05-31,2,0,0,0,0.14285714285714285,0.0,,0.3010299956639812
Luzinópolis,2020-06-01,2,0,0,0,0.14285714285714285,0.0,,0.3010299956639812
Luzinópolis,2020-06-02,3,1,0,0,0.21428571428571427,0.0,,0.47712125471966244
Luzinópolis,2020-06-03,3,0,0,0,0.21428571428571427,0.0,,0.47712125471966244
Luzinópolis,2020-06-04,3,0,0,0,0.21428571428571427,0.0,,0.47712125471966244
Luzinópolis,2020-06-05,3,0,0,0,0.21428571428571427,0.0,,0.47712125471966244
Luzinópolis,2020-06-06,6,3,0,0,0.2857142857142857,0.0,,0.7781512503836436
Luzinópolis,2020-06-07,6,0,0,0,0.2857142857142857,0.0,,0.7781512503836436
Luzinópolis,2020-06-08,6,0,0,0,0.2857142857142857,0.0,,0.7781512503836436
Luzinópolis,2020-06-09,6,0,0,0,0.2857142857142857,0.0,,0.7781512503836436
Luzinópolis,2020-06-10,6,0,0,0,0.2857142857142857,0.0,,0.7781512503836436
Luzinópolis,2020-06-11,6,0,0,0,0.2857142857142857,0.0,,0.7781512503836436
Luzinópolis,2020-06-12,8,2,0,0,0.42857142857142855,0.0,,0.9030899869919435
Luzinópolis,2020-06-13,8,0,0,0,0.42857142857142855,0.0,,0.9030899869919435
Luzinópolis,2020-06-14,8,0,0,0,0.42857142857142855,0.0,,0.9030899869919435
Luzinópolis,2020-06-15,8,0,0,0,0.42857142857142855,0.0,,0.9030899869919435
Luzinópolis,2020-06-16,8,0,0,0,0.35714285714285715,0.0,,0.9030899869919435
Luzinópolis,2020-06-17,8,0,0,0,0.35714285714285715,0.0,,0.9030899869919435
Luzinópolis,2020-06-18,11,3,0,0,0.5714285714285714,0.0,,1.041392685158225
Luzinópolis,2020-06-19,12,1,0,0,0.6428571428571429,0.0,,1.0791812460476249
Luzinópolis,2020-06-20,12,0,0,0,0.42857142857142855,0.0,,1.0791812460476249
Luzinópolis,2020-06-21,12,0,0,0,0.42857142857142855,0.0,,1.0791812460476249
Luzinópolis,2020-06-22,12,0,0,0,0.42857142857142855,0.0,,1.0791812460476249
Luzinópolis,2020-06-23,12,0,0,0,0.42857142857142855,0.0,,1.0791812460476249
Luzinópolis,2020-06-24,12,0,1,1,0.42857142857142855,0.07142857142857142,inf,1.0791812460476249
Luzinópolis,2020-06-25,12,0,0,-1,0.42857142857142855,0.0,,1.0791812460476249
Luzinópolis,2020-06-26,12,0,0,0,0.2857142857142857,0.0,,1.0791812460476249
Luzinópolis,2020-06-27,12,0,0,0,0.2857142857142857,0.0,,1.0791812460476249
Luzinópolis,2020-06-28,12,0,0,0,0.2857142857142857,0.0,,1.0791812460476249
Luzinópolis,2020-06-29,12,0,0,0,0.2857142857142857,0.0,,1.0791812460476249
Luzinópolis,2020-06-30,12,0,0,0,0.2857142857142857,0.0,,1.0791812460476249
Luzinópolis,2020-07-01,12,0,0,0,0.2857142857142857,0.0,,1.0791812460476249
Luzinópolis,2020-07-02,12,0,0,0,0.07142857142857142,0.0,,1.0791812460476249
Luzinópolis,2020-07-03,12,0,0,0,0.0,0.0,,1.0791812460476249
Luzinópolis,2020-07-04,12,0,0,0,0.0,0.0,,1.0791812460476249
Luzinópolis,2020-07-05,12,0,0,0,0.0,0.0,,1.0791812460476249
Luzinópolis,2020-07-06,12,0,0,0,0.0,0.0,,1.0791812460476249
Luzinópolis,2020-07-07,12,0,0,0,0.0,0.0,,1.0791812460476249
Luzinópolis,2020-07-08,12,0,0,0,0.0,-0.07142857142857142,-2.0,1.0791812460476249
Luzinópolis,2020-07-09,12,0,0,0,0.0,0.0,,1.0791812460476249
Luzinópolis,2020-07-10,12,0,0,0,0.0,0.0,,1.0791812460476249
Luzinópolis,2020-07-11,12,0,0,0,0.0,0.0,,1.0791812460476249
Luzinópolis,2020-07-12,12,0,0,0,0.0,0.0,,1.0791812460476249
Luzinópolis,2020-07-13,12,0,0,0,0.0,0.0,,1.0791812460476249
Luzinópolis,2020-07-14,12,0,0,0,0.0,0.0,,1.0791812460476249
Luzinópolis,2020-07-15,13,1,0,0,0.07142857142857142,0.0,,1.1139433523068367
Luzinópolis,2020-07-16,14,1,0,0,0.14285714285714285,0.0,,1.146128035678238
Luzinópolis,2020-07-17,14,0,0,0,0.14285714285714285,0.0,,1.146128035678238
Luzinópolis,2020-07-18,14,0,0,0,0.14285714285714285,0.0,,1.146128035678238
Luzinópolis,2020-07-19,14,0,0,0,0.14285714285714285,0.0,,1.146128035678238
Luzinópolis,2020-07-20,14,0,0,0,0.14285714285714285,0.0,,1.146128035678238
Luzinópolis,2020-07-21,14,0,0,0,0.14285714285714285,0.0,,1.146128035678238
Luzinópolis,2020-07-22,14,0,0,0,0.14285714285714285,0.0,-1.0,1.146128035678238
Luzinópolis,2020-07-23,14,0,0,0,0.14285714285714285,0.0,,1.146128035678238
Luzinópolis,2020-07-24,15,1,0,0,0.21428571428571427,0.0,,1.1760912590556813
Luzinópolis,2020-07-25,17,2,0,0,0.35714285714285715,0.0,,1.2304489213782739
Luzinópolis,2020-07-26,18,1,0,0,0.42857142857142855,0.0,,1.255272505103306
Luzinópolis,2020-07-27,18,0,0,0,0.42857142857142855,0.0,,1.255272505103306
Luzinópolis,2020-07-28,18,0,0,0,0.42857142857142855,0.0,,1.255272505103306
Luzinópolis,2020-07-29,18,0,0,0,0.35714285714285715,0.0,,1.255272505103306
Luzinópolis,2020-07-30,18,0,0,0,0.2857142857142857,0.0,,1.255272505103306
Luzinópolis,2020-07-31,18,0,0,0,0.2857142857142857,0.0,,1.255272505103306
Luzinópolis,2020-08-01,18,0,0,0,0.2857142857142857,0.0,,1.255272505103306
Luzinópolis,2020-08-02,18,0,0,0,0.2857142857142857,0.0,,1.255272505103306
Luzinópolis,2020-08-03,18,0,0,0,0.2857142857142857,0.0,,1.255272505103306
Luzinópolis,2020-08-04,19,1,0,0,0.35714285714285715,0.0,,1.2787536009528289
Luzinópolis,2020-08-05,19,0,0,0,0.35714285714285715,0.0,,1.2787536009528289
Luzinópolis,2020-08-06,21,2,0,0,0.5,0.0,,1.3222192947339193
Luzinópolis,2020-08-07,24,3,1,1,0.6428571428571429,0.07142857142857142,inf,1.380211241711606
Luzinópolis,2020-08-08,24,0,1,0,0.5,0.07142857142857142,inf,1.380211241711606
Luzinópolis,2020-08-09,25,1,1,0,0.5,0.07142857142857142,inf,1.3979400086720377
Luzinópolis,2020-08-10,25,0,1,0,0.5,0.07142857142857142,inf,1.3979400086720377
Luzinópolis,2020-08-11,26,1,1,0,0.5714285714285714,0.07142857142857142,inf,1.414973347970818
Luzinópolis,2020-08-12,26,0,1,0,0.5714285714285714,0.07142857142857142,inf,1.414973347970818
Luzinópolis,2020-08-13,27,1,1,0,0.6428571428571429,0.07142857142857142,inf,1.4313637641589874
Luzinópolis,2020-08-14,31,4,1,0,0.9285714285714286,0.07142857142857142,inf,1.4913616938342726
Luzinópolis,2020-08-15,31,0,1,0,0.9285714285714286,0.07142857142857142,inf,1.4913616938342726
Luzinópolis,2020-08-16,31,0,1,0,0.9285714285714286,0.07142857142857142,inf,1.4913616938342726
Luzinópolis,2020-08-17,31,0,1,0,0.9285714285714286,0.07142857142857142,inf,1.4913616938342726
Luzinópolis,2020-08-18,31,0,2,1,0.8571428571428571,0.14285714285714285,inf,1.4913616938342726
Luzinópolis,2020-08-19,35,4,2,0,1.1428571428571428,0.14285714285714285,inf,1.5440680443502757
Luzinópolis,2020-08-20,35,0,2,0,1.0,0.14285714285714285,inf,1.5440680443502757
Luzinópolis,2020-08-21,49,14,2,0,1.7857142857142858,0.07142857142857142,0.0,1.6901960800285136
Luzinópolis,2020-08-22,49,0,2,0,1.7857142857142858,0.07142857142857142,0.0,1.6901960800285136
Luzinópolis,2020-08-23,49,0,2,0,1.7142857142857142,0.07142857142857142,0.0,1.6901960800285136
Luzinópolis,2020-08-24,49,0,2,0,1.7142857142857142,0.07142857142857142,0.0,1.6901960800285136
Luzinópolis,2020-08-25,66,17,2,0,2.857142857142857,0.07142857142857142,0.0,1.8195439355418688
Luzinópolis,2020-08-26,82,16,2,0,4.0,0.07142857142857142,0.0,1.9138138523837167
Luzinópolis,2020-08-27,90,8,2,0,4.5,0.07142857142857142,0.0,1.9542425094393248
Luzinópolis,2020-08-28,90,0,2,0,4.214285714285714,0.07142857142857142,0.0,1.9542425094393248
Luzinópolis,2020-08-29,101,11,2,0,5.0,0.07142857142857142,0.0,2.0043213737826426
Luzinópolis,2020-08-30,101,0,2,0,5.0,0.07142857142857142,0.0,2.0043213737826426
Luzinópolis,2020-08-31,101,0,2,0,5.0,0.07142857142857142,0.0,2.0043213737826426
Luzinópolis,2020-09-01,103,2,2,0,5.142857142857143,0.0,-1.0,2.012837224705172
Luzinópolis,2020-09-02,105,2,2,0,5.0,0.0,-1.0,2.0211892990699383
Luzinópolis,2020-09-03,106,1,2,0,5.071428571428571,0.0,-1.0,2.0253058652647704
Luzinópolis,2020-09-04,111,5,2,0,4.428571428571429,0.0,-1.0,2.0453229787866576
Luzinópolis,2020-09-05,112,1,2,0,4.5,0.0,-1.0,2.0492180226701815
Luzinópolis,2020-09-06,112,0,2,0,4.5,0.0,-1.0,2.0492180226701815
Luzinópolis,2020-09-07,112,0,2,0,4.5,0.0,-1.0,2.0492180226701815
Luzinópolis,2020-09-08,112,0,2,0,3.2857142857142856,0.0,-1.0,2.0492180226701815
Luzinópolis,2020-09-09,114,2,2,0,2.2857142857142856,0.0,-1.0,2.0569048513364727
Luzinópolis,2020-09-10,119,5,2,0,2.0714285714285716,0.0,-1.0,2.075546961392531
Luzinópolis,2020-09-11,119,0,2,0,2.0714285714285716,0.0,-1.0,2.075546961392531
Luzinópolis,2020-09-12,123,4,2,0,1.5714285714285714,0.0,-1.0,2.089905111439398
Luzinópolis,2020-09-13,123,0,2,0,1.5714285714285714,0.0,-1.0,2.089905111439398
Luzinópolis,2020-09-14,123,0,2,0,1.5714285714285714,0.0,-1.0,2.089905111439398
Luzinópolis,2020-09-15,123,0,2,0,1.4285714285714286,0.0,,2.089905111439398
Luzinópolis,2020-09-16,126,3,2,0,1.5,0.0,,2.100370545117563
Luzinópolis,2020-09-17,126,0,2,0,1.4285714285714286,0.0,,2.100370545117563
Luzinópolis,2020-09-18,126,0,2,0,1.0714285714285714,0.0,,2.100370545117563
Luzinópolis,2020-09-19,126,0,2,0,1.0,0.0,,2.100370545117563
Luzinópolis,2020-09-20,126,0,2,0,1.0,0.0,,2.100370545117563
Luzinópolis,2020-09-21,126,0,2,0,1.0,0.0,,2.100370545117563
Luzinópolis,2020-09-22,127,1,2,0,1.0714285714285714,0.0,,2.103803720955957
Luzinópolis,2020-09-23,127,0,2,0,0.9285714285714286,0.0,,2.103803720955957
Luzinópolis,2020-09-24,127,0,2,0,0.5714285714285714,0.0,,2.103803720955957
Luzinópolis,2020-09-25,127,0,2,0,0.5714285714285714,0.0,,2.103803720955957
Luzinópolis,2020-09-26,127,0,2,0,0.2857142857142857,0.0,,2.103803720955957
Luzinópolis,2020-09-27,127,0,2,0,0.2857142857142857,0.0,,2.103803720955957
Luzinópolis,2020-09-28,127,0,2,0,0.2857142857142857,0.0,,2.103803720955957
Luzinópolis,2020-09-29,130,3,2,0,0.5,0.0,,2.113943352306837
Luzinópolis,2020-09-30,130,0,2,0,0.2857142857142857,0.0,,2.113943352306837
Luzinópolis,2020-10-01,130,0,2,0,0.2857142857142857,0.0,,2.113943352306837
Luzinópolis,2020-10-02,130,0,2,0,0.2857142857142857,0.0,,2.113943352306837
Luzinópolis,2020-10-03,133,3,2,0,0.5,0.0,,2.123851640967086
Luzinópolis,2020-10-04,133,0,2,0,0.5,0.0,,2.123851640967086
Luzinópolis,2020-10-05,133,0,2,0,0.5,0.0,,2.123851640967086
Luzinópolis,2020-10-06,133,0,2,0,0.42857142857142855,0.0,,2.123851640967086
Luzinópolis,2020-10-07,133,0,2,0,0.42857142857142855,0.0,,2.123851640967086
Luzinópolis,2020-10-08,133,0,2,0,0.42857142857142855,0.0,,2.123851640967086
Luzinópolis,2020-10-09,133,0,2,0,0.42857142857142855,0.0,,2.123851640967086
Luzinópolis,2020-10-10,133,0,2,0,0.42857142857142855,0.0,,2.123851640967086
Luzinópolis,2020-10-11,133,0,2,0,0.42857142857142855,0.0,,2.123851640967086
Luzinópolis,2020-10-12,133,0,2,0,0.42857142857142855,0.0,,2.123851640967086
Luzinópolis,2020-10-13,133,0,2,0,0.21428571428571427,0.0,,2.123851640967086
Luzinópolis,2020-10-14,133,0,2,0,0.21428571428571427,0.0,,2.123851640967086
Luzinópolis,2020-10-15,133,0,2,0,0.21428571428571427,0.0,,2.123851640967086
Luzinópolis,2020-10-16,134,1,2,0,0.2857142857142857,0.0,,2.1271047983648077
Luzinópolis,2020-10-17,134,0,2,0,0.07142857142857142,0.0,,2.1271047983648077
Luzinópolis,2020-10-18,134,0,2,0,0.07142857142857142,0.0,,2.1271047983648077
Luzinópolis,2020-10-19,134,0,2,0,0.07142857142857142,0.0,,2.1271047983648077
Luzinópolis,2020-10-20,134,0,2,0,0.07142857142857142,0.0,,2.1271047983648077
Luzinópolis,2020-10-21,134,0,2,0,0.07142857142857142,0.0,,2.1271047983648077
Luzinópolis,2020-10-22,134,0,2,0,0.07142857142857142,0.0,,2.1271047983648077
Luzinópolis,2020-10-23,134,0,2,0,0.07142857142857142,0.0,,2.1271047983648077
Luzinópolis,2020-10-24,134,0,2,0,0.07142857142857142,0.0,,2.1271047983648077
Luzinópolis,2020-10-25,134,0,2,0,0.07142857142857142,0.0,,2.1271047983648077
Luzinópolis,2020-10-26,134,0,2,0,0.07142857142857142,0.0,,2.1271047983648077
Luzinópolis,2020-10-27,134,0,2,0,0.07142857142857142,0.0,,2.1271047983648077
Luzinópolis,2020-10-28,134,0,2,0,0.07142857142857142,0.0,,2.1271047983648077
Luzinópolis,2020-10-29,134,0,2,0,0.07142857142857142,0.0,,2.1271047983648077
Luzinópolis,2020-10-30,134,0,2,0,0.0,0.0,,2.1271047983648077
Luzinópolis,2020-10-31,134,0,2,0,0.0,0.0,,2.1271047983648077
Luzinópolis,2020-11-01,134,0,2,0,0.0,0.0,,2.1271047983648077
Luzinópolis,2020-11-02,134,0,2,0,0.0,0.0,,2.1271047983648077
Luzinópolis,2020-11-03,134,0,2,0,0.0,0.0,,2.1271047983648077
Luzinópolis,2020-11-04,134,0,2,0,0.0,0.0,,2.1271047983648077
Luzinópolis,2020-11-05,134,0,2,0,0.0,0.0,,2.1271047983648077
Luzinópolis,2020-11-06,134,0,2,0,0.0,0.0,,2.1271047983648077
Luzinópolis,2020-11-07,134,0,2,0,0.0,0.0,,2.1271047983648077
Luzinópolis,2020-11-08,134,0,2,0,0.0,0.0,,2.1271047983648077
Luzinópolis,2020-11-09,134,0,2,0,0.0,0.0,,2.1271047983648077
Luzinópolis,2020-11-10,134,0,2,0,0.0,0.0,,2.1271047983648077
Luzinópolis,2020-11-11,134,0,2,0,0.0,0.0,,2.1271047983648077
Luzinópolis,2020-11-12,134,0,2,0,0.0,0.0,,2.1271047983648077
Luzinópolis,2020-11-13,134,0,2,0,0.0,0.0,,2.1271047983648077
Luzinópolis,2020-11-14,134,0,2,0,0.0,0.0,,2.1271047983648077
Luzinópolis,2020-11-15,134,0,2,0,0.0,0.0,,2.1271047983648077
Luzinópolis,2020-11-16,134,0,2,0,0.0,0.0,,2.1271047983648077
Luzinópolis,2020-11-17,134,0,2,0,0.0,0.0,,2.1271047983648077
Luzinópolis,2020-11-18,134,0,2,0,0.0,0.0,,2.1271047983648077
Luzinópolis,2020-11-19,134,0,2,0,0.0,0.0,,2.1271047983648077
Luzinópolis,2020-11-20,134,0,2,0,0.0,0.0,,2.1271047983648077
Luzinópolis,2020-11-21,134,0,2,0,0.0,0.0,,2.1271047983648077
Luzinópolis,2020-11-22,134,0,2,0,0.0,0.0,,2.1271047983648077
Luzinópolis,2020-11-23,134,0,2,0,0.0,0.0,,2.1271047983648077
Luzinópolis,2020-11-24,135,1,2,0,0.07142857142857142,0.0,,2.130333768495006
Luzinópolis,2020-11-25,135,0,2,0,0.07142857142857142,0.0,,2.130333768495006
Luzinópolis,2020-11-26,135,0,2,0,0.07142857142857142,0.0,,2.130333768495006
Luzinópolis,2020-11-27,135,0,2,0,0.07142857142857142,0.0,,2.130333768495006
Luzinópolis,2020-11-28,135,0,2,0,0.07142857142857142,0.0,,2.130333768495006
Luzinópolis,2020-11-29,135,0,2,0,0.07142857142857142,0.0,,2.130333768495006
Luzinópolis,2020-11-30,135,0,2,0,0.07142857142857142,0.0,,2.130333768495006
Luzinópolis,2020-12-01,137,2,2,0,0.21428571428571427,0.0,,2.1367205671564067
Luzinópolis,2020-12-02,137,0,2,0,0.21428571428571427,0.0,,2.1367205671564067
Luzinópolis,2020-12-03,137,0,2,0,0.21428571428571427,0.0,,2.1367205671564067
Luzinópolis,2020-12-04,139,2,2,0,0.35714285714285715,0.0,,2.143014800254095
Luzinópolis,2020-12-05,140,1,2,0,0.42857142857142855,0.0,,2.146128035678238
Luzinópolis,2020-12-06,140,0,2,0,0.42857142857142855,0.0,,2.146128035678238
Luzinópolis,2020-12-07,140,0,2,0,0.42857142857142855,0.0,,2.146128035678238
Luzinópolis,2020-12-08,140,0,2,0,0.35714285714285715,0.0,,2.146128035678238
Luzinópolis,2020-12-09,140,0,2,0,0.35714285714285715,0.0,,2.146128035678238
Luzinópolis,2020-12-10,144,4,2,0,0.6428571428571429,0.0,,2.1583624920952498
Luzinópolis,2020-12-11,144,0,2,0,0.6428571428571429,0.0,,2.1583624920952498
Luzinópolis,2020-12-12,144,0,2,0,0.6428571428571429,0.0,,2.1583624920952498
Luzinópolis,2020-12-13,144,0,2,0,0.6428571428571429,0.0,,2.1583624920952498
Luzinópolis,2020-12-14,144,0,2,0,0.6428571428571429,0.0,,2.1583624920952498
Luzinópolis,2020-12-15,146,2,2,0,0.6428571428571429,0.0,,2.164352855784437
Luzinópolis,2020-12-16,146,0,2,0,0.6428571428571429,0.0,,2.164352855784437
Luzinópolis,2020-12-17,146,0,2,0,0.6428571428571429,0.0,,2.164352855784437
Luzinópolis,2020-12-18,146,0,2,0,0.5,0.0,,2.164352855784437
Luzinópolis,2020-12-19,146,0,2,0,0.42857142857142855,0.0,,2.164352855784437
Luzinópolis,2020-12-20,146,0,2,0,0.42857142857142855,0.0,,2.164352855784437
Luzinópolis,2020-12-21,146,0,2,0,0.42857142857142855,0.0,,2.164352855784437
Luzinópolis,2020-12-22,146,0,2,0,0.42857142857142855,0.0,,2.164352855784437
Luzinópolis,2020-12-23,146,0,2,0,0.42857142857142855,0.0,,2.164352855784437
Luzinópolis,2020-12-24,146,0,2,0,0.14285714285714285,0.0,,2.164352855784437
Luzinópolis,2020-12-25,146,0,2,0,0.14285714285714285,0.0,,2.164352855784437
Luzinópolis,2020-12-26,146,0,2,0,0.14285714285714285,0.0,,2.164352855784437
Luzinópolis,2020-12-27,146,0,2,0,0.14285714285714285,0.0,,2.164352855784437
Luzinópolis,2020-12-28,146,0,2,0,0.14285714285714285,0.0,,2.164352855784437
Luzinópolis,2020-12-29,146,0,2,0,0.0,0.0,,2.164352855784437
Luzinópolis,2020-12-30,146,0,2,0,0.0,0.0,,2.164352855784437
Luzinópolis,2020-12-31,146,0,2,0,0.0,0.0,,2.164352855784437
Luzinópolis,2021-01-01,146,0,2,0,0.0,0.0,,2.164352855784437
Luzinópolis,2021-01-02,146,0,2,0,0.0,0.0,,2.164352855784437
Luzinópolis,2021-01-03,146,0,2,0,0.0,0.0,,2.164352855784437
Luzinópolis,2021-01-04,146,0,2,0,0.0,0.0,,2.164352855784437
Luzinópolis,2021-01-05,146,0,2,0,0.0,0.0,,2.164352855784437
Luzinópolis,2021-01-06,146,0,2,0,0.0,0.0,,2.164352855784437
Luzinópolis,2021-01-07,146,0,2,0,0.0,0.0,,2.164352855784437
Luzinópolis,2021-01-08,146,0,2,0,0.0,0.0,,2.164352855784437
Luzinópolis,2021-01-09,146,0,2,0,0.0,0.0,,2.164352855784437
Luzinópolis,2021-01-10,146,0,2,0,0.0,0.0,,2.164352855784437
Luzinópolis,2021-01-11,146,0,2,0,0.0,0.0,,2.164352855784437
Luzinópolis,2021-01-12,146,0,2,0,0.0,0.0,,2.164352855784437
Luzinópolis,2021-01-13,146,0,2,0,0.0,0.0,,2.164352855784437
Luzinópolis,2021-01-14,146,0,2,0,0.0,0.0,,2.164352855784437
Luzinópolis,2021-01-15,146,0,2,0,0.0,0.0,,2.164352855784437
Luzinópolis,2021-01-16,146,0,2,0,0.0,0.0,,2.164352855784437
Luzinópolis,2021-01-17,146,0,2,0,0.0,0.0,,2.164352855784437
Luzinópolis,2021-01-18,147,1,2,0,0.07142857142857142,0.0,,2.167317334748176
Luzinópolis,2021-01-19,147,0,2,0,0.07142857142857142,0.0,,2.167317334748176
Luzinópolis,2021-01-20,147,0,2,0,0.07142857142857142,0.0,,2.167317334748176
Marianópolis do Tocantins,2020-03-27,0,0,0,0,,,,0.0
Marianópolis do Tocantins,2020-03-28,0,0,0,0,,,,0.0
Marianópolis do Tocantins,2020-03-29,0,0,0,0,,,,0.0
Marianópolis do Tocantins,2020-03-30,0,0,0,0,,,,0.0
Marianópolis do Tocantins,2020-03-31,0,0,0,0,,,,0.0
Marianópolis do Tocantins,2020-04-01,0,0,0,0,,,,0.0
Marianópolis do Tocantins,2020-04-02,0,0,0,0,,,,0.0
Marianópolis do Tocantins,2020-04-03,0,0,0,0,,,,0.0
Marianópolis do Tocantins,2020-04-04,0,0,0,0,,,,0.0
Marianópolis do Tocantins,2020-04-05,0,0,0,0,,,,0.0
Marianópolis do Tocantins,2020-04-06,0,0,0,0,,,,0.0
Marianópolis do Tocantins,2020-04-07,0,0,0,0,,,,0.0
Marianópolis do Tocantins,2020-04-08,0,0,0,0,,,,0.0
Marianópolis do Tocantins,2020-04-09,0,0,0,0,0.0,0.0,,0.0
Marianópolis do Tocantins,2020-04-10,0,0,0,0,0.0,0.0,,0.0
Marianópolis do Tocantins,2020-04-11,0,0,0,0,0.0,0.0,,0.0
Marianópolis do Tocantins,2020-04-12,0,0,0,0,0.0,0.0,,0.0
Marianópolis do Tocantins,2020-04-13,0,0,0,0,0.0,0.0,,0.0
Marianópolis do Tocantins,2020-04-14,0,0,0,0,0.0,0.0,,0.0
Marianópolis do Tocantins,2020-04-15,0,0,0,0,0.0,0.0,,0.0
Marianópolis do Tocantins,2020-04-16,0,0,0,0,0.0,0.0,,0.0
Marianópolis do Tocantins,2020-04-17,0,0,0,0,0.0,0.0,,0.0
Marianópolis do Tocantins,2020-04-18,0,0,0,0,0.0,0.0,,0.0
Marianópolis do Tocantins,2020-04-19,0,0,0,0,0.0,0.0,,0.0
Marianópolis do Tocantins,2020-04-20,0,0,0,0,0.0,0.0,,0.0
Marianópolis do Tocantins,2020-04-21,0,0,0,0,0.0,0.0,,0.0
Marianópolis do Tocantins,2020-04-22,0,0,0,0,0.0,0.0,,0.0
Marianópolis do Tocantins,2020-04-23,0,0,0,0,0.0,0.0,,0.0
Marianópolis do Tocantins,2020-04-24,0,0,0,0,0.0,0.0,,0.0
Marianópolis do Tocantins,2020-04-25,0,0,0,0,0.0,0.0,,0.0
Marianópolis do Tocantins,2020-04-26,0,0,0,0,0.0,0.0,,0.0
Marianópolis do Tocantins,2020-04-27,0,0,0,0,0.0,0.0,,0.0
Marianópolis do Tocantins,2020-04-28,0,0,0,0,0.0,0.0,,0.0
Marianópolis do Tocantins,2020-04-29,0,0,0,0,0.0,0.0,,0.0
Marianópolis do Tocantins,2020-04-30,0,0,0,0,0.0,0.0,,0.0
Marianópolis do Tocantins,2020-05-01,0,0,0,0,0.0,0.0,,0.0
Marianópolis do Tocantins,2020-05-02,0,0,0,0,0.0,0.0,,0.0
Marianópolis do Tocantins,2020-05-03,0,0,0,0,0.0,0.0,,0.0
Marianópolis do Tocantins,2020-05-04,0,0,0,0,0.0,0.0,,0.0
Marianópolis do Tocantins,2020-05-05,0,0,0,0,0.0,0.0,,0.0
Marianópolis do Tocantins,2020-05-06,0,0,0,0,0.0,0.0,,0.0
Marianópolis do Tocantins,2020-05-07,0,0,0,0,0.0,0.0,,0.0
Marianópolis do Tocantins,2020-05-08,0,0,0,0,0.0,0.0,,0.0
Marianópolis do Tocantins,2020-05-09,0,0,0,0,0.0,0.0,,0.0
Marianópolis do Tocantins,2020-05-10,0,0,0,0,0.0,0.0,,0.0
Marianópolis do Tocantins,2020-05-11,1,1,0,0,0.07142857142857142,0.0,,0.0
Marianópolis do Tocantins,2020-05-12,1,0,0,0,0.07142857142857142,0.0,,0.0
Marianópolis do Tocantins,2020-05-13,1,0,0,0,0.07142857142857142,0.0,,0.0
Marianópolis do Tocantins,2020-05-14,1,0,0,0,0.07142857142857142,0.0,,0.0
Marianópolis do Tocantins,2020-05-15,1,0,0,0,0.07142857142857142,0.0,,0.0
Marianópolis do Tocantins,2020-05-16,2,1,0,0,0.14285714285714285,0.0,,0.3010299956639812
Marianópolis do Tocantins,2020-05-17,2,0,0,0,0.14285714285714285,0.0,,0.3010299956639812
Marianópolis do Tocantins,2020-05-18,2,0,0,0,0.14285714285714285,0.0,,0.3010299956639812
Marianópolis do Tocantins,2020-05-19,2,0,0,0,0.14285714285714285,0.0,,0.3010299956639812
Marianópolis do Tocantins,2020-05-20,2,0,0,0,0.14285714285714285,0.0,,0.3010299956639812
Marianópolis do Tocantins,2020-05-21,3,1,0,0,0.21428571428571427,0.0,,0.47712125471966244
Marianópolis do Tocantins,2020-05-22,3,0,0,0,0.21428571428571427,0.0,,0.47712125471966244
Marianópolis do Tocantins,2020-05-23,3,0,0,0,0.21428571428571427,0.0,,0.47712125471966244
Marianópolis do Tocantins,2020-05-24,3,0,0,0,0.21428571428571427,0.0,,0.47712125471966244
Marianópolis do Tocantins,2020-05-25,3,0,0,0,0.14285714285714285,0.0,,0.47712125471966244
Marianópolis do Tocantins,2020-05-26,3,0,0,0,0.14285714285714285,0.0,,0.47712125471966244
Marianópolis do Tocantins,2020-05-27,3,0,0,0,0.14285714285714285,0.0,,0.47712125471966244
Marianópolis do Tocantins,2020-05-28,4,1,0,0,0.21428571428571427,0.0,,0.6020599913279624
Marianópolis do Tocantins,2020-05-29,4,0,0,0,0.21428571428571427,0.0,,0.6020599913279624
Marianópolis do Tocantins,2020-05-30,5,1,0,0,0.21428571428571427,0.0,,0.6989700043360189
Marianópolis do Tocantins,2020-05-31,5,0,0,0,0.21428571428571427,0.0,,0.6989700043360189
Marianópolis do Tocantins,2020-06-01,11,6,1,1,0.6428571428571429,0.07142857142857142,inf,1.041392685158225
Marianópolis do Tocantins,2020-06-02,11,0,1,0,0.6428571428571429,0.07142857142857142,inf,1.041392685158225
Marianópolis do Tocantins,2020-06-03,10,-1,1,0,0.5714285714285714,0.07142857142857142,inf,1.0
Marianópolis do Tocantins,2020-06-04,10,0,1,0,0.5,0.07142857142857142,inf,1.0
Marianópolis do Tocantins,2020-06-05,10,0,1,0,0.5,0.07142857142857142,inf,1.0
Marianópolis do Tocantins,2020-06-06,10,0,1,0,0.5,0.07142857142857142,inf,1.0
Marianópolis do Tocantins,2020-06-07,10,0,1,0,0.5,0.07142857142857142,inf,1.0
Marianópolis do Tocantins,2020-06-08,10,0,1,0,0.5,0.07142857142857142,inf,1.0
Marianópolis do Tocantins,2020-06-09,10,0,1,0,0.5,0.07142857142857142,inf,1.0
Marianópolis do Tocantins,2020-06-10,10,0,1,0,0.5,0.07142857142857142,inf,1.0
Marianópolis do Tocantins,2020-06-11,11,1,1,0,0.5,0.07142857142857142,inf,1.041392685158225
Marianópolis do Tocantins,2020-06-12,11,0,1,0,0.5,0.07142857142857142,inf,1.041392685158225
Marianópolis do Tocantins,2020-06-13,12,1,1,0,0.5,0.07142857142857142,inf,1.0791812460476249
Marianópolis do Tocantins,2020-06-14,12,0,1,0,0.5,0.07142857142857142,inf,1.0791812460476249
Marianópolis do Tocantins,2020-06-15,12,0,1,0,0.07142857142857142,0.0,-1.0,1.0791812460476249
Marianópolis do Tocantins,2020-06-16,12,0,1,0,0.07142857142857142,0.0,-1.0,1.0791812460476249
Marianópolis do Tocantins,2020-06-17,12,0,1,0,0.14285714285714285,0.0,-1.0,1.0791812460476249
Marianópolis do Tocantins,2020-06-18,12,0,1,0,0.14285714285714285,0.0,-1.0,1.0791812460476249
Marianópolis do Tocantins,2020-06-19,12,0,1,0,0.14285714285714285,0.0,-1.0,1.0791812460476249
Marianópolis do Tocantins,2020-06-20,13,1,1,0,0.21428571428571427,0.0,-1.0,1.1139433523068367
Marianópolis do Tocantins,2020-06-21,13,0,1,0,0.21428571428571427,0.0,-1.0,1.1139433523068367
Marianópolis do Tocantins,2020-06-22,13,0,1,0,0.21428571428571427,0.0,-1.0,1.1139433523068367
Marianópolis do Tocantins,2020-06-23,13,0,1,0,0.21428571428571427,0.0,-1.0,1.1139433523068367
Marianópolis do Tocantins,2020-06-24,13,0,1,0,0.21428571428571427,0.0,-1.0,1.1139433523068367
Marianópolis do Tocantins,2020-06-25,13,0,1,0,0.14285714285714285,0.0,-1.0,1.1139433523068367
Marianópolis do Tocantins,2020-06-26,13,0,1,0,0.14285714285714285,0.0,-1.0,1.1139433523068367
Marianópolis do Tocantins,2020-06-27,13,0,1,0,0.07142857142857142,0.0,-1.0,1.1139433523068367
Marianópolis do Tocantins,2020-06-28,13,0,1,0,0.07142857142857142,0.0,-1.0,1.1139433523068367
Marianópolis do Tocantins,2020-06-29,13,0,1,0,0.07142857142857142,0.0,,1.1139433523068367
Marianópolis do Tocantins,2020-06-30,13,0,1,0,0.07142857142857142,0.0,,1.1139433523068367
Marianópolis do Tocantins,2020-07-01,13,0,1,0,0.07142857142857142,0.0,,1.1139433523068367
Marianópolis do Tocantins,2020-07-02,13,0,1,0,0.07142857142857142,0.0,,1.1139433523068367
Marianópolis do Tocantins,2020-07-03,13,0,1,0,0.07142857142857142,0.0,,1.1139433523068367
Marianópolis do Tocantins,2020-07-04,13,0,1,0,0.0,0.0,,1.1139433523068367
Marianópolis do Tocantins,2020-07-05,13,0,1,0,0.0,0.0,,1.1139433523068367
Marianópolis do Tocantins,2020-07-06,13,0,1,0,0.0,0.0,,1.1139433523068367
Marianópolis do Tocantins,2020-07-07,13,0,1,0,0.0,0.0,,1.1139433523068367
Marianópolis do Tocantins,2020-07-08,13,0,1,0,0.0,0.0,,1.1139433523068367
Marianópolis do Tocantins,2020-07-09,13,0,1,0,0.0,0.0,,1.1139433523068367
Marianópolis do Tocantins,2020-07-10,13,0,1,0,0.0,0.0,,1.1139433523068367
Marianópolis do Tocantins,2020-07-11,16,3,1,0,0.21428571428571427,0.0,,1.2041199826559248
Marianópolis do Tocantins,2020-07-12,16,0,1,0,0.21428571428571427,0.0,,1.2041199826559248
Marianópolis do Tocantins,2020-07-13,16,0,1,0,0.21428571428571427,0.0,,1.2041199826559248
Marianópolis do Tocantins,2020-07-14,19,3,1,0,0.42857142857142855,0.0,,1.2787536009528289
Marianópolis do Tocantins,2020-07-15,19,0,1,0,0.42857142857142855,0.0,,1.2787536009528289
Marianópolis do Tocantins,2020-07-16,19,0,1,0,0.42857142857142855,0.0,,1.2787536009528289
Marianópolis do Tocantins,2020-07-17,19,0,1,0,0.42857142857142855,0.0,,1.2787536009528289
Marianópolis do Tocantins,2020-07-18,19,0,1,0,0.42857142857142855,0.0,,1.2787536009528289
Marianópolis do Tocantins,2020-07-19,23,4,1,0,0.7142857142857143,0.0,,1.3617278360175928
Marianópolis do Tocantins,2020-07-20,23,0,1,0,0.7142857142857143,0.0,,1.3617278360175928
Marianópolis do Tocantins,2020-07-21,23,0,1,0,0.7142857142857143,0.0,,1.3617278360175928
Marianópolis do Tocantins,2020-07-22,23,0,1,0,0.7142857142857143,0.0,,1.3617278360175928
Marianópolis do Tocantins,2020-07-23,23,0,1,0,0.7142857142857143,0.0,,1.3617278360175928
Marianópolis do Tocantins,2020-07-24,25,2,1,0,0.8571428571428571,0.0,,1.3979400086720377
Marianópolis do Tocantins,2020-07-25,26,1,1,0,0.7142857142857143,0.0,,1.414973347970818
Marianópolis do Tocantins,2020-07-26,26,0,1,0,0.7142857142857143,0.0,,1.414973347970818
Marianópolis do Tocantins,2020-07-27,26,0,1,0,0.7142857142857143,0.0,,1.414973347970818
Marianópolis do Tocantins,2020-07-28,26,0,1,0,0.5,0.0,,1.414973347970818
Marianópolis do Tocantins,2020-07-29,27,1,1,0,0.5714285714285714,0.0,,1.4313637641589874
Marianópolis do Tocantins,2020-07-30,31,4,1,0,0.8571428571428571,0.0,,1.4913616938342726
Marianópolis do Tocantins,2020-07-31,32,1,1,0,0.9285714285714286,0.0,,1.505149978319906
Marianópolis do Tocantins,2020-08-01,37,5,1,0,1.2857142857142858,0.0,,1.568201724066995
Marianópolis do Tocantins,2020-08-02,38,1,1,0,1.0714285714285714,0.0,,1.5797835966168101
Marianópolis do Tocantins,2020-08-03,40,2,1,0,1.2142857142857142,0.0,,1.6020599913279625
Marianópolis do Tocantins,2020-08-04,40,0,1,0,1.2142857142857142,0.0,,1.6020599913279625
Marianópolis do Tocantins,2020-08-05,40,0,1,0,1.2142857142857142,0.0,,1.6020599913279625
Marianópolis do Tocantins,2020-08-06,40,0,1,0,1.2142857142857142,0.0,,1.6020599913279625
Marianópolis do Tocantins,2020-08-07,43,3,1,0,1.2857142857142858,0.0,,1.6334684555795866
Marianópolis do Tocantins,2020-08-08,43,0,1,0,1.2142857142857142,0.0,,1.6334684555795866
Marianópolis do Tocantins,2020-08-09,43,0,1,0,1.2142857142857142,0.0,,1.6334684555795866
Marianópolis do Tocantins,2020-08-10,45,2,1,0,1.3571428571428572,0.0,,1.6532125137753437
Marianópolis do Tocantins,2020-08-11,45,0,1,0,1.3571428571428572,0.0,,1.6532125137753437
Marianópolis do Tocantins,2020-08-12,46,1,1,0,1.3571428571428572,0.0,,1.662757831681574
Marianópolis do Tocantins,2020-08-13,47,1,1,0,1.1428571428571428,0.0,,1.6720978579357175
Marianópolis do Tocantins,2020-08-14,49,2,1,0,1.2142857142857142,0.0,,1.6901960800285136
Marianópolis do Tocantins,2020-08-15,52,3,1,0,1.0714285714285714,0.0,,1.7160033436347992
Marianópolis do Tocantins,2020-08-16,53,1,1,0,1.0714285714285714,0.0,,1.7242758696007892
Marianópolis do Tocantins,2020-08-17,56,3,1,0,1.1428571428571428,0.0,,1.7481880270062005
Marianópolis do Tocantins,2020-08-18,56,0,1,0,1.1428571428571428,0.0,,1.7481880270062005
Marianópolis do Tocantins,2020-08-19,56,0,1,0,1.1428571428571428,0.0,,1.7481880270062005
Marianópolis do Tocantins,2020-08-20,57,1,1,0,1.2142857142857142,0.0,,1.7558748556724915
Marianópolis do Tocantins,2020-08-21,60,3,1,0,1.2142857142857142,0.0,,1.7781512503836436
Marianópolis do Tocantins,2020-08-22,61,1,1,0,1.2857142857142858,0.0,,1.7853298350107671
Marianópolis do Tocantins,2020-08-23,62,1,2,1,1.3571428571428572,0.07142857142857142,inf,1.792391689498254
Marianópolis do Tocantins,2020-08-24,62,0,2,0,1.2142857142857142,0.07142857142857142,inf,1.792391689498254
Marianópolis do Tocantins,2020-08-25,61,-1,2,0,1.1428571428571428,0.07142857142857142,inf,1.7853298350107671
Marianópolis do Tocantins,2020-08-26,62,1,3,1,1.1428571428571428,0.14285714285714285,inf,1.792391689498254
Marianópolis do Tocantins,2020-08-27,63,1,3,0,1.1428571428571428,0.14285714285714285,inf,1.7993405494535817
Marianópolis do Tocantins,2020-08-28,62,-1,3,0,0.9285714285714286,0.14285714285714285,inf,1.792391689498254
Marianópolis do Tocantins,2020-08-29,64,2,3,0,0.8571428571428571,0.14285714285714285,inf,1.806179973983887
Marianópolis do Tocantins,2020-08-30,64,0,3,0,0.7857142857142857,0.14285714285714285,inf,1.806179973983887
Marianópolis do Tocantins,2020-08-31,64,0,3,0,0.5714285714285714,0.14285714285714285,inf,1.806179973983887
Marianópolis do Tocantins,2020-09-01,65,1,3,0,0.6428571428571429,0.14285714285714285,inf,1.8129133566428555
Marianópolis do Tocantins,2020-09-02,65,0,3,0,0.6428571428571429,0.14285714285714285,inf,1.8129133566428555
Marianópolis do Tocantins,2020-09-03,67,2,3,0,0.7142857142857143,0.14285714285714285,inf,1.8260748027008264
Marianópolis do Tocantins,2020-09-04,71,4,3,0,0.7857142857142857,0.14285714285714285,inf,1.8512583487190752
Marianópolis do Tocantins,2020-09-05,72,1,3,0,0.7857142857142857,0.14285714285714285,inf,1.8573324964312685
Marianópolis do Tocantins,2020-09-06,72,0,3,0,0.7142857142857143,0.07142857142857142,0.0,1.8573324964312685
Marianópolis do Tocantins,2020-09-07,72,0,3,0,0.7142857142857143,0.07142857142857142,0.0,1.8573324964312685
Marianópolis do Tocantins,2020-09-08,72,0,3,0,0.7857142857142857,0.07142857142857142,0.0,1.8573324964312685
Marianópolis do Tocantins,2020-09-09,73,1,3,0,0.7857142857142857,0.0,-1.0,1.863322860120456
Marianópolis do Tocantins,2020-09-10,73,0,3,0,0.7142857142857143,0.0,-1.0,1.863322860120456
Marianópolis do Tocantins,2020-09-11,76,3,3,0,1.0,0.0,-1.0,1.8808135922807914
Marianópolis do Tocantins,2020-09-12,78,2,3,0,1.0,0.0,-1.0,1.8920946026904804
Marianópolis do Tocantins,2020-09-13,78,0,3,0,1.0,0.0,-1.0,1.8920946026904804
Marianópolis do Tocantins,2020-09-14,78,0,3,0,1.0,0.0,-1.0,1.8920946026904804
Marianópolis do Tocantins,2020-09-15,78,0,3,0,0.9285714285714286,0.0,-1.0,1.8920946026904804
Marianópolis do Tocantins,2020-09-16,78,0,3,0,0.9285714285714286,0.0,-1.0,1.8920946026904804
Marianópolis do Tocantins,2020-09-17,78,0,3,0,0.7857142857142857,0.0,-1.0,1.8920946026904804
Marianópolis do Tocantins,2020-09-18,78,0,3,0,0.5,0.0,-1.0,1.8920946026904804
Marianópolis do Tocantins,2020-09-19,79,1,3,0,0.5,0.0,-1.0,1.8976270912904414
Marianópolis do Tocantins,2020-09-20,79,0,3,0,0.5,0.0,-1.0,1.8976270912904414
Marianópolis do Tocantins,2020-09-21,79,0,3,0,0.5,0.0,-1.0,1.8976270912904414
Marianópolis do Tocantins,2020-09-22,80,1,3,0,0.5714285714285714,0.0,-1.0,1.9030899869919435
Marianópolis do Tocantins,2020-09-23,83,3,3,0,0.7142857142857143,0.0,,1.919078092376074
Marianópolis do Tocantins,2020-09-24,86,3,4,1,0.9285714285714286,0.07142857142857142,inf,1.9344984512435677
Marianópolis do Tocantins,2020-09-25,87,1,4,0,0.7857142857142857,0.07142857142857142,inf,1.9395192526186185
Marianópolis do Tocantins,2020-09-26,87,0,5,1,0.6428571428571429,0.14285714285714285,inf,1.9395192526186185
Marianópolis do Tocantins,2020-09-27,87,0,5,0,0.6428571428571429,0.14285714285714285,inf,1.9395192526186185
Marianópolis do Tocantins,2020-09-28,87,0,5,0,0.6428571428571429,0.14285714285714285,inf,1.9395192526186185
Marianópolis do Tocantins,2020-09-29,89,2,5,0,0.7857142857142857,0.14285714285714285,inf,1.9493900066449128
Marianópolis do Tocantins,2020-09-30,89,0,5,0,0.7857142857142857,0.14285714285714285,inf,1.9493900066449128
Marianópolis do Tocantins,2020-10-01,89,0,5,0,0.7857142857142857,0.14285714285714285,inf,1.9493900066449128
Marianópolis do Tocantins,2020-10-02,89,0,5,0,0.7857142857142857,0.14285714285714285,inf,1.9493900066449128
Marianópolis do Tocantins,2020-10-03,93,4,5,0,1.0,0.14285714285714285,inf,1.968482948553935
Marianópolis do Tocantins,2020-10-04,93,0,5,0,1.0,0.14285714285714285,inf,1.968482948553935
Marianópolis do Tocantins,2020-10-05,93,0,5,0,1.0,0.14285714285714285,inf,1.968482948553935
Marianópolis do Tocantins,2020-10-06,93,0,5,0,0.9285714285714286,0.14285714285714285,inf,1.968482948553935
Marianópolis do Tocantins,2020-10-07,93,0,5,0,0.7142857142857143,0.14285714285714285,inf,1.968482948553935
Marianópolis do Tocantins,2020-10-08,93,0,5,0,0.5,0.07142857142857142,0.0,1.968482948553935
Marianópolis do Tocantins,2020-10-09,93,0,5,0,0.42857142857142855,0.07142857142857142,0.0,1.968482948553935
Marianópolis do Tocantins,2020-10-10,93,0,5,0,0.42857142857142855,0.0,-1.0,1.968482948553935
Marianópolis do Tocantins,2020-10-11,93,0,5,0,0.42857142857142855,0.0,-1.0,1.968482948553935
Marianópolis do Tocantins,2020-10-12,93,0,5,0,0.42857142857142855,0.0,-1.0,1.968482948553935
Marianópolis do Tocantins,2020-10-13,93,0,5,0,0.2857142857142857,0.0,-1.0,1.968482948553935
Marianópolis do Tocantins,2020-10-14,94,1,5,0,0.35714285714285715,0.0,-1.0,1.9731278535996986
Marianópolis do Tocantins,2020-10-15,94,0,5,0,0.35714285714285715,0.0,-1.0,1.9731278535996986
Marianópolis do Tocantins,2020-10-16,94,0,5,0,0.35714285714285715,0.0,-1.0,1.9731278535996986
Marianópolis do Tocantins,2020-10-17,94,0,5,0,0.07142857142857142,0.0,-1.0,1.9731278535996986
Marianópolis do Tocantins,2020-10-18,94,0,5,0,0.07142857142857142,0.0,-1.0,1.9731278535996986
Marianópolis do Tocantins,2020-10-19,94,0,5,0,0.07142857142857142,0.0,-1.0,1.9731278535996986
Marianópolis do Tocantins,2020-10-20,94,0,5,0,0.07142857142857142,0.0,-1.0,1.9731278535996986
Marianópolis do Tocantins,2020-10-21,94,0,5,0,0.07142857142857142,0.0,-1.0,1.9731278535996986
Marianópolis do Tocantins,2020-10-22,94,0,5,0,0.07142857142857142,0.0,-1.0,1.9731278535996986
Marianópolis do Tocantins,2020-10-23,94,0,5,0,0.07142857142857142,0.0,-1.0,1.9731278535996986
Marianópolis do Tocantins,2020-10-24,94,0,5,0,0.07142857142857142,0.0,,1.9731278535996986
Marianópolis do Tocantins,2020-10-25,94,0,5,0,0.07142857142857142,0.0,,1.9731278535996986
Marianópolis do Tocantins,2020-10-26,94,0,5,0,0.07142857142857142,0.0,,1.9731278535996986
Marianópolis do Tocantins,2020-10-27,94,0,5,0,0.07142857142857142,0.0,,1.9731278535996986
Marianópolis do Tocantins,2020-10-28,94,0,5,0,0.0,0.0,,1.9731278535996986
Marianópolis do Tocantins,2020-10-29,94,0,5,0,0.0,0.0,,1.9731278535996986
Marianópolis do Tocantins,2020-10-30,94,0,5,0,0.0,0.0,,1.9731278535996986
Marianópolis do Tocantins,2020-10-31,94,0,5,0,0.0,0.0,,1.9731278535996986
Marianópolis do Tocantins,2020-11-01,94,0,5,0,0.0,0.0,,1.9731278535996986
Marianópolis do Tocantins,2020-11-02,94,0,5,0,0.0,0.0,,1.9731278535996986
Marianópolis do Tocantins,2020-11-03,94,0,5,0,0.0,0.0,,1.9731278535996986
Marianópolis do Tocantins,2020-11-04,94,0,5,0,0.0,0.0,,1.9731278535996986
Marianópolis do Tocantins,2020-11-05,94,0,5,0,0.0,0.0,,1.9731278535996986
Marianópolis do Tocantins,2020-11-06,94,0,5,0,0.0,0.0,,1.9731278535996986
Marianópolis do Tocantins,2020-11-07,95,1,5,0,0.07142857142857142,0.0,,1.9777236052888478
Marianópolis do Tocantins,2020-11-08,95,0,5,0,0.07142857142857142,0.0,,1.9777236052888478
Marianópolis do Tocantins,2020-11-09,96,1,5,0,0.14285714285714285,0.0,,1.9822712330395684
Marianópolis do Tocantins,2020-11-10,97,1,5,0,0.21428571428571427,0.0,,1.9867717342662448
Marianópolis do Tocantins,2020-11-11,97,0,5,0,0.21428571428571427,0.0,,1.9867717342662448
Marianópolis do Tocantins,2020-11-12,97,0,5,0,0.21428571428571427,0.0,,1.9867717342662448
Marianópolis do Tocantins,2020-11-13,98,1,5,0,0.2857142857142857,0.0,,1.9912260756924949
Marianópolis do Tocantins,2020-11-14,98,0,5,0,0.2857142857142857,0.0,,1.9912260756924949
Marianópolis do Tocantins,2020-11-15,98,0,5,0,0.2857142857142857,0.0,,1.9912260756924949
Marianópolis do Tocantins,2020-11-16,98,0,5,0,0.2857142857142857,0.0,,1.9912260756924949
Marianópolis do Tocantins,2020-11-17,98,0,5,0,0.2857142857142857,0.0,,1.9912260756924949
Marianópolis do Tocantins,2020-11-18,98,0,5,0,0.2857142857142857,0.0,,1.9912260756924949
Marianópolis do Tocantins,2020-11-19,98,0,5,0,0.2857142857142857,0.0,,1.9912260756924949
Marianópolis do Tocantins,2020-11-20,98,0,5,0,0.2857142857142857,0.0,,1.9912260756924949
Marianópolis do Tocantins,2020-11-21,98,0,5,0,0.21428571428571427,0.0,,1.9912260756924949
Marianópolis do Tocantins,2020-11-22,98,0,5,0,0.21428571428571427,0.0,,1.9912260756924949
Marianópolis do Tocantins,2020-11-23,98,0,5,0,0.14285714285714285,0.0,,1.9912260756924949
Marianópolis do Tocantins,2020-11-24,98,0,5,0,0.07142857142857142,0.0,,1.9912260756924949
Marianópolis do Tocantins,2020-11-25,98,0,5,0,0.07142857142857142,0.0,,1.9912260756924949
Marianópolis do Tocantins,2020-11-26,98,0,5,0,0.07142857142857142,0.0,,1.9912260756924949
Marianópolis do Tocantins,2020-11-27,98,0,5,0,0.0,0.0,,1.9912260756924949
Marianópolis do Tocantins,2020-11-28,98,0,5,0,0.0,0.0,,1.9912260756924949
Marianópolis do Tocantins,2020-11-29,98,0,5,0,0.0,0.0,,1.9912260756924949
Marianópolis do Tocantins,2020-11-30,98,0,5,0,0.0,0.0,,1.9912260756924949
Marianópolis do Tocantins,2020-12-01,98,0,5,0,0.0,0.0,,1.9912260756924949
Marianópolis do Tocantins,2020-12-02,98,0,5,0,0.0,0.0,,1.9912260756924949
Marianópolis do Tocantins,2020-12-03,98,0,5,0,0.0,0.0,,1.9912260756924949
Marianópolis do Tocantins,2020-12-04,98,0,5,0,0.0,0.0,,1.9912260756924949
Marianópolis do Tocantins,2020-12-05,98,0,5,0,0.0,0.0,,1.9912260756924949
Marianópolis do Tocantins,2020-12-06,98,0,5,0,0.0,0.0,,1.9912260756924949
Marianópolis do Tocantins,2020-12-07,98,0,5,0,0.0,0.0,,1.9912260756924949
Marianópolis do Tocantins,2020-12-08,98,0,5,0,0.0,0.0,,1.9912260756924949
Marianópolis do Tocantins,2020-12-09,98,0,5,0,0.0,0.0,,1.9912260756924949
Marianópolis do Tocantins,2020-12-10,98,0,5,0,0.0,0.0,,1.9912260756924949
Marianópolis do Tocantins,2020-12-11,98,0,5,0,0.0,0.0,,1.9912260756924949
Marianópolis do Tocantins,2020-12-12,98,0,5,0,0.0,0.0,,1.9912260756924949
Marianópolis do Tocantins,2020-12-13,98,0,5,0,0.0,0.0,,1.9912260756924949
Marianópolis do Tocantins,2020-12-14,98,0,5,0,0.0,0.0,,1.9912260756924949
Marianópolis do Tocantins,2020-12-15,98,0,5,0,0.0,0.0,,1.9912260756924949
Marianópolis do Tocantins,2020-12-16,98,0,5,0,0.0,0.0,,1.9912260756924949
Marianópolis do Tocantins,2020-12-17,98,0,5,0,0.0,0.0,,1.9912260756924949
Marianópolis do Tocantins,2020-12-18,100,2,5,0,0.14285714285714285,0.0,,2.0
Marianópolis do Tocantins,2020-12-19,100,0,5,0,0.14285714285714285,0.0,,2.0
Marianópolis do Tocantins,2020-12-20,100,0,5,0,0.14285714285714285,0.0,,2.0
Marianópolis do Tocantins,2020-12-21,100,0,5,0,0.14285714285714285,0.0,,2.0
Marianópolis do Tocantins,2020-12-22,100,0,5,0,0.14285714285714285,0.0,,2.0
Marianópolis do Tocantins,2020-12-23,100,0,5,0,0.14285714285714285,0.0,,2.0
Marianópolis do Tocantins,2020-12-24,100,0,5,0,0.14285714285714285,0.0,,2.0
Marianópolis do Tocantins,2020-12-25,100,0,5,0,0.14285714285714285,0.0,,2.0
Marianópolis do Tocantins,2020-12-26,100,0,5,0,0.14285714285714285,0.0,,2.0
Marianópolis do Tocantins,2020-12-27,100,0,5,0,0.14285714285714285,0.0,,2.0
Marianópolis do Tocantins,2020-12-28,100,0,5,0,0.14285714285714285,0.0,,2.0
Marianópolis do Tocantins,2020-12-29,100,0,5,0,0.14285714285714285,0.0,,2.0
Marianópolis do Tocantins,2020-12-30,100,0,5,0,0.14285714285714285,0.0,,2.0
Marianópolis do Tocantins,2020-12-31,100,0,5,0,0.14285714285714285,0.0,,2.0
Marianópolis do Tocantins,2021-01-01,100,0,5,0,0.0,0.0,,2.0
Marianópolis do Tocantins,2021-01-02,100,0,5,0,0.0,0.0,,2.0
Marianópolis do Tocantins,2021-01-03,100,0,5,0,0.0,0.0,,2.0
Marianópolis do Tocantins,2021-01-04,100,0,5,0,0.0,0.0,,2.0
Marianópolis do Tocantins,2021-01-05,102,2,5,0,0.14285714285714285,0.0,,2.0086001717619175
Marianópolis do Tocantins,2021-01-06,102,0,5,0,0.14285714285714285,0.0,,2.0086001717619175
Marianópolis do Tocantins,2021-01-07,104,2,5,0,0.2857142857142857,0.0,,2.0170333392987803
Marianópolis do Tocantins,2021-01-08,104,0,5,0,0.2857142857142857,0.0,,2.0170333392987803
Marianópolis do Tocantins,2021-01-09,106,2,5,0,0.42857142857142855,0.0,,2.0253058652647704
Marianópolis do Tocantins,2021-01-10,106,0,5,0,0.42857142857142855,0.0,,2.0253058652647704
Marianópolis do Tocantins,2021-01-11,106,0,5,0,0.42857142857142855,0.0,,2.0253058652647704
Marianópolis do Tocantins,2021-01-12,107,1,5,0,0.5,0.0,,2.0293837776852097
Marianópolis do Tocantins,2021-01-13,110,3,5,0,0.7142857142857143,0.0,,2.041392685158225
Marianópolis do Tocantins,2021-01-14,112,2,5,0,0.8571428571428571,0.0,,2.0492180226701815
Marianópolis do Tocantins,2021-01-15,112,0,5,0,0.8571428571428571,0.0,,2.0492180226701815
Marianópolis do Tocantins,2021-01-16,116,4,5,0,1.1428571428571428,0.0,,2.0644579892269186
Marianópolis do Tocantins,2021-01-17,116,0,5,0,1.1428571428571428,0.0,,2.0644579892269186
Marianópolis do Tocantins,2021-01-18,116,0,5,0,1.1428571428571428,0.0,,2.0644579892269186
Marianópolis do Tocantins,2021-01-19,119,3,5,0,1.2142857142857142,0.0,,2.075546961392531
Marianópolis do Tocantins,2021-01-20,120,1,5,0,1.2857142857142858,0.0,,2.0791812460476247
Mateiros,2020-03-27,0,0,0,0,,,,0.0
Mateiros,2020-03-28,0,0,0,0,,,,0.0
Mateiros,2020-03-29,0,0,0,0,,,,0.0
Mateiros,2020-03-30,0,0,0,0,,,,0.0
Mateiros,2020-03-31,0,0,0,0,,,,0.0
Mateiros,2020-04-01,0,0,0,0,,,,0.0
Mateiros,2020-04-02,0,0,0,0,,,,0.0
Mateiros,2020-04-03,0,0,0,0,,,,0.0
Mateiros,2020-04-04,0,0,0,0,,,,0.0
Mateiros,2020-04-05,0,0,0,0,,,,0.0
Mateiros,2020-04-06,0,0,0,0,,,,0.0
Mateiros,2020-04-07,0,0,0,0,,,,0.0
Mateiros,2020-04-08,0,0,0,0,,,,0.0
Mateiros,2020-04-09,0,0,0,0,0.0,0.0,,0.0
Mateiros,2020-04-10,0,0,0,0,0.0,0.0,,0.0
Mateiros,2020-04-11,0,0,0,0,0.0,0.0,,0.0
Mateiros,2020-04-12,0,0,0,0,0.0,0.0,,0.0
Mateiros,2020-04-13,0,0,0,0,0.0,0.0,,0.0
Mateiros,2020-04-14,0,0,0,0,0.0,0.0,,0.0
Mateiros,2020-04-15,0,0,0,0,0.0,0.0,,0.0
Mateiros,2020-04-16,0,0,0,0,0.0,0.0,,0.0
Mateiros,2020-04-17,0,0,0,0,0.0,0.0,,0.0
Mateiros,2020-04-18,0,0,0,0,0.0,0.0,,0.0
Mateiros,2020-04-19,0,0,0,0,0.0,0.0,,0.0
Mateiros,2020-04-20,0,0,0,0,0.0,0.0,,0.0
Mateiros,2020-04-21,0,0,0,0,0.0,0.0,,0.0
Mateiros,2020-04-22,0,0,0,0,0.0,0.0,,0.0
Mateiros,2020-04-23,0,0,0,0,0.0,0.0,,0.0
Mateiros,2020-04-24,0,0,0,0,0.0,0.0,,0.0
Mateiros,2020-04-25,0,0,0,0,0.0,0.0,,0.0
Mateiros,2020-04-26,0,0,0,0,0.0,0.0,,0.0
Mateiros,2020-04-27,0,0,0,0,0.0,0.0,,0.0
Mateiros,2020-04-28,0,0,0,0,0.0,0.0,,0.0
Mateiros,2020-04-29,0,0,0,0,0.0,0.0,,0.0
Mateiros,2020-04-30,0,0,0,0,0.0,0.0,,0.0
Mateiros,2020-05-01,0,0,0,0,0.0,0.0,,0.0
Mateiros,2020-05-02,0,0,0,0,0.0,0.0,,0.0
Mateiros,2020-05-03,0,0,0,0,0.0,0.0,,0.0
Mateiros,2020-05-04,0,0,0,0,0.0,0.0,,0.0
Mateiros,2020-05-05,0,0,0,0,0.0,0.0,,0.0
Mateiros,2020-05-06,0,0,0,0,0.0,0.0,,0.0
Mateiros,2020-05-07,0,0,0,0,0.0,0.0,,0.0
Mateiros,2020-05-08,0,0,0,0,0.0,0.0,,0.0
Mateiros,2020-05-09,0,0,0,0,0.0,0.0,,0.0
Mateiros,2020-05-10,0,0,0,0,0.0,0.0,,0.0
Mateiros,2020-05-11,0,0,0,0,0.0,0.0,,0.0
Mateiros,2020-05-12,0,0,0,0,0.0,0.0,,0.0
Mateiros,2020-05-13,0,0,0,0,0.0,0.0,,0.0
Mateiros,2020-05-14,0,0,0,0,0.0,0.0,,0.0
Mateiros,2020-05-15,0,0,0,0,0.0,0.0,,0.0
Mateiros,2020-05-16,0,0,0,0,0.0,0.0,,0.0
Mateiros,2020-05-17,0,0,0,0,0.0,0.0,,0.0
Mateiros,2020-05-18,0,0,0,0,0.0,0.0,,0.0
Mateiros,2020-05-19,0,0,0,0,0.0,0.0,,0.0
Mateiros,2020-05-20,0,0,0,0,0.0,0.0,,0.0
Mateiros,2020-05-21,0,0,0,0,0.0,0.0,,0.0
Mateiros,2020-05-22,0,0,0,0,0.0,0.0,,0.0
Mateiros,2020-05-23,0,0,0,0,0.0,0.0,,0.0
Mateiros,2020-05-24,0,0,0,0,0.0,0.0,,0.0
Mateiros,2020-05-25,0,0,0,0,0.0,0.0,,0.0
Mateiros,2020-05-26,0,0,0,0,0.0,0.0,,0.0
Mateiros,2020-05-27,0,0,0,0,0.0,0.0,,0.0
Mateiros,2020-05-28,0,0,0,0,0.0,0.0,,0.0
Mateiros,2020-05-29,0,0,0,0,0.0,0.0,,0.0
Mateiros,2020-05-30,0,0,0,0,0.0,0.0,,0.0
Mateiros,2020-05-31,0,0,0,0,0.0,0.0,,0.0
Mateiros,2020-06-01,0,0,0,0,0.0,0.0,,0.0
Mateiros,2020-06-02,0,0,0,0,0.0,0.0,,0.0
Mateiros,2020-06-03,0,0,0,0,0.0,0.0,,0.0
Mateiros,2020-06-04,0,0,0,0,0.0,0.0,,0.0
Mateiros,2020-06-05,0,0,0,0,0.0,0.0,,0.0
Mateiros,2020-06-06,0,0,0,0,0.0,0.0,,0.0
Mateiros,2020-06-07,0,0,0,0,0.0,0.0,,0.0
Mateiros,2020-06-08,0,0,0,0,0.0,0.0,,0.0
Mateiros,2020-06-09,0,0,0,0,0.0,0.0,,0.0
Mateiros,2020-06-10,0,0,0,0,0.0,0.0,,0.0
Mateiros,2020-06-11,0,0,0,0,0.0,0.0,,0.0
Mateiros,2020-06-12,0,0,0,0,0.0,0.0,,0.0
Mateiros,2020-06-13,0,0,0,0,0.0,0.0,,0.0
Mateiros,2020-06-14,0,0,0,0,0.0,0.0,,0.0
Mateiros,2020-06-15,0,0,0,0,0.0,0.0,,0.0
Mateiros,2020-06-16,0,0,0,0,0.0,0.0,,0.0
Mateiros,2020-06-17,0,0,0,0,0.0,0.0,,0.0
Mateiros,2020-06-18,0,0,0,0,0.0,0.0,,0.0
Mateiros,2020-06-19,0,0,0,0,0.0,0.0,,0.0
Mateiros,2020-06-20,0,0,0,0,0.0,0.0,,0.0
Mateiros,2020-06-21,0,0,0,0,0.0,0.0,,0.0
Mateiros,2020-06-22,0,0,0,0,0.0,0.0,,0.0
Mateiros,2020-06-23,0,0,0,0,0.0,0.0,,0.0
Mateiros,2020-06-24,0,0,0,0,0.0,0.0,,0.0
Mateiros,2020-06-25,0,0,0,0,0.0,0.0,,0.0
Mateiros,2020-06-26,0,0,0,0,0.0,0.0,,0.0
Mateiros,2020-06-27,0,0,0,0,0.0,0.0,,0.0
Mateiros,2020-06-28,0,0,0,0,0.0,0.0,,0.0
Mateiros,2020-06-29,0,0,0,0,0.0,0.0,,0.0
Mateiros,2020-06-30,0,0,0,0,0.0,0.0,,0.0
Mateiros,2020-07-01,0,0,0,0,0.0,0.0,,0.0
Mateiros,2020-07-02,0,0,0,0,0.0,0.0,,0.0
Mateiros,2020-07-03,0,0,0,0,0.0,0.0,,0.0
Mateiros,2020-07-04,0,0,0,0,0.0,0.0,,0.0
Mateiros,2020-07-05,0,0,0,0,0.0,0.0,,0.0
Mateiros,2020-07-06,0,0,0,0,0.0,0.0,,0.0
Mateiros,2020-07-07,0,0,0,0,0.0,0.0,,0.0
Mateiros,2020-07-08,0,0,0,0,0.0,0.0,,0.0
Mateiros,2020-07-09,0,0,0,0,0.0,0.0,,0.0
Mateiros,2020-07-10,0,0,0,0,0.0,0.0,,0.0
Mateiros,2020-07-11,0,0,0,0,0.0,0.0,,0.0
Mateiros,2020-07-12,0,0,0,0,0.0,0.0,,0.0
Mateiros,2020-07-13,0,0,0,0,0.0,0.0,,0.0
Mateiros,2020-07-14,0,0,0,0,0.0,0.0,,0.0
Mateiros,2020-07-15,0,0,0,0,0.0,0.0,,0.0
Mateiros,2020-07-16,0,0,0,0,0.0,0.0,,0.0
Mateiros,2020-07-17,0,0,0,0,0.0,0.0,,0.0
Mateiros,2020-07-18,0,0,0,0,0.0,0.0,,0.0
Mateiros,2020-07-19,0,0,0,0,0.0,0.0,,0.0
Mateiros,2020-07-20,0,0,0,0,0.0,0.0,,0.0
Mateiros,2020-07-21,0,0,0,0,0.0,0.0,,0.0
Mateiros,2020-07-22,0,0,0,0,0.0,0.0,,0.0
Mateiros,2020-07-23,0,0,0,0,0.0,0.0,,0.0
Mateiros,2020-07-24,0,0,0,0,0.0,0.0,,0.0
Mateiros,2020-07-25,0,0,0,0,0.0,0.0,,0.0
Mateiros,2020-07-26,0,0,0,0,0.0,0.0,,0.0
Mateiros,2020-07-27,0,0,0,0,0.0,0.0,,0.0
Mateiros,2020-07-28,0,0,0,0,0.0,0.0,,0.0
Mateiros,2020-07-29,0,0,0,0,0.0,0.0,,0.0
Mateiros,2020-07-30,0,0,0,0,0.0,0.0,,0.0
Mateiros,2020-07-31,0,0,0,0,0.0,0.0,,0.0
Mateiros,2020-08-01,0,0,0,0,0.0,0.0,,0.0
Mateiros,2020-08-02,1,1,0,0,0.07142857142857142,0.0,,0.0
Mateiros,2020-08-03,1,0,0,0,0.07142857142857142,0.0,,0.0
Mateiros,2020-08-04,1,0,0,0,0.07142857142857142,0.0,,0.0
Mateiros,2020-08-05,1,0,0,0,0.07142857142857142,0.0,,0.0
Mateiros,2020-08-06,1,0,0,0,0.07142857142857142,0.0,,0.0
Mateiros,2020-08-07,1,0,0,0,0.07142857142857142,0.0,,0.0
Mateiros,2020-08-08,1,0,0,0,0.07142857142857142,0.0,,0.0
Mateiros,2020-08-09,1,0,0,0,0.07142857142857142,0.0,,0.0
Mateiros,2020-08-10,1,0,0,0,0.07142857142857142,0.0,,0.0
Mateiros,2020-08-11,1,0,0,0,0.07142857142857142,0.0,,0.0
Mateiros,2020-08-12,1,0,0,0,0.07142857142857142,0.0,,0.0
Mateiros,2020-08-13,1,0,0,0,0.07142857142857142,0.0,,0.0
Mateiros,2020-08-14,1,0,0,0,0.07142857142857142,0.0,,0.0
Mateiros,2020-08-15,1,0,0,0,0.07142857142857142,0.0,,0.0
Mateiros,2020-08-16,1,0,0,0,0.0,0.0,,0.0
Mateiros,2020-08-17,1,0,0,0,0.0,0.0,,0.0
Mateiros,2020-08-18,1,0,0,0,0.0,0.0,,0.0
Mateiros,2020-08-19,1,0,0,0,0.0,0.0,,0.0
Mateiros,2020-08-20,1,0,0,0,0.0,0.0,,0.0
Mateiros,2020-08-21,1,0,0,0,0.0,0.0,,0.0
Mateiros,2020-08-22,1,0,0,0,0.0,0.0,,0.0
Mateiros,2020-08-23,1,0,0,0,0.0,0.0,,0.0
Mateiros,2020-08-24,1,0,0,0,0.0,0.0,,0.0
Mateiros,2020-08-25,1,0,0,0,0.0,0.0,,0.0
Mateiros,2020-08-26,1,0,0,0,0.0,0.0,,0.0
Mateiros,2020-08-27,6,5,0,0,0.35714285714285715,0.0,,0.7781512503836436
Mateiros,2020-08-28,7,1,0,0,0.42857142857142855,0.0,,0.8450980400142568
Mateiros,2020-08-29,10,3,0,0,0.6428571428571429,0.0,,1.0
Mateiros,2020-08-30,10,0,0,0,0.6428571428571429,0.0,,1.0
Mateiros,2020-08-31,10,0,0,0,0.6428571428571429,0.0,,1.0
Mateiros,2020-09-01,10,0,0,0,0.6428571428571429,0.0,,1.0
Mateiros,2020-09-02,10,0,0,0,0.6428571428571429,0.0,,1.0
Mateiros,2020-09-03,10,0,0,0,0.6428571428571429,0.0,,1.0
Mateiros,2020-09-04,10,0,0,0,0.6428571428571429,0.0,,1.0
Mateiros,2020-09-05,11,1,0,0,0.7142857142857143,0.0,,1.041392685158225
Mateiros,2020-09-06,11,0,0,0,0.7142857142857143,0.0,,1.041392685158225
Mateiros,2020-09-07,11,0,0,0,0.7142857142857143,0.0,,1.041392685158225
Mateiros,2020-09-08,11,0,0,0,0.7142857142857143,0.0,,1.041392685158225
Mateiros,2020-09-09,11,0,0,0,0.7142857142857143,0.0,,1.041392685158225
Mateiros,2020-09-10,11,0,0,0,0.35714285714285715,0.0,,1.041392685158225
Mateiros,2020-09-11,12,1,0,0,0.35714285714285715,0.0,,1.0791812460476249
Mateiros,2020-09-12,12,0,0,0,0.14285714285714285,0.0,,1.0791812460476249
Mateiros,2020-09-13,12,0,0,0,0.14285714285714285,0.0,,1.0791812460476249
Mateiros,2020-09-14,12,0,0,0,0.14285714285714285,0.0,,1.0791812460476249
Mateiros,2020-09-15,13,1,0,0,0.21428571428571427,0.0,,1.1139433523068367
Mateiros,2020-09-16,13,0,0,0,0.21428571428571427,0.0,,1.1139433523068367
Mateiros,2020-09-17,13,0,0,0,0.21428571428571427,0.0,,1.1139433523068367
Mateiros,2020-09-18,13,0,0,0,0.21428571428571427,0.0,,1.1139433523068367
Mateiros,2020-09-19,13,0,0,0,0.14285714285714285,0.0,,1.1139433523068367
Mateiros,2020-09-20,13,0,0,0,0.14285714285714285,0.0,,1.1139433523068367
Mateiros,2020-09-21,13,0,0,0,0.14285714285714285,0.0,,1.1139433523068367
Mateiros,2020-09-22,14,1,0,0,0.21428571428571427,0.0,,1.146128035678238
Mateiros,2020-09-23,16,2,0,0,0.35714285714285715,0.0,,1.2041199826559248
Mateiros,2020-09-24,16,0,0,0,0.35714285714285715,0.0,,1.2041199826559248
Mateiros,2020-09-25,17,1,0,0,0.35714285714285715,0.0,,1.2304489213782739
Mateiros,2020-09-26,19,2,0,0,0.5,0.0,,1.2787536009528289
Mateiros,2020-09-27,19,0,0,0,0.5,0.0,,1.2787536009528289
Mateiros,2020-09-28,19,0,0,0,0.5,0.0,,1.2787536009528289
Mateiros,2020-09-29,21,2,0,0,0.5714285714285714,0.0,,1.3222192947339193
Mateiros,2020-09-30,21,0,0,0,0.5714285714285714,0.0,,1.3222192947339193
Mateiros,2020-10-01,21,0,0,0,0.5714285714285714,0.0,,1.3222192947339193
Mateiros,2020-10-02,21,0,0,0,0.5714285714285714,0.0,,1.3222192947339193
Mateiros,2020-10-03,21,0,0,0,0.5714285714285714,0.0,,1.3222192947339193
Mateiros,2020-10-04,21,0,0,0,0.5714285714285714,0.0,,1.3222192947339193
Mateiros,2020-10-05,21,0,0,0,0.5714285714285714,0.0,,1.3222192947339193
Mateiros,2020-10-06,21,0,0,0,0.5,0.0,,1.3222192947339193
Mateiros,2020-10-07,21,0,0,0,0.35714285714285715,0.0,,1.3222192947339193
Mateiros,2020-10-08,21,0,0,0,0.35714285714285715,0.0,,1.3222192947339193
Mateiros,2020-10-09,22,1,0,0,0.35714285714285715,0.0,,1.3424226808222062
Mateiros,2020-10-10,22,0,0,0,0.21428571428571427,0.0,,1.3424226808222062
Mateiros,2020-10-11,22,0,0,0,0.21428571428571427,0.0,,1.3424226808222062
Mateiros,2020-10-12,22,0,0,0,0.21428571428571427,0.0,,1.3424226808222062
Mateiros,2020-10-13,22,0,0,0,0.07142857142857142,0.0,,1.3424226808222062
Mateiros,2020-10-14,23,1,0,0,0.14285714285714285,0.0,,1.3617278360175928
Mateiros,2020-10-15,23,0,0,0,0.14285714285714285,0.0,,1.3617278360175928
Mateiros,2020-10-16,23,0,0,0,0.14285714285714285,0.0,,1.3617278360175928
Mateiros,2020-10-17,23,0,0,0,0.14285714285714285,0.0,,1.3617278360175928
Mateiros,2020-10-18,23,0,0,0,0.14285714285714285,0.0,,1.3617278360175928
Mateiros,2020-10-19,23,0,0,0,0.14285714285714285,0.0,,1.3617278360175928
Mateiros,2020-10-20,23,0,0,0,0.14285714285714285,0.0,,1.3617278360175928
Mateiros,2020-10-21,23,0,0,0,0.14285714285714285,0.0,,1.3617278360175928
Mateiros,2020-10-22,23,0,0,0,0.14285714285714285,0.0,,1.3617278360175928
Mateiros,2020-10-23,23,0,0,0,0.07142857142857142,0.0,,1.3617278360175928
Mateiros,2020-10-24,24,1,0,0,0.14285714285714285,0.0,,1.380211241711606
Mateiros,2020-10-25,24,0,0,0,0.14285714285714285,0.0,,1.380211241711606
Mateiros,2020-10-26,24,0,0,0,0.14285714285714285,0.0,,1.380211241711606
Mateiros,2020-10-27,24,0,0,0,0.14285714285714285,0.0,,1.380211241711606
Mateiros,2020-10-28,24,0,0,0,0.07142857142857142,0.0,,1.380211241711606
Mateiros,2020-10-29,24,0,0,0,0.07142857142857142,0.0,,1.380211241711606
Mateiros,2020-10-30,24,0,0,0,0.07142857142857142,0.0,,1.380211241711606
Mateiros,2020-10-31,24,0,0,0,0.07142857142857142,0.0,,1.380211241711606
Mateiros,2020-11-01,24,0,0,0,0.07142857142857142,0.0,,1.380211241711606
Mateiros,2020-11-02,24,0,0,0,0.07142857142857142,0.0,,1.380211241711606
Mateiros,2020-11-03,24,0,0,0,0.07142857142857142,0.0,,1.380211241711606
Mateiros,2020-11-04,24,0,0,0,0.07142857142857142,0.0,,1.380211241711606
Mateiros,2020-11-05,24,0,0,0,0.07142857142857142,0.0,,1.380211241711606
Mateiros,2020-11-06,24,0,0,0,0.07142857142857142,0.0,,1.380211241711606
Mateiros,2020-11-07,24,0,0,0,0.0,0.0,,1.380211241711606
Mateiros,2020-11-08,24,0,0,0,0.0,0.0,,1.380211241711606
Mateiros,2020-11-09,24,0,0,0,0.0,0.0,,1.380211241711606
Mateiros,2020-11-10,24,0,0,0,0.0,0.0,,1.380211241711606
Mateiros,2020-11-11,24,0,0,0,0.0,0.0,,1.380211241711606
Mateiros,2020-11-12,24,0,0,0,0.0,0.0,,1.380211241711606
Mateiros,2020-11-13,24,0,0,0,0.0,0.0,,1.380211241711606
Mateiros,2020-11-14,24,0,0,0,0.0,0.0,,1.380211241711606
Mateiros,2020-11-15,24,0,0,0,0.0,0.0,,1.380211241711606
Mateiros,2020-11-16,24,0,0,0,0.0,0.0,,1.380211241711606
Mateiros,2020-11-17,24,0,0,0,0.0,0.0,,1.380211241711606
Mateiros,2020-11-18,24,0,0,0,0.0,0.0,,1.380211241711606
Mateiros,2020-11-19,24,0,0,0,0.0,0.0,,1.380211241711606
Mateiros,2020-11-20,24,0,0,0,0.0,0.0,,1.380211241711606
Mateiros,2020-11-21,24,0,0,0,0.0,0.0,,1.380211241711606
Mateiros,2020-11-22,24,0,0,0,0.0,0.0,,1.380211241711606
Mateiros,2020-11-23,24,0,0,0,0.0,0.0,,1.380211241711606
Mateiros,2020-11-24,24,0,0,0,0.0,0.0,,1.380211241711606
Mateiros,2020-11-25,24,0,0,0,0.0,0.0,,1.380211241711606
Mateiros,2020-11-26,24,0,0,0,0.0,0.0,,1.380211241711606
Mateiros,2020-11-27,24,0,0,0,0.0,0.0,,1.380211241711606
Mateiros,2020-11-28,24,0,0,0,0.0,0.0,,1.380211241711606
Mateiros,2020-11-29,24,0,0,0,0.0,0.0,,1.380211241711606
Mateiros,2020-11-30,24,0,0,0,0.0,0.0,,1.380211241711606
Mateiros,2020-12-01,24,0,0,0,0.0,0.0,,1.380211241711606
Mateiros,2020-12-02,24,0,0,0,0.0,0.0,,1.380211241711606
Mateiros,2020-12-03,24,0,0,0,0.0,0.0,,1.380211241711606
Mateiros,2020-12-04,24,0,0,0,0.0,0.0,,1.380211241711606
Mateiros,2020-12-05,25,1,0,0,0.07142857142857142,0.0,,1.3979400086720377
Mateiros,2020-12-06,25,0,0,0,0.07142857142857142,0.0,,1.3979400086720377
Mateiros,2020-12-07,27,2,0,0,0.21428571428571427,0.0,,1.4313637641589874
Mateiros,2020-12-08,27,0,0,0,0.21428571428571427,0.0,,1.4313637641589874
Mateiros,2020-12-09,29,2,0,0,0.35714285714285715,0.0,,1.462397997898956
Mateiros,2020-12-10,29,0,0,0,0.35714285714285715,0.0,,1.462397997898956
Mateiros,2020-12-11,30,1,0,0,0.42857142857142855,0.0,,1.4771212547196624
Mateiros,2020-12-12,31,1,0,0,0.5,0.0,,1.4913616938342726
Mateiros,2020-12-13,31,0,0,0,0.5,0.0,,1.4913616938342726
Mateiros,2020-12-14,31,0,0,0,0.5,0.0,,1.4913616938342726
Mateiros,2020-12-15,32,1,0,0,0.5714285714285714,0.0,,1.505149978319906
Mateiros,2020-12-16,32,0,0,0,0.5714285714285714,0.0,,1.505149978319906
Mateiros,2020-12-17,34,2,0,0,0.7142857142857143,0.0,,1.5314789170422551
Mateiros,2020-12-18,35,1,0,0,0.7857142857142857,0.0,,1.5440680443502757
Mateiros,2020-12-19,35,0,0,0,0.7142857142857143,0.0,,1.5440680443502757
Mateiros,2020-12-20,35,0,0,0,0.7142857142857143,0.0,,1.5440680443502757
Mateiros,2020-12-21,35,0,0,0,0.5714285714285714,0.0,,1.5440680443502757
Mateiros,2020-12-22,39,4,0,0,0.8571428571428571,0.0,,1.591064607026499
Mateiros,2020-12-23,39,0,0,0,0.7142857142857143,0.0,,1.591064607026499
Mateiros,2020-12-24,39,0,0,0,0.7142857142857143,0.0,,1.591064607026499
Mateiros,2020-12-25,39,0,0,0,0.6428571428571429,0.0,,1.591064607026499
Mateiros,2020-12-26,39,0,0,0,0.5714285714285714,0.0,,1.591064607026499
Mateiros,2020-12-27,39,0,0,0,0.5714285714285714,0.0,,1.591064607026499
Mateiros,2020-12-28,39,0,0,0,0.5714285714285714,0.0,,1.591064607026499
Mateiros,2020-12-29,39,0,0,0,0.5,0.0,,1.591064607026499
Mateiros,2020-12-30,39,0,0,0,0.5,0.0,,1.591064607026499
Mateiros,2020-12-31,39,0,0,0,0.35714285714285715,0.0,,1.591064607026499
Mateiros,2021-01-01,39,0,0,0,0.2857142857142857,0.0,,1.591064607026499
Mateiros,2021-01-02,39,0,0,0,0.2857142857142857,0.0,,1.591064607026499
Mateiros,2021-01-03,39,0,0,0,0.2857142857142857,0.0,,1.591064607026499
Mateiros,2021-01-04,39,0,0,0,0.2857142857142857,0.0,,1.591064607026499
Mateiros,2021-01-05,39,0,0,0,0.0,0.0,,1.591064607026499
Mateiros,2021-01-06,39,0,0,0,0.0,0.0,,1.591064607026499
Mateiros,2021-01-07,39,0,0,0,0.0,0.0,,1.591064607026499
Mateiros,2021-01-08,39,0,0,0,0.0,0.0,,1.591064607026499
Mateiros,2021-01-09,39,0,0,0,0.0,0.0,,1.591064607026499
Mateiros,2021-01-10,39,0,0,0,0.0,0.0,,1.591064607026499
Mateiros,2021-01-11,39,0,0,0,0.0,0.0,,1.591064607026499
Mateiros,2021-01-12,39,0,0,0,0.0,0.0,,1.591064607026499
Mateiros,2021-01-13,39,0,0,0,0.0,0.0,,1.591064607026499
Mateiros,2021-01-14,39,0,0,0,0.0,0.0,,1.591064607026499
Mateiros,2021-01-15,39,0,0,0,0.0,0.0,,1.591064607026499
Mateiros,2021-01-16,41,2,0,0,0.14285714285714285,0.0,,1.6127838567197355
Mateiros,2021-01-17,41,0,0,0,0.14285714285714285,0.0,,1.6127838567197355
Mateiros,2021-01-18,41,0,0,0,0.14285714285714285,0.0,,1.6127838567197355
Mateiros,2021-01-19,42,1,0,0,0.21428571428571427,0.0,,1.6232492903979006
Mateiros,2021-01-20,42,0,0,0,0.21428571428571427,0.0,,1.6232492903979006
Maurilândia do Tocantins,2020-03-27,0,0,0,0,,,,0.0
Maurilândia do Tocantins,2020-03-28,0,0,0,0,,,,0.0
Maurilândia do Tocantins,2020-03-29,0,0,0,0,,,,0.0
Maurilândia do Tocantins,2020-03-30,0,0,0,0,,,,0.0
Maurilândia do Tocantins,2020-03-31,0,0,0,0,,,,0.0
Maurilândia do Tocantins,2020-04-01,0,0,0,0,,,,0.0
Maurilândia do Tocantins,2020-04-02,0,0,0,0,,,,0.0
Maurilândia do Tocantins,2020-04-03,0,0,0,0,,,,0.0
Maurilândia do Tocantins,2020-04-04,0,0,0,0,,,,0.0
Maurilândia do Tocantins,2020-04-05,0,0,0,0,,,,0.0
Maurilândia do Tocantins,2020-04-06,0,0,0,0,,,,0.0
Maurilândia do Tocantins,2020-04-07,0,0,0,0,,,,0.0
Maurilândia do Tocantins,2020-04-08,0,0,0,0,,,,0.0
Maurilândia do Tocantins,2020-04-09,0,0,0,0,0.0,0.0,,0.0
Maurilândia do Tocantins,2020-04-10,0,0,0,0,0.0,0.0,,0.0
Maurilândia do Tocantins,2020-04-11,0,0,0,0,0.0,0.0,,0.0
Maurilândia do Tocantins,2020-04-12,0,0,0,0,0.0,0.0,,0.0
Maurilândia do Tocantins,2020-04-13,0,0,0,0,0.0,0.0,,0.0
Maurilândia do Tocantins,2020-04-14,0,0,0,0,0.0,0.0,,0.0
Maurilândia do Tocantins,2020-04-15,0,0,0,0,0.0,0.0,,0.0
Maurilândia do Tocantins,2020-04-16,0,0,0,0,0.0,0.0,,0.0
Maurilândia do Tocantins,2020-04-17,0,0,0,0,0.0,0.0,,0.0
Maurilândia do Tocantins,2020-04-18,0,0,0,0,0.0,0.0,,0.0
Maurilândia do Tocantins,2020-04-19,0,0,0,0,0.0,0.0,,0.0
Maurilândia do Tocantins,2020-04-20,0,0,0,0,0.0,0.0,,0.0
Maurilândia do Tocantins,2020-04-21,0,0,0,0,0.0,0.0,,0.0
Maurilândia do Tocantins,2020-04-22,0,0,0,0,0.0,0.0,,0.0
Maurilândia do Tocantins,2020-04-23,0,0,0,0,0.0,0.0,,0.0
Maurilândia do Tocantins,2020-04-24,0,0,0,0,0.0,0.0,,0.0
Maurilândia do Tocantins,2020-04-25,0,0,0,0,0.0,0.0,,0.0
Maurilândia do Tocantins,2020-04-26,0,0,0,0,0.0,0.0,,0.0
Maurilândia do Tocantins,2020-04-27,0,0,0,0,0.0,0.0,,0.0
Maurilândia do Tocantins,2020-04-28,0,0,0,0,0.0,0.0,,0.0
Maurilândia do Tocantins,2020-04-29,0,0,0,0,0.0,0.0,,0.0
Maurilândia do Tocantins,2020-04-30,0,0,0,0,0.0,0.0,,0.0
Maurilândia do Tocantins,2020-05-01,0,0,0,0,0.0,0.0,,0.0
Maurilândia do Tocantins,2020-05-02,0,0,0,0,0.0,0.0,,0.0
Maurilândia do Tocantins,2020-05-03,0,0,0,0,0.0,0.0,,0.0
Maurilândia do Tocantins,2020-05-04,0,0,0,0,0.0,0.0,,0.0
Maurilândia do Tocantins,2020-05-05,0,0,0,0,0.0,0.0,,0.0
Maurilândia do Tocantins,2020-05-06,0,0,0,0,0.0,0.0,,0.0
Maurilândia do Tocantins,2020-05-07,0,0,0,0,0.0,0.0,,0.0
Maurilândia do Tocantins,2020-05-08,2,2,0,0,0.14285714285714285,0.0,,0.3010299956639812
Maurilândia do Tocantins,2020-05-09,2,0,0,0,0.14285714285714285,0.0,,0.3010299956639812
Maurilândia do Tocantins,2020-05-10,4,2,0,0,0.2857142857142857,0.0,,0.6020599913279624
Maurilândia do Tocantins,2020-05-11,4,0,0,0,0.2857142857142857,0.0,,0.6020599913279624
Maurilândia do Tocantins,2020-05-12,4,0,0,0,0.2857142857142857,0.0,,0.6020599913279624
Maurilândia do Tocantins,2020-05-13,4,0,0,0,0.2857142857142857,0.0,,0.6020599913279624
Maurilândia do Tocantins,2020-05-14,10,6,0,0,0.7142857142857143,0.0,,1.0
Maurilândia do Tocantins,2020-05-15,10,0,0,0,0.7142857142857143,0.0,,1.0
Maurilândia do Tocantins,2020-05-16,10,0,0,0,0.7142857142857143,0.0,,1.0
Maurilândia do Tocantins,2020-05-17,10,0,0,0,0.7142857142857143,0.0,,1.0
Maurilândia do Tocantins,2020-05-18,10,0,0,0,0.7142857142857143,0.0,,1.0
Maurilândia do Tocantins,2020-05-19,10,0,0,0,0.7142857142857143,0.0,,1.0
Maurilândia do Tocantins,2020-05-20,12,2,0,0,0.8571428571428571,0.0,,1.0791812460476249
Maurilândia do Tocantins,2020-05-21,12,0,0,0,0.8571428571428571,0.0,,1.0791812460476249
Maurilândia do Tocantins,2020-05-22,12,0,0,0,0.7142857142857143,0.0,,1.0791812460476249
Maurilândia do Tocantins,2020-05-23,12,0,0,0,0.7142857142857143,0.0,,1.0791812460476249
Maurilândia do Tocantins,2020-05-24,12,0,0,0,0.5714285714285714,0.0,,1.0791812460476249
Maurilândia do Tocantins,2020-05-25,12,0,0,0,0.5714285714285714,0.0,,1.0791812460476249
Maurilândia do Tocantins,2020-05-26,13,1,0,0,0.6428571428571429,0.0,,1.1139433523068367
Maurilândia do Tocantins,2020-05-27,13,0,0,0,0.6428571428571429,0.0,,1.1139433523068367
Maurilândia do Tocantins,2020-05-28,13,0,0,0,0.21428571428571427,0.0,,1.1139433523068367
Maurilândia do Tocantins,2020-05-29,14,1,0,0,0.2857142857142857,0.0,,1.146128035678238
Maurilândia do Tocantins,2020-05-30,14,0,0,0,0.2857142857142857,0.0,,1.146128035678238
Maurilândia do Tocantins,2020-05-31,14,0,0,0,0.2857142857142857,0.0,,1.146128035678238
Maurilândia do Tocantins,2020-06-01,14,0,0,0,0.2857142857142857,0.0,,1.146128035678238
Maurilândia do Tocantins,2020-06-02,14,0,0,0,0.2857142857142857,0.0,,1.146128035678238
Maurilândia do Tocantins,2020-06-03,15,1,0,0,0.21428571428571427,0.0,,1.1760912590556813
Maurilândia do Tocantins,2020-06-04,17,2,0,0,0.35714285714285715,0.0,,1.2304489213782739
Maurilândia do Tocantins,2020-06-05,17,0,0,0,0.35714285714285715,0.0,,1.2304489213782739
Maurilândia do Tocantins,2020-06-06,17,0,0,0,0.35714285714285715,0.0,,1.2304489213782739
Maurilândia do Tocantins,2020-06-07,18,1,0,0,0.42857142857142855,0.0,,1.255272505103306
Maurilândia do Tocantins,2020-06-08,18,0,0,0,0.42857142857142855,0.0,,1.255272505103306
Maurilândia do Tocantins,2020-06-09,18,0,0,0,0.35714285714285715,0.0,,1.255272505103306
Maurilândia do Tocantins,2020-06-10,18,0,0,0,0.35714285714285715,0.0,,1.255272505103306
Maurilândia do Tocantins,2020-06-11,20,2,0,0,0.5,0.0,,1.3010299956639813
Maurilândia do Tocantins,2020-06-12,21,1,1,1,0.5,0.07142857142857142,inf,1.3222192947339193
Maurilândia do Tocantins,2020-06-13,21,0,1,0,0.5,0.07142857142857142,inf,1.3222192947339193
Maurilândia do Tocantins,2020-06-14,21,0,1,0,0.5,0.07142857142857142,inf,1.3222192947339193
Maurilândia do Tocantins,2020-06-15,21,0,1,0,0.5,0.07142857142857142,inf,1.3222192947339193
Maurilândia do Tocantins,2020-06-16,21,0,1,0,0.5,0.07142857142857142,inf,1.3222192947339193
Maurilândia do Tocantins,2020-06-17,22,1,1,0,0.5,0.07142857142857142,inf,1.3424226808222062
Maurilândia do Tocantins,2020-06-18,22,0,1,0,0.35714285714285715,0.07142857142857142,inf,1.3424226808222062
Maurilândia do Tocantins,2020-06-19,22,0,1,0,0.35714285714285715,0.07142857142857142,inf,1.3424226808222062
Maurilândia do Tocantins,2020-06-20,22,0,1,0,0.35714285714285715,0.07142857142857142,inf,1.3424226808222062
Maurilândia do Tocantins,2020-06-21,22,0,1,0,0.2857142857142857,0.07142857142857142,inf,1.3424226808222062
Maurilândia do Tocantins,2020-06-22,24,2,1,0,0.42857142857142855,0.07142857142857142,inf,1.380211241711606
Maurilândia do Tocantins,2020-06-23,25,1,1,0,0.5,0.07142857142857142,inf,1.3979400086720377
Maurilândia do Tocantins,2020-06-24,26,1,0,-1,0.5714285714285714,0.0,,1.414973347970818
Maurilândia do Tocantins,2020-06-25,26,0,1,1,0.42857142857142855,0.07142857142857142,inf,1.414973347970818
Maurilândia do Tocantins,2020-06-26,26,0,1,0,0.35714285714285715,0.0,-1.0,1.414973347970818
Maurilândia do Tocantins,2020-06-27,26,0,1,0,0.35714285714285715,0.0,-1.0,1.414973347970818
Maurilândia do Tocantins,2020-06-28,26,0,1,0,0.35714285714285715,0.0,-1.0,1.414973347970818
Maurilândia do Tocantins,2020-06-29,26,0,1,0,0.35714285714285715,0.0,-1.0,1.414973347970818
Maurilândia do Tocantins,2020-06-30,26,0,1,0,0.35714285714285715,0.0,-1.0,1.414973347970818
Maurilândia do Tocantins,2020-07-01,26,0,1,0,0.2857142857142857,0.0,-1.0,1.414973347970818
Maurilândia do Tocantins,2020-07-02,26,0,1,0,0.2857142857142857,0.0,-1.0,1.414973347970818
Maurilândia do Tocantins,2020-07-03,26,0,1,0,0.2857142857142857,0.0,-1.0,1.414973347970818
Maurilândia do Tocantins,2020-07-04,26,0,1,0,0.2857142857142857,0.0,-1.0,1.414973347970818
Maurilândia do Tocantins,2020-07-05,26,0,1,0,0.2857142857142857,0.0,-1.0,1.414973347970818
Maurilândia do Tocantins,2020-07-06,26,0,1,0,0.14285714285714285,0.0,-1.0,1.414973347970818
Maurilândia do Tocantins,2020-07-07,26,0,1,0,0.07142857142857142,0.0,-1.0,1.414973347970818
Maurilândia do Tocantins,2020-07-08,26,0,1,0,0.0,0.07142857142857142,inf,1.414973347970818
Maurilândia do Tocantins,2020-07-09,26,0,1,0,0.0,0.0,-1.0,1.414973347970818
Maurilândia do Tocantins,2020-07-10,26,0,1,0,0.0,0.0,,1.414973347970818
Maurilândia do Tocantins,2020-07-11,26,0,1,0,0.0,0.0,,1.414973347970818
Maurilândia do Tocantins,2020-07-12,26,0,1,0,0.0,0.0,,1.414973347970818
Maurilândia do Tocantins,2020-07-13,26,0,1,0,0.0,0.0,,1.414973347970818
Maurilândia do Tocantins,2020-07-14,26,0,1,0,0.0,0.0,,1.414973347970818
Maurilândia do Tocantins,2020-07-15,27,1,1,0,0.07142857142857142,0.0,,1.4313637641589874
Maurilândia do Tocantins,2020-07-16,27,0,1,0,0.07142857142857142,0.0,,1.4313637641589874
Maurilândia do Tocantins,2020-07-17,27,0,1,0,0.07142857142857142,0.0,,1.4313637641589874
Maurilândia do Tocantins,2020-07-18,27,0,1,0,0.07142857142857142,0.0,,1.4313637641589874
Maurilândia do Tocantins,2020-07-19,27,0,1,0,0.07142857142857142,0.0,,1.4313637641589874
Maurilândia do Tocantins,2020-07-20,27,0,1,0,0.07142857142857142,0.0,,1.4313637641589874
Maurilândia do Tocantins,2020-07-21,27,0,1,0,0.07142857142857142,0.0,,1.4313637641589874
Maurilândia do Tocantins,2020-07-22,28,1,1,0,0.14285714285714285,0.0,-1.0,1.4471580313422192
Maurilândia do Tocantins,2020-07-23,29,1,1,0,0.21428571428571427,0.0,,1.462397997898956
Maurilândia do Tocantins,2020-07-24,30,1,1,0,0.2857142857142857,0.0,,1.4771212547196624
Maurilândia do Tocantins,2020-07-25,32,2,1,0,0.42857142857142855,0.0,,1.505149978319906
Maurilândia do Tocantins,2020-07-26,32,0,1,0,0.42857142857142855,0.0,,1.505149978319906
Maurilândia do Tocantins,2020-07-27,32,0,1,0,0.42857142857142855,0.0,,1.505149978319906
Maurilândia do Tocantins,2020-07-28,34,2,1,0,0.5714285714285714,0.0,,1.5314789170422551
Maurilândia do Tocantins,2020-07-29,34,0,1,0,0.5,0.0,,1.5314789170422551
Maurilândia do Tocantins,2020-07-30,34,0,1,0,0.5,0.0,,1.5314789170422551
Maurilândia do Tocantins,2020-07-31,34,0,1,0,0.5,0.0,,1.5314789170422551
Maurilândia do Tocantins,2020-08-01,34,0,1,0,0.5,0.0,,1.5314789170422551
Maurilândia do Tocantins,2020-08-02,34,0,1,0,0.5,0.0,,1.5314789170422551
Maurilândia do Tocantins,2020-08-03,34,0,1,0,0.5,0.0,,1.5314789170422551
Maurilândia do Tocantins,2020-08-04,34,0,1,0,0.5,0.0,,1.5314789170422551
Maurilândia do Tocantins,2020-08-05,34,0,1,0,0.42857142857142855,0.0,,1.5314789170422551
Maurilândia do Tocantins,2020-08-06,34,0,1,0,0.35714285714285715,0.0,,1.5314789170422551
Maurilândia do Tocantins,2020-08-07,34,0,1,0,0.2857142857142857,0.0,,1.5314789170422551
Maurilândia do Tocantins,2020-08-08,34,0,1,0,0.14285714285714285,0.0,,1.5314789170422551
Maurilândia do Tocantins,2020-08-09,34,0,1,0,0.14285714285714285,0.0,,1.5314789170422551
Maurilândia do Tocantins,2020-08-10,34,0,1,0,0.14285714285714285,0.0,,1.5314789170422551
Maurilândia do Tocantins,2020-08-11,35,1,1,0,0.07142857142857142,0.0,,1.5440680443502757
Maurilândia do Tocantins,2020-08-12,36,1,1,0,0.14285714285714285,0.0,,1.5563025007672873
Maurilândia do Tocantins,2020-08-13,35,-1,1,0,0.07142857142857142,0.0,,1.5440680443502757
Maurilândia do Tocantins,2020-08-14,30,-5,1,0,-0.2857142857142857,0.0,,1.4771212547196624
Maurilândia do Tocantins,2020-08-15,30,0,1,0,-0.2857142857142857,0.0,,1.4771212547196624
Maurilândia do Tocantins,2020-08-16,30,0,1,0,-0.2857142857142857,0.0,,1.4771212547196624
Maurilândia do Tocantins,2020-08-17,30,0,1,0,-0.2857142857142857,0.0,,1.4771212547196624
Maurilândia do Tocantins,2020-08-18,32,2,1,0,-0.14285714285714285,0.0,,1.505149978319906
Maurilândia do Tocantins,2020-08-19,33,1,1,0,-0.07142857142857142,0.0,,1.5185139398778875
Maurilândia do Tocantins,2020-08-20,37,4,1,0,0.21428571428571427,0.0,,1.568201724066995
Maurilândia do Tocantins,2020-08-21,37,0,1,0,0.21428571428571427,0.0,,1.568201724066995
Maurilândia do Tocantins,2020-08-22,37,0,1,0,0.21428571428571427,0.0,,1.568201724066995
Maurilândia do Tocantins,2020-08-23,37,0,1,0,0.21428571428571427,0.0,,1.568201724066995
Maurilândia do Tocantins,2020-08-24,37,0,1,0,0.21428571428571427,0.0,,1.568201724066995
Maurilândia do Tocantins,2020-08-25,43,6,1,0,0.5714285714285714,0.0,,1.6334684555795866
Maurilândia do Tocantins,2020-08-26,44,1,1,0,0.5714285714285714,0.0,,1.6434526764861874
Maurilândia do Tocantins,2020-08-27,44,0,1,0,0.6428571428571429,0.0,,1.6434526764861874
Maurilândia do Tocantins,2020-08-28,44,0,1,0,1.0,0.0,,1.6434526764861874
Maurilândia do Tocantins,2020-08-29,44,0,1,0,1.0,0.0,,1.6434526764861874
Maurilândia do Tocantins,2020-08-30,44,0,1,0,1.0,0.0,,1.6434526764861874
Maurilândia do Tocantins,2020-08-31,44,0,1,0,1.0,0.0,,1.6434526764861874
Maurilândia do Tocantins,2020-09-01,44,0,1,0,0.8571428571428571,0.0,,1.6434526764861874
Maurilândia do Tocantins,2020-09-02,44,0,1,0,0.7857142857142857,0.0,,1.6434526764861874
Maurilândia do Tocantins,2020-09-03,44,0,1,0,0.5,0.0,,1.6434526764861874
Maurilândia do Tocantins,2020-09-04,44,0,1,0,0.5,0.0,,1.6434526764861874
Maurilândia do Tocantins,2020-09-05,44,0,1,0,0.5,0.0,,1.6434526764861874
Maurilândia do Tocantins,2020-09-06,44,0,1,0,0.5,0.0,,1.6434526764861874
Maurilândia do Tocantins,2020-09-07,44,0,1,0,0.5,0.0,,1.6434526764861874
Maurilândia do Tocantins,2020-09-08,44,0,1,0,0.07142857142857142,0.0,,1.6434526764861874
Maurilândia do Tocantins,2020-09-09,44,0,1,0,0.0,0.0,,1.6434526764861874
Maurilândia do Tocantins,2020-09-10,44,0,1,0,0.0,0.0,,1.6434526764861874
Maurilândia do Tocantins,2020-09-11,44,0,1,0,0.0,0.0,,1.6434526764861874
Maurilândia do Tocantins,2020-09-12,44,0,1,0,0.0,0.0,,1.6434526764861874
Maurilândia do Tocantins,2020-09-13,44,0,1,0,0.0,0.0,,1.6434526764861874
Maurilândia do Tocantins,2020-09-14,44,0,1,0,0.0,0.0,,1.6434526764861874
Maurilândia do Tocantins,2020-09-15,44,0,1,0,0.0,0.0,,1.6434526764861874
Maurilândia do Tocantins,2020-09-16,44,0,1,0,0.0,0.0,,1.6434526764861874
Maurilândia do Tocantins,2020-09-17,44,0,1,0,0.0,0.0,,1.6434526764861874
Maurilândia do Tocantins,2020-09-18,44,0,1,0,0.0,0.0,,1.6434526764861874
Maurilândia do Tocantins,2020-09-19,44,0,1,0,0.0,0.0,,1.6434526764861874
Maurilândia do Tocantins,2020-09-20,44,0,1,0,0.0,0.0,,1.6434526764861874
Maurilândia do Tocantins,2020-09-21,44,0,1,0,0.0,0.0,,1.6434526764861874
Maurilândia do Tocantins,2020-09-22,44,0,1,0,0.0,0.0,,1.6434526764861874
Maurilândia do Tocantins,2020-09-23,44,0,1,0,0.0,0.0,,1.6434526764861874
Maurilândia do Tocantins,2020-09-24,44,0,1,0,0.0,0.0,,1.6434526764861874
Maurilândia do Tocantins,2020-09-25,44,0,1,0,0.0,0.0,,1.6434526764861874
Maurilândia do Tocantins,2020-09-26,44,0,1,0,0.0,0.0,,1.6434526764861874
Maurilândia do Tocantins,2020-09-27,44,0,1,0,0.0,0.0,,1.6434526764861874
Maurilândia do Tocantins,2020-09-28,44,0,1,0,0.0,0.0,,1.6434526764861874
Maurilândia do Tocantins,2020-09-29,45,1,1,0,0.07142857142857142,0.0,,1.6532125137753437
Maurilândia do Tocantins,2020-09-30,45,0,1,0,0.07142857142857142,0.0,,1.6532125137753437
Maurilândia do Tocantins,2020-10-01,45,0,1,0,0.07142857142857142,0.0,,1.6532125137753437
Maurilândia do Tocantins,2020-10-02,47,2,1,0,0.21428571428571427,0.0,,1.6720978579357175
Maurilândia do Tocantins,2020-10-03,47,0,1,0,0.21428571428571427,0.0,,1.6720978579357175
Maurilândia do Tocantins,2020-10-04,47,0,1,0,0.21428571428571427,0.0,,1.6720978579357175
Maurilândia do Tocantins,2020-10-05,47,0,1,0,0.21428571428571427,0.0,,1.6720978579357175
Maurilândia do Tocantins,2020-10-06,47,0,1,0,0.21428571428571427,0.0,,1.6720978579357175
Maurilândia do Tocantins,2020-10-07,49,2,1,0,0.35714285714285715,0.0,,1.6901960800285136
Maurilândia do Tocantins,2020-10-08,49,0,1,0,0.35714285714285715,0.0,,1.6901960800285136
Maurilândia do Tocantins,2020-10-09,49,0,1,0,0.35714285714285715,0.0,,1.6901960800285136
Maurilândia do Tocantins,2020-10-10,49,0,1,0,0.35714285714285715,0.0,,1.6901960800285136
Maurilândia do Tocantins,2020-10-11,49,0,1,0,0.35714285714285715,0.0,,1.6901960800285136
Maurilândia do Tocantins,2020-10-12,49,0,1,0,0.35714285714285715,0.0,,1.6901960800285136
Maurilândia do Tocantins,2020-10-13,49,0,1,0,0.2857142857142857,0.0,,1.6901960800285136
Maurilândia do Tocantins,2020-10-14,49,0,1,0,0.2857142857142857,0.0,,1.6901960800285136
Maurilândia do Tocantins,2020-10-15,49,0,1,0,0.2857142857142857,0.0,,1.6901960800285136
Maurilândia do Tocantins,2020-10-16,49,0,1,0,0.14285714285714285,0.0,,1.6901960800285136
Maurilândia do Tocantins,2020-10-17,49,0,1,0,0.14285714285714285,0.0,,1.6901960800285136
Maurilândia do Tocantins,2020-10-18,49,0,1,0,0.14285714285714285,0.0,,1.6901960800285136
Maurilândia do Tocantins,2020-10-19,49,0,1,0,0.14285714285714285,0.0,,1.6901960800285136
Maurilândia do Tocantins,2020-10-20,50,1,1,0,0.21428571428571427,0.0,,1.6989700043360187
Maurilândia do Tocantins,2020-10-21,50,0,1,0,0.07142857142857142,0.0,,1.6989700043360187
Maurilândia do Tocantins,2020-10-22,50,0,1,0,0.07142857142857142,0.0,,1.6989700043360187
Maurilândia do Tocantins,2020-10-23,50,0,1,0,0.07142857142857142,0.0,,1.6989700043360187
Maurilândia do Tocantins,2020-10-24,50,0,1,0,0.07142857142857142,0.0,,1.6989700043360187
Maurilândia do Tocantins,2020-10-25,50,0,1,0,0.07142857142857142,0.0,,1.6989700043360187
Maurilândia do Tocantins,2020-10-26,50,0,1,0,0.07142857142857142,0.0,,1.6989700043360187
Maurilândia do Tocantins,2020-10-27,50,0,1,0,0.07142857142857142,0.0,,1.6989700043360187
Maurilândia do Tocantins,2020-10-28,50,0,1,0,0.07142857142857142,0.0,,1.6989700043360187
Maurilândia do Tocantins,2020-10-29,50,0,1,0,0.07142857142857142,0.0,,1.6989700043360187
Maurilândia do Tocantins,2020-10-30,50,0,1,0,0.07142857142857142,0.0,,1.6989700043360187
Maurilândia do Tocantins,2020-10-31,50,0,1,0,0.07142857142857142,0.0,,1.6989700043360187
Maurilândia do Tocantins,2020-11-01,50,0,1,0,0.07142857142857142,0.0,,1.6989700043360187
Maurilândia do Tocantins,2020-11-02,50,0,1,0,0.07142857142857142,0.0,,1.6989700043360187
Maurilândia do Tocantins,2020-11-03,50,0,1,0,0.0,0.0,,1.6989700043360187
Maurilândia do Tocantins,2020-11-04,50,0,1,0,0.0,0.0,,1.6989700043360187
Maurilândia do Tocantins,2020-11-05,50,0,1,0,0.0,0.0,,1.6989700043360187
Maurilândia do Tocantins,2020-11-06,54,4,1,0,0.2857142857142857,0.0,,1.7323937598229686
Maurilândia do Tocantins,2020-11-07,54,0,1,0,0.2857142857142857,0.0,,1.7323937598229686
Maurilândia do Tocantins,2020-11-08,54,0,1,0,0.2857142857142857,0.0,,1.7323937598229686
Maurilândia do Tocantins,2020-11-09,54,0,1,0,0.2857142857142857,0.0,,1.7323937598229686
Maurilândia do Tocantins,2020-11-10,73,19,1,0,1.6428571428571428,0.0,,1.863322860120456
Maurilândia do Tocantins,2020-11-11,73,0,1,0,1.6428571428571428,0.0,,1.863322860120456
Maurilândia do Tocantins,2020-11-12,74,1,1,0,1.7142857142857142,0.0,,1.8692317197309762
Maurilândia do Tocantins,2020-11-13,74,0,1,0,1.7142857142857142,0.0,,1.8692317197309762
Maurilândia do Tocantins,2020-11-14,74,0,1,0,1.7142857142857142,0.0,,1.8692317197309762
Maurilândia do Tocantins,2020-11-15,74,0,1,0,1.7142857142857142,0.0,,1.8692317197309762
Maurilândia do Tocantins,2020-11-16,74,0,1,0,1.7142857142857142,0.0,,1.8692317197309762
Maurilândia do Tocantins,2020-11-17,74,0,1,0,1.7142857142857142,0.0,,1.8692317197309762
Maurilândia do Tocantins,2020-11-18,74,0,1,0,1.7142857142857142,0.0,,1.8692317197309762
Maurilândia do Tocantins,2020-11-19,74,0,1,0,1.7142857142857142,0.0,,1.8692317197309762
Maurilândia do Tocantins,2020-11-20,74,0,1,0,1.4285714285714286,0.0,,1.8692317197309762
Maurilândia do Tocantins,2020-11-21,78,4,1,0,1.7142857142857142,0.0,,1.8920946026904804
Maurilândia do Tocantins,2020-11-22,78,0,1,0,1.7142857142857142,0.0,,1.8920946026904804
Maurilândia do Tocantins,2020-11-23,78,0,1,0,1.7142857142857142,0.0,,1.8920946026904804
Maurilândia do Tocantins,2020-11-24,78,0,1,0,0.35714285714285715,0.0,,1.8920946026904804
Maurilândia do Tocantins,2020-11-25,78,0,1,0,0.35714285714285715,0.0,,1.8920946026904804
Maurilândia do Tocantins,2020-11-26,88,10,1,0,1.0,0.0,,1.9444826721501687
Maurilândia do Tocantins,2020-11-27,88,0,1,0,1.0,0.0,,1.9444826721501687
Maurilândia do Tocantins,2020-11-28,96,8,1,0,1.5714285714285714,0.0,,1.9822712330395684
Maurilândia do Tocantins,2020-11-29,96,0,1,0,1.5714285714285714,0.0,,1.9822712330395684
Maurilândia do Tocantins,2020-11-30,96,0,1,0,1.5714285714285714,0.0,,1.9822712330395684
Maurilândia do Tocantins,2020-12-01,97,1,1,0,1.6428571428571428,0.0,,1.9867717342662448
Maurilândia do Tocantins,2020-12-02,106,9,1,0,2.2857142857142856,0.0,,2.0253058652647704
Maurilândia do Tocantins,2020-12-03,106,0,1,0,2.2857142857142856,0.0,,2.0253058652647704
Maurilândia do Tocantins,2020-12-04,106,0,1,0,2.2857142857142856,0.0,,2.0253058652647704
Maurilândia do Tocantins,2020-12-05,106,0,1,0,2.0,0.0,,2.0253058652647704
Maurilândia do Tocantins,2020-12-06,106,0,1,0,2.0,0.0,,2.0253058652647704
Maurilândia do Tocantins,2020-12-07,106,0,1,0,2.0,0.0,,2.0253058652647704
Maurilândia do Tocantins,2020-12-08,106,0,1,0,2.0,0.0,,2.0253058652647704
Maurilândia do Tocantins,2020-12-09,108,2,1,0,2.142857142857143,0.0,,2.03342375548695
Maurilândia do Tocantins,2020-12-10,108,0,1,0,1.4285714285714286,0.0,,2.03342375548695
Maurilândia do Tocantins,2020-12-11,108,0,1,0,1.4285714285714286,0.0,,2.03342375548695
Maurilândia do Tocantins,2020-12-12,108,0,1,0,0.8571428571428571,0.0,,2.03342375548695
Maurilândia do Tocantins,2020-12-13,108,0,1,0,0.8571428571428571,0.0,,2.03342375548695
Maurilândia do Tocantins,2020-12-14,108,0,1,0,0.8571428571428571,0.0,,2.03342375548695
Maurilândia do Tocantins,2020-12-15,108,0,1,0,0.7857142857142857,0.0,,2.03342375548695
Maurilândia do Tocantins,2020-12-16,108,0,1,0,0.14285714285714285,0.0,,2.03342375548695
Maurilândia do Tocantins,2020-12-17,112,4,1,0,0.42857142857142855,0.0,,2.0492180226701815
Maurilândia do Tocantins,2020-12-18,114,2,1,0,0.5714285714285714,0.0,,2.0569048513364727
Maurilândia do Tocantins,2020-12-19,114,0,1,0,0.5714285714285714,0.0,,2.0569048513364727
Maurilândia do Tocantins,2020-12-20,114,0,1,0,0.5714285714285714,0.0,,2.0569048513364727
Maurilândia do Tocantins,2020-12-21,114,0,1,0,0.5714285714285714,0.0,,2.0569048513364727
Maurilândia do Tocantins,2020-12-22,115,1,1,0,0.6428571428571429,0.0,,2.060697840353612
Maurilândia do Tocantins,2020-12-23,115,0,1,0,0.5,0.0,,2.060697840353612
Maurilândia do Tocantins,2020-12-24,115,0,1,0,0.5,0.0,,2.060697840353612
Maurilândia do Tocantins,2020-12-25,115,0,1,0,0.5,0.0,,2.060697840353612
Maurilândia do Tocantins,2020-12-26,115,0,1,0,0.5,0.0,,2.060697840353612
Maurilândia do Tocantins,2020-12-27,115,0,1,0,0.5,0.0,,2.060697840353612
Maurilândia do Tocantins,2020-12-28,115,0,1,0,0.5,0.0,,2.060697840353612
Maurilândia do Tocantins,2020-12-29,119,4,1,0,0.7857142857142857,0.0,,2.075546961392531
Maurilândia do Tocantins,2020-12-30,119,0,1,0,0.7857142857142857,0.0,,2.075546961392531
Maurilândia do Tocantins,2020-12-31,119,0,1,0,0.5,0.0,,2.075546961392531
Maurilândia do Tocantins,2021-01-01,119,0,1,0,0.35714285714285715,0.0,,2.075546961392531
Maurilândia do Tocantins,2021-01-02,119,0,1,0,0.35714285714285715,0.0,,2.075546961392531
Maurilândia do Tocantins,2021-01-03,119,0,1,0,0.35714285714285715,0.0,,2.075546961392531
Maurilândia do Tocantins,2021-01-04,121,2,1,0,0.5,0.0,,2.08278537031645
Maurilândia do Tocantins,2021-01-05,122,1,1,0,0.5,0.0,,2.0863598306747484
Maurilândia do Tocantins,2021-01-06,122,0,1,0,0.5,0.0,,2.0863598306747484
Maurilândia do Tocantins,2021-01-07,122,0,1,0,0.5,0.0,,2.0863598306747484
Maurilândia do Tocantins,2021-01-08,122,0,1,0,0.5,0.0,,2.0863598306747484
Maurilândia do Tocantins,2021-01-09,122,0,1,0,0.5,0.0,,2.0863598306747484
Maurilândia do Tocantins,2021-01-10,122,0,1,0,0.5,0.0,,2.0863598306747484
Maurilândia do Tocantins,2021-01-11,122,0,1,0,0.5,0.0,,2.0863598306747484
Maurilândia do Tocantins,2021-01-12,123,1,1,0,0.2857142857142857,0.0,,2.089905111439398
Maurilândia do Tocantins,2021-01-13,124,1,1,0,0.35714285714285715,0.0,,2.093421685162235
Maurilândia do Tocantins,2021-01-14,125,1,1,0,0.42857142857142855,0.0,,2.0969100130080562
Maurilândia do Tocantins,2021-01-15,127,2,1,0,0.5714285714285714,0.0,,2.103803720955957
Maurilândia do Tocantins,2021-01-16,130,3,1,0,0.7857142857142857,0.0,,2.113943352306837
Maurilândia do Tocantins,2021-01-17,130,0,1,0,0.7857142857142857,0.0,,2.113943352306837
Maurilândia do Tocantins,2021-01-18,130,0,1,0,0.6428571428571429,0.0,,2.113943352306837
Maurilândia do Tocantins,2021-01-19,130,0,1,0,0.5714285714285714,0.0,,2.113943352306837
Maurilândia do Tocantins,2021-01-20,130,0,1,0,0.5714285714285714,0.0,,2.113943352306837
Muricilândia,2020-03-27,0,0,0,0,,,,0.0
Muricilândia,2020-03-28,0,0,0,0,,,,0.0
Muricilândia,2020-03-29,0,0,0,0,,,,0.0
Muricilândia,2020-03-30,0,0,0,0,,,,0.0
Muricilândia,2020-03-31,0,0,0,0,,,,0.0
Muricilândia,2020-04-01,0,0,0,0,,,,0.0
Muricilândia,2020-04-02,0,0,0,0,,,,0.0
Muricilândia,2020-04-03,0,0,0,0,,,,0.0
Muricilândia,2020-04-04,0,0,0,0,,,,0.0
Muricilândia,2020-04-05,0,0,0,0,,,,0.0
Muricilândia,2020-04-06,0,0,0,0,,,,0.0
Muricilândia,2020-04-07,0,0,0,0,,,,0.0
Muricilândia,2020-04-08,0,0,0,0,,,,0.0
Muricilândia,2020-04-09,0,0,0,0,0.0,0.0,,0.0
Muricilândia,2020-04-10,0,0,0,0,0.0,0.0,,0.0
Muricilândia,2020-04-11,0,0,0,0,0.0,0.0,,0.0
Muricilândia,2020-04-12,0,0,0,0,0.0,0.0,,0.0
Muricilândia,2020-04-13,0,0,0,0,0.0,0.0,,0.0
Muricilândia,2020-04-14,0,0,0,0,0.0,0.0,,0.0
Muricilândia,2020-04-15,0,0,0,0,0.0,0.0,,0.0
Muricilândia,2020-04-16,0,0,0,0,0.0,0.0,,0.0
Muricilândia,2020-04-17,0,0,0,0,0.0,0.0,,0.0
Muricilândia,2020-04-18,0,0,0,0,0.0,0.0,,0.0
Muricilândia,2020-04-19,0,0,0,0,0.0,0.0,,0.0
Muricilândia,2020-04-20,0,0,0,0,0.0,0.0,,0.0
Muricilândia,2020-04-21,0,0,0,0,0.0,0.0,,0.0
Muricilândia,2020-04-22,0,0,0,0,0.0,0.0,,0.0
Muricilândia,2020-04-23,0,0,0,0,0.0,0.0,,0.0
Muricilândia,2020-04-24,0,0,0,0,0.0,0.0,,0.0
Muricilândia,2020-04-25,0,0,0,0,0.0,0.0,,0.0
Muricilândia,2020-04-26,0,0,0,0,0.0,0.0,,0.0
Muricilândia,2020-04-27,0,0,0,0,0.0,0.0,,0.0
Muricilândia,2020-04-28,0,0,0,0,0.0,0.0,,0.0
Muricilândia,2020-04-29,0,0,0,0,0.0,0.0,,0.0
Muricilândia,2020-04-30,0,0,0,0,0.0,0.0,,0.0
Muricilândia,2020-05-01,0,0,0,0,0.0,0.0,,0.0
Muricilândia,2020-05-02,0,0,0,0,0.0,0.0,,0.0
Muricilândia,2020-05-03,0,0,0,0,0.0,0.0,,0.0
Muricilândia,2020-05-04,0,0,0,0,0.0,0.0,,0.0
Muricilândia,2020-05-05,0,0,0,0,0.0,0.0,,0.0
Muricilândia,2020-05-06,0,0,0,0,0.0,0.0,,0.0
Muricilândia,2020-05-07,0,0,0,0,0.0,0.0,,0.0
Muricilândia,2020-05-08,0,0,0,0,0.0,0.0,,0.0
Muricilândia,2020-05-09,0,0,0,0,0.0,0.0,,0.0
Muricilândia,2020-05-10,0,0,0,0,0.0,0.0,,0.0
Muricilândia,2020-05-11,0,0,0,0,0.0,0.0,,0.0
Muricilândia,2020-05-12,0,0,0,0,0.0,0.0,,0.0
Muricilândia,2020-05-13,0,0,0,0,0.0,0.0,,0.0
Muricilândia,2020-05-14,0,0,0,0,0.0,0.0,,0.0
Muricilândia,2020-05-15,0,0,0,0,0.0,0.0,,0.0
Muricilândia,2020-05-16,0,0,0,0,0.0,0.0,,0.0
Muricilândia,2020-05-17,0,0,0,0,0.0,0.0,,0.0
Muricilândia,2020-05-18,0,0,0,0,0.0,0.0,,0.0
Muricilândia,2020-05-19,0,0,0,0,0.0,0.0,,0.0
Muricilândia,2020-05-20,0,0,0,0,0.0,0.0,,0.0
Muricilândia,2020-05-21,0,0,0,0,0.0,0.0,,0.0
Muricilândia,2020-05-22,0,0,0,0,0.0,0.0,,0.0
Muricilândia,2020-05-23,0,0,0,0,0.0,0.0,,0.0
Muricilândia,2020-05-24,0,0,0,0,0.0,0.0,,0.0
Muricilândia,2020-05-25,0,0,0,0,0.0,0.0,,0.0
Muricilândia,2020-05-26,0,0,0,0,0.0,0.0,,0.0
Muricilândia,2020-05-27,0,0,0,0,0.0,0.0,,0.0
Muricilândia,2020-05-28,0,0,0,0,0.0,0.0,,0.0
Muricilândia,2020-05-29,0,0,0,0,0.0,0.0,,0.0
Muricilândia,2020-05-30,0,0,0,0,0.0,0.0,,0.0
Muricilândia,2020-05-31,0,0,0,0,0.0,0.0,,0.0
Muricilândia,2020-06-01,0,0,0,0,0.0,0.0,,0.0
Muricilândia,2020-06-02,0,0,0,0,0.0,0.0,,0.0
Muricilândia,2020-06-03,0,0,0,0,0.0,0.0,,0.0
Muricilândia,2020-06-04,0,0,0,0,0.0,0.0,,0.0
Muricilândia,2020-06-05,2,2,0,0,0.14285714285714285,0.0,,0.3010299956639812
Muricilândia,2020-06-06,3,1,0,0,0.21428571428571427,0.0,,0.47712125471966244
Muricilândia,2020-06-07,3,0,0,0,0.21428571428571427,0.0,,0.47712125471966244
Muricilândia,2020-06-08,4,1,0,0,0.2857142857142857,0.0,,0.6020599913279624
Muricilândia,2020-06-09,4,0,0,0,0.2857142857142857,0.0,,0.6020599913279624
Muricilândia,2020-06-10,4,0,0,0,0.2857142857142857,0.0,,0.6020599913279624
Muricilândia,2020-06-11,4,0,0,0,0.2857142857142857,0.0,,0.6020599913279624
Muricilândia,2020-06-12,6,2,0,0,0.42857142857142855,0.0,,0.7781512503836436
Muricilândia,2020-06-13,6,0,0,0,0.42857142857142855,0.0,,0.7781512503836436
Muricilândia,2020-06-14,7,1,0,0,0.5,0.0,,0.8450980400142568
Muricilândia,2020-06-15,7,0,0,0,0.5,0.0,,0.8450980400142568
Muricilândia,2020-06-16,7,0,0,0,0.5,0.0,,0.8450980400142568
Muricilândia,2020-06-17,7,0,0,0,0.5,0.0,,0.8450980400142568
Muricilândia,2020-06-18,8,1,0,0,0.5714285714285714,0.0,,0.9030899869919435
Muricilândia,2020-06-19,8,0,0,0,0.42857142857142855,0.0,,0.9030899869919435
Muricilândia,2020-06-20,8,0,0,0,0.35714285714285715,0.0,,0.9030899869919435
Muricilândia,2020-06-21,8,0,0,0,0.35714285714285715,0.0,,0.9030899869919435
Muricilândia,2020-06-22,8,0,0,0,0.2857142857142857,0.0,,0.9030899869919435
Muricilândia,2020-06-23,9,1,0,0,0.35714285714285715,0.0,,0.9542425094393249
Muricilândia,2020-06-24,9,0,0,0,0.35714285714285715,0.0,,0.9542425094393249
Muricilândia,2020-06-25,10,1,0,0,0.42857142857142855,0.0,,1.0
Muricilândia,2020-06-26,10,0,0,0,0.2857142857142857,0.0,,1.0
Muricilândia,2020-06-27,12,2,0,0,0.42857142857142855,0.0,,1.0791812460476249
Muricilândia,2020-06-28,12,0,0,0,0.35714285714285715,0.0,,1.0791812460476249
Muricilândia,2020-06-29,12,0,0,0,0.35714285714285715,0.0,,1.0791812460476249
Muricilândia,2020-06-30,12,0,0,0,0.35714285714285715,0.0,,1.0791812460476249
Muricilândia,2020-07-01,12,0,0,0,0.35714285714285715,0.0,,1.0791812460476249
Muricilândia,2020-07-02,12,0,0,0,0.2857142857142857,0.0,,1.0791812460476249
Muricilândia,2020-07-03,12,0,0,0,0.2857142857142857,0.0,,1.0791812460476249
Muricilândia,2020-07-04,12,0,0,0,0.2857142857142857,0.0,,1.0791812460476249
Muricilândia,2020-07-05,12,0,0,0,0.2857142857142857,0.0,,1.0791812460476249
Muricilândia,2020-07-06,12,0,0,0,0.2857142857142857,0.0,,1.0791812460476249
Muricilândia,2020-07-07,12,0,0,0,0.21428571428571427,0.0,,1.0791812460476249
Muricilândia,2020-07-08,13,1,0,0,0.2857142857142857,0.0,,1.1139433523068367
Muricilândia,2020-07-09,15,2,0,0,0.35714285714285715,0.0,,1.1760912590556813
Muricilândia,2020-07-10,15,0,0,0,0.35714285714285715,0.0,,1.1760912590556813
Muricilândia,2020-07-11,15,0,0,0,0.21428571428571427,0.0,,1.1760912590556813
Muricilândia,2020-07-12,14,-1,0,0,0.14285714285714285,0.0,,1.146128035678238
Muricilândia,2020-07-13,16,2,0,0,0.2857142857142857,0.0,,1.2041199826559248
Muricilândia,2020-07-14,16,0,0,0,0.2857142857142857,0.0,,1.2041199826559248
Muricilândia,2020-07-15,17,1,0,0,0.35714285714285715,0.0,,1.2304489213782739
Muricilândia,2020-07-16,17,0,0,0,0.35714285714285715,0.0,,1.2304489213782739
Muricilândia,2020-07-17,17,0,0,0,0.35714285714285715,0.0,,1.2304489213782739
Muricilândia,2020-07-18,19,2,0,0,0.5,0.0,,1.2787536009528289
Muricilândia,2020-07-19,19,0,0,0,0.5,0.0,,1.2787536009528289
Muricilândia,2020-07-20,19,0,0,0,0.5,0.0,,1.2787536009528289
Muricilândia,2020-07-21,19,0,0,0,0.5,0.0,,1.2787536009528289
Muricilândia,2020-07-22,19,0,0,0,0.42857142857142855,0.0,,1.2787536009528289
Muricilândia,2020-07-23,19,0,0,0,0.2857142857142857,0.0,,1.2787536009528289
Muricilândia,2020-07-24,19,0,0,0,0.2857142857142857,0.0,,1.2787536009528289
Muricilândia,2020-07-25,20,1,0,0,0.35714285714285715,0.0,,1.3010299956639813
Muricilândia,2020-07-26,20,0,0,0,0.42857142857142855,0.0,,1.3010299956639813
Muricilândia,2020-07-27,20,0,0,0,0.2857142857142857,0.0,,1.3010299956639813
Muricilândia,2020-07-28,24,4,0,0,0.5714285714285714,0.0,,1.380211241711606
Muricilândia,2020-07-29,24,0,0,0,0.5,0.0,,1.380211241711606
Muricilândia,2020-07-30,24,0,0,0,0.5,0.0,,1.380211241711606
Muricilândia,2020-07-31,24,0,0,0,0.5,0.0,,1.380211241711606
Muricilândia,2020-08-01,25,1,0,0,0.42857142857142855,0.0,,1.3979400086720377
Muricilândia,2020-08-02,25,0,0,0,0.42857142857142855,0.0,,1.3979400086720377
Muricilândia,2020-08-03,25,0,0,0,0.42857142857142855,0.0,,1.3979400086720377
Muricilândia,2020-08-04,26,1,0,0,0.5,0.0,,1.414973347970818
Muricilândia,2020-08-05,27,1,0,0,0.5714285714285714,0.0,,1.4313637641589874
Muricilândia,2020-08-06,27,0,0,0,0.5714285714285714,0.0,,1.4313637641589874
Muricilândia,2020-08-07,30,3,0,0,0.7857142857142857,0.0,,1.4771212547196624
Muricilândia,2020-08-08,32,2,0,0,0.8571428571428571,0.0,,1.505149978319906
Muricilândia,2020-08-09,32,0,0,0,0.8571428571428571,0.0,,1.505149978319906
Muricilândia,2020-08-10,33,1,0,0,0.9285714285714286,0.0,,1.5185139398778875
Muricilândia,2020-08-11,33,0,0,0,0.6428571428571429,0.0,,1.5185139398778875
Muricilândia,2020-08-12,35,2,0,0,0.7857142857142857,0.0,,1.5440680443502757
Muricilândia,2020-08-13,34,-1,0,0,0.7142857142857143,0.0,,1.5314789170422551
Muricilândia,2020-08-14,39,5,0,0,1.0714285714285714,0.0,,1.591064607026499
Muricilândia,2020-08-15,39,0,0,0,1.0,0.0,,1.591064607026499
Muricilândia,2020-08-16,40,1,0,0,1.0714285714285714,0.0,,1.6020599913279625
Muricilândia,2020-08-17,40,0,0,0,1.0714285714285714,0.0,,1.6020599913279625
Muricilândia,2020-08-18,42,2,0,0,1.1428571428571428,0.0,,1.6232492903979006
Muricilândia,2020-08-19,43,1,0,0,1.1428571428571428,0.0,,1.6334684555795866
Muricilândia,2020-08-20,43,0,0,0,1.1428571428571428,0.0,,1.6334684555795866
Muricilândia,2020-08-21,44,1,0,0,1.0,0.0,,1.6434526764861874
Muricilândia,2020-08-22,52,8,0,0,1.4285714285714286,0.0,,1.7160033436347992
Muricilândia,2020-08-23,52,0,0,0,1.4285714285714286,0.0,,1.7160033436347992
Muricilândia,2020-08-24,52,0,0,0,1.3571428571428572,0.0,,1.7160033436347992
Muricilândia,2020-08-25,53,1,0,0,1.4285714285714286,0.0,,1.7242758696007892
Muricilândia,2020-08-26,57,4,0,0,1.5714285714285714,0.0,,1.7558748556724915
Muricilândia,2020-08-27,60,3,0,0,1.8571428571428572,0.0,,1.7781512503836436
Muricilândia,2020-08-28,61,1,0,0,1.5714285714285714,0.0,,1.7853298350107671
Muricilândia,2020-08-29,64,3,0,0,1.7857142857142858,0.0,,1.806179973983887
Muricilândia,2020-08-30,64,0,0,0,1.7142857142857142,0.0,,1.806179973983887
Muricilândia,2020-08-31,64,0,0,0,1.7142857142857142,0.0,,1.806179973983887
Muricilândia,2020-09-01,66,2,0,0,1.7142857142857142,0.0,,1.8195439355418688
Muricilândia,2020-09-02,67,1,0,0,1.7142857142857142,0.0,,1.8260748027008264
Muricilândia,2020-09-03,68,1,0,0,1.7857142857142858,0.0,,1.8325089127062364
Muricilândia,2020-09-04,70,2,0,0,1.8571428571428572,0.0,,1.845098040014257
Muricilândia,2020-09-05,70,0,0,0,1.2857142857142858,0.0,,1.845098040014257
Muricilândia,2020-09-06,70,0,0,0,1.2857142857142858,0.0,,1.845098040014257
Muricilândia,2020-09-07,70,0,0,0,1.2857142857142858,0.0,,1.845098040014257
Muricilândia,2020-09-08,70,0,0,0,1.2142857142857142,0.0,,1.845098040014257
Muricilândia,2020-09-09,70,0,0,0,0.9285714285714286,0.0,,1.845098040014257
Muricilândia,2020-09-10,71,1,0,0,0.7857142857142857,0.0,,1.8512583487190752
Muricilândia,2020-09-11,71,0,0,0,0.7142857142857143,0.0,,1.8512583487190752
Muricilândia,2020-09-12,71,0,0,0,0.5,0.0,,1.8512583487190752
Muricilândia,2020-09-13,71,0,0,0,0.5,0.0,,1.8512583487190752
Muricilândia,2020-09-14,71,0,0,0,0.5,0.0,,1.8512583487190752
Muricilândia,2020-09-15,73,2,0,0,0.5,0.0,,1.863322860120456
Muricilândia,2020-09-16,73,0,0,0,0.42857142857142855,0.0,,1.863322860120456
Muricilândia,2020-09-17,70,-3,0,0,0.14285714285714285,0.0,,1.845098040014257
Muricilândia,2020-09-18,70,0,0,0,0.0,0.0,,1.845098040014257
Muricilândia,2020-09-19,70,0,0,0,0.0,0.0,,1.845098040014257
Muricilândia,2020-09-20,70,0,0,0,0.0,0.0,,1.845098040014257
Muricilândia,2020-09-21,70,0,0,0,0.0,0.0,,1.845098040014257
Muricilândia,2020-09-22,70,0,0,0,0.0,0.0,,1.845098040014257
Muricilândia,2020-09-23,70,0,0,0,0.0,0.0,,1.845098040014257
Muricilândia,2020-09-24,72,2,0,0,0.07142857142857142,0.0,,1.8573324964312685
Muricilândia,2020-09-25,73,1,0,0,0.14285714285714285,0.0,,1.863322860120456
Muricilândia,2020-09-26,73,0,0,0,0.14285714285714285,0.0,,1.863322860120456
Muricilândia,2020-09-27,73,0,0,0,0.14285714285714285,0.0,,1.863322860120456
Muricilândia,2020-09-28,73,0,0,0,0.14285714285714285,0.0,,1.863322860120456
Muricilândia,2020-09-29,74,1,0,0,0.07142857142857142,0.0,,1.8692317197309762
Muricilândia,2020-09-30,74,0,0,0,0.07142857142857142,0.0,,1.8692317197309762
Muricilândia,2020-10-01,74,0,0,0,0.2857142857142857,0.0,,1.8692317197309762
Muricilândia,2020-10-02,74,0,0,0,0.2857142857142857,0.0,,1.8692317197309762
Muricilândia,2020-10-03,75,1,0,0,0.35714285714285715,0.0,,1.8750612633917
Muricilândia,2020-10-04,75,0,0,0,0.35714285714285715,0.0,,1.8750612633917
Muricilândia,2020-10-05,75,0,0,0,0.35714285714285715,0.0,,1.8750612633917
Muricilândia,2020-10-06,75,0,0,0,0.35714285714285715,0.0,,1.8750612633917
Muricilândia,2020-10-07,77,2,0,0,0.5,0.0,,1.8864907251724818
Muricilândia,2020-10-08,77,0,0,0,0.35714285714285715,0.0,,1.8864907251724818
Muricilândia,2020-10-09,77,0,0,0,0.2857142857142857,0.0,,1.8864907251724818
Muricilândia,2020-10-10,77,0,0,0,0.2857142857142857,0.0,,1.8864907251724818
Muricilândia,2020-10-11,77,0,0,0,0.2857142857142857,0.0,,1.8864907251724818
Muricilândia,2020-10-12,77,0,0,0,0.2857142857142857,0.0,,1.8864907251724818
Muricilândia,2020-10-13,77,0,0,0,0.21428571428571427,0.0,,1.8864907251724818
Muricilândia,2020-10-14,77,0,0,0,0.21428571428571427,0.0,,1.8864907251724818
Muricilândia,2020-10-15,78,1,0,0,0.2857142857142857,0.0,,1.8920946026904804
Muricilândia,2020-10-16,78,0,0,0,0.2857142857142857,0.0,,1.8920946026904804
Muricilândia,2020-10-17,77,-1,0,0,0.14285714285714285,0.0,,1.8864907251724818
Muricilândia,2020-10-18,77,0,0,0,0.14285714285714285,0.0,,1.8864907251724818
Muricilândia,2020-10-19,78,1,0,0,0.21428571428571427,0.0,,1.8920946026904804
Muricilândia,2020-10-20,78,0,0,0,0.21428571428571427,0.0,,1.8920946026904804
Muricilândia,2020-10-21,81,3,0,0,0.2857142857142857,0.0,,1.9084850188786497
Muricilândia,2020-10-22,82,1,0,0,0.35714285714285715,0.0,,1.9138138523837167
Muricilândia,2020-10-23,89,7,0,0,0.8571428571428571,0.0,,1.9493900066449128
Muricilândia,2020-10-24,89,0,0,0,0.8571428571428571,0.0,,1.9493900066449128
Muricilândia,2020-10-25,89,0,0,0,0.8571428571428571,0.0,,1.9493900066449128
Muricilândia,2020-10-26,89,0,0,0,0.8571428571428571,0.0,,1.9493900066449128
Muricilândia,2020-10-27,100,11,0,0,1.6428571428571428,0.0,,2.0
Muricilândia,2020-10-28,101,1,0,0,1.7142857142857142,0.0,,2.0043213737826426
Muricilândia,2020-10-29,101,0,0,0,1.6428571428571428,0.0,,2.0043213737826426
Muricilândia,2020-10-30,105,4,0,0,1.9285714285714286,0.0,,2.0211892990699383
Muricilândia,2020-10-31,105,0,0,0,2.0,0.0,,2.0211892990699383
Muricilândia,2020-11-01,105,0,0,0,2.0,0.0,,2.0211892990699383
Muricilândia,2020-11-02,105,0,0,0,1.9285714285714286,0.0,,2.0211892990699383
Muricilândia,2020-11-03,105,0,0,0,1.9285714285714286,0.0,,2.0211892990699383
Muricilândia,2020-11-04,112,7,0,0,2.2142857142857144,0.0,,2.0492180226701815
Muricilândia,2020-11-05,113,1,0,0,2.2142857142857144,0.0,,2.05307844348342
Muricilândia,2020-11-06,111,-2,0,0,1.5714285714285714,0.0,,2.0453229787866576
Muricilândia,2020-11-07,111,0,0,0,1.5714285714285714,0.0,,2.0453229787866576
Muricilândia,2020-11-08,111,0,0,0,1.5714285714285714,0.0,,2.0453229787866576
Muricilândia,2020-11-09,111,0,0,0,1.5714285714285714,0.0,,2.0453229787866576
Muricilândia,2020-11-10,112,1,0,0,0.8571428571428571,0.0,,2.0492180226701815
Muricilândia,2020-11-11,111,-1,0,0,0.7142857142857143,0.0,,2.0453229787866576
Muricilândia,2020-11-12,112,1,0,0,0.7857142857142857,0.0,,2.0492180226701815
Muricilândia,2020-11-13,112,0,0,0,0.5,0.0,,2.0492180226701815
Muricilândia,2020-11-14,112,0,0,0,0.5,0.0,,2.0492180226701815
Muricilândia,2020-11-15,112,0,0,0,0.5,0.0,,2.0492180226701815
Muricilândia,2020-11-16,112,0,0,0,0.5,0.0,,2.0492180226701815
Muricilândia,2020-11-17,113,1,0,0,0.5714285714285714,0.0,,2.05307844348342
Muricilândia,2020-11-18,113,0,0,0,0.07142857142857142,0.0,,2.05307844348342
Muricilândia,2020-11-19,113,0,0,0,0.0,0.0,,2.05307844348342
Muricilândia,2020-11-20,113,0,0,0,0.14285714285714285,0.0,,2.05307844348342
Muricilândia,2020-11-21,113,0,0,0,0.14285714285714285,0.0,,2.05307844348342
Muricilândia,2020-11-22,113,0,0,0,0.14285714285714285,0.0,,2.05307844348342
Muricilândia,2020-11-23,113,0,0,0,0.14285714285714285,0.0,,2.05307844348342
Muricilândia,2020-11-24,113,0,0,0,0.07142857142857142,0.0,,2.05307844348342
Muricilândia,2020-11-25,113,0,0,0,0.14285714285714285,0.0,,2.05307844348342
Muricilândia,2020-11-26,113,0,0,0,0.07142857142857142,0.0,,2.05307844348342
Muricilândia,2020-11-27,113,0,0,0,0.07142857142857142,0.0,,2.05307844348342
Muricilândia,2020-11-28,113,0,0,0,0.07142857142857142,0.0,,2.05307844348342
Muricilândia,2020-11-29,113,0,0,0,0.07142857142857142,0.0,,2.05307844348342
Muricilândia,2020-11-30,113,0,0,0,0.07142857142857142,0.0,,2.05307844348342
Muricilândia,2020-12-01,113,0,0,0,0.0,0.0,,2.05307844348342
Muricilândia,2020-12-02,114,1,0,0,0.07142857142857142,0.0,,2.0569048513364727
Muricilândia,2020-12-03,117,3,0,0,0.2857142857142857,0.0,,2.0681858617461617
Muricilândia,2020-12-04,120,3,0,0,0.5,0.0,,2.0791812460476247
Muricilândia,2020-12-05,120,0,0,0,0.5,0.0,,2.0791812460476247
Muricilândia,2020-12-06,120,0,0,0,0.5,0.0,,2.0791812460476247
Muricilândia,2020-12-07,120,0,0,0,0.5,0.0,,2.0791812460476247
Muricilândia,2020-12-08,122,2,0,0,0.6428571428571429,0.0,,2.0863598306747484
Muricilândia,2020-12-09,122,0,0,0,0.6428571428571429,0.0,,2.0863598306747484
Muricilândia,2020-12-10,122,0,0,0,0.6428571428571429,0.0,,2.0863598306747484
Muricilândia,2020-12-11,122,0,0,0,0.6428571428571429,0.0,,2.0863598306747484
Muricilândia,2020-12-12,122,0,0,0,0.6428571428571429,0.0,,2.0863598306747484
Muricilândia,2020-12-13,122,0,0,0,0.6428571428571429,0.0,,2.0863598306747484
Muricilândia,2020-12-14,123,1,0,0,0.7142857142857143,0.0,,2.089905111439398
Muricilândia,2020-12-15,123,0,0,0,0.7142857142857143,0.0,,2.089905111439398
Muricilândia,2020-12-16,123,0,0,0,0.6428571428571429,0.0,,2.089905111439398
Muricilândia,2020-12-17,123,0,0,0,0.42857142857142855,0.0,,2.089905111439398
Muricilândia,2020-12-18,123,0,0,0,0.21428571428571427,0.0,,2.089905111439398
Muricilândia,2020-12-19,125,2,0,0,0.35714285714285715,0.0,,2.0969100130080562
Muricilândia,2020-12-20,125,0,0,0,0.35714285714285715,0.0,,2.0969100130080562
Muricilândia,2020-12-21,125,0,0,0,0.35714285714285715,0.0,,2.0969100130080562
Muricilândia,2020-12-22,125,0,0,0,0.21428571428571427,0.0,,2.0969100130080562
Muricilândia,2020-12-23,125,0,0,0,0.21428571428571427,0.0,,2.0969100130080562
Muricilândia,2020-12-24,125,0,0,0,0.21428571428571427,0.0,,2.0969100130080562
Muricilândia,2020-12-25,125,0,0,0,0.21428571428571427,0.0,,2.0969100130080562
Muricilândia,2020-12-26,125,0,0,0,0.21428571428571427,0.0,,2.0969100130080562
Muricilândia,2020-12-27,125,0,0,0,0.21428571428571427,0.0,,2.0969100130080562
Muricilândia,2020-12-28,125,0,0,0,0.14285714285714285,0.0,,2.0969100130080562
Muricilândia,2020-12-29,134,9,0,0,0.7857142857142857,0.0,,2.1271047983648077
Muricilândia,2020-12-30,134,0,0,0,0.7857142857142857,0.0,,2.1271047983648077
Muricilândia,2020-12-31,134,0,0,0,0.7857142857142857,0.0,,2.1271047983648077
Muricilândia,2021-01-01,134,0,0,0,0.7857142857142857,0.0,,2.1271047983648077
Muricilândia,2021-01-02,134,0,0,0,0.6428571428571429,0.0,,2.1271047983648077
Muricilândia,2021-01-03,134,0,0,0,0.6428571428571429,0.0,,2.1271047983648077
Muricilândia,2021-01-04,134,0,0,0,0.6428571428571429,0.0,,2.1271047983648077
Muricilândia,2021-01-05,134,0,0,0,0.6428571428571429,0.0,,2.1271047983648077
Muricilândia,2021-01-06,141,7,0,0,1.1428571428571428,0.0,,2.1492191126553797
Muricilândia,2021-01-07,142,1,0,0,1.2142857142857142,0.0,,2.1522883443830563
Muricilândia,2021-01-08,142,0,0,0,1.2142857142857142,0.0,,2.1522883443830563
Muricilândia,2021-01-09,148,6,0,0,1.6428571428571428,0.0,,2.1702617153949575
Muricilândia,2021-01-10,148,0,0,0,1.6428571428571428,0.0,,2.1702617153949575
Muricilândia,2021-01-11,148,0,0,0,1.6428571428571428,0.0,,2.1702617153949575
Muricilândia,2021-01-12,148,0,0,0,1.0,0.0,,2.1702617153949575
Muricilândia,2021-01-13,150,2,0,0,1.1428571428571428,0.0,,2.1760912590556813
Muricilândia,2021-01-14,150,0,0,0,1.1428571428571428,0.0,,2.1760912590556813
Muricilândia,2021-01-15,156,6,0,0,1.5714285714285714,0.0,,2.1931245983544616
Muricilândia,2021-01-16,156,0,0,0,1.5714285714285714,0.0,,2.1931245983544616
Muricilândia,2021-01-17,156,0,0,0,1.5714285714285714,0.0,,2.1931245983544616
Muricilândia,2021-01-18,156,0,0,0,1.5714285714285714,0.0,,2.1931245983544616
Muricilândia,2021-01-19,158,2,0,0,1.7142857142857142,0.0,,2.1986570869544226
Muricilândia,2021-01-20,160,2,0,0,1.3571428571428572,0.0,,2.204119982655925
Miranorte,2020-03-27,0,0,0,0,,,,0.0
Miranorte,2020-03-28,0,0,0,0,,,,0.0
Miranorte,2020-03-29,0,0,0,0,,,,0.0
Miranorte,2020-03-30,0,0,0,0,,,,0.0
Miranorte,2020-03-31,0,0,0,0,,,,0.0
Miranorte,2020-04-01,0,0,0,0,,,,0.0
Miranorte,2020-04-02,0,0,0,0,,,,0.0
Miranorte,2020-04-03,0,0,0,0,,,,0.0
Miranorte,2020-04-04,0,0,0,0,,,,0.0
Miranorte,2020-04-05,0,0,0,0,,,,0.0
Miranorte,2020-04-06,0,0,0,0,,,,0.0
Miranorte,2020-04-07,0,0,0,0,,,,0.0
Miranorte,2020-04-08,0,0,0,0,,,,0.0
Miranorte,2020-04-09,0,0,0,0,0.0,0.0,,0.0
Miranorte,2020-04-10,0,0,0,0,0.0,0.0,,0.0
Miranorte,2020-04-11,0,0,0,0,0.0,0.0,,0.0
Miranorte,2020-04-12,0,0,0,0,0.0,0.0,,0.0
Miranorte,2020-04-13,0,0,0,0,0.0,0.0,,0.0
Miranorte,2020-04-14,0,0,0,0,0.0,0.0,,0.0
Miranorte,2020-04-15,0,0,0,0,0.0,0.0,,0.0
Miranorte,2020-04-16,0,0,0,0,0.0,0.0,,0.0
Miranorte,2020-04-17,0,0,0,0,0.0,0.0,,0.0
Miranorte,2020-04-18,0,0,0,0,0.0,0.0,,0.0
Miranorte,2020-04-19,0,0,0,0,0.0,0.0,,0.0
Miranorte,2020-04-20,0,0,0,0,0.0,0.0,,0.0
Miranorte,2020-04-21,0,0,0,0,0.0,0.0,,0.0
Miranorte,2020-04-22,0,0,0,0,0.0,0.0,,0.0
Miranorte,2020-04-23,0,0,0,0,0.0,0.0,,0.0
Miranorte,2020-04-24,0,0,0,0,0.0,0.0,,0.0
Miranorte,2020-04-25,0,0,0,0,0.0,0.0,,0.0
Miranorte,2020-04-26,0,0,0,0,0.0,0.0,,0.0
Miranorte,2020-04-27,0,0,0,0,0.0,0.0,,0.0
Miranorte,2020-04-28,0,0,0,0,0.0,0.0,,0.0
Miranorte,2020-04-29,0,0,0,0,0.0,0.0,,0.0
Miranorte,2020-04-30,0,0,0,0,0.0,0.0,,0.0
Miranorte,2020-05-01,0,0,0,0,0.0,0.0,,0.0
Miranorte,2020-05-02,0,0,0,0,0.0,0.0,,0.0
Miranorte,2020-05-03,0,0,0,0,0.0,0.0,,0.0
Miranorte,2020-05-04,3,3,0,0,0.21428571428571427,0.0,,0.47712125471966244
Miranorte,2020-05-05,3,0,0,0,0.21428571428571427,0.0,,0.47712125471966244
Miranorte,2020-05-06,3,0,1,1,0.21428571428571427,0.07142857142857142,inf,0.47712125471966244
Miranorte,2020-05-07,4,1,1,0,0.2857142857142857,0.07142857142857142,inf,0.6020599913279624
Miranorte,2020-05-08,4,0,1,0,0.2857142857142857,0.07142857142857142,inf,0.6020599913279624
Miranorte,2020-05-09,4,0,1,0,0.2857142857142857,0.07142857142857142,inf,0.6020599913279624
Miranorte,2020-05-10,4,0,1,0,0.2857142857142857,0.07142857142857142,inf,0.6020599913279624
Miranorte,2020-05-11,4,0,1,0,0.2857142857142857,0.07142857142857142,inf,0.6020599913279624
Miranorte,2020-05-12,4,0,1,0,0.2857142857142857,0.07142857142857142,inf,0.6020599913279624
Miranorte,2020-05-13,5,1,1,0,0.35714285714285715,0.07142857142857142,inf,0.6989700043360189
Miranorte,2020-05-14,5,0,1,0,0.35714285714285715,0.07142857142857142,inf,0.6989700043360189
Miranorte,2020-05-15,6,1,1,0,0.42857142857142855,0.07142857142857142,inf,0.7781512503836436
Miranorte,2020-05-16,6,0,1,0,0.42857142857142855,0.07142857142857142,inf,0.7781512503836436
Miranorte,2020-05-17,8,2,1,0,0.5714285714285714,0.07142857142857142,inf,0.9030899869919435
Miranorte,2020-05-18,8,0,1,0,0.35714285714285715,0.07142857142857142,inf,0.9030899869919435
Miranorte,2020-05-19,9,1,1,0,0.42857142857142855,0.07142857142857142,inf,0.9542425094393249
Miranorte,2020-05-20,9,0,1,0,0.42857142857142855,0.0,-1.0,0.9542425094393249
Miranorte,2020-05-21,12,3,1,0,0.5714285714285714,0.0,-1.0,1.0791812460476249
Miranorte,2020-05-22,12,0,1,0,0.5714285714285714,0.0,-1.0,1.0791812460476249
Miranorte,2020-05-23,12,0,2,1,0.5714285714285714,0.07142857142857142,0.0,1.0791812460476249
Miranorte,2020-05-24,12,0,2,0,0.5714285714285714,0.07142857142857142,0.0,1.0791812460476249
Miranorte,2020-05-25,12,0,2,0,0.5714285714285714,0.07142857142857142,0.0,1.0791812460476249
Miranorte,2020-05-26,14,2,2,0,0.7142857142857143,0.07142857142857142,0.0,1.146128035678238
Miranorte,2020-05-27,14,0,2,0,0.6428571428571429,0.07142857142857142,0.0,1.146128035678238
Miranorte,2020-05-28,16,2,2,0,0.7857142857142857,0.07142857142857142,0.0,1.2041199826559248
Miranorte,2020-05-29,16,0,2,0,0.7142857142857143,0.07142857142857142,0.0,1.2041199826559248
Miranorte,2020-05-30,16,0,2,0,0.7142857142857143,0.07142857142857142,0.0,1.2041199826559248
Miranorte,2020-05-31,16,0,2,0,0.5714285714285714,0.07142857142857142,0.0,1.2041199826559248
Miranorte,2020-06-01,16,0,2,0,0.5714285714285714,0.07142857142857142,0.0,1.2041199826559248
Miranorte,2020-06-02,16,0,2,0,0.5,0.07142857142857142,0.0,1.2041199826559248
Miranorte,2020-06-03,17,1,2,0,0.5714285714285714,0.07142857142857142,inf,1.2304489213782739
Miranorte,2020-06-04,17,0,2,0,0.35714285714285715,0.07142857142857142,inf,1.2304489213782739
Miranorte,2020-06-05,17,0,2,0,0.35714285714285715,0.07142857142857142,inf,1.2304489213782739
Miranorte,2020-06-06,17,0,2,0,0.35714285714285715,0.0,-1.0,1.2304489213782739
Miranorte,2020-06-07,17,0,2,0,0.35714285714285715,0.0,-1.0,1.2304489213782739
Miranorte,2020-06-08,17,0,2,0,0.35714285714285715,0.0,-1.0,1.2304489213782739
Miranorte,2020-06-09,17,0,2,0,0.21428571428571427,0.0,-1.0,1.2304489213782739
Miranorte,2020-06-10,17,0,2,0,0.21428571428571427,0.0,-1.0,1.2304489213782739
Miranorte,2020-06-11,17,0,2,0,0.07142857142857142,0.0,-1.0,1.2304489213782739
Miranorte,2020-06-12,17,0,2,0,0.07142857142857142,0.0,-1.0,1.2304489213782739
Miranorte,2020-06-13,17,0,2,0,0.07142857142857142,0.0,-1.0,1.2304489213782739
Miranorte,2020-06-14,17,0,2,0,0.07142857142857142,0.0,-1.0,1.2304489213782739
Miranorte,2020-06-15,17,0,2,0,0.07142857142857142,0.0,-1.0,1.2304489213782739
Miranorte,2020-06-16,17,0,2,0,0.07142857142857142,0.0,-1.0,1.2304489213782739
Miranorte,2020-06-17,17,0,2,0,0.0,0.0,-1.0,1.2304489213782739
Miranorte,2020-06-18,17,0,2,0,0.0,0.0,-1.0,1.2304489213782739
Miranorte,2020-06-19,17,0,2,0,0.0,0.0,-1.0,1.2304489213782739
Miranorte,2020-06-20,17,0,2,0,0.0,0.0,,1.2304489213782739
Miranorte,2020-06-21,17,0,2,0,0.0,0.0,,1.2304489213782739
Miranorte,2020-06-22,18,1,2,0,0.07142857142857142,0.0,,1.255272505103306
Miranorte,2020-06-23,17,-1,2,0,0.0,0.0,,1.2304489213782739
Miranorte,2020-06-24,17,0,0,-2,0.0,-0.14285714285714285,-inf,1.2304489213782739
Miranorte,2020-06-25,17,0,2,2,0.0,0.0,,1.2304489213782739
Miranorte,2020-06-26,17,0,2,0,0.0,0.0,,1.2304489213782739
Miranorte,2020-06-27,18,1,2,0,0.07142857142857142,0.0,,1.255272505103306
Miranorte,2020-06-28,19,1,2,0,0.14285714285714285,0.0,,1.2787536009528289
Miranorte,2020-06-29,19,0,2,0,0.14285714285714285,0.0,,1.2787536009528289
Miranorte,2020-06-30,19,0,2,0,0.14285714285714285,0.0,,1.2787536009528289
Miranorte,2020-07-01,21,2,2,0,0.2857142857142857,0.0,,1.3222192947339193
Miranorte,2020-07-02,22,1,2,0,0.35714285714285715,0.0,,1.3424226808222062
Miranorte,2020-07-03,23,1,2,0,0.42857142857142855,0.0,,1.3617278360175928
Miranorte,2020-07-04,23,0,2,0,0.42857142857142855,0.0,,1.3617278360175928
Miranorte,2020-07-05,23,0,2,0,0.42857142857142855,0.0,,1.3617278360175928
Miranorte,2020-07-06,23,0,2,0,0.35714285714285715,0.0,,1.3617278360175928
Miranorte,2020-07-07,23,0,2,0,0.42857142857142855,0.0,,1.3617278360175928
Miranorte,2020-07-08,23,0,2,0,0.42857142857142855,0.14285714285714285,-2.0,1.3617278360175928
Miranorte,2020-07-09,24,1,2,0,0.5,0.0,,1.380211241711606
Miranorte,2020-07-10,27,3,2,0,0.7142857142857143,0.0,,1.4313637641589874
Miranorte,2020-07-11,28,1,2,0,0.7142857142857143,0.0,,1.4471580313422192
Miranorte,2020-07-12,29,1,2,0,0.7142857142857143,0.0,,1.462397997898956
Miranorte,2020-07-13,31,2,2,0,0.8571428571428571,0.0,,1.4913616938342726
Miranorte,2020-07-14,33,2,2,0,1.0,0.0,,1.5185139398778875
Miranorte,2020-07-15,32,-1,3,1,0.7857142857142857,0.07142857142857142,inf,1.505149978319906
Miranorte,2020-07-16,32,0,3,0,0.7142857142857143,0.07142857142857142,inf,1.505149978319906
Miranorte,2020-07-17,32,0,3,0,0.6428571428571429,0.07142857142857142,inf,1.505149978319906
Miranorte,2020-07-18,32,0,3,0,0.6428571428571429,0.07142857142857142,inf,1.505149978319906
Miranorte,2020-07-19,33,1,3,0,0.7142857142857143,0.07142857142857142,inf,1.5185139398778875
Miranorte,2020-07-20,33,0,3,0,0.7142857142857143,0.07142857142857142,inf,1.5185139398778875
Miranorte,2020-07-21,35,2,3,0,0.8571428571428571,0.07142857142857142,inf,1.5440680443502757
Miranorte,2020-07-22,40,5,3,0,1.2142857142857142,0.07142857142857142,-0.5,1.6020599913279625
Miranorte,2020-07-23,42,2,3,0,1.2857142857142858,0.07142857142857142,inf,1.6232492903979006
Miranorte,2020-07-24,44,2,3,0,1.2142857142857142,0.07142857142857142,inf,1.6434526764861874
Miranorte,2020-07-25,45,1,3,0,1.2142857142857142,0.07142857142857142,inf,1.6532125137753437
Miranorte,2020-07-26,46,1,3,0,1.2142857142857142,0.07142857142857142,inf,1.662757831681574
Miranorte,2020-07-27,50,4,3,0,1.3571428571428572,0.07142857142857142,inf,1.6989700043360187
Miranorte,2020-07-28,50,0,3,0,1.2142857142857142,0.07142857142857142,inf,1.6989700043360187
Miranorte,2020-07-29,53,3,3,0,1.5,0.0,-1.0,1.7242758696007892
Miranorte,2020-07-30,56,3,3,0,1.7142857142857142,0.0,-1.0,1.7481880270062005
Miranorte,2020-07-31,61,5,3,0,2.0714285714285716,0.0,-1.0,1.7853298350107671
Miranorte,2020-08-01,63,2,3,0,2.2142857142857144,0.0,-1.0,1.7993405494535817
Miranorte,2020-08-02,67,4,3,0,2.4285714285714284,0.0,-1.0,1.8260748027008264
Miranorte,2020-08-03,72,5,3,0,2.7857142857142856,0.0,-1.0,1.8573324964312685
Miranorte,2020-08-04,85,13,3,0,3.5714285714285716,0.0,-1.0,1.9294189257142929
Miranorte,2020-08-05,89,4,3,0,3.5,0.0,-1.0,1.9493900066449128
Miranorte,2020-08-06,91,2,3,0,3.5,0.0,-1.0,1.9590413923210936
Miranorte,2020-08-07,129,38,3,0,6.071428571428571,0.0,-1.0,2.110589710299249
Miranorte,2020-08-08,130,1,3,0,6.071428571428571,0.0,-1.0,2.113943352306837
Miranorte,2020-08-09,135,5,3,0,6.357142857142857,0.0,-1.0,2.130333768495006
Miranorte,2020-08-10,135,0,3,0,6.071428571428571,0.0,-1.0,2.130333768495006
Miranorte,2020-08-11,135,0,3,0,6.071428571428571,0.0,-1.0,2.130333768495006
Miranorte,2020-08-12,141,6,3,0,6.285714285714286,0.0,,2.1492191126553797
Miranorte,2020-08-13,146,5,3,0,6.428571428571429,0.0,,2.164352855784437
Miranorte,2020-08-14,149,3,3,0,6.285714285714286,0.0,,2.173186268412274
Miranorte,2020-08-15,157,8,3,0,6.714285714285714,0.0,,2.1958996524092336
Miranorte,2020-08-16,168,11,3,0,7.214285714285714,0.0,,2.225309281725863
Miranorte,2020-08-17,175,7,3,0,7.357142857142857,0.0,,2.2430380486862944
Miranorte,2020-08-18,183,8,3,0,7.0,0.0,,2.2624510897304293
Miranorte,2020-08-19,194,11,3,0,7.5,0.0,,2.287801729930226
Miranorte,2020-08-20,210,16,3,0,8.5,0.0,,2.322219294733919
Miranorte,2020-08-21,216,6,3,0,6.214285714285714,0.0,,2.3344537511509307
Miranorte,2020-08-22,219,3,3,0,6.357142857142857,0.0,,2.3404441148401185
Miranorte,2020-08-23,225,6,3,0,6.428571428571429,0.0,,2.3521825181113627
Miranorte,2020-08-24,225,0,3,0,6.428571428571429,0.0,,2.3521825181113627
Miranorte,2020-08-25,227,2,3,0,6.571428571428571,0.0,,2.3560258571931225
Miranorte,2020-08-26,239,12,3,0,7.0,0.0,,2.3783979009481375
Miranorte,2020-08-27,246,7,3,0,7.142857142857143,0.0,,2.3909351071033793
Miranorte,2020-08-28,258,12,3,0,7.785714285714286,0.0,,2.41161970596323
Miranorte,2020-08-29,264,6,3,0,7.642857142857143,0.0,,2.4216039268698313
Miranorte,2020-08-30,269,5,3,0,7.214285714285714,0.0,,2.429752280002408
Miranorte,2020-08-31,273,4,3,0,7.0,0.0,,2.436162647040756
Miranorte,2020-09-01,273,0,3,0,6.428571428571429,0.0,,2.436162647040756
Miranorte,2020-09-02,274,1,3,0,5.714285714285714,0.0,,2.437750562820388
Miranorte,2020-09-03,275,1,3,0,4.642857142857143,0.0,,2.439332693830263
Miranorte,2020-09-04,277,2,3,0,4.357142857142857,0.0,,2.4424797690644486
Miranorte,2020-09-05,284,7,3,0,4.642857142857143,0.0,,2.4533183400470375
Miranorte,2020-09-06,353,69,3,0,9.142857142857142,0.0,,2.5477747053878224
Miranorte,2020-09-07,364,11,3,0,9.928571428571429,0.0,,2.561101383649056
Miranorte,2020-09-08,368,4,4,1,10.071428571428571,0.07142857142857142,inf,2.5658478186735176
Miranorte,2020-09-09,371,3,5,1,9.428571428571429,0.14285714285714285,inf,2.569373909615046
Miranorte,2020-09-10,371,0,5,0,8.928571428571429,0.14285714285714285,inf,2.569373909615046
Miranorte,2020-09-11,424,53,5,0,11.857142857142858,0.14285714285714285,inf,2.6273658565927325
Miranorte,2020-09-12,444,20,6,1,12.857142857142858,0.21428571428571427,inf,2.6473829701146196
Miranorte,2020-09-13,467,23,6,0,14.142857142857142,0.21428571428571427,inf,2.6693168805661123
Miranorte,2020-09-14,467,0,6,0,13.857142857142858,0.21428571428571427,inf,2.6693168805661123
Miranorte,2020-09-15,487,20,7,1,15.285714285714286,0.2857142857142857,inf,2.6875289612146345
Miranorte,2020-09-16,489,2,7,0,15.357142857142858,0.2857142857142857,inf,2.6893088591236203
Miranorte,2020-09-17,511,22,8,1,16.857142857142858,0.35714285714285715,inf,2.708420900134713
Miranorte,2020-09-18,527,16,8,0,17.857142857142858,0.35714285714285715,inf,2.7218106152125467
Miranorte,2020-09-19,527,0,9,1,17.357142857142858,0.42857142857142855,inf,2.7218106152125467
Miranorte,2020-09-20,535,8,9,0,13.0,0.42857142857142855,inf,2.7283537820212285
Miranorte,2020-09-21,535,0,10,1,12.214285714285714,0.5,inf,2.7283537820212285
Miranorte,2020-09-22,568,33,10,0,14.285714285714286,0.42857142857142855,5.0,2.754348335711019
Miranorte,2020-09-23,568,0,10,0,14.071428571428571,0.35714285714285715,1.5000000000000002,2.754348335711019
Miranorte,2020-09-24,577,9,10,0,14.714285714285714,0.35714285714285715,1.5000000000000002,2.7611758131557314
Miranorte,2020-09-25,578,1,9,-1,11.0,0.2857142857142857,1.0,2.761927838420529
Miranorte,2020-09-26,578,0,9,0,9.571428571428571,0.21428571428571427,0.0,2.761927838420529
Miranorte,2020-09-27,578,0,9,0,7.928571428571429,0.21428571428571427,0.0,2.761927838420529
Miranorte,2020-09-28,584,6,10,1,8.357142857142858,0.2857142857142857,0.3333333333333333,2.7664128471123997
Miranorte,2020-09-29,584,0,10,0,6.928571428571429,0.21428571428571427,-0.25,2.7664128471123997
Miranorte,2020-09-30,597,13,10,0,7.714285714285714,0.21428571428571427,-0.25,2.775974331129369
Miranorte,2020-10-01,598,1,11,1,6.214285714285714,0.21428571428571427,-0.4,2.776701183988411
Miranorte,2020-10-02,612,14,11,0,6.071428571428571,0.21428571428571427,-0.4,2.7867514221455614
Miranorte,2020-10-03,620,8,11,0,6.642857142857143,0.14285714285714285,-0.6666666666666666,2.792391689498254
Miranorte,2020-10-04,620,0,11,0,6.071428571428571,0.14285714285714285,-0.6666666666666666,2.792391689498254
Miranorte,2020-10-05,620,0,11,0,6.071428571428571,0.07142857142857142,-0.8571428571428572,2.792391689498254
Miranorte,2020-10-06,622,2,12,1,3.857142857142857,0.14285714285714285,-0.6666666666666666,2.7937903846908188
Miranorte,2020-10-07,629,7,12,0,4.357142857142857,0.14285714285714285,-0.6,2.798650645445269
Miranorte,2020-10-08,644,15,13,1,4.785714285714286,0.21428571428571427,-0.4,2.808885867359812
Miranorte,2020-10-09,652,8,13,0,5.285714285714286,0.2857142857142857,0.0,2.81424759573192
Miranorte,2020-10-10,653,1,13,0,5.357142857142857,0.2857142857142857,0.3333333333333333,2.814913181275074
Miranorte,2020-10-11,653,0,13,0,5.357142857142857,0.2857142857142857,0.3333333333333333,2.814913181275074
Miranorte,2020-10-12,655,2,13,0,5.071428571428571,0.21428571428571427,-0.25,2.816241299991783
Miranorte,2020-10-13,655,0,14,1,5.071428571428571,0.2857142857142857,0.3333333333333333,2.816241299991783
Miranorte,2020-10-14,655,0,14,0,4.142857142857143,0.2857142857142857,0.3333333333333333,2.816241299991783
Miranorte,2020-10-15,656,1,14,0,4.142857142857143,0.21428571428571427,0.0,2.8169038393756605
Miranorte,2020-10-16,661,5,14,0,3.5,0.21428571428571427,0.0,2.82020145948564
Miranorte,2020-10-17,661,0,14,0,2.9285714285714284,0.21428571428571427,0.5,2.82020145948564
Miranorte,2020-10-18,661,0,14,0,2.9285714285714284,0.21428571428571427,0.5,2.82020145948564
Miranorte,2020-10-19,661,0,14,0,2.9285714285714284,0.21428571428571427,2.0,2.82020145948564
Miranorte,2020-10-20,693,32,15,1,5.071428571428571,0.21428571428571427,0.5,2.8407332346118066
Miranorte,2020-10-21,693,0,15,0,4.571428571428571,0.21428571428571427,0.5,2.8407332346118066
Miranorte,2020-10-22,693,0,15,0,3.5,0.14285714285714285,-0.3333333333333333,2.8407332346118066
Miranorte,2020-10-23,665,-28,15,0,0.9285714285714286,0.14285714285714285,-0.5,2.8228216453031045
Miranorte,2020-10-24,669,4,15,0,1.1428571428571428,0.14285714285714285,-0.5,2.8254261177678233
Miranorte,2020-10-25,669,0,15,0,1.1428571428571428,0.14285714285714285,-0.5,2.8254261177678233
Miranorte,2020-10-26,669,0,15,0,1.0,0.14285714285714285,-0.3333333333333333,2.8254261177678233
Miranorte,2020-10-27,671,2,15,0,1.1428571428571428,0.07142857142857142,-0.75,2.826722520168992
Miranorte,2020-10-28,674,3,15,0,1.3571428571428572,0.07142857142857142,-0.75,2.82865989653532
Miranorte,2020-10-29,675,1,15,0,1.3571428571428572,0.07142857142857142,-0.6666666666666666,2.829303772831025
Miranorte,2020-10-30,675,0,15,0,1.0,0.07142857142857142,-0.6666666666666666,2.829303772831025
Miranorte,2020-10-31,675,0,15,0,1.0,0.07142857142857142,-0.6666666666666666,2.829303772831025
Miranorte,2020-11-01,675,0,15,0,1.0,0.07142857142857142,-0.6666666666666666,2.829303772831025
Miranorte,2020-11-02,675,0,15,0,1.0,0.07142857142857142,-0.6666666666666666,2.829303772831025
Miranorte,2020-11-03,675,0,15,0,-1.2857142857142858,0.0,-1.0,2.829303772831025
Miranorte,2020-11-04,678,3,15,0,-1.0714285714285714,0.0,-1.0,2.8312296938670634
Miranorte,2020-11-05,681,3,15,0,-0.8571428571428571,0.0,-1.0,2.833147111912785
Miranorte,2020-11-06,684,3,15,0,1.3571428571428572,0.0,-1.0,2.835056101720116
Miranorte,2020-11-07,687,3,15,0,1.2857142857142858,0.0,-1.0,2.8369567370595505
Miranorte,2020-11-08,688,1,15,0,1.3571428571428572,0.0,-1.0,2.837588438235511
Miranorte,2020-11-09,688,0,15,0,1.3571428571428572,0.0,-1.0,2.837588438235511
Miranorte,2020-11-10,689,1,15,0,1.2857142857142858,0.0,-1.0,2.8382192219076257
Miranorte,2020-11-11,689,0,15,0,1.0714285714285714,0.0,-1.0,2.8382192219076257
Miranorte,2020-11-12,689,0,15,0,1.0,0.0,-1.0,2.8382192219076257
Miranorte,2020-11-13,689,0,15,0,1.0,0.0,-1.0,2.8382192219076257
Miranorte,2020-11-14,689,0,15,0,1.0,0.0,-1.0,2.8382192219076257
Miranorte,2020-11-15,689,0,15,0,1.0,0.0,-1.0,2.8382192219076257
Miranorte,2020-11-16,689,0,15,0,1.0,0.0,-1.0,2.8382192219076257
Miranorte,2020-11-17,690,1,16,1,1.0714285714285714,0.07142857142857142,inf,2.838849090737255
Miranorte,2020-11-18,692,2,16,0,1.0,0.07142857142857142,inf,2.840106094456758
Miranorte,2020-11-19,694,2,16,0,0.9285714285714286,0.07142857142857142,inf,2.841359470454855
Miranorte,2020-11-20,695,1,16,0,0.7857142857142857,0.07142857142857142,inf,2.8419848045901137
Miranorte,2020-11-21,696,1,16,0,0.6428571428571429,0.07142857142857142,inf,2.842609239610562
Miranorte,2020-11-22,696,0,16,0,0.5714285714285714,0.07142857142857142,inf,2.842609239610562
Miranorte,2020-11-23,697,1,16,0,0.6428571428571429,0.07142857142857142,inf,2.8432327780980096
Miranorte,2020-11-24,697,0,16,0,0.5714285714285714,0.07142857142857142,inf,2.8432327780980096
Miranorte,2020-11-25,697,0,16,0,0.5714285714285714,0.07142857142857142,inf,2.8432327780980096
Miranorte,2020-11-26,698,1,16,0,0.6428571428571429,0.07142857142857142,inf,2.843855422623161
Miranorte,2020-11-27,698,0,16,0,0.6428571428571429,0.07142857142857142,inf,2.843855422623161
Miranorte,2020-11-28,700,2,16,0,0.7857142857142857,0.07142857142857142,inf,2.845098040014257
Miranorte,2020-11-29,702,2,16,0,0.9285714285714286,0.07142857142857142,inf,2.846337112129805
Miranorte,2020-11-30,702,0,16,0,0.9285714285714286,0.07142857142857142,inf,2.846337112129805
Miranorte,2020-12-01,704,2,16,0,1.0,0.0,-1.0,2.847572659142112
Miranorte,2020-12-02,705,1,16,0,0.9285714285714286,0.0,-1.0,2.848189116991399
Miranorte,2020-12-03,707,2,16,0,0.9285714285714286,0.0,-1.0,2.8494194137968996
Miranorte,2020-12-04,709,2,16,0,1.0,0.0,-1.0,2.8506462351830666
Miranorte,2020-12-05,712,3,16,0,1.1428571428571428,0.0,-1.0,2.8524799936368566
Miranorte,2020-12-06,713,1,16,0,1.2142857142857142,0.0,-1.0,2.8530895298518657
Miranorte,2020-12-07,716,3,16,0,1.3571428571428572,0.0,-1.0,2.8549130223078554
Miranorte,2020-12-08,716,0,16,0,1.3571428571428572,0.0,-1.0,2.8549130223078554
Miranorte,2020-12-09,722,6,16,0,1.7857142857142858,0.0,-1.0,2.858537197569639
Miranorte,2020-12-10,727,5,16,0,2.0714285714285716,0.0,-1.0,2.8615344108590377
Miranorte,2020-12-11,737,10,16,0,2.7857142857142856,0.0,-1.0,2.8674674878590514
Miranorte,2020-12-12,749,12,16,0,3.5,0.0,-1.0,2.8744818176994666
Miranorte,2020-12-13,749,0,16,0,3.357142857142857,0.0,-1.0,2.8744818176994666
Miranorte,2020-12-14,754,5,16,0,3.7142857142857144,0.0,-1.0,2.877371345869774
Miranorte,2020-12-15,762,8,16,0,4.142857142857143,0.0,,2.8819549713396007
Miranorte,2020-12-16,765,3,16,0,4.285714285714286,0.0,,2.8836614351536176
Miranorte,2020-12-17,772,7,16,0,4.642857142857143,0.0,,2.887617300335736
Miranorte,2020-12-18,776,4,16,0,4.785714285714286,0.0,,2.8898617212581885
Miranorte,2020-12-19,780,4,16,0,4.857142857142857,0.0,,2.8920946026904804
Miranorte,2020-12-20,781,1,16,0,4.857142857142857,0.0,,2.8926510338773004
Miranorte,2020-12-21,786,5,16,0,5.0,0.0,,2.895422546039408
Miranorte,2020-12-22,786,0,16,0,5.0,0.0,,2.895422546039408
Miranorte,2020-12-23,790,4,16,0,4.857142857142857,0.0,,2.8976270912904414
Miranorte,2020-12-24,794,4,16,0,4.785714285714286,0.0,,2.8998205024270964
Miranorte,2020-12-25,797,3,16,0,4.285714285714286,0.0,,2.9014583213961123
Miranorte,2020-12-26,797,0,16,0,3.4285714285714284,0.0,,2.9014583213961123
Miranorte,2020-12-27,799,2,16,0,3.5714285714285716,0.0,,2.902546779313991
Miranorte,2020-12-28,799,0,16,0,3.2142857142857144,0.0,,2.902546779313991
Miranorte,2020-12-29,800,1,16,0,2.7142857142857144,0.0,,2.9030899869919438
Miranorte,2020-12-30,806,6,16,0,2.9285714285714284,0.0,,2.906335041805091
Miranorte,2020-12-31,813,7,16,0,2.9285714285714284,0.0,,2.910090545594068
Miranorte,2021-01-01,819,6,16,0,3.0714285714285716,0.0,,2.9132839017604186
Miranorte,2021-01-02,819,0,16,0,2.7857142857142856,0.0,,2.9132839017604186
Miranorte,2021-01-03,822,3,16,0,2.9285714285714284,0.0,,2.9148718175400505
Miranorte,2021-01-04,822,0,16,0,2.5714285714285716,0.0,,2.9148718175400505
Miranorte,2021-01-05,825,3,16,0,2.7857142857142856,0.0,,2.916453948549925
Miranorte,2021-01-06,835,10,17,1,3.2142857142857144,0.07142857142857142,inf,2.921686475483602
Miranorte,2021-01-07,843,8,17,0,3.5,0.07142857142857142,inf,2.9258275746247424
Miranorte,2021-01-08,844,1,17,0,3.357142857142857,0.07142857142857142,inf,2.926342446625655
Miranorte,2021-01-09,858,14,17,0,4.357142857142857,0.07142857142857142,inf,2.9334872878487053
Miranorte,2021-01-10,865,7,17,0,4.714285714285714,0.07142857142857142,inf,2.9370161074648142
Miranorte,2021-01-11,867,2,17,0,4.857142857142857,0.07142857142857142,inf,2.9380190974762104
Miranorte,2021-01-12,873,6,17,0,5.214285714285714,0.07142857142857142,inf,2.9410142437055695
Miranorte,2021-01-13,881,8,17,0,5.357142857142857,0.07142857142857142,inf,2.944975908412048
Miranorte,2021-01-14,891,10,17,0,5.571428571428571,0.07142857142857142,inf,2.949877704036875
Miranorte,2021-01-15,906,15,17,0,6.214285714285714,0.07142857142857142,inf,2.957128197676813
Miranorte,2021-01-16,911,5,17,0,6.571428571428571,0.07142857142857142,inf,2.9595183769729982
Miranorte,2021-01-17,922,11,17,0,7.142857142857143,0.07142857142857142,inf,2.9647309210536292
Miranorte,2021-01-18,922,0,17,0,7.142857142857143,0.07142857142857142,inf,2.9647309210536292
Miranorte,2021-01-19,922,0,17,0,6.928571428571429,0.07142857142857142,inf,2.9647309210536292
Miranorte,2021-01-20,942,20,17,0,7.642857142857143,0.0,-1.0,2.9740509027928774
Monte do Carmo,2020-03-27,0,0,0,0,,,,0.0
Monte do Carmo,2020-03-28,0,0,0,0,,,,0.0
Monte do Carmo,2020-03-29,0,0,0,0,,,,0.0
Monte do Carmo,2020-03-30,0,0,0,0,,,,0.0
Monte do Carmo,2020-03-31,0,0,0,0,,,,0.0
Monte do Carmo,2020-04-01,0,0,0,0,,,,0.0
Monte do Carmo,2020-04-02,0,0,0,0,,,,0.0
Monte do Carmo,2020-04-03,0,0,0,0,,,,0.0
Monte do Carmo,2020-04-04,0,0,0,0,,,,0.0
Monte do Carmo,2020-04-05,0,0,0,0,,,,0.0
Monte do Carmo,2020-04-06,0,0,0,0,,,,0.0
Monte do Carmo,2020-04-07,0,0,0,0,,,,0.0
Monte do Carmo,2020-04-08,0,0,0,0,,,,0.0
Monte do Carmo,2020-04-09,0,0,0,0,0.0,0.0,,0.0
Monte do Carmo,2020-04-10,0,0,0,0,0.0,0.0,,0.0
Monte do Carmo,2020-04-11,0,0,0,0,0.0,0.0,,0.0
Monte do Carmo,2020-04-12,0,0,0,0,0.0,0.0,,0.0
Monte do Carmo,2020-04-13,0,0,0,0,0.0,0.0,,0.0
Monte do Carmo,2020-04-14,0,0,0,0,0.0,0.0,,0.0
Monte do Carmo,2020-04-15,0,0,0,0,0.0,0.0,,0.0
Monte do Carmo,2020-04-16,0,0,0,0,0.0,0.0,,0.0
Monte do Carmo,2020-04-17,0,0,0,0,0.0,0.0,,0.0
Monte do Carmo,2020-04-18,0,0,0,0,0.0,0.0,,0.0
Monte do Carmo,2020-04-19,0,0,0,0,0.0,0.0,,0.0
Monte do Carmo,2020-04-20,0,0,0,0,0.0,0.0,,0.0
Monte do Carmo,2020-04-21,0,0,0,0,0.0,0.0,,0.0
Monte do Carmo,2020-04-22,0,0,0,0,0.0,0.0,,0.0
Monte do Carmo,2020-04-23,0,0,0,0,0.0,0.0,,0.0
Monte do Carmo,2020-04-24,0,0,0,0,0.0,0.0,,0.0
Monte do Carmo,2020-04-25,0,0,0,0,0.0,0.0,,0.0
Monte do Carmo,2020-04-26,0,0,0,0,0.0,0.0,,0.0
Monte do Carmo,2020-04-27,0,0,0,0,0.0,0.0,,0.0
Monte do Carmo,2020-04-28,0,0,0,0,0.0,0.0,,0.0
Monte do Carmo,2020-04-29,0,0,0,0,0.0,0.0,,0.0
Monte do Carmo,2020-04-30,0,0,0,0,0.0,0.0,,0.0
Monte do Carmo,2020-05-01,0,0,0,0,0.0,0.0,,0.0
Monte do Carmo,2020-05-02,0,0,0,0,0.0,0.0,,0.0
Monte do Carmo,2020-05-03,0,0,0,0,0.0,0.0,,0.0
Monte do Carmo,2020-05-04,0,0,0,0,0.0,0.0,,0.0
Monte do Carmo,2020-05-05,0,0,0,0,0.0,0.0,,0.0
Monte do Carmo,2020-05-06,0,0,0,0,0.0,0.0,,0.0
Monte do Carmo,2020-05-07,0,0,0,0,0.0,0.0,,0.0
Monte do Carmo,2020-05-08,0,0,0,0,0.0,0.0,,0.0
Monte do Carmo,2020-05-09,0,0,0,0,0.0,0.0,,0.0
Monte do Carmo,2020-05-10,0,0,0,0,0.0,0.0,,0.0
Monte do Carmo,2020-05-11,0,0,0,0,0.0,0.0,,0.0
Monte do Carmo,2020-05-12,0,0,0,0,0.0,0.0,,0.0
Monte do Carmo,2020-05-13,0,0,0,0,0.0,0.0,,0.0
Monte do Carmo,2020-05-14,0,0,0,0,0.0,0.0,,0.0
Monte do Carmo,2020-05-15,0,0,0,0,0.0,0.0,,0.0
Monte do Carmo,2020-05-16,0,0,0,0,0.0,0.0,,0.0
Monte do Carmo,2020-05-17,0,0,0,0,0.0,0.0,,0.0
Monte do Carmo,2020-05-18,0,0,0,0,0.0,0.0,,0.0
Monte do Carmo,2020-05-19,0,0,0,0,0.0,0.0,,0.0
Monte do Carmo,2020-05-20,0,0,0,0,0.0,0.0,,0.0
Monte do Carmo,2020-05-21,0,0,0,0,0.0,0.0,,0.0
Monte do Carmo,2020-05-22,0,0,0,0,0.0,0.0,,0.0
Monte do Carmo,2020-05-23,0,0,0,0,0.0,0.0,,0.0
Monte do Carmo,2020-05-24,2,2,0,0,0.14285714285714285,0.0,,0.3010299956639812
Monte do Carmo,2020-05-25,2,0,0,0,0.14285714285714285,0.0,,0.3010299956639812
Monte do Carmo,2020-05-26,2,0,0,0,0.14285714285714285,0.0,,0.3010299956639812
Monte do Carmo,2020-05-27,2,0,0,0,0.14285714285714285,0.0,,0.3010299956639812
Monte do Carmo,2020-05-28,2,0,0,0,0.14285714285714285,0.0,,0.3010299956639812
Monte do Carmo,2020-05-29,2,0,0,0,0.14285714285714285,0.0,,0.3010299956639812
Monte do Carmo,2020-05-30,2,0,0,0,0.14285714285714285,0.0,,0.3010299956639812
Monte do Carmo,2020-05-31,2,0,0,0,0.14285714285714285,0.0,,0.3010299956639812
Monte do Carmo,2020-06-01,2,0,0,0,0.14285714285714285,0.0,,0.3010299956639812
Monte do Carmo,2020-06-02,2,0,0,0,0.14285714285714285,0.0,,0.3010299956639812
Monte do Carmo,2020-06-03,2,0,0,0,0.14285714285714285,0.0,,0.3010299956639812
Monte do Carmo,2020-06-04,2,0,0,0,0.14285714285714285,0.0,,0.3010299956639812
Monte do Carmo,2020-06-05,2,0,0,0,0.14285714285714285,0.0,,0.3010299956639812
Monte do Carmo,2020-06-06,2,0,0,0,0.14285714285714285,0.0,,0.3010299956639812
Monte do Carmo,2020-06-07,2,0,0,0,0.0,0.0,,0.3010299956639812
Monte do Carmo,2020-06-08,2,0,0,0,0.0,0.0,,0.3010299956639812
Monte do Carmo,2020-06-09,2,0,0,0,0.0,0.0,,0.3010299956639812
Monte do Carmo,2020-06-10,2,0,0,0,0.0,0.0,,0.3010299956639812
Monte do Carmo,2020-06-11,2,0,0,0,0.0,0.0,,0.3010299956639812
Monte do Carmo,2020-06-12,2,0,0,0,0.0,0.0,,0.3010299956639812
Monte do Carmo,2020-06-13,2,0,0,0,0.0,0.0,,0.3010299956639812
Monte do Carmo,2020-06-14,2,0,0,0,0.0,0.0,,0.3010299956639812
Monte do Carmo,2020-06-15,2,0,0,0,0.0,0.0,,0.3010299956639812
Monte do Carmo,2020-06-16,2,0,0,0,0.0,0.0,,0.3010299956639812
Monte do Carmo,2020-06-17,2,0,0,0,0.0,0.0,,0.3010299956639812
Monte do Carmo,2020-06-18,2,0,0,0,0.0,0.0,,0.3010299956639812
Monte do Carmo,2020-06-19,2,0,0,0,0.0,0.0,,0.3010299956639812
Monte do Carmo,2020-06-20,2,0,0,0,0.0,0.0,,0.3010299956639812
Monte do Carmo,2020-06-21,2,0,0,0,0.0,0.0,,0.3010299956639812
Monte do Carmo,2020-06-22,2,0,0,0,0.0,0.0,,0.3010299956639812
Monte do Carmo,2020-06-23,2,0,0,0,0.0,0.0,,0.3010299956639812
Monte do Carmo,2020-06-24,4,2,0,0,0.14285714285714285,0.0,,0.6020599913279624
Monte do Carmo,2020-06-25,4,0,0,0,0.14285714285714285,0.0,,0.6020599913279624
Monte do Carmo,2020-06-26,4,0,0,0,0.14285714285714285,0.0,,0.6020599913279624
Monte do Carmo,2020-06-27,4,0,0,0,0.14285714285714285,0.0,,0.6020599913279624
Monte do Carmo,2020-06-28,4,0,0,0,0.14285714285714285,0.0,,0.6020599913279624
Monte do Carmo,2020-06-29,4,0,0,0,0.14285714285714285,0.0,,0.6020599913279624
Monte do Carmo,2020-06-30,4,0,0,0,0.14285714285714285,0.0,,0.6020599913279624
Monte do Carmo,2020-07-01,4,0,0,0,0.14285714285714285,0.0,,0.6020599913279624
Monte do Carmo,2020-07-02,4,0,0,0,0.14285714285714285,0.0,,0.6020599913279624
Monte do Carmo,2020-07-03,4,0,0,0,0.14285714285714285,0.0,,0.6020599913279624
Monte do Carmo,2020-07-04,4,0,0,0,0.14285714285714285,0.0,,0.6020599913279624
Monte do Carmo,2020-07-05,4,0,0,0,0.14285714285714285,0.0,,0.6020599913279624
Monte do Carmo,2020-07-06,4,0,0,0,0.14285714285714285,0.0,,0.6020599913279624
Monte do Carmo,2020-07-07,4,0,0,0,0.14285714285714285,0.0,,0.6020599913279624
Monte do Carmo,2020-07-08,4,0,0,0,0.0,0.0,,0.6020599913279624
Monte do Carmo,2020-07-09,4,0,0,0,0.0,0.0,,0.6020599913279624
Monte do Carmo,2020-07-10,4,0,0,0,0.0,0.0,,0.6020599913279624
Monte do Carmo,2020-07-11,4,0,0,0,0.0,0.0,,0.6020599913279624
Monte do Carmo,2020-07-12,4,0,0,0,0.0,0.0,,0.6020599913279624
Monte do Carmo,2020-07-13,4,0,0,0,0.0,0.0,,0.6020599913279624
Monte do Carmo,2020-07-14,4,0,0,0,0.0,0.0,,0.6020599913279624
Monte do Carmo,2020-07-15,5,1,0,0,0.07142857142857142,0.0,,0.6989700043360189
Monte do Carmo,2020-07-16,5,0,0,0,0.07142857142857142,0.0,,0.6989700043360189
Monte do Carmo,2020-07-17,5,0,0,0,0.07142857142857142,0.0,,0.6989700043360189
Monte do Carmo,2020-07-18,6,1,0,0,0.14285714285714285,0.0,,0.7781512503836436
Monte do Carmo,2020-07-19,6,0,0,0,0.14285714285714285,0.0,,0.7781512503836436
Monte do Carmo,2020-07-20,6,0,0,0,0.14285714285714285,0.0,,0.7781512503836436
Monte do Carmo,2020-07-21,6,0,0,0,0.14285714285714285,0.0,,0.7781512503836436
Monte do Carmo,2020-07-22,6,0,0,0,0.14285714285714285,0.0,,0.7781512503836436
Monte do Carmo,2020-07-23,6,0,0,0,0.14285714285714285,0.0,,0.7781512503836436
Monte do Carmo,2020-07-24,6,0,0,0,0.14285714285714285,0.0,,0.7781512503836436
Monte do Carmo,2020-07-25,6,0,0,0,0.14285714285714285,0.0,,0.7781512503836436
Monte do Carmo,2020-07-26,6,0,0,0,0.14285714285714285,0.0,,0.7781512503836436
Monte do Carmo,2020-07-27,6,0,0,0,0.14285714285714285,0.0,,0.7781512503836436
Monte do Carmo,2020-07-28,7,1,0,0,0.21428571428571427,0.0,,0.8450980400142568
Monte do Carmo,2020-07-29,7,0,0,0,0.14285714285714285,0.0,,0.8450980400142568
Monte do Carmo,2020-07-30,8,1,0,0,0.21428571428571427,0.0,,0.9030899869919435
Monte do Carmo,2020-07-31,8,0,0,0,0.21428571428571427,0.0,,0.9030899869919435
Monte do Carmo,2020-08-01,8,0,0,0,0.14285714285714285,0.0,,0.9030899869919435
Monte do Carmo,2020-08-02,8,0,0,0,0.14285714285714285,0.0,,0.9030899869919435
Monte do Carmo,2020-08-03,8,0,0,0,0.14285714285714285,0.0,,0.9030899869919435
Monte do Carmo,2020-08-04,10,2,0,0,0.2857142857142857,0.0,,1.0
Monte do Carmo,2020-08-05,12,2,0,0,0.42857142857142855,0.0,,1.0791812460476249
Monte do Carmo,2020-08-06,13,1,0,0,0.5,0.0,,1.1139433523068367
Monte do Carmo,2020-08-07,13,0,0,0,0.5,0.0,,1.1139433523068367
Monte do Carmo,2020-08-08,13,0,0,0,0.5,0.0,,1.1139433523068367
Monte do Carmo,2020-08-09,13,0,0,0,0.5,0.0,,1.1139433523068367
Monte do Carmo,2020-08-10,13,0,0,0,0.5,0.0,,1.1139433523068367
Monte do Carmo,2020-08-11,15,2,0,0,0.5714285714285714,0.0,,1.1760912590556813
Monte do Carmo,2020-08-12,15,0,0,0,0.5714285714285714,0.0,,1.1760912590556813
Monte do Carmo,2020-08-13,17,2,0,0,0.6428571428571429,0.0,,1.2304489213782739
Monte do Carmo,2020-08-14,20,3,0,0,0.8571428571428571,0.0,,1.3010299956639813
Monte do Carmo,2020-08-15,20,0,0,0,0.8571428571428571,0.0,,1.3010299956639813
Monte do Carmo,2020-08-16,20,0,0,0,0.8571428571428571,0.0,,1.3010299956639813
Monte do Carmo,2020-08-17,20,0,0,0,0.8571428571428571,0.0,,1.3010299956639813
Monte do Carmo,2020-08-18,28,8,0,0,1.2857142857142858,0.0,,1.4471580313422192
Monte do Carmo,2020-08-19,30,2,0,0,1.2857142857142858,0.0,,1.4771212547196624
Monte do Carmo,2020-08-20,31,1,0,0,1.2857142857142858,0.0,,1.4913616938342726
Monte do Carmo,2020-08-21,37,6,0,0,1.7142857142857142,0.0,,1.568201724066995
Monte do Carmo,2020-08-22,38,1,0,0,1.7857142857142858,0.0,,1.5797835966168101
Monte do Carmo,2020-08-23,39,1,0,0,1.8571428571428572,0.0,,1.591064607026499
Monte do Carmo,2020-08-24,39,0,0,0,1.8571428571428572,0.0,,1.591064607026499
Monte do Carmo,2020-08-25,38,-1,0,0,1.6428571428571428,0.0,,1.5797835966168101
Monte do Carmo,2020-08-26,38,0,0,0,1.6428571428571428,0.0,,1.5797835966168101
Monte do Carmo,2020-08-27,40,2,0,0,1.6428571428571428,0.0,,1.6020599913279625
Monte do Carmo,2020-08-28,43,3,0,0,1.6428571428571428,0.0,,1.6334684555795866
Monte do Carmo,2020-08-29,44,1,0,0,1.7142857142857142,0.0,,1.6434526764861874
Monte do Carmo,2020-08-30,44,0,0,0,1.7142857142857142,0.0,,1.6434526764861874
Monte do Carmo,2020-08-31,44,0,0,0,1.7142857142857142,0.0,,1.6434526764861874
Monte do Carmo,2020-09-01,46,2,0,0,1.2857142857142858,0.0,,1.662757831681574
Monte do Carmo,2020-09-02,46,0,0,0,1.1428571428571428,0.0,,1.662757831681574
Monte do Carmo,2020-09-03,46,0,0,0,1.0714285714285714,0.0,,1.662757831681574
Monte do Carmo,2020-09-04,49,3,0,0,0.8571428571428571,0.0,,1.6901960800285136
Monte do Carmo,2020-09-05,54,5,0,0,1.1428571428571428,0.0,,1.7323937598229686
Monte do Carmo,2020-09-06,54,0,0,0,1.0714285714285714,0.0,,1.7323937598229686
Monte do Carmo,2020-09-07,54,0,0,0,1.0714285714285714,0.0,,1.7323937598229686
Monte do Carmo,2020-09-08,53,-1,0,0,1.0714285714285714,0.0,,1.7242758696007892
Monte do Carmo,2020-09-09,53,0,0,0,1.0714285714285714,0.0,,1.7242758696007892
Monte do Carmo,2020-09-10,56,3,0,0,1.1428571428571428,0.0,,1.7481880270062005
Monte do Carmo,2020-09-11,56,0,0,0,0.9285714285714286,0.0,,1.7481880270062005
Monte do Carmo,2020-09-12,57,1,0,0,0.9285714285714286,0.0,,1.7558748556724915
Monte do Carmo,2020-09-13,57,0,0,0,0.9285714285714286,0.0,,1.7558748556724915
Monte do Carmo,2020-09-14,57,0,0,0,0.9285714285714286,0.0,,1.7558748556724915
Monte do Carmo,2020-09-15,59,2,0,0,0.9285714285714286,0.0,,1.7708520116421442
Monte do Carmo,2020-09-16,61,2,0,0,1.0714285714285714,0.0,,1.7853298350107671
Monte do Carmo,2020-09-17,62,1,0,0,1.1428571428571428,0.0,,1.792391689498254
Monte do Carmo,2020-09-18,64,2,0,0,1.0714285714285714,0.0,,1.806179973983887
Monte do Carmo,2020-09-19,67,3,0,0,0.9285714285714286,0.0,,1.8260748027008264
Monte do Carmo,2020-09-20,67,0,0,0,0.9285714285714286,0.0,,1.8260748027008264
Monte do Carmo,2020-09-21,67,0,0,0,0.9285714285714286,0.0,,1.8260748027008264
Monte do Carmo,2020-09-22,70,3,0,0,1.2142857142857142,0.0,,1.845098040014257
Monte do Carmo,2020-09-23,73,3,0,0,1.4285714285714286,0.0,,1.863322860120456
Monte do Carmo,2020-09-24,76,3,1,1,1.4285714285714286,0.07142857142857142,inf,1.8808135922807914
Monte do Carmo,2020-09-25,78,2,1,0,1.5714285714285714,0.07142857142857142,inf,1.8920946026904804
Monte do Carmo,2020-09-26,80,2,1,0,1.6428571428571428,0.07142857142857142,inf,1.9030899869919435
Monte do Carmo,2020-09-27,80,0,1,0,1.6428571428571428,0.07142857142857142,inf,1.9030899869919435
Monte do Carmo,2020-09-28,81,1,1,0,1.7142857142857142,0.07142857142857142,inf,1.9084850188786497
Monte do Carmo,2020-09-29,84,3,1,0,1.7857142857142858,0.07142857142857142,inf,1.9242792860618816
Monte do Carmo,2020-09-30,84,0,1,0,1.6428571428571428,0.07142857142857142,inf,1.9242792860618816
Monte do Carmo,2020-10-01,86,2,1,0,1.7142857142857142,0.07142857142857142,inf,1.9344984512435677
Monte do Carmo,2020-10-02,87,1,1,0,1.6428571428571428,0.07142857142857142,inf,1.9395192526186185
Monte do Carmo,2020-10-03,88,1,1,0,1.5,0.07142857142857142,inf,1.9444826721501687
Monte do Carmo,2020-10-04,88,0,1,0,1.5,0.07142857142857142,inf,1.9444826721501687
Monte do Carmo,2020-10-05,88,0,1,0,1.5,0.07142857142857142,inf,1.9444826721501687
Monte do Carmo,2020-10-06,88,0,1,0,1.2857142857142858,0.07142857142857142,inf,1.9444826721501687
Monte do Carmo,2020-10-07,91,3,1,0,1.2857142857142858,0.07142857142857142,inf,1.9590413923210936
Monte do Carmo,2020-10-08,91,0,1,0,1.0714285714285714,0.0,-1.0,1.9590413923210936
Monte do Carmo,2020-10-09,93,2,1,0,1.0714285714285714,0.0,-1.0,1.968482948553935
Monte do Carmo,2020-10-10,97,4,1,0,1.2142857142857142,0.0,-1.0,1.9867717342662448
Monte do Carmo,2020-10-11,97,0,1,0,1.2142857142857142,0.0,-1.0,1.9867717342662448
Monte do Carmo,2020-10-12,97,0,1,0,1.1428571428571428,0.0,-1.0,1.9867717342662448
Monte do Carmo,2020-10-13,97,0,1,0,0.9285714285714286,0.0,-1.0,1.9867717342662448
Monte do Carmo,2020-10-14,99,2,1,0,1.0714285714285714,0.0,-1.0,1.99563519459755
Monte do Carmo,2020-10-15,99,0,1,0,0.9285714285714286,0.0,-1.0,1.99563519459755
Monte do Carmo,2020-10-16,99,0,1,0,0.8571428571428571,0.0,-1.0,1.99563519459755
Monte do Carmo,2020-10-17,100,1,1,0,0.8571428571428571,0.0,-1.0,2.0
Monte do Carmo,2020-10-18,100,0,1,0,0.8571428571428571,0.0,-1.0,2.0
Monte do Carmo,2020-10-19,100,0,1,0,0.8571428571428571,0.0,-1.0,2.0
Monte do Carmo,2020-10-20,103,3,1,0,1.0714285714285714,0.0,-1.0,2.012837224705172
Monte do Carmo,2020-10-21,104,1,1,0,0.9285714285714286,0.0,-1.0,2.0170333392987803
Monte do Carmo,2020-10-22,104,0,1,0,0.9285714285714286,0.0,,2.0170333392987803
Monte do Carmo,2020-10-23,104,0,1,0,0.7857142857142857,0.0,,2.0170333392987803
Monte do Carmo,2020-10-24,104,0,1,0,0.5,0.0,,2.0170333392987803
Monte do Carmo,2020-10-25,104,0,1,0,0.5,0.0,,2.0170333392987803
Monte do Carmo,2020-10-26,104,0,1,0,0.5,0.0,,2.0170333392987803
Monte do Carmo,2020-10-27,105,1,1,0,0.5714285714285714,0.0,,2.0211892990699383
Monte do Carmo,2020-10-28,105,0,1,0,0.42857142857142855,0.0,,2.0211892990699383
Monte do Carmo,2020-10-29,106,1,1,0,0.5,0.0,,2.0253058652647704
Monte do Carmo,2020-10-30,107,1,1,0,0.5714285714285714,0.0,,2.0293837776852097
Monte do Carmo,2020-10-31,107,0,1,0,0.5,0.0,,2.0293837776852097
Monte do Carmo,2020-11-01,107,0,1,0,0.5,0.0,,2.0293837776852097
Monte do Carmo,2020-11-02,107,0,1,0,0.5,0.0,,2.0293837776852097
Monte do Carmo,2020-11-03,107,0,1,0,0.2857142857142857,0.0,,2.0293837776852097
Monte do Carmo,2020-11-04,107,0,1,0,0.21428571428571427,0.0,,2.0293837776852097
Monte do Carmo,2020-11-05,112,5,1,0,0.5714285714285714,0.0,,2.0492180226701815
Monte do Carmo,2020-11-06,113,1,1,0,0.6428571428571429,0.0,,2.05307844348342
Monte do Carmo,2020-11-07,115,2,1,0,0.7857142857142857,0.0,,2.060697840353612
Monte do Carmo,2020-11-08,115,0,1,0,0.7857142857142857,0.0,,2.060697840353612
Monte do Carmo,2020-11-09,115,0,1,0,0.7857142857142857,0.0,,2.060697840353612
Monte do Carmo,2020-11-10,117,2,1,0,0.8571428571428571,0.0,,2.0681858617461617
Monte do Carmo,2020-11-11,117,0,1,0,0.8571428571428571,0.0,,2.0681858617461617
Monte do Carmo,2020-11-12,117,0,1,0,0.7857142857142857,0.0,,2.0681858617461617
Monte do Carmo,2020-11-13,118,1,1,0,0.7857142857142857,0.0,,2.0718820073061255
Monte do Carmo,2020-11-14,119,1,1,0,0.8571428571428571,0.0,,2.075546961392531
Monte do Carmo,2020-11-15,119,0,1,0,0.8571428571428571,0.0,,2.075546961392531
Monte do Carmo,2020-11-16,119,0,1,0,0.8571428571428571,0.0,,2.075546961392531
Monte do Carmo,2020-11-17,119,0,1,0,0.8571428571428571,0.0,,2.075546961392531
Monte do Carmo,2020-11-18,122,3,1,0,1.0714285714285714,0.0,,2.0863598306747484
Monte do Carmo,2020-11-19,122,0,1,0,0.7142857142857143,0.0,,2.0863598306747484
Monte do Carmo,2020-11-20,122,0,1,0,0.6428571428571429,0.0,,2.0863598306747484
Monte do Carmo,2020-11-21,122,0,1,0,0.5,0.0,,2.0863598306747484
Monte do Carmo,2020-11-22,122,0,1,0,0.5,0.0,,2.0863598306747484
Monte do Carmo,2020-11-23,122,0,1,0,0.5,0.0,,2.0863598306747484
Monte do Carmo,2020-11-24,123,1,1,0,0.42857142857142855,0.0,,2.089905111439398
Monte do Carmo,2020-11-25,124,1,1,0,0.5,0.0,,2.093421685162235
Monte do Carmo,2020-11-26,124,0,1,0,0.5,0.0,,2.093421685162235
Monte do Carmo,2020-11-27,124,0,1,0,0.42857142857142855,0.0,,2.093421685162235
Monte do Carmo,2020-11-28,124,0,1,0,0.35714285714285715,0.0,,2.093421685162235
Monte do Carmo,2020-11-29,124,0,1,0,0.35714285714285715,0.0,,2.093421685162235
Monte do Carmo,2020-11-30,124,0,1,0,0.35714285714285715,0.0,,2.093421685162235
Monte do Carmo,2020-12-01,124,0,1,0,0.35714285714285715,0.0,,2.093421685162235
Monte do Carmo,2020-12-02,124,0,1,0,0.14285714285714285,0.0,,2.093421685162235
Monte do Carmo,2020-12-03,124,0,1,0,0.14285714285714285,0.0,,2.093421685162235
Monte do Carmo,2020-12-04,124,0,1,0,0.14285714285714285,0.0,,2.093421685162235
Monte do Carmo,2020-12-05,124,0,1,0,0.14285714285714285,0.0,,2.093421685162235
Monte do Carmo,2020-12-06,124,0,1,0,0.14285714285714285,0.0,,2.093421685162235
Monte do Carmo,2020-12-07,124,0,1,0,0.14285714285714285,0.0,,2.093421685162235
Monte do Carmo,2020-12-08,125,1,1,0,0.14285714285714285,0.0,,2.0969100130080562
Monte do Carmo,2020-12-09,125,0,1,0,0.07142857142857142,0.0,,2.0969100130080562
Monte do Carmo,2020-12-10,126,1,1,0,0.14285714285714285,0.0,,2.100370545117563
Monte do Carmo,2020-12-11,127,1,1,0,0.21428571428571427,0.0,,2.103803720955957
Monte do Carmo,2020-12-12,129,2,1,0,0.35714285714285715,0.0,,2.110589710299249
Monte do Carmo,2020-12-13,129,0,1,0,0.35714285714285715,0.0,,2.110589710299249
Monte do Carmo,2020-12-14,130,1,1,0,0.42857142857142855,0.0,,2.113943352306837
Monte do Carmo,2020-12-15,130,0,1,0,0.42857142857142855,0.0,,2.113943352306837
Monte do Carmo,2020-12-16,130,0,1,0,0.42857142857142855,0.0,,2.113943352306837
Monte do Carmo,2020-12-17,133,3,1,0,0.6428571428571429,0.0,,2.123851640967086
Monte do Carmo,2020-12-18,133,0,1,0,0.6428571428571429,0.0,,2.123851640967086
Monte do Carmo,2020-12-19,134,1,1,0,0.7142857142857143,0.0,,2.1271047983648077
Monte do Carmo,2020-12-20,134,0,1,0,0.7142857142857143,0.0,,2.1271047983648077
Monte do Carmo,2020-12-21,134,0,1,0,0.7142857142857143,0.0,,2.1271047983648077
Monte do Carmo,2020-12-22,138,4,1,0,0.9285714285714286,0.0,,2.1398790864012365
Monte do Carmo,2020-12-23,138,0,1,0,0.9285714285714286,0.0,,2.1398790864012365
Monte do Carmo,2020-12-24,138,0,1,0,0.8571428571428571,0.0,,2.1398790864012365
Monte do Carmo,2020-12-25,138,0,1,0,0.7857142857142857,0.0,,2.1398790864012365
Monte do Carmo,2020-12-26,138,0,1,0,0.6428571428571429,0.0,,2.1398790864012365
Monte do Carmo,2020-12-27,138,0,1,0,0.6428571428571429,0.0,,2.1398790864012365
Monte do Carmo,2020-12-28,138,0,1,0,0.5714285714285714,0.0,,2.1398790864012365
Monte do Carmo,2020-12-29,138,0,1,0,0.5714285714285714,0.0,,2.1398790864012365
Monte do Carmo,2020-12-30,140,2,2,1,0.7142857142857143,0.07142857142857142,inf,2.146128035678238
Monte do Carmo,2020-12-31,140,0,2,0,0.5,0.07142857142857142,inf,2.146128035678238
Monte do Carmo,2021-01-01,140,0,2,0,0.5,0.07142857142857142,inf,2.146128035678238
Monte do Carmo,2021-01-02,140,0,2,0,0.42857142857142855,0.07142857142857142,inf,2.146128035678238
Monte do Carmo,2021-01-03,140,0,2,0,0.42857142857142855,0.07142857142857142,inf,2.146128035678238
Monte do Carmo,2021-01-04,140,0,2,0,0.42857142857142855,0.07142857142857142,inf,2.146128035678238
Monte do Carmo,2021-01-05,142,2,2,0,0.2857142857142857,0.07142857142857142,inf,2.1522883443830563
Monte do Carmo,2021-01-06,147,5,2,0,0.6428571428571429,0.07142857142857142,inf,2.167317334748176
Monte do Carmo,2021-01-07,148,1,2,0,0.7142857142857143,0.07142857142857142,inf,2.1702617153949575
Monte do Carmo,2021-01-08,148,0,2,0,0.7142857142857143,0.07142857142857142,inf,2.1702617153949575
Monte do Carmo,2021-01-09,151,3,2,0,0.9285714285714286,0.07142857142857142,inf,2.1789769472931693
Monte do Carmo,2021-01-10,155,4,2,0,1.2142857142857142,0.07142857142857142,inf,2.1903316981702914
Monte do Carmo,2021-01-11,155,0,2,0,1.2142857142857142,0.07142857142857142,inf,2.1903316981702914
Monte do Carmo,2021-01-12,155,0,2,0,1.2142857142857142,0.07142857142857142,inf,2.1903316981702914
Monte do Carmo,2021-01-13,171,16,3,1,2.2142857142857144,0.07142857142857142,0.0,2.2329961103921536
Monte do Carmo,2021-01-14,160,-11,3,0,1.4285714285714286,0.07142857142857142,0.0,2.204119982655925
Monte do Carmo,2021-01-15,161,1,3,0,1.5,0.07142857142857142,0.0,2.2068258760318495
Monte do Carmo,2021-01-16,165,4,3,0,1.7857142857142858,0.07142857142857142,0.0,2.2174839442139063
Monte do Carmo,2021-01-17,165,0,3,0,1.7857142857142858,0.07142857142857142,0.0,2.2174839442139063
Monte do Carmo,2021-01-18,165,0,3,0,1.7857142857142858,0.07142857142857142,0.0,2.2174839442139063
Monte do Carmo,2021-01-19,165,0,3,0,1.6428571428571428,0.07142857142857142,0.0,2.2174839442139063
Monte do Carmo,2021-01-20,172,7,3,0,1.7857142857142858,0.07142857142857142,0.0,2.2355284469075487
Monte Santo do Tocantins,2020-03-27,0,0,0,0,,,,0.0
Monte Santo do Tocantins,2020-03-28,0,0,0,0,,,,0.0
Monte Santo do Tocantins,2020-03-29,0,0,0,0,,,,0.0
Monte Santo do Tocantins,2020-03-30,0,0,0,0,,,,0.0
Monte Santo do Tocantins,2020-03-31,0,0,0,0,,,,0.0
Monte Santo do Tocantins,2020-04-01,0,0,0,0,,,,0.0
Monte Santo do Tocantins,2020-04-02,0,0,0,0,,,,0.0
Monte Santo do Tocantins,2020-04-03,0,0,0,0,,,,0.0
Monte Santo do Tocantins,2020-04-04,0,0,0,0,,,,0.0
Monte Santo do Tocantins,2020-04-05,0,0,0,0,,,,0.0
Monte Santo do Tocantins,2020-04-06,0,0,0,0,,,,0.0
Monte Santo do Tocantins,2020-04-07,0,0,0,0,,,,0.0
Monte Santo do Tocantins,2020-04-08,0,0,0,0,,,,0.0
Monte Santo do Tocantins,2020-04-09,0,0,0,0,0.0,0.0,,0.0
Monte Santo do Tocantins,2020-04-10,0,0,0,0,0.0,0.0,,0.0
Monte Santo do Tocantins,2020-04-11,0,0,0,0,0.0,0.0,,0.0
Monte Santo do Tocantins,2020-04-12,0,0,0,0,0.0,0.0,,0.0
Monte Santo do Tocantins,2020-04-13,0,0,0,0,0.0,0.0,,0.0
Monte Santo do Tocantins,2020-04-14,0,0,0,0,0.0,0.0,,0.0
Monte Santo do Tocantins,2020-04-15,0,0,0,0,0.0,0.0,,0.0
Monte Santo do Tocantins,2020-04-16,0,0,0,0,0.0,0.0,,0.0
Monte Santo do Tocantins,2020-04-17,0,0,0,0,0.0,0.0,,0.0
Monte Santo do Tocantins,2020-04-18,0,0,0,0,0.0,0.0,,0.0
Monte Santo do Tocantins,2020-04-19,0,0,0,0,0.0,0.0,,0.0
Monte Santo do Tocantins,2020-04-20,0,0,0,0,0.0,0.0,,0.0
Monte Santo do Tocantins,2020-04-21,0,0,0,0,0.0,0.0,,0.0
Monte Santo do Tocantins,2020-04-22,0,0,0,0,0.0,0.0,,0.0
Monte Santo do Tocantins,2020-04-23,0,0,0,0,0.0,0.0,,0.0
Monte Santo do Tocantins,2020-04-24,0,0,0,0,0.0,0.0,,0.0
Monte Santo do Tocantins,2020-04-25,0,0,0,0,0.0,0.0,,0.0
Monte Santo do Tocantins,2020-04-26,0,0,0,0,0.0,0.0,,0.0
Monte Santo do Tocantins,2020-04-27,0,0,0,0,0.0,0.0,,0.0
Monte Santo do Tocantins,2020-04-28,0,0,0,0,0.0,0.0,,0.0
Monte Santo do Tocantins,2020-04-29,0,0,0,0,0.0,0.0,,0.0
Monte Santo do Tocantins,2020-04-30,0,0,0,0,0.0,0.0,,0.0
Monte Santo do Tocantins,2020-05-01,0,0,0,0,0.0,0.0,,0.0
Monte Santo do Tocantins,2020-05-02,0,0,0,0,0.0,0.0,,0.0
Monte Santo do Tocantins,2020-05-03,0,0,0,0,0.0,0.0,,0.0
Monte Santo do Tocantins,2020-05-04,0,0,0,0,0.0,0.0,,0.0
Monte Santo do Tocantins,2020-05-05,0,0,0,0,0.0,0.0,,0.0
Monte Santo do Tocantins,2020-05-06,0,0,0,0,0.0,0.0,,0.0
Monte Santo do Tocantins,2020-05-07,0,0,0,0,0.0,0.0,,0.0
Monte Santo do Tocantins,2020-05-08,0,0,0,0,0.0,0.0,,0.0
Monte Santo do Tocantins,2020-05-09,0,0,0,0,0.0,0.0,,0.0
Monte Santo do Tocantins,2020-05-10,0,0,0,0,0.0,0.0,,0.0
Monte Santo do Tocantins,2020-05-11,0,0,0,0,0.0,0.0,,0.0
Monte Santo do Tocantins,2020-05-12,0,0,0,0,0.0,0.0,,0.0
Monte Santo do Tocantins,2020-05-13,0,0,0,0,0.0,0.0,,0.0
Monte Santo do Tocantins,2020-05-14,0,0,0,0,0.0,0.0,,0.0
Monte Santo do Tocantins,2020-05-15,0,0,0,0,0.0,0.0,,0.0
Monte Santo do Tocantins,2020-05-16,0,0,0,0,0.0,0.0,,0.0
Monte Santo do Tocantins,2020-05-17,0,0,0,0,0.0,0.0,,0.0
Monte Santo do Tocantins,2020-05-18,0,0,0,0,0.0,0.0,,0.0
Monte Santo do Tocantins,2020-05-19,0,0,0,0,0.0,0.0,,0.0
Monte Santo do Tocantins,2020-05-20,0,0,0,0,0.0,0.0,,0.0
Monte Santo do Tocantins,2020-05-21,0,0,0,0,0.0,0.0,,0.0
Monte Santo do Tocantins,2020-05-22,0,0,0,0,0.0,0.0,,0.0
Monte Santo do Tocantins,2020-05-23,0,0,0,0,0.0,0.0,,0.0
Monte Santo do Tocantins,2020-05-24,0,0,0,0,0.0,0.0,,0.0
Monte Santo do Tocantins,2020-05-25,0,0,0,0,0.0,0.0,,0.0
Monte Santo do Tocantins,2020-05-26,0,0,0,0,0.0,0.0,,0.0
Monte Santo do Tocantins,2020-05-27,0,0,0,0,0.0,0.0,,0.0
Monte Santo do Tocantins,2020-05-28,0,0,0,0,0.0,0.0,,0.0
Monte Santo do Tocantins,2020-05-29,0,0,0,0,0.0,0.0,,0.0
Monte Santo do Tocantins,2020-05-30,0,0,0,0,0.0,0.0,,0.0
Monte Santo do Tocantins,2020-05-31,0,0,0,0,0.0,0.0,,0.0
Monte Santo do Tocantins,2020-06-01,0,0,0,0,0.0,0.0,,0.0
Monte Santo do Tocantins,2020-06-02,0,0,0,0,0.0,0.0,,0.0
Monte Santo do Tocantins,2020-06-03,0,0,0,0,0.0,0.0,,0.0
Monte Santo do Tocantins,2020-06-04,0,0,0,0,0.0,0.0,,0.0
Monte Santo do Tocantins,2020-06-05,0,0,0,0,0.0,0.0,,0.0
Monte Santo do Tocantins,2020-06-06,0,0,0,0,0.0,0.0,,0.0
Monte Santo do Tocantins,2020-06-07,0,0,0,0,0.0,0.0,,0.0
Monte Santo do Tocantins,2020-06-08,0,0,0,0,0.0,0.0,,0.0
Monte Santo do Tocantins,2020-06-09,0,0,0,0,0.0,0.0,,0.0
Monte Santo do Tocantins,2020-06-10,0,0,0,0,0.0,0.0,,0.0
Monte Santo do Tocantins,2020-06-11,0,0,0,0,0.0,0.0,,0.0
Monte Santo do Tocantins,2020-06-12,0,0,0,0,0.0,0.0,,0.0
Monte Santo do Tocantins,2020-06-13,0,0,0,0,0.0,0.0,,0.0
Monte Santo do Tocantins,2020-06-14,0,0,0,0,0.0,0.0,,0.0
Monte Santo do Tocantins,2020-06-15,0,0,0,0,0.0,0.0,,0.0
Monte Santo do Tocantins,2020-06-16,0,0,0,0,0.0,0.0,,0.0
Monte Santo do Tocantins,2020-06-17,0,0,0,0,0.0,0.0,,0.0
Monte Santo do Tocantins,2020-06-18,0,0,0,0,0.0,0.0,,0.0
Monte Santo do Tocantins,2020-06-19,0,0,0,0,0.0,0.0,,0.0
Monte Santo do Tocantins,2020-06-20,0,0,0,0,0.0,0.0,,0.0
Monte Santo do Tocantins,2020-06-21,0,0,0,0,0.0,0.0,,0.0
Monte Santo do Tocantins,2020-06-22,0,0,0,0,0.0,0.0,,0.0
Monte Santo do Tocantins,2020-06-23,0,0,0,0,0.0,0.0,,0.0
Monte Santo do Tocantins,2020-06-24,0,0,0,0,0.0,0.0,,0.0
Monte Santo do Tocantins,2020-06-25,0,0,0,0,0.0,0.0,,0.0
Monte Santo do Tocantins,2020-06-26,0,0,0,0,0.0,0.0,,0.0
Monte Santo do Tocantins,2020-06-27,0,0,0,0,0.0,0.0,,0.0
Monte Santo do Tocantins,2020-06-28,0,0,0,0,0.0,0.0,,0.0
Monte Santo do Tocantins,2020-06-29,0,0,0,0,0.0,0.0,,0.0
Monte Santo do Tocantins,2020-06-30,0,0,0,0,0.0,0.0,,0.0
Monte Santo do Tocantins,2020-07-01,0,0,0,0,0.0,0.0,,0.0
Monte Santo do Tocantins,2020-07-02,0,0,0,0,0.0,0.0,,0.0
Monte Santo do Tocantins,2020-07-03,0,0,0,0,0.0,0.0,,0.0
Monte Santo do Tocantins,2020-07-04,0,0,0,0,0.0,0.0,,0.0
Monte Santo do Tocantins,2020-07-05,0,0,0,0,0.0,0.0,,0.0
Monte Santo do Tocantins,2020-07-06,0,0,0,0,0.0,0.0,,0.0
Monte Santo do Tocantins,2020-07-07,0,0,0,0,0.0,0.0,,0.0
Monte Santo do Tocantins,2020-07-08,0,0,0,0,0.0,0.0,,0.0
Monte Santo do Tocantins,2020-07-09,0,0,0,0,0.0,0.0,,0.0
Monte Santo do Tocantins,2020-07-10,0,0,0,0,0.0,0.0,,0.0
Monte Santo do Tocantins,2020-07-11,0,0,0,0,0.0,0.0,,0.0
Monte Santo do Tocantins,2020-07-12,0,0,0,0,0.0,0.0,,0.0
Monte Santo do Tocantins,2020-07-13,0,0,0,0,0.0,0.0,,0.0
Monte Santo do Tocantins,2020-07-14,0,0,0,0,0.0,0.0,,0.0
Monte Santo do Tocantins,2020-07-15,0,0,0,0,0.0,0.0,,0.0
Monte Santo do Tocantins,2020-07-16,0,0,0,0,0.0,0.0,,0.0
Monte Santo do Tocantins,2020-07-17,0,0,0,0,0.0,0.0,,0.0
Monte Santo do Tocantins,2020-07-18,0,0,0,0,0.0,0.0,,0.0
Monte Santo do Tocantins,2020-07-19,0,0,0,0,0.0,0.0,,0.0
Monte Santo do Tocantins,2020-07-20,0,0,0,0,0.0,0.0,,0.0
Monte Santo do Tocantins,2020-07-21,0,0,0,0,0.0,0.0,,0.0
Monte Santo do Tocantins,2020-07-22,0,0,0,0,0.0,0.0,,0.0
Monte Santo do Tocantins,2020-07-23,0,0,0,0,0.0,0.0,,0.0
Monte Santo do Tocantins,2020-07-24,1,1,0,0,0.07142857142857142,0.0,,0.0
Monte Santo do Tocantins,2020-07-25,1,0,0,0,0.07142857142857142,0.0,,0.0
Monte Santo do Tocantins,2020-07-26,1,0,0,0,0.07142857142857142,0.0,,0.0
Monte Santo do Tocantins,2020-07-27,1,0,0,0,0.07142857142857142,0.0,,0.0
Monte Santo do Tocantins,2020-07-28,2,1,0,0,0.14285714285714285,0.0,,0.3010299956639812
Monte Santo do Tocantins,2020-07-29,3,1,0,0,0.21428571428571427,0.0,,0.47712125471966244
Monte Santo do Tocantins,2020-07-30,4,1,0,0,0.2857142857142857,0.0,,0.6020599913279624
Monte Santo do Tocantins,2020-07-31,7,3,0,0,0.5,0.0,,0.8450980400142568
Monte Santo do Tocantins,2020-08-01,7,0,0,0,0.5,0.0,,0.8450980400142568
Monte Santo do Tocantins,2020-08-02,9,2,0,0,0.6428571428571429,0.0,,0.9542425094393249
Monte Santo do Tocantins,2020-08-03,9,0,0,0,0.6428571428571429,0.0,,0.9542425094393249
Monte Santo do Tocantins,2020-08-04,9,0,0,0,0.6428571428571429,0.0,,0.9542425094393249
Monte Santo do Tocantins,2020-08-05,9,0,0,0,0.6428571428571429,0.0,,0.9542425094393249
Monte Santo do Tocantins,2020-08-06,10,1,0,0,0.7142857142857143,0.0,,1.0
Monte Santo do Tocantins,2020-08-07,10,0,0,0,0.6428571428571429,0.0,,1.0
Monte Santo do Tocantins,2020-08-08,11,1,0,0,0.7142857142857143,0.0,,1.041392685158225
Monte Santo do Tocantins,2020-08-09,11,0,0,0,0.7142857142857143,0.0,,1.041392685158225
Monte Santo do Tocantins,2020-08-10,15,4,0,0,1.0,0.0,,1.1760912590556813
Monte Santo do Tocantins,2020-08-11,16,1,0,0,1.0,0.0,,1.2041199826559248
Monte Santo do Tocantins,2020-08-12,15,-1,0,0,0.8571428571428571,0.0,,1.1760912590556813
Monte Santo do Tocantins,2020-08-13,15,0,0,0,0.7857142857142857,0.0,,1.1760912590556813
Monte Santo do Tocantins,2020-08-14,20,5,0,0,0.9285714285714286,0.0,,1.3010299956639813
Monte Santo do Tocantins,2020-08-15,20,0,0,0,0.9285714285714286,0.0,,1.3010299956639813
Monte Santo do Tocantins,2020-08-16,20,0,0,0,0.7857142857142857,0.0,,1.3010299956639813
Monte Santo do Tocantins,2020-08-17,22,2,0,0,0.9285714285714286,0.0,,1.3424226808222062
Monte Santo do Tocantins,2020-08-18,22,0,0,0,0.9285714285714286,0.0,,1.3424226808222062
Monte Santo do Tocantins,2020-08-19,22,0,0,0,0.9285714285714286,0.0,,1.3424226808222062
Monte Santo do Tocantins,2020-08-20,25,3,0,0,1.0714285714285714,0.0,,1.3979400086720377
Monte Santo do Tocantins,2020-08-21,25,0,0,0,1.0714285714285714,0.0,,1.3979400086720377
Monte Santo do Tocantins,2020-08-22,25,0,0,0,1.0,0.0,,1.3979400086720377
Monte Santo do Tocantins,2020-08-23,25,0,0,0,1.0,0.0,,1.3979400086720377
Monte Santo do Tocantins,2020-08-24,25,0,0,0,0.7142857142857143,0.0,,1.3979400086720377
Monte Santo do Tocantins,2020-08-25,26,1,0,0,0.7142857142857143,0.0,,1.414973347970818
Monte Santo do Tocantins,2020-08-26,26,0,0,0,0.7857142857142857,0.0,,1.414973347970818
Monte Santo do Tocantins,2020-08-27,27,1,0,0,0.8571428571428571,0.0,,1.4313637641589874
Monte Santo do Tocantins,2020-08-28,28,1,0,0,0.5714285714285714,0.0,,1.4471580313422192
Monte Santo do Tocantins,2020-08-29,29,1,0,0,0.6428571428571429,0.0,,1.462397997898956
Monte Santo do Tocantins,2020-08-30,29,0,0,0,0.6428571428571429,0.0,,1.462397997898956
Monte Santo do Tocantins,2020-08-31,30,1,0,0,0.5714285714285714,0.0,,1.4771212547196624
Monte Santo do Tocantins,2020-09-01,30,0,0,0,0.5714285714285714,0.0,,1.4771212547196624
Monte Santo do Tocantins,2020-09-02,30,0,0,0,0.5714285714285714,0.0,,1.4771212547196624
Monte Santo do Tocantins,2020-09-03,30,0,0,0,0.35714285714285715,0.0,,1.4771212547196624
Monte Santo do Tocantins,2020-09-04,30,0,0,0,0.35714285714285715,0.0,,1.4771212547196624
Monte Santo do Tocantins,2020-09-05,30,0,0,0,0.35714285714285715,0.0,,1.4771212547196624
Monte Santo do Tocantins,2020-09-06,30,0,0,0,0.35714285714285715,0.0,,1.4771212547196624
Monte Santo do Tocantins,2020-09-07,30,0,0,0,0.35714285714285715,0.0,,1.4771212547196624
Monte Santo do Tocantins,2020-09-08,30,0,0,0,0.2857142857142857,0.0,,1.4771212547196624
Monte Santo do Tocantins,2020-09-09,31,1,0,0,0.35714285714285715,0.0,,1.4913616938342726
Monte Santo do Tocantins,2020-09-10,31,0,0,0,0.2857142857142857,0.0,,1.4913616938342726
Monte Santo do Tocantins,2020-09-11,31,0,0,0,0.21428571428571427,0.0,,1.4913616938342726
Monte Santo do Tocantins,2020-09-12,31,0,0,0,0.14285714285714285,0.0,,1.4913616938342726
Monte Santo do Tocantins,2020-09-13,31,0,0,0,0.14285714285714285,0.0,,1.4913616938342726
Monte Santo do Tocantins,2020-09-14,31,0,0,0,0.07142857142857142,0.0,,1.4913616938342726
Monte Santo do Tocantins,2020-09-15,33,2,0,0,0.21428571428571427,0.0,,1.5185139398778875
Monte Santo do Tocantins,2020-09-16,33,0,0,0,0.21428571428571427,0.0,,1.5185139398778875
Monte Santo do Tocantins,2020-09-17,33,0,0,0,0.21428571428571427,0.0,,1.5185139398778875
Monte Santo do Tocantins,2020-09-18,33,0,0,0,0.21428571428571427,0.0,,1.5185139398778875
Monte Santo do Tocantins,2020-09-19,33,0,0,0,0.21428571428571427,0.0,,1.5185139398778875
Monte Santo do Tocantins,2020-09-20,34,1,0,0,0.2857142857142857,0.0,,1.5314789170422551
Monte Santo do Tocantins,2020-09-21,34,0,0,0,0.2857142857142857,0.0,,1.5314789170422551
Monte Santo do Tocantins,2020-09-22,35,1,0,0,0.35714285714285715,0.0,,1.5440680443502757
Monte Santo do Tocantins,2020-09-23,36,1,1,1,0.35714285714285715,0.07142857142857142,inf,1.5563025007672873
Monte Santo do Tocantins,2020-09-24,39,3,1,0,0.5714285714285714,0.07142857142857142,inf,1.591064607026499
Monte Santo do Tocantins,2020-09-25,41,2,1,0,0.7142857142857143,0.07142857142857142,inf,1.6127838567197355
Monte Santo do Tocantins,2020-09-26,45,4,1,0,1.0,0.07142857142857142,inf,1.6532125137753437
Monte Santo do Tocantins,2020-09-27,45,0,1,0,1.0,0.07142857142857142,inf,1.6532125137753437
Monte Santo do Tocantins,2020-09-28,45,0,1,0,1.0,0.07142857142857142,inf,1.6532125137753437
Monte Santo do Tocantins,2020-09-29,45,0,1,0,0.8571428571428571,0.07142857142857142,inf,1.6532125137753437
Monte Santo do Tocantins,2020-09-30,47,2,1,0,1.0,0.07142857142857142,inf,1.6720978579357175
Monte Santo do Tocantins,2020-10-01,47,0,1,0,1.0,0.07142857142857142,inf,1.6720978579357175
Monte Santo do Tocantins,2020-10-02,47,0,1,0,1.0,0.07142857142857142,inf,1.6720978579357175
Monte Santo do Tocantins,2020-10-03,47,0,1,0,1.0,0.07142857142857142,inf,1.6720978579357175
Monte Santo do Tocantins,2020-10-04,47,0,1,0,0.9285714285714286,0.07142857142857142,inf,1.6720978579357175
Monte Santo do Tocantins,2020-10-05,47,0,1,0,0.9285714285714286,0.07142857142857142,inf,1.6720978579357175
Monte Santo do Tocantins,2020-10-06,47,0,1,0,0.8571428571428571,0.07142857142857142,inf,1.6720978579357175
Monte Santo do Tocantins,2020-10-07,47,0,1,0,0.7857142857142857,0.0,-1.0,1.6720978579357175
Monte Santo do Tocantins,2020-10-08,47,0,1,0,0.5714285714285714,0.0,-1.0,1.6720978579357175
Monte Santo do Tocantins,2020-10-09,48,1,1,0,0.5,0.0,-1.0,1.6812412373755872
Monte Santo do Tocantins,2020-10-10,48,0,1,0,0.21428571428571427,0.0,-1.0,1.6812412373755872
Monte Santo do Tocantins,2020-10-11,48,0,1,0,0.21428571428571427,0.0,-1.0,1.6812412373755872
Monte Santo do Tocantins,2020-10-12,48,0,1,0,0.21428571428571427,0.0,-1.0,1.6812412373755872
Monte Santo do Tocantins,2020-10-13,48,0,1,0,0.21428571428571427,0.0,-1.0,1.6812412373755872
Monte Santo do Tocantins,2020-10-14,49,1,1,0,0.14285714285714285,0.0,-1.0,1.6901960800285136
Monte Santo do Tocantins,2020-10-15,49,0,1,0,0.14285714285714285,0.0,-1.0,1.6901960800285136
Monte Santo do Tocantins,2020-10-16,50,1,1,0,0.21428571428571427,0.0,-1.0,1.6989700043360187
Monte Santo do Tocantins,2020-10-17,51,1,1,0,0.2857142857142857,0.0,-1.0,1.7075701760979363
Monte Santo do Tocantins,2020-10-18,51,0,1,0,0.2857142857142857,0.0,-1.0,1.7075701760979363
Monte Santo do Tocantins,2020-10-19,51,0,1,0,0.2857142857142857,0.0,-1.0,1.7075701760979363
Monte Santo do Tocantins,2020-10-20,51,0,1,0,0.2857142857142857,0.0,-1.0,1.7075701760979363
Monte Santo do Tocantins,2020-10-21,51,0,1,0,0.2857142857142857,0.0,,1.7075701760979363
Monte Santo do Tocantins,2020-10-22,51,0,1,0,0.2857142857142857,0.0,,1.7075701760979363
Monte Santo do Tocantins,2020-10-23,51,0,1,0,0.21428571428571427,0.0,,1.7075701760979363
Monte Santo do Tocantins,2020-10-24,51,0,1,0,0.21428571428571427,0.0,,1.7075701760979363
Monte Santo do Tocantins,2020-10-25,51,0,1,0,0.21428571428571427,0.0,,1.7075701760979363
Monte Santo do Tocantins,2020-10-26,51,0,1,0,0.21428571428571427,0.0,,1.7075701760979363
Monte Santo do Tocantins,2020-10-27,51,0,1,0,0.21428571428571427,0.0,,1.7075701760979363
Monte Santo do Tocantins,2020-10-28,54,3,1,0,0.35714285714285715,0.0,,1.7323937598229686
Monte Santo do Tocantins,2020-10-29,54,0,1,0,0.35714285714285715,0.0,,1.7323937598229686
Monte Santo do Tocantins,2020-10-30,56,2,1,0,0.42857142857142855,0.0,,1.7481880270062005
Monte Santo do Tocantins,2020-10-31,56,0,1,0,0.35714285714285715,0.0,,1.7481880270062005
Monte Santo do Tocantins,2020-11-01,56,0,1,0,0.35714285714285715,0.0,,1.7481880270062005
Monte Santo do Tocantins,2020-11-02,56,0,1,0,0.35714285714285715,0.0,,1.7481880270062005
Monte Santo do Tocantins,2020-11-03,56,0,1,0,0.35714285714285715,0.0,,1.7481880270062005
Monte Santo do Tocantins,2020-11-04,56,0,1,0,0.35714285714285715,0.0,,1.7481880270062005
Monte Santo do Tocantins,2020-11-05,56,0,1,0,0.35714285714285715,0.0,,1.7481880270062005
Monte Santo do Tocantins,2020-11-06,56,0,1,0,0.35714285714285715,0.0,,1.7481880270062005
Monte Santo do Tocantins,2020-11-07,56,0,1,0,0.35714285714285715,0.0,,1.7481880270062005
Monte Santo do Tocantins,2020-11-08,56,0,1,0,0.35714285714285715,0.0,,1.7481880270062005
Monte Santo do Tocantins,2020-11-09,56,0,1,0,0.35714285714285715,0.0,,1.7481880270062005
Monte Santo do Tocantins,2020-11-10,56,0,1,0,0.35714285714285715,0.0,,1.7481880270062005
Monte Santo do Tocantins,2020-11-11,56,0,1,0,0.14285714285714285,0.0,,1.7481880270062005
Monte Santo do Tocantins,2020-11-12,56,0,1,0,0.14285714285714285,0.0,,1.7481880270062005
Monte Santo do Tocantins,2020-11-13,57,1,1,0,0.07142857142857142,0.0,,1.7558748556724915
Monte Santo do Tocantins,2020-11-14,57,0,1,0,0.07142857142857142,0.0,,1.7558748556724915
Monte Santo do Tocantins,2020-11-15,57,0,1,0,0.07142857142857142,0.0,,1.7558748556724915
Monte Santo do Tocantins,2020-11-16,57,0,1,0,0.07142857142857142,0.0,,1.7558748556724915
Monte Santo do Tocantins,2020-11-17,57,0,1,0,0.07142857142857142,0.0,,1.7558748556724915
Monte Santo do Tocantins,2020-11-18,57,0,1,0,0.07142857142857142,0.0,,1.7558748556724915
Monte Santo do Tocantins,2020-11-19,57,0,1,0,0.07142857142857142,0.0,,1.7558748556724915
Monte Santo do Tocantins,2020-11-20,57,0,1,0,0.07142857142857142,0.0,,1.7558748556724915
Monte Santo do Tocantins,2020-11-21,57,0,1,0,0.07142857142857142,0.0,,1.7558748556724915
Monte Santo do Tocantins,2020-11-22,57,0,1,0,0.07142857142857142,0.0,,1.7558748556724915
Monte Santo do Tocantins,2020-11-23,57,0,1,0,0.07142857142857142,0.0,,1.7558748556724915
Monte Santo do Tocantins,2020-11-24,57,0,1,0,0.07142857142857142,0.0,,1.7558748556724915
Monte Santo do Tocantins,2020-11-25,57,0,1,0,0.07142857142857142,0.0,,1.7558748556724915
Monte Santo do Tocantins,2020-11-26,57,0,1,0,0.07142857142857142,0.0,,1.7558748556724915
Monte Santo do Tocantins,2020-11-27,57,0,1,0,0.0,0.0,,1.7558748556724915
Monte Santo do Tocantins,2020-11-28,57,0,1,0,0.0,0.0,,1.7558748556724915
Monte Santo do Tocantins,2020-11-29,57,0,1,0,0.0,0.0,,1.7558748556724915
Monte Santo do Tocantins,2020-11-30,57,0,1,0,0.0,0.0,,1.7558748556724915
Monte Santo do Tocantins,2020-12-01,57,0,1,0,0.0,0.0,,1.7558748556724915
Monte Santo do Tocantins,2020-12-02,57,0,1,0,0.0,0.0,,1.7558748556724915
Monte Santo do Tocantins,2020-12-03,57,0,1,0,0.0,0.0,,1.7558748556724915
Monte Santo do Tocantins,2020-12-04,57,0,1,0,0.0,0.0,,1.7558748556724915
Monte Santo do Tocantins,2020-12-05,57,0,1,0,0.0,0.0,,1.7558748556724915
Monte Santo do Tocantins,2020-12-06,57,0,1,0,0.0,0.0,,1.7558748556724915
Monte Santo do Tocantins,2020-12-07,57,0,1,0,0.0,0.0,,1.7558748556724915
Monte Santo do Tocantins,2020-12-08,57,0,1,0,0.0,0.0,,1.7558748556724915
Monte Santo do Tocantins,2020-12-09,57,0,1,0,0.0,0.0,,1.7558748556724915
Monte Santo do Tocantins,2020-12-10,57,0,1,0,0.0,0.0,,1.7558748556724915
Monte Santo do Tocantins,2020-12-11,57,0,1,0,0.0,0.0,,1.7558748556724915
Monte Santo do Tocantins,2020-12-12,57,0,1,0,0.0,0.0,,1.7558748556724915
Monte Santo do Tocantins,2020-12-13,57,0,1,0,0.0,0.0,,1.7558748556724915
Monte Santo do Tocantins,2020-12-14,57,0,1,0,0.0,0.0,,1.7558748556724915
Monte Santo do Tocantins,2020-12-15,57,0,1,0,0.0,0.0,,1.7558748556724915
Monte Santo do Tocantins,2020-12-16,57,0,1,0,0.0,0.0,,1.7558748556724915
Monte Santo do Tocantins,2020-12-17,57,0,1,0,0.0,0.0,,1.7558748556724915
Monte Santo do Tocantins,2020-12-18,57,0,1,0,0.0,0.0,,1.7558748556724915
Monte Santo do Tocantins,2020-12-19,57,0,1,0,0.0,0.0,,1.7558748556724915
Monte Santo do Tocantins,2020-12-20,57,0,1,0,0.0,0.0,,1.7558748556724915
Monte Santo do Tocantins,2020-12-21,57,0,1,0,0.0,0.0,,1.7558748556724915
Monte Santo do Tocantins,2020-12-22,57,0,1,0,0.0,0.0,,1.7558748556724915
Monte Santo do Tocantins,2020-12-23,57,0,1,0,0.0,0.0,,1.7558748556724915
Monte Santo do Tocantins,2020-12-24,57,0,1,0,0.0,0.0,,1.7558748556724915
Monte Santo do Tocantins,2020-12-25,57,0,1,0,0.0,0.0,,1.7558748556724915
Monte Santo do Tocantins,2020-12-26,57,0,1,0,0.0,0.0,,1.7558748556724915
Monte Santo do Tocantins,2020-12-27,57,0,1,0,0.0,0.0,,1.7558748556724915
Monte Santo do Tocantins,2020-12-28,57,0,1,0,0.0,0.0,,1.7558748556724915
Monte Santo do Tocantins,2020-12-29,57,0,1,0,0.0,0.0,,1.7558748556724915
Monte Santo do Tocantins,2020-12-30,57,0,1,0,0.0,0.0,,1.7558748556724915
Monte Santo do Tocantins,2020-12-31,57,0,1,0,0.0,0.0,,1.7558748556724915
Monte Santo do Tocantins,2021-01-01,57,0,1,0,0.0,0.0,,1.7558748556724915
Monte Santo do Tocantins,2021-01-02,57,0,1,0,0.0,0.0,,1.7558748556724915
Monte Santo do Tocantins,2021-01-03,57,0,1,0,0.0,0.0,,1.7558748556724915
Monte Santo do Tocantins,2021-01-04,57,0,1,0,0.0,0.0,,1.7558748556724915
Monte Santo do Tocantins,2021-01-05,57,0,1,0,0.0,0.0,,1.7558748556724915
Monte Santo do Tocantins,2021-01-06,57,0,1,0,0.0,0.0,,1.7558748556724915
Monte Santo do Tocantins,2021-01-07,57,0,1,0,0.0,0.0,,1.7558748556724915
Monte Santo do Tocantins,2021-01-08,57,0,1,0,0.0,0.0,,1.7558748556724915
Monte Santo do Tocantins,2021-01-09,57,0,1,0,0.0,0.0,,1.7558748556724915
Monte Santo do Tocantins,2021-01-10,57,0,1,0,0.0,0.0,,1.7558748556724915
Monte Santo do Tocantins,2021-01-11,57,0,1,0,0.0,0.0,,1.7558748556724915
Monte Santo do Tocantins,2021-01-12,57,0,1,0,0.0,0.0,,1.7558748556724915
Monte Santo do Tocantins,2021-01-13,59,2,1,0,0.14285714285714285,0.0,,1.7708520116421442
Monte Santo do Tocantins,2021-01-14,60,1,1,0,0.21428571428571427,0.0,,1.7781512503836436
Monte Santo do Tocantins,2021-01-15,60,0,1,0,0.21428571428571427,0.0,,1.7781512503836436
Monte Santo do Tocantins,2021-01-16,60,0,1,0,0.21428571428571427,0.0,,1.7781512503836436
Monte Santo do Tocantins,2021-01-17,60,0,1,0,0.21428571428571427,0.0,,1.7781512503836436
Monte Santo do Tocantins,2021-01-18,60,0,1,0,0.21428571428571427,0.0,,1.7781512503836436
Monte Santo do Tocantins,2021-01-19,61,1,1,0,0.2857142857142857,0.0,,1.7853298350107671
Monte Santo do Tocantins,2021-01-20,61,0,1,0,0.2857142857142857,0.0,,1.7853298350107671
Palmeiras do Tocantins,2020-03-27,0,0,0,0,,,,0.0
Palmeiras do Tocantins,2020-03-28,0,0,0,0,,,,0.0
Palmeiras do Tocantins,2020-03-29,0,0,0,0,,,,0.0
Palmeiras do Tocantins,2020-03-30,0,0,0,0,,,,0.0
Palmeiras do Tocantins,2020-03-31,0,0,0,0,,,,0.0
Palmeiras do Tocantins,2020-04-01,0,0,0,0,,,,0.0
Palmeiras do Tocantins,2020-04-02,0,0,0,0,,,,0.0
Palmeiras do Tocantins,2020-04-03,0,0,0,0,,,,0.0
Palmeiras do Tocantins,2020-04-04,0,0,0,0,,,,0.0
Palmeiras do Tocantins,2020-04-05,0,0,0,0,,,,0.0
Palmeiras do Tocantins,2020-04-06,0,0,0,0,,,,0.0
Palmeiras do Tocantins,2020-04-07,0,0,0,0,,,,0.0
Palmeiras do Tocantins,2020-04-08,0,0,0,0,,,,0.0
Palmeiras do Tocantins,2020-04-09,0,0,0,0,0.0,0.0,,0.0
Palmeiras do Tocantins,2020-04-10,0,0,0,0,0.0,0.0,,0.0
Palmeiras do Tocantins,2020-04-11,0,0,0,0,0.0,0.0,,0.0
Palmeiras do Tocantins,2020-04-12,0,0,0,0,0.0,0.0,,0.0
Palmeiras do Tocantins,2020-04-13,0,0,0,0,0.0,0.0,,0.0
Palmeiras do Tocantins,2020-04-14,0,0,0,0,0.0,0.0,,0.0
Palmeiras do Tocantins,2020-04-15,0,0,0,0,0.0,0.0,,0.0
Palmeiras do Tocantins,2020-04-16,0,0,0,0,0.0,0.0,,0.0
Palmeiras do Tocantins,2020-04-17,0,0,0,0,0.0,0.0,,0.0
Palmeiras do Tocantins,2020-04-18,0,0,0,0,0.0,0.0,,0.0
Palmeiras do Tocantins,2020-04-19,0,0,0,0,0.0,0.0,,0.0
Palmeiras do Tocantins,2020-04-20,0,0,0,0,0.0,0.0,,0.0
Palmeiras do Tocantins,2020-04-21,0,0,0,0,0.0,0.0,,0.0
Palmeiras do Tocantins,2020-04-22,0,0,0,0,0.0,0.0,,0.0
Palmeiras do Tocantins,2020-04-23,0,0,0,0,0.0,0.0,,0.0
Palmeiras do Tocantins,2020-04-24,0,0,0,0,0.0,0.0,,0.0
Palmeiras do Tocantins,2020-04-25,0,0,0,0,0.0,0.0,,0.0
Palmeiras do Tocantins,2020-04-26,0,0,0,0,0.0,0.0,,0.0
Palmeiras do Tocantins,2020-04-27,0,0,0,0,0.0,0.0,,0.0
Palmeiras do Tocantins,2020-04-28,0,0,0,0,0.0,0.0,,0.0
Palmeiras do Tocantins,2020-04-29,0,0,0,0,0.0,0.0,,0.0
Palmeiras do Tocantins,2020-04-30,0,0,0,0,0.0,0.0,,0.0
Palmeiras do Tocantins,2020-05-01,0,0,0,0,0.0,0.0,,0.0
Palmeiras do Tocantins,2020-05-02,0,0,0,0,0.0,0.0,,0.0
Palmeiras do Tocantins,2020-05-03,0,0,0,0,0.0,0.0,,0.0
Palmeiras do Tocantins,2020-05-04,0,0,0,0,0.0,0.0,,0.0
Palmeiras do Tocantins,2020-05-05,0,0,0,0,0.0,0.0,,0.0
Palmeiras do Tocantins,2020-05-06,1,1,0,0,0.07142857142857142,0.0,,0.0
Palmeiras do Tocantins,2020-05-07,1,0,0,0,0.07142857142857142,0.0,,0.0
Palmeiras do Tocantins,2020-05-08,1,0,0,0,0.07142857142857142,0.0,,0.0
Palmeiras do Tocantins,2020-05-09,1,0,0,0,0.07142857142857142,0.0,,0.0
Palmeiras do Tocantins,2020-05-10,1,0,0,0,0.07142857142857142,0.0,,0.0
Palmeiras do Tocantins,2020-05-11,1,0,0,0,0.07142857142857142,0.0,,0.0
Palmeiras do Tocantins,2020-05-12,1,0,0,0,0.07142857142857142,0.0,,0.0
Palmeiras do Tocantins,2020-05-13,1,0,0,0,0.07142857142857142,0.0,,0.0
Palmeiras do Tocantins,2020-05-14,1,0,0,0,0.07142857142857142,0.0,,0.0
Palmeiras do Tocantins,2020-05-15,1,0,0,0,0.07142857142857142,0.0,,0.0
Palmeiras do Tocantins,2020-05-16,1,0,0,0,0.07142857142857142,0.0,,0.0
Palmeiras do Tocantins,2020-05-17,3,2,0,0,0.21428571428571427,0.0,,0.47712125471966244
Palmeiras do Tocantins,2020-05-18,3,0,0,0,0.21428571428571427,0.0,,0.47712125471966244
Palmeiras do Tocantins,2020-05-19,3,0,0,0,0.21428571428571427,0.0,,0.47712125471966244
Palmeiras do Tocantins,2020-05-20,3,0,0,0,0.14285714285714285,0.0,,0.47712125471966244
Palmeiras do Tocantins,2020-05-21,5,2,0,0,0.2857142857142857,0.0,,0.6989700043360189
Palmeiras do Tocantins,2020-05-22,6,1,0,0,0.35714285714285715,0.0,,0.7781512503836436
Palmeiras do Tocantins,2020-05-23,6,0,0,0,0.35714285714285715,0.0,,0.7781512503836436
Palmeiras do Tocantins,2020-05-24,9,3,0,0,0.5714285714285714,0.0,,0.9542425094393249
Palmeiras do Tocantins,2020-05-25,9,0,0,0,0.5714285714285714,0.0,,0.9542425094393249
Palmeiras do Tocantins,2020-05-26,8,-1,0,0,0.5,0.0,,0.9030899869919435
Palmeiras do Tocantins,2020-05-27,13,5,0,0,0.8571428571428571,0.0,,1.1139433523068367
Palmeiras do Tocantins,2020-05-28,15,2,0,0,1.0,0.0,,1.1760912590556813
Palmeiras do Tocantins,2020-05-29,16,1,0,0,1.0714285714285714,0.0,,1.2041199826559248
Palmeiras do Tocantins,2020-05-30,24,8,0,0,1.6428571428571428,0.0,,1.380211241711606
Palmeiras do Tocantins,2020-05-31,30,6,0,0,1.9285714285714286,0.0,,1.4771212547196624
Palmeiras do Tocantins,2020-06-01,30,0,0,0,1.9285714285714286,0.0,,1.4771212547196624
Palmeiras do Tocantins,2020-06-02,31,1,0,0,2.0,0.0,,1.4913616938342726
Palmeiras do Tocantins,2020-06-03,39,8,1,1,2.5714285714285716,0.07142857142857142,inf,1.591064607026499
Palmeiras do Tocantins,2020-06-04,40,1,1,0,2.5,0.07142857142857142,inf,1.6020599913279625
Palmeiras do Tocantins,2020-06-05,40,0,1,0,2.4285714285714284,0.07142857142857142,inf,1.6020599913279625
Palmeiras do Tocantins,2020-06-06,42,2,1,0,2.5714285714285716,0.07142857142857142,inf,1.6232492903979006
Palmeiras do Tocantins,2020-06-07,42,0,1,0,2.357142857142857,0.07142857142857142,inf,1.6232492903979006
Palmeiras do Tocantins,2020-06-08,42,0,1,0,2.357142857142857,0.07142857142857142,inf,1.6232492903979006
Palmeiras do Tocantins,2020-06-09,45,3,1,0,2.642857142857143,0.07142857142857142,inf,1.6532125137753437
Palmeiras do Tocantins,2020-06-10,45,0,1,0,2.2857142857142856,0.07142857142857142,inf,1.6532125137753437
Palmeiras do Tocantins,2020-06-11,46,1,1,0,2.2142857142857144,0.07142857142857142,inf,1.662757831681574
Palmeiras do Tocantins,2020-06-12,46,0,1,0,2.142857142857143,0.07142857142857142,inf,1.662757831681574
Palmeiras do Tocantins,2020-06-13,47,1,1,0,1.6428571428571428,0.07142857142857142,inf,1.6720978579357175
Palmeiras do Tocantins,2020-06-14,47,0,1,0,1.2142857142857142,0.07142857142857142,inf,1.6720978579357175
Palmeiras do Tocantins,2020-06-15,47,0,1,0,1.2142857142857142,0.07142857142857142,inf,1.6720978579357175
Palmeiras do Tocantins,2020-06-16,48,1,1,0,1.2142857142857142,0.07142857142857142,inf,1.6812412373755872
Palmeiras do Tocantins,2020-06-17,52,4,1,0,0.9285714285714286,0.0,-1.0,1.7160033436347992
Palmeiras do Tocantins,2020-06-18,54,2,1,0,1.0,0.0,-1.0,1.7323937598229686
Palmeiras do Tocantins,2020-06-19,54,0,1,0,1.0,0.0,-1.0,1.7323937598229686
Palmeiras do Tocantins,2020-06-20,54,0,1,0,0.8571428571428571,0.0,-1.0,1.7323937598229686
Palmeiras do Tocantins,2020-06-21,54,0,1,0,0.8571428571428571,0.0,-1.0,1.7323937598229686
Palmeiras do Tocantins,2020-06-22,54,0,1,0,0.8571428571428571,0.0,-1.0,1.7323937598229686
Palmeiras do Tocantins,2020-06-23,55,1,1,0,0.7142857142857143,0.0,-1.0,1.7403626894942439
Palmeiras do Tocantins,2020-06-24,55,0,0,-1,0.7142857142857143,-0.07142857142857142,-2.0,1.7403626894942439
Palmeiras do Tocantins,2020-06-25,59,4,1,1,0.9285714285714286,0.0,-1.0,1.7708520116421442
Palmeiras do Tocantins,2020-06-26,59,0,1,0,0.9285714285714286,0.0,-1.0,1.7708520116421442
Palmeiras do Tocantins,2020-06-27,59,0,1,0,0.8571428571428571,0.0,-1.0,1.7708520116421442
Palmeiras do Tocantins,2020-06-28,59,0,1,0,0.8571428571428571,0.0,-1.0,1.7708520116421442
Palmeiras do Tocantins,2020-06-29,59,0,1,0,0.8571428571428571,0.0,-1.0,1.7708520116421442
Palmeiras do Tocantins,2020-06-30,62,3,1,0,1.0,0.0,-1.0,1.792391689498254
Palmeiras do Tocantins,2020-07-01,64,2,1,0,0.8571428571428571,0.0,,1.806179973983887
Palmeiras do Tocantins,2020-07-02,66,2,1,0,0.8571428571428571,0.0,,1.8195439355418688
Palmeiras do Tocantins,2020-07-03,67,1,1,0,0.9285714285714286,0.0,,1.8260748027008264
Palmeiras do Tocantins,2020-07-04,67,0,1,0,0.9285714285714286,0.0,,1.8260748027008264
Palmeiras do Tocantins,2020-07-05,67,0,1,0,0.9285714285714286,0.0,,1.8260748027008264
Palmeiras do Tocantins,2020-07-06,67,0,1,0,0.9285714285714286,0.0,,1.8260748027008264
Palmeiras do Tocantins,2020-07-07,73,6,1,0,1.2857142857142858,0.0,,1.863322860120456
Palmeiras do Tocantins,2020-07-08,73,0,1,0,1.2857142857142858,0.07142857142857142,-2.0,1.863322860120456
Palmeiras do Tocantins,2020-07-09,74,1,1,0,1.0714285714285714,0.0,,1.8692317197309762
Palmeiras do Tocantins,2020-07-10,82,8,1,0,1.6428571428571428,0.0,,1.9138138523837167
Palmeiras do Tocantins,2020-07-11,86,4,1,0,1.9285714285714286,0.0,,1.9344984512435677
Palmeiras do Tocantins,2020-07-12,85,-1,1,0,1.8571428571428572,0.0,,1.9294189257142929
Palmeiras do Tocantins,2020-07-13,85,0,1,0,1.8571428571428572,0.0,,1.9294189257142929
Palmeiras do Tocantins,2020-07-14,88,3,1,0,1.8571428571428572,0.0,,1.9444826721501687
Palmeiras do Tocantins,2020-07-15,92,4,1,0,2.0,0.0,,1.9637878273455553
Palmeiras do Tocantins,2020-07-16,95,3,1,0,2.0714285714285716,0.0,,1.9777236052888478
Palmeiras do Tocantins,2020-07-17,96,1,1,0,2.0714285714285716,0.0,,1.9822712330395684
Palmeiras do Tocantins,2020-07-18,96,0,1,0,2.0714285714285716,0.0,,1.9822712330395684
Palmeiras do Tocantins,2020-07-19,100,4,1,0,2.357142857142857,0.0,,2.0
Palmeiras do Tocantins,2020-07-20,100,0,1,0,2.357142857142857,0.0,,2.0
Palmeiras do Tocantins,2020-07-21,100,0,2,1,1.9285714285714286,0.07142857142857142,inf,2.0
Palmeiras do Tocantins,2020-07-22,107,7,2,0,2.4285714285714284,0.07142857142857142,0.0,2.0293837776852097
Palmeiras do Tocantins,2020-07-23,107,0,2,0,2.357142857142857,0.07142857142857142,inf,2.0293837776852097
Palmeiras do Tocantins,2020-07-24,115,8,2,0,2.357142857142857,0.07142857142857142,inf,2.060697840353612
Palmeiras do Tocantins,2020-07-25,118,3,2,0,2.2857142857142856,0.07142857142857142,inf,2.0718820073061255
Palmeiras do Tocantins,2020-07-26,118,0,2,0,2.357142857142857,0.07142857142857142,inf,2.0718820073061255
Palmeiras do Tocantins,2020-07-27,118,0,2,0,2.357142857142857,0.07142857142857142,inf,2.0718820073061255
Palmeiras do Tocantins,2020-07-28,124,6,2,0,2.5714285714285716,0.07142857142857142,inf,2.093421685162235
Palmeiras do Tocantins,2020-07-29,126,2,2,0,2.4285714285714284,0.07142857142857142,inf,2.100370545117563
Palmeiras do Tocantins,2020-07-30,126,0,2,0,2.2142857142857144,0.07142857142857142,inf,2.100370545117563
Palmeiras do Tocantins,2020-07-31,126,0,2,0,2.142857142857143,0.07142857142857142,inf,2.100370545117563
Palmeiras do Tocantins,2020-08-01,126,0,2,0,2.142857142857143,0.07142857142857142,inf,2.100370545117563
Palmeiras do Tocantins,2020-08-02,128,2,2,0,2.0,0.07142857142857142,inf,2.1072099696478683
Palmeiras do Tocantins,2020-08-03,128,0,2,0,2.0,0.07142857142857142,inf,2.1072099696478683
Palmeiras do Tocantins,2020-08-04,139,11,2,0,2.7857142857142856,0.0,-1.0,2.143014800254095
Palmeiras do Tocantins,2020-08-05,141,2,2,0,2.4285714285714284,0.0,-1.0,2.1492191126553797
Palmeiras do Tocantins,2020-08-06,143,2,2,0,2.5714285714285716,0.0,-1.0,2.155336037465062
Palmeiras do Tocantins,2020-08-07,144,1,2,0,2.0714285714285716,0.0,-1.0,2.1583624920952498
Palmeiras do Tocantins,2020-08-08,147,3,2,0,2.0714285714285716,0.0,-1.0,2.167317334748176
Palmeiras do Tocantins,2020-08-09,148,1,2,0,2.142857142857143,0.0,-1.0,2.1702617153949575
Palmeiras do Tocantins,2020-08-10,148,0,2,0,2.142857142857143,0.0,-1.0,2.1702617153949575
Palmeiras do Tocantins,2020-08-11,150,2,2,0,1.8571428571428572,0.0,-1.0,2.1760912590556813
Palmeiras do Tocantins,2020-08-12,156,6,2,0,2.142857142857143,0.0,-1.0,2.1931245983544616
Palmeiras do Tocantins,2020-08-13,161,5,2,0,2.5,0.0,-1.0,2.2068258760318495
Palmeiras do Tocantins,2020-08-14,166,5,2,0,2.857142857142857,0.0,-1.0,2.220108088040055
Palmeiras do Tocantins,2020-08-15,181,15,2,0,3.9285714285714284,0.0,-1.0,2.2576785748691846
Palmeiras do Tocantins,2020-08-16,181,0,2,0,3.7857142857142856,0.0,-1.0,2.2576785748691846
Palmeiras do Tocantins,2020-08-17,181,0,2,0,3.7857142857142856,0.0,-1.0,2.2576785748691846
Palmeiras do Tocantins,2020-08-18,182,1,2,0,3.0714285714285716,0.0,,2.2600713879850747
Palmeiras do Tocantins,2020-08-19,193,11,2,0,3.7142857142857144,0.0,,2.285557309007774
Palmeiras do Tocantins,2020-08-20,199,6,2,0,4.0,0.0,,2.298853076409707
Palmeiras do Tocantins,2020-08-21,206,7,2,0,4.428571428571429,0.0,,2.3138672203691533
Palmeiras do Tocantins,2020-08-22,218,12,2,0,5.071428571428571,0.0,,2.3384564936046046
Palmeiras do Tocantins,2020-08-23,218,0,2,0,5.0,0.0,,2.3384564936046046
Palmeiras do Tocantins,2020-08-24,218,0,2,0,5.0,0.0,,2.3384564936046046
Palmeiras do Tocantins,2020-08-25,230,12,2,0,5.714285714285714,0.0,,2.361727836017593
Palmeiras do Tocantins,2020-08-26,233,3,2,0,5.5,0.0,,2.367355921026019
Palmeiras do Tocantins,2020-08-27,235,2,2,0,5.285714285714286,0.0,,2.3710678622717363
Palmeiras do Tocantins,2020-08-28,236,1,2,0,5.0,0.0,,2.3729120029701067
Palmeiras do Tocantins,2020-08-29,240,4,2,0,4.214285714285714,0.0,,2.380211241711606
Palmeiras do Tocantins,2020-08-30,240,0,2,0,4.214285714285714,0.0,,2.380211241711606
Palmeiras do Tocantins,2020-08-31,241,1,2,0,4.285714285714286,0.0,,2.3820170425748683
Palmeiras do Tocantins,2020-09-01,245,4,2,0,4.5,0.0,,2.3891660843645326
Palmeiras do Tocantins,2020-09-02,245,0,2,0,3.7142857142857144,0.0,,2.3891660843645326
Palmeiras do Tocantins,2020-09-03,244,-1,2,0,3.2142857142857144,0.0,,2.3873898263387296
Palmeiras do Tocantins,2020-09-04,260,16,3,1,3.857142857142857,0.07142857142857142,inf,2.4149733479708178
Palmeiras do Tocantins,2020-09-05,271,11,3,0,3.7857142857142856,0.07142857142857142,inf,2.432969290874406
Palmeiras do Tocantins,2020-09-06,271,0,3,0,3.7857142857142856,0.07142857142857142,inf,2.432969290874406
Palmeiras do Tocantins,2020-09-07,271,0,3,0,3.7857142857142856,0.07142857142857142,inf,2.432969290874406
Palmeiras do Tocantins,2020-09-08,271,0,3,0,2.9285714285714284,0.07142857142857142,inf,2.432969290874406
Palmeiras do Tocantins,2020-09-09,271,0,3,0,2.7142857142857144,0.07142857142857142,inf,2.432969290874406
Palmeiras do Tocantins,2020-09-10,273,2,3,0,2.7142857142857144,0.07142857142857142,inf,2.436162647040756
Palmeiras do Tocantins,2020-09-11,278,5,3,0,3.0,0.07142857142857142,inf,2.444044795918076
Palmeiras do Tocantins,2020-09-12,281,3,3,0,2.9285714285714284,0.07142857142857142,inf,2.44870631990508
Palmeiras do Tocantins,2020-09-13,282,1,3,0,3.0,0.07142857142857142,inf,2.450249108319361
Palmeiras do Tocantins,2020-09-14,282,0,3,0,2.9285714285714284,0.07142857142857142,inf,2.450249108319361
Palmeiras do Tocantins,2020-09-15,282,0,3,0,2.642857142857143,0.07142857142857142,inf,2.450249108319361
Palmeiras do Tocantins,2020-09-16,293,11,3,0,3.4285714285714284,0.07142857142857142,inf,2.4668676203541096
Palmeiras do Tocantins,2020-09-17,297,4,3,0,3.7857142857142856,0.07142857142857142,inf,2.4727564493172123
Palmeiras do Tocantins,2020-09-18,297,0,3,0,2.642857142857143,0.0,-1.0,2.4727564493172123
Palmeiras do Tocantins,2020-09-19,300,3,3,0,2.0714285714285716,0.0,-1.0,2.4771212547196626
Palmeiras do Tocantins,2020-09-20,300,0,3,0,2.0714285714285716,0.0,-1.0,2.4771212547196626
Palmeiras do Tocantins,2020-09-21,300,0,3,0,2.0714285714285716,0.0,-1.0,2.4771212547196626
Palmeiras do Tocantins,2020-09-22,303,3,3,0,2.2857142857142856,0.0,-1.0,2.481442628502305
Palmeiras do Tocantins,2020-09-23,310,7,3,0,2.7857142857142856,0.0,-1.0,2.4913616938342726
Palmeiras do Tocantins,2020-09-24,319,9,3,0,3.2857142857142856,0.0,-1.0,2.503790683057181
Palmeiras do Tocantins,2020-09-25,319,0,3,0,2.9285714285714284,0.0,-1.0,2.503790683057181
Palmeiras do Tocantins,2020-09-26,318,-1,3,0,2.642857142857143,0.0,-1.0,2.5024271199844326
Palmeiras do Tocantins,2020-09-27,319,1,4,1,2.642857142857143,0.07142857142857142,0.0,2.503790683057181
Palmeiras do Tocantins,2020-09-28,319,0,4,0,2.642857142857143,0.07142857142857142,0.0,2.503790683057181
Palmeiras do Tocantins,2020-09-29,325,6,4,0,3.0714285714285716,0.07142857142857142,0.0,2.5118833609788744
Palmeiras do Tocantins,2020-09-30,327,2,4,0,2.4285714285714284,0.07142857142857142,0.0,2.514547752660286
Palmeiras do Tocantins,2020-10-01,347,20,5,1,3.5714285714285716,0.14285714285714285,1.0,2.5403294747908736
Palmeiras do Tocantins,2020-10-02,348,1,5,0,3.642857142857143,0.14285714285714285,inf,2.5415792439465807
Palmeiras do Tocantins,2020-10-03,348,0,5,0,3.4285714285714284,0.14285714285714285,inf,2.5415792439465807
Palmeiras do Tocantins,2020-10-04,348,0,5,0,3.4285714285714284,0.14285714285714285,inf,2.5415792439465807
Palmeiras do Tocantins,2020-10-05,348,0,5,0,3.4285714285714284,0.14285714285714285,inf,2.5415792439465807
Palmeiras do Tocantins,2020-10-06,348,0,5,0,3.2142857142857144,0.14285714285714285,inf,2.5415792439465807
Palmeiras do Tocantins,2020-10-07,349,1,5,0,2.7857142857142856,0.14285714285714285,inf,2.5428254269591797
Palmeiras do Tocantins,2020-10-08,352,3,5,0,2.357142857142857,0.14285714285714285,inf,2.546542663478131
Palmeiras do Tocantins,2020-10-09,352,0,5,0,2.357142857142857,0.14285714285714285,inf,2.546542663478131
Palmeiras do Tocantins,2020-10-10,352,0,5,0,2.4285714285714284,0.14285714285714285,inf,2.546542663478131
Palmeiras do Tocantins,2020-10-11,352,0,5,0,2.357142857142857,0.07142857142857142,0.0,2.546542663478131
Palmeiras do Tocantins,2020-10-12,352,0,5,0,2.357142857142857,0.07142857142857142,0.0,2.546542663478131
Palmeiras do Tocantins,2020-10-13,352,0,5,0,1.9285714285714286,0.07142857142857142,0.0,2.546542663478131
Palmeiras do Tocantins,2020-10-14,353,1,5,0,1.8571428571428572,0.07142857142857142,0.0,2.5477747053878224
Palmeiras do Tocantins,2020-10-15,354,1,5,0,0.5,0.0,-1.0,2.5490032620257876
Palmeiras do Tocantins,2020-10-16,355,1,5,0,0.5,0.0,-1.0,2.550228353055094
Palmeiras do Tocantins,2020-10-17,355,0,5,0,0.5,0.0,-1.0,2.550228353055094
Palmeiras do Tocantins,2020-10-18,355,0,5,0,0.5,0.0,-1.0,2.550228353055094
Palmeiras do Tocantins,2020-10-19,355,0,5,0,0.5,0.0,-1.0,2.550228353055094
Palmeiras do Tocantins,2020-10-20,355,0,5,0,0.5,0.0,-1.0,2.550228353055094
Palmeiras do Tocantins,2020-10-21,355,0,5,0,0.42857142857142855,0.0,-1.0,2.550228353055094
Palmeiras do Tocantins,2020-10-22,355,0,5,0,0.21428571428571427,0.0,-1.0,2.550228353055094
Palmeiras do Tocantins,2020-10-23,358,3,5,0,0.42857142857142855,0.0,-1.0,2.5538830266438746
Palmeiras do Tocantins,2020-10-24,358,0,5,0,0.42857142857142855,0.0,-1.0,2.5538830266438746
Palmeiras do Tocantins,2020-10-25,358,0,5,0,0.42857142857142855,0.0,-1.0,2.5538830266438746
Palmeiras do Tocantins,2020-10-26,358,0,5,0,0.42857142857142855,0.0,-1.0,2.5538830266438746
Palmeiras do Tocantins,2020-10-27,358,0,5,0,0.42857142857142855,0.0,-1.0,2.5538830266438746
Palmeiras do Tocantins,2020-10-28,358,0,5,0,0.35714285714285715,0.0,-1.0,2.5538830266438746
Palmeiras do Tocantins,2020-10-29,358,0,5,0,0.2857142857142857,0.0,,2.5538830266438746
Palmeiras do Tocantins,2020-10-30,358,0,5,0,0.21428571428571427,0.0,,2.5538830266438746
Palmeiras do Tocantins,2020-10-31,358,0,5,0,0.21428571428571427,0.0,,2.5538830266438746
Palmeiras do Tocantins,2020-11-01,358,0,5,0,0.21428571428571427,0.0,,2.5538830266438746
Palmeiras do Tocantins,2020-11-02,358,0,5,0,0.21428571428571427,0.0,,2.5538830266438746
Palmeiras do Tocantins,2020-11-03,358,0,5,0,0.21428571428571427,0.0,,2.5538830266438746
Palmeiras do Tocantins,2020-11-04,359,1,5,0,0.2857142857142857,0.0,,2.5550944485783194
Palmeiras do Tocantins,2020-11-05,359,0,5,0,0.2857142857142857,0.0,,2.5550944485783194
Palmeiras do Tocantins,2020-11-06,360,1,5,0,0.14285714285714285,0.0,,2.5563025007672873
Palmeiras do Tocantins,2020-11-07,360,0,5,0,0.14285714285714285,0.0,,2.5563025007672873
Palmeiras do Tocantins,2020-11-08,360,0,5,0,0.14285714285714285,0.0,,2.5563025007672873
Palmeiras do Tocantins,2020-11-09,360,0,5,0,0.14285714285714285,0.0,,2.5563025007672873
Palmeiras do Tocantins,2020-11-10,361,1,5,0,0.21428571428571427,0.0,,2.5575072019056577
Palmeiras do Tocantins,2020-11-11,361,0,5,0,0.21428571428571427,0.0,,2.5575072019056577
Palmeiras do Tocantins,2020-11-12,361,0,5,0,0.21428571428571427,0.0,,2.5575072019056577
Palmeiras do Tocantins,2020-11-13,361,0,5,0,0.21428571428571427,0.0,,2.5575072019056577
Palmeiras do Tocantins,2020-11-14,361,0,5,0,0.21428571428571427,0.0,,2.5575072019056577
Palmeiras do Tocantins,2020-11-15,361,0,5,0,0.21428571428571427,0.0,,2.5575072019056577
Palmeiras do Tocantins,2020-11-16,361,0,5,0,0.21428571428571427,0.0,,2.5575072019056577
Palmeiras do Tocantins,2020-11-17,362,1,5,0,0.2857142857142857,0.0,,2.558708570533166
Palmeiras do Tocantins,2020-11-18,362,0,5,0,0.21428571428571427,0.0,,2.558708570533166
Palmeiras do Tocantins,2020-11-19,362,0,5,0,0.21428571428571427,0.0,,2.558708570533166
Palmeiras do Tocantins,2020-11-20,362,0,5,0,0.14285714285714285,0.0,,2.558708570533166
Palmeiras do Tocantins,2020-11-21,363,1,5,0,0.21428571428571427,0.0,,2.5599066250361124
Palmeiras do Tocantins,2020-11-22,363,0,5,0,0.21428571428571427,0.0,,2.5599066250361124
Palmeiras do Tocantins,2020-11-23,363,0,5,0,0.21428571428571427,0.0,,2.5599066250361124
Palmeiras do Tocantins,2020-11-24,363,0,5,0,0.14285714285714285,0.0,,2.5599066250361124
Palmeiras do Tocantins,2020-11-25,363,0,5,0,0.14285714285714285,0.0,,2.5599066250361124
Palmeiras do Tocantins,2020-11-26,363,0,5,0,0.14285714285714285,0.0,,2.5599066250361124
Palmeiras do Tocantins,2020-11-27,364,1,5,0,0.21428571428571427,0.0,,2.561101383649056
Palmeiras do Tocantins,2020-11-28,366,2,5,0,0.35714285714285715,0.0,,2.5634810853944106
Palmeiras do Tocantins,2020-11-29,366,0,5,0,0.35714285714285715,0.0,,2.5634810853944106
Palmeiras do Tocantins,2020-11-30,366,0,5,0,0.35714285714285715,0.0,,2.5634810853944106
Palmeiras do Tocantins,2020-12-01,366,0,5,0,0.2857142857142857,0.0,,2.5634810853944106
Palmeiras do Tocantins,2020-12-02,366,0,5,0,0.2857142857142857,0.0,,2.5634810853944106
Palmeiras do Tocantins,2020-12-03,365,-1,5,0,0.21428571428571427,0.0,,2.5622928644564746
Palmeiras do Tocantins,2020-12-04,365,0,5,0,0.21428571428571427,0.0,,2.5622928644564746
Palmeiras do Tocantins,2020-12-05,365,0,5,0,0.14285714285714285,0.0,,2.5622928644564746
Palmeiras do Tocantins,2020-12-06,365,0,5,0,0.14285714285714285,0.0,,2.5622928644564746
Palmeiras do Tocantins,2020-12-07,365,0,5,0,0.14285714285714285,0.0,,2.5622928644564746
Palmeiras do Tocantins,2020-12-08,365,0,5,0,0.14285714285714285,0.0,,2.5622928644564746
Palmeiras do Tocantins,2020-12-09,365,0,5,0,0.14285714285714285,0.0,,2.5622928644564746
Palmeiras do Tocantins,2020-12-10,365,0,5,0,0.14285714285714285,0.0,,2.5622928644564746
Palmeiras do Tocantins,2020-12-11,365,0,5,0,0.07142857142857142,0.0,,2.5622928644564746
Palmeiras do Tocantins,2020-12-12,366,1,5,0,0.0,0.0,,2.5634810853944106
Palmeiras do Tocantins,2020-12-13,366,0,5,0,0.0,0.0,,2.5634810853944106
Palmeiras do Tocantins,2020-12-14,366,0,5,0,0.0,0.0,,2.5634810853944106
Palmeiras do Tocantins,2020-12-15,366,0,5,0,0.0,0.0,,2.5634810853944106
Palmeiras do Tocantins,2020-12-16,366,0,5,0,0.0,0.0,,2.5634810853944106
Palmeiras do Tocantins,2020-12-17,366,0,5,0,0.07142857142857142,0.0,,2.5634810853944106
Palmeiras do Tocantins,2020-12-18,366,0,5,0,0.07142857142857142,0.0,,2.5634810853944106
Palmeiras do Tocantins,2020-12-19,366,0,5,0,0.07142857142857142,0.0,,2.5634810853944106
Palmeiras do Tocantins,2020-12-20,366,0,5,0,0.07142857142857142,0.0,,2.5634810853944106
Palmeiras do Tocantins,2020-12-21,366,0,5,0,0.07142857142857142,0.0,,2.5634810853944106
Palmeiras do Tocantins,2020-12-22,366,0,5,0,0.07142857142857142,0.0,,2.5634810853944106
Palmeiras do Tocantins,2020-12-23,366,0,5,0,0.07142857142857142,0.0,,2.5634810853944106
Palmeiras do Tocantins,2020-12-24,366,0,5,0,0.07142857142857142,0.0,,2.5634810853944106
Palmeiras do Tocantins,2020-12-25,366,0,5,0,0.07142857142857142,0.0,,2.5634810853944106
Palmeiras do Tocantins,2020-12-26,366,0,5,0,0.0,0.0,,2.5634810853944106
Palmeiras do Tocantins,2020-12-27,366,0,5,0,0.0,0.0,,2.5634810853944106
Palmeiras do Tocantins,2020-12-28,366,0,5,0,0.0,0.0,,2.5634810853944106
Palmeiras do Tocantins,2020-12-29,366,0,5,0,0.0,0.0,,2.5634810853944106
Palmeiras do Tocantins,2020-12-30,367,1,5,0,0.07142857142857142,0.0,,2.5646660642520893
Palmeiras do Tocantins,2020-12-31,367,0,5,0,0.07142857142857142,0.0,,2.5646660642520893
Palmeiras do Tocantins,2021-01-01,367,0,5,0,0.07142857142857142,0.0,,2.5646660642520893
Palmeiras do Tocantins,2021-01-02,367,0,5,0,0.07142857142857142,0.0,,2.5646660642520893
Palmeiras do Tocantins,2021-01-03,367,0,5,0,0.07142857142857142,0.0,,2.5646660642520893
Palmeiras do Tocantins,2021-01-04,367,0,5,0,0.07142857142857142,0.0,,2.5646660642520893
Palmeiras do Tocantins,2021-01-05,367,0,5,0,0.07142857142857142,0.0,,2.5646660642520893
Palmeiras do Tocantins,2021-01-06,368,1,5,0,0.14285714285714285,0.0,,2.5658478186735176
Palmeiras do Tocantins,2021-01-07,368,0,5,0,0.14285714285714285,0.0,,2.5658478186735176
Palmeiras do Tocantins,2021-01-08,370,2,5,0,0.2857142857142857,0.0,,2.568201724066995
Palmeiras do Tocantins,2021-01-09,370,0,5,0,0.2857142857142857,0.0,,2.568201724066995
Palmeiras do Tocantins,2021-01-10,370,0,5,0,0.2857142857142857,0.0,,2.568201724066995
Palmeiras do Tocantins,2021-01-11,370,0,5,0,0.2857142857142857,0.0,,2.568201724066995
Palmeiras do Tocantins,2021-01-12,370,0,5,0,0.2857142857142857,0.0,,2.568201724066995
Palmeiras do Tocantins,2021-01-13,370,0,5,0,0.21428571428571427,0.0,,2.568201724066995
Palmeiras do Tocantins,2021-01-14,370,0,5,0,0.21428571428571427,0.0,,2.568201724066995
Palmeiras do Tocantins,2021-01-15,370,0,5,0,0.21428571428571427,0.0,,2.568201724066995
Palmeiras do Tocantins,2021-01-16,370,0,5,0,0.21428571428571427,0.0,,2.568201724066995
Palmeiras do Tocantins,2021-01-17,370,0,5,0,0.21428571428571427,0.0,,2.568201724066995
Palmeiras do Tocantins,2021-01-18,370,0,5,0,0.21428571428571427,0.0,,2.568201724066995
Palmeiras do Tocantins,2021-01-19,371,1,5,0,0.2857142857142857,0.0,,2.569373909615046
Palmeiras do Tocantins,2021-01-20,372,1,5,0,0.2857142857142857,0.0,,2.5705429398818973
Miracema do Tocantins,2020-03-27,0,0,0,0,,,,0.0
Miracema do Tocantins,2020-03-28,0,0,0,0,,,,0.0
Miracema do Tocantins,2020-03-29,0,0,0,0,,,,0.0
Miracema do Tocantins,2020-03-30,0,0,0,0,,,,0.0
Miracema do Tocantins,2020-03-31,0,0,0,0,,,,0.0
Miracema do Tocantins,2020-04-01,0,0,0,0,,,,0.0
Miracema do Tocantins,2020-04-02,0,0,0,0,,,,0.0
Miracema do Tocantins,2020-04-03,0,0,0,0,,,,0.0
Miracema do Tocantins,2020-04-04,0,0,0,0,,,,0.0
Miracema do Tocantins,2020-04-05,0,0,0,0,,,,0.0
Miracema do Tocantins,2020-04-06,0,0,0,0,,,,0.0
Miracema do Tocantins,2020-04-07,0,0,0,0,,,,0.0
Miracema do Tocantins,2020-04-08,0,0,0,0,,,,0.0
Miracema do Tocantins,2020-04-09,0,0,0,0,0.0,0.0,,0.0
Miracema do Tocantins,2020-04-10,0,0,0,0,0.0,0.0,,0.0
Miracema do Tocantins,2020-04-11,0,0,0,0,0.0,0.0,,0.0
Miracema do Tocantins,2020-04-12,0,0,0,0,0.0,0.0,,0.0
Miracema do Tocantins,2020-04-13,0,0,0,0,0.0,0.0,,0.0
Miracema do Tocantins,2020-04-14,0,0,0,0,0.0,0.0,,0.0
Miracema do Tocantins,2020-04-15,0,0,0,0,0.0,0.0,,0.0
Miracema do Tocantins,2020-04-16,0,0,0,0,0.0,0.0,,0.0
Miracema do Tocantins,2020-04-17,0,0,0,0,0.0,0.0,,0.0
Miracema do Tocantins,2020-04-18,0,0,0,0,0.0,0.0,,0.0
Miracema do Tocantins,2020-04-19,0,0,0,0,0.0,0.0,,0.0
Miracema do Tocantins,2020-04-20,0,0,0,0,0.0,0.0,,0.0
Miracema do Tocantins,2020-04-21,0,0,0,0,0.0,0.0,,0.0
Miracema do Tocantins,2020-04-22,0,0,0,0,0.0,0.0,,0.0
Miracema do Tocantins,2020-04-23,0,0,0,0,0.0,0.0,,0.0
Miracema do Tocantins,2020-04-24,0,0,0,0,0.0,0.0,,0.0
Miracema do Tocantins,2020-04-25,0,0,0,0,0.0,0.0,,0.0
Miracema do Tocantins,2020-04-26,0,0,0,0,0.0,0.0,,0.0
Miracema do Tocantins,2020-04-27,0,0,0,0,0.0,0.0,,0.0
Miracema do Tocantins,2020-04-28,0,0,0,0,0.0,0.0,,0.0
Miracema do Tocantins,2020-04-29,0,0,0,0,0.0,0.0,,0.0
Miracema do Tocantins,2020-04-30,0,0,0,0,0.0,0.0,,0.0
Miracema do Tocantins,2020-05-01,0,0,0,0,0.0,0.0,,0.0
Miracema do Tocantins,2020-05-02,0,0,0,0,0.0,0.0,,0.0
Miracema do Tocantins,2020-05-03,0,0,0,0,0.0,0.0,,0.0
Miracema do Tocantins,2020-05-04,1,1,0,0,0.07142857142857142,0.0,,0.0
Miracema do Tocantins,2020-05-05,1,0,0,0,0.07142857142857142,0.0,,0.0
Miracema do Tocantins,2020-05-06,1,0,0,0,0.07142857142857142,0.0,,0.0
Miracema do Tocantins,2020-05-07,1,0,0,0,0.07142857142857142,0.0,,0.0
Miracema do Tocantins,2020-05-08,1,0,0,0,0.07142857142857142,0.0,,0.0
Miracema do Tocantins,2020-05-09,1,0,0,0,0.07142857142857142,0.0,,0.0
Miracema do Tocantins,2020-05-10,1,0,0,0,0.07142857142857142,0.0,,0.0
Miracema do Tocantins,2020-05-11,2,1,0,0,0.14285714285714285,0.0,,0.3010299956639812
Miracema do Tocantins,2020-05-12,1,-1,0,0,0.07142857142857142,0.0,,0.0
Miracema do Tocantins,2020-05-13,1,0,0,0,0.07142857142857142,0.0,,0.0
Miracema do Tocantins,2020-05-14,1,0,0,0,0.07142857142857142,0.0,,0.0
Miracema do Tocantins,2020-05-15,1,0,0,0,0.07142857142857142,0.0,,0.0
Miracema do Tocantins,2020-05-16,4,3,0,0,0.2857142857142857,0.0,,0.6020599913279624
Miracema do Tocantins,2020-05-17,4,0,0,0,0.2857142857142857,0.0,,0.6020599913279624
Miracema do Tocantins,2020-05-18,4,0,0,0,0.21428571428571427,0.0,,0.6020599913279624
Miracema do Tocantins,2020-05-19,3,-1,0,0,0.14285714285714285,0.0,,0.47712125471966244
Miracema do Tocantins,2020-05-20,4,1,0,0,0.21428571428571427,0.0,,0.6020599913279624
Miracema do Tocantins,2020-05-21,3,-1,0,0,0.14285714285714285,0.0,,0.47712125471966244
Miracema do Tocantins,2020-05-22,3,0,0,0,0.14285714285714285,0.0,,0.47712125471966244
Miracema do Tocantins,2020-05-23,3,0,0,0,0.14285714285714285,0.0,,0.47712125471966244
Miracema do Tocantins,2020-05-24,5,2,0,0,0.2857142857142857,0.0,,0.6989700043360189
Miracema do Tocantins,2020-05-25,5,0,0,0,0.21428571428571427,0.0,,0.6989700043360189
Miracema do Tocantins,2020-05-26,6,1,0,0,0.35714285714285715,0.0,,0.7781512503836436
Miracema do Tocantins,2020-05-27,7,1,0,0,0.42857142857142855,0.0,,0.8450980400142568
Miracema do Tocantins,2020-05-28,8,1,0,0,0.5,0.0,,0.9030899869919435
Miracema do Tocantins,2020-05-29,9,1,0,0,0.5714285714285714,0.0,,0.9542425094393249
Miracema do Tocantins,2020-05-30,17,8,0,0,0.9285714285714286,0.0,,1.2304489213782739
Miracema do Tocantins,2020-05-31,16,-1,0,0,0.8571428571428571,0.0,,1.2041199826559248
Miracema do Tocantins,2020-06-01,16,0,0,0,0.8571428571428571,0.0,,1.2041199826559248
Miracema do Tocantins,2020-06-02,17,1,0,0,1.0,0.0,,1.2304489213782739
Miracema do Tocantins,2020-06-03,23,6,0,0,1.3571428571428572,0.0,,1.3617278360175928
Miracema do Tocantins,2020-06-04,23,0,0,0,1.4285714285714286,0.0,,1.3617278360175928
Miracema do Tocantins,2020-06-05,25,2,0,0,1.5714285714285714,0.0,,1.3979400086720377
Miracema do Tocantins,2020-06-06,30,5,0,0,1.9285714285714286,0.0,,1.4771212547196624
Miracema do Tocantins,2020-06-07,30,0,0,0,1.7857142857142858,0.0,,1.4771212547196624
Miracema do Tocantins,2020-06-08,30,0,0,0,1.7857142857142858,0.0,,1.4771212547196624
Miracema do Tocantins,2020-06-09,31,1,0,0,1.7857142857142858,0.0,,1.4913616938342726
Miracema do Tocantins,2020-06-10,35,4,0,0,2.0,0.0,,1.5440680443502757
Miracema do Tocantins,2020-06-11,35,0,0,0,1.9285714285714286,0.0,,1.5440680443502757
Miracema do Tocantins,2020-06-12,36,1,0,0,1.9285714285714286,0.0,,1.5563025007672873
Miracema do Tocantins,2020-06-13,36,0,0,0,1.3571428571428572,0.0,,1.5563025007672873
Miracema do Tocantins,2020-06-14,36,0,0,0,1.4285714285714286,0.0,,1.5563025007672873
Miracema do Tocantins,2020-06-15,36,0,0,0,1.4285714285714286,0.0,,1.5563025007672873
Miracema do Tocantins,2020-06-16,37,1,0,0,1.4285714285714286,0.0,,1.568201724066995
Miracema do Tocantins,2020-06-17,38,1,0,0,1.0714285714285714,0.0,,1.5797835966168101
Miracema do Tocantins,2020-06-18,38,0,0,0,1.0714285714285714,0.0,,1.5797835966168101
Miracema do Tocantins,2020-06-19,38,0,0,0,0.9285714285714286,0.0,,1.5797835966168101
Miracema do Tocantins,2020-06-20,38,0,0,0,0.5714285714285714,0.0,,1.5797835966168101
Miracema do Tocantins,2020-06-21,38,0,0,0,0.5714285714285714,0.0,,1.5797835966168101
Miracema do Tocantins,2020-06-22,38,0,0,0,0.5714285714285714,0.0,,1.5797835966168101
Miracema do Tocantins,2020-06-23,38,0,0,0,0.5,0.0,,1.5797835966168101
Miracema do Tocantins,2020-06-24,39,1,2,2,0.2857142857142857,0.14285714285714285,inf,1.591064607026499
Miracema do Tocantins,2020-06-25,38,-1,0,-2,0.21428571428571427,0.0,,1.5797835966168101
Miracema do Tocantins,2020-06-26,38,0,0,0,0.14285714285714285,0.0,,1.5797835966168101
Miracema do Tocantins,2020-06-27,38,0,0,0,0.14285714285714285,0.0,,1.5797835966168101
Miracema do Tocantins,2020-06-28,39,1,0,0,0.21428571428571427,0.0,,1.591064607026499
Miracema do Tocantins,2020-06-29,39,0,0,0,0.21428571428571427,0.0,,1.591064607026499
Miracema do Tocantins,2020-06-30,39,0,0,0,0.14285714285714285,0.0,,1.591064607026499
Miracema do Tocantins,2020-07-01,39,0,0,0,0.07142857142857142,0.0,,1.591064607026499
Miracema do Tocantins,2020-07-02,40,1,0,0,0.14285714285714285,0.0,,1.6020599913279625
Miracema do Tocantins,2020-07-03,40,0,0,0,0.14285714285714285,0.0,,1.6020599913279625
Miracema do Tocantins,2020-07-04,41,1,0,0,0.21428571428571427,0.0,,1.6127838567197355
Miracema do Tocantins,2020-07-05,41,0,0,0,0.21428571428571427,0.0,,1.6127838567197355
Miracema do Tocantins,2020-07-06,42,1,0,0,0.2857142857142857,0.0,,1.6232492903979006
Miracema do Tocantins,2020-07-07,42,0,0,0,0.2857142857142857,0.0,,1.6232492903979006
Miracema do Tocantins,2020-07-08,42,0,0,0,0.21428571428571427,-0.14285714285714285,-2.0,1.6232492903979006
Miracema do Tocantins,2020-07-09,43,1,0,0,0.35714285714285715,0.0,,1.6334684555795866
Miracema do Tocantins,2020-07-10,46,3,0,0,0.5714285714285714,0.0,,1.662757831681574
Miracema do Tocantins,2020-07-11,48,2,0,0,0.7142857142857143,0.0,,1.6812412373755872
Miracema do Tocantins,2020-07-12,50,2,0,0,0.7857142857142857,0.0,,1.6989700043360187
Miracema do Tocantins,2020-07-13,52,2,1,1,0.9285714285714286,0.07142857142857142,inf,1.7160033436347992
Miracema do Tocantins,2020-07-14,56,4,1,0,1.2142857142857142,0.07142857142857142,inf,1.7481880270062005
Miracema do Tocantins,2020-07-15,67,11,1,0,2.0,0.07142857142857142,inf,1.8260748027008264
Miracema do Tocantins,2020-07-16,71,4,1,0,2.2142857142857144,0.07142857142857142,inf,1.8512583487190752
Miracema do Tocantins,2020-07-17,75,4,1,0,2.5,0.07142857142857142,inf,1.8750612633917
Miracema do Tocantins,2020-07-18,75,0,1,0,2.4285714285714284,0.07142857142857142,inf,1.8750612633917
Miracema do Tocantins,2020-07-19,75,0,2,1,2.4285714285714284,0.14285714285714285,inf,1.8750612633917
Miracema do Tocantins,2020-07-20,76,1,2,0,2.4285714285714284,0.14285714285714285,inf,1.8808135922807914
Miracema do Tocantins,2020-07-21,96,20,2,0,3.857142857142857,0.14285714285714285,inf,1.9822712330395684
Miracema do Tocantins,2020-07-22,106,10,2,0,4.571428571428571,0.14285714285714285,-2.0,2.0253058652647704
Miracema do Tocantins,2020-07-23,117,11,2,0,5.285714285714286,0.14285714285714285,inf,2.0681858617461617
Miracema do Tocantins,2020-07-24,118,1,2,0,5.142857142857143,0.14285714285714285,inf,2.0718820073061255
Miracema do Tocantins,2020-07-25,123,5,2,0,5.357142857142857,0.14285714285714285,inf,2.089905111439398
Miracema do Tocantins,2020-07-26,123,0,2,0,5.214285714285714,0.14285714285714285,inf,2.089905111439398
Miracema do Tocantins,2020-07-27,123,0,2,0,5.071428571428571,0.07142857142857142,0.0,2.089905111439398
Miracema do Tocantins,2020-07-28,129,6,2,0,5.214285714285714,0.07142857142857142,0.0,2.110589710299249
Miracema do Tocantins,2020-07-29,134,5,2,0,4.785714285714286,0.07142857142857142,0.0,2.1271047983648077
Miracema do Tocantins,2020-07-30,141,7,2,0,5.0,0.07142857142857142,0.0,2.1492191126553797
Miracema do Tocantins,2020-07-31,146,5,2,0,5.071428571428571,0.07142857142857142,0.0,2.164352855784437
Miracema do Tocantins,2020-08-01,146,0,2,0,5.071428571428571,0.07142857142857142,0.0,2.164352855784437
Miracema do Tocantins,2020-08-02,162,16,2,0,6.214285714285714,0.0,-1.0,2.2095150145426308
Miracema do Tocantins,2020-08-03,165,3,2,0,6.357142857142857,0.0,-1.0,2.2174839442139063
Miracema do Tocantins,2020-08-04,184,19,3,1,6.285714285714286,0.07142857142857142,-0.5,2.2648178230095364
Miracema do Tocantins,2020-08-05,201,17,3,0,6.785714285714286,0.07142857142857142,-0.5,2.303196057420489
Miracema do Tocantins,2020-08-06,203,2,3,0,6.142857142857143,0.07142857142857142,-0.5,2.307496037913213
Miracema do Tocantins,2020-08-07,220,17,4,1,7.285714285714286,0.14285714285714285,0.0,2.342422680822206
Miracema do Tocantins,2020-08-08,231,11,4,0,7.714285714285714,0.14285714285714285,0.0,2.3636119798921444
Miracema do Tocantins,2020-08-09,239,8,4,0,8.285714285714286,0.14285714285714285,0.0,2.3783979009481375
Miracema do Tocantins,2020-08-10,244,5,4,0,8.642857142857142,0.14285714285714285,1.0,2.3873898263387296
Miracema do Tocantins,2020-08-11,248,4,4,0,8.5,0.14285714285714285,1.0,2.3944516808262164
Miracema do Tocantins,2020-08-12,276,28,4,0,10.142857142857142,0.14285714285714285,1.0,2.4409090820652177
Miracema do Tocantins,2020-08-13,290,14,4,0,10.642857142857142,0.14285714285714285,1.0,2.462397997898956
Miracema do Tocantins,2020-08-14,301,11,4,0,11.071428571428571,0.14285714285714285,1.0,2.478566495593843
Miracema do Tocantins,2020-08-15,318,17,4,0,12.285714285714286,0.14285714285714285,1.0,2.5024271199844326
Miracema do Tocantins,2020-08-16,318,0,4,0,11.142857142857142,0.14285714285714285,inf,2.5024271199844326
Miracema do Tocantins,2020-08-17,317,-1,4,0,10.857142857142858,0.14285714285714285,inf,2.5010592622177517
Miracema do Tocantins,2020-08-18,334,17,5,1,10.714285714285714,0.14285714285714285,1.0,2.5237464668115646
Miracema do Tocantins,2020-08-19,354,20,5,0,10.928571428571429,0.14285714285714285,1.0,2.5490032620257876
Miracema do Tocantins,2020-08-20,367,13,5,0,11.714285714285714,0.14285714285714285,1.0,2.5646660642520893
Miracema do Tocantins,2020-08-21,372,5,5,0,10.857142857142858,0.07142857142857142,-0.5,2.5705429398818973
Miracema do Tocantins,2020-08-22,388,16,5,0,11.214285714285714,0.07142857142857142,-0.5,2.5888317255942073
Miracema do Tocantins,2020-08-23,389,1,5,0,10.714285714285714,0.07142857142857142,-0.5,2.5899496013257077
Miracema do Tocantins,2020-08-24,389,0,5,0,10.357142857142858,0.07142857142857142,-0.5,2.5899496013257077
Miracema do Tocantins,2020-08-25,392,3,5,0,10.285714285714286,0.07142857142857142,-0.5,2.593286067020457
Miracema do Tocantins,2020-08-26,392,0,6,1,8.285714285714286,0.14285714285714285,0.0,2.593286067020457
Miracema do Tocantins,2020-08-27,412,20,6,0,8.714285714285714,0.14285714285714285,0.0,2.6148972160331345
Miracema do Tocantins,2020-08-28,428,16,6,0,9.071428571428571,0.14285714285714285,0.0,2.6314437690131722
Miracema do Tocantins,2020-08-29,441,13,6,0,8.785714285714286,0.14285714285714285,0.0,2.6444385894678386
Miracema do Tocantins,2020-08-30,441,0,6,0,8.785714285714286,0.14285714285714285,0.0,2.6444385894678386
Miracema do Tocantins,2020-08-31,441,0,6,0,8.857142857142858,0.14285714285714285,0.0,2.6444385894678386
Miracema do Tocantins,2020-09-01,455,14,6,0,8.642857142857142,0.07142857142857142,-0.5,2.6580113966571126
Miracema do Tocantins,2020-09-02,455,0,6,0,7.214285714285714,0.07142857142857142,-0.5,2.6580113966571126
Miracema do Tocantins,2020-09-03,463,8,6,0,6.857142857142857,0.07142857142857142,-0.5,2.6655809910179533
Miracema do Tocantins,2020-09-04,474,11,6,0,7.285714285714286,0.07142857142857142,0.0,2.6757783416740852
Miracema do Tocantins,2020-09-05,478,4,6,0,6.428571428571429,0.07142857142857142,0.0,2.6794278966121188
Miracema do Tocantins,2020-09-06,479,1,6,0,6.428571428571429,0.07142857142857142,0.0,2.680335513414563
Miracema do Tocantins,2020-09-07,479,0,6,0,6.428571428571429,0.07142857142857142,0.0,2.680335513414563
Miracema do Tocantins,2020-09-08,479,0,6,0,6.214285714285714,0.07142857142857142,0.0,2.680335513414563
Miracema do Tocantins,2020-09-09,486,7,7,1,6.714285714285714,0.07142857142857142,-0.5,2.6866362692622934
Miracema do Tocantins,2020-09-10,501,15,7,0,6.357142857142857,0.07142857142857142,-0.5,2.699837725867246
Miracema do Tocantins,2020-09-11,513,12,7,0,6.071428571428571,0.07142857142857142,-0.5,2.7101173651118162
Miracema do Tocantins,2020-09-12,526,13,7,0,6.071428571428571,0.07142857142857142,-0.5,2.7209857441537393
Miracema do Tocantins,2020-09-13,527,1,7,0,6.142857142857143,0.07142857142857142,-0.5,2.7218106152125467
Miracema do Tocantins,2020-09-14,527,0,7,0,6.142857142857143,0.07142857142857142,-0.5,2.7218106152125467
Miracema do Tocantins,2020-09-15,541,14,7,0,6.142857142857143,0.07142857142857142,0.0,2.7331972651065692
Miracema do Tocantins,2020-09-16,553,12,7,0,7.0,0.07142857142857142,0.0,2.7427251313046983
Miracema do Tocantins,2020-09-17,554,1,7,0,6.5,0.07142857142857142,0.0,2.74350976472843
Miracema do Tocantins,2020-09-18,565,11,8,1,6.5,0.14285714285714285,1.0,2.7520484478194387
Miracema do Tocantins,2020-09-19,575,10,8,0,6.928571428571429,0.14285714285714285,1.0,2.7596678446896306
Miracema do Tocantins,2020-09-20,575,0,8,0,6.857142857142857,0.14285714285714285,1.0,2.7596678446896306
Miracema do Tocantins,2020-09-21,575,0,8,0,6.857142857142857,0.14285714285714285,1.0,2.7596678446896306
Miracema do Tocantins,2020-09-22,592,17,8,0,8.071428571428571,0.14285714285714285,1.0,2.77232170672292
Miracema do Tocantins,2020-09-23,598,6,8,0,8.0,0.07142857142857142,0.0,2.776701183988411
Miracema do Tocantins,2020-09-24,606,8,8,0,7.5,0.07142857142857142,0.0,2.782472624166286
Miracema do Tocantins,2020-09-25,616,10,8,0,7.357142857142857,0.07142857142857142,0.0,2.7895807121644256
Miracema do Tocantins,2020-09-26,626,10,8,0,7.142857142857143,0.07142857142857142,0.0,2.7965743332104296
Miracema do Tocantins,2020-09-27,629,3,8,0,7.285714285714286,0.07142857142857142,0.0,2.798650645445269
Miracema do Tocantins,2020-09-28,629,0,8,0,7.285714285714286,0.07142857142857142,0.0,2.798650645445269
Miracema do Tocantins,2020-09-29,646,17,8,0,7.5,0.07142857142857142,0.0,2.8102325179950842
Miracema do Tocantins,2020-09-30,646,0,8,0,6.642857142857143,0.07142857142857142,0.0,2.8102325179950842
Miracema do Tocantins,2020-10-01,664,18,9,1,7.857142857142857,0.14285714285714285,1.0,2.8221680793680175
Miracema do Tocantins,2020-10-02,664,0,9,0,7.071428571428571,0.07142857142857142,-0.5,2.8221680793680175
Miracema do Tocantins,2020-10-03,668,4,9,0,6.642857142857143,0.07142857142857142,-0.5,2.824776462475546
Miracema do Tocantins,2020-10-04,668,0,9,0,6.642857142857143,0.07142857142857142,-0.5,2.824776462475546
Miracema do Tocantins,2020-10-05,668,0,9,0,6.642857142857143,0.07142857142857142,-0.5,2.824776462475546
Miracema do Tocantins,2020-10-06,668,0,9,0,5.428571428571429,0.07142857142857142,-0.5,2.824776462475546
Miracema do Tocantins,2020-10-07,673,5,9,0,5.357142857142857,0.07142857142857142,0.0,2.828015064223977
Miracema do Tocantins,2020-10-08,677,4,9,0,5.071428571428571,0.07142857142857142,0.0,2.8305886686851442
Miracema do Tocantins,2020-10-09,682,5,9,0,4.714285714285714,0.07142857142857142,0.0,2.833784374656479
Miracema do Tocantins,2020-10-10,689,7,9,0,4.5,0.07142857142857142,0.0,2.8382192219076257
Miracema do Tocantins,2020-10-11,689,0,9,0,4.285714285714286,0.07142857142857142,0.0,2.8382192219076257
Miracema do Tocantins,2020-10-12,689,0,9,0,4.285714285714286,0.07142857142857142,0.0,2.8382192219076257
Miracema do Tocantins,2020-10-13,691,2,9,0,3.2142857142857144,0.07142857142857142,0.0,2.8394780473741985
Miracema do Tocantins,2020-10-14,693,2,9,0,3.357142857142857,0.07142857142857142,0.0,2.8407332346118066
Miracema do Tocantins,2020-10-15,698,5,9,0,2.4285714285714284,0.0,-1.0,2.843855422623161
Miracema do Tocantins,2020-10-16,700,2,9,0,2.5714285714285716,0.0,-1.0,2.845098040014257
Miracema do Tocantins,2020-10-17,708,8,9,0,2.857142857142857,0.0,-1.0,2.850033257689769
Miracema do Tocantins,2020-10-18,708,0,9,0,2.857142857142857,0.0,-1.0,2.850033257689769
Miracema do Tocantins,2020-10-19,708,0,9,0,2.857142857142857,0.0,-1.0,2.850033257689769
Miracema do Tocantins,2020-10-20,712,4,9,0,3.142857142857143,0.0,-1.0,2.8524799936368566
Miracema do Tocantins,2020-10-21,719,7,9,0,3.2857142857142856,0.0,-1.0,2.8567288903828825
Miracema do Tocantins,2020-10-22,720,1,9,0,3.0714285714285716,0.0,-1.0,2.8573324964312685
Miracema do Tocantins,2020-10-23,729,9,9,0,3.357142857142857,0.0,-1.0,2.8627275283179747
Miracema do Tocantins,2020-10-24,728,-1,9,0,2.7857142857142856,0.0,-1.0,2.862131379313037
Miracema do Tocantins,2020-10-25,728,0,9,0,2.7857142857142856,0.0,-1.0,2.862131379313037
Miracema do Tocantins,2020-10-26,729,1,9,0,2.857142857142857,0.0,-1.0,2.8627275283179747
Miracema do Tocantins,2020-10-27,730,1,9,0,2.7857142857142856,0.0,-1.0,2.863322860120456
Miracema do Tocantins,2020-10-28,731,1,9,0,2.7142857142857144,0.0,-1.0,2.8639173769578603
Miracema do Tocantins,2020-10-29,733,2,10,1,2.5,0.07142857142857142,inf,2.8651039746411278
Miracema do Tocantins,2020-10-30,736,3,10,0,2.5714285714285716,0.07142857142857142,inf,2.866877814337499
Miracema do Tocantins,2020-10-31,736,0,10,0,2.0,0.07142857142857142,inf,2.866877814337499
Miracema do Tocantins,2020-11-01,736,0,10,0,2.0,0.07142857142857142,inf,2.866877814337499
Miracema do Tocantins,2020-11-02,736,0,10,0,2.0,0.07142857142857142,inf,2.866877814337499
Miracema do Tocantins,2020-11-03,736,0,10,0,1.7142857142857142,0.07142857142857142,inf,2.866877814337499
Miracema do Tocantins,2020-11-04,744,8,10,0,1.7857142857142858,0.07142857142857142,inf,2.8715729355458786
Miracema do Tocantins,2020-11-05,747,3,10,0,1.9285714285714286,0.07142857142857142,inf,2.873320601815399
Miracema do Tocantins,2020-11-06,755,8,11,1,1.8571428571428572,0.14285714285714285,inf,2.8779469516291885
Miracema do Tocantins,2020-11-07,761,6,11,0,2.357142857142857,0.14285714285714285,inf,2.8813846567705728
Miracema do Tocantins,2020-11-08,761,0,11,0,2.357142857142857,0.14285714285714285,inf,2.8813846567705728
Miracema do Tocantins,2020-11-09,761,0,11,0,2.2857142857142856,0.14285714285714285,inf,2.8813846567705728
Miracema do Tocantins,2020-11-10,767,6,11,0,2.642857142857143,0.14285714285714285,inf,2.8847953639489807
Miracema do Tocantins,2020-11-11,767,0,11,0,2.5714285714285716,0.14285714285714285,inf,2.8847953639489807
Miracema do Tocantins,2020-11-12,768,1,11,0,2.5,0.07142857142857142,0.0,2.885361220031512
Miracema do Tocantins,2020-11-13,774,6,11,0,2.7142857142857144,0.07142857142857142,0.0,2.8887409606828927
Miracema do Tocantins,2020-11-14,774,0,11,0,2.7142857142857144,0.07142857142857142,0.0,2.8887409606828927
Miracema do Tocantins,2020-11-15,774,0,11,0,2.7142857142857144,0.07142857142857142,0.0,2.8887409606828927
Miracema do Tocantins,2020-11-16,774,0,11,0,2.7142857142857144,0.07142857142857142,0.0,2.8887409606828927
Miracema do Tocantins,2020-11-17,776,2,11,0,2.857142857142857,0.07142857142857142,0.0,2.8898617212581885
Miracema do Tocantins,2020-11-18,776,0,11,0,2.2857142857142856,0.07142857142857142,0.0,2.8898617212581885
Miracema do Tocantins,2020-11-19,776,0,11,0,2.0714285714285716,0.07142857142857142,0.0,2.8898617212581885
Miracema do Tocantins,2020-11-20,779,3,11,0,1.7142857142857142,0.0,-1.0,2.8915374576725643
Miracema do Tocantins,2020-11-21,780,1,11,0,1.3571428571428572,0.0,-1.0,2.8920946026904804
Miracema do Tocantins,2020-11-22,780,0,11,0,1.3571428571428572,0.0,-1.0,2.8920946026904804
Miracema do Tocantins,2020-11-23,780,0,11,0,1.3571428571428572,0.0,-1.0,2.8920946026904804
Miracema do Tocantins,2020-11-24,785,5,11,0,1.2857142857142858,0.0,-1.0,2.8948696567452523
Miracema do Tocantins,2020-11-25,787,2,11,0,1.4285714285714286,0.0,-1.0,2.8959747323590648
Miracema do Tocantins,2020-11-26,789,2,11,0,1.5,0.0,-1.0,2.89707700320942
Miracema do Tocantins,2020-11-27,789,0,11,0,1.0714285714285714,0.0,-1.0,2.89707700320942
Miracema do Tocantins,2020-11-28,789,0,11,0,1.0714285714285714,0.0,-1.0,2.89707700320942
Miracema do Tocantins,2020-11-29,790,1,11,0,1.1428571428571428,0.0,-1.0,2.8976270912904414
Miracema do Tocantins,2020-11-30,790,0,11,0,1.1428571428571428,0.0,-1.0,2.8976270912904414
Miracema do Tocantins,2020-12-01,799,9,11,0,1.6428571428571428,0.0,-1.0,2.902546779313991
Miracema do Tocantins,2020-12-02,808,9,11,0,2.2857142857142856,0.0,-1.0,2.907411360774586
Miracema do Tocantins,2020-12-03,811,3,11,0,2.5,0.0,-1.0,2.909020854211156
Miracema do Tocantins,2020-12-04,824,13,11,0,3.2142857142857144,0.0,,2.9159272116971158
Miracema do Tocantins,2020-12-05,824,0,11,0,3.142857142857143,0.0,,2.9159272116971158
Miracema do Tocantins,2020-12-06,824,0,11,0,3.142857142857143,0.0,,2.9159272116971158
Miracema do Tocantins,2020-12-07,824,0,11,0,3.142857142857143,0.0,,2.9159272116971158
Miracema do Tocantins,2020-12-08,833,9,11,0,3.4285714285714284,0.0,,2.9206450014067875
Miracema do Tocantins,2020-12-09,835,2,11,0,3.4285714285714284,0.0,,2.921686475483602
Miracema do Tocantins,2020-12-10,837,2,11,0,3.4285714285714284,0.0,,2.92272545799326
Miracema do Tocantins,2020-12-11,837,0,11,0,3.4285714285714284,0.0,,2.92272545799326
Miracema do Tocantins,2020-12-12,841,4,11,0,3.7142857142857144,0.0,,2.924795995797912
Miracema do Tocantins,2020-12-13,842,1,11,0,3.7142857142857144,0.0,,2.9253120914996495
Miracema do Tocantins,2020-12-14,842,0,11,0,3.7142857142857144,0.0,,2.9253120914996495
Miracema do Tocantins,2020-12-15,843,1,11,0,3.142857142857143,0.0,,2.9258275746247424
Miracema do Tocantins,2020-12-16,851,8,11,0,3.0714285714285716,0.0,,2.929929560084588
Miracema do Tocantins,2020-12-17,874,23,11,0,4.5,0.0,,2.941511432634403
Miracema do Tocantins,2020-12-18,877,3,11,0,3.7857142857142856,0.0,,2.9429995933660407
Miracema do Tocantins,2020-12-19,877,0,11,0,3.7857142857142856,0.0,,2.9429995933660407
Miracema do Tocantins,2020-12-20,879,2,11,0,3.9285714285714284,0.0,,2.9439888750737717
Miracema do Tocantins,2020-12-21,880,1,11,0,4.0,0.0,,2.9444826721501687
Miracema do Tocantins,2020-12-22,896,16,11,0,4.5,0.0,,2.9523080096621253
Miracema do Tocantins,2020-12-23,906,10,11,0,5.071428571428571,0.0,,2.957128197676813
Miracema do Tocantins,2020-12-24,927,21,11,0,6.428571428571429,0.0,,2.967079734144497
Miracema do Tocantins,2020-12-25,928,1,11,0,6.5,0.0,,2.967547976218862
Miracema do Tocantins,2020-12-26,941,13,11,0,7.142857142857143,0.0,,2.973589623427257
Miracema do Tocantins,2020-12-27,941,0,11,0,7.071428571428571,0.0,,2.973589623427257
Miracema do Tocantins,2020-12-28,941,0,11,0,7.071428571428571,0.0,,2.973589623427257
Miracema do Tocantins,2020-12-29,958,17,11,0,8.214285714285714,0.0,,2.9813655090785445
Miracema do Tocantins,2020-12-30,962,4,11,0,7.928571428571429,0.0,,2.983175072037813
Miracema do Tocantins,2020-12-31,967,5,11,0,6.642857142857143,0.0,,2.9854264740830017
Miracema do Tocantins,2021-01-01,976,9,11,0,7.071428571428571,0.0,,2.9894498176666917
Miracema do Tocantins,2021-01-02,977,1,11,0,7.142857142857143,0.0,,2.989894563718773
Miracema do Tocantins,2021-01-03,977,0,11,0,7.0,0.0,,2.989894563718773
Miracema do Tocantins,2021-01-04,977,0,11,0,6.928571428571429,0.0,,2.989894563718773
Miracema do Tocantins,2021-01-05,977,0,11,0,5.785714285714286,0.0,,2.989894563718773
Miracema do Tocantins,2021-01-06,995,18,11,0,6.357142857142857,0.0,,2.9978230807457256
Miracema do Tocantins,2021-01-07,996,1,11,0,4.928571428571429,0.0,,2.998259338423699
Miracema do Tocantins,2021-01-08,1012,16,11,0,6.0,0.0,,3.0051805125037805
Miracema do Tocantins,2021-01-09,1014,2,11,0,5.214285714285714,0.0,,3.0060379549973173
Miracema do Tocantins,2021-01-10,1022,8,11,0,5.785714285714286,0.0,,3.009450895798694
Miracema do Tocantins,2021-01-11,1022,0,11,0,5.785714285714286,0.0,,3.009450895798694
Miracema do Tocantins,2021-01-12,1023,1,11,0,4.642857142857143,0.0,,3.00987563371216
Miracema do Tocantins,2021-01-13,1025,2,11,0,4.5,0.0,,3.010723865391773
Miracema do Tocantins,2021-01-14,1032,7,11,0,4.642857142857143,0.0,,3.0136796972911926
Miracema do Tocantins,2021-01-15,1035,3,11,0,4.214285714285714,0.0,,3.0149403497929366
Miracema do Tocantins,2021-01-16,1038,3,11,0,4.357142857142857,0.0,,3.016197353512439
Miracema do Tocantins,2021-01-17,1046,8,11,0,4.928571428571429,0.0,,3.0195316845312554
Miracema do Tocantins,2021-01-18,1046,0,11,0,4.928571428571429,0.0,,3.0195316845312554
Miracema do Tocantins,2021-01-19,1046,0,11,0,4.928571428571429,0.0,,3.0195316845312554
Miracema do Tocantins,2021-01-20,1055,9,11,0,4.285714285714286,0.0,,3.0232524596337114
Palmas,2020-03-27,0,0,0,0,,,,0.0
Palmas,2020-03-28,8,8,0,0,,,,0.9030899869919435
Palmas,2020-03-29,8,0,0,0,,,,0.9030899869919435
Palmas,2020-03-30,9,1,0,0,,,,0.9542425094393249
Palmas,2020-03-31,9,0,0,0,,,,0.9542425094393249
Palmas,2020-04-01,9,0,0,0,,,,0.9542425094393249
Palmas,2020-04-02,9,0,0,0,,,,0.9542425094393249
Palmas,2020-04-03,9,0,0,0,,,,0.9542425094393249
Palmas,2020-04-04,10,1,0,0,,,,1.0
Palmas,2020-04-05,12,2,0,0,,,,1.0791812460476249
Palmas,2020-04-06,12,0,0,0,,,,1.0791812460476249
Palmas,2020-04-07,13,1,0,0,,,,1.1139433523068367
Palmas,2020-04-08,15,2,0,0,,,,1.1760912590556813
Palmas,2020-04-09,15,0,0,0,1.0714285714285714,0.0,,1.1760912590556813
Palmas,2020-04-10,15,0,0,0,1.0714285714285714,0.0,,1.1760912590556813
Palmas,2020-04-11,15,0,0,0,0.5,0.0,,1.1760912590556813
Palmas,2020-04-12,15,0,0,0,0.5,0.0,,1.1760912590556813
Palmas,2020-04-13,16,1,0,0,0.5,0.0,,1.2041199826559248
Palmas,2020-04-14,16,0,0,0,0.5,0.0,,1.2041199826559248
Palmas,2020-04-15,17,1,1,1,0.5714285714285714,0.07142857142857142,,1.2304489213782739
Palmas,2020-04-16,21,4,1,0,0.8571428571428571,0.07142857142857142,,1.3222192947339193
Palmas,2020-04-17,21,0,1,0,0.8571428571428571,0.07142857142857142,,1.3222192947339193
Palmas,2020-04-18,23,2,1,0,0.9285714285714286,0.07142857142857142,,1.3617278360175928
Palmas,2020-04-19,23,0,1,0,0.7857142857142857,0.07142857142857142,,1.3617278360175928
Palmas,2020-04-20,24,1,1,0,0.8571428571428571,0.07142857142857142,,1.380211241711606
Palmas,2020-04-21,26,2,1,0,0.9285714285714286,0.07142857142857142,,1.414973347970818
Palmas,2020-04-22,26,0,1,0,0.7857142857142857,0.07142857142857142,,1.414973347970818
Palmas,2020-04-23,25,-1,1,0,0.7142857142857143,0.07142857142857142,inf,1.3979400086720377
Palmas,2020-04-24,28,3,1,0,0.9285714285714286,0.07142857142857142,inf,1.4471580313422192
Palmas,2020-04-25,30,2,1,0,1.0714285714285714,0.07142857142857142,inf,1.4771212547196624
Palmas,2020-04-26,31,1,1,0,1.1428571428571428,0.07142857142857142,inf,1.4913616938342726
Palmas,2020-04-27,33,2,1,0,1.2142857142857142,0.07142857142857142,inf,1.5185139398778875
Palmas,2020-04-28,37,4,1,0,1.5,0.07142857142857142,inf,1.568201724066995
Palmas,2020-04-29,48,11,2,1,2.2142857142857144,0.07142857142857142,0.0,1.6812412373755872
Palmas,2020-04-30,54,6,2,0,2.357142857142857,0.07142857142857142,0.0,1.7323937598229686
Palmas,2020-05-01,61,7,2,0,2.857142857142857,0.07142857142857142,0.0,1.7853298350107671
Palmas,2020-05-02,66,5,2,0,3.0714285714285716,0.07142857142857142,0.0,1.8195439355418688
Palmas,2020-05-03,83,17,2,0,4.285714285714286,0.07142857142857142,0.0,1.919078092376074
Palmas,2020-05-04,87,4,2,0,4.5,0.07142857142857142,0.0,1.9395192526186185
Palmas,2020-05-05,99,12,2,0,5.214285714285714,0.07142857142857142,0.0,1.99563519459755
Palmas,2020-05-06,103,4,2,0,5.5,0.07142857142857142,0.0,2.012837224705172
Palmas,2020-05-07,124,21,2,0,7.071428571428571,0.07142857142857142,0.0,2.093421685162235
Palmas,2020-05-08,141,17,2,0,8.071428571428571,0.07142857142857142,0.0,2.1492191126553797
Palmas,2020-05-09,152,11,2,0,8.714285714285714,0.07142857142857142,0.0,2.1818435879447726
Palmas,2020-05-10,158,6,2,0,9.071428571428571,0.07142857142857142,0.0,2.1986570869544226
Palmas,2020-05-11,163,5,2,0,9.285714285714286,0.07142857142857142,0.0,2.2121876044039577
Palmas,2020-05-12,177,14,2,0,10.0,0.07142857142857142,0.0,2.2479732663618064
Palmas,2020-05-13,198,21,3,1,10.714285714285714,0.07142857142857142,0.0,2.296665190261531
Palmas,2020-05-14,211,13,3,0,11.214285714285714,0.07142857142857142,0.0,2.3242824552976926
Palmas,2020-05-15,234,23,3,0,12.357142857142858,0.07142857142857142,0.0,2.369215857410143
Palmas,2020-05-16,249,15,3,0,13.071428571428571,0.07142857142857142,0.0,2.3961993470957363
Palmas,2020-05-17,263,14,3,0,12.857142857142858,0.07142857142857142,0.0,2.419955748489758
Palmas,2020-05-18,300,37,3,0,15.214285714285714,0.07142857142857142,0.0,2.4771212547196626
Palmas,2020-05-19,316,16,4,1,15.5,0.14285714285714285,1.0,2.499687082618404
Palmas,2020-05-20,333,17,4,0,16.428571428571427,0.14285714285714285,1.0,2.5224442335063197
Palmas,2020-05-21,348,15,4,0,16.0,0.14285714285714285,1.0,2.5415792439465807
Palmas,2020-05-22,372,24,4,0,16.5,0.14285714285714285,1.0,2.5705429398818973
Palmas,2020-05-23,391,19,4,0,17.071428571428573,0.14285714285714285,1.0,2.5921767573958667
Palmas,2020-05-24,408,17,4,0,17.857142857142858,0.14285714285714285,1.0,2.61066016308988
Palmas,2020-05-25,414,6,5,1,17.928571428571427,0.21428571428571427,2.0,2.617000341120899
Palmas,2020-05-26,425,11,6,1,17.714285714285715,0.2857142857142857,3.0,2.6283889300503116
Palmas,2020-05-27,466,41,6,0,19.142857142857142,0.21428571428571427,2.0,2.66838591669
Palmas,2020-05-28,498,32,7,1,20.5,0.2857142857142857,3.0,2.6972293427597176
Palmas,2020-05-29,532,34,7,0,21.285714285714285,0.2857142857142857,3.0,2.7259116322950483
Palmas,2020-05-30,578,46,7,0,23.5,0.2857142857142857,3.0,2.761927838420529
Palmas,2020-05-31,601,23,7,0,24.142857142857142,0.2857142857142857,3.0,2.7788744720027396
Palmas,2020-06-01,611,10,8,1,22.214285714285715,0.35714285714285715,4.0,2.786041210242554
Palmas,2020-06-02,642,31,8,0,23.285714285714285,0.2857142857142857,1.0,2.807535028068853
Palmas,2020-06-03,665,23,8,0,23.714285714285715,0.2857142857142857,1.0,2.8228216453031045
Palmas,2020-06-04,685,20,8,0,24.071428571428573,0.2857142857142857,1.0,2.8356905714924254
Palmas,2020-06-05,725,40,8,0,25.214285714285715,0.2857142857142857,1.0,2.8603380065709936
Palmas,2020-06-06,763,38,8,0,26.571428571428573,0.2857142857142857,1.0,2.8825245379548803
Palmas,2020-06-07,793,30,8,0,27.5,0.2857142857142857,1.0,2.8992731873176036
Palmas,2020-06-08,806,13,9,1,28.0,0.2857142857142857,0.3333333333333333,2.906335041805091
Palmas,2020-06-09,835,29,9,0,29.285714285714285,0.21428571428571427,-0.25,2.921686475483602
Palmas,2020-06-10,880,45,10,1,29.571428571428573,0.2857142857142857,0.3333333333333333,2.9444826721501687
Palmas,2020-06-11,908,28,10,0,29.285714285714285,0.21428571428571427,-0.25,2.958085848521085
Palmas,2020-06-12,922,14,10,0,27.857142857142858,0.21428571428571427,-0.25,2.9647309210536292
Palmas,2020-06-13,967,45,11,1,27.785714285714285,0.2857142857142857,0.0,2.9854264740830017
Palmas,2020-06-14,977,10,11,0,26.857142857142858,0.2857142857142857,0.0,2.989894563718773
Palmas,2020-06-15,997,20,12,1,27.571428571428573,0.2857142857142857,-0.20000000000000007,2.998695158311656
Palmas,2020-06-16,1045,48,12,0,28.785714285714285,0.2857142857142857,0.0,3.019116290447073
Palmas,2020-06-17,1085,40,12,0,30.0,0.2857142857142857,0.0,3.0354297381845483
Palmas,2020-06-18,1138,53,12,0,32.357142857142854,0.2857142857142857,0.0,3.056142262059052
Palmas,2020-06-19,1186,48,12,0,32.92857142857143,0.2857142857142857,0.0,3.074084689028244
Palmas,2020-06-20,1262,76,13,1,35.642857142857146,0.35714285714285715,0.2500000000000001,3.1010593549081156
Palmas,2020-06-21,1302,40,15,2,36.357142857142854,0.5,0.7500000000000001,3.114610984232173
Palmas,2020-06-22,1320,18,15,0,36.714285714285715,0.42857142857142855,0.5,3.12057393120585
Palmas,2020-06-23,1381,61,15,0,39.0,0.42857142857142855,1.0,3.1401936785786315
Palmas,2020-06-24,1427,46,1,-14,39.07142857142857,-0.6428571428571429,-3.2500000000000004,3.154423973114647
Palmas,2020-06-25,1504,77,15,14,42.57142857142857,0.35714285714285715,0.6666666666666669,3.1772478362556233
Palmas,2020-06-26,1558,54,16,1,45.42857142857143,0.42857142857142855,1.0,3.1925674533365456
Palmas,2020-06-27,1650,92,16,0,48.785714285714285,0.35714285714285715,0.2500000000000001,3.2174839442139063
Palmas,2020-06-28,1675,25,16,0,49.857142857142854,0.35714285714285715,0.2500000000000001,3.224014811372864
Palmas,2020-06-29,1719,44,17,1,51.57142857142857,0.35714285714285715,0.2500000000000001,3.2352758766870524
Palmas,2020-06-30,1781,62,19,2,52.57142857142857,0.5,0.7500000000000001,3.2506639194632436
Palmas,2020-07-01,1884,103,19,0,57.07142857142857,0.5,0.7500000000000001,3.2750808984568587
Palmas,2020-07-02,1953,69,20,1,58.214285714285715,0.5714285714285714,1.0,3.2907022432878543
Palmas,2020-07-03,2046,93,20,0,61.42857142857143,0.5714285714285714,1.0,3.3109056293761414
Palmas,2020-07-04,2146,100,20,0,63.142857142857146,0.5,0.39999999999999997,3.3316297176299323
Palmas,2020-07-05,2205,59,22,2,64.5,0.5,0.0,3.3434085938038574
Palmas,2020-07-06,2236,31,22,0,65.42857142857143,0.5,0.16666666666666674,3.3494717992143856
Palmas,2020-07-07,2351,115,22,0,69.28571428571429,0.5,0.16666666666666674,3.3712526291249394
Palmas,2020-07-08,2484,133,22,0,75.5,1.5,-3.333333333333333,3.3951515915045425
Palmas,2020-07-09,2601,117,22,0,78.35714285714286,0.5,0.39999999999999997,3.4151403521958725
Palmas,2020-07-10,2676,75,23,1,79.85714285714286,0.5,0.16666666666666674,3.4274861090957853
Palmas,2020-07-11,2835,159,25,2,84.64285714285714,0.6428571428571429,0.8,3.452553063228925
Palmas,2020-07-12,2863,28,26,1,84.85714285714286,0.7142857142857143,1.0,3.456821348021599
Palmas,2020-07-13,2938,75,26,0,87.07142857142857,0.6428571428571429,0.8,3.4680517914542377
Palmas,2020-07-14,3058,120,26,0,91.21428571428571,0.5,0.0,3.485437481076301
Palmas,2020-07-15,3164,106,26,0,91.42857142857143,0.5,0.0,3.500236474825639
Palmas,2020-07-16,3304,140,26,0,96.5,0.42857142857142855,-0.25,3.5190400386483445
Palmas,2020-07-17,3439,135,26,0,99.5,0.42857142857142855,-0.25,3.5364321758220134
Palmas,2020-07-18,3514,75,27,1,97.71428571428571,0.5,0.0,3.545801757159276
Palmas,2020-07-19,3605,91,28,1,100.0,0.42857142857142855,-0.1428571428571429,3.5569052690554477
Palmas,2020-07-20,3621,16,28,0,98.92857142857143,0.42857142857142855,-0.1428571428571429,3.5588285248170117
Palmas,2020-07-21,3737,116,29,1,99.0,0.5,0.0,3.5725230978496376
Palmas,2020-07-22,3890,153,29,0,100.42857142857143,0.5,-0.6666666666666666,3.5899496013257077
Palmas,2020-07-23,4056,166,31,2,103.92857142857143,0.6428571428571429,0.2857142857142858,3.6080979463252794
Palmas,2020-07-24,4189,133,31,0,108.07142857142857,0.5714285714285714,0.1428571428571428,3.6221103603612197
Palmas,2020-07-25,4349,160,33,2,108.14285714285714,0.5714285714285714,-0.11111111111111123,3.638389407665336
Palmas,2020-07-26,4503,154,33,0,117.14285714285714,0.5,-0.3,3.653501946962933
Palmas,2020-07-27,4609,106,33,0,119.35714285714286,0.5,-0.2222222222222223,3.6636067081245205
Palmas,2020-07-28,4821,212,34,1,125.92857142857143,0.5714285714285714,0.1428571428571428,3.683137131483007
Palmas,2020-07-29,4963,142,36,2,128.5,0.7142857142857143,0.4285714285714286,3.6957442751973235
Palmas,2020-07-30,5115,152,37,1,129.35714285714286,0.7857142857142857,0.8333333333333334,3.708845638048179
Palmas,2020-07-31,5367,252,39,2,137.71428571428572,0.9285714285714286,1.1666666666666667,3.7297315952870354
Palmas,2020-08-01,5504,137,42,3,142.14285714285714,1.0714285714285714,1.1428571428571428,3.740678425227455
Palmas,2020-08-02,5711,207,44,2,150.42857142857142,1.1428571428571428,1.6666666666666665,3.7567121601647715
Palmas,2020-08-03,5770,59,47,3,153.5,1.3571428571428572,2.166666666666667,3.7611758131557314
Palmas,2020-08-04,5914,144,49,2,155.5,1.4285714285714286,1.8571428571428572,3.771881320190099
Palmas,2020-08-05,6051,137,49,0,154.35714285714286,1.4285714285714286,1.8571428571428572,3.781827152932428
Palmas,2020-08-06,6395,344,54,5,167.07142857142858,1.6428571428571428,1.5555555555555554,3.8058405488146727
Palmas,2020-08-07,6606,211,55,1,172.64285714285714,1.7142857142857142,2.0,3.8199385693553953
Palmas,2020-08-08,6819,213,55,0,176.42857142857142,1.5714285714285714,1.75,3.8337206904446335
Palmas,2020-08-09,7012,193,57,2,179.21428571428572,1.7142857142857142,2.4285714285714284,3.8458419074217574
Palmas,2020-08-10,7164,152,58,1,182.5,1.7857142857142858,2.5714285714285716,3.855155577176994
Palmas,2020-08-11,7378,214,60,2,182.64285714285714,1.8571428571428572,2.2500000000000004,3.8679386508907845
Palmas,2020-08-12,7634,256,60,0,190.78571428571428,1.7142857142857142,1.4,3.8827521556130797
Palmas,2020-08-13,7802,168,60,0,191.92857142857142,1.6428571428571428,1.0909090909090908,3.8922059459757725
Palmas,2020-08-14,8222,420,62,2,203.92857142857142,1.6428571428571428,0.769230769230769,3.914977472444331
Palmas,2020-08-15,8453,231,63,1,210.64285714285714,1.5,0.4,3.927010868975651
Palmas,2020-08-16,8676,223,63,0,211.78571428571428,1.3571428571428572,0.1875000000000001,3.9383195433421556
Palmas,2020-08-17,9173,497,63,0,243.07142857142858,1.1428571428571428,-0.15789473684210534,3.962511393507597
Palmas,2020-08-18,9320,147,65,2,243.28571428571428,1.1428571428571428,-0.20000000000000007,3.9694159123539814
Palmas,2020-08-19,9568,248,65,0,251.21428571428572,1.1428571428571428,-0.20000000000000007,3.980821166644336
Palmas,2020-08-20,9923,355,68,3,252.0,1.0,-0.3913043478260869,3.9966429913554724
Palmas,2020-08-21,10315,392,68,0,264.92857142857144,0.9285714285714286,-0.45833333333333326,4.013469232309171
Palmas,2020-08-22,10505,190,73,5,263.2857142857143,1.2857142857142858,-0.18181818181818174,4.021396056741971
Palmas,2020-08-23,10806,301,74,1,271.0,1.2142857142857142,-0.2916666666666667,4.033664963203177
Palmas,2020-08-24,11015,209,76,2,275.07142857142856,1.2857142857142858,-0.27999999999999997,4.041984501486787
Palmas,2020-08-25,11222,207,78,2,274.57142857142856,1.2857142857142858,-0.30769230769230765,4.050070264367438
Palmas,2020-08-26,11434,212,82,4,271.42857142857144,1.5714285714285714,-0.0833333333333333,4.058198187878253
Palmas,2020-08-27,11584,150,82,0,270.14285714285717,1.5714285714285714,-0.0434782608695652,4.063858548853072
Palmas,2020-08-28,11910,326,85,3,263.42857142857144,1.6428571428571428,0.0,4.075911761482778
Palmas,2020-08-29,12148,238,88,3,263.92857142857144,1.7857142857142858,0.19047619047619055,4.084504783246228
Palmas,2020-08-30,12390,242,90,2,265.2857142857143,1.9285714285714286,0.42105263157894735,4.093071306376063
Palmas,2020-08-31,12460,70,90,0,234.78571428571428,1.9285714285714286,0.6875000000000001,4.0955180423231505
Palmas,2020-09-01,12637,177,91,1,236.92857142857142,1.8571428571428572,0.6250000000000001,4.1016439854903135
Palmas,2020-09-02,12742,105,95,4,226.71428571428572,2.142857142857143,0.875,4.1052376007460225
Palmas,2020-09-03,12944,202,99,4,215.78571428571428,2.2142857142857144,1.2142857142857144,4.112068504268197
Palmas,2020-09-04,13194,250,104,5,205.64285714285714,2.5714285714285716,1.7692307692307694,4.120376479744434
Palmas,2020-09-05,13436,242,109,5,209.35714285714286,2.5714285714285716,1.0,4.128269995169626
Palmas,2020-09-06,13580,144,109,0,198.14285714285714,2.5,1.058823529411765,4.1328997699444825
Palmas,2020-09-07,13753,173,109,0,195.57142857142858,2.357142857142857,0.8333333333333333,4.138397442990546
Palmas,2020-09-08,13843,90,109,0,187.21428571428572,2.2142857142857144,0.7222222222222222,4.14123021889658
Palmas,2020-09-09,13941,98,109,0,179.07142857142858,1.9285714285714286,0.22727272727272732,4.144293927198531
Palmas,2020-09-10,14112,171,111,2,180.57142857142858,2.0714285714285716,0.31818181818181834,4.149588567787744
Palmas,2020-09-11,14226,114,115,4,165.42857142857142,2.142857142857143,0.30434782608695654,4.153082804361832
Palmas,2020-09-12,14438,212,119,4,163.57142857142858,2.2142857142857144,0.24,4.159507037477321
Palmas,2020-09-13,14514,76,119,0,151.71428571428572,2.0714285714285716,0.07407407407407415,4.161787118745523
Palmas,2020-09-14,14606,92,122,3,153.28571428571428,2.2857142857142856,0.1851851851851851,4.164531296305431
Palmas,2020-09-15,14722,116,124,2,148.92857142857142,2.357142857142857,0.2692307692307692,4.167966813395621
Palmas,2020-09-16,14856,134,126,2,151.0,2.2142857142857144,0.03333333333333342,4.171901890731724
Palmas,2020-09-17,14951,95,127,1,143.35714285714286,2.0,-0.09677419354838715,4.174670241487047
Palmas,2020-09-18,15170,219,127,0,141.14285714285714,1.6428571428571428,-0.36111111111111116,4.18098558078673
Palmas,2020-09-19,15294,124,134,7,132.71428571428572,1.7857142857142858,-0.3055555555555556,4.184521085852911
Palmas,2020-09-20,15360,66,134,0,127.14285714285714,1.7857142857142858,-0.2857142857142857,4.186391215695493
Palmas,2020-09-21,15400,40,134,0,117.64285714285714,1.7857142857142858,-0.2424242424242424,4.187520720836463
Palmas,2020-09-22,15544,144,137,3,121.5,2.0,-0.09677419354838715,4.191562787591726
Palmas,2020-09-23,15638,94,144,7,121.21428571428571,2.5,0.2962962962962963,4.194181208793847
Palmas,2020-09-24,15728,90,144,0,115.42857142857143,2.357142857142857,0.13793103448275854,4.19667350048806
Palmas,2020-09-25,15902,174,148,4,119.71428571428571,2.357142857142857,0.10000000000000006,4.201451749121719
Palmas,2020-09-26,15966,64,148,0,109.14285714285714,2.0714285714285716,-0.06451612903225803,4.203196124935032
Palmas,2020-09-27,15989,23,149,1,105.35714285714286,2.142857142857143,0.03448275862068953,4.20382130251655
Palmas,2020-09-28,16051,62,150,1,103.21428571428571,2.0,-0.12499999999999994,4.205502094744196
Palmas,2020-09-29,16118,67,153,3,99.71428571428571,2.0714285714285716,-0.12121212121212116,4.2073111514361345
Palmas,2020-09-30,16297,179,155,2,102.92857142857143,2.0714285714285716,-0.06451612903225803,4.212107665547659
Palmas,2020-10-01,16373,76,156,1,101.57142857142857,2.0714285714285716,0.03571428571428581,4.21412826182341
Palmas,2020-10-02,16441,68,158,2,90.78571428571429,2.2142857142857144,0.3478260869565219,4.215928229339918
Palmas,2020-10-03,16488,47,160,2,85.28571428571429,1.8571428571428572,0.03999999999999998,4.2171679787711565
Palmas,2020-10-04,16507,19,160,0,81.92857142857143,1.8571428571428572,0.03999999999999998,4.217668151286278
Palmas,2020-10-05,16513,6,160,0,79.5,1.8571428571428572,0.03999999999999998,4.217825980899852
Palmas,2020-10-06,16559,46,159,-1,72.5,1.5714285714285714,-0.2142857142857143,4.219034106144804
Palmas,2020-10-07,16620,61,161,2,70.14285714285714,1.2142857142857142,-0.5142857142857143,4.220631019448092
Palmas,2020-10-08,16680,60,163,2,68.0,1.3571428571428572,-0.42424242424242425,4.22219604630172
Palmas,2020-10-09,16732,52,164,1,59.285714285714285,1.1428571428571428,-0.5151515151515151,4.223547855908593
Palmas,2020-10-10,16795,63,165,1,59.214285714285715,1.2142857142857142,-0.41379310344827597,4.225180008177683
Palmas,2020-10-11,16821,26,167,2,59.42857142857143,1.2857142857142858,-0.3999999999999999,4.225851810818157
Palmas,2020-10-12,16849,28,167,0,57.0,1.2142857142857142,-0.3928571428571429,4.226574130289287
Palmas,2020-10-13,16858,9,166,-1,52.857142857142854,0.9285714285714286,-0.5517241379310345,4.226806049500728
Palmas,2020-10-14,16900,42,168,2,43.07142857142857,0.9285714285714286,-0.5517241379310345,4.227886704613674
Palmas,2020-10-15,16959,59,171,3,41.857142857142854,1.0714285714285714,-0.48275862068965525,4.229400240179781
Palmas,2020-10-16,17012,53,173,2,40.785714285714285,1.0714285714285714,-0.5161290322580646,4.230755374041986
Palmas,2020-10-17,17094,82,174,1,43.285714285714285,1.0,-0.46153846153846156,4.23284369962312
Palmas,2020-10-18,17115,21,174,0,43.42857142857143,1.0,-0.46153846153846156,4.2333769034738955
Palmas,2020-10-19,17125,10,174,0,43.714285714285715,1.0,-0.46153846153846156,4.233630580164463
Palmas,2020-10-20,17200,75,175,1,45.785714285714285,1.1428571428571428,-0.27272727272727276,4.235528446907549
Palmas,2020-10-21,17240,40,176,1,44.285714285714285,1.0714285714285714,-0.11764705882352937,4.236537261488694
Palmas,2020-10-22,17294,54,183,7,43.857142857142854,1.4285714285714286,0.0526315789473684,4.237895454639604
Palmas,2020-10-23,17363,69,185,2,45.07142857142857,1.5,0.31250000000000006,4.239624765246138
Palmas,2020-10-24,17421,58,185,0,44.714285714285715,1.4285714285714286,0.17647058823529424,4.241073080752987
Palmas,2020-10-25,17435,14,185,0,43.857142857142854,1.2857142857142858,0.0,4.241421951711995
Palmas,2020-10-26,17453,18,185,0,43.142857142857146,1.2857142857142858,0.058823529411764865,4.241870088685619
Palmas,2020-10-27,17487,34,186,1,44.92857142857143,1.4285714285714286,0.5384615384615384,4.242715310039108
Palmas,2020-10-28,17555,68,187,1,46.785714285714285,1.3571428571428572,0.46153846153846156,4.24440083380137
Palmas,2020-10-29,17575,20,187,0,44.0,1.1428571428571428,0.06666666666666664,4.244895333691861
Palmas,2020-10-30,17649,74,188,1,45.5,1.0714285714285714,0.0,4.246720103107109
Palmas,2020-10-31,17724,75,188,0,45.0,1.0,0.0,4.248561741359574
Palmas,2020-11-01,17730,6,188,0,43.92857142857143,1.0,0.0,4.248708735600918
Palmas,2020-11-02,17734,4,188,0,43.5,1.0,0.0,4.24880670412872
Palmas,2020-11-03,17739,5,188,0,38.5,0.9285714285714286,-0.18749999999999992,4.248929133718768
Palmas,2020-11-04,17800,61,189,1,40.0,0.9285714285714286,-0.13333333333333328,4.250420002308894
Palmas,2020-11-05,17829,29,189,0,38.214285714285715,0.42857142857142855,-0.7,4.251126984977872
Palmas,2020-11-06,17939,110,189,0,41.142857142857146,0.2857142857142857,-0.8095238095238096,4.2537982298682495
Palmas,2020-11-07,17968,29,189,0,39.07142857142857,0.2857142857142857,-0.7999999999999999,4.254499738917382
Palmas,2020-11-08,17981,13,190,1,39.0,0.35714285714285715,-0.7222222222222222,4.254813841034874
Palmas,2020-11-09,17992,11,190,0,38.5,0.35714285714285715,-0.7222222222222222,4.255079442427576
Palmas,2020-11-10,18009,17,191,1,37.285714285714285,0.35714285714285715,-0.75,4.2554895980755365
Palmas,2020-11-11,18057,48,192,1,35.857142857142854,0.35714285714285715,-0.7368421052631579,4.256645598044452
Palmas,2020-11-12,18080,23,193,1,36.07142857142857,0.42857142857142855,-0.625,4.257198426139344
Palmas,2020-11-13,18124,44,193,0,33.92857142857143,0.35714285714285715,-0.6666666666666666,4.258254053507148
Palmas,2020-11-14,18173,49,194,1,32.07142857142857,0.42857142857142855,-0.5714285714285714,4.259426626587052
Palmas,2020-11-15,18244,71,195,1,36.714285714285715,0.5,-0.5,4.2611200635689
Palmas,2020-11-16,18304,60,195,0,40.714285714285715,0.5,-0.5,4.26254600711293
Palmas,2020-11-17,18359,55,197,2,44.285714285714285,0.6428571428571429,-0.30769230769230765,4.263849021837472
Palmas,2020-11-18,18418,59,197,0,44.142857142857146,0.5714285714285714,-0.3846153846153847,4.265242468633801
Palmas,2020-11-19,18485,67,197,0,46.857142857142854,0.5714285714285714,0.3333333333333333,4.266819454909125
Palmas,2020-11-20,18543,58,197,0,43.142857142857146,0.5714285714285714,1.0,4.268179998311488
Palmas,2020-11-21,18619,76,197,0,46.5,0.5714285714285714,1.0,4.269956351932952
Palmas,2020-11-22,18659,40,197,0,48.42857142857143,0.5,0.39999999999999997,4.270888364698832
Palmas,2020-11-23,18705,46,197,0,50.92857142857143,0.5,0.39999999999999997,4.271957712534224
Palmas,2020-11-24,18746,41,197,0,52.642857142857146,0.42857142857142855,0.1999999999999999,4.272908612690247
Palmas,2020-11-25,18836,90,197,0,55.642857142857146,0.35714285714285715,0.0,4.274988681770685
Palmas,2020-11-26,18877,41,197,0,56.92857142857143,0.2857142857142857,-0.3333333333333333,4.275932975821708
Palmas,2020-11-27,18980,103,197,0,61.142857142857146,0.2857142857142857,-0.20000000000000007,4.278296208091274
Palmas,2020-11-28,19017,37,197,0,60.285714285714285,0.21428571428571427,-0.5,4.279142006491639
Palmas,2020-11-29,19064,47,198,1,58.57142857142857,0.21428571428571427,-0.5714285714285714,4.2802140293384
Palmas,2020-11-30,19104,40,198,0,57.142857142857146,0.21428571428571427,-0.5714285714285714,4.281124309449275
Palmas,2020-12-01,19191,87,198,0,59.42857142857143,0.07142857142857142,-0.888888888888889,4.283097605437225
Palmas,2020-12-02,19224,33,198,0,57.57142857142857,0.07142857142857142,-0.875,4.283843757795844
Palmas,2020-12-03,19312,88,199,1,59.07142857142857,0.14285714285714285,-0.75,4.285827252753274
Palmas,2020-12-04,19381,69,200,1,59.857142857142854,0.21428571428571427,-0.625,4.287376181552599
Palmas,2020-12-05,19456,75,200,0,59.785714285714285,0.21428571428571427,-0.625,4.2890535575926405
Palmas,2020-12-06,19532,76,200,0,62.357142857142854,0.21428571428571427,-0.5714285714285714,4.2907467156120855
Palmas,2020-12-07,19582,50,200,0,62.642857142857146,0.21428571428571427,-0.5714285714285714,4.29185704623146
Palmas,2020-12-08,19680,98,201,1,66.71428571428571,0.2857142857142857,-0.3333333333333333,4.294025094095323
Palmas,2020-12-09,19732,52,203,2,64.0,0.42857142857142855,0.1999999999999999,4.295171106790104
Palmas,2020-12-10,19840,108,204,1,68.78571428571429,0.5,0.7500000000000001,4.29754166781816
Palmas,2020-12-11,19948,108,204,0,69.14285714285714,0.5,0.7500000000000001,4.299899359546325
Palmas,2020-12-12,20025,77,204,0,72.0,0.5,1.3333333333333333,4.301572524756275
Palmas,2020-12-13,20096,71,205,1,73.71428571428571,0.5,1.3333333333333333,4.303109622057102
Palmas,2020-12-14,20146,50,205,0,74.42857142857143,0.5,1.3333333333333333,4.304188829614843
Palmas,2020-12-15,20235,89,205,0,74.57142857142857,0.5,6.000000000000001,4.306103208727586
Palmas,2020-12-16,20303,68,205,0,77.07142857142857,0.5,6.000000000000001,4.307560214621736
Palmas,2020-12-17,20396,93,207,2,77.42857142857143,0.5714285714285714,3.0,4.309545003295436
Palmas,2020-12-18,20502,106,208,1,80.07142857142857,0.5714285714285714,1.6666666666666665,4.311796229182407
Palmas,2020-12-19,20605,103,208,0,82.07142857142857,0.5714285714285714,1.6666666666666665,4.313972618860607
Palmas,2020-12-20,20669,64,208,0,81.21428571428571,0.5714285714285714,1.6666666666666665,4.31531946525875
Palmas,2020-12-21,20745,76,209,1,83.07142857142857,0.6428571428571429,2.0000000000000004,4.316913439164992
Palmas,2020-12-22,20822,77,210,1,81.57142857142857,0.6428571428571429,1.2500000000000002,4.318522442141257
Palmas,2020-12-23,20886,64,210,0,82.42857142857143,0.5,0.16666666666666674,4.319855273667932
Palmas,2020-12-24,20964,78,211,1,80.28571428571429,0.5,0.0,4.321474151030555
Palmas,2020-12-25,21095,131,212,1,81.92857142857143,0.5714285714285714,0.1428571428571428,4.3241795297179
Palmas,2020-12-26,21135,40,212,0,79.28571428571429,0.5714285714285714,0.1428571428571428,4.325002252165038
Palmas,2020-12-27,21190,55,213,1,78.14285714285714,0.5714285714285714,0.1428571428571428,4.326130956710794
Palmas,2020-12-28,21224,34,214,1,77.0,0.6428571428571429,0.2857142857142858,4.326827236974273
Palmas,2020-12-29,21324,100,216,2,77.78571428571429,0.7857142857142857,0.5714285714285714,4.328868673852926
Palmas,2020-12-30,21419,95,216,0,79.71428571428571,0.7857142857142857,0.5714285714285714,4.3307991908366485
Palmas,2020-12-31,21524,105,217,1,80.57142857142857,0.7142857142857143,0.2500000000000001,4.3329229833744565
Palmas,2021-01-01,21610,86,217,0,79.14285714285714,0.6428571428571429,0.12500000000000014,4.334654766883241
Palmas,2021-01-02,21642,32,217,0,74.07142857142857,0.6428571428571429,0.12500000000000014,4.335297392702007
Palmas,2021-01-03,21720,78,219,2,75.07142857142857,0.7857142857142857,0.37500000000000006,4.33685982091681
Palmas,2021-01-04,21811,91,219,0,76.14285714285714,0.7142857142857143,0.11111111111111105,4.338675577753202
Palmas,2021-01-05,21885,74,219,0,75.92857142857143,0.6428571428571429,0.0,4.340146550949133
Palmas,2021-01-06,21978,93,219,0,78.0,0.6428571428571429,0.2857142857142858,4.3419881690481885
Palmas,2021-01-07,22108,130,220,1,81.71428571428571,0.6428571428571429,0.2857142857142858,4.344549455909737
Palmas,2021-01-08,22239,131,222,2,81.71428571428571,0.7142857142857143,0.2500000000000001,4.3471152548414045
Palmas,2021-01-09,22445,206,222,0,93.57142857142857,0.7142857142857143,0.2500000000000001,4.351119609737672
Palmas,2021-01-10,22533,88,222,0,95.92857142857143,0.6428571428571429,0.12500000000000014,4.35281901669987
Palmas,2021-01-11,22606,73,223,1,98.71428571428571,0.6428571428571429,0.0,4.354223723264851
Palmas,2021-01-12,22758,152,223,0,102.42857142857143,0.5,-0.36363636363636365,4.357134093086434
Palmas,2021-01-13,22799,41,226,3,98.57142857142857,0.7142857142857143,-0.09090909090909087,4.35791579857913
Palmas,2021-01-14,22927,128,227,1,100.21428571428571,0.7142857142857143,0.0,4.360347230975766
Palmas,2021-01-15,23003,76,227,0,99.5,0.7142857142857143,0.11111111111111105,4.361784479429873
Palmas,2021-01-16,23097,94,229,2,103.92857142857143,0.8571428571428571,0.33333333333333315,4.3635555743486005
Palmas,2021-01-17,23219,122,229,0,107.07142857142857,0.7142857142857143,-0.09090909090909087,4.365843511533739
Palmas,2021-01-18,23260,41,230,1,103.5,0.7857142857142857,0.09999999999999995,4.36660971039243
Palmas,2021-01-19,23363,103,230,0,105.57142857142857,0.7857142857142857,0.2222222222222221,4.36852860897939
Palmas,2021-01-20,23508,145,231,1,109.28571428571429,0.8571428571428571,0.33333333333333315,4.3712156820423615
Tocantínia,2020-03-27,0,0,0,0,,,,0.0
Tocantínia,2020-03-28,0,0,0,0,,,,0.0
Tocantínia,2020-03-29,0,0,0,0,,,,0.0
Tocantínia,2020-03-30,0,0,0,0,,,,0.0
Tocantínia,2020-03-31,0,0,0,0,,,,0.0
Tocantínia,2020-04-01,0,0,0,0,,,,0.0
Tocantínia,2020-04-02,0,0,0,0,,,,0.0
Tocantínia,2020-04-03,0,0,0,0,,,,0.0
Tocantínia,2020-04-04,0,0,0,0,,,,0.0
Tocantínia,2020-04-05,0,0,0,0,,,,0.0
Tocantínia,2020-04-06,0,0,0,0,,,,0.0
Tocantínia,2020-04-07,0,0,0,0,,,,0.0
Tocantínia,2020-04-08,0,0,0,0,,,,0.0
Tocantínia,2020-04-09,0,0,0,0,0.0,0.0,,0.0
Tocantínia,2020-04-10,0,0,0,0,0.0,0.0,,0.0
Tocantínia,2020-04-11,0,0,0,0,0.0,0.0,,0.0
Tocantínia,2020-04-12,0,0,0,0,0.0,0.0,,0.0
Tocantínia,2020-04-13,0,0,0,0,0.0,0.0,,0.0
Tocantínia,2020-04-14,0,0,0,0,0.0,0.0,,0.0
Tocantínia,2020-04-15,0,0,0,0,0.0,0.0,,0.0
Tocantínia,2020-04-16,0,0,0,0,0.0,0.0,,0.0
Tocantínia,2020-04-17,0,0,0,0,0.0,0.0,,0.0
Tocantínia,2020-04-18,0,0,0,0,0.0,0.0,,0.0
Tocantínia,2020-04-19,0,0,0,0,0.0,0.0,,0.0
Tocantínia,2020-04-20,0,0,0,0,0.0,0.0,,0.0
Tocantínia,2020-04-21,0,0,0,0,0.0,0.0,,0.0
Tocantínia,2020-04-22,0,0,0,0,0.0,0.0,,0.0
Tocantínia,2020-04-23,0,0,0,0,0.0,0.0,,0.0
Tocantínia,2020-04-24,0,0,0,0,0.0,0.0,,0.0
Tocantínia,2020-04-25,0,0,0,0,0.0,0.0,,0.0
Tocantínia,2020-04-26,0,0,0,0,0.0,0.0,,0.0
Tocantínia,2020-04-27,0,0,0,0,0.0,0.0,,0.0
Tocantínia,2020-04-28,0,0,0,0,0.0,0.0,,0.0
Tocantínia,2020-04-29,0,0,0,0,0.0,0.0,,0.0
Tocantínia,2020-04-30,0,0,0,0,0.0,0.0,,0.0
Tocantínia,2020-05-01,0,0,0,0,0.0,0.0,,0.0
Tocantínia,2020-05-02,0,0,0,0,0.0,0.0,,0.0
Tocantínia,2020-05-03,0,0,0,0,0.0,0.0,,0.0
Tocantínia,2020-05-04,0,0,0,0,0.0,0.0,,0.0
Tocantínia,2020-05-05,0,0,0,0,0.0,0.0,,0.0
Tocantínia,2020-05-06,0,0,0,0,0.0,0.0,,0.0
Tocantínia,2020-05-07,0,0,0,0,0.0,0.0,,0.0
Tocantínia,2020-05-08,0,0,0,0,0.0,0.0,,0.0
Tocantínia,2020-05-09,0,0,0,0,0.0,0.0,,0.0
Tocantínia,2020-05-10,0,0,0,0,0.0,0.0,,0.0
Tocantínia,2020-05-11,0,0,0,0,0.0,0.0,,0.0
Tocantínia,2020-05-12,0,0,0,0,0.0,0.0,,0.0
Tocantínia,2020-05-13,0,0,0,0,0.0,0.0,,0.0
Tocantínia,2020-05-14,0,0,0,0,0.0,0.0,,0.0
Tocantínia,2020-05-15,0,0,0,0,0.0,0.0,,0.0
Tocantínia,2020-05-16,0,0,0,0,0.0,0.0,,0.0
Tocantínia,2020-05-17,0,0,0,0,0.0,0.0,,0.0
Tocantínia,2020-05-18,0,0,0,0,0.0,0.0,,0.0
Tocantínia,2020-05-19,0,0,0,0,0.0,0.0,,0.0
Tocantínia,2020-05-20,1,1,0,0,0.07142857142857142,0.0,,0.0
Tocantínia,2020-05-21,1,0,0,0,0.07142857142857142,0.0,,0.0
Tocantínia,2020-05-22,1,0,0,0,0.07142857142857142,0.0,,0.0
Tocantínia,2020-05-23,1,0,0,0,0.07142857142857142,0.0,,0.0
Tocantínia,2020-05-24,1,0,0,0,0.07142857142857142,0.0,,0.0
Tocantínia,2020-05-25,1,0,0,0,0.07142857142857142,0.0,,0.0
Tocantínia,2020-05-26,1,0,0,0,0.07142857142857142,0.0,,0.0
Tocantínia,2020-05-27,1,0,0,0,0.07142857142857142,0.0,,0.0
Tocantínia,2020-05-28,1,0,0,0,0.07142857142857142,0.0,,0.0
Tocantínia,2020-05-29,1,0,0,0,0.07142857142857142,0.0,,0.0
Tocantínia,2020-05-30,2,1,0,0,0.14285714285714285,0.0,,0.3010299956639812
Tocantínia,2020-05-31,2,0,0,0,0.14285714285714285,0.0,,0.3010299956639812
Tocantínia,2020-06-01,2,0,0,0,0.14285714285714285,0.0,,0.3010299956639812
Tocantínia,2020-06-02,2,0,0,0,0.14285714285714285,0.0,,0.3010299956639812
Tocantínia,2020-06-03,2,0,0,0,0.07142857142857142,0.0,,0.3010299956639812
Tocantínia,2020-06-04,2,0,0,0,0.07142857142857142,0.0,,0.3010299956639812
Tocantínia,2020-06-05,2,0,0,0,0.07142857142857142,0.0,,0.3010299956639812
Tocantínia,2020-06-06,2,0,0,0,0.07142857142857142,0.0,,0.3010299956639812
Tocantínia,2020-06-07,2,0,0,0,0.07142857142857142,0.0,,0.3010299956639812
Tocantínia,2020-06-08,2,0,0,0,0.07142857142857142,0.0,,0.3010299956639812
Tocantínia,2020-06-09,2,0,0,0,0.07142857142857142,0.0,,0.3010299956639812
Tocantínia,2020-06-10,2,0,0,0,0.07142857142857142,0.0,,0.3010299956639812
Tocantínia,2020-06-11,2,0,0,0,0.07142857142857142,0.0,,0.3010299956639812
Tocantínia,2020-06-12,2,0,0,0,0.07142857142857142,0.0,,0.3010299956639812
Tocantínia,2020-06-13,2,0,0,0,0.0,0.0,,0.3010299956639812
Tocantínia,2020-06-14,2,0,0,0,0.0,0.0,,0.3010299956639812
Tocantínia,2020-06-15,2,0,0,0,0.0,0.0,,0.3010299956639812
Tocantínia,2020-06-16,2,0,0,0,0.0,0.0,,0.3010299956639812
Tocantínia,2020-06-17,2,0,0,0,0.0,0.0,,0.3010299956639812
Tocantínia,2020-06-18,3,1,0,0,0.07142857142857142,0.0,,0.47712125471966244
Tocantínia,2020-06-19,4,1,0,0,0.14285714285714285,0.0,,0.6020599913279624
Tocantínia,2020-06-20,4,0,0,0,0.14285714285714285,0.0,,0.6020599913279624
Tocantínia,2020-06-21,5,1,0,0,0.21428571428571427,0.0,,0.6989700043360189
Tocantínia,2020-06-22,5,0,0,0,0.21428571428571427,0.0,,0.6989700043360189
Tocantínia,2020-06-23,5,0,0,0,0.21428571428571427,0.0,,0.6989700043360189
Tocantínia,2020-06-24,7,2,0,0,0.35714285714285715,0.0,,0.8450980400142568
Tocantínia,2020-06-25,8,1,0,0,0.42857142857142855,0.0,,0.9030899869919435
Tocantínia,2020-06-26,10,2,0,0,0.5714285714285714,0.0,,1.0
Tocantínia,2020-06-27,10,0,0,0,0.5714285714285714,0.0,,1.0
Tocantínia,2020-06-28,11,1,0,0,0.6428571428571429,0.0,,1.041392685158225
Tocantínia,2020-06-29,11,0,0,0,0.6428571428571429,0.0,,1.041392685158225
Tocantínia,2020-06-30,11,0,0,0,0.6428571428571429,0.0,,1.041392685158225
Tocantínia,2020-07-01,13,2,0,0,0.7857142857142857,0.0,,1.1139433523068367
Tocantínia,2020-07-02,13,0,0,0,0.7142857142857143,0.0,,1.1139433523068367
Tocantínia,2020-07-03,14,1,0,0,0.7142857142857143,0.0,,1.146128035678238
Tocantínia,2020-07-04,26,12,0,0,1.5714285714285714,0.0,,1.414973347970818
Tocantínia,2020-07-05,30,4,0,0,1.7857142857142858,0.0,,1.4771212547196624
Tocantínia,2020-07-06,30,0,0,0,1.7857142857142858,0.0,,1.4771212547196624
Tocantínia,2020-07-07,38,8,0,0,2.357142857142857,0.0,,1.5797835966168101
Tocantínia,2020-07-08,52,14,0,0,3.2142857142857144,0.0,,1.7160033436347992
Tocantínia,2020-07-09,69,17,0,0,4.357142857142857,0.0,,1.8388490907372552
Tocantínia,2020-07-10,75,6,0,0,4.642857142857143,0.0,,1.8750612633917
Tocantínia,2020-07-11,85,10,0,0,5.357142857142857,0.0,,1.9294189257142929
Tocantínia,2020-07-12,86,1,0,0,5.357142857142857,0.0,,1.9344984512435677
Tocantínia,2020-07-13,89,3,1,1,5.571428571428571,0.07142857142857142,inf,1.9493900066449128
Tocantínia,2020-07-14,101,12,1,0,6.428571428571429,0.07142857142857142,inf,2.0043213737826426
Tocantínia,2020-07-15,109,8,1,0,6.857142857142857,0.07142857142857142,inf,2.037426497940624
Tocantínia,2020-07-16,118,9,1,0,7.5,0.07142857142857142,inf,2.0718820073061255
Tocantínia,2020-07-17,123,5,1,0,7.785714285714286,0.07142857142857142,inf,2.089905111439398
Tocantínia,2020-07-18,123,0,1,0,6.928571428571429,0.07142857142857142,inf,2.089905111439398
Tocantínia,2020-07-19,123,0,1,0,6.642857142857143,0.07142857142857142,inf,2.089905111439398
Tocantínia,2020-07-20,125,2,1,0,6.785714285714286,0.07142857142857142,inf,2.0969100130080562
Tocantínia,2020-07-21,139,14,2,1,7.214285714285714,0.14285714285714285,inf,2.143014800254095
Tocantínia,2020-07-22,147,8,2,0,6.785714285714286,0.14285714285714285,inf,2.167317334748176
Tocantínia,2020-07-23,151,4,3,1,5.857142857142857,0.21428571428571427,inf,2.1789769472931693
Tocantínia,2020-07-24,161,10,3,0,6.142857142857143,0.21428571428571427,inf,2.2068258760318495
Tocantínia,2020-07-25,186,25,3,0,7.214285714285714,0.21428571428571427,inf,2.2695129442179165
Tocantínia,2020-07-26,187,1,3,0,7.214285714285714,0.21428571428571427,inf,2.271841606536499
Tocantínia,2020-07-27,187,0,3,0,7.0,0.14285714285714285,1.0,2.271841606536499
Tocantínia,2020-07-28,195,8,3,0,6.714285714285714,0.14285714285714285,1.0,2.290034611362518
Tocantínia,2020-07-29,201,6,3,0,6.571428571428571,0.14285714285714285,1.0,2.303196057420489
Tocantínia,2020-07-30,204,3,3,0,6.142857142857143,0.14285714285714285,1.0,2.3096301674258988
Tocantínia,2020-07-31,205,1,4,1,5.857142857142857,0.21428571428571427,2.0,2.311753861055754
Tocantínia,2020-08-01,205,0,4,0,5.857142857142857,0.21428571428571427,2.0,2.311753861055754
Tocantínia,2020-08-02,213,8,4,0,6.428571428571429,0.21428571428571427,2.0,2.3283796034387376
Tocantínia,2020-08-03,214,1,4,0,6.357142857142857,0.21428571428571427,2.0,2.330413773349191
Tocantínia,2020-08-04,222,8,4,0,5.928571428571429,0.14285714285714285,0.0,2.346352974450639
Tocantínia,2020-08-05,247,25,4,0,7.142857142857143,0.14285714285714285,0.0,2.392696953259666
Tocantínia,2020-08-06,255,8,4,0,7.428571428571429,0.07142857142857142,-0.6666666666666666,2.406540180433955
Tocantínia,2020-08-07,256,1,4,0,6.785714285714286,0.07142857142857142,-0.6666666666666666,2.4082399653118496
Tocantínia,2020-08-08,256,0,4,0,5.0,0.07142857142857142,-0.6666666666666666,2.4082399653118496
Tocantínia,2020-08-09,256,0,4,0,4.928571428571429,0.07142857142857142,-0.6666666666666666,2.4082399653118496
Tocantínia,2020-08-10,256,0,4,0,4.928571428571429,0.07142857142857142,-0.5,2.4082399653118496
Tocantínia,2020-08-11,271,15,4,0,5.428571428571429,0.07142857142857142,-0.5,2.432969290874406
Tocantínia,2020-08-12,288,17,4,0,6.214285714285714,0.07142857142857142,-0.5,2.459392487759231
Tocantínia,2020-08-13,301,13,4,0,6.928571428571429,0.07142857142857142,-0.5,2.478566495593843
Tocantínia,2020-08-14,312,11,4,0,7.642857142857143,0.0,-1.0,2.494154594018443
Tocantínia,2020-08-15,312,0,4,0,7.642857142857143,0.0,-1.0,2.494154594018443
Tocantínia,2020-08-16,312,0,4,0,7.071428571428571,0.0,-1.0,2.494154594018443
Tocantínia,2020-08-17,312,0,4,0,7.0,0.0,-1.0,2.494154594018443
Tocantínia,2020-08-18,327,15,4,0,7.5,0.0,-1.0,2.514547752660286
Tocantínia,2020-08-19,331,4,4,0,6.0,0.0,-1.0,2.519827993775719
Tocantínia,2020-08-20,332,1,4,0,5.5,0.0,-1.0,2.5211380837040362
Tocantínia,2020-08-21,343,11,4,0,6.214285714285714,0.0,-1.0,2.5352941200427703
Tocantínia,2020-08-22,342,-1,4,0,6.142857142857143,0.0,-1.0,2.534026106056135
Tocantínia,2020-08-23,342,0,4,0,6.142857142857143,0.0,-1.0,2.534026106056135
Tocantínia,2020-08-24,342,0,4,0,6.142857142857143,0.0,-1.0,2.534026106056135
Tocantínia,2020-08-25,344,2,4,0,5.214285714285714,0.0,-1.0,2.53655844257153
Tocantínia,2020-08-26,351,7,4,0,4.5,0.0,-1.0,2.545307116465824
Tocantínia,2020-08-27,351,0,4,0,3.5714285714285716,0.0,-1.0,2.545307116465824
Tocantínia,2020-08-28,351,0,4,0,2.7857142857142856,0.0,,2.545307116465824
Tocantínia,2020-08-29,354,3,4,0,3.0,0.0,,2.5490032620257876
Tocantínia,2020-08-30,354,0,4,0,3.0,0.0,,2.5490032620257876
Tocantínia,2020-08-31,354,0,4,0,3.0,0.0,,2.5490032620257876
Tocantínia,2020-09-01,360,6,5,1,2.357142857142857,0.07142857142857142,inf,2.5563025007672873
Tocantínia,2020-09-02,362,2,5,0,2.2142857142857144,0.07142857142857142,inf,2.558708570533166
Tocantínia,2020-09-03,364,2,5,0,2.2857142857142856,0.07142857142857142,inf,2.561101383649056
Tocantínia,2020-09-04,366,2,5,0,1.6428571428571428,0.07142857142857142,inf,2.5634810853944106
Tocantínia,2020-09-05,370,4,5,0,2.0,0.07142857142857142,inf,2.568201724066995
Tocantínia,2020-09-06,370,0,5,0,2.0,0.07142857142857142,inf,2.568201724066995
Tocantínia,2020-09-07,370,0,5,0,2.0,0.07142857142857142,inf,2.568201724066995
Tocantínia,2020-09-08,370,0,5,0,1.8571428571428572,0.07142857142857142,inf,2.568201724066995
Tocantínia,2020-09-09,370,0,5,0,1.3571428571428572,0.07142857142857142,inf,2.568201724066995
Tocantínia,2020-09-10,372,2,5,0,1.5,0.07142857142857142,inf,2.5705429398818973
Tocantínia,2020-09-11,373,1,5,0,1.5714285714285714,0.07142857142857142,inf,2.571708831808688
Tocantínia,2020-09-12,373,0,5,0,1.3571428571428572,0.07142857142857142,inf,2.571708831808688
Tocantínia,2020-09-13,373,0,5,0,1.3571428571428572,0.07142857142857142,inf,2.571708831808688
Tocantínia,2020-09-14,373,0,5,0,1.3571428571428572,0.07142857142857142,inf,2.571708831808688
Tocantínia,2020-09-15,374,1,5,0,1.0,0.0,-1.0,2.5728716022004803
Tocantínia,2020-09-16,379,5,5,0,1.2142857142857142,0.0,-1.0,2.578639209968072
Tocantínia,2020-09-17,380,1,5,0,1.1428571428571428,0.0,-1.0,2.57978359661681
Tocantínia,2020-09-18,383,3,5,0,1.2142857142857142,0.0,-1.0,2.583198773968623
Tocantínia,2020-09-19,387,4,5,0,1.2142857142857142,0.0,-1.0,2.5877109650189114
Tocantínia,2020-09-20,387,0,5,0,1.2142857142857142,0.0,-1.0,2.5877109650189114
Tocantínia,2020-09-21,387,0,5,0,1.2142857142857142,0.0,-1.0,2.5877109650189114
Tocantínia,2020-09-22,387,0,5,0,1.2142857142857142,0.0,-1.0,2.5877109650189114
Tocantínia,2020-09-23,387,0,5,0,1.2142857142857142,0.0,-1.0,2.5877109650189114
Tocantínia,2020-09-24,387,0,5,0,1.0714285714285714,0.0,-1.0,2.5877109650189114
Tocantínia,2020-09-25,388,1,5,0,1.0714285714285714,0.0,-1.0,2.5888317255942073
Tocantínia,2020-09-26,388,0,5,0,1.0714285714285714,0.0,-1.0,2.5888317255942073
Tocantínia,2020-09-27,388,0,5,0,1.0714285714285714,0.0,-1.0,2.5888317255942073
Tocantínia,2020-09-28,388,0,5,0,1.0714285714285714,0.0,-1.0,2.5888317255942073
Tocantínia,2020-09-29,389,1,5,0,1.0714285714285714,0.0,,2.5899496013257077
Tocantínia,2020-09-30,392,3,5,0,0.9285714285714286,0.0,,2.593286067020457
Tocantínia,2020-10-01,393,1,5,0,0.9285714285714286,0.0,,2.5943925503754266
Tocantínia,2020-10-02,393,0,5,0,0.7142857142857143,0.0,,2.5943925503754266
Tocantínia,2020-10-03,394,1,5,0,0.5,0.0,,2.595496221825574
Tocantínia,2020-10-04,394,0,5,0,0.5,0.0,,2.595496221825574
Tocantínia,2020-10-05,394,0,5,0,0.5,0.0,,2.595496221825574
Tocantínia,2020-10-06,394,0,5,0,0.5,0.0,,2.595496221825574
Tocantínia,2020-10-07,394,0,5,0,0.5,0.0,,2.595496221825574
Tocantínia,2020-10-08,394,0,5,0,0.5,0.0,,2.595496221825574
Tocantínia,2020-10-09,394,0,5,0,0.42857142857142855,0.0,,2.595496221825574
Tocantínia,2020-10-10,395,1,5,0,0.5,0.0,,2.59659709562646
Tocantínia,2020-10-11,395,0,5,0,0.5,0.0,,2.59659709562646
Tocantínia,2020-10-12,395,0,5,0,0.5,0.0,,2.59659709562646
Tocantínia,2020-10-13,395,0,5,0,0.42857142857142855,0.0,,2.59659709562646
Tocantínia,2020-10-14,395,0,5,0,0.21428571428571427,0.0,,2.59659709562646
Tocantínia,2020-10-15,395,0,5,0,0.14285714285714285,0.0,,2.59659709562646
Tocantínia,2020-10-16,395,0,5,0,0.14285714285714285,0.0,,2.59659709562646
Tocantínia,2020-10-17,398,3,5,0,0.2857142857142857,0.0,,2.5998830720736876
Tocantínia,2020-10-18,398,0,5,0,0.2857142857142857,0.0,,2.5998830720736876
Tocantínia,2020-10-19,398,0,5,0,0.2857142857142857,0.0,,2.5998830720736876
Tocantínia,2020-10-20,398,0,5,0,0.2857142857142857,0.0,,2.5998830720736876
Tocantínia,2020-10-21,403,5,5,0,0.6428571428571429,0.0,,2.6053050461411096
Tocantínia,2020-10-22,410,7,5,0,1.1428571428571428,0.0,,2.6127838567197355
Tocantínia,2020-10-23,411,1,5,0,1.2142857142857142,0.0,,2.6138418218760693
Tocantínia,2020-10-24,406,-5,5,0,0.7857142857142857,0.0,,2.6085260335771943
Tocantínia,2020-10-25,406,0,5,0,0.7857142857142857,0.0,,2.6085260335771943
Tocantínia,2020-10-26,406,0,5,0,0.7857142857142857,0.0,,2.6085260335771943
Tocantínia,2020-10-27,408,2,5,0,0.9285714285714286,0.0,,2.61066016308988
Tocantínia,2020-10-28,410,2,5,0,1.0714285714285714,0.0,,2.6127838567197355
Tocantínia,2020-10-29,410,0,5,0,1.0714285714285714,0.0,,2.6127838567197355
Tocantínia,2020-10-30,410,0,5,0,1.0714285714285714,0.0,,2.6127838567197355
Tocantínia,2020-10-31,410,0,5,0,0.8571428571428571,0.0,,2.6127838567197355
Tocantínia,2020-11-01,410,0,5,0,0.8571428571428571,0.0,,2.6127838567197355
Tocantínia,2020-11-02,410,0,5,0,0.8571428571428571,0.0,,2.6127838567197355
Tocantínia,2020-11-03,410,0,5,0,0.8571428571428571,0.0,,2.6127838567197355
Tocantínia,2020-11-04,410,0,5,0,0.5,0.0,,2.6127838567197355
Tocantínia,2020-11-05,410,0,5,0,0.0,0.0,,2.6127838567197355
Tocantínia,2020-11-06,410,0,5,0,-0.07142857142857142,0.0,,2.6127838567197355
Tocantínia,2020-11-07,411,1,5,0,0.35714285714285715,0.0,,2.6138418218760693
Tocantínia,2020-11-08,411,0,5,0,0.35714285714285715,0.0,,2.6138418218760693
Tocantínia,2020-11-09,411,0,5,0,0.35714285714285715,0.0,,2.6138418218760693
Tocantínia,2020-11-10,411,0,5,0,0.21428571428571427,0.0,,2.6138418218760693
Tocantínia,2020-11-11,411,0,5,0,0.07142857142857142,0.0,,2.6138418218760693
Tocantínia,2020-11-12,411,0,5,0,0.07142857142857142,0.0,,2.6138418218760693
Tocantínia,2020-11-13,411,0,5,0,0.07142857142857142,0.0,,2.6138418218760693
Tocantínia,2020-11-14,413,2,5,0,0.21428571428571427,0.0,,2.615950051656401
Tocantínia,2020-11-15,413,0,5,0,0.21428571428571427,0.0,,2.615950051656401
Tocantínia,2020-11-16,413,0,5,0,0.21428571428571427,0.0,,2.615950051656401
Tocantínia,2020-11-17,412,-1,5,0,0.14285714285714285,0.0,,2.6148972160331345
Tocantínia,2020-11-18,412,0,5,0,0.14285714285714285,0.0,,2.6148972160331345
Tocantínia,2020-11-19,412,0,5,0,0.14285714285714285,0.0,,2.6148972160331345
Tocantínia,2020-11-20,417,5,5,0,0.5,0.0,,2.6201360549737576
Tocantínia,2020-11-21,420,3,5,0,0.6428571428571429,0.0,,2.6232492903979003
Tocantínia,2020-11-22,420,0,5,0,0.6428571428571429,0.0,,2.6232492903979003
Tocantínia,2020-11-23,420,0,5,0,0.6428571428571429,0.0,,2.6232492903979003
Tocantínia,2020-11-24,420,0,5,0,0.6428571428571429,0.0,,2.6232492903979003
Tocantínia,2020-11-25,420,0,5,0,0.6428571428571429,0.0,,2.6232492903979003
Tocantínia,2020-11-26,420,0,5,0,0.6428571428571429,0.0,,2.6232492903979003
Tocantínia,2020-11-27,420,0,5,0,0.6428571428571429,0.0,,2.6232492903979003
Tocantínia,2020-11-28,421,1,5,0,0.5714285714285714,0.0,,2.6242820958356683
Tocantínia,2020-11-29,421,0,5,0,0.5714285714285714,0.0,,2.6242820958356683
Tocantínia,2020-11-30,421,0,5,0,0.5714285714285714,0.0,,2.6242820958356683
Tocantínia,2020-12-01,421,0,5,0,0.6428571428571429,0.0,,2.6242820958356683
Tocantínia,2020-12-02,422,1,5,0,0.7142857142857143,0.0,,2.625312450961674
Tocantínia,2020-12-03,422,0,5,0,0.7142857142857143,0.0,,2.625312450961674
Tocantínia,2020-12-04,422,0,5,0,0.35714285714285715,0.0,,2.625312450961674
Tocantínia,2020-12-05,422,0,5,0,0.14285714285714285,0.0,,2.625312450961674
Tocantínia,2020-12-06,422,0,5,0,0.14285714285714285,0.0,,2.625312450961674
Tocantínia,2020-12-07,422,0,5,0,0.14285714285714285,0.0,,2.625312450961674
Tocantínia,2020-12-08,422,0,5,0,0.14285714285714285,0.0,,2.625312450961674
Tocantínia,2020-12-09,422,0,5,0,0.14285714285714285,0.0,,2.625312450961674
Tocantínia,2020-12-10,422,0,5,0,0.14285714285714285,0.0,,2.625312450961674
Tocantínia,2020-12-11,425,3,5,0,0.35714285714285715,0.0,,2.6283889300503116
Tocantínia,2020-12-12,424,-1,5,0,0.21428571428571427,0.0,,2.6273658565927325
Tocantínia,2020-12-13,424,0,5,0,0.21428571428571427,0.0,,2.6273658565927325
Tocantínia,2020-12-14,424,0,5,0,0.21428571428571427,0.0,,2.6273658565927325
Tocantínia,2020-12-15,424,0,5,0,0.21428571428571427,0.0,,2.6273658565927325
Tocantínia,2020-12-16,424,0,5,0,0.14285714285714285,0.0,,2.6273658565927325
Tocantínia,2020-12-17,424,0,5,0,0.14285714285714285,0.0,,2.6273658565927325
Tocantínia,2020-12-18,424,0,5,0,0.14285714285714285,0.0,,2.6273658565927325
Tocantínia,2020-12-19,424,0,5,0,0.14285714285714285,0.0,,2.6273658565927325
Tocantínia,2020-12-20,424,0,5,0,0.14285714285714285,0.0,,2.6273658565927325
Tocantínia,2020-12-21,424,0,5,0,0.14285714285714285,0.0,,2.6273658565927325
Tocantínia,2020-12-22,424,0,5,0,0.14285714285714285,0.0,,2.6273658565927325
Tocantínia,2020-12-23,424,0,5,0,0.14285714285714285,0.0,,2.6273658565927325
Tocantínia,2020-12-24,424,0,5,0,0.14285714285714285,0.0,,2.6273658565927325
Tocantínia,2020-12-25,424,0,5,0,-0.07142857142857142,0.0,,2.6273658565927325
Tocantínia,2020-12-26,424,0,5,0,0.0,0.0,,2.6273658565927325
Tocantínia,2020-12-27,424,0,5,0,0.0,0.0,,2.6273658565927325
Tocantínia,2020-12-28,424,0,5,0,0.0,0.0,,2.6273658565927325
Tocantínia,2020-12-29,424,0,5,0,0.0,0.0,,2.6273658565927325
Tocantínia,2020-12-30,424,0,5,0,0.0,0.0,,2.6273658565927325
Tocantínia,2020-12-31,422,-2,5,0,-0.14285714285714285,0.0,,2.625312450961674
Tocantínia,2021-01-01,422,0,5,0,-0.14285714285714285,0.0,,2.625312450961674
Tocantínia,2021-01-02,423,1,5,0,-0.07142857142857142,0.0,,2.6263403673750423
Tocantínia,2021-01-03,423,0,5,0,-0.07142857142857142,0.0,,2.6263403673750423
Tocantínia,2021-01-04,423,0,5,0,-0.07142857142857142,0.0,,2.6263403673750423
Tocantínia,2021-01-05,424,1,5,0,0.0,0.0,,2.6273658565927325
Tocantínia,2021-01-06,424,0,5,0,0.0,0.0,,2.6273658565927325
Tocantínia,2021-01-07,424,0,5,0,0.0,0.0,,2.6273658565927325
Tocantínia,2021-01-08,424,0,5,0,0.0,0.0,,2.6273658565927325
Tocantínia,2021-01-09,424,0,5,0,0.0,0.0,,2.6273658565927325
Tocantínia,2021-01-10,424,0,5,0,0.0,0.0,,2.6273658565927325
Tocantínia,2021-01-11,424,0,5,0,0.0,0.0,,2.6273658565927325
Tocantínia,2021-01-12,424,0,5,0,0.0,0.0,,2.6273658565927325
Tocantínia,2021-01-13,424,0,5,0,0.0,0.0,,2.6273658565927325
Tocantínia,2021-01-14,431,7,5,0,0.6428571428571429,0.0,,2.6344772701607315
Tocantínia,2021-01-15,431,0,5,0,0.6428571428571429,0.0,,2.6344772701607315
Tocantínia,2021-01-16,437,6,5,0,1.0,0.0,,2.640481436970422
Tocantínia,2021-01-17,439,2,5,0,1.1428571428571428,0.0,,2.6424645202421213
Tocantínia,2021-01-18,439,0,5,0,1.1428571428571428,0.0,,2.6424645202421213
Tocantínia,2021-01-19,439,0,5,0,1.0714285714285714,0.0,,2.6424645202421213
Tocantínia,2021-01-20,440,1,6,1,1.1428571428571428,0.07142857142857142,inf,2.6434526764861874
Tocantinópolis,2020-03-27,0,0,0,0,,,,0.0
Tocantinópolis,2020-03-28,0,0,0,0,,,,0.0
Tocantinópolis,2020-03-29,0,0,0,0,,,,0.0
Tocantinópolis,2020-03-30,0,0,0,0,,,,0.0
Tocantinópolis,2020-03-31,0,0,0,0,,,,0.0
Tocantinópolis,2020-04-01,0,0,0,0,,,,0.0
Tocantinópolis,2020-04-02,0,0,0,0,,,,0.0
Tocantinópolis,2020-04-03,0,0,0,0,,,,0.0
Tocantinópolis,2020-04-04,0,0,0,0,,,,0.0
Tocantinópolis,2020-04-05,0,0,0,0,,,,0.0
Tocantinópolis,2020-04-06,0,0,0,0,,,,0.0
Tocantinópolis,2020-04-07,0,0,0,0,,,,0.0
Tocantinópolis,2020-04-08,0,0,0,0,,,,0.0
Tocantinópolis,2020-04-09,0,0,0,0,0.0,0.0,,0.0
Tocantinópolis,2020-04-10,0,0,0,0,0.0,0.0,,0.0
Tocantinópolis,2020-04-11,0,0,0,0,0.0,0.0,,0.0
Tocantinópolis,2020-04-12,0,0,0,0,0.0,0.0,,0.0
Tocantinópolis,2020-04-13,0,0,0,0,0.0,0.0,,0.0
Tocantinópolis,2020-04-14,0,0,0,0,0.0,0.0,,0.0
Tocantinópolis,2020-04-15,0,0,0,0,0.0,0.0,,0.0
Tocantinópolis,2020-04-16,1,1,0,0,0.07142857142857142,0.0,,0.0
Tocantinópolis,2020-04-17,1,0,0,0,0.07142857142857142,0.0,,0.0
Tocantinópolis,2020-04-18,1,0,0,0,0.07142857142857142,0.0,,0.0
Tocantinópolis,2020-04-19,1,0,0,0,0.07142857142857142,0.0,,0.0
Tocantinópolis,2020-04-20,1,0,0,0,0.07142857142857142,0.0,,0.0
Tocantinópolis,2020-04-21,1,0,0,0,0.07142857142857142,0.0,,0.0
Tocantinópolis,2020-04-22,1,0,0,0,0.07142857142857142,0.0,,0.0
Tocantinópolis,2020-04-23,1,0,0,0,0.07142857142857142,0.0,,0.0
Tocantinópolis,2020-04-24,1,0,0,0,0.07142857142857142,0.0,,0.0
Tocantinópolis,2020-04-25,1,0,0,0,0.07142857142857142,0.0,,0.0
Tocantinópolis,2020-04-26,1,0,0,0,0.07142857142857142,0.0,,0.0
Tocantinópolis,2020-04-27,1,0,0,0,0.07142857142857142,0.0,,0.0
Tocantinópolis,2020-04-28,1,0,0,0,0.07142857142857142,0.0,,0.0
Tocantinópolis,2020-04-29,1,0,0,0,0.07142857142857142,0.0,,0.0
Tocantinópolis,2020-04-30,1,0,0,0,0.0,0.0,,0.0
Tocantinópolis,2020-05-01,1,0,0,0,0.0,0.0,,0.0
Tocantinópolis,2020-05-02,1,0,0,0,0.0,0.0,,0.0
Tocantinópolis,2020-05-03,1,0,0,0,0.0,0.0,,0.0
Tocantinópolis,2020-05-04,1,0,0,0,0.0,0.0,,0.0
Tocantinópolis,2020-05-05,1,0,0,0,0.0,0.0,,0.0
Tocantinópolis,2020-05-06,1,0,0,0,0.0,0.0,,0.0
Tocantinópolis,2020-05-07,2,1,0,0,0.07142857142857142,0.0,,0.3010299956639812
Tocantinópolis,2020-05-08,3,1,0,0,0.14285714285714285,0.0,,0.47712125471966244
Tocantinópolis,2020-05-09,4,1,0,0,0.21428571428571427,0.0,,0.6020599913279624
Tocantinópolis,2020-05-10,4,0,0,0,0.21428571428571427,0.0,,0.6020599913279624
Tocantinópolis,2020-05-11,4,0,0,0,0.21428571428571427,0.0,,0.6020599913279624
Tocantinópolis,2020-05-12,5,1,0,0,0.2857142857142857,0.0,,0.6989700043360189
Tocantinópolis,2020-05-13,6,1,1,1,0.35714285714285715,0.07142857142857142,inf,0.7781512503836436
Tocantinópolis,2020-05-14,8,2,1,0,0.5,0.07142857142857142,inf,0.9030899869919435
Tocantinópolis,2020-05-15,8,0,1,0,0.5,0.07142857142857142,inf,0.9030899869919435
Tocantinópolis,2020-05-16,13,5,1,0,0.8571428571428571,0.07142857142857142,inf,1.1139433523068367
Tocantinópolis,2020-05-17,14,1,1,0,0.9285714285714286,0.07142857142857142,inf,1.146128035678238
Tocantinópolis,2020-05-18,14,0,1,0,0.9285714285714286,0.07142857142857142,inf,1.146128035678238
Tocantinópolis,2020-05-19,16,2,1,0,1.0714285714285714,0.07142857142857142,inf,1.2041199826559248
Tocantinópolis,2020-05-20,16,0,1,0,1.0714285714285714,0.07142857142857142,inf,1.2041199826559248
Tocantinópolis,2020-05-21,19,3,2,1,1.2142857142857142,0.14285714285714285,inf,1.2787536009528289
Tocantinópolis,2020-05-22,19,0,2,0,1.1428571428571428,0.14285714285714285,inf,1.2787536009528289
Tocantinópolis,2020-05-23,30,11,2,0,1.8571428571428572,0.14285714285714285,inf,1.4771212547196624
Tocantinópolis,2020-05-24,41,11,2,0,2.642857142857143,0.14285714285714285,inf,1.6127838567197355
Tocantinópolis,2020-05-25,43,2,2,0,2.7857142857142856,0.14285714285714285,inf,1.6334684555795866
Tocantinópolis,2020-05-26,54,11,2,0,3.5,0.14285714285714285,inf,1.7323937598229686
Tocantinópolis,2020-05-27,59,5,2,0,3.7857142857142856,0.07142857142857142,0.0,1.7708520116421442
Tocantinópolis,2020-05-28,76,17,3,1,4.857142857142857,0.14285714285714285,1.0,1.8808135922807914
Tocantinópolis,2020-05-29,88,12,3,0,5.714285714285714,0.14285714285714285,1.0,1.9444826721501687
Tocantinópolis,2020-05-30,103,15,3,0,6.428571428571429,0.14285714285714285,1.0,2.012837224705172
Tocantinópolis,2020-05-31,107,4,3,0,6.642857142857143,0.14285714285714285,1.0,2.0293837776852097
Tocantinópolis,2020-06-01,107,0,3,0,6.642857142857143,0.14285714285714285,1.0,2.0293837776852097
Tocantinópolis,2020-06-02,114,7,3,0,7.0,0.14285714285714285,1.0,2.0569048513364727
Tocantinópolis,2020-06-03,119,5,3,0,7.357142857142857,0.14285714285714285,1.0,2.075546961392531
Tocantinópolis,2020-06-04,130,11,3,0,7.928571428571429,0.07142857142857142,-0.5,2.113943352306837
Tocantinópolis,2020-06-05,144,14,3,0,8.928571428571429,0.07142857142857142,-0.5,2.1583624920952498
Tocantinópolis,2020-06-06,156,12,3,0,9.0,0.07142857142857142,-0.5,2.1931245983544616
Tocantinópolis,2020-06-07,158,2,3,0,8.357142857142858,0.07142857142857142,-0.5,2.1986570869544226
Tocantinópolis,2020-06-08,159,1,3,0,8.285714285714286,0.07142857142857142,-0.5,2.2013971243204513
Tocantinópolis,2020-06-09,165,6,3,0,7.928571428571429,0.07142857142857142,-0.5,2.2174839442139063
Tocantinópolis,2020-06-10,176,11,3,0,8.357142857142858,0.07142857142857142,0.0,2.24551266781415
Tocantinópolis,2020-06-11,187,11,3,0,7.928571428571429,0.0,-1.0,2.271841606536499
Tocantinópolis,2020-06-12,196,9,3,0,7.714285714285714,0.0,-1.0,2.292256071356476
Tocantinópolis,2020-06-13,196,0,4,1,6.642857142857143,0.07142857142857142,-0.5,2.292256071356476
Tocantinópolis,2020-06-14,196,0,4,0,6.357142857142857,0.07142857142857142,-0.5,2.292256071356476
Tocantinópolis,2020-06-15,202,6,4,0,6.785714285714286,0.07142857142857142,-0.5,2.305351369446624
Tocantinópolis,2020-06-16,204,2,4,0,6.428571428571429,0.07142857142857142,-0.5,2.3096301674258988
Tocantinópolis,2020-06-17,211,7,4,0,6.571428571428571,0.07142857142857142,-0.5,2.3242824552976926
Tocantinópolis,2020-06-18,215,4,4,0,6.071428571428571,0.07142857142857142,0.0,2.3324384599156054
Tocantinópolis,2020-06-19,220,5,4,0,5.428571428571429,0.07142857142857142,0.0,2.342422680822206
Tocantinópolis,2020-06-20,225,5,4,0,4.928571428571429,0.07142857142857142,0.0,2.3521825181113627
Tocantinópolis,2020-06-21,229,4,4,0,5.071428571428571,0.07142857142857142,0.0,2.359835482339888
Tocantinópolis,2020-06-22,229,0,4,0,5.0,0.07142857142857142,0.0,2.359835482339888
Tocantinópolis,2020-06-23,238,9,4,0,5.214285714285714,0.07142857142857142,0.0,2.376576957056512
Tocantinópolis,2020-06-24,246,8,4,0,5.0,0.07142857142857142,0.0,2.3909351071033793
Tocantinópolis,2020-06-25,250,4,5,1,4.5,0.14285714285714285,inf,2.3979400086720375
Tocantinópolis,2020-06-26,255,5,5,0,4.214285714285714,0.14285714285714285,inf,2.406540180433955
Tocantinópolis,2020-06-27,262,7,5,0,4.714285714285714,0.07142857142857142,0.0,2.4183012913197452
Tocantinópolis,2020-06-28,263,1,5,0,4.785714285714286,0.07142857142857142,0.0,2.419955748489758
Tocantinópolis,2020-06-29,263,0,5,0,4.357142857142857,0.07142857142857142,0.0,2.419955748489758
Tocantinópolis,2020-06-30,266,3,5,0,4.428571428571429,0.07142857142857142,0.0,2.424881636631067
Tocantinópolis,2020-07-01,271,5,5,0,4.285714285714286,0.07142857142857142,0.0,2.432969290874406
Tocantinópolis,2020-07-02,274,3,5,0,4.214285714285714,0.07142857142857142,0.0,2.437750562820388
Tocantinópolis,2020-07-03,280,6,5,0,4.285714285714286,0.07142857142857142,0.0,2.4471580313422194
Tocantinópolis,2020-07-04,289,9,5,0,4.571428571428571,0.07142857142857142,0.0,2.4608978427565478
Tocantinópolis,2020-07-05,290,1,5,0,4.357142857142857,0.07142857142857142,0.0,2.462397997898956
Tocantinópolis,2020-07-06,292,2,5,0,4.5,0.07142857142857142,0.0,2.4653828514484184
Tocantinópolis,2020-07-07,292,0,5,0,3.857142857142857,0.07142857142857142,0.0,2.4653828514484184
Tocantinópolis,2020-07-08,294,2,5,0,3.4285714285714284,0.07142857142857142,0.0,2.4683473304121573
Tocantinópolis,2020-07-09,303,9,5,0,3.7857142857142856,0.0,-1.0,2.481442628502305
Tocantinópolis,2020-07-10,320,17,6,1,4.642857142857143,0.07142857142857142,-0.5,2.505149978319906
Tocantinópolis,2020-07-11,331,11,6,0,4.928571428571429,0.07142857142857142,0.0,2.519827993775719
Tocantinópolis,2020-07-12,337,6,6,0,5.285714285714286,0.07142857142857142,0.0,2.5276299008713385
Tocantinópolis,2020-07-13,337,0,6,0,5.285714285714286,0.07142857142857142,0.0,2.5276299008713385
Tocantinópolis,2020-07-14,343,6,7,1,5.5,0.14285714285714285,1.0,2.5352941200427703
Tocantinópolis,2020-07-15,351,8,7,0,5.714285714285714,0.14285714285714285,1.0,2.545307116465824
Tocantinópolis,2020-07-16,354,3,8,1,5.714285714285714,0.21428571428571427,2.0,2.5490032620257876
Tocantinópolis,2020-07-17,360,6,8,0,5.714285714285714,0.21428571428571427,2.0,2.5563025007672873
Tocantinópolis,2020-07-18,373,13,8,0,6.0,0.21428571428571427,2.0,2.571708831808688
Tocantinópolis,2020-07-19,380,7,8,0,6.428571428571429,0.21428571428571427,2.0,2.57978359661681
Tocantinópolis,2020-07-20,380,0,8,0,6.285714285714286,0.21428571428571427,2.0,2.57978359661681
Tocantinópolis,2020-07-21,384,4,8,0,6.571428571428571,0.21428571428571427,2.0,2.584331224367531
Tocantinópolis,2020-07-22,387,3,8,0,6.642857142857143,0.21428571428571427,2.0,2.5877109650189114
Tocantinópolis,2020-07-23,394,7,9,1,6.5,0.2857142857142857,inf,2.595496221825574
Tocantinópolis,2020-07-24,405,11,9,0,6.071428571428571,0.21428571428571427,2.0,2.6074550232146687
Tocantinópolis,2020-07-25,412,7,9,0,5.785714285714286,0.21428571428571427,2.0,2.6148972160331345
Tocantinópolis,2020-07-26,422,10,10,1,6.071428571428571,0.2857142857142857,3.0,2.625312450961674
Tocantinópolis,2020-07-27,422,0,10,0,6.071428571428571,0.2857142857142857,3.0,2.625312450961674
Tocantinópolis,2020-07-28,424,2,10,0,5.785714285714286,0.21428571428571427,0.5,2.6273658565927325
Tocantinópolis,2020-07-29,428,4,10,0,5.5,0.21428571428571427,0.5,2.6314437690131722
Tocantinópolis,2020-07-30,434,6,10,0,5.714285714285714,0.14285714285714285,-0.3333333333333333,2.637489729512511
Tocantinópolis,2020-07-31,436,2,10,0,5.428571428571429,0.14285714285714285,-0.3333333333333333,2.639486489268586
Tocantinópolis,2020-08-01,436,0,10,0,4.5,0.14285714285714285,-0.3333333333333333,2.639486489268586
Tocantinópolis,2020-08-02,457,21,10,0,5.5,0.14285714285714285,-0.3333333333333333,2.6599162000698504
Tocantinópolis,2020-08-03,457,0,11,1,5.5,0.21428571428571427,0.0,2.6599162000698504
Tocantinópolis,2020-08-04,470,13,11,0,6.142857142857143,0.21428571428571427,0.0,2.6720978579357175
Tocantinópolis,2020-08-05,476,6,11,0,6.357142857142857,0.21428571428571427,0.0,2.677606952720493
Tocantinópolis,2020-08-06,481,5,11,0,6.214285714285714,0.14285714285714285,-0.5,2.682145076373832
Tocantinópolis,2020-08-07,494,13,11,0,6.357142857142857,0.14285714285714285,-0.3333333333333333,2.693726948923647
Tocantinópolis,2020-08-08,506,12,12,1,6.714285714285714,0.21428571428571427,0.0,2.7041505168397992
Tocantinópolis,2020-08-09,507,1,13,1,6.071428571428571,0.21428571428571427,-0.25,2.705007959333336
Tocantinópolis,2020-08-10,518,11,13,0,6.857142857142857,0.21428571428571427,-0.25,2.714329759745233
Tocantinópolis,2020-08-11,525,7,13,0,7.214285714285714,0.21428571428571427,0.0,2.720159303405957
Tocantinópolis,2020-08-12,531,6,13,0,7.357142857142857,0.21428571428571427,0.0,2.725094521081469
Tocantinópolis,2020-08-13,548,17,13,0,8.142857142857142,0.21428571428571427,0.5,2.738780558484369
Tocantinópolis,2020-08-14,567,19,13,0,9.357142857142858,0.21428571428571427,0.5,2.7535830588929064
Tocantinópolis,2020-08-15,580,13,13,0,10.285714285714286,0.21428571428571427,0.5,2.7634279935629373
Tocantinópolis,2020-08-16,586,6,13,0,9.214285714285714,0.21428571428571427,0.5,2.767897616018091
Tocantinópolis,2020-08-17,586,0,14,1,9.214285714285714,0.21428571428571427,0.0,2.767897616018091
Tocantinópolis,2020-08-18,607,21,14,0,9.785714285714286,0.21428571428571427,0.0,2.7831886910752575
Tocantinópolis,2020-08-19,615,8,14,0,9.928571428571429,0.21428571428571427,0.0,2.788875115775417
Tocantinópolis,2020-08-20,627,12,14,0,10.428571428571429,0.21428571428571427,0.5,2.7972675408307164
Tocantinópolis,2020-08-21,633,6,14,0,9.928571428571429,0.21428571428571427,0.5,2.801403710017355
Tocantinópolis,2020-08-22,646,13,15,1,10.0,0.21428571428571427,0.0,2.8102325179950842
Tocantinópolis,2020-08-23,648,2,15,0,10.071428571428571,0.14285714285714285,-0.3333333333333333,2.8115750058705933
Tocantinópolis,2020-08-24,648,0,15,0,9.285714285714286,0.14285714285714285,-0.3333333333333333,2.8115750058705933
Tocantinópolis,2020-08-25,662,14,15,0,9.785714285714286,0.14285714285714285,-0.3333333333333333,2.8208579894397
Tocantinópolis,2020-08-26,666,4,15,0,9.642857142857142,0.14285714285714285,-0.3333333333333333,2.823474229170301
Tocantinópolis,2020-08-27,678,12,15,0,9.285714285714286,0.14285714285714285,-0.3333333333333333,2.8312296938670634
Tocantinópolis,2020-08-28,689,11,15,0,8.714285714285714,0.14285714285714285,-0.3333333333333333,2.8382192219076257
Tocantinópolis,2020-08-29,696,7,15,0,8.285714285714286,0.14285714285714285,-0.3333333333333333,2.842609239610562
Tocantinópolis,2020-08-30,696,0,15,0,7.857142857142857,0.14285714285714285,-0.3333333333333333,2.842609239610562
Tocantinópolis,2020-08-31,704,8,15,0,8.428571428571429,0.07142857142857142,-0.6666666666666666,2.847572659142112
Tocantinópolis,2020-09-01,717,13,15,0,7.857142857142857,0.07142857142857142,-0.6666666666666666,2.8555191556678
Tocantinópolis,2020-09-02,721,4,15,0,7.571428571428571,0.07142857142857142,-0.6666666666666666,2.857935264719429
Tocantinópolis,2020-09-03,733,12,16,1,7.571428571428571,0.14285714285714285,-0.3333333333333333,2.8651039746411278
Tocantinópolis,2020-09-04,750,17,15,-1,8.357142857142858,0.07142857142857142,-0.6666666666666666,2.8750612633917
Tocantinópolis,2020-09-05,765,15,15,0,8.5,0.0,-1.0,2.8836614351536176
Tocantinópolis,2020-09-06,769,4,15,0,8.642857142857142,0.0,-1.0,2.885926339801431
Tocantinópolis,2020-09-07,769,0,16,1,8.642857142857142,0.07142857142857142,-0.5,2.885926339801431
Tocantinópolis,2020-09-08,771,2,16,0,7.785714285714286,0.07142857142857142,-0.5,2.8870543780509568
Tocantinópolis,2020-09-09,770,-1,16,0,7.428571428571429,0.07142857142857142,-0.5,2.886490725172482
Tocantinópolis,2020-09-10,776,6,16,0,7.0,0.07142857142857142,-0.5,2.8898617212581885
Tocantinópolis,2020-09-11,780,4,16,0,6.5,0.07142857142857142,-0.5,2.8920946026904804
Tocantinópolis,2020-09-12,784,4,16,0,6.285714285714286,0.07142857142857142,-0.5,2.8943160626844384
Tocantinópolis,2020-09-13,788,4,16,0,6.571428571428571,0.07142857142857142,-0.5,2.8965262174895554
Tocantinópolis,2020-09-14,789,1,16,0,6.071428571428571,0.07142857142857142,0.0,2.89707700320942
Tocantinópolis,2020-09-15,800,11,16,0,5.928571428571429,0.07142857142857142,0.0,2.9030899869919438
Tocantinópolis,2020-09-16,802,2,16,0,5.785714285714286,0.07142857142857142,0.0,2.9041743682841634
Tocantinópolis,2020-09-17,803,1,17,1,5.0,0.07142857142857142,-0.5,2.904715545278681
Tocantinópolis,2020-09-18,808,5,17,0,4.142857142857143,0.14285714285714285,1.0,2.907411360774586
Tocantinópolis,2020-09-19,817,9,17,0,3.7142857142857144,0.14285714285714285,inf,2.9122220565324155
Tocantinópolis,2020-09-20,818,1,17,0,3.5,0.14285714285714285,inf,2.912753303671323
Tocantinópolis,2020-09-21,821,3,17,0,3.7142857142857144,0.07142857142857142,0.0,2.9143431571194407
Tocantinópolis,2020-09-22,829,8,17,0,4.142857142857143,0.07142857142857142,0.0,2.9185545305502734
Tocantinópolis,2020-09-23,831,2,17,0,4.357142857142857,0.07142857142857142,0.0,2.919601023784111
Tocantinópolis,2020-09-24,834,3,17,0,4.142857142857143,0.07142857142857142,0.0,2.921166050637739
Tocantinópolis,2020-09-25,848,14,17,0,4.857142857142857,0.07142857142857142,0.0,2.9283958522567137
Tocantinópolis,2020-09-26,856,8,17,0,5.142857142857143,0.07142857142857142,0.0,2.932473764677153
Tocantinópolis,2020-09-27,856,0,17,0,4.857142857142857,0.07142857142857142,0.0,2.932473764677153
Tocantinópolis,2020-09-28,856,0,17,0,4.785714285714286,0.07142857142857142,0.0,2.932473764677153
Tocantinópolis,2020-09-29,859,3,18,1,4.214285714285714,0.14285714285714285,1.0,2.9339931638312424
Tocantinópolis,2020-09-30,859,0,18,0,4.071428571428571,0.14285714285714285,1.0,2.9339931638312424
Tocantinópolis,2020-10-01,860,1,18,0,4.071428571428571,0.07142857142857142,0.0,2.934498451243568
Tocantinópolis,2020-10-02,863,3,19,1,3.9285714285714284,0.14285714285714285,0.0,2.9360107957152097
Tocantinópolis,2020-10-03,865,2,19,0,3.4285714285714284,0.14285714285714285,0.0,2.9370161074648142
Tocantinópolis,2020-10-04,865,0,19,0,3.357142857142857,0.14285714285714285,0.0,2.9370161074648142
Tocantinópolis,2020-10-05,865,0,19,0,3.142857142857143,0.14285714285714285,1.0,2.9370161074648142
Tocantinópolis,2020-10-06,868,3,19,0,2.7857142857142856,0.14285714285714285,1.0,2.938519725176492
Tocantinópolis,2020-10-07,871,3,19,0,2.857142857142857,0.14285714285714285,1.0,2.9400181550076634
Tocantinópolis,2020-10-08,871,0,19,0,2.642857142857143,0.14285714285714285,1.0,2.9400181550076634
Tocantinópolis,2020-10-09,872,1,19,0,1.7142857142857142,0.14285714285714285,1.0,2.940516484932567
Tocantinópolis,2020-10-10,880,8,20,1,1.7142857142857142,0.21428571428571427,2.0,2.9444826721501687
Tocantinópolis,2020-10-11,882,2,20,0,1.8571428571428572,0.21428571428571427,2.0,2.94546858513182
Tocantinópolis,2020-10-12,882,0,20,0,1.8571428571428572,0.21428571428571427,2.0,2.94546858513182
Tocantinópolis,2020-10-13,882,0,20,0,1.6428571428571428,0.14285714285714285,0.0,2.94546858513182
Tocantinópolis,2020-10-14,885,3,20,0,1.8571428571428572,0.14285714285714285,0.0,2.9469432706978256
Tocantinópolis,2020-10-15,888,3,20,0,2.0,0.14285714285714285,1.0,2.948412965778601
Tocantinópolis,2020-10-16,891,3,20,0,2.0,0.07142857142857142,-0.5,2.949877704036875
Tocantinópolis,2020-10-17,892,1,20,0,1.9285714285714286,0.07142857142857142,-0.5,2.950364854376123
Tocantinópolis,2020-10-18,892,0,20,0,1.9285714285714286,0.07142857142857142,-0.5,2.950364854376123
Tocantinópolis,2020-10-19,895,3,20,0,2.142857142857143,0.07142857142857142,-0.5,2.951823035315912
Tocantinópolis,2020-10-20,899,4,21,1,2.2142857142857144,0.14285714285714285,0.0,2.9537596917332287
Tocantinópolis,2020-10-21,903,4,21,0,2.2857142857142856,0.14285714285714285,0.0,2.9556877503135057
Tocantinópolis,2020-10-22,903,0,21,0,2.2857142857142856,0.14285714285714285,0.0,2.9556877503135057
Tocantinópolis,2020-10-23,910,7,21,0,2.7142857142857144,0.14285714285714285,0.0,2.9590413923210934
Tocantinópolis,2020-10-24,911,1,21,0,2.2142857142857144,0.07142857142857142,-0.6666666666666666,2.9595183769729982
Tocantinópolis,2020-10-25,911,0,21,0,2.0714285714285716,0.07142857142857142,-0.6666666666666666,2.9595183769729982
Tocantinópolis,2020-10-26,911,0,21,0,2.0714285714285716,0.07142857142857142,-0.6666666666666666,2.9595183769729982
Tocantinópolis,2020-10-27,915,4,21,0,2.357142857142857,0.07142857142857142,-0.5,2.9614210940664485
Tocantinópolis,2020-10-28,916,1,21,0,2.2142857142857144,0.07142857142857142,-0.5,2.9618954736678504
Tocantinópolis,2020-10-29,922,6,21,0,2.4285714285714284,0.07142857142857142,-0.5,2.9647309210536292
Tocantinópolis,2020-10-30,925,3,21,0,2.4285714285714284,0.07142857142857142,0.0,2.9661417327390325
Tocantinópolis,2020-10-31,929,4,21,0,2.642857142857143,0.07142857142857142,0.0,2.968015713993642
Tocantinópolis,2020-11-01,929,0,21,0,2.642857142857143,0.07142857142857142,0.0,2.968015713993642
Tocantinópolis,2020-11-02,929,0,21,0,2.4285714285714284,0.07142857142857142,0.0,2.968015713993642
Tocantinópolis,2020-11-03,929,0,21,0,2.142857142857143,0.0,-1.0,2.968015713993642
Tocantinópolis,2020-11-04,933,4,21,0,2.142857142857143,0.0,-1.0,2.9698816437465
Tocantinópolis,2020-11-05,935,2,21,0,2.2857142857142856,0.0,-1.0,2.9708116108725178
Tocantinópolis,2020-11-06,936,1,21,0,1.8571428571428572,0.0,-1.0,2.971275848738105
Tocantinópolis,2020-11-07,940,4,21,0,2.0714285714285716,0.0,-1.0,2.9731278535996988
Tocantinópolis,2020-11-08,940,0,21,0,2.0714285714285716,0.0,-1.0,2.9731278535996988
Tocantinópolis,2020-11-09,940,0,21,0,2.0714285714285716,0.0,-1.0,2.9731278535996988
Tocantinópolis,2020-11-10,944,4,21,0,2.0714285714285716,0.0,-1.0,2.974971994298069
Tocantinópolis,2020-11-11,946,2,21,0,2.142857142857143,0.0,-1.0,2.975891136401793
Tocantinópolis,2020-11-12,949,3,21,0,1.9285714285714286,0.0,-1.0,2.977266212427293
Tocantinópolis,2020-11-13,949,0,21,0,1.7142857142857142,0.0,-1.0,2.977266212427293
Tocantinópolis,2020-11-14,949,0,21,0,1.4285714285714286,0.0,-1.0,2.977266212427293
Tocantinópolis,2020-11-15,949,0,21,0,1.4285714285714286,0.0,-1.0,2.977266212427293
Tocantinópolis,2020-11-16,949,0,21,0,1.4285714285714286,0.0,-1.0,2.977266212427293
Tocantinópolis,2020-11-17,951,2,21,0,1.5714285714285714,0.0,,2.978180516937414
Tocantinópolis,2020-11-18,954,3,21,0,1.5,0.0,,2.979548374704095
Tocantinópolis,2020-11-19,954,0,21,0,1.3571428571428572,0.0,,2.979548374704095
Tocantinópolis,2020-11-20,960,6,21,0,1.7142857142857142,0.0,,2.9822712330395684
Tocantinópolis,2020-11-21,961,1,21,0,1.5,0.0,,2.9827233876685453
Tocantinópolis,2020-11-22,961,0,21,0,1.5,0.0,,2.9827233876685453
Tocantinópolis,2020-11-23,961,0,21,0,1.5,0.0,,2.9827233876685453
Tocantinópolis,2020-11-24,974,13,21,0,2.142857142857143,0.0,,2.9885589568786157
Tocantinópolis,2020-11-25,990,16,21,0,3.142857142857143,0.0,,2.9956351945975497
Tocantinópolis,2020-11-26,993,3,21,0,3.142857142857143,0.0,,2.996949248495381
Tocantinópolis,2020-11-27,993,0,21,0,3.142857142857143,0.0,,2.996949248495381
Tocantinópolis,2020-11-28,1003,10,21,0,3.857142857142857,0.0,,3.001300933020418
Tocantinópolis,2020-11-29,1003,0,21,0,3.857142857142857,0.0,,3.001300933020418
Tocantinópolis,2020-11-30,1004,1,22,1,3.9285714285714284,0.07142857142857142,inf,3.0017337128090005
Tocantinópolis,2020-12-01,1011,7,22,0,4.285714285714286,0.07142857142857142,inf,3.004751155591001
Tocantinópolis,2020-12-02,1023,12,22,0,4.928571428571429,0.07142857142857142,inf,3.00987563371216
Tocantinópolis,2020-12-03,1029,6,22,0,5.357142857142857,0.07142857142857142,inf,3.012415374762433
Tocantinópolis,2020-12-04,1030,1,22,0,5.0,0.07142857142857142,inf,3.012837224705172
Tocantinópolis,2020-12-05,1036,6,22,0,5.357142857142857,0.07142857142857142,inf,3.0153597554092144
Tocantinópolis,2020-12-06,1036,0,22,0,5.357142857142857,0.07142857142857142,inf,3.0153597554092144
Tocantinópolis,2020-12-07,1036,0,22,0,5.357142857142857,0.07142857142857142,inf,3.0153597554092144
Tocantinópolis,2020-12-08,1057,21,22,0,5.928571428571429,0.07142857142857142,inf,3.024074987307426
Tocantinópolis,2020-12-09,1067,10,22,0,5.5,0.07142857142857142,inf,3.0281644194244697
Tocantinópolis,2020-12-10,1075,8,22,0,5.857142857142857,0.07142857142857142,inf,3.031408464251624
Tocantinópolis,2020-12-11,1077,2,22,0,6.0,0.07142857142857142,inf,3.0322157032979815
Tocantinópolis,2020-12-12,1079,2,22,0,5.428571428571429,0.07142857142857142,inf,3.0330214446829107
Tocantinópolis,2020-12-13,1079,0,22,0,5.428571428571429,0.07142857142857142,inf,3.0330214446829107
Tocantinópolis,2020-12-14,1080,1,22,0,5.428571428571429,0.0,-1.0,3.03342375548695
Tocantinópolis,2020-12-15,1079,-1,22,0,4.857142857142857,0.0,-1.0,3.0330214446829107
Tocantinópolis,2020-12-16,1115,36,22,0,6.571428571428571,0.0,-1.0,3.0472748673841794
Tocantinópolis,2020-12-17,1115,0,22,0,6.142857142857143,0.0,-1.0,3.0472748673841794
Tocantinópolis,2020-12-18,1131,16,22,0,7.214285714285714,0.0,-1.0,3.053462604925455
Tocantinópolis,2020-12-19,1135,4,22,0,7.071428571428571,0.0,-1.0,3.0549958615291417
Tocantinópolis,2020-12-20,1137,2,22,0,7.214285714285714,0.0,-1.0,3.0557604646877348
Tocantinópolis,2020-12-21,1137,0,22,0,7.214285714285714,0.0,-1.0,3.0557604646877348
Tocantinópolis,2020-12-22,1155,18,22,0,7.0,0.0,-1.0,3.062581984228163
Tocantinópolis,2020-12-23,1156,1,22,0,6.357142857142857,0.0,-1.0,3.0629578340845103
Tocantinópolis,2020-12-24,1172,16,22,0,6.928571428571429,0.0,-1.0,3.0689276116820716
Tocantinópolis,2020-12-25,1173,1,22,0,6.857142857142857,0.0,-1.0,3.0692980121155293
Tocantinópolis,2020-12-26,1185,12,22,0,7.571428571428571,0.0,-1.0,3.0737183503461227
Tocantinópolis,2020-12-27,1185,0,22,0,7.571428571428571,0.0,-1.0,3.0737183503461227
Tocantinópolis,2020-12-28,1189,4,22,0,7.785714285714286,0.0,,3.0751818546186915
Tocantinópolis,2020-12-29,1222,33,22,0,10.214285714285714,0.0,,3.0870712059065353
Tocantinópolis,2020-12-30,1226,4,22,0,7.928571428571429,0.0,,3.0884904701823963
Tocantinópolis,2020-12-31,1226,0,22,0,7.928571428571429,0.0,,3.0884904701823963
Tocantinópolis,2021-01-01,1228,2,22,0,6.928571428571429,0.0,,3.089198366805149
Tocantinópolis,2021-01-02,1228,0,22,0,6.642857142857143,0.0,,3.089198366805149
Tocantinópolis,2021-01-03,1228,0,22,0,6.5,0.0,,3.089198366805149
Tocantinópolis,2021-01-04,1238,10,23,1,7.214285714285714,0.07142857142857142,inf,3.0927206446840994
Tocantinópolis,2021-01-05,1243,5,23,0,6.285714285714286,0.07142857142857142,inf,3.094471128641645
Tocantinópolis,2021-01-06,1252,9,23,0,6.857142857142857,0.07142857142857142,inf,3.097604328874411
Tocantinópolis,2021-01-07,1252,0,23,0,5.714285714285714,0.07142857142857142,inf,3.097604328874411
Tocantinópolis,2021-01-08,1273,21,23,0,7.142857142857143,0.07142857142857142,inf,3.1048284036536553
Tocantinópolis,2021-01-09,1276,3,23,0,6.5,0.07142857142857142,inf,3.1058506743851435
Tocantinópolis,2021-01-10,1280,4,23,0,6.785714285714286,0.07142857142857142,inf,3.1072099696478683
Tocantinópolis,2021-01-11,1280,0,23,0,6.5,0.07142857142857142,inf,3.1072099696478683
Tocantinópolis,2021-01-12,1295,15,23,0,5.214285714285714,0.07142857142857142,inf,3.1122697684172707
Tocantinópolis,2021-01-13,1326,31,23,0,7.142857142857143,0.07142857142857142,inf,3.1225435240687545
Tocantinópolis,2021-01-14,1344,18,24,1,8.428571428571429,0.14285714285714285,inf,3.1283992687178066
Tocantinópolis,2021-01-15,1353,9,24,0,8.928571428571429,0.14285714285714285,inf,3.131297796597623
Tocantinópolis,2021-01-16,1373,20,24,0,10.357142857142858,0.14285714285714285,inf,3.137670537236755
Tocantinópolis,2021-01-17,1374,1,24,0,10.428571428571429,0.14285714285714285,inf,3.137986732723532
Tocantinópolis,2021-01-18,1374,0,24,0,9.714285714285714,0.07142857142857142,0.0,3.137986732723532
Tocantinópolis,2021-01-19,1394,20,24,0,10.785714285714286,0.07142857142857142,0.0,3.144262773761991
Tocantinópolis,2021-01-20,1401,7,24,0,10.642857142857142,0.07142857142857142,0.0,3.1464381352857744
Tupirama,2020-03-27,0,0,0,0,,,,0.0
Tupirama,2020-03-28,0,0,0,0,,,,0.0
Tupirama,2020-03-29,0,0,0,0,,,,0.0
Tupirama,2020-03-30,0,0,0,0,,,,0.0
Tupirama,2020-03-31,0,0,0,0,,,,0.0
Tupirama,2020-04-01,0,0,0,0,,,,0.0
Tupirama,2020-04-02,0,0,0,0,,,,0.0
Tupirama,2020-04-03,0,0,0,0,,,,0.0
Tupirama,2020-04-04,0,0,0,0,,,,0.0
Tupirama,2020-04-05,0,0,0,0,,,,0.0
Tupirama,2020-04-06,0,0,0,0,,,,0.0
Tupirama,2020-04-07,0,0,0,0,,,,0.0
Tupirama,2020-04-08,0,0,0,0,,,,0.0
Tupirama,2020-04-09,0,0,0,0,0.0,0.0,,0.0
Tupirama,2020-04-10,0,0,0,0,0.0,0.0,,0.0
Tupirama,2020-04-11,0,0,0,0,0.0,0.0,,0.0
Tupirama,2020-04-12,0,0,0,0,0.0,0.0,,0.0
Tupirama,2020-04-13,0,0,0,0,0.0,0.0,,0.0
Tupirama,2020-04-14,0,0,0,0,0.0,0.0,,0.0
Tupirama,2020-04-15,0,0,0,0,0.0,0.0,,0.0
Tupirama,2020-04-16,0,0,0,0,0.0,0.0,,0.0
Tupirama,2020-04-17,0,0,0,0,0.0,0.0,,0.0
Tupirama,2020-04-18,0,0,0,0,0.0,0.0,,0.0
Tupirama,2020-04-19,0,0,0,0,0.0,0.0,,0.0
Tupirama,2020-04-20,0,0,0,0,0.0,0.0,,0.0
Tupirama,2020-04-21,0,0,0,0,0.0,0.0,,0.0
Tupirama,2020-04-22,0,0,0,0,0.0,0.0,,0.0
Tupirama,2020-04-23,0,0,0,0,0.0,0.0,,0.0
Tupirama,2020-04-24,0,0,0,0,0.0,0.0,,0.0
Tupirama,2020-04-25,0,0,0,0,0.0,0.0,,0.0
Tupirama,2020-04-26,0,0,0,0,0.0,0.0,,0.0
Tupirama,2020-04-27,0,0,0,0,0.0,0.0,,0.0
Tupirama,2020-04-28,0,0,0,0,0.0,0.0,,0.0
Tupirama,2020-04-29,0,0,0,0,0.0,0.0,,0.0
Tupirama,2020-04-30,0,0,0,0,0.0,0.0,,0.0
Tupirama,2020-05-01,0,0,0,0,0.0,0.0,,0.0
Tupirama,2020-05-02,0,0,0,0,0.0,0.0,,0.0
Tupirama,2020-05-03,0,0,0,0,0.0,0.0,,0.0
Tupirama,2020-05-04,0,0,0,0,0.0,0.0,,0.0
Tupirama,2020-05-05,0,0,0,0,0.0,0.0,,0.0
Tupirama,2020-05-06,0,0,0,0,0.0,0.0,,0.0
Tupirama,2020-05-07,0,0,0,0,0.0,0.0,,0.0
Tupirama,2020-05-08,0,0,0,0,0.0,0.0,,0.0
Tupirama,2020-05-09,0,0,0,0,0.0,0.0,,0.0
Tupirama,2020-05-10,0,0,0,0,0.0,0.0,,0.0
Tupirama,2020-05-11,0,0,0,0,0.0,0.0,,0.0
Tupirama,2020-05-12,0,0,0,0,0.0,0.0,,0.0
Tupirama,2020-05-13,0,0,0,0,0.0,0.0,,0.0
Tupirama,2020-05-14,0,0,0,0,0.0,0.0,,0.0
Tupirama,2020-05-15,0,0,0,0,0.0,0.0,,0.0
Tupirama,2020-05-16,0,0,0,0,0.0,0.0,,0.0
Tupirama,2020-05-17,0,0,0,0,0.0,0.0,,0.0
Tupirama,2020-05-18,0,0,0,0,0.0,0.0,,0.0
Tupirama,2020-05-19,0,0,0,0,0.0,0.0,,0.0
Tupirama,2020-05-20,0,0,0,0,0.0,0.0,,0.0
Tupirama,2020-05-21,0,0,0,0,0.0,0.0,,0.0
Tupirama,2020-05-22,0,0,0,0,0.0,0.0,,0.0
Tupirama,2020-05-23,0,0,0,0,0.0,0.0,,0.0
Tupirama,2020-05-24,0,0,0,0,0.0,0.0,,0.0
Tupirama,2020-05-25,0,0,0,0,0.0,0.0,,0.0
Tupirama,2020-05-26,0,0,0,0,0.0,0.0,,0.0
Tupirama,2020-05-27,0,0,0,0,0.0,0.0,,0.0
Tupirama,2020-05-28,0,0,0,0,0.0,0.0,,0.0
Tupirama,2020-05-29,0,0,0,0,0.0,0.0,,0.0
Tupirama,2020-05-30,0,0,0,0,0.0,0.0,,0.0
Tupirama,2020-05-31,0,0,0,0,0.0,0.0,,0.0
Tupirama,2020-06-01,0,0,0,0,0.0,0.0,,0.0
Tupirama,2020-06-02,0,0,0,0,0.0,0.0,,0.0
Tupirama,2020-06-03,0,0,0,0,0.0,0.0,,0.0
Tupirama,2020-06-04,0,0,0,0,0.0,0.0,,0.0
Tupirama,2020-06-05,0,0,0,0,0.0,0.0,,0.0
Tupirama,2020-06-06,0,0,0,0,0.0,0.0,,0.0
Tupirama,2020-06-07,0,0,0,0,0.0,0.0,,0.0
Tupirama,2020-06-08,0,0,0,0,0.0,0.0,,0.0
Tupirama,2020-06-09,0,0,0,0,0.0,0.0,,0.0
Tupirama,2020-06-10,0,0,0,0,0.0,0.0,,0.0
Tupirama,2020-06-11,0,0,0,0,0.0,0.0,,0.0
Tupirama,2020-06-12,0,0,0,0,0.0,0.0,,0.0
Tupirama,2020-06-13,0,0,0,0,0.0,0.0,,0.0
Tupirama,2020-06-14,0,0,0,0,0.0,0.0,,0.0
Tupirama,2020-06-15,0,0,0,0,0.0,0.0,,0.0
Tupirama,2020-06-16,0,0,0,0,0.0,0.0,,0.0
Tupirama,2020-06-17,0,0,0,0,0.0,0.0,,0.0
Tupirama,2020-06-18,0,0,0,0,0.0,0.0,,0.0
Tupirama,2020-06-19,0,0,0,0,0.0,0.0,,0.0
Tupirama,2020-06-20,0,0,0,0,0.0,0.0,,0.0
Tupirama,2020-06-21,0,0,0,0,0.0,0.0,,0.0
Tupirama,2020-06-22,0,0,0,0,0.0,0.0,,0.0
Tupirama,2020-06-23,0,0,0,0,0.0,0.0,,0.0
Tupirama,2020-06-24,0,0,0,0,0.0,0.0,,0.0
Tupirama,2020-06-25,0,0,0,0,0.0,0.0,,0.0
Tupirama,2020-06-26,0,0,0,0,0.0,0.0,,0.0
Tupirama,2020-06-27,0,0,0,0,0.0,0.0,,0.0
Tupirama,2020-06-28,0,0,0,0,0.0,0.0,,0.0
Tupirama,2020-06-29,0,0,0,0,0.0,0.0,,0.0
Tupirama,2020-06-30,0,0,0,0,0.0,0.0,,0.0
Tupirama,2020-07-01,0,0,0,0,0.0,0.0,,0.0
Tupirama,2020-07-02,0,0,0,0,0.0,0.0,,0.0
Tupirama,2020-07-03,0,0,0,0,0.0,0.0,,0.0
Tupirama,2020-07-04,2,2,0,0,0.14285714285714285,0.0,,0.3010299956639812
Tupirama,2020-07-05,2,0,0,0,0.14285714285714285,0.0,,0.3010299956639812
Tupirama,2020-07-06,2,0,0,0,0.14285714285714285,0.0,,0.3010299956639812
Tupirama,2020-07-07,2,0,0,0,0.14285714285714285,0.0,,0.3010299956639812
Tupirama,2020-07-08,2,0,0,0,0.14285714285714285,0.0,,0.3010299956639812
Tupirama,2020-07-09,2,0,0,0,0.14285714285714285,0.0,,0.3010299956639812
Tupirama,2020-07-10,2,0,0,0,0.14285714285714285,0.0,,0.3010299956639812
Tupirama,2020-07-11,2,0,0,0,0.14285714285714285,0.0,,0.3010299956639812
Tupirama,2020-07-12,2,0,0,0,0.14285714285714285,0.0,,0.3010299956639812
Tupirama,2020-07-13,2,0,0,0,0.14285714285714285,0.0,,0.3010299956639812
Tupirama,2020-07-14,2,0,0,0,0.14285714285714285,0.0,,0.3010299956639812
Tupirama,2020-07-15,2,0,0,0,0.14285714285714285,0.0,,0.3010299956639812
Tupirama,2020-07-16,2,0,0,0,0.14285714285714285,0.0,,0.3010299956639812
Tupirama,2020-07-17,2,0,0,0,0.14285714285714285,0.0,,0.3010299956639812
Tupirama,2020-07-18,2,0,0,0,0.0,0.0,,0.3010299956639812
Tupirama,2020-07-19,2,0,0,0,0.0,0.0,,0.3010299956639812
Tupirama,2020-07-20,2,0,0,0,0.0,0.0,,0.3010299956639812
Tupirama,2020-07-21,2,0,0,0,0.0,0.0,,0.3010299956639812
Tupirama,2020-07-22,2,0,0,0,0.0,0.0,,0.3010299956639812
Tupirama,2020-07-23,2,0,0,0,0.0,0.0,,0.3010299956639812
Tupirama,2020-07-24,2,0,0,0,0.0,0.0,,0.3010299956639812
Tupirama,2020-07-25,3,1,1,1,0.07142857142857142,0.07142857142857142,inf,0.47712125471966244
Tupirama,2020-07-26,3,0,1,0,0.07142857142857142,0.07142857142857142,inf,0.47712125471966244
Tupirama,2020-07-27,3,0,1,0,0.07142857142857142,0.07142857142857142,inf,0.47712125471966244
Tupirama,2020-07-28,5,2,1,0,0.21428571428571427,0.07142857142857142,inf,0.6989700043360189
Tupirama,2020-07-29,9,4,1,0,0.5,0.07142857142857142,inf,0.9542425094393249
Tupirama,2020-07-30,11,2,1,0,0.6428571428571429,0.07142857142857142,inf,1.041392685158225
Tupirama,2020-07-31,11,0,1,0,0.6428571428571429,0.07142857142857142,inf,1.041392685158225
Tupirama,2020-08-01,12,1,1,0,0.7142857142857143,0.07142857142857142,inf,1.0791812460476249
Tupirama,2020-08-02,13,1,1,0,0.7857142857142857,0.07142857142857142,inf,1.1139433523068367
Tupirama,2020-08-03,13,0,1,0,0.7857142857142857,0.07142857142857142,inf,1.1139433523068367
Tupirama,2020-08-04,23,10,1,0,1.5,0.07142857142857142,inf,1.3617278360175928
Tupirama,2020-08-05,23,0,1,0,1.5,0.07142857142857142,inf,1.3617278360175928
Tupirama,2020-08-06,23,0,1,0,1.5,0.07142857142857142,inf,1.3617278360175928
Tupirama,2020-08-07,23,0,1,0,1.5,0.07142857142857142,inf,1.3617278360175928
Tupirama,2020-08-08,23,0,1,0,1.4285714285714286,0.0,-1.0,1.3617278360175928
Tupirama,2020-08-09,23,0,1,0,1.4285714285714286,0.0,-1.0,1.3617278360175928
Tupirama,2020-08-10,40,17,1,0,2.642857142857143,0.0,-1.0,1.6020599913279625
Tupirama,2020-08-11,43,3,1,0,2.7142857142857144,0.0,-1.0,1.6334684555795866
Tupirama,2020-08-12,40,-3,1,0,2.2142857142857144,0.0,-1.0,1.6020599913279625
Tupirama,2020-08-13,40,0,1,0,2.0714285714285716,0.0,-1.0,1.6020599913279625
Tupirama,2020-08-14,45,5,1,0,2.4285714285714284,0.0,-1.0,1.6532125137753437
Tupirama,2020-08-15,45,0,1,0,2.357142857142857,0.0,-1.0,1.6532125137753437
Tupirama,2020-08-16,45,0,1,0,2.2857142857142856,0.0,-1.0,1.6532125137753437
Tupirama,2020-08-17,45,0,1,0,2.2857142857142856,0.0,-1.0,1.6532125137753437
Tupirama,2020-08-18,45,0,1,0,1.5714285714285714,0.0,-1.0,1.6532125137753437
Tupirama,2020-08-19,46,1,1,0,1.6428571428571428,0.0,-1.0,1.662757831681574
Tupirama,2020-08-20,46,0,1,0,1.6428571428571428,0.0,-1.0,1.662757831681574
Tupirama,2020-08-21,46,0,1,0,1.6428571428571428,0.0,-1.0,1.662757831681574
Tupirama,2020-08-22,46,0,1,0,1.6428571428571428,0.0,,1.662757831681574
Tupirama,2020-08-23,46,0,1,0,1.6428571428571428,0.0,,1.662757831681574
Tupirama,2020-08-24,46,0,1,0,0.42857142857142855,0.0,,1.662757831681574
Tupirama,2020-08-25,46,0,1,0,0.21428571428571427,0.0,,1.662757831681574
Tupirama,2020-08-26,47,1,2,1,0.5,0.07142857142857142,inf,1.6720978579357175
Tupirama,2020-08-27,48,1,2,0,0.5714285714285714,0.07142857142857142,inf,1.6812412373755872
Tupirama,2020-08-28,48,0,2,0,0.21428571428571427,0.07142857142857142,inf,1.6812412373755872
Tupirama,2020-08-29,48,0,2,0,0.21428571428571427,0.07142857142857142,inf,1.6812412373755872
Tupirama,2020-08-30,48,0,2,0,0.21428571428571427,0.07142857142857142,inf,1.6812412373755872
Tupirama,2020-08-31,48,0,2,0,0.21428571428571427,0.07142857142857142,inf,1.6812412373755872
Tupirama,2020-09-01,48,0,2,0,0.21428571428571427,0.07142857142857142,inf,1.6812412373755872
Tupirama,2020-09-02,52,4,2,0,0.42857142857142855,0.07142857142857142,inf,1.7160033436347992
Tupirama,2020-09-03,62,10,2,0,1.1428571428571428,0.07142857142857142,inf,1.792391689498254
Tupirama,2020-09-04,64,2,2,0,1.2857142857142858,0.07142857142857142,inf,1.806179973983887
Tupirama,2020-09-05,64,0,2,0,1.2857142857142858,0.07142857142857142,inf,1.806179973983887
Tupirama,2020-09-06,64,0,2,0,1.2857142857142858,0.07142857142857142,inf,1.806179973983887
Tupirama,2020-09-07,64,0,2,0,1.2857142857142858,0.07142857142857142,inf,1.806179973983887
Tupirama,2020-09-08,69,5,2,0,1.6428571428571428,0.07142857142857142,inf,1.8388490907372552
Tupirama,2020-09-09,69,0,2,0,1.5714285714285714,0.0,-1.0,1.8388490907372552
Tupirama,2020-09-10,69,0,2,0,1.5,0.0,-1.0,1.8388490907372552
Tupirama,2020-09-11,69,0,2,0,1.5,0.0,-1.0,1.8388490907372552
Tupirama,2020-09-12,69,0,2,0,1.5,0.0,-1.0,1.8388490907372552
Tupirama,2020-09-13,69,0,2,0,1.5,0.0,-1.0,1.8388490907372552
Tupirama,2020-09-14,69,0,2,0,1.5,0.0,-1.0,1.8388490907372552
Tupirama,2020-09-15,69,0,2,0,1.5,0.0,-1.0,1.8388490907372552
Tupirama,2020-09-16,69,0,2,0,1.2142857142857142,0.0,-1.0,1.8388490907372552
Tupirama,2020-09-17,69,0,2,0,0.5,0.0,-1.0,1.8388490907372552
Tupirama,2020-09-18,70,1,2,0,0.42857142857142855,0.0,-1.0,1.845098040014257
Tupirama,2020-09-19,70,0,2,0,0.42857142857142855,0.0,-1.0,1.845098040014257
Tupirama,2020-09-20,70,0,2,0,0.42857142857142855,0.0,-1.0,1.845098040014257
Tupirama,2020-09-21,70,0,2,0,0.42857142857142855,0.0,-1.0,1.845098040014257
Tupirama,2020-09-22,70,0,2,0,0.07142857142857142,0.0,-1.0,1.845098040014257
Tupirama,2020-09-23,70,0,2,0,0.07142857142857142,0.0,,1.845098040014257
Tupirama,2020-09-24,70,0,2,0,0.07142857142857142,0.0,,1.845098040014257
Tupirama,2020-09-25,70,0,2,0,0.07142857142857142,0.0,,1.845098040014257
Tupirama,2020-09-26,70,0,2,0,0.07142857142857142,0.0,,1.845098040014257
Tupirama,2020-09-27,70,0,2,0,0.07142857142857142,0.0,,1.845098040014257
Tupirama,2020-09-28,70,0,2,0,0.07142857142857142,0.0,,1.845098040014257
Tupirama,2020-09-29,73,3,2,0,0.2857142857142857,0.0,,1.863322860120456
Tupirama,2020-09-30,85,12,2,0,1.1428571428571428,0.0,,1.9294189257142929
Tupirama,2020-10-01,89,4,2,0,1.4285714285714286,0.0,,1.9493900066449128
Tupirama,2020-10-02,89,0,2,0,1.3571428571428572,0.0,,1.9493900066449128
Tupirama,2020-10-03,89,0,2,0,1.3571428571428572,0.0,,1.9493900066449128
Tupirama,2020-10-04,89,0,2,0,1.3571428571428572,0.0,,1.9493900066449128
Tupirama,2020-10-05,89,0,2,0,1.3571428571428572,0.0,,1.9493900066449128
Tupirama,2020-10-06,89,0,2,0,1.3571428571428572,0.0,,1.9493900066449128
Tupirama,2020-10-07,89,0,2,0,1.3571428571428572,0.0,,1.9493900066449128
Tupirama,2020-10-08,90,1,2,0,1.4285714285714286,0.0,,1.9542425094393248
Tupirama,2020-10-09,90,0,2,0,1.4285714285714286,0.0,,1.9542425094393248
Tupirama,2020-10-10,95,5,2,0,1.7857142857142858,0.0,,1.9777236052888478
Tupirama,2020-10-11,95,0,2,0,1.7857142857142858,0.0,,1.9777236052888478
Tupirama,2020-10-12,95,0,2,0,1.7857142857142858,0.0,,1.9777236052888478
Tupirama,2020-10-13,96,1,2,0,1.6428571428571428,0.0,,1.9822712330395684
Tupirama,2020-10-14,96,0,2,0,0.7857142857142857,0.0,,1.9822712330395684
Tupirama,2020-10-15,96,0,2,0,0.5,0.0,,1.9822712330395684
Tupirama,2020-10-16,96,0,2,0,0.5,0.0,,1.9822712330395684
Tupirama,2020-10-17,97,1,2,0,0.5714285714285714,0.0,,1.9867717342662448
Tupirama,2020-10-18,97,0,2,0,0.5714285714285714,0.0,,1.9867717342662448
Tupirama,2020-10-19,97,0,2,0,0.5714285714285714,0.0,,1.9867717342662448
Tupirama,2020-10-20,97,0,2,0,0.5714285714285714,0.0,,1.9867717342662448
Tupirama,2020-10-21,97,0,2,0,0.5714285714285714,0.0,,1.9867717342662448
Tupirama,2020-10-22,97,0,2,0,0.5,0.0,,1.9867717342662448
Tupirama,2020-10-23,97,0,2,0,0.5,0.0,,1.9867717342662448
Tupirama,2020-10-24,97,0,2,0,0.14285714285714285,0.0,,1.9867717342662448
Tupirama,2020-10-25,97,0,2,0,0.14285714285714285,0.0,,1.9867717342662448
Tupirama,2020-10-26,97,0,2,0,0.14285714285714285,0.0,,1.9867717342662448
Tupirama,2020-10-27,97,0,2,0,0.07142857142857142,0.0,,1.9867717342662448
Tupirama,2020-10-28,97,0,2,0,0.07142857142857142,0.0,,1.9867717342662448
Tupirama,2020-10-29,97,0,2,0,0.07142857142857142,0.0,,1.9867717342662448
Tupirama,2020-10-30,97,0,2,0,0.07142857142857142,0.0,,1.9867717342662448
Tupirama,2020-10-31,97,0,2,0,0.0,0.0,,1.9867717342662448
Tupirama,2020-11-01,97,0,2,0,0.0,0.0,,1.9867717342662448
Tupirama,2020-11-02,97,0,2,0,0.0,0.0,,1.9867717342662448
Tupirama,2020-11-03,97,0,2,0,0.0,0.0,,1.9867717342662448
Tupirama,2020-11-04,97,0,2,0,0.0,0.0,,1.9867717342662448
Tupirama,2020-11-05,97,0,2,0,0.0,0.0,,1.9867717342662448
Tupirama,2020-11-06,97,0,2,0,0.0,0.0,,1.9867717342662448
Tupirama,2020-11-07,97,0,2,0,0.0,0.0,,1.9867717342662448
Tupirama,2020-11-08,97,0,2,0,0.0,0.0,,1.9867717342662448
Tupirama,2020-11-09,97,0,2,0,0.0,0.0,,1.9867717342662448
Tupirama,2020-11-10,97,0,2,0,0.0,0.0,,1.9867717342662448
Tupirama,2020-11-11,97,0,2,0,0.0,0.0,,1.9867717342662448
Tupirama,2020-11-12,97,0,2,0,0.0,0.0,,1.9867717342662448
Tupirama,2020-11-13,97,0,2,0,0.0,0.0,,1.9867717342662448
Tupirama,2020-11-14,97,0,2,0,0.0,0.0,,1.9867717342662448
Tupirama,2020-11-15,97,0,2,0,0.0,0.0,,1.9867717342662448
Tupirama,2020-11-16,97,0,2,0,0.0,0.0,,1.9867717342662448
Tupirama,2020-11-17,97,0,2,0,0.0,0.0,,1.9867717342662448
Tupirama,2020-11-18,97,0,2,0,0.0,0.0,,1.9867717342662448
Tupirama,2020-11-19,101,4,2,0,0.2857142857142857,0.0,,2.0043213737826426
Tupirama,2020-11-20,101,0,2,0,0.2857142857142857,0.0,,2.0043213737826426
Tupirama,2020-11-21,101,0,2,0,0.2857142857142857,0.0,,2.0043213737826426
Tupirama,2020-11-22,101,0,2,0,0.2857142857142857,0.0,,2.0043213737826426
Tupirama,2020-11-23,101,0,2,0,0.2857142857142857,0.0,,2.0043213737826426
Tupirama,2020-11-24,101,0,2,0,0.2857142857142857,0.0,,2.0043213737826426
Tupirama,2020-11-25,102,1,2,0,0.35714285714285715,0.0,,2.0086001717619175
Tupirama,2020-11-26,102,0,2,0,0.35714285714285715,0.0,,2.0086001717619175
Tupirama,2020-11-27,102,0,2,0,0.35714285714285715,0.0,,2.0086001717619175
Tupirama,2020-11-28,103,1,2,0,0.42857142857142855,0.0,,2.012837224705172
Tupirama,2020-11-29,103,0,2,0,0.42857142857142855,0.0,,2.012837224705172
Tupirama,2020-11-30,103,0,2,0,0.42857142857142855,0.0,,2.012837224705172
Tupirama,2020-12-01,106,3,2,0,0.6428571428571429,0.0,,2.0253058652647704
Tupirama,2020-12-02,106,0,2,0,0.6428571428571429,0.0,,2.0253058652647704
Tupirama,2020-12-03,108,2,2,0,0.5,0.0,,2.03342375548695
Tupirama,2020-12-04,108,0,2,0,0.5,0.0,,2.03342375548695
Tupirama,2020-12-05,110,2,2,0,0.6428571428571429,0.0,,2.041392685158225
Tupirama,2020-12-06,110,0,2,0,0.6428571428571429,0.0,,2.041392685158225
Tupirama,2020-12-07,110,0,2,0,0.6428571428571429,0.0,,2.041392685158225
Tupirama,2020-12-08,110,0,2,0,0.6428571428571429,0.0,,2.041392685158225
Tupirama,2020-12-09,111,1,2,0,0.6428571428571429,0.0,,2.0453229787866576
Tupirama,2020-12-10,111,0,2,0,0.6428571428571429,0.0,,2.0453229787866576
Tupirama,2020-12-11,112,1,2,0,0.7142857142857143,0.0,,2.0492180226701815
Tupirama,2020-12-12,113,1,2,0,0.7142857142857143,0.0,,2.05307844348342
Tupirama,2020-12-13,113,0,2,0,0.7142857142857143,0.0,,2.05307844348342
Tupirama,2020-12-14,113,0,2,0,0.7142857142857143,0.0,,2.05307844348342
Tupirama,2020-12-15,113,0,2,0,0.5,0.0,,2.05307844348342
Tupirama,2020-12-16,113,0,2,0,0.5,0.0,,2.05307844348342
Tupirama,2020-12-17,113,0,2,0,0.35714285714285715,0.0,,2.05307844348342
Tupirama,2020-12-18,115,2,2,0,0.5,0.0,,2.060697840353612
Tupirama,2020-12-19,115,0,2,0,0.35714285714285715,0.0,,2.060697840353612
Tupirama,2020-12-20,115,0,2,0,0.35714285714285715,0.0,,2.060697840353612
Tupirama,2020-12-21,115,0,2,0,0.35714285714285715,0.0,,2.060697840353612
Tupirama,2020-12-22,115,0,2,0,0.35714285714285715,0.0,,2.060697840353612
Tupirama,2020-12-23,115,0,2,0,0.2857142857142857,0.0,,2.060697840353612
Tupirama,2020-12-24,115,0,2,0,0.2857142857142857,0.0,,2.060697840353612
Tupirama,2020-12-25,115,0,2,0,0.21428571428571427,0.0,,2.060697840353612
Tupirama,2020-12-26,115,0,2,0,0.14285714285714285,0.0,,2.060697840353612
Tupirama,2020-12-27,115,0,2,0,0.14285714285714285,0.0,,2.060697840353612
Tupirama,2020-12-28,115,0,2,0,0.14285714285714285,0.0,,2.060697840353612
Tupirama,2020-12-29,115,0,2,0,0.14285714285714285,0.0,,2.060697840353612
Tupirama,2020-12-30,115,0,2,0,0.14285714285714285,0.0,,2.060697840353612
Tupirama,2020-12-31,115,0,2,0,0.14285714285714285,0.0,,2.060697840353612
Tupirama,2021-01-01,115,0,2,0,0.0,0.0,,2.060697840353612
Tupirama,2021-01-02,115,0,2,0,0.0,0.0,,2.060697840353612
Tupirama,2021-01-03,115,0,2,0,0.0,0.0,,2.060697840353612
Tupirama,2021-01-04,115,0,2,0,0.0,0.0,,2.060697840353612
Tupirama,2021-01-05,115,0,2,0,0.0,0.0,,2.060697840353612
Tupirama,2021-01-06,115,0,2,0,0.0,0.0,,2.060697840353612
Tupirama,2021-01-07,115,0,2,0,0.0,0.0,,2.060697840353612
Tupirama,2021-01-08,115,0,2,0,0.0,0.0,,2.060697840353612
Tupirama,2021-01-09,115,0,2,0,0.0,0.0,,2.060697840353612
Tupirama,2021-01-10,115,0,2,0,0.0,0.0,,2.060697840353612
Tupirama,2021-01-11,115,0,2,0,0.0,0.0,,2.060697840353612
Tupirama,2021-01-12,116,1,2,0,0.07142857142857142,0.0,,2.0644579892269186
Tupirama,2021-01-13,117,1,2,0,0.14285714285714285,0.0,,2.0681858617461617
Tupirama,2021-01-14,117,0,2,0,0.14285714285714285,0.0,,2.0681858617461617
Tupirama,2021-01-15,117,0,2,0,0.14285714285714285,0.0,,2.0681858617461617
Tupirama,2021-01-16,117,0,2,0,0.14285714285714285,0.0,,2.0681858617461617
Tupirama,2021-01-17,117,0,2,0,0.14285714285714285,0.0,,2.0681858617461617
Tupirama,2021-01-18,117,0,2,0,0.14285714285714285,0.0,,2.0681858617461617
Tupirama,2021-01-19,118,1,2,0,0.21428571428571427,0.0,,2.0718820073061255
Tupirama,2021-01-20,118,0,2,0,0.21428571428571427,0.0,,2.0718820073061255
Tupiratins,2020-03-27,0,0,0,0,,,,0.0
Tupiratins,2020-03-28,0,0,0,0,,,,0.0
Tupiratins,2020-03-29,0,0,0,0,,,,0.0
Tupiratins,2020-03-30,0,0,0,0,,,,0.0
Tupiratins,2020-03-31,0,0,0,0,,,,0.0
Tupiratins,2020-04-01,0,0,0,0,,,,0.0
Tupiratins,2020-04-02,0,0,0,0,,,,0.0
Tupiratins,2020-04-03,0,0,0,0,,,,0.0
Tupiratins,2020-04-04,0,0,0,0,,,,0.0
Tupiratins,2020-04-05,0,0,0,0,,,,0.0
Tupiratins,2020-04-06,0,0,0,0,,,,0.0
Tupiratins,2020-04-07,0,0,0,0,,,,0.0
Tupiratins,2020-04-08,0,0,0,0,,,,0.0
Tupiratins,2020-04-09,0,0,0,0,0.0,0.0,,0.0
Tupiratins,2020-04-10,0,0,0,0,0.0,0.0,,0.0
Tupiratins,2020-04-11,0,0,0,0,0.0,0.0,,0.0
Tupiratins,2020-04-12,0,0,0,0,0.0,0.0,,0.0
Tupiratins,2020-04-13,0,0,0,0,0.0,0.0,,0.0
Tupiratins,2020-04-14,0,0,0,0,0.0,0.0,,0.0
Tupiratins,2020-04-15,0,0,0,0,0.0,0.0,,0.0
Tupiratins,2020-04-16,0,0,0,0,0.0,0.0,,0.0
Tupiratins,2020-04-17,0,0,0,0,0.0,0.0,,0.0
Tupiratins,2020-04-18,0,0,0,0,0.0,0.0,,0.0
Tupiratins,2020-04-19,0,0,0,0,0.0,0.0,,0.0
Tupiratins,2020-04-20,0,0,0,0,0.0,0.0,,0.0
Tupiratins,2020-04-21,0,0,0,0,0.0,0.0,,0.0
Tupiratins,2020-04-22,0,0,0,0,0.0,0.0,,0.0
Tupiratins,2020-04-23,0,0,0,0,0.0,0.0,,0.0
Tupiratins,2020-04-24,0,0,0,0,0.0,0.0,,0.0
Tupiratins,2020-04-25,0,0,0,0,0.0,0.0,,0.0
Tupiratins,2020-04-26,0,0,0,0,0.0,0.0,,0.0
Tupiratins,2020-04-27,0,0,0,0,0.0,0.0,,0.0
Tupiratins,2020-04-28,0,0,0,0,0.0,0.0,,0.0
Tupiratins,2020-04-29,0,0,0,0,0.0,0.0,,0.0
Tupiratins,2020-04-30,0,0,0,0,0.0,0.0,,0.0
Tupiratins,2020-05-01,0,0,0,0,0.0,0.0,,0.0
Tupiratins,2020-05-02,0,0,0,0,0.0,0.0,,0.0
Tupiratins,2020-05-03,0,0,0,0,0.0,0.0,,0.0
Tupiratins,2020-05-04,0,0,0,0,0.0,0.0,,0.0
Tupiratins,2020-05-05,0,0,0,0,0.0,0.0,,0.0
Tupiratins,2020-05-06,0,0,0,0,0.0,0.0,,0.0
Tupiratins,2020-05-07,0,0,0,0,0.0,0.0,,0.0
Tupiratins,2020-05-08,0,0,0,0,0.0,0.0,,0.0
Tupiratins,2020-05-09,0,0,0,0,0.0,0.0,,0.0
Tupiratins,2020-05-10,0,0,0,0,0.0,0.0,,0.0
Tupiratins,2020-05-11,0,0,0,0,0.0,0.0,,0.0
Tupiratins,2020-05-12,0,0,0,0,0.0,0.0,,0.0
Tupiratins,2020-05-13,0,0,0,0,0.0,0.0,,0.0
Tupiratins,2020-05-14,0,0,0,0,0.0,0.0,,0.0
Tupiratins,2020-05-15,0,0,0,0,0.0,0.0,,0.0
Tupiratins,2020-05-16,0,0,0,0,0.0,0.0,,0.0
Tupiratins,2020-05-17,0,0,0,0,0.0,0.0,,0.0
Tupiratins,2020-05-18,0,0,0,0,0.0,0.0,,0.0
Tupiratins,2020-05-19,0,0,0,0,0.0,0.0,,0.0
Tupiratins,2020-05-20,0,0,0,0,0.0,0.0,,0.0
Tupiratins,2020-05-21,0,0,0,0,0.0,0.0,,0.0
Tupiratins,2020-05-22,0,0,0,0,0.0,0.0,,0.0
Tupiratins,2020-05-23,0,0,0,0,0.0,0.0,,0.0
Tupiratins,2020-05-24,0,0,0,0,0.0,0.0,,0.0
Tupiratins,2020-05-25,0,0,0,0,0.0,0.0,,0.0
Tupiratins,2020-05-26,0,0,0,0,0.0,0.0,,0.0
Tupiratins,2020-05-27,0,0,0,0,0.0,0.0,,0.0
Tupiratins,2020-05-28,0,0,0,0,0.0,0.0,,0.0
Tupiratins,2020-05-29,0,0,0,0,0.0,0.0,,0.0
Tupiratins,2020-05-30,0,0,0,0,0.0,0.0,,0.0
Tupiratins,2020-05-31,0,0,0,0,0.0,0.0,,0.0
Tupiratins,2020-06-01,0,0,0,0,0.0,0.0,,0.0
Tupiratins,2020-06-02,0,0,0,0,0.0,0.0,,0.0
Tupiratins,2020-06-03,0,0,0,0,0.0,0.0,,0.0
Tupiratins,2020-06-04,0,0,0,0,0.0,0.0,,0.0
Tupiratins,2020-06-05,0,0,0,0,0.0,0.0,,0.0
Tupiratins,2020-06-06,0,0,0,0,0.0,0.0,,0.0
Tupiratins,2020-06-07,0,0,0,0,0.0,0.0,,0.0
Tupiratins,2020-06-08,0,0,0,0,0.0,0.0,,0.0
Tupiratins,2020-06-09,0,0,0,0,0.0,0.0,,0.0
Tupiratins,2020-06-10,0,0,0,0,0.0,0.0,,0.0
Tupiratins,2020-06-11,0,0,0,0,0.0,0.0,,0.0
Tupiratins,2020-06-12,0,0,0,0,0.0,0.0,,0.0
Tupiratins,2020-06-13,0,0,0,0,0.0,0.0,,0.0
Tupiratins,2020-06-14,0,0,0,0,0.0,0.0,,0.0
Tupiratins,2020-06-15,0,0,0,0,0.0,0.0,,0.0
Tupiratins,2020-06-16,0,0,0,0,0.0,0.0,,0.0
Tupiratins,2020-06-17,0,0,0,0,0.0,0.0,,0.0
Tupiratins,2020-06-18,0,0,0,0,0.0,0.0,,0.0
Tupiratins,2020-06-19,0,0,0,0,0.0,0.0,,0.0
Tupiratins,2020-06-20,0,0,0,0,0.0,0.0,,0.0
Tupiratins,2020-06-21,0,0,0,0,0.0,0.0,,0.0
Tupiratins,2020-06-22,0,0,0,0,0.0,0.0,,0.0
Tupiratins,2020-06-23,0,0,0,0,0.0,0.0,,0.0
Tupiratins,2020-06-24,0,0,0,0,0.0,0.0,,0.0
Tupiratins,2020-06-25,0,0,0,0,0.0,0.0,,0.0
Tupiratins,2020-06-26,0,0,0,0,0.0,0.0,,0.0
Tupiratins,2020-06-27,1,1,0,0,0.07142857142857142,0.0,,0.0
Tupiratins,2020-06-28,0,-1,0,0,0.0,0.0,,0.0
Tupiratins,2020-06-29,0,0,0,0,0.0,0.0,,0.0
Tupiratins,2020-06-30,0,0,0,0,0.0,0.0,,0.0
Tupiratins,2020-07-01,0,0,0,0,0.0,0.0,,0.0
Tupiratins,2020-07-02,0,0,0,0,0.0,0.0,,0.0
Tupiratins,2020-07-03,0,0,0,0,0.0,0.0,,0.0
Tupiratins,2020-07-04,1,1,0,0,0.07142857142857142,0.0,,0.0
Tupiratins,2020-07-05,1,0,0,0,0.07142857142857142,0.0,,0.0
Tupiratins,2020-07-06,1,0,0,0,0.07142857142857142,0.0,,0.0
Tupiratins,2020-07-07,1,0,0,0,0.07142857142857142,0.0,,0.0
Tupiratins,2020-07-08,1,0,0,0,0.07142857142857142,0.0,,0.0
Tupiratins,2020-07-09,1,0,0,0,0.07142857142857142,0.0,,0.0
Tupiratins,2020-07-10,1,0,0,0,0.07142857142857142,0.0,,0.0
Tupiratins,2020-07-11,1,0,0,0,0.0,0.0,,0.0
Tupiratins,2020-07-12,1,0,0,0,0.07142857142857142,0.0,,0.0
Tupiratins,2020-07-13,2,1,0,0,0.14285714285714285,0.0,,0.3010299956639812
Tupiratins,2020-07-14,3,1,0,0,0.21428571428571427,0.0,,0.47712125471966244
Tupiratins,2020-07-15,4,1,0,0,0.2857142857142857,0.0,,0.6020599913279624
Tupiratins,2020-07-16,4,0,0,0,0.2857142857142857,0.0,,0.6020599913279624
Tupiratins,2020-07-17,4,0,0,0,0.2857142857142857,0.0,,0.6020599913279624
Tupiratins,2020-07-18,4,0,0,0,0.21428571428571427,0.0,,0.6020599913279624
Tupiratins,2020-07-19,4,0,0,0,0.21428571428571427,0.0,,0.6020599913279624
Tupiratins,2020-07-20,4,0,0,0,0.21428571428571427,0.0,,0.6020599913279624
Tupiratins,2020-07-21,4,0,0,0,0.21428571428571427,0.0,,0.6020599913279624
Tupiratins,2020-07-22,4,0,0,0,0.21428571428571427,0.0,,0.6020599913279624
Tupiratins,2020-07-23,4,0,0,0,0.21428571428571427,0.0,,0.6020599913279624
Tupiratins,2020-07-24,4,0,0,0,0.21428571428571427,0.0,,0.6020599913279624
Tupiratins,2020-07-25,5,1,0,0,0.2857142857142857,0.0,,0.6989700043360189
Tupiratins,2020-07-26,5,0,0,0,0.2857142857142857,0.0,,0.6989700043360189
Tupiratins,2020-07-27,5,0,0,0,0.21428571428571427,0.0,,0.6989700043360189
Tupiratins,2020-07-28,5,0,0,0,0.14285714285714285,0.0,,0.6989700043360189
Tupiratins,2020-07-29,6,1,0,0,0.14285714285714285,0.0,,0.7781512503836436
Tupiratins,2020-07-30,6,0,0,0,0.14285714285714285,0.0,,0.7781512503836436
Tupiratins,2020-07-31,6,0,0,0,0.14285714285714285,0.0,,0.7781512503836436
Tupiratins,2020-08-01,6,0,0,0,0.14285714285714285,0.0,,0.7781512503836436
Tupiratins,2020-08-02,6,0,0,0,0.14285714285714285,0.0,,0.7781512503836436
Tupiratins,2020-08-03,6,0,0,0,0.14285714285714285,0.0,,0.7781512503836436
Tupiratins,2020-08-04,6,0,0,0,0.14285714285714285,0.0,,0.7781512503836436
Tupiratins,2020-08-05,6,0,0,0,0.14285714285714285,0.0,,0.7781512503836436
Tupiratins,2020-08-06,6,0,0,0,0.14285714285714285,0.0,,0.7781512503836436
Tupiratins,2020-08-07,6,0,0,0,0.14285714285714285,0.0,,0.7781512503836436
Tupiratins,2020-08-08,6,0,0,0,0.07142857142857142,0.0,,0.7781512503836436
Tupiratins,2020-08-09,6,0,0,0,0.07142857142857142,0.0,,0.7781512503836436
Tupiratins,2020-08-10,6,0,0,0,0.07142857142857142,0.0,,0.7781512503836436
Tupiratins,2020-08-11,6,0,0,0,0.07142857142857142,0.0,,0.7781512503836436
Tupiratins,2020-08-12,6,0,0,0,0.0,0.0,,0.7781512503836436
Tupiratins,2020-08-13,6,0,0,0,0.0,0.0,,0.7781512503836436
Tupiratins,2020-08-14,7,1,0,0,0.07142857142857142,0.0,,0.8450980400142568
Tupiratins,2020-08-15,7,0,0,0,0.07142857142857142,0.0,,0.8450980400142568
Tupiratins,2020-08-16,7,0,0,0,0.07142857142857142,0.0,,0.8450980400142568
Tupiratins,2020-08-17,7,0,0,0,0.07142857142857142,0.0,,0.8450980400142568
Tupiratins,2020-08-18,7,0,0,0,0.07142857142857142,0.0,,0.8450980400142568
Tupiratins,2020-08-19,7,0,0,0,0.07142857142857142,0.0,,0.8450980400142568
Tupiratins,2020-08-20,7,0,0,0,0.07142857142857142,0.0,,0.8450980400142568
Tupiratins,2020-08-21,7,0,0,0,0.07142857142857142,0.0,,0.8450980400142568
Tupiratins,2020-08-22,7,0,0,0,0.07142857142857142,0.0,,0.8450980400142568
Tupiratins,2020-08-23,7,0,0,0,0.07142857142857142,0.0,,0.8450980400142568
Tupiratins,2020-08-24,8,1,0,0,0.14285714285714285,0.0,,0.9030899869919435
Tupiratins,2020-08-25,8,0,0,0,0.14285714285714285,0.0,,0.9030899869919435
Tupiratins,2020-08-26,8,0,0,0,0.14285714285714285,0.0,,0.9030899869919435
Tupiratins,2020-08-27,8,0,0,0,0.14285714285714285,0.0,,0.9030899869919435
Tupiratins,2020-08-28,8,0,0,0,0.07142857142857142,0.0,,0.9030899869919435
Tupiratins,2020-08-29,8,0,0,0,0.07142857142857142,0.0,,0.9030899869919435
Tupiratins,2020-08-30,8,0,0,0,0.07142857142857142,0.0,,0.9030899869919435
Tupiratins,2020-08-31,8,0,0,0,0.07142857142857142,0.0,,0.9030899869919435
Tupiratins,2020-09-01,8,0,0,0,0.07142857142857142,0.0,,0.9030899869919435
Tupiratins,2020-09-02,8,0,0,0,0.07142857142857142,0.0,,0.9030899869919435
Tupiratins,2020-09-03,8,0,0,0,0.07142857142857142,0.0,,0.9030899869919435
Tupiratins,2020-09-04,14,6,0,0,0.5,0.0,,1.146128035678238
Tupiratins,2020-09-05,14,0,0,0,0.5,0.0,,1.146128035678238
Tupiratins,2020-09-06,14,0,0,0,0.5,0.0,,1.146128035678238
Tupiratins,2020-09-07,14,0,0,0,0.42857142857142855,0.0,,1.146128035678238
Tupiratins,2020-09-08,14,0,0,0,0.42857142857142855,0.0,,1.146128035678238
Tupiratins,2020-09-09,14,0,0,0,0.42857142857142855,0.0,,1.146128035678238
Tupiratins,2020-09-10,14,0,0,0,0.42857142857142855,0.0,,1.146128035678238
Tupiratins,2020-09-11,14,0,0,0,0.42857142857142855,0.0,,1.146128035678238
Tupiratins,2020-09-12,14,0,0,0,0.42857142857142855,0.0,,1.146128035678238
Tupiratins,2020-09-13,14,0,0,0,0.42857142857142855,0.0,,1.146128035678238
Tupiratins,2020-09-14,14,0,0,0,0.42857142857142855,0.0,,1.146128035678238
Tupiratins,2020-09-15,14,0,0,0,0.42857142857142855,0.0,,1.146128035678238
Tupiratins,2020-09-16,14,0,0,0,0.42857142857142855,0.0,,1.146128035678238
Tupiratins,2020-09-17,14,0,0,0,0.42857142857142855,0.0,,1.146128035678238
Tupiratins,2020-09-18,14,0,0,0,0.0,0.0,,1.146128035678238
Tupiratins,2020-09-19,14,0,0,0,0.0,0.0,,1.146128035678238
Tupiratins,2020-09-20,14,0,0,0,0.0,0.0,,1.146128035678238
Tupiratins,2020-09-21,14,0,0,0,0.0,0.0,,1.146128035678238
Tupiratins,2020-09-22,15,1,0,0,0.07142857142857142,0.0,,1.1760912590556813
Tupiratins,2020-09-23,15,0,0,0,0.07142857142857142,0.0,,1.1760912590556813
Tupiratins,2020-09-24,14,-1,0,0,0.0,0.0,,1.146128035678238
Tupiratins,2020-09-25,14,0,0,0,0.0,0.0,,1.146128035678238
Tupiratins,2020-09-26,16,2,0,0,0.14285714285714285,0.0,,1.2041199826559248
Tupiratins,2020-09-27,16,0,0,0,0.14285714285714285,0.0,,1.2041199826559248
Tupiratins,2020-09-28,16,0,0,0,0.14285714285714285,0.0,,1.2041199826559248
Tupiratins,2020-09-29,16,0,0,0,0.14285714285714285,0.0,,1.2041199826559248
Tupiratins,2020-09-30,16,0,0,0,0.14285714285714285,0.0,,1.2041199826559248
Tupiratins,2020-10-01,16,0,0,0,0.14285714285714285,0.0,,1.2041199826559248
Tupiratins,2020-10-02,16,0,0,0,0.14285714285714285,0.0,,1.2041199826559248
Tupiratins,2020-10-03,16,0,0,0,0.14285714285714285,0.0,,1.2041199826559248
Tupiratins,2020-10-04,16,0,0,0,0.14285714285714285,0.0,,1.2041199826559248
Tupiratins,2020-10-05,16,0,0,0,0.14285714285714285,0.0,,1.2041199826559248
Tupiratins,2020-10-06,16,0,0,0,0.07142857142857142,0.0,,1.2041199826559248
Tupiratins,2020-10-07,16,0,0,0,0.07142857142857142,0.0,,1.2041199826559248
Tupiratins,2020-10-08,16,0,0,0,0.14285714285714285,0.0,,1.2041199826559248
Tupiratins,2020-10-09,16,0,0,0,0.14285714285714285,0.0,,1.2041199826559248
Tupiratins,2020-10-10,17,1,0,0,0.07142857142857142,0.0,,1.2304489213782739
Tupiratins,2020-10-11,17,0,0,0,0.07142857142857142,0.0,,1.2304489213782739
Tupiratins,2020-10-12,17,0,0,0,0.07142857142857142,0.0,,1.2304489213782739
Tupiratins,2020-10-13,17,0,0,0,0.07142857142857142,0.0,,1.2304489213782739
Tupiratins,2020-10-14,17,0,0,0,0.07142857142857142,0.0,,1.2304489213782739
Tupiratins,2020-10-15,17,0,0,0,0.07142857142857142,0.0,,1.2304489213782739
Tupiratins,2020-10-16,17,0,0,0,0.07142857142857142,0.0,,1.2304489213782739
Tupiratins,2020-10-17,17,0,0,0,0.07142857142857142,0.0,,1.2304489213782739
Tupiratins,2020-10-18,17,0,0,0,0.07142857142857142,0.0,,1.2304489213782739
Tupiratins,2020-10-19,17,0,0,0,0.07142857142857142,0.0,,1.2304489213782739
Tupiratins,2020-10-20,17,0,0,0,0.07142857142857142,0.0,,1.2304489213782739
Tupiratins,2020-10-21,17,0,0,0,0.07142857142857142,0.0,,1.2304489213782739
Tupiratins,2020-10-22,18,1,0,0,0.14285714285714285,0.0,,1.255272505103306
Tupiratins,2020-10-23,18,0,0,0,0.14285714285714285,0.0,,1.255272505103306
Tupiratins,2020-10-24,18,0,0,0,0.07142857142857142,0.0,,1.255272505103306
Tupiratins,2020-10-25,18,0,0,0,0.07142857142857142,0.0,,1.255272505103306
Tupiratins,2020-10-26,18,0,0,0,0.07142857142857142,0.0,,1.255272505103306
Tupiratins,2020-10-27,18,0,0,0,0.07142857142857142,0.0,,1.255272505103306
Tupiratins,2020-10-28,18,0,0,0,0.07142857142857142,0.0,,1.255272505103306
Tupiratins,2020-10-29,18,0,0,0,0.07142857142857142,0.0,,1.255272505103306
Tupiratins,2020-10-30,18,0,0,0,0.07142857142857142,0.0,,1.255272505103306
Tupiratins,2020-10-31,18,0,0,0,0.07142857142857142,0.0,,1.255272505103306
Tupiratins,2020-11-01,18,0,0,0,0.07142857142857142,0.0,,1.255272505103306
Tupiratins,2020-11-02,18,0,0,0,0.07142857142857142,0.0,,1.255272505103306
Tupiratins,2020-11-03,18,0,0,0,0.07142857142857142,0.0,,1.255272505103306
Tupiratins,2020-11-04,18,0,0,0,0.07142857142857142,0.0,,1.255272505103306
Tupiratins,2020-11-05,18,0,0,0,0.0,0.0,,1.255272505103306
Tupiratins,2020-11-06,18,0,0,0,0.0,0.0,,1.255272505103306
Tupiratins,2020-11-07,18,0,0,0,0.0,0.0,,1.255272505103306
Tupiratins,2020-11-08,18,0,0,0,0.0,0.0,,1.255272505103306
Tupiratins,2020-11-09,18,0,0,0,0.0,0.0,,1.255272505103306
Tupiratins,2020-11-10,18,0,0,0,0.0,0.0,,1.255272505103306
Tupiratins,2020-11-11,18,0,0,0,0.0,0.0,,1.255272505103306
Tupiratins,2020-11-12,18,0,0,0,0.0,0.0,,1.255272505103306
Tupiratins,2020-11-13,18,0,0,0,0.0,0.0,,1.255272505103306
Tupiratins,2020-11-14,18,0,0,0,0.0,0.0,,1.255272505103306
Tupiratins,2020-11-15,18,0,0,0,0.0,0.0,,1.255272505103306
Tupiratins,2020-11-16,18,0,0,0,0.0,0.0,,1.255272505103306
Tupiratins,2020-11-17,18,0,0,0,0.0,0.0,,1.255272505103306
Tupiratins,2020-11-18,18,0,0,0,0.0,0.0,,1.255272505103306
Tupiratins,2020-11-19,18,0,0,0,0.0,0.0,,1.255272505103306
Tupiratins,2020-11-20,18,0,0,0,0.0,0.0,,1.255272505103306
Tupiratins,2020-11-21,18,0,0,0,0.0,0.0,,1.255272505103306
Tupiratins,2020-11-22,18,0,0,0,0.0,0.0,,1.255272505103306
Tupiratins,2020-11-23,18,0,0,0,0.0,0.0,,1.255272505103306
Tupiratins,2020-11-24,18,0,0,0,0.0,0.0,,1.255272505103306
Tupiratins,2020-11-25,18,0,0,0,0.0,0.0,,1.255272505103306
Tupiratins,2020-11-26,18,0,0,0,0.0,0.0,,1.255272505103306
Tupiratins,2020-11-27,18,0,0,0,0.0,0.0,,1.255272505103306
Tupiratins,2020-11-28,18,0,0,0,0.0,0.0,,1.255272505103306
Tupiratins,2020-11-29,18,0,0,0,0.0,0.0,,1.255272505103306
Tupiratins,2020-11-30,18,0,0,0,0.0,0.0,,1.255272505103306
Tupiratins,2020-12-01,18,0,0,0,0.0,0.0,,1.255272505103306
Tupiratins,2020-12-02,18,0,0,0,0.0,0.0,,1.255272505103306
Tupiratins,2020-12-03,18,0,0,0,0.0,0.0,,1.255272505103306
Tupiratins,2020-12-04,18,0,0,0,0.0,0.0,,1.255272505103306
Tupiratins,2020-12-05,18,0,0,0,0.0,0.0,,1.255272505103306
Tupiratins,2020-12-06,18,0,0,0,0.0,0.0,,1.255272505103306
Tupiratins,2020-12-07,18,0,0,0,0.0,0.0,,1.255272505103306
Tupiratins,2020-12-08,19,1,0,0,0.07142857142857142,0.0,,1.2787536009528289
Tupiratins,2020-12-09,19,0,0,0,0.07142857142857142,0.0,,1.2787536009528289
Tupiratins,2020-12-10,19,0,0,0,0.07142857142857142,0.0,,1.2787536009528289
Tupiratins,2020-12-11,19,0,0,0,0.07142857142857142,0.0,,1.2787536009528289
Tupiratins,2020-12-12,19,0,0,0,0.07142857142857142,0.0,,1.2787536009528289
Tupiratins,2020-12-13,19,0,0,0,0.07142857142857142,0.0,,1.2787536009528289
Tupiratins,2020-12-14,19,0,0,0,0.07142857142857142,0.0,,1.2787536009528289
Tupiratins,2020-12-15,19,0,0,0,0.07142857142857142,0.0,,1.2787536009528289
Tupiratins,2020-12-16,19,0,0,0,0.07142857142857142,0.0,,1.2787536009528289
Tupiratins,2020-12-17,19,0,0,0,0.07142857142857142,0.0,,1.2787536009528289
Tupiratins,2020-12-18,24,5,0,0,0.42857142857142855,0.0,,1.380211241711606
Tupiratins,2020-12-19,24,0,0,0,0.42857142857142855,0.0,,1.380211241711606
Tupiratins,2020-12-20,24,0,0,0,0.42857142857142855,0.0,,1.380211241711606
Tupiratins,2020-12-21,24,0,0,0,0.42857142857142855,0.0,,1.380211241711606
Tupiratins,2020-12-22,25,1,0,0,0.42857142857142855,0.0,,1.3979400086720377
Tupiratins,2020-12-23,28,3,0,0,0.6428571428571429,0.0,,1.4471580313422192
Tupiratins,2020-12-24,33,5,0,0,1.0,0.0,,1.5185139398778875
Tupiratins,2020-12-25,33,0,0,0,1.0,0.0,,1.5185139398778875
Tupiratins,2020-12-26,33,0,0,0,1.0,0.0,,1.5185139398778875
Tupiratins,2020-12-27,33,0,0,0,1.0,0.0,,1.5185139398778875
Tupiratins,2020-12-28,33,0,0,0,1.0,0.0,,1.5185139398778875
Tupiratins,2020-12-29,33,0,0,0,1.0,0.0,,1.5185139398778875
Tupiratins,2020-12-30,33,0,0,0,1.0,0.0,,1.5185139398778875
Tupiratins,2020-12-31,33,0,0,0,1.0,0.0,,1.5185139398778875
Tupiratins,2021-01-01,33,0,0,0,0.6428571428571429,0.0,,1.5185139398778875
Tupiratins,2021-01-02,33,0,0,0,0.6428571428571429,0.0,,1.5185139398778875
Tupiratins,2021-01-03,33,0,0,0,0.6428571428571429,0.0,,1.5185139398778875
Tupiratins,2021-01-04,33,0,0,0,0.6428571428571429,0.0,,1.5185139398778875
Tupiratins,2021-01-05,34,1,0,0,0.6428571428571429,0.0,,1.5314789170422551
Tupiratins,2021-01-06,34,0,0,0,0.42857142857142855,0.0,,1.5314789170422551
Tupiratins,2021-01-07,34,0,0,0,0.07142857142857142,0.0,,1.5314789170422551
Tupiratins,2021-01-08,34,0,0,0,0.07142857142857142,0.0,,1.5314789170422551
Tupiratins,2021-01-09,34,0,0,0,0.07142857142857142,0.0,,1.5314789170422551
Tupiratins,2021-01-10,34,0,0,0,0.07142857142857142,0.0,,1.5314789170422551
Tupiratins,2021-01-11,34,0,0,0,0.07142857142857142,0.0,,1.5314789170422551
Tupiratins,2021-01-12,34,0,0,0,0.07142857142857142,0.0,,1.5314789170422551
Tupiratins,2021-01-13,34,0,0,0,0.07142857142857142,0.0,,1.5314789170422551
Tupiratins,2021-01-14,34,0,0,0,0.07142857142857142,0.0,,1.5314789170422551
Tupiratins,2021-01-15,35,1,0,0,0.14285714285714285,0.0,,1.5440680443502757
Tupiratins,2021-01-16,35,0,0,0,0.14285714285714285,0.0,,1.5440680443502757
Tupiratins,2021-01-17,35,0,0,0,0.14285714285714285,0.0,,1.5440680443502757
Tupiratins,2021-01-18,35,0,0,0,0.14285714285714285,0.0,,1.5440680443502757
Tupiratins,2021-01-19,35,0,0,0,0.07142857142857142,0.0,,1.5440680443502757
Tupiratins,2021-01-20,35,0,0,0,0.07142857142857142,0.0,,1.5440680443502757
Wanderlândia,2020-03-27,0,0,0,0,,,,0.0
Wanderlândia,2020-03-28,0,0,0,0,,,,0.0
Wanderlândia,2020-03-29,0,0,0,0,,,,0.0
Wanderlândia,2020-03-30,0,0,0,0,,,,0.0
Wanderlândia,2020-03-31,0,0,0,0,,,,0.0
Wanderlândia,2020-04-01,0,0,0,0,,,,0.0
Wanderlândia,2020-04-02,0,0,0,0,,,,0.0
Wanderlândia,2020-04-03,0,0,0,0,,,,0.0
Wanderlândia,2020-04-04,0,0,0,0,,,,0.0
Wanderlândia,2020-04-05,0,0,0,0,,,,0.0
Wanderlândia,2020-04-06,0,0,0,0,,,,0.0
Wanderlândia,2020-04-07,0,0,0,0,,,,0.0
Wanderlândia,2020-04-08,0,0,0,0,,,,0.0
Wanderlândia,2020-04-09,0,0,0,0,0.0,0.0,,0.0
Wanderlândia,2020-04-10,0,0,0,0,0.0,0.0,,0.0
Wanderlândia,2020-04-11,0,0,0,0,0.0,0.0,,0.0
Wanderlândia,2020-04-12,0,0,0,0,0.0,0.0,,0.0
Wanderlândia,2020-04-13,0,0,0,0,0.0,0.0,,0.0
Wanderlândia,2020-04-14,0,0,0,0,0.0,0.0,,0.0
Wanderlândia,2020-04-15,0,0,0,0,0.0,0.0,,0.0
Wanderlândia,2020-04-16,0,0,0,0,0.0,0.0,,0.0
Wanderlândia,2020-04-17,0,0,0,0,0.0,0.0,,0.0
Wanderlândia,2020-04-18,0,0,0,0,0.0,0.0,,0.0
Wanderlândia,2020-04-19,0,0,0,0,0.0,0.0,,0.0
Wanderlândia,2020-04-20,0,0,0,0,0.0,0.0,,0.0
Wanderlândia,2020-04-21,0,0,0,0,0.0,0.0,,0.0
Wanderlândia,2020-04-22,0,0,0,0,0.0,0.0,,0.0
Wanderlândia,2020-04-23,0,0,0,0,0.0,0.0,,0.0
Wanderlândia,2020-04-24,0,0,0,0,0.0,0.0,,0.0
Wanderlândia,2020-04-25,0,0,0,0,0.0,0.0,,0.0
Wanderlândia,2020-04-26,0,0,0,0,0.0,0.0,,0.0
Wanderlândia,2020-04-27,0,0,0,0,0.0,0.0,,0.0
Wanderlândia,2020-04-28,0,0,0,0,0.0,0.0,,0.0
Wanderlândia,2020-04-29,1,1,0,0,0.07142857142857142,0.0,,0.0
Wanderlândia,2020-04-30,1,0,0,0,0.07142857142857142,0.0,,0.0
Wanderlândia,2020-05-01,3,2,0,0,0.21428571428571427,0.0,,0.47712125471966244
Wanderlândia,2020-05-02,4,1,0,0,0.2857142857142857,0.0,,0.6020599913279624
Wanderlândia,2020-05-03,4,0,0,0,0.2857142857142857,0.0,,0.6020599913279624
Wanderlândia,2020-05-04,4,0,0,0,0.2857142857142857,0.0,,0.6020599913279624
Wanderlândia,2020-05-05,5,1,0,0,0.35714285714285715,0.0,,0.6989700043360189
Wanderlândia,2020-05-06,6,1,0,0,0.42857142857142855,0.0,,0.7781512503836436
Wanderlândia,2020-05-07,5,-1,0,0,0.35714285714285715,0.0,,0.6989700043360189
Wanderlândia,2020-05-08,7,2,0,0,0.5,0.0,,0.8450980400142568
Wanderlândia,2020-05-09,8,1,0,0,0.5714285714285714,0.0,,0.9030899869919435
Wanderlândia,2020-05-10,8,0,0,0,0.5714285714285714,0.0,,0.9030899869919435
Wanderlândia,2020-05-11,8,0,0,0,0.5714285714285714,0.0,,0.9030899869919435
Wanderlândia,2020-05-12,8,0,0,0,0.5714285714285714,0.0,,0.9030899869919435
Wanderlândia,2020-05-13,8,0,0,0,0.5,0.0,,0.9030899869919435
Wanderlândia,2020-05-14,9,1,0,0,0.5714285714285714,0.0,,0.9542425094393249
Wanderlândia,2020-05-15,10,1,0,0,0.5,0.0,,1.0
Wanderlândia,2020-05-16,12,2,0,0,0.5714285714285714,0.0,,1.0791812460476249
Wanderlândia,2020-05-17,12,0,0,0,0.5714285714285714,0.0,,1.0791812460476249
Wanderlândia,2020-05-18,12,0,0,0,0.5714285714285714,0.0,,1.0791812460476249
Wanderlândia,2020-05-19,12,0,0,0,0.5,0.0,,1.0791812460476249
Wanderlândia,2020-05-20,13,1,0,0,0.5,0.0,,1.1139433523068367
Wanderlândia,2020-05-21,13,0,0,0,0.5714285714285714,0.0,,1.1139433523068367
Wanderlândia,2020-05-22,13,0,0,0,0.42857142857142855,0.0,,1.1139433523068367
Wanderlândia,2020-05-23,13,0,0,0,0.35714285714285715,0.0,,1.1139433523068367
Wanderlândia,2020-05-24,15,2,0,0,0.5,0.0,,1.1760912590556813
Wanderlândia,2020-05-25,13,-2,0,0,0.35714285714285715,0.0,,1.1139433523068367
Wanderlândia,2020-05-26,14,1,0,0,0.42857142857142855,0.0,,1.146128035678238
Wanderlândia,2020-05-27,14,0,0,0,0.42857142857142855,0.0,,1.146128035678238
Wanderlândia,2020-05-28,15,1,0,0,0.42857142857142855,0.0,,1.1760912590556813
Wanderlândia,2020-05-29,16,1,0,0,0.42857142857142855,0.0,,1.2041199826559248
Wanderlândia,2020-05-30,17,1,0,0,0.35714285714285715,0.0,,1.2304489213782739
Wanderlândia,2020-05-31,17,0,0,0,0.35714285714285715,0.0,,1.2304489213782739
Wanderlândia,2020-06-01,21,4,0,0,0.6428571428571429,0.0,,1.3222192947339193
Wanderlândia,2020-06-02,21,0,0,0,0.6428571428571429,0.0,,1.3222192947339193
Wanderlândia,2020-06-03,23,2,0,0,0.7142857142857143,0.0,,1.3617278360175928
Wanderlândia,2020-06-04,23,0,0,0,0.7142857142857143,0.0,,1.3617278360175928
Wanderlândia,2020-06-05,23,0,0,0,0.7142857142857143,0.0,,1.3617278360175928
Wanderlândia,2020-06-06,29,6,0,0,1.1428571428571428,0.0,,1.462397997898956
Wanderlândia,2020-06-07,28,-1,0,0,0.9285714285714286,0.0,,1.4471580313422192
Wanderlândia,2020-06-08,30,2,0,0,1.2142857142857142,0.0,,1.4771212547196624
Wanderlândia,2020-06-09,31,1,0,0,1.2142857142857142,0.0,,1.4913616938342726
Wanderlândia,2020-06-10,32,1,0,0,1.2857142857142858,0.0,,1.505149978319906
Wanderlândia,2020-06-11,34,2,0,0,1.3571428571428572,0.0,,1.5314789170422551
Wanderlândia,2020-06-12,34,0,0,0,1.2857142857142858,0.0,,1.5314789170422551
Wanderlândia,2020-06-13,35,1,0,0,1.2857142857142858,0.0,,1.5440680443502757
Wanderlândia,2020-06-14,35,0,0,0,1.2857142857142858,0.0,,1.5440680443502757
Wanderlândia,2020-06-15,35,0,0,0,1.0,0.0,,1.5440680443502757
Wanderlândia,2020-06-16,35,0,0,0,1.0,0.0,,1.5440680443502757
Wanderlândia,2020-06-17,36,1,0,0,0.9285714285714286,0.0,,1.5563025007672873
Wanderlândia,2020-06-18,40,4,0,0,1.2142857142857142,0.0,,1.6020599913279625
Wanderlândia,2020-06-19,40,0,0,0,1.2142857142857142,0.0,,1.6020599913279625
Wanderlândia,2020-06-20,44,4,0,0,1.0714285714285714,0.0,,1.6434526764861874
Wanderlândia,2020-06-21,51,7,2,2,1.6428571428571428,0.14285714285714285,inf,1.7075701760979363
Wanderlândia,2020-06-22,51,0,2,0,1.5,0.14285714285714285,inf,1.7075701760979363
Wanderlândia,2020-06-23,51,0,2,0,1.4285714285714286,0.14285714285714285,inf,1.7075701760979363
Wanderlândia,2020-06-24,51,0,2,0,1.3571428571428572,0.14285714285714285,inf,1.7075701760979363
Wanderlândia,2020-06-25,51,0,2,0,1.2142857142857142,0.14285714285714285,inf,1.7075701760979363
Wanderlândia,2020-06-26,60,9,2,0,1.8571428571428572,0.14285714285714285,inf,1.7781512503836436
Wanderlândia,2020-06-27,61,1,2,0,1.8571428571428572,0.14285714285714285,inf,1.7853298350107671
Wanderlândia,2020-06-28,61,0,2,0,1.8571428571428572,0.14285714285714285,inf,1.7853298350107671
Wanderlândia,2020-06-29,67,6,3,1,2.2857142857142856,0.21428571428571427,inf,1.8260748027008264
Wanderlândia,2020-06-30,67,0,3,0,2.2857142857142856,0.21428571428571427,inf,1.8260748027008264
Wanderlândia,2020-07-01,68,1,3,0,2.2857142857142856,0.21428571428571427,inf,1.8325089127062364
Wanderlândia,2020-07-02,69,1,3,0,2.0714285714285716,0.21428571428571427,inf,1.8388490907372552
Wanderlândia,2020-07-03,70,1,3,0,2.142857142857143,0.21428571428571427,inf,1.845098040014257
Wanderlândia,2020-07-04,70,0,3,0,1.8571428571428572,0.21428571428571427,inf,1.845098040014257
Wanderlândia,2020-07-05,72,2,3,0,1.5,0.07142857142857142,-0.5,1.8573324964312685
Wanderlândia,2020-07-06,72,0,3,0,1.5,0.07142857142857142,-0.5,1.8573324964312685
Wanderlândia,2020-07-07,72,0,3,0,1.5,0.07142857142857142,-0.5,1.8573324964312685
Wanderlândia,2020-07-08,73,1,3,0,1.5714285714285714,0.07142857142857142,-0.5,1.863322860120456
Wanderlândia,2020-07-09,73,0,3,0,1.5714285714285714,0.07142857142857142,-0.5,1.863322860120456
Wanderlândia,2020-07-10,80,7,3,0,1.4285714285714286,0.07142857142857142,-0.5,1.9030899869919435
Wanderlândia,2020-07-11,80,0,3,0,1.3571428571428572,0.07142857142857142,-0.5,1.9030899869919435
Wanderlândia,2020-07-12,81,1,3,0,1.4285714285714286,0.07142857142857142,-0.5,1.9084850188786497
Wanderlândia,2020-07-13,81,0,3,0,1.0,0.0,-1.0,1.9084850188786497
Wanderlândia,2020-07-14,81,0,3,0,1.0,0.0,-1.0,1.9084850188786497
Wanderlândia,2020-07-15,80,-1,3,0,0.8571428571428571,0.0,-1.0,1.9030899869919435
Wanderlândia,2020-07-16,81,1,3,0,0.8571428571428571,0.0,-1.0,1.9084850188786497
Wanderlândia,2020-07-17,86,5,3,0,1.1428571428571428,0.0,-1.0,1.9344984512435677
Wanderlândia,2020-07-18,86,0,3,0,1.1428571428571428,0.0,-1.0,1.9344984512435677
Wanderlândia,2020-07-19,87,1,3,0,1.0714285714285714,0.0,-1.0,1.9395192526186185
Wanderlândia,2020-07-20,90,3,4,1,1.2857142857142858,0.07142857142857142,0.0,1.9542425094393248
Wanderlândia,2020-07-21,92,2,4,0,1.4285714285714286,0.07142857142857142,0.0,1.9637878273455553
Wanderlândia,2020-07-22,92,0,4,0,1.3571428571428572,0.07142857142857142,0.0,1.9637878273455553
Wanderlândia,2020-07-23,103,11,4,0,2.142857142857143,0.07142857142857142,0.0,2.012837224705172
Wanderlândia,2020-07-24,103,0,4,0,1.6428571428571428,0.07142857142857142,0.0,2.012837224705172
Wanderlândia,2020-07-25,114,11,4,0,2.4285714285714284,0.07142857142857142,0.0,2.0569048513364727
Wanderlândia,2020-07-26,114,0,4,0,2.357142857142857,0.07142857142857142,0.0,2.0569048513364727
Wanderlândia,2020-07-27,114,0,5,1,2.357142857142857,0.14285714285714285,inf,2.0569048513364727
Wanderlândia,2020-07-28,128,14,5,0,3.357142857142857,0.14285714285714285,inf,2.1072099696478683
Wanderlândia,2020-07-29,133,5,5,0,3.7857142857142856,0.14285714285714285,inf,2.123851640967086
Wanderlândia,2020-07-30,133,0,5,0,3.7142857142857144,0.14285714285714285,inf,2.123851640967086
Wanderlândia,2020-07-31,141,8,5,0,3.9285714285714284,0.14285714285714285,inf,2.1492191126553797
Wanderlândia,2020-08-01,145,4,5,0,4.214285714285714,0.14285714285714285,inf,2.161368002234975
Wanderlândia,2020-08-02,145,0,5,0,4.142857142857143,0.14285714285714285,inf,2.161368002234975
Wanderlândia,2020-08-03,158,13,5,0,4.857142857142857,0.07142857142857142,0.0,2.1986570869544226
Wanderlândia,2020-08-04,158,0,5,0,4.714285714285714,0.07142857142857142,0.0,2.1986570869544226
Wanderlândia,2020-08-05,158,0,5,0,4.714285714285714,0.07142857142857142,0.0,2.1986570869544226
Wanderlândia,2020-08-06,159,1,5,0,4.0,0.07142857142857142,0.0,2.2013971243204513
Wanderlândia,2020-08-07,160,1,5,0,4.071428571428571,0.07142857142857142,0.0,2.204119982655925
Wanderlândia,2020-08-08,181,21,5,0,4.785714285714286,0.07142857142857142,0.0,2.2576785748691846
Wanderlândia,2020-08-09,182,1,5,0,4.857142857142857,0.07142857142857142,0.0,2.2600713879850747
Wanderlândia,2020-08-10,182,0,5,0,4.857142857142857,0.0,-1.0,2.2600713879850747
Wanderlândia,2020-08-11,189,7,5,0,4.357142857142857,0.0,-1.0,2.2764618041732443
Wanderlândia,2020-08-12,189,0,5,0,4.0,0.0,-1.0,2.2764618041732443
Wanderlândia,2020-08-13,189,0,5,0,4.0,0.0,-1.0,2.2764618041732443
Wanderlândia,2020-08-14,197,8,5,0,4.0,0.0,-1.0,2.294466226161593
Wanderlândia,2020-08-15,198,1,5,0,3.7857142857142856,0.0,-1.0,2.296665190261531
Wanderlândia,2020-08-16,200,2,5,0,3.9285714285714284,0.0,-1.0,2.3010299956639813
Wanderlândia,2020-08-17,212,12,5,0,3.857142857142857,0.0,-1.0,2.3263358609287517
Wanderlândia,2020-08-18,212,0,5,0,3.857142857142857,0.0,-1.0,2.3263358609287517
Wanderlândia,2020-08-19,212,0,5,0,3.857142857142857,0.0,-1.0,2.3263358609287517
Wanderlândia,2020-08-20,223,11,5,0,4.571428571428571,0.0,-1.0,2.3483048630481607
Wanderlândia,2020-08-21,227,4,5,0,4.785714285714286,0.0,-1.0,2.3560258571931225
Wanderlândia,2020-08-22,232,5,5,0,3.642857142857143,0.0,-1.0,2.3654879848909
Wanderlândia,2020-08-23,240,8,5,0,4.142857142857143,0.0,-1.0,2.380211241711606
Wanderlândia,2020-08-24,240,0,5,0,4.142857142857143,0.0,,2.380211241711606
Wanderlândia,2020-08-25,240,0,5,0,3.642857142857143,0.0,,2.380211241711606
Wanderlândia,2020-08-26,248,8,5,0,4.214285714285714,0.0,,2.3944516808262164
Wanderlândia,2020-08-27,251,3,5,0,4.428571428571429,0.0,,2.399673721481038
Wanderlândia,2020-08-28,251,0,5,0,3.857142857142857,0.0,,2.399673721481038
Wanderlândia,2020-08-29,252,1,5,0,3.857142857142857,0.0,,2.401400540781544
Wanderlândia,2020-08-30,256,4,5,0,4.0,0.0,,2.4082399653118496
Wanderlândia,2020-08-31,256,0,5,0,3.142857142857143,0.0,,2.4082399653118496
Wanderlândia,2020-09-01,238,-18,5,0,1.8571428571428572,0.0,,2.376576957056512
Wanderlândia,2020-09-02,238,0,5,0,1.8571428571428572,0.0,,2.376576957056512
Wanderlândia,2020-09-03,240,2,5,0,1.2142857142857142,0.0,,2.380211241711606
Wanderlândia,2020-09-04,260,20,5,0,2.357142857142857,0.0,,2.4149733479708178
Wanderlândia,2020-09-05,260,0,5,0,2.0,0.0,,2.4149733479708178
Wanderlândia,2020-09-06,266,6,5,0,1.8571428571428572,0.0,,2.424881636631067
Wanderlândia,2020-09-07,266,0,5,0,1.8571428571428572,0.0,,2.424881636631067
Wanderlândia,2020-09-08,266,0,5,0,1.8571428571428572,0.0,,2.424881636631067
Wanderlândia,2020-09-09,265,-1,5,0,1.2142857142857142,0.0,,2.423245873936808
Wanderlândia,2020-09-10,266,1,5,0,1.0714285714285714,0.0,,2.424881636631067
Wanderlândia,2020-09-11,267,1,5,0,1.1428571428571428,0.0,,2.4265112613645754
Wanderlândia,2020-09-12,269,2,5,0,1.2142857142857142,0.0,,2.429752280002408
Wanderlândia,2020-09-13,277,8,5,0,1.5,0.0,,2.4424797690644486
Wanderlândia,2020-09-14,280,3,5,0,1.7142857142857142,0.0,,2.4471580313422194
Wanderlândia,2020-09-15,281,1,5,0,3.0714285714285716,0.0,,2.44870631990508
Wanderlândia,2020-09-16,280,-1,5,0,3.0,0.0,,2.4471580313422194
Wanderlândia,2020-09-17,283,3,5,0,3.0714285714285716,0.0,,2.45178643552429
Wanderlândia,2020-09-18,283,0,5,0,1.6428571428571428,0.0,,2.45178643552429
Wanderlândia,2020-09-19,288,5,5,0,2.0,0.0,,2.459392487759231
Wanderlândia,2020-09-20,288,0,5,0,1.5714285714285714,0.0,,2.459392487759231
Wanderlândia,2020-09-21,288,0,5,0,1.5714285714285714,0.0,,2.459392487759231
Wanderlândia,2020-09-22,296,8,5,0,2.142857142857143,0.0,,2.4712917110589387
Wanderlândia,2020-09-23,299,3,5,0,2.4285714285714284,0.0,,2.4756711883244296
Wanderlândia,2020-09-24,304,5,5,0,2.7142857142857144,0.0,,2.482873583608754
Wanderlândia,2020-09-25,306,2,5,0,2.7857142857142856,0.0,,2.48572142648158
Wanderlândia,2020-09-26,307,1,5,0,2.7142857142857144,0.0,,2.4871383754771865
Wanderlândia,2020-09-27,307,0,5,0,2.142857142857143,0.0,,2.4871383754771865
Wanderlândia,2020-09-28,307,0,5,0,1.9285714285714286,0.0,,2.4871383754771865
Wanderlândia,2020-09-29,310,3,5,0,2.0714285714285716,0.0,,2.4913616938342726
Wanderlândia,2020-09-30,310,0,5,0,2.142857142857143,0.0,,2.4913616938342726
Wanderlândia,2020-10-01,315,5,5,0,2.2857142857142856,0.0,,2.4983105537896004
Wanderlândia,2020-10-02,316,1,5,0,2.357142857142857,0.0,,2.499687082618404
Wanderlândia,2020-10-03,318,2,5,0,2.142857142857143,0.0,,2.5024271199844326
Wanderlândia,2020-10-04,318,0,5,0,2.142857142857143,0.0,,2.5024271199844326
Wanderlândia,2020-10-05,321,3,5,0,2.357142857142857,0.0,,2.506505032404872
Wanderlândia,2020-10-06,321,0,5,0,1.7857142857142858,0.0,,2.506505032404872
Wanderlândia,2020-10-07,322,1,5,0,1.6428571428571428,0.0,,2.507855871695831
Wanderlândia,2020-10-08,322,0,5,0,1.2857142857142858,0.0,,2.507855871695831
Wanderlândia,2020-10-09,323,1,5,0,1.2142857142857142,0.0,,2.509202522331103
Wanderlândia,2020-10-10,325,2,5,0,1.2857142857142858,0.0,,2.5118833609788744
Wanderlândia,2020-10-11,325,0,5,0,1.2857142857142858,0.0,,2.5118833609788744
Wanderlândia,2020-10-12,325,0,5,0,1.2857142857142858,0.0,,2.5118833609788744
Wanderlândia,2020-10-13,325,0,5,0,1.0714285714285714,0.0,,2.5118833609788744
Wanderlândia,2020-10-14,324,-1,5,0,1.0,0.0,,2.510545010206612
Wanderlândia,2020-10-15,324,0,5,0,0.6428571428571429,0.0,,2.510545010206612
Wanderlândia,2020-10-16,324,0,5,0,0.5714285714285714,0.0,,2.510545010206612
Wanderlândia,2020-10-17,324,0,5,0,0.42857142857142855,0.0,,2.510545010206612
Wanderlândia,2020-10-18,324,0,5,0,0.42857142857142855,0.0,,2.510545010206612
Wanderlândia,2020-10-19,325,1,5,0,0.2857142857142857,0.0,,2.5118833609788744
Wanderlândia,2020-10-20,325,0,5,0,0.2857142857142857,0.0,,2.5118833609788744
Wanderlândia,2020-10-21,325,0,5,0,0.21428571428571427,0.0,,2.5118833609788744
Wanderlândia,2020-10-22,325,0,5,0,0.21428571428571427,0.0,,2.5118833609788744
Wanderlândia,2020-10-23,325,0,5,0,0.14285714285714285,0.0,,2.5118833609788744
Wanderlândia,2020-10-24,325,0,5,0,0.0,0.0,,2.5118833609788744
Wanderlândia,2020-10-25,326,1,5,0,0.07142857142857142,0.0,,2.513217600067939
Wanderlândia,2020-10-26,327,1,5,0,0.14285714285714285,0.0,,2.514547752660286
Wanderlândia,2020-10-27,328,1,5,0,0.21428571428571427,0.0,,2.515873843711679
Wanderlândia,2020-10-28,327,-1,5,0,0.21428571428571427,0.0,,2.514547752660286
Wanderlândia,2020-10-29,335,8,5,0,0.7857142857142857,0.0,,2.525044807036845
Wanderlândia,2020-10-30,333,-2,5,0,0.6428571428571429,0.0,,2.5224442335063197
Wanderlândia,2020-10-31,333,0,5,0,0.6428571428571429,0.0,,2.5224442335063197
Wanderlândia,2020-11-01,333,0,5,0,0.6428571428571429,0.0,,2.5224442335063197
Wanderlândia,2020-11-02,333,0,5,0,0.5714285714285714,0.0,,2.5224442335063197
Wanderlândia,2020-11-03,339,6,5,0,1.0,0.0,,2.530199698203082
Wanderlândia,2020-11-04,340,1,5,0,1.0714285714285714,0.0,,2.531478917042255
Wanderlândia,2020-11-05,344,4,5,0,1.3571428571428572,0.0,,2.53655844257153
Wanderlândia,2020-11-06,348,4,5,0,1.6428571428571428,0.0,,2.5415792439465807
Wanderlândia,2020-11-07,348,0,5,0,1.6428571428571428,0.0,,2.5415792439465807
Wanderlândia,2020-11-08,356,8,5,0,2.142857142857143,0.0,,2.5514499979728753
Wanderlândia,2020-11-09,356,0,5,0,2.0714285714285716,0.0,,2.5514499979728753
Wanderlândia,2020-11-10,358,2,5,0,2.142857142857143,0.0,,2.5538830266438746
Wanderlândia,2020-11-11,357,-1,5,0,2.142857142857143,0.0,,2.552668216112193
Wanderlândia,2020-11-12,362,5,5,0,1.9285714285714286,0.0,,2.558708570533166
Wanderlândia,2020-11-13,362,0,5,0,2.0714285714285716,0.0,,2.558708570533166
Wanderlândia,2020-11-14,361,-1,5,0,2.0,0.0,,2.5575072019056577
Wanderlândia,2020-11-15,365,4,5,0,2.2857142857142856,0.0,,2.5622928644564746
Wanderlândia,2020-11-16,365,0,5,0,2.2857142857142856,0.0,,2.5622928644564746
Wanderlândia,2020-11-17,365,0,5,0,1.8571428571428572,0.0,,2.5622928644564746
Wanderlândia,2020-11-18,365,0,5,0,1.7857142857142858,0.0,,2.5622928644564746
Wanderlândia,2020-11-19,373,8,5,0,2.0714285714285716,0.0,,2.571708831808688
Wanderlândia,2020-11-20,372,-1,5,0,1.7142857142857142,0.0,,2.5705429398818973
Wanderlândia,2020-11-21,372,0,5,0,1.7142857142857142,0.0,,2.5705429398818973
Wanderlândia,2020-11-22,383,11,5,0,1.9285714285714286,0.0,,2.583198773968623
Wanderlândia,2020-11-23,383,0,5,0,1.9285714285714286,0.0,,2.583198773968623
Wanderlândia,2020-11-24,384,1,5,0,1.8571428571428572,0.0,,2.584331224367531
Wanderlândia,2020-11-25,395,11,5,0,2.7142857142857144,0.0,,2.59659709562646
Wanderlândia,2020-11-26,396,1,6,1,2.4285714285714284,0.07142857142857142,inf,2.597695185925512
Wanderlândia,2020-11-27,397,1,6,0,2.5,0.07142857142857142,inf,2.598790506763115
Wanderlândia,2020-11-28,397,0,6,0,2.5714285714285716,0.07142857142857142,inf,2.598790506763115
Wanderlândia,2020-11-29,402,5,6,0,2.642857142857143,0.07142857142857142,inf,2.60422605308447
Wanderlândia,2020-11-30,412,10,6,0,3.357142857142857,0.07142857142857142,inf,2.6148972160331345
Wanderlândia,2020-12-01,412,0,6,0,3.357142857142857,0.07142857142857142,inf,2.6148972160331345
Wanderlândia,2020-12-02,412,0,6,0,3.357142857142857,0.07142857142857142,inf,2.6148972160331345
Wanderlândia,2020-12-03,412,0,6,0,2.7857142857142856,0.07142857142857142,inf,2.6148972160331345
Wanderlândia,2020-12-04,414,2,6,0,3.0,0.07142857142857142,inf,2.617000341120899
Wanderlândia,2020-12-05,422,8,6,0,3.5714285714285716,0.07142857142857142,inf,2.625312450961674
Wanderlândia,2020-12-06,422,0,6,0,2.7857142857142856,0.07142857142857142,inf,2.625312450961674
Wanderlândia,2020-12-07,422,0,6,0,2.7857142857142856,0.07142857142857142,inf,2.625312450961674
Wanderlândia,2020-12-08,422,0,6,0,2.7142857142857144,0.07142857142857142,inf,2.625312450961674
Wanderlândia,2020-12-09,430,8,6,0,2.5,0.07142857142857142,inf,2.6334684555795866
Wanderlândia,2020-12-10,434,4,6,0,2.7142857142857144,0.0,-1.0,2.637489729512511
Wanderlândia,2020-12-11,436,2,6,0,2.7857142857142856,0.0,-1.0,2.639486489268586
Wanderlândia,2020-12-12,436,0,6,0,2.7857142857142856,0.0,-1.0,2.639486489268586
Wanderlândia,2020-12-13,438,2,6,0,2.5714285714285716,0.0,-1.0,2.6414741105040993
Wanderlândia,2020-12-14,438,0,6,0,1.8571428571428572,0.0,-1.0,2.6414741105040993
Wanderlândia,2020-12-15,438,0,6,0,1.8571428571428572,0.0,-1.0,2.6414741105040993
Wanderlândia,2020-12-16,438,0,6,0,1.8571428571428572,0.0,-1.0,2.6414741105040993
Wanderlândia,2020-12-17,442,4,6,0,2.142857142857143,0.0,-1.0,2.645422269349092
Wanderlândia,2020-12-18,442,0,6,0,2.0,0.0,-1.0,2.645422269349092
Wanderlândia,2020-12-19,442,0,6,0,1.4285714285714286,0.0,-1.0,2.645422269349092
Wanderlândia,2020-12-20,442,0,6,0,1.4285714285714286,0.0,-1.0,2.645422269349092
Wanderlândia,2020-12-21,449,7,6,0,1.9285714285714286,0.0,-1.0,2.6522463410033232
Wanderlândia,2020-12-22,449,0,6,0,1.9285714285714286,0.0,-1.0,2.6522463410033232
Wanderlândia,2020-12-23,449,0,6,0,1.3571428571428572,0.0,-1.0,2.6522463410033232
Wanderlândia,2020-12-24,449,0,6,0,1.0714285714285714,0.0,,2.6522463410033232
Wanderlândia,2020-12-25,451,2,6,0,1.0714285714285714,0.0,,2.6541765418779604
Wanderlândia,2020-12-26,451,0,6,0,1.0714285714285714,0.0,,2.6541765418779604
Wanderlândia,2020-12-27,453,2,6,0,1.0714285714285714,0.0,,2.656098202012832
Wanderlândia,2020-12-28,453,0,6,0,1.0714285714285714,0.0,,2.656098202012832
Wanderlândia,2020-12-29,453,0,6,0,1.0714285714285714,0.0,,2.656098202012832
Wanderlândia,2020-12-30,453,0,6,0,1.0714285714285714,0.0,,2.656098202012832
Wanderlândia,2020-12-31,453,0,6,0,0.7857142857142857,0.0,,2.656098202012832
Wanderlândia,2021-01-01,460,7,6,0,1.2857142857142858,0.0,,2.6627578316815743
Wanderlândia,2021-01-02,460,0,6,0,1.2857142857142858,0.0,,2.6627578316815743
Wanderlândia,2021-01-03,460,0,6,0,1.2857142857142858,0.0,,2.6627578316815743
Wanderlândia,2021-01-04,460,0,6,0,0.7857142857142857,0.0,,2.6627578316815743
Wanderlândia,2021-01-05,460,0,6,0,0.7857142857142857,0.0,,2.6627578316815743
Wanderlândia,2021-01-06,460,0,6,0,0.7857142857142857,0.0,,2.6627578316815743
Wanderlândia,2021-01-07,460,0,6,0,0.7857142857142857,0.0,,2.6627578316815743
Wanderlândia,2021-01-08,460,0,6,0,0.6428571428571429,0.0,,2.6627578316815743
Wanderlândia,2021-01-09,468,8,6,0,1.2142857142857142,0.0,,2.670245853074124
Wanderlândia,2021-01-10,468,0,6,0,1.0714285714285714,0.0,,2.670245853074124
Wanderlândia,2021-01-11,477,9,6,0,1.7142857142857142,0.0,,2.678518379040114
Wanderlândia,2021-01-12,477,0,6,0,1.7142857142857142,0.0,,2.678518379040114
Wanderlândia,2021-01-13,477,0,6,0,1.7142857142857142,0.0,,2.678518379040114
Wanderlândia,2021-01-14,479,2,6,0,1.8571428571428572,0.0,,2.680335513414563
Wanderlândia,2021-01-15,484,5,6,0,1.7142857142857142,0.0,,2.6848453616444123
Wanderlândia,2021-01-16,489,5,6,0,2.0714285714285716,0.0,,2.6893088591236203
Wanderlândia,2021-01-17,492,3,6,0,2.2857142857142856,0.0,,2.6919651027673606
Wanderlândia,2021-01-18,492,0,6,0,2.2857142857142856,0.0,,2.6919651027673606
Wanderlândia,2021-01-19,493,1,6,0,2.357142857142857,0.0,,2.69284691927723
Wanderlândia,2021-01-20,504,11,6,0,3.142857142857143,0.0,,2.7024305364455254
Xambioá,2020-03-27,0,0,0,0,,,,0.0
Xambioá,2020-03-28,0,0,0,0,,,,0.0
Xambioá,2020-03-29,0,0,0,0,,,,0.0
Xambioá,2020-03-30,0,0,0,0,,,,0.0
Xambioá,2020-03-31,0,0,0,0,,,,0.0
Xambioá,2020-04-01,0,0,0,0,,,,0.0
Xambioá,2020-04-02,0,0,0,0,,,,0.0
Xambioá,2020-04-03,0,0,0,0,,,,0.0
Xambioá,2020-04-04,0,0,0,0,,,,0.0
Xambioá,2020-04-05,0,0,0,0,,,,0.0
Xambioá,2020-04-06,0,0,0,0,,,,0.0
Xambioá,2020-04-07,0,0,0,0,,,,0.0
Xambioá,2020-04-08,0,0,0,0,,,,0.0
Xambioá,2020-04-09,0,0,0,0,0.0,0.0,,0.0
Xambioá,2020-04-10,0,0,0,0,0.0,0.0,,0.0
Xambioá,2020-04-11,0,0,0,0,0.0,0.0,,0.0
Xambioá,2020-04-12,0,0,0,0,0.0,0.0,,0.0
Xambioá,2020-04-13,0,0,0,0,0.0,0.0,,0.0
Xambioá,2020-04-14,0,0,0,0,0.0,0.0,,0.0
Xambioá,2020-04-15,0,0,0,0,0.0,0.0,,0.0
Xambioá,2020-04-16,0,0,0,0,0.0,0.0,,0.0
Xambioá,2020-04-17,0,0,0,0,0.0,0.0,,0.0
Xambioá,2020-04-18,0,0,0,0,0.0,0.0,,0.0
Xambioá,2020-04-19,0,0,0,0,0.0,0.0,,0.0
Xambioá,2020-04-20,0,0,0,0,0.0,0.0,,0.0
Xambioá,2020-04-21,0,0,0,0,0.0,0.0,,0.0
Xambioá,2020-04-22,0,0,0,0,0.0,0.0,,0.0
Xambioá,2020-04-23,0,0,0,0,0.0,0.0,,0.0
Xambioá,2020-04-24,0,0,0,0,0.0,0.0,,0.0
Xambioá,2020-04-25,0,0,0,0,0.0,0.0,,0.0
Xambioá,2020-04-26,0,0,0,0,0.0,0.0,,0.0
Xambioá,2020-04-27,0,0,0,0,0.0,0.0,,0.0
Xambioá,2020-04-28,0,0,0,0,0.0,0.0,,0.0
Xambioá,2020-04-29,0,0,0,0,0.0,0.0,,0.0
Xambioá,2020-04-30,0,0,0,0,0.0,0.0,,0.0
Xambioá,2020-05-01,0,0,0,0,0.0,0.0,,0.0
Xambioá,2020-05-02,0,0,0,0,0.0,0.0,,0.0
Xambioá,2020-05-03,0,0,0,0,0.0,0.0,,0.0
Xambioá,2020-05-04,0,0,0,0,0.0,0.0,,0.0
Xambioá,2020-05-05,0,0,0,0,0.0,0.0,,0.0
Xambioá,2020-05-06,0,0,0,0,0.0,0.0,,0.0
Xambioá,2020-05-07,0,0,0,0,0.0,0.0,,0.0
Xambioá,2020-05-08,0,0,0,0,0.0,0.0,,0.0
Xambioá,2020-05-09,0,0,0,0,0.0,0.0,,0.0
Xambioá,2020-05-10,2,2,0,0,0.14285714285714285,0.0,,0.3010299956639812
Xambioá,2020-05-11,4,2,0,0,0.2857142857142857,0.0,,0.6020599913279624
Xambioá,2020-05-12,5,1,0,0,0.35714285714285715,0.0,,0.6989700043360189
Xambioá,2020-05-13,5,0,0,0,0.35714285714285715,0.0,,0.6989700043360189
Xambioá,2020-05-14,8,3,0,0,0.5714285714285714,0.0,,0.9030899869919435
Xambioá,2020-05-15,9,1,0,0,0.6428571428571429,0.0,,0.9542425094393249
Xambioá,2020-05-16,9,0,0,0,0.6428571428571429,0.0,,0.9542425094393249
Xambioá,2020-05-17,9,0,0,0,0.6428571428571429,0.0,,0.9542425094393249
Xambioá,2020-05-18,12,3,0,0,0.8571428571428571,0.0,,1.0791812460476249
Xambioá,2020-05-19,19,7,0,0,1.3571428571428572,0.0,,1.2787536009528289
Xambioá,2020-05-20,26,7,0,0,1.8571428571428572,0.0,,1.414973347970818
Xambioá,2020-05-21,31,5,1,1,2.2142857142857144,0.07142857142857142,inf,1.4913616938342726
Xambioá,2020-05-22,31,0,1,0,2.2142857142857144,0.07142857142857142,inf,1.4913616938342726
Xambioá,2020-05-23,42,11,1,0,3.0,0.07142857142857142,inf,1.6232492903979006
Xambioá,2020-05-24,65,23,2,1,4.5,0.14285714285714285,inf,1.8129133566428555
Xambioá,2020-05-25,66,1,2,0,4.428571428571429,0.14285714285714285,inf,1.8195439355418688
Xambioá,2020-05-26,78,12,2,0,5.214285714285714,0.14285714285714285,inf,1.8920946026904804
Xambioá,2020-05-27,81,3,2,0,5.428571428571429,0.14285714285714285,inf,1.9084850188786497
Xambioá,2020-05-28,91,10,2,0,5.928571428571429,0.14285714285714285,inf,1.9590413923210936
Xambioá,2020-05-29,128,37,2,0,8.5,0.14285714285714285,inf,2.1072099696478683
Xambioá,2020-05-30,158,30,2,0,10.642857142857142,0.14285714285714285,inf,2.1986570869544226
Xambioá,2020-05-31,199,41,3,1,13.571428571428571,0.21428571428571427,inf,2.298853076409707
Xambioá,2020-06-01,204,5,3,0,13.714285714285714,0.21428571428571427,inf,2.3096301674258988
Xambioá,2020-06-02,217,13,3,0,14.142857142857142,0.21428571428571427,inf,2.3364597338485296
Xambioá,2020-06-03,217,0,3,0,13.642857142857142,0.21428571428571427,inf,2.3364597338485296
Xambioá,2020-06-04,220,3,3,0,13.5,0.14285714285714285,1.0,2.342422680822206
Xambioá,2020-06-05,220,0,3,0,13.5,0.14285714285714285,1.0,2.342422680822206
Xambioá,2020-06-06,220,0,3,0,12.714285714285714,0.14285714285714285,1.0,2.342422680822206
Xambioá,2020-06-07,227,7,3,0,11.571428571428571,0.07142857142857142,-0.5,2.3560258571931225
Xambioá,2020-06-08,227,0,3,0,11.5,0.07142857142857142,-0.5,2.3560258571931225
Xambioá,2020-06-09,258,31,3,0,12.857142857142858,0.07142857142857142,-0.5,2.41161970596323
Xambioá,2020-06-10,258,0,4,1,12.642857142857142,0.14285714285714285,0.0,2.41161970596323
Xambioá,2020-06-11,294,36,4,0,14.5,0.14285714285714285,0.0,2.4683473304121573
Xambioá,2020-06-12,305,11,4,0,12.642857142857142,0.14285714285714285,0.0,2.484299839346786
Xambioá,2020-06-13,319,14,4,0,11.5,0.14285714285714285,0.0,2.503790683057181
Xambioá,2020-06-14,319,0,4,0,8.571428571428571,0.07142857142857142,-0.6666666666666666,2.503790683057181
Xambioá,2020-06-15,334,15,5,1,9.285714285714286,0.14285714285714285,-0.3333333333333333,2.5237464668115646
Xambioá,2020-06-16,349,15,5,0,9.428571428571429,0.14285714285714285,-0.3333333333333333,2.5428254269591797
Xambioá,2020-06-17,368,19,5,0,10.785714285714286,0.14285714285714285,-0.3333333333333333,2.5658478186735176
Xambioá,2020-06-18,369,1,5,0,10.642857142857142,0.14285714285714285,0.0,2.56702636615906
Xambioá,2020-06-19,378,9,5,0,11.285714285714286,0.14285714285714285,0.0,2.577491799837225
Xambioá,2020-06-20,383,5,5,0,11.642857142857142,0.14285714285714285,0.0,2.583198773968623
Xambioá,2020-06-21,386,3,5,0,11.357142857142858,0.14285714285714285,1.0,2.586587304671755
Xambioá,2020-06-22,386,0,5,0,11.357142857142858,0.14285714285714285,1.0,2.586587304671755
Xambioá,2020-06-23,386,0,5,0,9.142857142857142,0.14285714285714285,1.0,2.586587304671755
Xambioá,2020-06-24,409,23,5,0,10.785714285714286,0.07142857142857142,-0.5,2.611723308007342
Xambioá,2020-06-25,413,4,5,0,8.5,0.07142857142857142,-0.5,2.615950051656401
Xambioá,2020-06-26,415,2,5,0,7.857142857142857,0.07142857142857142,-0.5,2.6180480967120925
Xambioá,2020-06-27,416,1,5,0,6.928571428571429,0.07142857142857142,-0.5,2.6190933306267428
Xambioá,2020-06-28,416,0,6,1,6.928571428571429,0.14285714285714285,1.0,2.6190933306267428
Xambioá,2020-06-29,427,11,6,0,6.642857142857143,0.07142857142857142,-0.5,2.630427875025024
Xambioá,2020-06-30,440,13,6,0,6.5,0.07142857142857142,-0.5,2.6434526764861874
Xambioá,2020-07-01,447,7,6,0,5.642857142857143,0.07142857142857142,-0.5,2.6503075231319366
Xambioá,2020-07-02,448,1,6,0,5.642857142857143,0.07142857142857142,-0.5,2.651278013998144
Xambioá,2020-07-03,450,2,7,1,5.142857142857143,0.14285714285714285,0.0,2.6532125137753435
Xambioá,2020-07-04,459,9,7,0,5.428571428571429,0.14285714285714285,0.0,2.661812685537261
Xambioá,2020-07-05,466,7,7,0,5.714285714285714,0.14285714285714285,0.0,2.66838591669
Xambioá,2020-07-06,466,0,8,1,5.714285714285714,0.21428571428571427,0.5,2.66838591669
Xambioá,2020-07-07,472,6,8,0,6.142857142857143,0.21428571428571427,0.5,2.673941998634088
Xambioá,2020-07-08,475,3,8,0,4.714285714285714,0.21428571428571427,2.0,2.6766936096248664
Xambioá,2020-07-09,478,3,8,0,4.642857142857143,0.21428571428571427,2.0,2.6794278966121188
Xambioá,2020-07-10,479,1,8,0,4.571428571428571,0.21428571428571427,2.0,2.680335513414563
Xambioá,2020-07-11,479,0,8,0,4.5,0.21428571428571427,2.0,2.680335513414563
Xambioá,2020-07-12,480,1,8,0,4.571428571428571,0.14285714285714285,0.0,2.681241237375587
Xambioá,2020-07-13,480,0,8,0,3.7857142857142856,0.14285714285714285,1.0,2.681241237375587
Xambioá,2020-07-14,480,0,8,0,2.857142857142857,0.14285714285714285,1.0,2.681241237375587
Xambioá,2020-07-15,480,0,7,-1,2.357142857142857,0.07142857142857142,0.0,2.681241237375587
Xambioá,2020-07-16,485,5,7,0,2.642857142857143,0.07142857142857142,0.0,2.6857417386022635
Xambioá,2020-07-17,488,3,8,1,2.7142857142857144,0.07142857142857142,-0.5,2.6884198220027105
Xambioá,2020-07-18,491,3,8,0,2.2857142857142856,0.07142857142857142,-0.5,2.6910814921229687
Xambioá,2020-07-19,493,2,8,0,1.9285714285714286,0.07142857142857142,-0.5,2.69284691927723
Xambioá,2020-07-20,494,1,8,0,2.0,0.0,-1.0,2.693726948923647
Xambioá,2020-07-21,494,0,8,0,1.5714285714285714,0.0,-1.0,2.693726948923647
Xambioá,2020-07-22,501,7,8,0,1.8571428571428572,0.0,-1.0,2.699837725867246
Xambioá,2020-07-23,514,13,8,0,2.5714285714285716,0.0,-1.0,2.710963118995276
Xambioá,2020-07-24,531,17,8,0,3.7142857142857144,0.0,-1.0,2.725094521081469
Xambioá,2020-07-25,532,1,8,0,3.7857142857142856,0.0,-1.0,2.7259116322950483
Xambioá,2020-07-26,535,3,8,0,3.9285714285714284,0.0,-1.0,2.7283537820212285
Xambioá,2020-07-27,543,8,8,0,4.5,0.0,-1.0,2.734799829588847
Xambioá,2020-07-28,545,2,8,0,4.642857142857143,0.0,-1.0,2.7363965022766426
Xambioá,2020-07-29,549,4,8,0,4.928571428571429,0.07142857142857142,0.0,2.739572344450092
Xambioá,2020-07-30,552,3,8,0,4.785714285714286,0.07142857142857142,0.0,2.741939077729199
Xambioá,2020-07-31,562,10,8,0,5.285714285714286,0.0,-1.0,2.749736315569061
Xambioá,2020-08-01,562,0,8,0,5.071428571428571,0.0,-1.0,2.749736315569061
Xambioá,2020-08-02,565,3,8,0,5.142857142857143,0.0,-1.0,2.7520484478194387
Xambioá,2020-08-03,565,0,8,0,5.071428571428571,0.0,,2.7520484478194387
Xambioá,2020-08-04,565,0,8,0,5.071428571428571,0.0,,2.7520484478194387
Xambioá,2020-08-05,570,5,8,0,4.928571428571429,0.0,,2.7558748556724915
Xambioá,2020-08-06,579,9,8,0,4.642857142857143,0.0,,2.762678563727436
Xambioá,2020-08-07,580,1,8,0,3.5,0.0,,2.7634279935629373
Xambioá,2020-08-08,583,3,8,0,3.642857142857143,0.0,,2.765668554759014
Xambioá,2020-08-09,597,14,8,0,4.428571428571429,0.0,,2.775974331129369
Xambioá,2020-08-10,597,0,8,0,3.857142857142857,0.0,,2.775974331129369
Xambioá,2020-08-11,600,3,8,0,3.9285714285714284,0.0,,2.7781512503836434
Xambioá,2020-08-12,601,1,8,0,3.7142857142857144,0.0,-1.0,2.7788744720027396
Xambioá,2020-08-13,602,1,8,0,3.5714285714285716,0.0,-1.0,2.7795964912578244
Xambioá,2020-08-14,608,6,8,0,3.2857142857142856,0.0,,2.783903579272735
Xambioá,2020-08-15,611,3,8,0,3.5,0.0,,2.786041210242554
Xambioá,2020-08-16,611,0,8,0,3.2857142857142856,0.0,,2.786041210242554
Xambioá,2020-08-17,611,0,8,0,3.2857142857142856,0.0,,2.786041210242554
Xambioá,2020-08-18,639,28,8,0,5.285714285714286,0.0,,2.8055008581584002
Xambioá,2020-08-19,647,8,8,0,5.5,0.0,,2.8109042806687006
Xambioá,2020-08-20,648,1,9,1,4.928571428571429,0.07142857142857142,inf,2.8115750058705933
Xambioá,2020-08-21,654,6,9,0,5.285714285714286,0.07142857142857142,inf,2.815577748324267
Xambioá,2020-08-22,656,2,9,0,5.214285714285714,0.07142857142857142,inf,2.8169038393756605
Xambioá,2020-08-23,657,1,9,0,4.285714285714286,0.07142857142857142,inf,2.8175653695597807
Xambioá,2020-08-24,657,0,9,0,4.285714285714286,0.07142857142857142,inf,2.8175653695597807
Xambioá,2020-08-25,701,44,9,0,7.214285714285714,0.07142857142857142,inf,2.8457180179666586
Xambioá,2020-08-26,702,1,9,0,7.214285714285714,0.07142857142857142,inf,2.846337112129805
Xambioá,2020-08-27,702,0,9,0,7.142857142857143,0.07142857142857142,inf,2.846337112129805
Xambioá,2020-08-28,705,3,9,0,6.928571428571429,0.07142857142857142,inf,2.848189116991399
Xambioá,2020-08-29,716,11,9,0,7.5,0.07142857142857142,inf,2.8549130223078554
Xambioá,2020-08-30,717,1,9,0,7.571428571428571,0.07142857142857142,inf,2.8555191556678
Xambioá,2020-08-31,718,1,10,1,7.642857142857143,0.14285714285714285,inf,2.8561244442423
Xambioá,2020-09-01,743,25,10,0,7.428571428571429,0.14285714285714285,inf,2.8709888137605755
Xambioá,2020-09-02,746,3,10,0,7.071428571428571,0.14285714285714285,inf,2.8727388274726686
Xambioá,2020-09-03,753,7,10,0,7.5,0.07142857142857142,0.0,2.8767949762007006
Xambioá,2020-09-04,754,1,10,0,7.142857142857143,0.07142857142857142,0.0,2.877371345869774
Xambioá,2020-09-05,755,1,10,0,7.071428571428571,0.07142857142857142,0.0,2.8779469516291885
Xambioá,2020-09-06,756,1,10,0,7.071428571428571,0.07142857142857142,0.0,2.8785217955012063
Xambioá,2020-09-07,756,0,10,0,7.071428571428571,0.07142857142857142,0.0,2.8785217955012063
Xambioá,2020-09-08,756,0,11,1,3.9285714285714284,0.14285714285714285,1.0,2.8785217955012063
Xambioá,2020-09-09,756,0,11,0,3.857142857142857,0.14285714285714285,1.0,2.8785217955012063
Xambioá,2020-09-10,790,34,11,0,6.285714285714286,0.14285714285714285,1.0,2.8976270912904414
Xambioá,2020-09-11,818,28,11,0,8.071428571428571,0.14285714285714285,1.0,2.912753303671323
Xambioá,2020-09-12,824,6,11,0,7.714285714285714,0.14285714285714285,1.0,2.9159272116971158
Xambioá,2020-09-13,826,2,12,1,7.785714285714286,0.21428571428571427,2.0,2.916980047320382
Xambioá,2020-09-14,826,0,12,0,7.714285714285714,0.14285714285714285,0.0,2.916980047320382
Xambioá,2020-09-15,826,0,12,0,5.928571428571429,0.14285714285714285,0.0,2.916980047320382
Xambioá,2020-09-16,836,10,12,0,6.428571428571429,0.14285714285714285,0.0,2.9222062774390163
Xambioá,2020-09-17,859,23,13,1,7.571428571428571,0.21428571428571427,2.0,2.9339931638312424
Xambioá,2020-09-18,863,4,13,0,7.785714285714286,0.21428571428571427,2.0,2.9360107957152097
Xambioá,2020-09-19,863,0,13,0,7.714285714285714,0.21428571428571427,2.0,2.9360107957152097
Xambioá,2020-09-20,863,0,13,0,7.642857142857143,0.21428571428571427,2.0,2.9360107957152097
Xambioá,2020-09-21,862,-1,13,0,7.571428571428571,0.21428571428571427,2.0,2.9355072658247128
Xambioá,2020-09-22,880,18,13,0,8.857142857142858,0.14285714285714285,0.0,2.9444826721501687
Xambioá,2020-09-23,891,11,13,0,9.642857142857142,0.14285714285714285,0.0,2.949877704036875
Xambioá,2020-09-24,893,2,13,0,7.357142857142857,0.14285714285714285,0.0,2.9508514588885464
Xambioá,2020-09-25,902,9,13,0,6.0,0.14285714285714285,0.0,2.9552065375419416
Xambioá,2020-09-26,904,2,13,0,5.714285714285714,0.14285714285714285,0.0,2.9561684304753633
Xambioá,2020-09-27,904,0,13,0,5.571428571428571,0.07142857142857142,-0.6666666666666666,2.9561684304753633
Xambioá,2020-09-28,904,0,13,0,5.571428571428571,0.07142857142857142,-0.5,2.9561684304753633
Xambioá,2020-09-29,926,22,13,0,7.142857142857143,0.07142857142857142,-0.5,2.9666109866819346
Xambioá,2020-09-30,926,0,13,0,6.428571428571429,0.07142857142857142,-0.5,2.9666109866819346
Xambioá,2020-10-01,929,3,13,0,5.0,0.0,-1.0,2.968015713993642
Xambioá,2020-10-02,933,4,13,0,5.0,0.0,-1.0,2.9698816437465
Xambioá,2020-10-03,935,2,14,1,5.142857142857143,0.07142857142857142,-0.6666666666666666,2.9708116108725178
Xambioá,2020-10-04,935,0,14,0,5.142857142857143,0.07142857142857142,-0.6666666666666666,2.9708116108725178
Xambioá,2020-10-05,935,0,14,0,5.214285714285714,0.07142857142857142,-0.6666666666666666,2.9708116108725178
Xambioá,2020-10-06,935,0,14,0,3.9285714285714284,0.07142857142857142,-0.5,2.9708116108725178
Xambioá,2020-10-07,936,1,14,0,3.2142857142857144,0.07142857142857142,-0.5,2.971275848738105
Xambioá,2020-10-08,941,5,14,0,3.4285714285714284,0.07142857142857142,-0.5,2.973589623427257
Xambioá,2020-10-09,949,8,14,0,3.357142857142857,0.07142857142857142,-0.5,2.977266212427293
Xambioá,2020-10-10,949,0,14,0,3.2142857142857144,0.07142857142857142,-0.5,2.977266212427293
Xambioá,2020-10-11,949,0,14,0,3.2142857142857144,0.07142857142857142,0.0,2.977266212427293
Xambioá,2020-10-12,949,0,14,0,3.2142857142857144,0.07142857142857142,0.0,2.977266212427293
Xambioá,2020-10-13,949,0,14,0,1.6428571428571428,0.07142857142857142,0.0,2.977266212427293
Xambioá,2020-10-14,955,6,14,0,2.0714285714285716,0.07142857142857142,0.0,2.9800033715837464
Xambioá,2020-10-15,956,1,14,0,1.9285714285714286,0.07142857142857142,inf,2.9804578922761
Xambioá,2020-10-16,956,0,14,0,1.6428571428571428,0.07142857142857142,inf,2.9804578922761
Xambioá,2020-10-17,955,-1,14,0,1.4285714285714286,0.0,-1.0,2.9800033715837464
Xambioá,2020-10-18,955,0,14,0,1.4285714285714286,0.0,-1.0,2.9800033715837464
Xambioá,2020-10-19,955,0,15,1,1.4285714285714286,0.07142857142857142,0.0,2.9800033715837464
Xambioá,2020-10-20,956,1,15,0,1.5,0.07142857142857142,0.0,2.9804578922761
Xambioá,2020-10-21,956,0,15,0,1.4285714285714286,0.07142857142857142,0.0,2.9804578922761
Xambioá,2020-10-22,957,1,15,0,1.1428571428571428,0.07142857142857142,0.0,2.9809119377768436
Xambioá,2020-10-23,965,8,15,0,1.1428571428571428,0.07142857142857142,0.0,2.9845273133437926
Xambioá,2020-10-24,967,2,15,0,1.2857142857142858,0.07142857142857142,0.0,2.9854264740830017
Xambioá,2020-10-25,967,0,15,0,1.2857142857142858,0.07142857142857142,0.0,2.9854264740830017
Xambioá,2020-10-26,967,0,15,0,1.2857142857142858,0.07142857142857142,0.0,2.9854264740830017
Xambioá,2020-10-27,968,1,15,0,1.3571428571428572,0.07142857142857142,0.0,2.9858753573083936
Xambioá,2020-10-28,968,0,15,0,0.9285714285714286,0.07142857142857142,0.0,2.9858753573083936
Xambioá,2020-10-29,969,1,15,0,0.9285714285714286,0.07142857142857142,0.0,2.9863237770507656
Xambioá,2020-10-30,971,2,15,0,1.0714285714285714,0.07142857142857142,0.0,2.9872192299080047
Xambioá,2020-10-31,971,0,15,0,1.1428571428571428,0.07142857142857142,inf,2.9872192299080047
Xambioá,2020-11-01,971,0,15,0,1.1428571428571428,0.07142857142857142,inf,2.9872192299080047
Xambioá,2020-11-02,971,0,15,0,1.1428571428571428,0.0,-1.0,2.9872192299080047
Xambioá,2020-11-03,971,0,15,0,1.0714285714285714,0.0,-1.0,2.9872192299080047
Xambioá,2020-11-04,972,1,15,0,1.1428571428571428,0.0,-1.0,2.9876662649262746
Xambioá,2020-11-05,975,3,15,0,1.2857142857142858,0.0,-1.0,2.989004615698537
Xambioá,2020-11-06,976,1,15,0,0.7857142857142857,0.0,-1.0,2.9894498176666917
Xambioá,2020-11-07,976,0,15,0,0.6428571428571429,0.0,-1.0,2.9894498176666917
Xambioá,2020-11-08,976,0,15,0,0.6428571428571429,0.0,-1.0,2.9894498176666917
Xambioá,2020-11-09,976,0,15,0,0.6428571428571429,0.0,-1.0,2.9894498176666917
Xambioá,2020-11-10,980,4,15,0,0.8571428571428571,0.0,-1.0,2.991226075692495
Xambioá,2020-11-11,980,0,15,0,0.8571428571428571,0.0,-1.0,2.991226075692495
Xambioá,2020-11-12,980,0,15,0,0.7857142857142857,0.0,-1.0,2.991226075692495
Xambioá,2020-11-13,984,4,15,0,0.9285714285714286,0.0,-1.0,2.9929950984313414
Xambioá,2020-11-14,985,1,15,0,1.0,0.0,-1.0,2.9934362304976116
Xambioá,2020-11-15,985,0,15,0,1.0,0.0,-1.0,2.9934362304976116
Xambioá,2020-11-16,985,0,15,0,1.0,0.0,,2.9934362304976116
Xambioá,2020-11-17,985,0,15,0,1.0,0.0,,2.9934362304976116
Xambioá,2020-11-18,986,1,15,0,1.0,0.0,,2.9938769149412114
Xambioá,2020-11-19,988,2,15,0,0.9285714285714286,0.0,,2.9947569445876283
Xambioá,2020-11-20,990,2,15,0,1.0,0.0,,2.9956351945975497
Xambioá,2020-11-21,993,3,15,0,1.2142857142857142,0.0,,2.996949248495381
Xambioá,2020-11-22,993,0,15,0,1.2142857142857142,0.0,,2.996949248495381
Xambioá,2020-11-23,993,0,15,0,1.2142857142857142,0.0,,2.996949248495381
Xambioá,2020-11-24,996,3,15,0,1.1428571428571428,0.0,,2.998259338423699
Xambioá,2020-11-25,997,1,15,0,1.2142857142857142,0.0,,2.998695158311656
Xambioá,2020-11-26,997,0,15,0,1.2142857142857142,0.0,,2.998695158311656
Xambioá,2020-11-27,1002,5,15,0,1.2857142857142858,0.0,,3.000867721531227
Xambioá,2020-11-28,1007,5,15,0,1.5714285714285714,0.0,,3.003029470553618
Xambioá,2020-11-29,1007,0,15,0,1.5714285714285714,0.0,,3.003029470553618
Xambioá,2020-11-30,1007,0,15,0,1.5714285714285714,0.0,,3.003029470553618
Xambioá,2020-12-01,1008,1,15,0,1.6428571428571428,0.0,,3.0034605321095067
Xambioá,2020-12-02,1009,1,15,0,1.6428571428571428,0.0,,3.0038911662369108
Xambioá,2020-12-03,1015,6,15,0,1.9285714285714286,0.0,,3.0064660422492318
Xambioá,2020-12-04,1015,0,15,0,1.7857142857142858,0.0,,3.0064660422492318
Xambioá,2020-12-05,1016,1,15,0,1.6428571428571428,0.0,,3.0068937079479006
Xambioá,2020-12-06,1016,0,15,0,1.6428571428571428,0.0,,3.0068937079479006
Xambioá,2020-12-07,1016,0,15,0,1.6428571428571428,0.0,,3.0068937079479006
Xambioá,2020-12-08,1015,-1,15,0,1.3571428571428572,0.0,,3.0064660422492318
Xambioá,2020-12-09,1015,0,15,0,1.2857142857142858,0.0,,3.0064660422492318
Xambioá,2020-12-10,1026,11,15,0,2.0714285714285716,0.0,,3.0111473607757975
Xambioá,2020-12-11,1029,3,15,0,1.9285714285714286,0.0,,3.012415374762433
Xambioá,2020-12-12,1031,2,15,0,1.7142857142857142,0.0,,3.0132586652835167
Xambioá,2020-12-13,1031,0,15,0,1.7142857142857142,0.0,,3.0132586652835167
Xambioá,2020-12-14,1031,0,15,0,1.7142857142857142,0.0,,3.0132586652835167
Xambioá,2020-12-15,1031,0,15,0,1.6428571428571428,0.0,,3.0132586652835167
Xambioá,2020-12-16,1035,4,15,0,1.8571428571428572,0.0,,3.0149403497929366
Xambioá,2020-12-17,1036,1,15,0,1.5,0.0,,3.0153597554092144
Xambioá,2020-12-18,1039,3,15,0,1.7142857142857142,0.0,,3.016615547557177
Xambioá,2020-12-19,1040,1,15,0,1.7142857142857142,0.0,,3.0170333392987803
Xambioá,2020-12-20,1040,0,15,0,1.7142857142857142,0.0,,3.0170333392987803
Xambioá,2020-12-21,1040,0,15,0,1.7142857142857142,0.0,,3.0170333392987803
Xambioá,2020-12-22,1041,1,15,0,1.8571428571428572,0.0,,3.017450729510536
Xambioá,2020-12-23,1050,9,15,0,2.5,0.0,,3.0211892990699383
Xambioá,2020-12-24,1050,0,15,0,1.7142857142857142,0.0,,3.0211892990699383
Xambioá,2020-12-25,1050,0,15,0,1.5,0.0,,3.0211892990699383
Xambioá,2020-12-26,1050,0,15,0,1.3571428571428572,0.0,,3.0211892990699383
Xambioá,2020-12-27,1050,0,15,0,1.3571428571428572,0.0,,3.0211892990699383
Xambioá,2020-12-28,1050,0,15,0,1.3571428571428572,0.0,,3.0211892990699383
Xambioá,2020-12-29,1050,0,15,0,1.3571428571428572,0.0,,3.0211892990699383
Xambioá,2020-12-30,1050,0,15,0,1.0714285714285714,0.0,,3.0211892990699383
Xambioá,2020-12-31,1064,14,15,0,2.0,0.0,,3.0269416279590295
Xambioá,2021-01-01,1064,0,15,0,1.7857142857142858,0.0,,3.0269416279590295
Xambioá,2021-01-02,1064,0,15,0,1.7142857142857142,0.0,,3.0269416279590295
Xambioá,2021-01-03,1064,0,15,0,1.7142857142857142,0.0,,3.0269416279590295
Xambioá,2021-01-04,1064,0,15,0,1.7142857142857142,0.0,,3.0269416279590295
Xambioá,2021-01-05,1064,0,15,0,1.6428571428571428,0.0,,3.0269416279590295
Xambioá,2021-01-06,1064,0,15,0,1.0,0.0,,3.0269416279590295
Xambioá,2021-01-07,1068,4,15,0,1.2857142857142858,0.0,,3.0285712526925375
Xambioá,2021-01-08,1073,5,15,0,1.6428571428571428,0.0,,3.030599721965951
Xambioá,2021-01-09,1080,7,15,0,2.142857142857143,0.0,,3.03342375548695
Xambioá,2021-01-10,1080,0,15,0,2.142857142857143,0.0,,3.03342375548695
Xambioá,2021-01-11,1080,0,15,0,2.142857142857143,0.0,,3.03342375548695
Xambioá,2021-01-12,1093,13,15,0,3.0714285714285716,0.0,,3.038620161949703
Xambioá,2021-01-13,1101,8,15,0,3.642857142857143,0.0,,3.041787318971752
Xambioá,2021-01-14,1112,11,15,0,3.4285714285714284,0.0,,3.0461047872460387
Xambioá,2021-01-15,1117,5,15,0,3.7857142857142856,0.0,,3.048053173115609
Xambioá,2021-01-16,1125,8,15,0,4.357142857142857,0.0,,3.0511525224473814
Xambioá,2021-01-17,1125,0,15,0,4.357142857142857,0.0,,3.0511525224473814
Xambioá,2021-01-18,1128,3,15,0,4.571428571428571,0.0,,3.0523090996473234
Xambioá,2021-01-19,1141,13,15,0,5.5,0.0,,3.0572856444182146
Xambioá,2021-01-20,1148,7,15,0,6.0,0.0,,3.059941888061955
